department_id,date,occupied_beds_count,department_name,total_beds_capacity,resource_type,utilization_rate_pct
1,2020-01-01,6,Emergency,75,bed,8.0
1,2020-01-02,12,Emergency,75,bed,16.0
1,2020-01-03,14,Emergency,75,bed,18.67
1,2020-01-04,12,Emergency,75,bed,16.0
1,2020-01-05,14,Emergency,75,bed,18.67
1,2020-01-06,17,Emergency,75,bed,22.67
1,2020-01-07,22,Emergency,75,bed,29.33
1,2020-01-08,25,Emergency,75,bed,33.33
1,2020-01-09,25,Emergency,75,bed,33.33
1,2020-01-10,23,Emergency,75,bed,30.67
1,2020-01-11,24,Emergency,75,bed,32.0
1,2020-01-12,24,Emergency,75,bed,32.0
1,2020-01-13,21,Emergency,75,bed,28.0
1,2020-01-14,22,Emergency,75,bed,29.33
1,2020-01-15,25,Emergency,75,bed,33.33
1,2020-01-16,23,Emergency,75,bed,30.67
1,2020-01-17,25,Emergency,75,bed,33.33
1,2020-01-18,27,Emergency,75,bed,36.0
1,2020-01-19,24,Emergency,75,bed,32.0
1,2020-01-20,27,Emergency,75,bed,36.0
1,2020-01-21,22,Emergency,75,bed,29.33
1,2020-01-22,22,Emergency,75,bed,29.33
1,2020-01-23,25,Emergency,75,bed,33.33
1,2020-01-24,34,Emergency,75,bed,45.33
1,2020-01-25,31,Emergency,75,bed,41.33
1,2020-01-26,25,Emergency,75,bed,33.33
1,2020-01-27,21,Emergency,75,bed,28.0
1,2020-01-28,23,Emergency,75,bed,30.67
1,2020-01-29,24,Emergency,75,bed,32.0
1,2020-01-30,25,Emergency,75,bed,33.33
1,2020-01-31,23,Emergency,75,bed,30.67
1,2020-02-01,22,Emergency,75,bed,29.33
1,2020-02-02,23,Emergency,75,bed,30.67
1,2020-02-03,20,Emergency,75,bed,26.67
1,2020-02-04,22,Emergency,75,bed,29.33
1,2020-02-05,25,Emergency,75,bed,33.33
1,2020-02-06,24,Emergency,75,bed,32.0
1,2020-02-07,28,Emergency,75,bed,37.33
1,2020-02-08,25,Emergency,75,bed,33.33
1,2020-02-09,35,Emergency,75,bed,46.67
1,2020-02-10,34,Emergency,75,bed,45.33
1,2020-02-11,31,Emergency,75,bed,41.33
1,2020-02-12,32,Emergency,75,bed,42.67
1,2020-02-13,30,Emergency,75,bed,40.0
1,2020-02-14,29,Emergency,75,bed,38.67
1,2020-02-15,28,Emergency,75,bed,37.33
1,2020-02-16,29,Emergency,75,bed,38.67
1,2020-02-17,28,Emergency,75,bed,37.33
1,2020-02-18,23,Emergency,75,bed,30.67
1,2020-02-19,24,Emergency,75,bed,32.0
1,2020-02-20,17,Emergency,75,bed,22.67
1,2020-02-21,20,Emergency,75,bed,26.67
1,2020-02-22,21,Emergency,75,bed,28.0
1,2020-02-23,21,Emergency,75,bed,28.0
1,2020-02-24,24,Emergency,75,bed,32.0
1,2020-02-25,25,Emergency,75,bed,33.33
1,2020-02-26,24,Emergency,75,bed,32.0
1,2020-02-27,26,Emergency,75,bed,34.67
1,2020-02-28,26,Emergency,75,bed,34.67
1,2020-02-29,23,Emergency,75,bed,30.67
1,2020-03-01,26,Emergency,75,bed,34.67
1,2020-03-02,30,Emergency,75,bed,40.0
1,2020-03-03,29,Emergency,75,bed,38.67
1,2020-03-04,26,Emergency,75,bed,34.67
1,2020-03-05,25,Emergency,75,bed,33.33
1,2020-03-06,22,Emergency,75,bed,29.33
1,2020-03-07,20,Emergency,75,bed,26.67
1,2020-03-08,19,Emergency,75,bed,25.33
1,2020-03-09,20,Emergency,75,bed,26.67
1,2020-03-10,21,Emergency,75,bed,28.0
1,2020-03-11,19,Emergency,75,bed,25.33
1,2020-03-12,17,Emergency,75,bed,22.67
1,2020-03-13,18,Emergency,75,bed,24.0
1,2020-03-14,23,Emergency,75,bed,30.67
1,2020-03-15,24,Emergency,75,bed,32.0
1,2020-03-16,23,Emergency,75,bed,30.67
1,2020-03-17,21,Emergency,75,bed,28.0
1,2020-03-18,20,Emergency,75,bed,26.67
1,2020-03-19,19,Emergency,75,bed,25.33
1,2020-03-20,22,Emergency,75,bed,29.33
1,2020-03-21,20,Emergency,75,bed,26.67
1,2020-03-22,23,Emergency,75,bed,30.67
1,2020-03-23,30,Emergency,75,bed,40.0
1,2020-03-24,30,Emergency,75,bed,40.0
1,2020-03-25,29,Emergency,75,bed,38.67
1,2020-03-26,27,Emergency,75,bed,36.0
1,2020-03-27,22,Emergency,75,bed,29.33
1,2020-03-28,21,Emergency,75,bed,28.0
1,2020-03-29,23,Emergency,75,bed,30.67
1,2020-03-30,20,Emergency,75,bed,26.67
1,2020-03-31,20,Emergency,75,bed,26.67
1,2020-04-01,20,Emergency,75,bed,26.67
1,2020-04-02,17,Emergency,75,bed,22.67
1,2020-04-03,20,Emergency,75,bed,26.67
1,2020-04-04,16,Emergency,75,bed,21.33
1,2020-04-05,19,Emergency,75,bed,25.33
1,2020-04-06,20,Emergency,75,bed,26.67
1,2020-04-07,25,Emergency,75,bed,33.33
1,2020-04-08,26,Emergency,75,bed,34.67
1,2020-04-09,29,Emergency,75,bed,38.67
1,2020-04-10,29,Emergency,75,bed,38.67
1,2020-04-11,30,Emergency,75,bed,40.0
1,2020-04-12,25,Emergency,75,bed,33.33
1,2020-04-13,22,Emergency,75,bed,29.33
1,2020-04-14,20,Emergency,75,bed,26.67
1,2020-04-15,16,Emergency,75,bed,21.33
1,2020-04-16,21,Emergency,75,bed,28.0
1,2020-04-17,18,Emergency,75,bed,24.0
1,2020-04-18,18,Emergency,75,bed,24.0
1,2020-04-19,20,Emergency,75,bed,26.67
1,2020-04-20,21,Emergency,75,bed,28.0
1,2020-04-21,20,Emergency,75,bed,26.67
1,2020-04-22,20,Emergency,75,bed,26.67
1,2020-04-23,24,Emergency,75,bed,32.0
1,2020-04-24,25,Emergency,75,bed,33.33
1,2020-04-25,25,Emergency,75,bed,33.33
1,2020-04-26,25,Emergency,75,bed,33.33
1,2020-04-27,26,Emergency,75,bed,34.67
1,2020-04-28,27,Emergency,75,bed,36.0
1,2020-04-29,23,Emergency,75,bed,30.67
1,2020-04-30,26,Emergency,75,bed,34.67
1,2020-05-01,24,Emergency,75,bed,32.0
1,2020-05-02,24,Emergency,75,bed,32.0
1,2020-05-03,20,Emergency,75,bed,26.67
1,2020-05-04,21,Emergency,75,bed,28.0
1,2020-05-05,20,Emergency,75,bed,26.67
1,2020-05-06,20,Emergency,75,bed,26.67
1,2020-05-07,23,Emergency,75,bed,30.67
1,2020-05-08,18,Emergency,75,bed,24.0
1,2020-05-09,16,Emergency,75,bed,21.33
1,2020-05-10,13,Emergency,75,bed,17.33
1,2020-05-11,14,Emergency,75,bed,18.67
1,2020-05-12,17,Emergency,75,bed,22.67
1,2020-05-13,19,Emergency,75,bed,25.33
1,2020-05-14,18,Emergency,75,bed,24.0
1,2020-05-15,20,Emergency,75,bed,26.67
1,2020-05-16,22,Emergency,75,bed,29.33
1,2020-05-17,25,Emergency,75,bed,33.33
1,2020-05-18,29,Emergency,75,bed,38.67
1,2020-05-19,28,Emergency,75,bed,37.33
1,2020-05-20,32,Emergency,75,bed,42.67
1,2020-05-21,32,Emergency,75,bed,42.67
1,2020-05-22,34,Emergency,75,bed,45.33
1,2020-05-23,30,Emergency,75,bed,40.0
1,2020-05-24,27,Emergency,75,bed,36.0
1,2020-05-25,24,Emergency,75,bed,32.0
1,2020-05-26,18,Emergency,75,bed,24.0
1,2020-05-27,19,Emergency,75,bed,25.33
1,2020-05-28,17,Emergency,75,bed,22.67
1,2020-05-29,15,Emergency,75,bed,20.0
1,2020-05-30,15,Emergency,75,bed,20.0
1,2020-05-31,18,Emergency,75,bed,24.0
1,2020-06-01,19,Emergency,75,bed,25.33
1,2020-06-02,21,Emergency,75,bed,28.0
1,2020-06-03,23,Emergency,75,bed,30.67
1,2020-06-04,25,Emergency,75,bed,33.33
1,2020-06-05,22,Emergency,75,bed,29.33
1,2020-06-06,19,Emergency,75,bed,25.33
1,2020-06-07,19,Emergency,75,bed,25.33
1,2020-06-08,22,Emergency,75,bed,29.33
1,2020-06-09,22,Emergency,75,bed,29.33
1,2020-06-10,26,Emergency,75,bed,34.67
1,2020-06-11,28,Emergency,75,bed,37.33
1,2020-06-12,26,Emergency,75,bed,34.67
1,2020-06-13,25,Emergency,75,bed,33.33
1,2020-06-14,23,Emergency,75,bed,30.67
1,2020-06-15,24,Emergency,75,bed,32.0
1,2020-06-16,29,Emergency,75,bed,38.67
1,2020-06-17,30,Emergency,75,bed,40.0
1,2020-06-18,30,Emergency,75,bed,40.0
1,2020-06-19,27,Emergency,75,bed,36.0
1,2020-06-20,28,Emergency,75,bed,37.33
1,2020-06-21,29,Emergency,75,bed,38.67
1,2020-06-22,28,Emergency,75,bed,37.33
1,2020-06-23,27,Emergency,75,bed,36.0
1,2020-06-24,27,Emergency,75,bed,36.0
1,2020-06-25,30,Emergency,75,bed,40.0
1,2020-06-26,27,Emergency,75,bed,36.0
1,2020-06-27,22,Emergency,75,bed,29.33
1,2020-06-28,21,Emergency,75,bed,28.0
1,2020-06-29,17,Emergency,75,bed,22.67
1,2020-06-30,15,Emergency,75,bed,20.0
1,2020-07-01,16,Emergency,75,bed,21.33
1,2020-07-02,17,Emergency,75,bed,22.67
1,2020-07-03,18,Emergency,75,bed,24.0
1,2020-07-04,20,Emergency,75,bed,26.67
1,2020-07-05,20,Emergency,75,bed,26.67
1,2020-07-06,24,Emergency,75,bed,32.0
1,2020-07-07,22,Emergency,75,bed,29.33
1,2020-07-08,22,Emergency,75,bed,29.33
1,2020-07-09,18,Emergency,75,bed,24.0
1,2020-07-10,18,Emergency,75,bed,24.0
1,2020-07-11,17,Emergency,75,bed,22.67
1,2020-07-12,20,Emergency,75,bed,26.67
1,2020-07-13,18,Emergency,75,bed,24.0
1,2020-07-14,19,Emergency,75,bed,25.33
1,2020-07-15,25,Emergency,75,bed,33.33
1,2020-07-16,21,Emergency,75,bed,28.0
1,2020-07-17,23,Emergency,75,bed,30.67
1,2020-07-18,24,Emergency,75,bed,32.0
1,2020-07-19,19,Emergency,75,bed,25.33
1,2020-07-20,20,Emergency,75,bed,26.67
1,2020-07-21,21,Emergency,75,bed,28.0
1,2020-07-22,18,Emergency,75,bed,24.0
1,2020-07-23,19,Emergency,75,bed,25.33
1,2020-07-24,21,Emergency,75,bed,28.0
1,2020-07-25,21,Emergency,75,bed,28.0
1,2020-07-26,18,Emergency,75,bed,24.0
1,2020-07-27,18,Emergency,75,bed,24.0
1,2020-07-28,18,Emergency,75,bed,24.0
1,2020-07-29,26,Emergency,75,bed,34.67
1,2020-07-30,29,Emergency,75,bed,38.67
1,2020-07-31,28,Emergency,75,bed,37.33
1,2020-08-01,33,Emergency,75,bed,44.0
1,2020-08-02,30,Emergency,75,bed,40.0
1,2020-08-03,29,Emergency,75,bed,38.67
1,2020-08-04,29,Emergency,75,bed,38.67
1,2020-08-05,24,Emergency,75,bed,32.0
1,2020-08-06,28,Emergency,75,bed,37.33
1,2020-08-07,23,Emergency,75,bed,30.67
1,2020-08-08,23,Emergency,75,bed,30.67
1,2020-08-09,22,Emergency,75,bed,29.33
1,2020-08-10,22,Emergency,75,bed,29.33
1,2020-08-11,23,Emergency,75,bed,30.67
1,2020-08-12,21,Emergency,75,bed,28.0
1,2020-08-13,21,Emergency,75,bed,28.0
1,2020-08-14,22,Emergency,75,bed,29.33
1,2020-08-15,26,Emergency,75,bed,34.67
1,2020-08-16,28,Emergency,75,bed,37.33
1,2020-08-17,30,Emergency,75,bed,40.0
1,2020-08-18,25,Emergency,75,bed,33.33
1,2020-08-19,25,Emergency,75,bed,33.33
1,2020-08-20,22,Emergency,75,bed,29.33
1,2020-08-21,24,Emergency,75,bed,32.0
1,2020-08-22,26,Emergency,75,bed,34.67
1,2020-08-23,30,Emergency,75,bed,40.0
1,2020-08-24,23,Emergency,75,bed,30.67
1,2020-08-25,16,Emergency,75,bed,21.33
1,2020-08-26,20,Emergency,75,bed,26.67
1,2020-08-27,19,Emergency,75,bed,25.33
1,2020-08-28,18,Emergency,75,bed,24.0
1,2020-08-29,20,Emergency,75,bed,26.67
1,2020-08-30,23,Emergency,75,bed,30.67
1,2020-08-31,21,Emergency,75,bed,28.0
1,2020-09-01,18,Emergency,75,bed,24.0
1,2020-09-02,17,Emergency,75,bed,22.67
1,2020-09-03,16,Emergency,75,bed,21.33
1,2020-09-04,15,Emergency,75,bed,20.0
1,2020-09-05,17,Emergency,75,bed,22.67
1,2020-09-06,19,Emergency,75,bed,25.33
1,2020-09-07,23,Emergency,75,bed,30.67
1,2020-09-08,19,Emergency,75,bed,25.33
1,2020-09-09,21,Emergency,75,bed,28.0
1,2020-09-10,17,Emergency,75,bed,22.67
1,2020-09-11,21,Emergency,75,bed,28.0
1,2020-09-12,22,Emergency,75,bed,29.33
1,2020-09-13,20,Emergency,75,bed,26.67
1,2020-09-14,20,Emergency,75,bed,26.67
1,2020-09-15,22,Emergency,75,bed,29.33
1,2020-09-16,20,Emergency,75,bed,26.67
1,2020-09-17,24,Emergency,75,bed,32.0
1,2020-09-18,23,Emergency,75,bed,30.67
1,2020-09-19,22,Emergency,75,bed,29.33
1,2020-09-20,27,Emergency,75,bed,36.0
1,2020-09-21,29,Emergency,75,bed,38.67
1,2020-09-22,26,Emergency,75,bed,34.67
1,2020-09-23,27,Emergency,75,bed,36.0
1,2020-09-24,23,Emergency,75,bed,30.67
1,2020-09-25,26,Emergency,75,bed,34.67
1,2020-09-26,25,Emergency,75,bed,33.33
1,2020-09-27,28,Emergency,75,bed,37.33
1,2020-09-28,26,Emergency,75,bed,34.67
1,2020-09-29,28,Emergency,75,bed,37.33
1,2020-09-30,30,Emergency,75,bed,40.0
1,2020-10-01,23,Emergency,75,bed,30.67
1,2020-10-02,30,Emergency,75,bed,40.0
1,2020-10-03,28,Emergency,75,bed,37.33
1,2020-10-04,21,Emergency,75,bed,28.0
1,2020-10-05,19,Emergency,75,bed,25.33
1,2020-10-06,24,Emergency,75,bed,32.0
1,2020-10-07,23,Emergency,75,bed,30.67
1,2020-10-08,27,Emergency,75,bed,36.0
1,2020-10-09,21,Emergency,75,bed,28.0
1,2020-10-10,19,Emergency,75,bed,25.33
1,2020-10-11,20,Emergency,75,bed,26.67
1,2020-10-12,21,Emergency,75,bed,28.0
1,2020-10-13,25,Emergency,75,bed,33.33
1,2020-10-14,21,Emergency,75,bed,28.0
1,2020-10-15,27,Emergency,75,bed,36.0
1,2020-10-16,30,Emergency,75,bed,40.0
1,2020-10-17,26,Emergency,75,bed,34.67
1,2020-10-18,24,Emergency,75,bed,32.0
1,2020-10-19,22,Emergency,75,bed,29.33
1,2020-10-20,24,Emergency,75,bed,32.0
1,2020-10-21,22,Emergency,75,bed,29.33
1,2020-10-22,21,Emergency,75,bed,28.0
1,2020-10-23,22,Emergency,75,bed,29.33
1,2020-10-24,20,Emergency,75,bed,26.67
1,2020-10-25,21,Emergency,75,bed,28.0
1,2020-10-26,25,Emergency,75,bed,33.33
1,2020-10-27,21,Emergency,75,bed,28.0
1,2020-10-28,17,Emergency,75,bed,22.67
1,2020-10-29,19,Emergency,75,bed,25.33
1,2020-10-30,19,Emergency,75,bed,25.33
1,2020-10-31,24,Emergency,75,bed,32.0
1,2020-11-01,25,Emergency,75,bed,33.33
1,2020-11-02,25,Emergency,75,bed,33.33
1,2020-11-03,21,Emergency,75,bed,28.0
1,2020-11-04,26,Emergency,75,bed,34.67
1,2020-11-05,27,Emergency,75,bed,36.0
1,2020-11-06,24,Emergency,75,bed,32.0
1,2020-11-07,25,Emergency,75,bed,33.33
1,2020-11-08,27,Emergency,75,bed,36.0
1,2020-11-09,30,Emergency,75,bed,40.0
1,2020-11-10,29,Emergency,75,bed,38.67
1,2020-11-11,30,Emergency,75,bed,40.0
1,2020-11-12,34,Emergency,75,bed,45.33
1,2020-11-13,34,Emergency,75,bed,45.33
1,2020-11-14,33,Emergency,75,bed,44.0
1,2020-11-15,27,Emergency,75,bed,36.0
1,2020-11-16,30,Emergency,75,bed,40.0
1,2020-11-17,28,Emergency,75,bed,37.33
1,2020-11-18,22,Emergency,75,bed,29.33
1,2020-11-19,23,Emergency,75,bed,30.67
1,2020-11-20,24,Emergency,75,bed,32.0
1,2020-11-21,30,Emergency,75,bed,40.0
1,2020-11-22,30,Emergency,75,bed,40.0
1,2020-11-23,32,Emergency,75,bed,42.67
1,2020-11-24,30,Emergency,75,bed,40.0
1,2020-11-25,34,Emergency,75,bed,45.33
1,2020-11-26,33,Emergency,75,bed,44.0
1,2020-11-27,28,Emergency,75,bed,37.33
1,2020-11-28,27,Emergency,75,bed,36.0
1,2020-11-29,25,Emergency,75,bed,33.33
1,2020-11-30,28,Emergency,75,bed,37.33
1,2020-12-01,25,Emergency,75,bed,33.33
1,2020-12-02,20,Emergency,75,bed,26.67
1,2020-12-03,17,Emergency,75,bed,22.67
1,2020-12-04,15,Emergency,75,bed,20.0
1,2020-12-05,14,Emergency,75,bed,18.67
1,2020-12-06,17,Emergency,75,bed,22.67
1,2020-12-07,21,Emergency,75,bed,28.0
1,2020-12-08,24,Emergency,75,bed,32.0
1,2020-12-09,25,Emergency,75,bed,33.33
1,2020-12-10,26,Emergency,75,bed,34.67
1,2020-12-11,25,Emergency,75,bed,33.33
1,2020-12-12,24,Emergency,75,bed,32.0
1,2020-12-13,25,Emergency,75,bed,33.33
1,2020-12-14,21,Emergency,75,bed,28.0
1,2020-12-15,25,Emergency,75,bed,33.33
1,2020-12-16,26,Emergency,75,bed,34.67
1,2020-12-17,24,Emergency,75,bed,32.0
1,2020-12-18,21,Emergency,75,bed,28.0
1,2020-12-19,18,Emergency,75,bed,24.0
1,2020-12-20,23,Emergency,75,bed,30.67
1,2020-12-21,25,Emergency,75,bed,33.33
1,2020-12-22,24,Emergency,75,bed,32.0
1,2020-12-23,25,Emergency,75,bed,33.33
1,2020-12-24,22,Emergency,75,bed,29.33
1,2020-12-25,22,Emergency,75,bed,29.33
1,2020-12-26,23,Emergency,75,bed,30.67
1,2020-12-27,20,Emergency,75,bed,26.67
1,2020-12-28,24,Emergency,75,bed,32.0
1,2020-12-29,25,Emergency,75,bed,33.33
1,2020-12-30,22,Emergency,75,bed,29.33
1,2020-12-31,16,Emergency,75,bed,21.33
1,2021-01-01,18,Emergency,75,bed,24.0
1,2021-01-02,20,Emergency,75,bed,26.67
1,2021-01-03,19,Emergency,75,bed,25.33
1,2021-01-04,20,Emergency,75,bed,26.67
1,2021-01-05,22,Emergency,75,bed,29.33
1,2021-01-06,19,Emergency,75,bed,25.33
1,2021-01-07,16,Emergency,75,bed,21.33
1,2021-01-08,22,Emergency,75,bed,29.33
1,2021-01-09,24,Emergency,75,bed,32.0
1,2021-01-10,21,Emergency,75,bed,28.0
1,2021-01-11,18,Emergency,75,bed,24.0
1,2021-01-12,19,Emergency,75,bed,25.33
1,2021-01-13,17,Emergency,75,bed,22.67
1,2021-01-14,14,Emergency,75,bed,18.67
1,2021-01-15,15,Emergency,75,bed,20.0
1,2021-01-16,18,Emergency,75,bed,24.0
1,2021-01-17,17,Emergency,75,bed,22.67
1,2021-01-18,19,Emergency,75,bed,25.33
1,2021-01-19,18,Emergency,75,bed,24.0
1,2021-01-20,17,Emergency,75,bed,22.67
1,2021-01-21,21,Emergency,75,bed,28.0
1,2021-01-22,25,Emergency,75,bed,33.33
1,2021-01-23,25,Emergency,75,bed,33.33
1,2021-01-24,24,Emergency,75,bed,32.0
1,2021-01-25,25,Emergency,75,bed,33.33
1,2021-01-26,22,Emergency,75,bed,29.33
1,2021-01-27,19,Emergency,75,bed,25.33
1,2021-01-28,20,Emergency,75,bed,26.67
1,2021-01-29,20,Emergency,75,bed,26.67
1,2021-01-30,20,Emergency,75,bed,26.67
1,2021-01-31,22,Emergency,75,bed,29.33
1,2021-02-01,21,Emergency,75,bed,28.0
1,2021-02-02,21,Emergency,75,bed,28.0
1,2021-02-03,19,Emergency,75,bed,25.33
1,2021-02-04,23,Emergency,75,bed,30.67
1,2021-02-05,18,Emergency,75,bed,24.0
1,2021-02-06,20,Emergency,75,bed,26.67
1,2021-02-07,22,Emergency,75,bed,29.33
1,2021-02-08,26,Emergency,75,bed,34.67
1,2021-02-09,26,Emergency,75,bed,34.67
1,2021-02-10,26,Emergency,75,bed,34.67
1,2021-02-11,25,Emergency,75,bed,33.33
1,2021-02-12,24,Emergency,75,bed,32.0
1,2021-02-13,22,Emergency,75,bed,29.33
1,2021-02-14,26,Emergency,75,bed,34.67
1,2021-02-15,27,Emergency,75,bed,36.0
1,2021-02-16,28,Emergency,75,bed,37.33
1,2021-02-17,32,Emergency,75,bed,42.67
1,2021-02-18,30,Emergency,75,bed,40.0
1,2021-02-19,32,Emergency,75,bed,42.67
1,2021-02-20,29,Emergency,75,bed,38.67
1,2021-02-21,24,Emergency,75,bed,32.0
1,2021-02-22,23,Emergency,75,bed,30.67
1,2021-02-23,21,Emergency,75,bed,28.0
1,2021-02-24,23,Emergency,75,bed,30.67
1,2021-02-25,22,Emergency,75,bed,29.33
1,2021-02-26,17,Emergency,75,bed,22.67
1,2021-02-27,17,Emergency,75,bed,22.67
1,2021-02-28,16,Emergency,75,bed,21.33
1,2021-03-01,12,Emergency,75,bed,16.0
1,2021-03-02,15,Emergency,75,bed,20.0
1,2021-03-03,15,Emergency,75,bed,20.0
1,2021-03-04,11,Emergency,75,bed,14.67
1,2021-03-05,14,Emergency,75,bed,18.67
1,2021-03-06,12,Emergency,75,bed,16.0
1,2021-03-07,12,Emergency,75,bed,16.0
1,2021-03-08,12,Emergency,75,bed,16.0
1,2021-03-09,15,Emergency,75,bed,20.0
1,2021-03-10,17,Emergency,75,bed,22.67
1,2021-03-11,24,Emergency,75,bed,32.0
1,2021-03-12,24,Emergency,75,bed,32.0
1,2021-03-13,25,Emergency,75,bed,33.33
1,2021-03-14,22,Emergency,75,bed,29.33
1,2021-03-15,22,Emergency,75,bed,29.33
1,2021-03-16,22,Emergency,75,bed,29.33
1,2021-03-17,21,Emergency,75,bed,28.0
1,2021-03-18,25,Emergency,75,bed,33.33
1,2021-03-19,21,Emergency,75,bed,28.0
1,2021-03-20,22,Emergency,75,bed,29.33
1,2021-03-21,25,Emergency,75,bed,33.33
1,2021-03-22,24,Emergency,75,bed,32.0
1,2021-03-23,20,Emergency,75,bed,26.67
1,2021-03-24,19,Emergency,75,bed,25.33
1,2021-03-25,18,Emergency,75,bed,24.0
1,2021-03-26,18,Emergency,75,bed,24.0
1,2021-03-27,16,Emergency,75,bed,21.33
1,2021-03-28,17,Emergency,75,bed,22.67
1,2021-03-29,17,Emergency,75,bed,22.67
1,2021-03-30,21,Emergency,75,bed,28.0
1,2021-03-31,19,Emergency,75,bed,25.33
1,2021-04-01,18,Emergency,75,bed,24.0
1,2021-04-02,17,Emergency,75,bed,22.67
1,2021-04-03,23,Emergency,75,bed,30.67
1,2021-04-04,25,Emergency,75,bed,33.33
1,2021-04-05,27,Emergency,75,bed,36.0
1,2021-04-06,28,Emergency,75,bed,37.33
1,2021-04-07,31,Emergency,75,bed,41.33
1,2021-04-08,31,Emergency,75,bed,41.33
1,2021-04-09,30,Emergency,75,bed,40.0
1,2021-04-10,25,Emergency,75,bed,33.33
1,2021-04-11,22,Emergency,75,bed,29.33
1,2021-04-12,29,Emergency,75,bed,38.67
1,2021-04-13,27,Emergency,75,bed,36.0
1,2021-04-14,25,Emergency,75,bed,33.33
1,2021-04-15,24,Emergency,75,bed,32.0
1,2021-04-16,20,Emergency,75,bed,26.67
1,2021-04-17,23,Emergency,75,bed,30.67
1,2021-04-18,22,Emergency,75,bed,29.33
1,2021-04-19,24,Emergency,75,bed,32.0
1,2021-04-20,24,Emergency,75,bed,32.0
1,2021-04-21,30,Emergency,75,bed,40.0
1,2021-04-22,30,Emergency,75,bed,40.0
1,2021-04-23,30,Emergency,75,bed,40.0
1,2021-04-24,33,Emergency,75,bed,44.0
1,2021-04-25,31,Emergency,75,bed,41.33
1,2021-04-26,32,Emergency,75,bed,42.67
1,2021-04-27,30,Emergency,75,bed,40.0
1,2021-04-28,28,Emergency,75,bed,37.33
1,2021-04-29,27,Emergency,75,bed,36.0
1,2021-04-30,25,Emergency,75,bed,33.33
1,2021-05-01,26,Emergency,75,bed,34.67
1,2021-05-02,22,Emergency,75,bed,29.33
1,2021-05-03,24,Emergency,75,bed,32.0
1,2021-05-04,22,Emergency,75,bed,29.33
1,2021-05-05,23,Emergency,75,bed,30.67
1,2021-05-06,20,Emergency,75,bed,26.67
1,2021-05-07,21,Emergency,75,bed,28.0
1,2021-05-08,22,Emergency,75,bed,29.33
1,2021-05-09,21,Emergency,75,bed,28.0
1,2021-05-10,21,Emergency,75,bed,28.0
1,2021-05-11,25,Emergency,75,bed,33.33
1,2021-05-12,25,Emergency,75,bed,33.33
1,2021-05-13,26,Emergency,75,bed,34.67
1,2021-05-14,25,Emergency,75,bed,33.33
1,2021-05-15,26,Emergency,75,bed,34.67
1,2021-05-16,27,Emergency,75,bed,36.0
1,2021-05-17,26,Emergency,75,bed,34.67
1,2021-05-18,27,Emergency,75,bed,36.0
1,2021-05-19,27,Emergency,75,bed,36.0
1,2021-05-20,27,Emergency,75,bed,36.0
1,2021-05-21,24,Emergency,75,bed,32.0
1,2021-05-22,27,Emergency,75,bed,36.0
1,2021-05-23,27,Emergency,75,bed,36.0
1,2021-05-24,29,Emergency,75,bed,38.67
1,2021-05-25,30,Emergency,75,bed,40.0
1,2021-05-26,26,Emergency,75,bed,34.67
1,2021-05-27,26,Emergency,75,bed,34.67
1,2021-05-28,28,Emergency,75,bed,37.33
1,2021-05-29,30,Emergency,75,bed,40.0
1,2021-05-30,26,Emergency,75,bed,34.67
1,2021-05-31,26,Emergency,75,bed,34.67
1,2021-06-01,27,Emergency,75,bed,36.0
1,2021-06-02,28,Emergency,75,bed,37.33
1,2021-06-03,28,Emergency,75,bed,37.33
1,2021-06-04,24,Emergency,75,bed,32.0
1,2021-06-05,21,Emergency,75,bed,28.0
1,2021-06-06,22,Emergency,75,bed,29.33
1,2021-06-07,27,Emergency,75,bed,36.0
1,2021-06-08,22,Emergency,75,bed,29.33
1,2021-06-09,22,Emergency,75,bed,29.33
1,2021-06-10,19,Emergency,75,bed,25.33
1,2021-06-11,16,Emergency,75,bed,21.33
1,2021-06-12,15,Emergency,75,bed,20.0
1,2021-06-13,16,Emergency,75,bed,21.33
1,2021-06-14,18,Emergency,75,bed,24.0
1,2021-06-15,20,Emergency,75,bed,26.67
1,2021-06-16,21,Emergency,75,bed,28.0
1,2021-06-17,24,Emergency,75,bed,32.0
1,2021-06-18,21,Emergency,75,bed,28.0
1,2021-06-19,20,Emergency,75,bed,26.67
1,2021-06-20,23,Emergency,75,bed,30.67
1,2021-06-21,25,Emergency,75,bed,33.33
1,2021-06-22,24,Emergency,75,bed,32.0
1,2021-06-23,24,Emergency,75,bed,32.0
1,2021-06-24,27,Emergency,75,bed,36.0
1,2021-06-25,28,Emergency,75,bed,37.33
1,2021-06-26,25,Emergency,75,bed,33.33
1,2021-06-27,21,Emergency,75,bed,28.0
1,2021-06-28,22,Emergency,75,bed,29.33
1,2021-06-29,23,Emergency,75,bed,30.67
1,2021-06-30,23,Emergency,75,bed,30.67
1,2021-07-01,27,Emergency,75,bed,36.0
1,2021-07-02,27,Emergency,75,bed,36.0
1,2021-07-03,26,Emergency,75,bed,34.67
1,2021-07-04,26,Emergency,75,bed,34.67
1,2021-07-05,25,Emergency,75,bed,33.33
1,2021-07-06,19,Emergency,75,bed,25.33
1,2021-07-07,17,Emergency,75,bed,22.67
1,2021-07-08,20,Emergency,75,bed,26.67
1,2021-07-09,19,Emergency,75,bed,25.33
1,2021-07-10,16,Emergency,75,bed,21.33
1,2021-07-11,15,Emergency,75,bed,20.0
1,2021-07-12,15,Emergency,75,bed,20.0
1,2021-07-13,18,Emergency,75,bed,24.0
1,2021-07-14,17,Emergency,75,bed,22.67
1,2021-07-15,23,Emergency,75,bed,30.67
1,2021-07-16,20,Emergency,75,bed,26.67
1,2021-07-17,18,Emergency,75,bed,24.0
1,2021-07-18,22,Emergency,75,bed,29.33
1,2021-07-19,23,Emergency,75,bed,30.67
1,2021-07-20,25,Emergency,75,bed,33.33
1,2021-07-21,28,Emergency,75,bed,37.33
1,2021-07-22,29,Emergency,75,bed,38.67
1,2021-07-23,32,Emergency,75,bed,42.67
1,2021-07-24,30,Emergency,75,bed,40.0
1,2021-07-25,28,Emergency,75,bed,37.33
1,2021-07-26,25,Emergency,75,bed,33.33
1,2021-07-27,24,Emergency,75,bed,32.0
1,2021-07-28,26,Emergency,75,bed,34.67
1,2021-07-29,26,Emergency,75,bed,34.67
1,2021-07-30,29,Emergency,75,bed,38.67
1,2021-07-31,32,Emergency,75,bed,42.67
1,2021-08-01,30,Emergency,75,bed,40.0
1,2021-08-02,28,Emergency,75,bed,37.33
1,2021-08-03,24,Emergency,75,bed,32.0
1,2021-08-04,26,Emergency,75,bed,34.67
1,2021-08-05,24,Emergency,75,bed,32.0
1,2021-08-06,31,Emergency,75,bed,41.33
1,2021-08-07,28,Emergency,75,bed,37.33
1,2021-08-08,25,Emergency,75,bed,33.33
1,2021-08-09,23,Emergency,75,bed,30.67
1,2021-08-10,20,Emergency,75,bed,26.67
1,2021-08-11,18,Emergency,75,bed,24.0
1,2021-08-12,18,Emergency,75,bed,24.0
1,2021-08-13,17,Emergency,75,bed,22.67
1,2021-08-14,14,Emergency,75,bed,18.67
1,2021-08-15,18,Emergency,75,bed,24.0
1,2021-08-16,19,Emergency,75,bed,25.33
1,2021-08-17,17,Emergency,75,bed,22.67
1,2021-08-18,18,Emergency,75,bed,24.0
1,2021-08-19,19,Emergency,75,bed,25.33
1,2021-08-20,21,Emergency,75,bed,28.0
1,2021-08-21,22,Emergency,75,bed,29.33
1,2021-08-22,22,Emergency,75,bed,29.33
1,2021-08-23,22,Emergency,75,bed,29.33
1,2021-08-24,24,Emergency,75,bed,32.0
1,2021-08-25,29,Emergency,75,bed,38.67
1,2021-08-26,30,Emergency,75,bed,40.0
1,2021-08-27,31,Emergency,75,bed,41.33
1,2021-08-28,31,Emergency,75,bed,41.33
1,2021-08-29,29,Emergency,75,bed,38.67
1,2021-08-30,23,Emergency,75,bed,30.67
1,2021-08-31,21,Emergency,75,bed,28.0
1,2021-09-01,19,Emergency,75,bed,25.33
1,2021-09-02,20,Emergency,75,bed,26.67
1,2021-09-03,22,Emergency,75,bed,29.33
1,2021-09-04,22,Emergency,75,bed,29.33
1,2021-09-05,18,Emergency,75,bed,24.0
1,2021-09-06,21,Emergency,75,bed,28.0
1,2021-09-07,23,Emergency,75,bed,30.67
1,2021-09-08,26,Emergency,75,bed,34.67
1,2021-09-09,29,Emergency,75,bed,38.67
1,2021-09-10,27,Emergency,75,bed,36.0
1,2021-09-11,26,Emergency,75,bed,34.67
1,2021-09-12,31,Emergency,75,bed,41.33
1,2021-09-13,27,Emergency,75,bed,36.0
1,2021-09-14,25,Emergency,75,bed,33.33
1,2021-09-15,21,Emergency,75,bed,28.0
1,2021-09-16,20,Emergency,75,bed,26.67
1,2021-09-17,19,Emergency,75,bed,25.33
1,2021-09-18,21,Emergency,75,bed,28.0
1,2021-09-19,17,Emergency,75,bed,22.67
1,2021-09-20,19,Emergency,75,bed,25.33
1,2021-09-21,20,Emergency,75,bed,26.67
1,2021-09-22,20,Emergency,75,bed,26.67
1,2021-09-23,23,Emergency,75,bed,30.67
1,2021-09-24,24,Emergency,75,bed,32.0
1,2021-09-25,23,Emergency,75,bed,30.67
1,2021-09-26,24,Emergency,75,bed,32.0
1,2021-09-27,25,Emergency,75,bed,33.33
1,2021-09-28,18,Emergency,75,bed,24.0
1,2021-09-29,20,Emergency,75,bed,26.67
1,2021-09-30,18,Emergency,75,bed,24.0
1,2021-10-01,20,Emergency,75,bed,26.67
1,2021-10-02,18,Emergency,75,bed,24.0
1,2021-10-03,20,Emergency,75,bed,26.67
1,2021-10-04,22,Emergency,75,bed,29.33
1,2021-10-05,21,Emergency,75,bed,28.0
1,2021-10-06,25,Emergency,75,bed,33.33
1,2021-10-07,27,Emergency,75,bed,36.0
1,2021-10-08,24,Emergency,75,bed,32.0
1,2021-10-09,21,Emergency,75,bed,28.0
1,2021-10-10,22,Emergency,75,bed,29.33
1,2021-10-11,27,Emergency,75,bed,36.0
1,2021-10-12,25,Emergency,75,bed,33.33
1,2021-10-13,24,Emergency,75,bed,32.0
1,2021-10-14,25,Emergency,75,bed,33.33
1,2021-10-15,24,Emergency,75,bed,32.0
1,2021-10-16,24,Emergency,75,bed,32.0
1,2021-10-17,25,Emergency,75,bed,33.33
1,2021-10-18,25,Emergency,75,bed,33.33
1,2021-10-19,28,Emergency,75,bed,37.33
1,2021-10-20,22,Emergency,75,bed,29.33
1,2021-10-21,23,Emergency,75,bed,30.67
1,2021-10-22,24,Emergency,75,bed,32.0
1,2021-10-23,27,Emergency,75,bed,36.0
1,2021-10-24,31,Emergency,75,bed,41.33
1,2021-10-25,32,Emergency,75,bed,42.67
1,2021-10-26,28,Emergency,75,bed,37.33
1,2021-10-27,23,Emergency,75,bed,30.67
1,2021-10-28,18,Emergency,75,bed,24.0
1,2021-10-29,15,Emergency,75,bed,20.0
1,2021-10-30,18,Emergency,75,bed,24.0
1,2021-10-31,17,Emergency,75,bed,22.67
1,2021-11-01,19,Emergency,75,bed,25.33
1,2021-11-02,18,Emergency,75,bed,24.0
1,2021-11-03,18,Emergency,75,bed,24.0
1,2021-11-04,18,Emergency,75,bed,24.0
1,2021-11-05,20,Emergency,75,bed,26.67
1,2021-11-06,24,Emergency,75,bed,32.0
1,2021-11-07,23,Emergency,75,bed,30.67
1,2021-11-08,22,Emergency,75,bed,29.33
1,2021-11-09,20,Emergency,75,bed,26.67
1,2021-11-10,20,Emergency,75,bed,26.67
1,2021-11-11,24,Emergency,75,bed,32.0
1,2021-11-12,28,Emergency,75,bed,37.33
1,2021-11-13,21,Emergency,75,bed,28.0
1,2021-11-14,17,Emergency,75,bed,22.67
1,2021-11-15,15,Emergency,75,bed,20.0
1,2021-11-16,13,Emergency,75,bed,17.33
1,2021-11-17,14,Emergency,75,bed,18.67
1,2021-11-18,15,Emergency,75,bed,20.0
1,2021-11-19,16,Emergency,75,bed,21.33
1,2021-11-20,15,Emergency,75,bed,20.0
1,2021-11-21,19,Emergency,75,bed,25.33
1,2021-11-22,19,Emergency,75,bed,25.33
1,2021-11-23,18,Emergency,75,bed,24.0
1,2021-11-24,21,Emergency,75,bed,28.0
1,2021-11-25,19,Emergency,75,bed,25.33
1,2021-11-26,21,Emergency,75,bed,28.0
1,2021-11-27,21,Emergency,75,bed,28.0
1,2021-11-28,27,Emergency,75,bed,36.0
1,2021-11-29,28,Emergency,75,bed,37.33
1,2021-11-30,28,Emergency,75,bed,37.33
1,2021-12-01,29,Emergency,75,bed,38.67
1,2021-12-02,26,Emergency,75,bed,34.67
1,2021-12-03,23,Emergency,75,bed,30.67
1,2021-12-04,19,Emergency,75,bed,25.33
1,2021-12-05,20,Emergency,75,bed,26.67
1,2021-12-06,20,Emergency,75,bed,26.67
1,2021-12-07,19,Emergency,75,bed,25.33
1,2021-12-08,18,Emergency,75,bed,24.0
1,2021-12-09,22,Emergency,75,bed,29.33
1,2021-12-10,23,Emergency,75,bed,30.67
1,2021-12-11,20,Emergency,75,bed,26.67
1,2021-12-12,18,Emergency,75,bed,24.0
1,2021-12-13,22,Emergency,75,bed,29.33
1,2021-12-14,21,Emergency,75,bed,28.0
1,2021-12-15,19,Emergency,75,bed,25.33
1,2021-12-16,22,Emergency,75,bed,29.33
1,2021-12-17,21,Emergency,75,bed,28.0
1,2021-12-18,21,Emergency,75,bed,28.0
1,2021-12-19,21,Emergency,75,bed,28.0
1,2021-12-20,25,Emergency,75,bed,33.33
1,2021-12-21,20,Emergency,75,bed,26.67
1,2021-12-22,25,Emergency,75,bed,33.33
1,2021-12-23,22,Emergency,75,bed,29.33
1,2021-12-24,23,Emergency,75,bed,30.67
1,2021-12-25,24,Emergency,75,bed,32.0
1,2021-12-26,22,Emergency,75,bed,29.33
1,2021-12-27,20,Emergency,75,bed,26.67
1,2021-12-28,19,Emergency,75,bed,25.33
1,2021-12-29,18,Emergency,75,bed,24.0
1,2021-12-30,20,Emergency,75,bed,26.67
1,2021-12-31,24,Emergency,75,bed,32.0
1,2022-01-01,20,Emergency,75,bed,26.67
1,2022-01-02,23,Emergency,75,bed,30.67
1,2022-01-03,25,Emergency,75,bed,33.33
1,2022-01-04,28,Emergency,75,bed,37.33
1,2022-01-05,24,Emergency,75,bed,32.0
1,2022-01-06,18,Emergency,75,bed,24.0
1,2022-01-07,19,Emergency,75,bed,25.33
1,2022-01-08,17,Emergency,75,bed,22.67
1,2022-01-09,16,Emergency,75,bed,21.33
1,2022-01-10,15,Emergency,75,bed,20.0
1,2022-01-11,16,Emergency,75,bed,21.33
1,2022-01-12,19,Emergency,75,bed,25.33
1,2022-01-13,19,Emergency,75,bed,25.33
1,2022-01-14,15,Emergency,75,bed,20.0
1,2022-01-15,18,Emergency,75,bed,24.0
1,2022-01-16,16,Emergency,75,bed,21.33
1,2022-01-17,19,Emergency,75,bed,25.33
1,2022-01-18,21,Emergency,75,bed,28.0
1,2022-01-19,20,Emergency,75,bed,26.67
1,2022-01-20,15,Emergency,75,bed,20.0
1,2022-01-21,17,Emergency,75,bed,22.67
1,2022-01-22,22,Emergency,75,bed,29.33
1,2022-01-23,27,Emergency,75,bed,36.0
1,2022-01-24,26,Emergency,75,bed,34.67
1,2022-01-25,23,Emergency,75,bed,30.67
1,2022-01-26,23,Emergency,75,bed,30.67
1,2022-01-27,18,Emergency,75,bed,24.0
1,2022-01-28,23,Emergency,75,bed,30.67
1,2022-01-29,21,Emergency,75,bed,28.0
1,2022-01-30,22,Emergency,75,bed,29.33
1,2022-01-31,22,Emergency,75,bed,29.33
1,2022-02-01,26,Emergency,75,bed,34.67
1,2022-02-02,28,Emergency,75,bed,37.33
1,2022-02-03,30,Emergency,75,bed,40.0
1,2022-02-04,30,Emergency,75,bed,40.0
1,2022-02-05,29,Emergency,75,bed,38.67
1,2022-02-06,30,Emergency,75,bed,40.0
1,2022-02-07,30,Emergency,75,bed,40.0
1,2022-02-08,30,Emergency,75,bed,40.0
1,2022-02-09,29,Emergency,75,bed,38.67
1,2022-02-10,26,Emergency,75,bed,34.67
1,2022-02-11,24,Emergency,75,bed,32.0
1,2022-02-12,22,Emergency,75,bed,29.33
1,2022-02-13,21,Emergency,75,bed,28.0
1,2022-02-14,25,Emergency,75,bed,33.33
1,2022-02-15,25,Emergency,75,bed,33.33
1,2022-02-16,26,Emergency,75,bed,34.67
1,2022-02-17,27,Emergency,75,bed,36.0
1,2022-02-18,30,Emergency,75,bed,40.0
1,2022-02-19,32,Emergency,75,bed,42.67
1,2022-02-20,31,Emergency,75,bed,41.33
1,2022-02-21,32,Emergency,75,bed,42.67
1,2022-02-22,32,Emergency,75,bed,42.67
1,2022-02-23,26,Emergency,75,bed,34.67
1,2022-02-24,25,Emergency,75,bed,33.33
1,2022-02-25,21,Emergency,75,bed,28.0
1,2022-02-26,20,Emergency,75,bed,26.67
1,2022-02-27,22,Emergency,75,bed,29.33
1,2022-02-28,26,Emergency,75,bed,34.67
1,2022-03-01,28,Emergency,75,bed,37.33
1,2022-03-02,25,Emergency,75,bed,33.33
1,2022-03-03,25,Emergency,75,bed,33.33
1,2022-03-04,22,Emergency,75,bed,29.33
1,2022-03-05,19,Emergency,75,bed,25.33
1,2022-03-06,20,Emergency,75,bed,26.67
1,2022-03-07,17,Emergency,75,bed,22.67
1,2022-03-08,21,Emergency,75,bed,28.0
1,2022-03-09,20,Emergency,75,bed,26.67
1,2022-03-10,16,Emergency,75,bed,21.33
1,2022-03-11,19,Emergency,75,bed,25.33
1,2022-03-12,21,Emergency,75,bed,28.0
1,2022-03-13,19,Emergency,75,bed,25.33
1,2022-03-14,21,Emergency,75,bed,28.0
1,2022-03-15,21,Emergency,75,bed,28.0
1,2022-03-16,25,Emergency,75,bed,33.33
1,2022-03-17,22,Emergency,75,bed,29.33
1,2022-03-18,19,Emergency,75,bed,25.33
1,2022-03-19,14,Emergency,75,bed,18.67
1,2022-03-20,13,Emergency,75,bed,17.33
1,2022-03-21,18,Emergency,75,bed,24.0
1,2022-03-22,17,Emergency,75,bed,22.67
1,2022-03-23,22,Emergency,75,bed,29.33
1,2022-03-24,25,Emergency,75,bed,33.33
1,2022-03-25,24,Emergency,75,bed,32.0
1,2022-03-26,27,Emergency,75,bed,36.0
1,2022-03-27,24,Emergency,75,bed,32.0
1,2022-03-28,24,Emergency,75,bed,32.0
1,2022-03-29,21,Emergency,75,bed,28.0
1,2022-03-30,18,Emergency,75,bed,24.0
1,2022-03-31,21,Emergency,75,bed,28.0
1,2022-04-01,21,Emergency,75,bed,28.0
1,2022-04-02,19,Emergency,75,bed,25.33
1,2022-04-03,22,Emergency,75,bed,29.33
1,2022-04-04,20,Emergency,75,bed,26.67
1,2022-04-05,20,Emergency,75,bed,26.67
1,2022-04-06,19,Emergency,75,bed,25.33
1,2022-04-07,20,Emergency,75,bed,26.67
1,2022-04-08,21,Emergency,75,bed,28.0
1,2022-04-09,22,Emergency,75,bed,29.33
1,2022-04-10,18,Emergency,75,bed,24.0
1,2022-04-11,17,Emergency,75,bed,22.67
1,2022-04-12,15,Emergency,75,bed,20.0
1,2022-04-13,12,Emergency,75,bed,16.0
1,2022-04-14,15,Emergency,75,bed,20.0
1,2022-04-15,13,Emergency,75,bed,17.33
1,2022-04-16,19,Emergency,75,bed,25.33
1,2022-04-17,19,Emergency,75,bed,25.33
1,2022-04-18,21,Emergency,75,bed,28.0
1,2022-04-19,23,Emergency,75,bed,30.67
1,2022-04-20,27,Emergency,75,bed,36.0
1,2022-04-21,30,Emergency,75,bed,40.0
1,2022-04-22,29,Emergency,75,bed,38.67
1,2022-04-23,21,Emergency,75,bed,28.0
1,2022-04-24,22,Emergency,75,bed,29.33
1,2022-04-25,24,Emergency,75,bed,32.0
1,2022-04-26,23,Emergency,75,bed,30.67
1,2022-04-27,23,Emergency,75,bed,30.67
1,2022-04-28,18,Emergency,75,bed,24.0
1,2022-04-29,17,Emergency,75,bed,22.67
1,2022-04-30,19,Emergency,75,bed,25.33
1,2022-05-01,24,Emergency,75,bed,32.0
1,2022-05-02,23,Emergency,75,bed,30.67
1,2022-05-03,25,Emergency,75,bed,33.33
1,2022-05-04,20,Emergency,75,bed,26.67
1,2022-05-05,21,Emergency,75,bed,28.0
1,2022-05-06,25,Emergency,75,bed,33.33
1,2022-05-07,29,Emergency,75,bed,38.67
1,2022-05-08,27,Emergency,75,bed,36.0
1,2022-05-09,26,Emergency,75,bed,34.67
1,2022-05-10,27,Emergency,75,bed,36.0
1,2022-05-11,27,Emergency,75,bed,36.0
1,2022-05-12,29,Emergency,75,bed,38.67
1,2022-05-13,30,Emergency,75,bed,40.0
1,2022-05-14,27,Emergency,75,bed,36.0
1,2022-05-15,27,Emergency,75,bed,36.0
1,2022-05-16,26,Emergency,75,bed,34.67
1,2022-05-17,22,Emergency,75,bed,29.33
1,2022-05-18,23,Emergency,75,bed,30.67
1,2022-05-19,22,Emergency,75,bed,29.33
1,2022-05-20,18,Emergency,75,bed,24.0
1,2022-05-21,18,Emergency,75,bed,24.0
1,2022-05-22,20,Emergency,75,bed,26.67
1,2022-05-23,17,Emergency,75,bed,22.67
1,2022-05-24,19,Emergency,75,bed,25.33
1,2022-05-25,18,Emergency,75,bed,24.0
1,2022-05-26,22,Emergency,75,bed,29.33
1,2022-05-27,23,Emergency,75,bed,30.67
1,2022-05-28,25,Emergency,75,bed,33.33
1,2022-05-29,26,Emergency,75,bed,34.67
1,2022-05-30,24,Emergency,75,bed,32.0
1,2022-05-31,25,Emergency,75,bed,33.33
1,2022-06-01,26,Emergency,75,bed,34.67
1,2022-06-02,26,Emergency,75,bed,34.67
1,2022-06-03,25,Emergency,75,bed,33.33
1,2022-06-04,22,Emergency,75,bed,29.33
1,2022-06-05,23,Emergency,75,bed,30.67
1,2022-06-06,24,Emergency,75,bed,32.0
1,2022-06-07,21,Emergency,75,bed,28.0
1,2022-06-08,18,Emergency,75,bed,24.0
1,2022-06-09,16,Emergency,75,bed,21.33
1,2022-06-10,23,Emergency,75,bed,30.67
1,2022-06-11,28,Emergency,75,bed,37.33
1,2022-06-12,28,Emergency,75,bed,37.33
1,2022-06-13,29,Emergency,75,bed,38.67
1,2022-06-14,28,Emergency,75,bed,37.33
1,2022-06-15,28,Emergency,75,bed,37.33
1,2022-06-16,25,Emergency,75,bed,33.33
1,2022-06-17,25,Emergency,75,bed,33.33
1,2022-06-18,24,Emergency,75,bed,32.0
1,2022-06-19,21,Emergency,75,bed,28.0
1,2022-06-20,21,Emergency,75,bed,28.0
1,2022-06-21,19,Emergency,75,bed,25.33
1,2022-06-22,19,Emergency,75,bed,25.33
1,2022-06-23,17,Emergency,75,bed,22.67
1,2022-06-24,17,Emergency,75,bed,22.67
1,2022-06-25,20,Emergency,75,bed,26.67
1,2022-06-26,23,Emergency,75,bed,30.67
1,2022-06-27,22,Emergency,75,bed,29.33
1,2022-06-28,25,Emergency,75,bed,33.33
1,2022-06-29,25,Emergency,75,bed,33.33
1,2022-06-30,23,Emergency,75,bed,30.67
1,2022-07-01,20,Emergency,75,bed,26.67
1,2022-07-02,19,Emergency,75,bed,25.33
1,2022-07-03,19,Emergency,75,bed,25.33
1,2022-07-04,21,Emergency,75,bed,28.0
1,2022-07-05,21,Emergency,75,bed,28.0
1,2022-07-06,18,Emergency,75,bed,24.0
1,2022-07-07,16,Emergency,75,bed,21.33
1,2022-07-08,17,Emergency,75,bed,22.67
1,2022-07-09,15,Emergency,75,bed,20.0
1,2022-07-10,18,Emergency,75,bed,24.0
1,2022-07-11,20,Emergency,75,bed,26.67
1,2022-07-12,21,Emergency,75,bed,28.0
1,2022-07-13,20,Emergency,75,bed,26.67
1,2022-07-14,24,Emergency,75,bed,32.0
1,2022-07-15,23,Emergency,75,bed,30.67
1,2022-07-16,23,Emergency,75,bed,30.67
1,2022-07-17,21,Emergency,75,bed,28.0
1,2022-07-18,16,Emergency,75,bed,21.33
1,2022-07-19,22,Emergency,75,bed,29.33
1,2022-07-20,27,Emergency,75,bed,36.0
1,2022-07-21,22,Emergency,75,bed,29.33
1,2022-07-22,20,Emergency,75,bed,26.67
1,2022-07-23,21,Emergency,75,bed,28.0
1,2022-07-24,18,Emergency,75,bed,24.0
1,2022-07-25,17,Emergency,75,bed,22.67
1,2022-07-26,21,Emergency,75,bed,28.0
1,2022-07-27,20,Emergency,75,bed,26.67
1,2022-07-28,20,Emergency,75,bed,26.67
1,2022-07-29,21,Emergency,75,bed,28.0
1,2022-07-30,23,Emergency,75,bed,30.67
1,2022-07-31,20,Emergency,75,bed,26.67
1,2022-08-01,22,Emergency,75,bed,29.33
1,2022-08-02,25,Emergency,75,bed,33.33
1,2022-08-03,21,Emergency,75,bed,28.0
1,2022-08-04,22,Emergency,75,bed,29.33
1,2022-08-05,24,Emergency,75,bed,32.0
1,2022-08-06,22,Emergency,75,bed,29.33
1,2022-08-07,21,Emergency,75,bed,28.0
1,2022-08-08,22,Emergency,75,bed,29.33
1,2022-08-09,21,Emergency,75,bed,28.0
1,2022-08-10,17,Emergency,75,bed,22.67
1,2022-08-11,21,Emergency,75,bed,28.0
1,2022-08-12,18,Emergency,75,bed,24.0
1,2022-08-13,17,Emergency,75,bed,22.67
1,2022-08-14,16,Emergency,75,bed,21.33
1,2022-08-15,15,Emergency,75,bed,20.0
1,2022-08-16,15,Emergency,75,bed,20.0
1,2022-08-17,17,Emergency,75,bed,22.67
1,2022-08-18,17,Emergency,75,bed,22.67
1,2022-08-19,16,Emergency,75,bed,21.33
1,2022-08-20,16,Emergency,75,bed,21.33
1,2022-08-21,13,Emergency,75,bed,17.33
1,2022-08-22,14,Emergency,75,bed,18.67
1,2022-08-23,18,Emergency,75,bed,24.0
1,2022-08-24,22,Emergency,75,bed,29.33
1,2022-08-25,21,Emergency,75,bed,28.0
1,2022-08-26,22,Emergency,75,bed,29.33
1,2022-08-27,26,Emergency,75,bed,34.67
1,2022-08-28,23,Emergency,75,bed,30.67
1,2022-08-29,23,Emergency,75,bed,30.67
1,2022-08-30,26,Emergency,75,bed,34.67
1,2022-08-31,25,Emergency,75,bed,33.33
1,2022-09-01,24,Emergency,75,bed,32.0
1,2022-09-02,24,Emergency,75,bed,32.0
1,2022-09-03,22,Emergency,75,bed,29.33
1,2022-09-04,21,Emergency,75,bed,28.0
1,2022-09-05,21,Emergency,75,bed,28.0
1,2022-09-06,21,Emergency,75,bed,28.0
1,2022-09-07,19,Emergency,75,bed,25.33
1,2022-09-08,24,Emergency,75,bed,32.0
1,2022-09-09,21,Emergency,75,bed,28.0
1,2022-09-10,23,Emergency,75,bed,30.67
1,2022-09-11,24,Emergency,75,bed,32.0
1,2022-09-12,28,Emergency,75,bed,37.33
1,2022-09-13,25,Emergency,75,bed,33.33
1,2022-09-14,26,Emergency,75,bed,34.67
1,2022-09-15,26,Emergency,75,bed,34.67
1,2022-09-16,23,Emergency,75,bed,30.67
1,2022-09-17,25,Emergency,75,bed,33.33
1,2022-09-18,29,Emergency,75,bed,38.67
1,2022-09-19,31,Emergency,75,bed,41.33
1,2022-09-20,33,Emergency,75,bed,44.0
1,2022-09-21,31,Emergency,75,bed,41.33
1,2022-09-22,31,Emergency,75,bed,41.33
1,2022-09-23,30,Emergency,75,bed,40.0
1,2022-09-24,27,Emergency,75,bed,36.0
1,2022-09-25,26,Emergency,75,bed,34.67
1,2022-09-26,27,Emergency,75,bed,36.0
1,2022-09-27,31,Emergency,75,bed,41.33
1,2022-09-28,30,Emergency,75,bed,40.0
1,2022-09-29,24,Emergency,75,bed,32.0
1,2022-09-30,20,Emergency,75,bed,26.67
1,2022-10-01,17,Emergency,75,bed,22.67
1,2022-10-02,17,Emergency,75,bed,22.67
1,2022-10-03,23,Emergency,75,bed,30.67
1,2022-10-04,21,Emergency,75,bed,28.0
1,2022-10-05,24,Emergency,75,bed,32.0
1,2022-10-06,24,Emergency,75,bed,32.0
1,2022-10-07,21,Emergency,75,bed,28.0
1,2022-10-08,20,Emergency,75,bed,26.67
1,2022-10-09,19,Emergency,75,bed,25.33
1,2022-10-10,19,Emergency,75,bed,25.33
1,2022-10-11,27,Emergency,75,bed,36.0
1,2022-10-12,30,Emergency,75,bed,40.0
1,2022-10-13,32,Emergency,75,bed,42.67
1,2022-10-14,32,Emergency,75,bed,42.67
1,2022-10-15,35,Emergency,75,bed,46.67
1,2022-10-16,30,Emergency,75,bed,40.0
1,2022-10-17,27,Emergency,75,bed,36.0
1,2022-10-18,28,Emergency,75,bed,37.33
1,2022-10-19,24,Emergency,75,bed,32.0
1,2022-10-20,27,Emergency,75,bed,36.0
1,2022-10-21,25,Emergency,75,bed,33.33
1,2022-10-22,28,Emergency,75,bed,37.33
1,2022-10-23,31,Emergency,75,bed,41.33
1,2022-10-24,32,Emergency,75,bed,42.67
1,2022-10-25,30,Emergency,75,bed,40.0
1,2022-10-26,25,Emergency,75,bed,33.33
1,2022-10-27,26,Emergency,75,bed,34.67
1,2022-10-28,24,Emergency,75,bed,32.0
1,2022-10-29,23,Emergency,75,bed,30.67
1,2022-10-30,26,Emergency,75,bed,34.67
1,2022-10-31,31,Emergency,75,bed,41.33
1,2022-11-01,29,Emergency,75,bed,38.67
1,2022-11-02,23,Emergency,75,bed,30.67
1,2022-11-03,23,Emergency,75,bed,30.67
1,2022-11-04,22,Emergency,75,bed,29.33
1,2022-11-05,24,Emergency,75,bed,32.0
1,2022-11-06,16,Emergency,75,bed,21.33
1,2022-11-07,17,Emergency,75,bed,22.67
1,2022-11-08,19,Emergency,75,bed,25.33
1,2022-11-09,19,Emergency,75,bed,25.33
1,2022-11-10,20,Emergency,75,bed,26.67
1,2022-11-11,19,Emergency,75,bed,25.33
1,2022-11-12,20,Emergency,75,bed,26.67
1,2022-11-13,19,Emergency,75,bed,25.33
1,2022-11-14,21,Emergency,75,bed,28.0
1,2022-11-15,25,Emergency,75,bed,33.33
1,2022-11-16,27,Emergency,75,bed,36.0
1,2022-11-17,32,Emergency,75,bed,42.67
1,2022-11-18,33,Emergency,75,bed,44.0
1,2022-11-19,31,Emergency,75,bed,41.33
1,2022-11-20,31,Emergency,75,bed,41.33
1,2022-11-21,27,Emergency,75,bed,36.0
1,2022-11-22,23,Emergency,75,bed,30.67
1,2022-11-23,25,Emergency,75,bed,33.33
1,2022-11-24,25,Emergency,75,bed,33.33
1,2022-11-25,27,Emergency,75,bed,36.0
1,2022-11-26,21,Emergency,75,bed,28.0
1,2022-11-27,20,Emergency,75,bed,26.67
1,2022-11-28,18,Emergency,75,bed,24.0
1,2022-11-29,18,Emergency,75,bed,24.0
1,2022-11-30,22,Emergency,75,bed,29.33
1,2022-12-01,23,Emergency,75,bed,30.67
1,2022-12-02,22,Emergency,75,bed,29.33
1,2022-12-03,22,Emergency,75,bed,29.33
1,2022-12-04,21,Emergency,75,bed,28.0
1,2022-12-05,23,Emergency,75,bed,30.67
1,2022-12-06,23,Emergency,75,bed,30.67
1,2022-12-07,27,Emergency,75,bed,36.0
1,2022-12-08,24,Emergency,75,bed,32.0
1,2022-12-09,25,Emergency,75,bed,33.33
1,2022-12-10,25,Emergency,75,bed,33.33
1,2022-12-11,25,Emergency,75,bed,33.33
1,2022-12-12,22,Emergency,75,bed,29.33
1,2022-12-13,22,Emergency,75,bed,29.33
1,2022-12-14,16,Emergency,75,bed,21.33
1,2022-12-15,19,Emergency,75,bed,25.33
1,2022-12-16,20,Emergency,75,bed,26.67
1,2022-12-17,21,Emergency,75,bed,28.0
1,2022-12-18,24,Emergency,75,bed,32.0
1,2022-12-19,23,Emergency,75,bed,30.67
1,2022-12-20,23,Emergency,75,bed,30.67
1,2022-12-21,26,Emergency,75,bed,34.67
1,2022-12-22,32,Emergency,75,bed,42.67
1,2022-12-23,36,Emergency,75,bed,48.0
1,2022-12-24,32,Emergency,75,bed,42.67
1,2022-12-25,27,Emergency,75,bed,36.0
1,2022-12-26,25,Emergency,75,bed,33.33
1,2022-12-27,25,Emergency,75,bed,33.33
1,2022-12-28,26,Emergency,75,bed,34.67
1,2022-12-29,22,Emergency,75,bed,29.33
1,2022-12-30,18,Emergency,75,bed,24.0
1,2022-12-31,15,Emergency,75,bed,20.0
1,2023-01-01,16,Emergency,75,bed,21.33
1,2023-01-02,23,Emergency,75,bed,30.67
1,2023-01-03,24,Emergency,75,bed,32.0
1,2023-01-04,27,Emergency,75,bed,36.0
1,2023-01-05,27,Emergency,75,bed,36.0
1,2023-01-06,26,Emergency,75,bed,34.67
1,2023-01-07,25,Emergency,75,bed,33.33
1,2023-01-08,21,Emergency,75,bed,28.0
1,2023-01-09,23,Emergency,75,bed,30.67
1,2023-01-10,21,Emergency,75,bed,28.0
1,2023-01-11,21,Emergency,75,bed,28.0
1,2023-01-12,24,Emergency,75,bed,32.0
1,2023-01-13,23,Emergency,75,bed,30.67
1,2023-01-14,21,Emergency,75,bed,28.0
1,2023-01-15,19,Emergency,75,bed,25.33
1,2023-01-16,18,Emergency,75,bed,24.0
1,2023-01-17,20,Emergency,75,bed,26.67
1,2023-01-18,25,Emergency,75,bed,33.33
1,2023-01-19,27,Emergency,75,bed,36.0
1,2023-01-20,29,Emergency,75,bed,38.67
1,2023-01-21,29,Emergency,75,bed,38.67
1,2023-01-22,27,Emergency,75,bed,36.0
1,2023-01-23,26,Emergency,75,bed,34.67
1,2023-01-24,27,Emergency,75,bed,36.0
1,2023-01-25,23,Emergency,75,bed,30.67
1,2023-01-26,23,Emergency,75,bed,30.67
1,2023-01-27,23,Emergency,75,bed,30.67
1,2023-01-28,17,Emergency,75,bed,22.67
1,2023-01-29,21,Emergency,75,bed,28.0
1,2023-01-30,22,Emergency,75,bed,29.33
1,2023-01-31,23,Emergency,75,bed,30.67
1,2023-02-01,23,Emergency,75,bed,30.67
1,2023-02-02,23,Emergency,75,bed,30.67
1,2023-02-03,18,Emergency,75,bed,24.0
1,2023-02-04,18,Emergency,75,bed,24.0
1,2023-02-05,21,Emergency,75,bed,28.0
1,2023-02-06,18,Emergency,75,bed,24.0
1,2023-02-07,15,Emergency,75,bed,20.0
1,2023-02-08,15,Emergency,75,bed,20.0
1,2023-02-09,17,Emergency,75,bed,22.67
1,2023-02-10,19,Emergency,75,bed,25.33
1,2023-02-11,21,Emergency,75,bed,28.0
1,2023-02-12,21,Emergency,75,bed,28.0
1,2023-02-13,19,Emergency,75,bed,25.33
1,2023-02-14,21,Emergency,75,bed,28.0
1,2023-02-15,21,Emergency,75,bed,28.0
1,2023-02-16,23,Emergency,75,bed,30.67
1,2023-02-17,27,Emergency,75,bed,36.0
1,2023-02-18,32,Emergency,75,bed,42.67
1,2023-02-19,31,Emergency,75,bed,41.33
1,2023-02-20,32,Emergency,75,bed,42.67
1,2023-02-21,29,Emergency,75,bed,38.67
1,2023-02-22,23,Emergency,75,bed,30.67
1,2023-02-23,23,Emergency,75,bed,30.67
1,2023-02-24,25,Emergency,75,bed,33.33
1,2023-02-25,25,Emergency,75,bed,33.33
1,2023-02-26,27,Emergency,75,bed,36.0
1,2023-02-27,22,Emergency,75,bed,29.33
1,2023-02-28,22,Emergency,75,bed,29.33
1,2023-03-01,22,Emergency,75,bed,29.33
1,2023-03-02,19,Emergency,75,bed,25.33
1,2023-03-03,19,Emergency,75,bed,25.33
1,2023-03-04,22,Emergency,75,bed,29.33
1,2023-03-05,22,Emergency,75,bed,29.33
1,2023-03-06,20,Emergency,75,bed,26.67
1,2023-03-07,20,Emergency,75,bed,26.67
1,2023-03-08,19,Emergency,75,bed,25.33
1,2023-03-09,22,Emergency,75,bed,29.33
1,2023-03-10,22,Emergency,75,bed,29.33
1,2023-03-11,25,Emergency,75,bed,33.33
1,2023-03-12,28,Emergency,75,bed,37.33
1,2023-03-13,27,Emergency,75,bed,36.0
1,2023-03-14,25,Emergency,75,bed,33.33
1,2023-03-15,25,Emergency,75,bed,33.33
1,2023-03-16,26,Emergency,75,bed,34.67
1,2023-03-17,30,Emergency,75,bed,40.0
1,2023-03-18,33,Emergency,75,bed,44.0
1,2023-03-19,32,Emergency,75,bed,42.67
1,2023-03-20,29,Emergency,75,bed,38.67
1,2023-03-21,22,Emergency,75,bed,29.33
1,2023-03-22,20,Emergency,75,bed,26.67
1,2023-03-23,21,Emergency,75,bed,28.0
1,2023-03-24,20,Emergency,75,bed,26.67
1,2023-03-25,20,Emergency,75,bed,26.67
1,2023-03-26,21,Emergency,75,bed,28.0
1,2023-03-27,20,Emergency,75,bed,26.67
1,2023-03-28,23,Emergency,75,bed,30.67
1,2023-03-29,25,Emergency,75,bed,33.33
1,2023-03-30,22,Emergency,75,bed,29.33
1,2023-03-31,25,Emergency,75,bed,33.33
1,2023-04-01,24,Emergency,75,bed,32.0
1,2023-04-02,24,Emergency,75,bed,32.0
1,2023-04-03,25,Emergency,75,bed,33.33
1,2023-04-04,20,Emergency,75,bed,26.67
1,2023-04-05,22,Emergency,75,bed,29.33
1,2023-04-06,18,Emergency,75,bed,24.0
1,2023-04-07,18,Emergency,75,bed,24.0
1,2023-04-08,18,Emergency,75,bed,24.0
1,2023-04-09,23,Emergency,75,bed,30.67
1,2023-04-10,25,Emergency,75,bed,33.33
1,2023-04-11,23,Emergency,75,bed,30.67
1,2023-04-12,27,Emergency,75,bed,36.0
1,2023-04-13,27,Emergency,75,bed,36.0
1,2023-04-14,22,Emergency,75,bed,29.33
1,2023-04-15,24,Emergency,75,bed,32.0
1,2023-04-16,21,Emergency,75,bed,28.0
1,2023-04-17,22,Emergency,75,bed,29.33
1,2023-04-18,22,Emergency,75,bed,29.33
1,2023-04-19,22,Emergency,75,bed,29.33
1,2023-04-20,20,Emergency,75,bed,26.67
1,2023-04-21,22,Emergency,75,bed,29.33
1,2023-04-22,21,Emergency,75,bed,28.0
1,2023-04-23,21,Emergency,75,bed,28.0
1,2023-04-24,16,Emergency,75,bed,21.33
1,2023-04-25,15,Emergency,75,bed,20.0
1,2023-04-26,17,Emergency,75,bed,22.67
1,2023-04-27,20,Emergency,75,bed,26.67
1,2023-04-28,26,Emergency,75,bed,34.67
1,2023-04-29,22,Emergency,75,bed,29.33
1,2023-04-30,16,Emergency,75,bed,21.33
1,2023-05-01,17,Emergency,75,bed,22.67
1,2023-05-02,13,Emergency,75,bed,17.33
1,2023-05-03,18,Emergency,75,bed,24.0
1,2023-05-04,21,Emergency,75,bed,28.0
1,2023-05-05,21,Emergency,75,bed,28.0
1,2023-05-06,18,Emergency,75,bed,24.0
1,2023-05-07,17,Emergency,75,bed,22.67
1,2023-05-08,19,Emergency,75,bed,25.33
1,2023-05-09,22,Emergency,75,bed,29.33
1,2023-05-10,28,Emergency,75,bed,37.33
1,2023-05-11,30,Emergency,75,bed,40.0
1,2023-05-12,31,Emergency,75,bed,41.33
1,2023-05-13,25,Emergency,75,bed,33.33
1,2023-05-14,22,Emergency,75,bed,29.33
1,2023-05-15,22,Emergency,75,bed,29.33
1,2023-05-16,21,Emergency,75,bed,28.0
1,2023-05-17,27,Emergency,75,bed,36.0
1,2023-05-18,26,Emergency,75,bed,34.67
1,2023-05-19,22,Emergency,75,bed,29.33
1,2023-05-20,22,Emergency,75,bed,29.33
1,2023-05-21,21,Emergency,75,bed,28.0
1,2023-05-22,20,Emergency,75,bed,26.67
1,2023-05-23,18,Emergency,75,bed,24.0
1,2023-05-24,18,Emergency,75,bed,24.0
1,2023-05-25,26,Emergency,75,bed,34.67
1,2023-05-26,27,Emergency,75,bed,36.0
1,2023-05-27,29,Emergency,75,bed,38.67
1,2023-05-28,26,Emergency,75,bed,34.67
1,2023-05-29,27,Emergency,75,bed,36.0
1,2023-05-30,32,Emergency,75,bed,42.67
1,2023-05-31,26,Emergency,75,bed,34.67
1,2023-06-01,24,Emergency,75,bed,32.0
1,2023-06-02,19,Emergency,75,bed,25.33
1,2023-06-03,14,Emergency,75,bed,18.67
1,2023-06-04,17,Emergency,75,bed,22.67
1,2023-06-05,20,Emergency,75,bed,26.67
1,2023-06-06,25,Emergency,75,bed,33.33
1,2023-06-07,29,Emergency,75,bed,38.67
1,2023-06-08,29,Emergency,75,bed,38.67
1,2023-06-09,33,Emergency,75,bed,44.0
1,2023-06-10,35,Emergency,75,bed,46.67
1,2023-06-11,30,Emergency,75,bed,40.0
1,2023-06-12,28,Emergency,75,bed,37.33
1,2023-06-13,28,Emergency,75,bed,37.33
1,2023-06-14,26,Emergency,75,bed,34.67
1,2023-06-15,24,Emergency,75,bed,32.0
1,2023-06-16,27,Emergency,75,bed,36.0
1,2023-06-17,27,Emergency,75,bed,36.0
1,2023-06-18,31,Emergency,75,bed,41.33
1,2023-06-19,32,Emergency,75,bed,42.67
1,2023-06-20,29,Emergency,75,bed,38.67
1,2023-06-21,32,Emergency,75,bed,42.67
1,2023-06-22,31,Emergency,75,bed,41.33
1,2023-06-23,33,Emergency,75,bed,44.0
1,2023-06-24,32,Emergency,75,bed,42.67
1,2023-06-25,29,Emergency,75,bed,38.67
1,2023-06-26,23,Emergency,75,bed,30.67
1,2023-06-27,21,Emergency,75,bed,28.0
1,2023-06-28,19,Emergency,75,bed,25.33
1,2023-06-29,18,Emergency,75,bed,24.0
1,2023-06-30,20,Emergency,75,bed,26.67
1,2023-07-01,19,Emergency,75,bed,25.33
1,2023-07-02,17,Emergency,75,bed,22.67
1,2023-07-03,19,Emergency,75,bed,25.33
1,2023-07-04,24,Emergency,75,bed,32.0
1,2023-07-05,26,Emergency,75,bed,34.67
1,2023-07-06,26,Emergency,75,bed,34.67
1,2023-07-07,24,Emergency,75,bed,32.0
1,2023-07-08,26,Emergency,75,bed,34.67
1,2023-07-09,24,Emergency,75,bed,32.0
1,2023-07-10,26,Emergency,75,bed,34.67
1,2023-07-11,24,Emergency,75,bed,32.0
1,2023-07-12,25,Emergency,75,bed,33.33
1,2023-07-13,24,Emergency,75,bed,32.0
1,2023-07-14,20,Emergency,75,bed,26.67
1,2023-07-15,18,Emergency,75,bed,24.0
1,2023-07-16,16,Emergency,75,bed,21.33
1,2023-07-17,14,Emergency,75,bed,18.67
1,2023-07-18,14,Emergency,75,bed,18.67
1,2023-07-19,14,Emergency,75,bed,18.67
1,2023-07-20,13,Emergency,75,bed,17.33
1,2023-07-21,13,Emergency,75,bed,17.33
1,2023-07-22,17,Emergency,75,bed,22.67
1,2023-07-23,20,Emergency,75,bed,26.67
1,2023-07-24,20,Emergency,75,bed,26.67
1,2023-07-25,23,Emergency,75,bed,30.67
1,2023-07-26,23,Emergency,75,bed,30.67
1,2023-07-27,20,Emergency,75,bed,26.67
1,2023-07-28,22,Emergency,75,bed,29.33
1,2023-07-29,21,Emergency,75,bed,28.0
1,2023-07-30,23,Emergency,75,bed,30.67
1,2023-07-31,21,Emergency,75,bed,28.0
1,2023-08-01,17,Emergency,75,bed,22.67
1,2023-08-02,16,Emergency,75,bed,21.33
1,2023-08-03,18,Emergency,75,bed,24.0
1,2023-08-04,16,Emergency,75,bed,21.33
1,2023-08-05,19,Emergency,75,bed,25.33
1,2023-08-06,21,Emergency,75,bed,28.0
1,2023-08-07,24,Emergency,75,bed,32.0
1,2023-08-08,23,Emergency,75,bed,30.67
1,2023-08-09,22,Emergency,75,bed,29.33
1,2023-08-10,19,Emergency,75,bed,25.33
1,2023-08-11,18,Emergency,75,bed,24.0
1,2023-08-12,20,Emergency,75,bed,26.67
1,2023-08-13,21,Emergency,75,bed,28.0
1,2023-08-14,21,Emergency,75,bed,28.0
1,2023-08-15,24,Emergency,75,bed,32.0
1,2023-08-16,21,Emergency,75,bed,28.0
1,2023-08-17,19,Emergency,75,bed,25.33
1,2023-08-18,19,Emergency,75,bed,25.33
1,2023-08-19,16,Emergency,75,bed,21.33
1,2023-08-20,17,Emergency,75,bed,22.67
1,2023-08-21,18,Emergency,75,bed,24.0
1,2023-08-22,17,Emergency,75,bed,22.67
1,2023-08-23,19,Emergency,75,bed,25.33
1,2023-08-24,20,Emergency,75,bed,26.67
1,2023-08-25,26,Emergency,75,bed,34.67
1,2023-08-26,28,Emergency,75,bed,37.33
1,2023-08-27,30,Emergency,75,bed,40.0
1,2023-08-28,37,Emergency,75,bed,49.33
1,2023-08-29,37,Emergency,75,bed,49.33
1,2023-08-30,41,Emergency,75,bed,54.67
1,2023-08-31,34,Emergency,75,bed,45.33
1,2023-09-01,31,Emergency,75,bed,41.33
1,2023-09-02,31,Emergency,75,bed,41.33
1,2023-09-03,26,Emergency,75,bed,34.67
1,2023-09-04,25,Emergency,75,bed,33.33
1,2023-09-05,26,Emergency,75,bed,34.67
1,2023-09-06,26,Emergency,75,bed,34.67
1,2023-09-07,26,Emergency,75,bed,34.67
1,2023-09-08,33,Emergency,75,bed,44.0
1,2023-09-09,32,Emergency,75,bed,42.67
1,2023-09-10,31,Emergency,75,bed,41.33
1,2023-09-11,34,Emergency,75,bed,45.33
1,2023-09-12,26,Emergency,75,bed,34.67
1,2023-09-13,25,Emergency,75,bed,33.33
1,2023-09-14,18,Emergency,75,bed,24.0
1,2023-09-15,18,Emergency,75,bed,24.0
1,2023-09-16,19,Emergency,75,bed,25.33
1,2023-09-17,19,Emergency,75,bed,25.33
1,2023-09-18,17,Emergency,75,bed,22.67
1,2023-09-19,19,Emergency,75,bed,25.33
1,2023-09-20,18,Emergency,75,bed,24.0
1,2023-09-21,18,Emergency,75,bed,24.0
1,2023-09-22,19,Emergency,75,bed,25.33
1,2023-09-23,18,Emergency,75,bed,24.0
1,2023-09-24,17,Emergency,75,bed,22.67
1,2023-09-25,23,Emergency,75,bed,30.67
1,2023-09-26,21,Emergency,75,bed,28.0
1,2023-09-27,21,Emergency,75,bed,28.0
1,2023-09-28,24,Emergency,75,bed,32.0
1,2023-09-29,22,Emergency,75,bed,29.33
1,2023-09-30,22,Emergency,75,bed,29.33
1,2023-10-01,19,Emergency,75,bed,25.33
1,2023-10-02,17,Emergency,75,bed,22.67
1,2023-10-03,19,Emergency,75,bed,25.33
1,2023-10-04,18,Emergency,75,bed,24.0
1,2023-10-05,21,Emergency,75,bed,28.0
1,2023-10-06,20,Emergency,75,bed,26.67
1,2023-10-07,19,Emergency,75,bed,25.33
1,2023-10-08,23,Emergency,75,bed,30.67
1,2023-10-09,23,Emergency,75,bed,30.67
1,2023-10-10,23,Emergency,75,bed,30.67
1,2023-10-11,19,Emergency,75,bed,25.33
1,2023-10-12,20,Emergency,75,bed,26.67
1,2023-10-13,20,Emergency,75,bed,26.67
1,2023-10-14,22,Emergency,75,bed,29.33
1,2023-10-15,20,Emergency,75,bed,26.67
1,2023-10-16,20,Emergency,75,bed,26.67
1,2023-10-17,18,Emergency,75,bed,24.0
1,2023-10-18,23,Emergency,75,bed,30.67
1,2023-10-19,20,Emergency,75,bed,26.67
1,2023-10-20,19,Emergency,75,bed,25.33
1,2023-10-21,24,Emergency,75,bed,32.0
1,2023-10-22,24,Emergency,75,bed,32.0
1,2023-10-23,24,Emergency,75,bed,32.0
1,2023-10-24,24,Emergency,75,bed,32.0
1,2023-10-25,21,Emergency,75,bed,28.0
1,2023-10-26,22,Emergency,75,bed,29.33
1,2023-10-27,24,Emergency,75,bed,32.0
1,2023-10-28,20,Emergency,75,bed,26.67
1,2023-10-29,20,Emergency,75,bed,26.67
1,2023-10-30,25,Emergency,75,bed,33.33
1,2023-10-31,23,Emergency,75,bed,30.67
1,2023-11-01,30,Emergency,75,bed,40.0
1,2023-11-02,30,Emergency,75,bed,40.0
1,2023-11-03,28,Emergency,75,bed,37.33
1,2023-11-04,28,Emergency,75,bed,37.33
1,2023-11-05,25,Emergency,75,bed,33.33
1,2023-11-06,25,Emergency,75,bed,33.33
1,2023-11-07,26,Emergency,75,bed,34.67
1,2023-11-08,28,Emergency,75,bed,37.33
1,2023-11-09,27,Emergency,75,bed,36.0
1,2023-11-10,26,Emergency,75,bed,34.67
1,2023-11-11,21,Emergency,75,bed,28.0
1,2023-11-12,19,Emergency,75,bed,25.33
1,2023-11-13,21,Emergency,75,bed,28.0
1,2023-11-14,22,Emergency,75,bed,29.33
1,2023-11-15,21,Emergency,75,bed,28.0
1,2023-11-16,20,Emergency,75,bed,26.67
1,2023-11-17,13,Emergency,75,bed,17.33
1,2023-11-18,13,Emergency,75,bed,17.33
1,2023-11-19,16,Emergency,75,bed,21.33
1,2023-11-20,16,Emergency,75,bed,21.33
1,2023-11-21,19,Emergency,75,bed,25.33
1,2023-11-22,18,Emergency,75,bed,24.0
1,2023-11-23,19,Emergency,75,bed,25.33
1,2023-11-24,18,Emergency,75,bed,24.0
1,2023-11-25,20,Emergency,75,bed,26.67
1,2023-11-26,23,Emergency,75,bed,30.67
1,2023-11-27,20,Emergency,75,bed,26.67
1,2023-11-28,21,Emergency,75,bed,28.0
1,2023-11-29,20,Emergency,75,bed,26.67
1,2023-11-30,22,Emergency,75,bed,29.33
1,2023-12-01,18,Emergency,75,bed,24.0
1,2023-12-02,27,Emergency,75,bed,36.0
1,2023-12-03,24,Emergency,75,bed,32.0
1,2023-12-04,23,Emergency,75,bed,30.67
1,2023-12-05,23,Emergency,75,bed,30.67
1,2023-12-06,22,Emergency,75,bed,29.33
1,2023-12-07,24,Emergency,75,bed,32.0
1,2023-12-08,26,Emergency,75,bed,34.67
1,2023-12-09,26,Emergency,75,bed,34.67
1,2023-12-10,29,Emergency,75,bed,38.67
1,2023-12-11,26,Emergency,75,bed,34.67
1,2023-12-12,24,Emergency,75,bed,32.0
1,2023-12-13,27,Emergency,75,bed,36.0
1,2023-12-14,23,Emergency,75,bed,30.67
1,2023-12-15,18,Emergency,75,bed,24.0
1,2023-12-16,18,Emergency,75,bed,24.0
1,2023-12-17,18,Emergency,75,bed,24.0
1,2023-12-18,21,Emergency,75,bed,28.0
1,2023-12-19,25,Emergency,75,bed,33.33
1,2023-12-20,27,Emergency,75,bed,36.0
1,2023-12-21,21,Emergency,75,bed,28.0
1,2023-12-22,21,Emergency,75,bed,28.0
1,2023-12-23,19,Emergency,75,bed,25.33
1,2023-12-24,24,Emergency,75,bed,32.0
1,2023-12-25,24,Emergency,75,bed,32.0
1,2023-12-26,24,Emergency,75,bed,32.0
1,2023-12-27,29,Emergency,75,bed,38.67
1,2023-12-28,25,Emergency,75,bed,33.33
1,2023-12-29,24,Emergency,75,bed,32.0
1,2023-12-30,22,Emergency,75,bed,29.33
1,2023-12-31,24,Emergency,75,bed,32.0
1,2024-01-01,27,Emergency,75,bed,36.0
1,2024-01-02,25,Emergency,75,bed,33.33
1,2024-01-03,24,Emergency,75,bed,32.0
1,2024-01-04,23,Emergency,75,bed,30.67
1,2024-01-05,26,Emergency,75,bed,34.67
1,2024-01-06,32,Emergency,75,bed,42.67
1,2024-01-07,30,Emergency,75,bed,40.0
1,2024-01-08,27,Emergency,75,bed,36.0
1,2024-01-09,24,Emergency,75,bed,32.0
1,2024-01-10,28,Emergency,75,bed,37.33
1,2024-01-11,26,Emergency,75,bed,34.67
1,2024-01-12,28,Emergency,75,bed,37.33
1,2024-01-13,30,Emergency,75,bed,40.0
1,2024-01-14,29,Emergency,75,bed,38.67
1,2024-01-15,30,Emergency,75,bed,40.0
1,2024-01-16,27,Emergency,75,bed,36.0
1,2024-01-17,24,Emergency,75,bed,32.0
1,2024-01-18,22,Emergency,75,bed,29.33
1,2024-01-19,20,Emergency,75,bed,26.67
1,2024-01-20,19,Emergency,75,bed,25.33
1,2024-01-21,17,Emergency,75,bed,22.67
1,2024-01-22,13,Emergency,75,bed,17.33
1,2024-01-23,13,Emergency,75,bed,17.33
1,2024-01-24,14,Emergency,75,bed,18.67
1,2024-01-25,12,Emergency,75,bed,16.0
1,2024-01-26,11,Emergency,75,bed,14.67
1,2024-01-27,13,Emergency,75,bed,17.33
1,2024-01-28,15,Emergency,75,bed,20.0
1,2024-01-29,17,Emergency,75,bed,22.67
1,2024-01-30,20,Emergency,75,bed,26.67
1,2024-01-31,22,Emergency,75,bed,29.33
1,2024-02-01,23,Emergency,75,bed,30.67
1,2024-02-02,22,Emergency,75,bed,29.33
1,2024-02-03,26,Emergency,75,bed,34.67
1,2024-02-04,25,Emergency,75,bed,33.33
1,2024-02-05,23,Emergency,75,bed,30.67
1,2024-02-06,21,Emergency,75,bed,28.0
1,2024-02-07,20,Emergency,75,bed,26.67
1,2024-02-08,18,Emergency,75,bed,24.0
1,2024-02-09,17,Emergency,75,bed,22.67
1,2024-02-10,19,Emergency,75,bed,25.33
1,2024-02-11,17,Emergency,75,bed,22.67
1,2024-02-12,17,Emergency,75,bed,22.67
1,2024-02-13,18,Emergency,75,bed,24.0
1,2024-02-14,17,Emergency,75,bed,22.67
1,2024-02-15,20,Emergency,75,bed,26.67
1,2024-02-16,18,Emergency,75,bed,24.0
1,2024-02-17,15,Emergency,75,bed,20.0
1,2024-02-18,20,Emergency,75,bed,26.67
1,2024-02-19,19,Emergency,75,bed,25.33
1,2024-02-20,17,Emergency,75,bed,22.67
1,2024-02-21,14,Emergency,75,bed,18.67
1,2024-02-22,17,Emergency,75,bed,22.67
1,2024-02-23,22,Emergency,75,bed,29.33
1,2024-02-24,19,Emergency,75,bed,25.33
1,2024-02-25,14,Emergency,75,bed,18.67
1,2024-02-26,14,Emergency,75,bed,18.67
1,2024-02-27,18,Emergency,75,bed,24.0
1,2024-02-28,21,Emergency,75,bed,28.0
1,2024-02-29,21,Emergency,75,bed,28.0
1,2024-03-01,21,Emergency,75,bed,28.0
1,2024-03-02,23,Emergency,75,bed,30.67
1,2024-03-03,24,Emergency,75,bed,32.0
1,2024-03-04,25,Emergency,75,bed,33.33
1,2024-03-05,23,Emergency,75,bed,30.67
1,2024-03-06,22,Emergency,75,bed,29.33
1,2024-03-07,25,Emergency,75,bed,33.33
1,2024-03-08,23,Emergency,75,bed,30.67
1,2024-03-09,23,Emergency,75,bed,30.67
1,2024-03-10,24,Emergency,75,bed,32.0
1,2024-03-11,26,Emergency,75,bed,34.67
1,2024-03-12,27,Emergency,75,bed,36.0
1,2024-03-13,22,Emergency,75,bed,29.33
1,2024-03-14,24,Emergency,75,bed,32.0
1,2024-03-15,19,Emergency,75,bed,25.33
1,2024-03-16,16,Emergency,75,bed,21.33
1,2024-03-17,15,Emergency,75,bed,20.0
1,2024-03-18,16,Emergency,75,bed,21.33
1,2024-03-19,20,Emergency,75,bed,26.67
1,2024-03-20,21,Emergency,75,bed,28.0
1,2024-03-21,19,Emergency,75,bed,25.33
1,2024-03-22,20,Emergency,75,bed,26.67
1,2024-03-23,19,Emergency,75,bed,25.33
1,2024-03-24,17,Emergency,75,bed,22.67
1,2024-03-25,23,Emergency,75,bed,30.67
1,2024-03-26,18,Emergency,75,bed,24.0
1,2024-03-27,18,Emergency,75,bed,24.0
1,2024-03-28,14,Emergency,75,bed,18.67
1,2024-03-29,16,Emergency,75,bed,21.33
1,2024-03-30,20,Emergency,75,bed,26.67
1,2024-03-31,26,Emergency,75,bed,34.67
1,2024-04-01,24,Emergency,75,bed,32.0
1,2024-04-02,26,Emergency,75,bed,34.67
1,2024-04-03,27,Emergency,75,bed,36.0
1,2024-04-04,27,Emergency,75,bed,36.0
1,2024-04-05,25,Emergency,75,bed,33.33
1,2024-04-06,27,Emergency,75,bed,36.0
1,2024-04-07,30,Emergency,75,bed,40.0
1,2024-04-08,30,Emergency,75,bed,40.0
1,2024-04-09,26,Emergency,75,bed,34.67
1,2024-04-10,23,Emergency,75,bed,30.67
1,2024-04-11,23,Emergency,75,bed,30.67
1,2024-04-12,22,Emergency,75,bed,29.33
1,2024-04-13,21,Emergency,75,bed,28.0
1,2024-04-14,25,Emergency,75,bed,33.33
1,2024-04-15,21,Emergency,75,bed,28.0
1,2024-04-16,24,Emergency,75,bed,32.0
1,2024-04-17,25,Emergency,75,bed,33.33
1,2024-04-18,26,Emergency,75,bed,34.67
1,2024-04-19,26,Emergency,75,bed,34.67
1,2024-04-20,27,Emergency,75,bed,36.0
1,2024-04-21,22,Emergency,75,bed,29.33
1,2024-04-22,24,Emergency,75,bed,32.0
1,2024-04-23,24,Emergency,75,bed,32.0
1,2024-04-24,21,Emergency,75,bed,28.0
1,2024-04-25,23,Emergency,75,bed,30.67
1,2024-04-26,24,Emergency,75,bed,32.0
1,2024-04-27,31,Emergency,75,bed,41.33
1,2024-04-28,32,Emergency,75,bed,42.67
1,2024-04-29,36,Emergency,75,bed,48.0
1,2024-04-30,36,Emergency,75,bed,48.0
1,2024-05-01,36,Emergency,75,bed,48.0
1,2024-05-02,34,Emergency,75,bed,45.33
1,2024-05-03,27,Emergency,75,bed,36.0
1,2024-05-04,32,Emergency,75,bed,42.67
1,2024-05-05,26,Emergency,75,bed,34.67
1,2024-05-06,28,Emergency,75,bed,37.33
1,2024-05-07,24,Emergency,75,bed,32.0
1,2024-05-08,20,Emergency,75,bed,26.67
1,2024-05-09,24,Emergency,75,bed,32.0
1,2024-05-10,25,Emergency,75,bed,33.33
1,2024-05-11,27,Emergency,75,bed,36.0
1,2024-05-12,22,Emergency,75,bed,29.33
1,2024-05-13,21,Emergency,75,bed,28.0
1,2024-05-14,19,Emergency,75,bed,25.33
1,2024-05-15,16,Emergency,75,bed,21.33
1,2024-05-16,18,Emergency,75,bed,24.0
1,2024-05-17,17,Emergency,75,bed,22.67
1,2024-05-18,15,Emergency,75,bed,20.0
1,2024-05-19,15,Emergency,75,bed,20.0
1,2024-05-20,16,Emergency,75,bed,21.33
1,2024-05-21,10,Emergency,75,bed,13.33
1,2024-05-22,13,Emergency,75,bed,17.33
1,2024-05-23,12,Emergency,75,bed,16.0
1,2024-05-24,18,Emergency,75,bed,24.0
1,2024-05-25,23,Emergency,75,bed,30.67
1,2024-05-26,22,Emergency,75,bed,29.33
1,2024-05-27,28,Emergency,75,bed,37.33
1,2024-05-28,29,Emergency,75,bed,38.67
1,2024-05-29,22,Emergency,75,bed,29.33
1,2024-05-30,19,Emergency,75,bed,25.33
1,2024-05-31,19,Emergency,75,bed,25.33
1,2024-06-01,19,Emergency,75,bed,25.33
1,2024-06-02,22,Emergency,75,bed,29.33
1,2024-06-03,25,Emergency,75,bed,33.33
1,2024-06-04,27,Emergency,75,bed,36.0
1,2024-06-05,24,Emergency,75,bed,32.0
1,2024-06-06,23,Emergency,75,bed,30.67
1,2024-06-07,22,Emergency,75,bed,29.33
1,2024-06-08,25,Emergency,75,bed,33.33
1,2024-06-09,20,Emergency,75,bed,26.67
1,2024-06-10,16,Emergency,75,bed,21.33
1,2024-06-11,13,Emergency,75,bed,17.33
1,2024-06-12,15,Emergency,75,bed,20.0
1,2024-06-13,18,Emergency,75,bed,24.0
1,2024-06-14,20,Emergency,75,bed,26.67
1,2024-06-15,19,Emergency,75,bed,25.33
1,2024-06-16,19,Emergency,75,bed,25.33
1,2024-06-17,23,Emergency,75,bed,30.67
1,2024-06-18,22,Emergency,75,bed,29.33
1,2024-06-19,25,Emergency,75,bed,33.33
1,2024-06-20,24,Emergency,75,bed,32.0
1,2024-06-21,27,Emergency,75,bed,36.0
1,2024-06-22,25,Emergency,75,bed,33.33
1,2024-06-23,27,Emergency,75,bed,36.0
1,2024-06-24,26,Emergency,75,bed,34.67
1,2024-06-25,23,Emergency,75,bed,30.67
1,2024-06-26,24,Emergency,75,bed,32.0
1,2024-06-27,19,Emergency,75,bed,25.33
1,2024-06-28,20,Emergency,75,bed,26.67
1,2024-06-29,23,Emergency,75,bed,30.67
1,2024-06-30,24,Emergency,75,bed,32.0
1,2024-07-01,23,Emergency,75,bed,30.67
1,2024-07-02,25,Emergency,75,bed,33.33
1,2024-07-03,27,Emergency,75,bed,36.0
1,2024-07-04,24,Emergency,75,bed,32.0
1,2024-07-05,27,Emergency,75,bed,36.0
1,2024-07-06,29,Emergency,75,bed,38.67
1,2024-07-07,28,Emergency,75,bed,37.33
1,2024-07-08,28,Emergency,75,bed,37.33
1,2024-07-09,25,Emergency,75,bed,33.33
1,2024-07-10,21,Emergency,75,bed,28.0
1,2024-07-11,20,Emergency,75,bed,26.67
1,2024-07-12,21,Emergency,75,bed,28.0
1,2024-07-13,22,Emergency,75,bed,29.33
1,2024-07-14,17,Emergency,75,bed,22.67
1,2024-07-15,18,Emergency,75,bed,24.0
1,2024-07-16,19,Emergency,75,bed,25.33
1,2024-07-17,22,Emergency,75,bed,29.33
1,2024-07-18,27,Emergency,75,bed,36.0
1,2024-07-19,25,Emergency,75,bed,33.33
1,2024-07-20,26,Emergency,75,bed,34.67
1,2024-07-21,26,Emergency,75,bed,34.67
1,2024-07-22,24,Emergency,75,bed,32.0
1,2024-07-23,22,Emergency,75,bed,29.33
1,2024-07-24,23,Emergency,75,bed,30.67
1,2024-07-25,23,Emergency,75,bed,30.67
1,2024-07-26,20,Emergency,75,bed,26.67
1,2024-07-27,21,Emergency,75,bed,28.0
1,2024-07-28,24,Emergency,75,bed,32.0
1,2024-07-29,25,Emergency,75,bed,33.33
1,2024-07-30,22,Emergency,75,bed,29.33
1,2024-07-31,22,Emergency,75,bed,29.33
1,2024-08-01,23,Emergency,75,bed,30.67
1,2024-08-02,23,Emergency,75,bed,30.67
1,2024-08-03,26,Emergency,75,bed,34.67
1,2024-08-04,32,Emergency,75,bed,42.67
1,2024-08-05,33,Emergency,75,bed,44.0
1,2024-08-06,30,Emergency,75,bed,40.0
1,2024-08-07,30,Emergency,75,bed,40.0
1,2024-08-08,31,Emergency,75,bed,41.33
1,2024-08-09,32,Emergency,75,bed,42.67
1,2024-08-10,30,Emergency,75,bed,40.0
1,2024-08-11,32,Emergency,75,bed,42.67
1,2024-08-12,32,Emergency,75,bed,42.67
1,2024-08-13,29,Emergency,75,bed,38.67
1,2024-08-14,27,Emergency,75,bed,36.0
1,2024-08-15,27,Emergency,75,bed,36.0
1,2024-08-16,28,Emergency,75,bed,37.33
1,2024-08-17,29,Emergency,75,bed,38.67
1,2024-08-18,25,Emergency,75,bed,33.33
1,2024-08-19,21,Emergency,75,bed,28.0
1,2024-08-20,18,Emergency,75,bed,24.0
1,2024-08-21,13,Emergency,75,bed,17.33
1,2024-08-22,14,Emergency,75,bed,18.67
1,2024-08-23,16,Emergency,75,bed,21.33
1,2024-08-24,12,Emergency,75,bed,16.0
1,2024-08-25,13,Emergency,75,bed,17.33
1,2024-08-26,16,Emergency,75,bed,21.33
1,2024-08-27,12,Emergency,75,bed,16.0
1,2024-08-28,16,Emergency,75,bed,21.33
1,2024-08-29,19,Emergency,75,bed,25.33
1,2024-08-30,16,Emergency,75,bed,21.33
1,2024-08-31,18,Emergency,75,bed,24.0
1,2024-09-01,21,Emergency,75,bed,28.0
1,2024-09-02,21,Emergency,75,bed,28.0
1,2024-09-03,23,Emergency,75,bed,30.67
1,2024-09-04,23,Emergency,75,bed,30.67
1,2024-09-05,26,Emergency,75,bed,34.67
1,2024-09-06,25,Emergency,75,bed,33.33
1,2024-09-07,24,Emergency,75,bed,32.0
1,2024-09-08,22,Emergency,75,bed,29.33
1,2024-09-09,20,Emergency,75,bed,26.67
1,2024-09-10,16,Emergency,75,bed,21.33
1,2024-09-11,15,Emergency,75,bed,20.0
1,2024-09-12,12,Emergency,75,bed,16.0
1,2024-09-13,15,Emergency,75,bed,20.0
1,2024-09-14,17,Emergency,75,bed,22.67
1,2024-09-15,18,Emergency,75,bed,24.0
1,2024-09-16,20,Emergency,75,bed,26.67
1,2024-09-17,20,Emergency,75,bed,26.67
1,2024-09-18,18,Emergency,75,bed,24.0
1,2024-09-19,19,Emergency,75,bed,25.33
1,2024-09-20,22,Emergency,75,bed,29.33
1,2024-09-21,25,Emergency,75,bed,33.33
1,2024-09-22,24,Emergency,75,bed,32.0
1,2024-09-23,20,Emergency,75,bed,26.67
1,2024-09-24,20,Emergency,75,bed,26.67
1,2024-09-25,23,Emergency,75,bed,30.67
1,2024-09-26,27,Emergency,75,bed,36.0
1,2024-09-27,29,Emergency,75,bed,38.67
1,2024-09-28,33,Emergency,75,bed,44.0
1,2024-09-29,28,Emergency,75,bed,37.33
1,2024-09-30,24,Emergency,75,bed,32.0
1,2024-10-01,18,Emergency,75,bed,24.0
1,2024-10-02,20,Emergency,75,bed,26.67
1,2024-10-03,19,Emergency,75,bed,25.33
1,2024-10-04,24,Emergency,75,bed,32.0
1,2024-10-05,24,Emergency,75,bed,32.0
1,2024-10-06,23,Emergency,75,bed,30.67
1,2024-10-07,22,Emergency,75,bed,29.33
1,2024-10-08,20,Emergency,75,bed,26.67
1,2024-10-09,21,Emergency,75,bed,28.0
1,2024-10-10,24,Emergency,75,bed,32.0
1,2024-10-11,23,Emergency,75,bed,30.67
1,2024-10-12,21,Emergency,75,bed,28.0
1,2024-10-13,16,Emergency,75,bed,21.33
1,2024-10-14,19,Emergency,75,bed,25.33
1,2024-10-15,22,Emergency,75,bed,29.33
1,2024-10-16,26,Emergency,75,bed,34.67
1,2024-10-17,23,Emergency,75,bed,30.67
1,2024-10-18,23,Emergency,75,bed,30.67
1,2024-10-19,23,Emergency,75,bed,30.67
1,2024-10-20,15,Emergency,75,bed,20.0
1,2024-10-21,17,Emergency,75,bed,22.67
1,2024-10-22,20,Emergency,75,bed,26.67
1,2024-10-23,22,Emergency,75,bed,29.33
1,2024-10-24,21,Emergency,75,bed,28.0
1,2024-10-25,21,Emergency,75,bed,28.0
1,2024-10-26,17,Emergency,75,bed,22.67
1,2024-10-27,19,Emergency,75,bed,25.33
1,2024-10-28,18,Emergency,75,bed,24.0
1,2024-10-29,16,Emergency,75,bed,21.33
1,2024-10-30,17,Emergency,75,bed,22.67
1,2024-10-31,20,Emergency,75,bed,26.67
1,2024-11-01,21,Emergency,75,bed,28.0
1,2024-11-02,19,Emergency,75,bed,25.33
1,2024-11-03,24,Emergency,75,bed,32.0
1,2024-11-04,21,Emergency,75,bed,28.0
1,2024-11-05,20,Emergency,75,bed,26.67
1,2024-11-06,21,Emergency,75,bed,28.0
1,2024-11-07,18,Emergency,75,bed,24.0
1,2024-11-08,17,Emergency,75,bed,22.67
1,2024-11-09,23,Emergency,75,bed,30.67
1,2024-11-10,25,Emergency,75,bed,33.33
1,2024-11-11,23,Emergency,75,bed,30.67
1,2024-11-12,24,Emergency,75,bed,32.0
1,2024-11-13,23,Emergency,75,bed,30.67
1,2024-11-14,22,Emergency,75,bed,29.33
1,2024-11-15,32,Emergency,75,bed,42.67
1,2024-11-16,29,Emergency,75,bed,38.67
1,2024-11-17,28,Emergency,75,bed,37.33
1,2024-11-18,29,Emergency,75,bed,38.67
1,2024-11-19,27,Emergency,75,bed,36.0
1,2024-11-20,27,Emergency,75,bed,36.0
1,2024-11-21,27,Emergency,75,bed,36.0
1,2024-11-22,28,Emergency,75,bed,37.33
1,2024-11-23,25,Emergency,75,bed,33.33
1,2024-11-24,25,Emergency,75,bed,33.33
1,2024-11-25,26,Emergency,75,bed,34.67
1,2024-11-26,30,Emergency,75,bed,40.0
1,2024-11-27,31,Emergency,75,bed,41.33
1,2024-11-28,25,Emergency,75,bed,33.33
1,2024-11-29,21,Emergency,75,bed,28.0
1,2024-11-30,20,Emergency,75,bed,26.67
1,2024-12-01,20,Emergency,75,bed,26.67
1,2024-12-02,19,Emergency,75,bed,25.33
1,2024-12-03,21,Emergency,75,bed,28.0
1,2024-12-04,16,Emergency,75,bed,21.33
1,2024-12-05,17,Emergency,75,bed,22.67
1,2024-12-06,17,Emergency,75,bed,22.67
1,2024-12-07,16,Emergency,75,bed,21.33
1,2024-12-08,19,Emergency,75,bed,25.33
1,2024-12-09,20,Emergency,75,bed,26.67
1,2024-12-10,23,Emergency,75,bed,30.67
1,2024-12-11,18,Emergency,75,bed,24.0
1,2024-12-12,18,Emergency,75,bed,24.0
1,2024-12-13,22,Emergency,75,bed,29.33
1,2024-12-14,22,Emergency,75,bed,29.33
1,2024-12-15,24,Emergency,75,bed,32.0
1,2024-12-16,23,Emergency,75,bed,30.67
1,2024-12-17,16,Emergency,75,bed,21.33
1,2024-12-18,16,Emergency,75,bed,21.33
1,2024-12-19,14,Emergency,75,bed,18.67
1,2024-12-20,17,Emergency,75,bed,22.67
1,2024-12-21,21,Emergency,75,bed,28.0
1,2024-12-22,19,Emergency,75,bed,25.33
1,2024-12-23,19,Emergency,75,bed,25.33
1,2024-12-24,22,Emergency,75,bed,29.33
1,2024-12-25,20,Emergency,75,bed,26.67
1,2024-12-26,19,Emergency,75,bed,25.33
1,2024-12-27,23,Emergency,75,bed,30.67
1,2024-12-28,26,Emergency,75,bed,34.67
1,2024-12-29,23,Emergency,75,bed,30.67
1,2024-12-30,25,Emergency,75,bed,33.33
1,2024-12-31,25,Emergency,75,bed,33.33
1,2025-01-01,24,Emergency,75,bed,32.0
1,2025-01-02,23,Emergency,75,bed,30.67
1,2025-01-03,23,Emergency,75,bed,30.67
1,2025-01-04,22,Emergency,75,bed,29.33
1,2025-01-05,20,Emergency,75,bed,26.67
1,2025-01-06,25,Emergency,75,bed,33.33
1,2025-01-07,30,Emergency,75,bed,40.0
1,2025-01-08,28,Emergency,75,bed,37.33
1,2025-01-09,25,Emergency,75,bed,33.33
1,2025-01-10,23,Emergency,75,bed,30.67
1,2025-01-11,25,Emergency,75,bed,33.33
1,2025-01-12,26,Emergency,75,bed,34.67
1,2025-01-13,26,Emergency,75,bed,34.67
1,2025-01-14,27,Emergency,75,bed,36.0
1,2025-01-15,28,Emergency,75,bed,37.33
1,2025-01-16,25,Emergency,75,bed,33.33
1,2025-01-17,25,Emergency,75,bed,33.33
1,2025-01-18,18,Emergency,75,bed,24.0
1,2025-01-19,18,Emergency,75,bed,24.0
1,2025-01-20,18,Emergency,75,bed,24.0
1,2025-01-21,23,Emergency,75,bed,30.67
1,2025-01-22,23,Emergency,75,bed,30.67
1,2025-01-23,21,Emergency,75,bed,28.0
1,2025-01-24,22,Emergency,75,bed,29.33
1,2025-01-25,23,Emergency,75,bed,30.67
1,2025-01-26,23,Emergency,75,bed,30.67
1,2025-01-27,25,Emergency,75,bed,33.33
1,2025-01-28,27,Emergency,75,bed,36.0
1,2025-01-29,28,Emergency,75,bed,37.33
1,2025-01-30,26,Emergency,75,bed,34.67
1,2025-01-31,28,Emergency,75,bed,37.33
1,2025-02-01,27,Emergency,75,bed,36.0
1,2025-02-02,25,Emergency,75,bed,33.33
1,2025-02-03,25,Emergency,75,bed,33.33
1,2025-02-04,29,Emergency,75,bed,38.67
1,2025-02-05,23,Emergency,75,bed,30.67
1,2025-02-06,20,Emergency,75,bed,26.67
1,2025-02-07,26,Emergency,75,bed,34.67
1,2025-02-08,24,Emergency,75,bed,32.0
1,2025-02-09,24,Emergency,75,bed,32.0
1,2025-02-10,25,Emergency,75,bed,33.33
1,2025-02-11,23,Emergency,75,bed,30.67
1,2025-02-12,21,Emergency,75,bed,28.0
1,2025-02-13,22,Emergency,75,bed,29.33
1,2025-02-14,25,Emergency,75,bed,33.33
1,2025-02-15,27,Emergency,75,bed,36.0
1,2025-02-16,28,Emergency,75,bed,37.33
1,2025-02-17,23,Emergency,75,bed,30.67
1,2025-02-18,22,Emergency,75,bed,29.33
1,2025-02-19,22,Emergency,75,bed,29.33
1,2025-02-20,26,Emergency,75,bed,34.67
1,2025-02-21,26,Emergency,75,bed,34.67
1,2025-02-22,22,Emergency,75,bed,29.33
1,2025-02-23,19,Emergency,75,bed,25.33
1,2025-02-24,20,Emergency,75,bed,26.67
1,2025-02-25,22,Emergency,75,bed,29.33
1,2025-02-26,22,Emergency,75,bed,29.33
1,2025-02-27,24,Emergency,75,bed,32.0
1,2025-02-28,24,Emergency,75,bed,32.0
1,2025-03-01,25,Emergency,75,bed,33.33
1,2025-03-02,20,Emergency,75,bed,26.67
1,2025-03-03,17,Emergency,75,bed,22.67
1,2025-03-04,18,Emergency,75,bed,24.0
1,2025-03-05,20,Emergency,75,bed,26.67
1,2025-03-06,21,Emergency,75,bed,28.0
1,2025-03-07,24,Emergency,75,bed,32.0
1,2025-03-08,25,Emergency,75,bed,33.33
1,2025-03-09,25,Emergency,75,bed,33.33
1,2025-03-10,27,Emergency,75,bed,36.0
1,2025-03-11,26,Emergency,75,bed,34.67
1,2025-03-12,25,Emergency,75,bed,33.33
1,2025-03-13,27,Emergency,75,bed,36.0
1,2025-03-14,29,Emergency,75,bed,38.67
1,2025-03-15,27,Emergency,75,bed,36.0
1,2025-03-16,24,Emergency,75,bed,32.0
1,2025-03-17,19,Emergency,75,bed,25.33
1,2025-03-18,20,Emergency,75,bed,26.67
1,2025-03-19,20,Emergency,75,bed,26.67
1,2025-03-20,22,Emergency,75,bed,29.33
1,2025-03-21,23,Emergency,75,bed,30.67
1,2025-03-22,22,Emergency,75,bed,29.33
1,2025-03-23,18,Emergency,75,bed,24.0
1,2025-03-24,21,Emergency,75,bed,28.0
1,2025-03-25,17,Emergency,75,bed,22.67
1,2025-03-26,20,Emergency,75,bed,26.67
1,2025-03-27,24,Emergency,75,bed,32.0
1,2025-03-28,28,Emergency,75,bed,37.33
1,2025-03-29,27,Emergency,75,bed,36.0
1,2025-03-30,30,Emergency,75,bed,40.0
1,2025-03-31,24,Emergency,75,bed,32.0
1,2025-04-01,23,Emergency,75,bed,30.67
1,2025-04-02,20,Emergency,75,bed,26.67
1,2025-04-03,22,Emergency,75,bed,29.33
1,2025-04-04,25,Emergency,75,bed,33.33
1,2025-04-05,24,Emergency,75,bed,32.0
1,2025-04-06,29,Emergency,75,bed,38.67
1,2025-04-07,32,Emergency,75,bed,42.67
1,2025-04-08,35,Emergency,75,bed,46.67
1,2025-04-09,32,Emergency,75,bed,42.67
1,2025-04-10,26,Emergency,75,bed,34.67
1,2025-04-11,23,Emergency,75,bed,30.67
1,2025-04-12,19,Emergency,75,bed,25.33
1,2025-04-13,22,Emergency,75,bed,29.33
1,2025-04-14,19,Emergency,75,bed,25.33
1,2025-04-15,18,Emergency,75,bed,24.0
1,2025-04-16,19,Emergency,75,bed,25.33
1,2025-04-17,18,Emergency,75,bed,24.0
1,2025-04-18,18,Emergency,75,bed,24.0
1,2025-04-19,16,Emergency,75,bed,21.33
1,2025-04-20,17,Emergency,75,bed,22.67
1,2025-04-21,17,Emergency,75,bed,22.67
1,2025-04-22,18,Emergency,75,bed,24.0
1,2025-04-23,21,Emergency,75,bed,28.0
1,2025-04-24,20,Emergency,75,bed,26.67
1,2025-04-25,24,Emergency,75,bed,32.0
1,2025-04-26,26,Emergency,75,bed,34.67
1,2025-04-27,23,Emergency,75,bed,30.67
1,2025-04-28,23,Emergency,75,bed,30.67
1,2025-04-29,20,Emergency,75,bed,26.67
1,2025-04-30,19,Emergency,75,bed,25.33
1,2025-05-01,19,Emergency,75,bed,25.33
1,2025-05-02,20,Emergency,75,bed,26.67
1,2025-05-03,21,Emergency,75,bed,28.0
1,2025-05-04,25,Emergency,75,bed,33.33
1,2025-05-05,26,Emergency,75,bed,34.67
1,2025-05-06,28,Emergency,75,bed,37.33
1,2025-05-07,28,Emergency,75,bed,37.33
1,2025-05-08,26,Emergency,75,bed,34.67
1,2025-05-09,28,Emergency,75,bed,37.33
1,2025-05-10,25,Emergency,75,bed,33.33
1,2025-05-11,23,Emergency,75,bed,30.67
1,2025-05-12,24,Emergency,75,bed,32.0
1,2025-05-13,23,Emergency,75,bed,30.67
1,2025-05-14,22,Emergency,75,bed,29.33
1,2025-05-15,22,Emergency,75,bed,29.33
1,2025-05-16,21,Emergency,75,bed,28.0
1,2025-05-17,20,Emergency,75,bed,26.67
1,2025-05-18,23,Emergency,75,bed,30.67
1,2025-05-19,26,Emergency,75,bed,34.67
1,2025-05-20,22,Emergency,75,bed,29.33
1,2025-05-21,26,Emergency,75,bed,34.67
1,2025-05-22,26,Emergency,75,bed,34.67
1,2025-05-23,27,Emergency,75,bed,36.0
1,2025-05-24,27,Emergency,75,bed,36.0
1,2025-05-25,26,Emergency,75,bed,34.67
1,2025-05-26,28,Emergency,75,bed,37.33
1,2025-05-27,26,Emergency,75,bed,34.67
1,2025-05-28,23,Emergency,75,bed,30.67
1,2025-05-29,23,Emergency,75,bed,30.67
1,2025-05-30,24,Emergency,75,bed,32.0
1,2025-05-31,25,Emergency,75,bed,33.33
1,2025-06-01,28,Emergency,75,bed,37.33
1,2025-06-02,26,Emergency,75,bed,34.67
1,2025-06-03,27,Emergency,75,bed,36.0
1,2025-06-04,25,Emergency,75,bed,33.33
1,2025-06-05,26,Emergency,75,bed,34.67
1,2025-06-06,28,Emergency,75,bed,37.33
1,2025-06-07,22,Emergency,75,bed,29.33
1,2025-06-08,23,Emergency,75,bed,30.67
1,2025-06-09,24,Emergency,75,bed,32.0
1,2025-06-10,22,Emergency,75,bed,29.33
1,2025-06-11,21,Emergency,75,bed,28.0
1,2025-06-12,23,Emergency,75,bed,30.67
1,2025-06-13,26,Emergency,75,bed,34.67
1,2025-06-14,29,Emergency,75,bed,38.67
1,2025-06-15,30,Emergency,75,bed,40.0
1,2025-06-16,29,Emergency,75,bed,38.67
1,2025-06-17,26,Emergency,75,bed,34.67
1,2025-06-18,28,Emergency,75,bed,37.33
1,2025-06-19,27,Emergency,75,bed,36.0
1,2025-06-20,23,Emergency,75,bed,30.67
1,2025-06-21,22,Emergency,75,bed,29.33
1,2025-06-22,20,Emergency,75,bed,26.67
1,2025-06-23,16,Emergency,75,bed,21.33
1,2025-06-24,21,Emergency,75,bed,28.0
1,2025-06-25,26,Emergency,75,bed,34.67
1,2025-06-26,23,Emergency,75,bed,30.67
1,2025-06-27,23,Emergency,75,bed,30.67
1,2025-06-28,24,Emergency,75,bed,32.0
1,2025-06-29,22,Emergency,75,bed,29.33
1,2025-06-30,21,Emergency,75,bed,28.0
1,2025-07-01,17,Emergency,75,bed,22.67
1,2025-07-02,20,Emergency,75,bed,26.67
1,2025-07-03,20,Emergency,75,bed,26.67
1,2025-07-04,20,Emergency,75,bed,26.67
1,2025-07-05,22,Emergency,75,bed,29.33
1,2025-07-06,22,Emergency,75,bed,29.33
1,2025-07-07,22,Emergency,75,bed,29.33
1,2025-07-08,21,Emergency,75,bed,28.0
1,2025-07-09,22,Emergency,75,bed,29.33
1,2025-07-10,24,Emergency,75,bed,32.0
1,2025-07-11,27,Emergency,75,bed,36.0
1,2025-07-12,31,Emergency,75,bed,41.33
1,2025-07-13,27,Emergency,75,bed,36.0
1,2025-07-14,28,Emergency,75,bed,37.33
1,2025-07-15,29,Emergency,75,bed,38.67
1,2025-07-16,23,Emergency,75,bed,30.67
1,2025-07-17,19,Emergency,75,bed,25.33
1,2025-07-18,22,Emergency,75,bed,29.33
1,2025-07-19,23,Emergency,75,bed,30.67
1,2025-07-20,25,Emergency,75,bed,33.33
1,2025-07-21,26,Emergency,75,bed,34.67
1,2025-07-22,23,Emergency,75,bed,30.67
1,2025-07-23,21,Emergency,75,bed,28.0
1,2025-07-24,16,Emergency,75,bed,21.33
1,2025-07-25,16,Emergency,75,bed,21.33
1,2025-07-26,20,Emergency,75,bed,26.67
1,2025-07-27,22,Emergency,75,bed,29.33
1,2025-07-28,25,Emergency,75,bed,33.33
1,2025-07-29,25,Emergency,75,bed,33.33
1,2025-07-30,26,Emergency,75,bed,34.67
1,2025-07-31,25,Emergency,75,bed,33.33
1,2025-08-01,27,Emergency,75,bed,36.0
1,2025-08-02,35,Emergency,75,bed,46.67
1,2025-08-03,35,Emergency,75,bed,46.67
1,2025-08-04,32,Emergency,75,bed,42.67
1,2025-08-05,24,Emergency,75,bed,32.0
1,2025-08-06,22,Emergency,75,bed,29.33
1,2025-08-07,20,Emergency,75,bed,26.67
1,2025-08-08,19,Emergency,75,bed,25.33
1,2025-08-09,19,Emergency,75,bed,25.33
1,2025-08-10,20,Emergency,75,bed,26.67
1,2025-08-11,20,Emergency,75,bed,26.67
1,2025-08-12,21,Emergency,75,bed,28.0
1,2025-08-13,18,Emergency,75,bed,24.0
1,2025-08-14,17,Emergency,75,bed,22.67
1,2025-08-15,20,Emergency,75,bed,26.67
1,2025-08-16,22,Emergency,75,bed,29.33
1,2025-08-17,21,Emergency,75,bed,28.0
1,2025-08-18,23,Emergency,75,bed,30.67
1,2025-08-19,21,Emergency,75,bed,28.0
1,2025-08-20,17,Emergency,75,bed,22.67
1,2025-08-21,21,Emergency,75,bed,28.0
1,2025-08-22,21,Emergency,75,bed,28.0
1,2025-08-23,21,Emergency,75,bed,28.0
1,2025-08-24,17,Emergency,75,bed,22.67
1,2025-08-25,23,Emergency,75,bed,30.67
1,2025-08-26,23,Emergency,75,bed,30.67
1,2025-08-27,28,Emergency,75,bed,37.33
1,2025-08-28,28,Emergency,75,bed,37.33
1,2025-08-29,22,Emergency,75,bed,29.33
1,2025-08-30,24,Emergency,75,bed,32.0
1,2025-08-31,22,Emergency,75,bed,29.33
1,2025-09-01,20,Emergency,75,bed,26.67
1,2025-09-02,20,Emergency,75,bed,26.67
1,2025-09-03,19,Emergency,75,bed,25.33
1,2025-09-04,19,Emergency,75,bed,25.33
1,2025-09-05,19,Emergency,75,bed,25.33
1,2025-09-06,20,Emergency,75,bed,26.67
1,2025-09-07,23,Emergency,75,bed,30.67
1,2025-09-08,25,Emergency,75,bed,33.33
1,2025-09-09,21,Emergency,75,bed,28.0
1,2025-09-10,19,Emergency,75,bed,25.33
1,2025-09-11,20,Emergency,75,bed,26.67
1,2025-09-12,18,Emergency,75,bed,24.0
1,2025-09-13,24,Emergency,75,bed,32.0
1,2025-09-14,27,Emergency,75,bed,36.0
1,2025-09-15,24,Emergency,75,bed,32.0
1,2025-09-16,23,Emergency,75,bed,30.67
1,2025-09-17,19,Emergency,75,bed,25.33
1,2025-09-18,20,Emergency,75,bed,26.67
1,2025-09-19,22,Emergency,75,bed,29.33
1,2025-09-20,21,Emergency,75,bed,28.0
1,2025-09-21,28,Emergency,75,bed,37.33
1,2025-09-22,26,Emergency,75,bed,34.67
1,2025-09-23,25,Emergency,75,bed,33.33
1,2025-09-24,17,Emergency,75,bed,22.67
1,2025-09-25,18,Emergency,75,bed,24.0
1,2025-09-26,19,Emergency,75,bed,25.33
1,2025-09-27,19,Emergency,75,bed,25.33
1,2025-09-28,20,Emergency,75,bed,26.67
1,2025-09-29,24,Emergency,75,bed,32.0
1,2025-09-30,22,Emergency,75,bed,29.33
1,2025-10-01,24,Emergency,75,bed,32.0
1,2025-10-02,20,Emergency,75,bed,26.67
1,2025-10-03,26,Emergency,75,bed,34.67
1,2025-10-04,30,Emergency,75,bed,40.0
1,2025-10-05,29,Emergency,75,bed,38.67
1,2025-10-06,26,Emergency,75,bed,34.67
1,2025-10-07,23,Emergency,75,bed,30.67
1,2025-10-08,21,Emergency,75,bed,28.0
1,2025-10-09,18,Emergency,75,bed,24.0
1,2025-10-10,21,Emergency,75,bed,28.0
1,2025-10-11,21,Emergency,75,bed,28.0
1,2025-10-12,28,Emergency,75,bed,37.33
1,2025-10-13,27,Emergency,75,bed,36.0
1,2025-10-14,25,Emergency,75,bed,33.33
1,2025-10-15,26,Emergency,75,bed,34.67
1,2025-10-16,23,Emergency,75,bed,30.67
1,2025-10-17,21,Emergency,75,bed,28.0
1,2025-10-18,20,Emergency,75,bed,26.67
1,2025-10-19,24,Emergency,75,bed,32.0
1,2025-10-20,28,Emergency,75,bed,37.33
1,2025-10-21,30,Emergency,75,bed,40.0
1,2025-10-22,31,Emergency,75,bed,41.33
1,2025-10-23,36,Emergency,75,bed,48.0
1,2025-10-24,34,Emergency,75,bed,45.33
1,2025-10-25,35,Emergency,75,bed,46.67
1,2025-10-26,31,Emergency,75,bed,41.33
1,2025-10-27,26,Emergency,75,bed,34.67
1,2025-10-28,26,Emergency,75,bed,34.67
1,2025-10-29,21,Emergency,75,bed,28.0
1,2025-10-30,18,Emergency,75,bed,24.0
1,2025-10-31,16,Emergency,75,bed,21.33
1,2025-11-01,22,Emergency,75,bed,29.33
1,2025-11-02,23,Emergency,75,bed,30.67
1,2025-11-03,23,Emergency,75,bed,30.67
1,2025-11-04,22,Emergency,75,bed,29.33
1,2025-11-05,20,Emergency,75,bed,26.67
1,2025-11-06,22,Emergency,75,bed,29.33
1,2025-11-07,25,Emergency,75,bed,33.33
1,2025-11-08,29,Emergency,75,bed,38.67
1,2025-11-09,29,Emergency,75,bed,38.67
1,2025-11-10,28,Emergency,75,bed,37.33
1,2025-11-11,26,Emergency,75,bed,34.67
1,2025-11-12,25,Emergency,75,bed,33.33
1,2025-11-13,22,Emergency,75,bed,29.33
1,2025-11-14,22,Emergency,75,bed,29.33
1,2025-11-15,22,Emergency,75,bed,29.33
1,2025-11-16,20,Emergency,75,bed,26.67
1,2025-11-17,27,Emergency,75,bed,36.0
1,2025-11-18,27,Emergency,75,bed,36.0
1,2025-11-19,25,Emergency,75,bed,33.33
1,2025-11-20,26,Emergency,75,bed,34.67
1,2025-11-21,25,Emergency,75,bed,33.33
1,2025-11-22,27,Emergency,75,bed,36.0
1,2025-11-23,29,Emergency,75,bed,38.67
1,2025-11-24,27,Emergency,75,bed,36.0
1,2025-11-25,28,Emergency,75,bed,37.33
1,2025-11-26,31,Emergency,75,bed,41.33
1,2025-11-27,29,Emergency,75,bed,38.67
1,2025-11-28,23,Emergency,75,bed,30.67
1,2025-11-29,23,Emergency,75,bed,30.67
1,2025-11-30,20,Emergency,75,bed,26.67
1,2025-12-01,19,Emergency,75,bed,25.33
1,2025-12-02,17,Emergency,75,bed,22.67
1,2025-12-03,21,Emergency,75,bed,28.0
1,2025-12-04,19,Emergency,75,bed,25.33
1,2025-12-05,18,Emergency,75,bed,24.0
1,2025-12-06,19,Emergency,75,bed,25.33
1,2025-12-07,20,Emergency,75,bed,26.67
1,2025-12-08,21,Emergency,75,bed,28.0
1,2025-12-09,20,Emergency,75,bed,26.67
1,2025-12-10,21,Emergency,75,bed,28.0
1,2025-12-11,22,Emergency,75,bed,29.33
1,2025-12-12,19,Emergency,75,bed,25.33
1,2025-12-13,24,Emergency,75,bed,32.0
1,2025-12-14,27,Emergency,75,bed,36.0
1,2025-12-15,22,Emergency,75,bed,29.33
1,2025-12-16,22,Emergency,75,bed,29.33
1,2025-12-17,21,Emergency,75,bed,28.0
1,2025-12-18,19,Emergency,75,bed,25.33
1,2025-12-19,17,Emergency,75,bed,22.67
1,2025-12-20,18,Emergency,75,bed,24.0
1,2025-12-21,13,Emergency,75,bed,17.33
1,2025-12-22,13,Emergency,75,bed,17.33
1,2025-12-23,12,Emergency,75,bed,16.0
1,2025-12-24,17,Emergency,75,bed,22.67
1,2025-12-25,17,Emergency,75,bed,22.67
1,2025-12-26,18,Emergency,75,bed,24.0
1,2025-12-27,23,Emergency,75,bed,30.67
1,2025-12-28,24,Emergency,75,bed,32.0
1,2025-12-29,29,Emergency,75,bed,38.67
1,2025-12-30,30,Emergency,75,bed,40.0
1,2025-12-31,27,Emergency,75,bed,36.0
1,2026-01-01,23,Emergency,75,bed,30.67
1,2026-01-02,14,Emergency,75,bed,18.67
1,2026-01-03,12,Emergency,75,bed,16.0
1,2026-01-04,9,Emergency,75,bed,12.0
1,2026-01-05,9,Emergency,75,bed,12.0
1,2026-01-06,8,Emergency,75,bed,10.67
1,2026-01-07,3,Emergency,75,bed,4.0
1,2026-01-08,1,Emergency,75,bed,1.33
2,2020-01-01,3,Internal Medicine,65,bed,4.62
2,2020-01-02,5,Internal Medicine,65,bed,7.69
2,2020-01-03,5,Internal Medicine,65,bed,7.69
2,2020-01-04,7,Internal Medicine,65,bed,10.77
2,2020-01-05,9,Internal Medicine,65,bed,13.85
2,2020-01-06,15,Internal Medicine,65,bed,23.08
2,2020-01-07,17,Internal Medicine,65,bed,26.15
2,2020-01-08,17,Internal Medicine,65,bed,26.15
2,2020-01-09,20,Internal Medicine,65,bed,30.77
2,2020-01-10,23,Internal Medicine,65,bed,35.38
2,2020-01-11,19,Internal Medicine,65,bed,29.23
2,2020-01-12,15,Internal Medicine,65,bed,23.08
2,2020-01-13,14,Internal Medicine,65,bed,21.54
2,2020-01-14,17,Internal Medicine,65,bed,26.15
2,2020-01-15,16,Internal Medicine,65,bed,24.62
2,2020-01-16,18,Internal Medicine,65,bed,27.69
2,2020-01-17,15,Internal Medicine,65,bed,23.08
2,2020-01-18,15,Internal Medicine,65,bed,23.08
2,2020-01-19,15,Internal Medicine,65,bed,23.08
2,2020-01-20,11,Internal Medicine,65,bed,16.92
2,2020-01-21,11,Internal Medicine,65,bed,16.92
2,2020-01-22,14,Internal Medicine,65,bed,21.54
2,2020-01-23,13,Internal Medicine,65,bed,20.0
2,2020-01-24,12,Internal Medicine,65,bed,18.46
2,2020-01-25,17,Internal Medicine,65,bed,26.15
2,2020-01-26,23,Internal Medicine,65,bed,35.38
2,2020-01-27,23,Internal Medicine,65,bed,35.38
2,2020-01-28,26,Internal Medicine,65,bed,40.0
2,2020-01-29,23,Internal Medicine,65,bed,35.38
2,2020-01-30,19,Internal Medicine,65,bed,29.23
2,2020-01-31,23,Internal Medicine,65,bed,35.38
2,2020-02-01,19,Internal Medicine,65,bed,29.23
2,2020-02-02,21,Internal Medicine,65,bed,32.31
2,2020-02-03,19,Internal Medicine,65,bed,29.23
2,2020-02-04,17,Internal Medicine,65,bed,26.15
2,2020-02-05,14,Internal Medicine,65,bed,21.54
2,2020-02-06,17,Internal Medicine,65,bed,26.15
2,2020-02-07,15,Internal Medicine,65,bed,23.08
2,2020-02-08,17,Internal Medicine,65,bed,26.15
2,2020-02-09,17,Internal Medicine,65,bed,26.15
2,2020-02-10,14,Internal Medicine,65,bed,21.54
2,2020-02-11,15,Internal Medicine,65,bed,23.08
2,2020-02-12,18,Internal Medicine,65,bed,27.69
2,2020-02-13,23,Internal Medicine,65,bed,35.38
2,2020-02-14,23,Internal Medicine,65,bed,35.38
2,2020-02-15,25,Internal Medicine,65,bed,38.46
2,2020-02-16,24,Internal Medicine,65,bed,36.92
2,2020-02-17,20,Internal Medicine,65,bed,30.77
2,2020-02-18,21,Internal Medicine,65,bed,32.31
2,2020-02-19,22,Internal Medicine,65,bed,33.85
2,2020-02-20,22,Internal Medicine,65,bed,33.85
2,2020-02-21,18,Internal Medicine,65,bed,27.69
2,2020-02-22,18,Internal Medicine,65,bed,27.69
2,2020-02-23,18,Internal Medicine,65,bed,27.69
2,2020-02-24,23,Internal Medicine,65,bed,35.38
2,2020-02-25,24,Internal Medicine,65,bed,36.92
2,2020-02-26,20,Internal Medicine,65,bed,30.77
2,2020-02-27,19,Internal Medicine,65,bed,29.23
2,2020-02-28,18,Internal Medicine,65,bed,27.69
2,2020-02-29,17,Internal Medicine,65,bed,26.15
2,2020-03-01,17,Internal Medicine,65,bed,26.15
2,2020-03-02,20,Internal Medicine,65,bed,30.77
2,2020-03-03,23,Internal Medicine,65,bed,35.38
2,2020-03-04,25,Internal Medicine,65,bed,38.46
2,2020-03-05,19,Internal Medicine,65,bed,29.23
2,2020-03-06,16,Internal Medicine,65,bed,24.62
2,2020-03-07,16,Internal Medicine,65,bed,24.62
2,2020-03-08,13,Internal Medicine,65,bed,20.0
2,2020-03-09,16,Internal Medicine,65,bed,24.62
2,2020-03-10,17,Internal Medicine,65,bed,26.15
2,2020-03-11,20,Internal Medicine,65,bed,30.77
2,2020-03-12,16,Internal Medicine,65,bed,24.62
2,2020-03-13,19,Internal Medicine,65,bed,29.23
2,2020-03-14,23,Internal Medicine,65,bed,35.38
2,2020-03-15,27,Internal Medicine,65,bed,41.54
2,2020-03-16,25,Internal Medicine,65,bed,38.46
2,2020-03-17,21,Internal Medicine,65,bed,32.31
2,2020-03-18,22,Internal Medicine,65,bed,33.85
2,2020-03-19,23,Internal Medicine,65,bed,35.38
2,2020-03-20,20,Internal Medicine,65,bed,30.77
2,2020-03-21,21,Internal Medicine,65,bed,32.31
2,2020-03-22,19,Internal Medicine,65,bed,29.23
2,2020-03-23,19,Internal Medicine,65,bed,29.23
2,2020-03-24,19,Internal Medicine,65,bed,29.23
2,2020-03-25,22,Internal Medicine,65,bed,33.85
2,2020-03-26,26,Internal Medicine,65,bed,40.0
2,2020-03-27,23,Internal Medicine,65,bed,35.38
2,2020-03-28,23,Internal Medicine,65,bed,35.38
2,2020-03-29,24,Internal Medicine,65,bed,36.92
2,2020-03-30,24,Internal Medicine,65,bed,36.92
2,2020-03-31,22,Internal Medicine,65,bed,33.85
2,2020-04-01,18,Internal Medicine,65,bed,27.69
2,2020-04-02,17,Internal Medicine,65,bed,26.15
2,2020-04-03,17,Internal Medicine,65,bed,26.15
2,2020-04-04,16,Internal Medicine,65,bed,24.62
2,2020-04-05,15,Internal Medicine,65,bed,23.08
2,2020-04-06,18,Internal Medicine,65,bed,27.69
2,2020-04-07,17,Internal Medicine,65,bed,26.15
2,2020-04-08,14,Internal Medicine,65,bed,21.54
2,2020-04-09,18,Internal Medicine,65,bed,27.69
2,2020-04-10,23,Internal Medicine,65,bed,35.38
2,2020-04-11,21,Internal Medicine,65,bed,32.31
2,2020-04-12,19,Internal Medicine,65,bed,29.23
2,2020-04-13,21,Internal Medicine,65,bed,32.31
2,2020-04-14,20,Internal Medicine,65,bed,30.77
2,2020-04-15,21,Internal Medicine,65,bed,32.31
2,2020-04-16,21,Internal Medicine,65,bed,32.31
2,2020-04-17,24,Internal Medicine,65,bed,36.92
2,2020-04-18,21,Internal Medicine,65,bed,32.31
2,2020-04-19,22,Internal Medicine,65,bed,33.85
2,2020-04-20,15,Internal Medicine,65,bed,23.08
2,2020-04-21,17,Internal Medicine,65,bed,26.15
2,2020-04-22,20,Internal Medicine,65,bed,30.77
2,2020-04-23,19,Internal Medicine,65,bed,29.23
2,2020-04-24,18,Internal Medicine,65,bed,27.69
2,2020-04-25,19,Internal Medicine,65,bed,29.23
2,2020-04-26,19,Internal Medicine,65,bed,29.23
2,2020-04-27,23,Internal Medicine,65,bed,35.38
2,2020-04-28,21,Internal Medicine,65,bed,32.31
2,2020-04-29,20,Internal Medicine,65,bed,30.77
2,2020-04-30,18,Internal Medicine,65,bed,27.69
2,2020-05-01,18,Internal Medicine,65,bed,27.69
2,2020-05-02,15,Internal Medicine,65,bed,23.08
2,2020-05-03,16,Internal Medicine,65,bed,24.62
2,2020-05-04,16,Internal Medicine,65,bed,24.62
2,2020-05-05,23,Internal Medicine,65,bed,35.38
2,2020-05-06,23,Internal Medicine,65,bed,35.38
2,2020-05-07,22,Internal Medicine,65,bed,33.85
2,2020-05-08,21,Internal Medicine,65,bed,32.31
2,2020-05-09,19,Internal Medicine,65,bed,29.23
2,2020-05-10,22,Internal Medicine,65,bed,33.85
2,2020-05-11,25,Internal Medicine,65,bed,38.46
2,2020-05-12,24,Internal Medicine,65,bed,36.92
2,2020-05-13,20,Internal Medicine,65,bed,30.77
2,2020-05-14,17,Internal Medicine,65,bed,26.15
2,2020-05-15,21,Internal Medicine,65,bed,32.31
2,2020-05-16,20,Internal Medicine,65,bed,30.77
2,2020-05-17,18,Internal Medicine,65,bed,27.69
2,2020-05-18,17,Internal Medicine,65,bed,26.15
2,2020-05-19,16,Internal Medicine,65,bed,24.62
2,2020-05-20,16,Internal Medicine,65,bed,24.62
2,2020-05-21,11,Internal Medicine,65,bed,16.92
2,2020-05-22,14,Internal Medicine,65,bed,21.54
2,2020-05-23,15,Internal Medicine,65,bed,23.08
2,2020-05-24,18,Internal Medicine,65,bed,27.69
2,2020-05-25,20,Internal Medicine,65,bed,30.77
2,2020-05-26,22,Internal Medicine,65,bed,33.85
2,2020-05-27,19,Internal Medicine,65,bed,29.23
2,2020-05-28,21,Internal Medicine,65,bed,32.31
2,2020-05-29,21,Internal Medicine,65,bed,32.31
2,2020-05-30,18,Internal Medicine,65,bed,27.69
2,2020-05-31,16,Internal Medicine,65,bed,24.62
2,2020-06-01,14,Internal Medicine,65,bed,21.54
2,2020-06-02,17,Internal Medicine,65,bed,26.15
2,2020-06-03,18,Internal Medicine,65,bed,27.69
2,2020-06-04,19,Internal Medicine,65,bed,29.23
2,2020-06-05,17,Internal Medicine,65,bed,26.15
2,2020-06-06,19,Internal Medicine,65,bed,29.23
2,2020-06-07,21,Internal Medicine,65,bed,32.31
2,2020-06-08,20,Internal Medicine,65,bed,30.77
2,2020-06-09,18,Internal Medicine,65,bed,27.69
2,2020-06-10,16,Internal Medicine,65,bed,24.62
2,2020-06-11,20,Internal Medicine,65,bed,30.77
2,2020-06-12,19,Internal Medicine,65,bed,29.23
2,2020-06-13,18,Internal Medicine,65,bed,27.69
2,2020-06-14,15,Internal Medicine,65,bed,23.08
2,2020-06-15,14,Internal Medicine,65,bed,21.54
2,2020-06-16,15,Internal Medicine,65,bed,23.08
2,2020-06-17,17,Internal Medicine,65,bed,26.15
2,2020-06-18,17,Internal Medicine,65,bed,26.15
2,2020-06-19,19,Internal Medicine,65,bed,29.23
2,2020-06-20,19,Internal Medicine,65,bed,29.23
2,2020-06-21,18,Internal Medicine,65,bed,27.69
2,2020-06-22,14,Internal Medicine,65,bed,21.54
2,2020-06-23,13,Internal Medicine,65,bed,20.0
2,2020-06-24,15,Internal Medicine,65,bed,23.08
2,2020-06-25,14,Internal Medicine,65,bed,21.54
2,2020-06-26,15,Internal Medicine,65,bed,23.08
2,2020-06-27,11,Internal Medicine,65,bed,16.92
2,2020-06-28,11,Internal Medicine,65,bed,16.92
2,2020-06-29,11,Internal Medicine,65,bed,16.92
2,2020-06-30,15,Internal Medicine,65,bed,23.08
2,2020-07-01,19,Internal Medicine,65,bed,29.23
2,2020-07-02,23,Internal Medicine,65,bed,35.38
2,2020-07-03,24,Internal Medicine,65,bed,36.92
2,2020-07-04,24,Internal Medicine,65,bed,36.92
2,2020-07-05,22,Internal Medicine,65,bed,33.85
2,2020-07-06,23,Internal Medicine,65,bed,35.38
2,2020-07-07,18,Internal Medicine,65,bed,27.69
2,2020-07-08,16,Internal Medicine,65,bed,24.62
2,2020-07-09,16,Internal Medicine,65,bed,24.62
2,2020-07-10,17,Internal Medicine,65,bed,26.15
2,2020-07-11,16,Internal Medicine,65,bed,24.62
2,2020-07-12,17,Internal Medicine,65,bed,26.15
2,2020-07-13,16,Internal Medicine,65,bed,24.62
2,2020-07-14,18,Internal Medicine,65,bed,27.69
2,2020-07-15,20,Internal Medicine,65,bed,30.77
2,2020-07-16,20,Internal Medicine,65,bed,30.77
2,2020-07-17,20,Internal Medicine,65,bed,30.77
2,2020-07-18,22,Internal Medicine,65,bed,33.85
2,2020-07-19,22,Internal Medicine,65,bed,33.85
2,2020-07-20,21,Internal Medicine,65,bed,32.31
2,2020-07-21,20,Internal Medicine,65,bed,30.77
2,2020-07-22,18,Internal Medicine,65,bed,27.69
2,2020-07-23,13,Internal Medicine,65,bed,20.0
2,2020-07-24,13,Internal Medicine,65,bed,20.0
2,2020-07-25,17,Internal Medicine,65,bed,26.15
2,2020-07-26,15,Internal Medicine,65,bed,23.08
2,2020-07-27,17,Internal Medicine,65,bed,26.15
2,2020-07-28,16,Internal Medicine,65,bed,24.62
2,2020-07-29,17,Internal Medicine,65,bed,26.15
2,2020-07-30,16,Internal Medicine,65,bed,24.62
2,2020-07-31,12,Internal Medicine,65,bed,18.46
2,2020-08-01,13,Internal Medicine,65,bed,20.0
2,2020-08-02,14,Internal Medicine,65,bed,21.54
2,2020-08-03,17,Internal Medicine,65,bed,26.15
2,2020-08-04,16,Internal Medicine,65,bed,24.62
2,2020-08-05,14,Internal Medicine,65,bed,21.54
2,2020-08-06,15,Internal Medicine,65,bed,23.08
2,2020-08-07,11,Internal Medicine,65,bed,16.92
2,2020-08-08,19,Internal Medicine,65,bed,29.23
2,2020-08-09,23,Internal Medicine,65,bed,35.38
2,2020-08-10,24,Internal Medicine,65,bed,36.92
2,2020-08-11,25,Internal Medicine,65,bed,38.46
2,2020-08-12,27,Internal Medicine,65,bed,41.54
2,2020-08-13,31,Internal Medicine,65,bed,47.69
2,2020-08-14,28,Internal Medicine,65,bed,43.08
2,2020-08-15,28,Internal Medicine,65,bed,43.08
2,2020-08-16,27,Internal Medicine,65,bed,41.54
2,2020-08-17,30,Internal Medicine,65,bed,46.15
2,2020-08-18,27,Internal Medicine,65,bed,41.54
2,2020-08-19,20,Internal Medicine,65,bed,30.77
2,2020-08-20,19,Internal Medicine,65,bed,29.23
2,2020-08-21,19,Internal Medicine,65,bed,29.23
2,2020-08-22,17,Internal Medicine,65,bed,26.15
2,2020-08-23,14,Internal Medicine,65,bed,21.54
2,2020-08-24,14,Internal Medicine,65,bed,21.54
2,2020-08-25,15,Internal Medicine,65,bed,23.08
2,2020-08-26,16,Internal Medicine,65,bed,24.62
2,2020-08-27,14,Internal Medicine,65,bed,21.54
2,2020-08-28,14,Internal Medicine,65,bed,21.54
2,2020-08-29,12,Internal Medicine,65,bed,18.46
2,2020-08-30,10,Internal Medicine,65,bed,15.38
2,2020-08-31,8,Internal Medicine,65,bed,12.31
2,2020-09-01,10,Internal Medicine,65,bed,15.38
2,2020-09-02,15,Internal Medicine,65,bed,23.08
2,2020-09-03,19,Internal Medicine,65,bed,29.23
2,2020-09-04,23,Internal Medicine,65,bed,35.38
2,2020-09-05,29,Internal Medicine,65,bed,44.62
2,2020-09-06,30,Internal Medicine,65,bed,46.15
2,2020-09-07,27,Internal Medicine,65,bed,41.54
2,2020-09-08,30,Internal Medicine,65,bed,46.15
2,2020-09-09,31,Internal Medicine,65,bed,47.69
2,2020-09-10,29,Internal Medicine,65,bed,44.62
2,2020-09-11,27,Internal Medicine,65,bed,41.54
2,2020-09-12,28,Internal Medicine,65,bed,43.08
2,2020-09-13,25,Internal Medicine,65,bed,38.46
2,2020-09-14,23,Internal Medicine,65,bed,35.38
2,2020-09-15,24,Internal Medicine,65,bed,36.92
2,2020-09-16,21,Internal Medicine,65,bed,32.31
2,2020-09-17,23,Internal Medicine,65,bed,35.38
2,2020-09-18,21,Internal Medicine,65,bed,32.31
2,2020-09-19,19,Internal Medicine,65,bed,29.23
2,2020-09-20,18,Internal Medicine,65,bed,27.69
2,2020-09-21,22,Internal Medicine,65,bed,33.85
2,2020-09-22,22,Internal Medicine,65,bed,33.85
2,2020-09-23,19,Internal Medicine,65,bed,29.23
2,2020-09-24,20,Internal Medicine,65,bed,30.77
2,2020-09-25,19,Internal Medicine,65,bed,29.23
2,2020-09-26,19,Internal Medicine,65,bed,29.23
2,2020-09-27,25,Internal Medicine,65,bed,38.46
2,2020-09-28,28,Internal Medicine,65,bed,43.08
2,2020-09-29,28,Internal Medicine,65,bed,43.08
2,2020-09-30,26,Internal Medicine,65,bed,40.0
2,2020-10-01,21,Internal Medicine,65,bed,32.31
2,2020-10-02,23,Internal Medicine,65,bed,35.38
2,2020-10-03,22,Internal Medicine,65,bed,33.85
2,2020-10-04,21,Internal Medicine,65,bed,32.31
2,2020-10-05,27,Internal Medicine,65,bed,41.54
2,2020-10-06,27,Internal Medicine,65,bed,41.54
2,2020-10-07,26,Internal Medicine,65,bed,40.0
2,2020-10-08,21,Internal Medicine,65,bed,32.31
2,2020-10-09,18,Internal Medicine,65,bed,27.69
2,2020-10-10,16,Internal Medicine,65,bed,24.62
2,2020-10-11,17,Internal Medicine,65,bed,26.15
2,2020-10-12,15,Internal Medicine,65,bed,23.08
2,2020-10-13,17,Internal Medicine,65,bed,26.15
2,2020-10-14,18,Internal Medicine,65,bed,27.69
2,2020-10-15,18,Internal Medicine,65,bed,27.69
2,2020-10-16,17,Internal Medicine,65,bed,26.15
2,2020-10-17,20,Internal Medicine,65,bed,30.77
2,2020-10-18,16,Internal Medicine,65,bed,24.62
2,2020-10-19,19,Internal Medicine,65,bed,29.23
2,2020-10-20,19,Internal Medicine,65,bed,29.23
2,2020-10-21,19,Internal Medicine,65,bed,29.23
2,2020-10-22,21,Internal Medicine,65,bed,32.31
2,2020-10-23,18,Internal Medicine,65,bed,27.69
2,2020-10-24,17,Internal Medicine,65,bed,26.15
2,2020-10-25,18,Internal Medicine,65,bed,27.69
2,2020-10-26,16,Internal Medicine,65,bed,24.62
2,2020-10-27,21,Internal Medicine,65,bed,32.31
2,2020-10-28,20,Internal Medicine,65,bed,30.77
2,2020-10-29,19,Internal Medicine,65,bed,29.23
2,2020-10-30,18,Internal Medicine,65,bed,27.69
2,2020-10-31,19,Internal Medicine,65,bed,29.23
2,2020-11-01,21,Internal Medicine,65,bed,32.31
2,2020-11-02,20,Internal Medicine,65,bed,30.77
2,2020-11-03,20,Internal Medicine,65,bed,30.77
2,2020-11-04,17,Internal Medicine,65,bed,26.15
2,2020-11-05,17,Internal Medicine,65,bed,26.15
2,2020-11-06,15,Internal Medicine,65,bed,23.08
2,2020-11-07,16,Internal Medicine,65,bed,24.62
2,2020-11-08,15,Internal Medicine,65,bed,23.08
2,2020-11-09,14,Internal Medicine,65,bed,21.54
2,2020-11-10,13,Internal Medicine,65,bed,20.0
2,2020-11-11,13,Internal Medicine,65,bed,20.0
2,2020-11-12,13,Internal Medicine,65,bed,20.0
2,2020-11-13,14,Internal Medicine,65,bed,21.54
2,2020-11-14,12,Internal Medicine,65,bed,18.46
2,2020-11-15,14,Internal Medicine,65,bed,21.54
2,2020-11-16,17,Internal Medicine,65,bed,26.15
2,2020-11-17,16,Internal Medicine,65,bed,24.62
2,2020-11-18,20,Internal Medicine,65,bed,30.77
2,2020-11-19,18,Internal Medicine,65,bed,27.69
2,2020-11-20,19,Internal Medicine,65,bed,29.23
2,2020-11-21,21,Internal Medicine,65,bed,32.31
2,2020-11-22,21,Internal Medicine,65,bed,32.31
2,2020-11-23,20,Internal Medicine,65,bed,30.77
2,2020-11-24,23,Internal Medicine,65,bed,35.38
2,2020-11-25,27,Internal Medicine,65,bed,41.54
2,2020-11-26,23,Internal Medicine,65,bed,35.38
2,2020-11-27,23,Internal Medicine,65,bed,35.38
2,2020-11-28,21,Internal Medicine,65,bed,32.31
2,2020-11-29,22,Internal Medicine,65,bed,33.85
2,2020-11-30,24,Internal Medicine,65,bed,36.92
2,2020-12-01,25,Internal Medicine,65,bed,38.46
2,2020-12-02,20,Internal Medicine,65,bed,30.77
2,2020-12-03,22,Internal Medicine,65,bed,33.85
2,2020-12-04,17,Internal Medicine,65,bed,26.15
2,2020-12-05,18,Internal Medicine,65,bed,27.69
2,2020-12-06,20,Internal Medicine,65,bed,30.77
2,2020-12-07,17,Internal Medicine,65,bed,26.15
2,2020-12-08,19,Internal Medicine,65,bed,29.23
2,2020-12-09,20,Internal Medicine,65,bed,30.77
2,2020-12-10,18,Internal Medicine,65,bed,27.69
2,2020-12-11,18,Internal Medicine,65,bed,27.69
2,2020-12-12,15,Internal Medicine,65,bed,23.08
2,2020-12-13,20,Internal Medicine,65,bed,30.77
2,2020-12-14,19,Internal Medicine,65,bed,29.23
2,2020-12-15,16,Internal Medicine,65,bed,24.62
2,2020-12-16,18,Internal Medicine,65,bed,27.69
2,2020-12-17,14,Internal Medicine,65,bed,21.54
2,2020-12-18,16,Internal Medicine,65,bed,24.62
2,2020-12-19,15,Internal Medicine,65,bed,23.08
2,2020-12-20,17,Internal Medicine,65,bed,26.15
2,2020-12-21,18,Internal Medicine,65,bed,27.69
2,2020-12-22,18,Internal Medicine,65,bed,27.69
2,2020-12-23,19,Internal Medicine,65,bed,29.23
2,2020-12-24,22,Internal Medicine,65,bed,33.85
2,2020-12-25,20,Internal Medicine,65,bed,30.77
2,2020-12-26,18,Internal Medicine,65,bed,27.69
2,2020-12-27,17,Internal Medicine,65,bed,26.15
2,2020-12-28,15,Internal Medicine,65,bed,23.08
2,2020-12-29,16,Internal Medicine,65,bed,24.62
2,2020-12-30,20,Internal Medicine,65,bed,30.77
2,2020-12-31,26,Internal Medicine,65,bed,40.0
2,2021-01-01,24,Internal Medicine,65,bed,36.92
2,2021-01-02,24,Internal Medicine,65,bed,36.92
2,2021-01-03,20,Internal Medicine,65,bed,30.77
2,2021-01-04,23,Internal Medicine,65,bed,35.38
2,2021-01-05,22,Internal Medicine,65,bed,33.85
2,2021-01-06,24,Internal Medicine,65,bed,36.92
2,2021-01-07,22,Internal Medicine,65,bed,33.85
2,2021-01-08,20,Internal Medicine,65,bed,30.77
2,2021-01-09,20,Internal Medicine,65,bed,30.77
2,2021-01-10,18,Internal Medicine,65,bed,27.69
2,2021-01-11,11,Internal Medicine,65,bed,16.92
2,2021-01-12,10,Internal Medicine,65,bed,15.38
2,2021-01-13,13,Internal Medicine,65,bed,20.0
2,2021-01-14,13,Internal Medicine,65,bed,20.0
2,2021-01-15,15,Internal Medicine,65,bed,23.08
2,2021-01-16,16,Internal Medicine,65,bed,24.62
2,2021-01-17,25,Internal Medicine,65,bed,38.46
2,2021-01-18,25,Internal Medicine,65,bed,38.46
2,2021-01-19,25,Internal Medicine,65,bed,38.46
2,2021-01-20,22,Internal Medicine,65,bed,33.85
2,2021-01-21,23,Internal Medicine,65,bed,35.38
2,2021-01-22,24,Internal Medicine,65,bed,36.92
2,2021-01-23,24,Internal Medicine,65,bed,36.92
2,2021-01-24,22,Internal Medicine,65,bed,33.85
2,2021-01-25,23,Internal Medicine,65,bed,35.38
2,2021-01-26,22,Internal Medicine,65,bed,33.85
2,2021-01-27,25,Internal Medicine,65,bed,38.46
2,2021-01-28,24,Internal Medicine,65,bed,36.92
2,2021-01-29,23,Internal Medicine,65,bed,35.38
2,2021-01-30,24,Internal Medicine,65,bed,36.92
2,2021-01-31,22,Internal Medicine,65,bed,33.85
2,2021-02-01,22,Internal Medicine,65,bed,33.85
2,2021-02-02,26,Internal Medicine,65,bed,40.0
2,2021-02-03,26,Internal Medicine,65,bed,40.0
2,2021-02-04,27,Internal Medicine,65,bed,41.54
2,2021-02-05,25,Internal Medicine,65,bed,38.46
2,2021-02-06,22,Internal Medicine,65,bed,33.85
2,2021-02-07,20,Internal Medicine,65,bed,30.77
2,2021-02-08,18,Internal Medicine,65,bed,27.69
2,2021-02-09,19,Internal Medicine,65,bed,29.23
2,2021-02-10,20,Internal Medicine,65,bed,30.77
2,2021-02-11,20,Internal Medicine,65,bed,30.77
2,2021-02-12,18,Internal Medicine,65,bed,27.69
2,2021-02-13,22,Internal Medicine,65,bed,33.85
2,2021-02-14,25,Internal Medicine,65,bed,38.46
2,2021-02-15,25,Internal Medicine,65,bed,38.46
2,2021-02-16,22,Internal Medicine,65,bed,33.85
2,2021-02-17,21,Internal Medicine,65,bed,32.31
2,2021-02-18,22,Internal Medicine,65,bed,33.85
2,2021-02-19,18,Internal Medicine,65,bed,27.69
2,2021-02-20,18,Internal Medicine,65,bed,27.69
2,2021-02-21,18,Internal Medicine,65,bed,27.69
2,2021-02-22,18,Internal Medicine,65,bed,27.69
2,2021-02-23,15,Internal Medicine,65,bed,23.08
2,2021-02-24,18,Internal Medicine,65,bed,27.69
2,2021-02-25,17,Internal Medicine,65,bed,26.15
2,2021-02-26,17,Internal Medicine,65,bed,26.15
2,2021-02-27,21,Internal Medicine,65,bed,32.31
2,2021-02-28,27,Internal Medicine,65,bed,41.54
2,2021-03-01,33,Internal Medicine,65,bed,50.77
2,2021-03-02,33,Internal Medicine,65,bed,50.77
2,2021-03-03,30,Internal Medicine,65,bed,46.15
2,2021-03-04,25,Internal Medicine,65,bed,38.46
2,2021-03-05,26,Internal Medicine,65,bed,40.0
2,2021-03-06,28,Internal Medicine,65,bed,43.08
2,2021-03-07,28,Internal Medicine,65,bed,43.08
2,2021-03-08,27,Internal Medicine,65,bed,41.54
2,2021-03-09,22,Internal Medicine,65,bed,33.85
2,2021-03-10,20,Internal Medicine,65,bed,30.77
2,2021-03-11,20,Internal Medicine,65,bed,30.77
2,2021-03-12,19,Internal Medicine,65,bed,29.23
2,2021-03-13,15,Internal Medicine,65,bed,23.08
2,2021-03-14,15,Internal Medicine,65,bed,23.08
2,2021-03-15,21,Internal Medicine,65,bed,32.31
2,2021-03-16,20,Internal Medicine,65,bed,30.77
2,2021-03-17,17,Internal Medicine,65,bed,26.15
2,2021-03-18,18,Internal Medicine,65,bed,27.69
2,2021-03-19,20,Internal Medicine,65,bed,30.77
2,2021-03-20,20,Internal Medicine,65,bed,30.77
2,2021-03-21,22,Internal Medicine,65,bed,33.85
2,2021-03-22,19,Internal Medicine,65,bed,29.23
2,2021-03-23,20,Internal Medicine,65,bed,30.77
2,2021-03-24,19,Internal Medicine,65,bed,29.23
2,2021-03-25,17,Internal Medicine,65,bed,26.15
2,2021-03-26,18,Internal Medicine,65,bed,27.69
2,2021-03-27,19,Internal Medicine,65,bed,29.23
2,2021-03-28,20,Internal Medicine,65,bed,30.77
2,2021-03-29,24,Internal Medicine,65,bed,36.92
2,2021-03-30,24,Internal Medicine,65,bed,36.92
2,2021-03-31,27,Internal Medicine,65,bed,41.54
2,2021-04-01,26,Internal Medicine,65,bed,40.0
2,2021-04-02,25,Internal Medicine,65,bed,38.46
2,2021-04-03,24,Internal Medicine,65,bed,36.92
2,2021-04-04,27,Internal Medicine,65,bed,41.54
2,2021-04-05,29,Internal Medicine,65,bed,44.62
2,2021-04-06,27,Internal Medicine,65,bed,41.54
2,2021-04-07,24,Internal Medicine,65,bed,36.92
2,2021-04-08,24,Internal Medicine,65,bed,36.92
2,2021-04-09,28,Internal Medicine,65,bed,43.08
2,2021-04-10,30,Internal Medicine,65,bed,46.15
2,2021-04-11,27,Internal Medicine,65,bed,41.54
2,2021-04-12,28,Internal Medicine,65,bed,43.08
2,2021-04-13,28,Internal Medicine,65,bed,43.08
2,2021-04-14,27,Internal Medicine,65,bed,41.54
2,2021-04-15,25,Internal Medicine,65,bed,38.46
2,2021-04-16,21,Internal Medicine,65,bed,32.31
2,2021-04-17,23,Internal Medicine,65,bed,35.38
2,2021-04-18,21,Internal Medicine,65,bed,32.31
2,2021-04-19,20,Internal Medicine,65,bed,30.77
2,2021-04-20,21,Internal Medicine,65,bed,32.31
2,2021-04-21,20,Internal Medicine,65,bed,30.77
2,2021-04-22,27,Internal Medicine,65,bed,41.54
2,2021-04-23,28,Internal Medicine,65,bed,43.08
2,2021-04-24,26,Internal Medicine,65,bed,40.0
2,2021-04-25,28,Internal Medicine,65,bed,43.08
2,2021-04-26,26,Internal Medicine,65,bed,40.0
2,2021-04-27,28,Internal Medicine,65,bed,43.08
2,2021-04-28,28,Internal Medicine,65,bed,43.08
2,2021-04-29,25,Internal Medicine,65,bed,38.46
2,2021-04-30,24,Internal Medicine,65,bed,36.92
2,2021-05-01,23,Internal Medicine,65,bed,35.38
2,2021-05-02,25,Internal Medicine,65,bed,38.46
2,2021-05-03,24,Internal Medicine,65,bed,36.92
2,2021-05-04,22,Internal Medicine,65,bed,33.85
2,2021-05-05,17,Internal Medicine,65,bed,26.15
2,2021-05-06,15,Internal Medicine,65,bed,23.08
2,2021-05-07,11,Internal Medicine,65,bed,16.92
2,2021-05-08,13,Internal Medicine,65,bed,20.0
2,2021-05-09,17,Internal Medicine,65,bed,26.15
2,2021-05-10,18,Internal Medicine,65,bed,27.69
2,2021-05-11,18,Internal Medicine,65,bed,27.69
2,2021-05-12,18,Internal Medicine,65,bed,27.69
2,2021-05-13,23,Internal Medicine,65,bed,35.38
2,2021-05-14,25,Internal Medicine,65,bed,38.46
2,2021-05-15,20,Internal Medicine,65,bed,30.77
2,2021-05-16,22,Internal Medicine,65,bed,33.85
2,2021-05-17,25,Internal Medicine,65,bed,38.46
2,2021-05-18,22,Internal Medicine,65,bed,33.85
2,2021-05-19,19,Internal Medicine,65,bed,29.23
2,2021-05-20,21,Internal Medicine,65,bed,32.31
2,2021-05-21,19,Internal Medicine,65,bed,29.23
2,2021-05-22,23,Internal Medicine,65,bed,35.38
2,2021-05-23,24,Internal Medicine,65,bed,36.92
2,2021-05-24,25,Internal Medicine,65,bed,38.46
2,2021-05-25,24,Internal Medicine,65,bed,36.92
2,2021-05-26,24,Internal Medicine,65,bed,36.92
2,2021-05-27,31,Internal Medicine,65,bed,47.69
2,2021-05-28,27,Internal Medicine,65,bed,41.54
2,2021-05-29,21,Internal Medicine,65,bed,32.31
2,2021-05-30,24,Internal Medicine,65,bed,36.92
2,2021-05-31,19,Internal Medicine,65,bed,29.23
2,2021-06-01,19,Internal Medicine,65,bed,29.23
2,2021-06-02,19,Internal Medicine,65,bed,29.23
2,2021-06-03,21,Internal Medicine,65,bed,32.31
2,2021-06-04,19,Internal Medicine,65,bed,29.23
2,2021-06-05,14,Internal Medicine,65,bed,21.54
2,2021-06-06,14,Internal Medicine,65,bed,21.54
2,2021-06-07,15,Internal Medicine,65,bed,23.08
2,2021-06-08,15,Internal Medicine,65,bed,23.08
2,2021-06-09,14,Internal Medicine,65,bed,21.54
2,2021-06-10,20,Internal Medicine,65,bed,30.77
2,2021-06-11,23,Internal Medicine,65,bed,35.38
2,2021-06-12,22,Internal Medicine,65,bed,33.85
2,2021-06-13,20,Internal Medicine,65,bed,30.77
2,2021-06-14,24,Internal Medicine,65,bed,36.92
2,2021-06-15,27,Internal Medicine,65,bed,41.54
2,2021-06-16,27,Internal Medicine,65,bed,41.54
2,2021-06-17,27,Internal Medicine,65,bed,41.54
2,2021-06-18,28,Internal Medicine,65,bed,43.08
2,2021-06-19,30,Internal Medicine,65,bed,46.15
2,2021-06-20,29,Internal Medicine,65,bed,44.62
2,2021-06-21,27,Internal Medicine,65,bed,41.54
2,2021-06-22,27,Internal Medicine,65,bed,41.54
2,2021-06-23,24,Internal Medicine,65,bed,36.92
2,2021-06-24,24,Internal Medicine,65,bed,36.92
2,2021-06-25,24,Internal Medicine,65,bed,36.92
2,2021-06-26,17,Internal Medicine,65,bed,26.15
2,2021-06-27,15,Internal Medicine,65,bed,23.08
2,2021-06-28,14,Internal Medicine,65,bed,21.54
2,2021-06-29,9,Internal Medicine,65,bed,13.85
2,2021-06-30,12,Internal Medicine,65,bed,18.46
2,2021-07-01,14,Internal Medicine,65,bed,21.54
2,2021-07-02,14,Internal Medicine,65,bed,21.54
2,2021-07-03,14,Internal Medicine,65,bed,21.54
2,2021-07-04,10,Internal Medicine,65,bed,15.38
2,2021-07-05,10,Internal Medicine,65,bed,15.38
2,2021-07-06,15,Internal Medicine,65,bed,23.08
2,2021-07-07,16,Internal Medicine,65,bed,24.62
2,2021-07-08,12,Internal Medicine,65,bed,18.46
2,2021-07-09,13,Internal Medicine,65,bed,20.0
2,2021-07-10,18,Internal Medicine,65,bed,27.69
2,2021-07-11,19,Internal Medicine,65,bed,29.23
2,2021-07-12,23,Internal Medicine,65,bed,35.38
2,2021-07-13,28,Internal Medicine,65,bed,43.08
2,2021-07-14,31,Internal Medicine,65,bed,47.69
2,2021-07-15,32,Internal Medicine,65,bed,49.23
2,2021-07-16,31,Internal Medicine,65,bed,47.69
2,2021-07-17,30,Internal Medicine,65,bed,46.15
2,2021-07-18,25,Internal Medicine,65,bed,38.46
2,2021-07-19,24,Internal Medicine,65,bed,36.92
2,2021-07-20,24,Internal Medicine,65,bed,36.92
2,2021-07-21,22,Internal Medicine,65,bed,33.85
2,2021-07-22,23,Internal Medicine,65,bed,35.38
2,2021-07-23,25,Internal Medicine,65,bed,38.46
2,2021-07-24,25,Internal Medicine,65,bed,38.46
2,2021-07-25,19,Internal Medicine,65,bed,29.23
2,2021-07-26,16,Internal Medicine,65,bed,24.62
2,2021-07-27,19,Internal Medicine,65,bed,29.23
2,2021-07-28,18,Internal Medicine,65,bed,27.69
2,2021-07-29,19,Internal Medicine,65,bed,29.23
2,2021-07-30,19,Internal Medicine,65,bed,29.23
2,2021-07-31,18,Internal Medicine,65,bed,27.69
2,2021-08-01,15,Internal Medicine,65,bed,23.08
2,2021-08-02,15,Internal Medicine,65,bed,23.08
2,2021-08-03,13,Internal Medicine,65,bed,20.0
2,2021-08-04,12,Internal Medicine,65,bed,18.46
2,2021-08-05,14,Internal Medicine,65,bed,21.54
2,2021-08-06,16,Internal Medicine,65,bed,24.62
2,2021-08-07,21,Internal Medicine,65,bed,32.31
2,2021-08-08,23,Internal Medicine,65,bed,35.38
2,2021-08-09,23,Internal Medicine,65,bed,35.38
2,2021-08-10,24,Internal Medicine,65,bed,36.92
2,2021-08-11,22,Internal Medicine,65,bed,33.85
2,2021-08-12,23,Internal Medicine,65,bed,35.38
2,2021-08-13,19,Internal Medicine,65,bed,29.23
2,2021-08-14,19,Internal Medicine,65,bed,29.23
2,2021-08-15,16,Internal Medicine,65,bed,24.62
2,2021-08-16,15,Internal Medicine,65,bed,23.08
2,2021-08-17,14,Internal Medicine,65,bed,21.54
2,2021-08-18,14,Internal Medicine,65,bed,21.54
2,2021-08-19,16,Internal Medicine,65,bed,24.62
2,2021-08-20,17,Internal Medicine,65,bed,26.15
2,2021-08-21,14,Internal Medicine,65,bed,21.54
2,2021-08-22,15,Internal Medicine,65,bed,23.08
2,2021-08-23,16,Internal Medicine,65,bed,24.62
2,2021-08-24,18,Internal Medicine,65,bed,27.69
2,2021-08-25,16,Internal Medicine,65,bed,24.62
2,2021-08-26,16,Internal Medicine,65,bed,24.62
2,2021-08-27,17,Internal Medicine,65,bed,26.15
2,2021-08-28,17,Internal Medicine,65,bed,26.15
2,2021-08-29,17,Internal Medicine,65,bed,26.15
2,2021-08-30,18,Internal Medicine,65,bed,27.69
2,2021-08-31,17,Internal Medicine,65,bed,26.15
2,2021-09-01,19,Internal Medicine,65,bed,29.23
2,2021-09-02,14,Internal Medicine,65,bed,21.54
2,2021-09-03,17,Internal Medicine,65,bed,26.15
2,2021-09-04,20,Internal Medicine,65,bed,30.77
2,2021-09-05,18,Internal Medicine,65,bed,27.69
2,2021-09-06,19,Internal Medicine,65,bed,29.23
2,2021-09-07,21,Internal Medicine,65,bed,32.31
2,2021-09-08,17,Internal Medicine,65,bed,26.15
2,2021-09-09,13,Internal Medicine,65,bed,20.0
2,2021-09-10,11,Internal Medicine,65,bed,16.92
2,2021-09-11,17,Internal Medicine,65,bed,26.15
2,2021-09-12,18,Internal Medicine,65,bed,27.69
2,2021-09-13,25,Internal Medicine,65,bed,38.46
2,2021-09-14,23,Internal Medicine,65,bed,35.38
2,2021-09-15,23,Internal Medicine,65,bed,35.38
2,2021-09-16,25,Internal Medicine,65,bed,38.46
2,2021-09-17,25,Internal Medicine,65,bed,38.46
2,2021-09-18,29,Internal Medicine,65,bed,44.62
2,2021-09-19,29,Internal Medicine,65,bed,44.62
2,2021-09-20,32,Internal Medicine,65,bed,49.23
2,2021-09-21,30,Internal Medicine,65,bed,46.15
2,2021-09-22,28,Internal Medicine,65,bed,43.08
2,2021-09-23,27,Internal Medicine,65,bed,41.54
2,2021-09-24,23,Internal Medicine,65,bed,35.38
2,2021-09-25,24,Internal Medicine,65,bed,36.92
2,2021-09-26,21,Internal Medicine,65,bed,32.31
2,2021-09-27,17,Internal Medicine,65,bed,26.15
2,2021-09-28,20,Internal Medicine,65,bed,30.77
2,2021-09-29,16,Internal Medicine,65,bed,24.62
2,2021-09-30,13,Internal Medicine,65,bed,20.0
2,2021-10-01,17,Internal Medicine,65,bed,26.15
2,2021-10-02,17,Internal Medicine,65,bed,26.15
2,2021-10-03,21,Internal Medicine,65,bed,32.31
2,2021-10-04,21,Internal Medicine,65,bed,32.31
2,2021-10-05,23,Internal Medicine,65,bed,35.38
2,2021-10-06,22,Internal Medicine,65,bed,33.85
2,2021-10-07,19,Internal Medicine,65,bed,29.23
2,2021-10-08,17,Internal Medicine,65,bed,26.15
2,2021-10-09,21,Internal Medicine,65,bed,32.31
2,2021-10-10,24,Internal Medicine,65,bed,36.92
2,2021-10-11,18,Internal Medicine,65,bed,27.69
2,2021-10-12,18,Internal Medicine,65,bed,27.69
2,2021-10-13,17,Internal Medicine,65,bed,26.15
2,2021-10-14,14,Internal Medicine,65,bed,21.54
2,2021-10-15,12,Internal Medicine,65,bed,18.46
2,2021-10-16,15,Internal Medicine,65,bed,23.08
2,2021-10-17,15,Internal Medicine,65,bed,23.08
2,2021-10-18,16,Internal Medicine,65,bed,24.62
2,2021-10-19,19,Internal Medicine,65,bed,29.23
2,2021-10-20,18,Internal Medicine,65,bed,27.69
2,2021-10-21,18,Internal Medicine,65,bed,27.69
2,2021-10-22,16,Internal Medicine,65,bed,24.62
2,2021-10-23,15,Internal Medicine,65,bed,23.08
2,2021-10-24,14,Internal Medicine,65,bed,21.54
2,2021-10-25,14,Internal Medicine,65,bed,21.54
2,2021-10-26,14,Internal Medicine,65,bed,21.54
2,2021-10-27,14,Internal Medicine,65,bed,21.54
2,2021-10-28,13,Internal Medicine,65,bed,20.0
2,2021-10-29,12,Internal Medicine,65,bed,18.46
2,2021-10-30,13,Internal Medicine,65,bed,20.0
2,2021-10-31,10,Internal Medicine,65,bed,15.38
2,2021-11-01,13,Internal Medicine,65,bed,20.0
2,2021-11-02,12,Internal Medicine,65,bed,18.46
2,2021-11-03,15,Internal Medicine,65,bed,23.08
2,2021-11-04,19,Internal Medicine,65,bed,29.23
2,2021-11-05,20,Internal Medicine,65,bed,30.77
2,2021-11-06,18,Internal Medicine,65,bed,27.69
2,2021-11-07,14,Internal Medicine,65,bed,21.54
2,2021-11-08,14,Internal Medicine,65,bed,21.54
2,2021-11-09,16,Internal Medicine,65,bed,24.62
2,2021-11-10,17,Internal Medicine,65,bed,26.15
2,2021-11-11,22,Internal Medicine,65,bed,33.85
2,2021-11-12,20,Internal Medicine,65,bed,30.77
2,2021-11-13,27,Internal Medicine,65,bed,41.54
2,2021-11-14,27,Internal Medicine,65,bed,41.54
2,2021-11-15,23,Internal Medicine,65,bed,35.38
2,2021-11-16,22,Internal Medicine,65,bed,33.85
2,2021-11-17,16,Internal Medicine,65,bed,24.62
2,2021-11-18,18,Internal Medicine,65,bed,27.69
2,2021-11-19,13,Internal Medicine,65,bed,20.0
2,2021-11-20,12,Internal Medicine,65,bed,18.46
2,2021-11-21,17,Internal Medicine,65,bed,26.15
2,2021-11-22,19,Internal Medicine,65,bed,29.23
2,2021-11-23,19,Internal Medicine,65,bed,29.23
2,2021-11-24,16,Internal Medicine,65,bed,24.62
2,2021-11-25,19,Internal Medicine,65,bed,29.23
2,2021-11-26,17,Internal Medicine,65,bed,26.15
2,2021-11-27,20,Internal Medicine,65,bed,30.77
2,2021-11-28,21,Internal Medicine,65,bed,32.31
2,2021-11-29,19,Internal Medicine,65,bed,29.23
2,2021-11-30,23,Internal Medicine,65,bed,35.38
2,2021-12-01,24,Internal Medicine,65,bed,36.92
2,2021-12-02,23,Internal Medicine,65,bed,35.38
2,2021-12-03,23,Internal Medicine,65,bed,35.38
2,2021-12-04,21,Internal Medicine,65,bed,32.31
2,2021-12-05,18,Internal Medicine,65,bed,27.69
2,2021-12-06,19,Internal Medicine,65,bed,29.23
2,2021-12-07,19,Internal Medicine,65,bed,29.23
2,2021-12-08,12,Internal Medicine,65,bed,18.46
2,2021-12-09,14,Internal Medicine,65,bed,21.54
2,2021-12-10,19,Internal Medicine,65,bed,29.23
2,2021-12-11,21,Internal Medicine,65,bed,32.31
2,2021-12-12,22,Internal Medicine,65,bed,33.85
2,2021-12-13,19,Internal Medicine,65,bed,29.23
2,2021-12-14,16,Internal Medicine,65,bed,24.62
2,2021-12-15,18,Internal Medicine,65,bed,27.69
2,2021-12-16,22,Internal Medicine,65,bed,33.85
2,2021-12-17,23,Internal Medicine,65,bed,35.38
2,2021-12-18,23,Internal Medicine,65,bed,35.38
2,2021-12-19,22,Internal Medicine,65,bed,33.85
2,2021-12-20,15,Internal Medicine,65,bed,23.08
2,2021-12-21,16,Internal Medicine,65,bed,24.62
2,2021-12-22,19,Internal Medicine,65,bed,29.23
2,2021-12-23,18,Internal Medicine,65,bed,27.69
2,2021-12-24,18,Internal Medicine,65,bed,27.69
2,2021-12-25,21,Internal Medicine,65,bed,32.31
2,2021-12-26,21,Internal Medicine,65,bed,32.31
2,2021-12-27,24,Internal Medicine,65,bed,36.92
2,2021-12-28,17,Internal Medicine,65,bed,26.15
2,2021-12-29,14,Internal Medicine,65,bed,21.54
2,2021-12-30,16,Internal Medicine,65,bed,24.62
2,2021-12-31,18,Internal Medicine,65,bed,27.69
2,2022-01-01,18,Internal Medicine,65,bed,27.69
2,2022-01-02,21,Internal Medicine,65,bed,32.31
2,2022-01-03,21,Internal Medicine,65,bed,32.31
2,2022-01-04,23,Internal Medicine,65,bed,35.38
2,2022-01-05,23,Internal Medicine,65,bed,35.38
2,2022-01-06,24,Internal Medicine,65,bed,36.92
2,2022-01-07,23,Internal Medicine,65,bed,35.38
2,2022-01-08,29,Internal Medicine,65,bed,44.62
2,2022-01-09,28,Internal Medicine,65,bed,43.08
2,2022-01-10,29,Internal Medicine,65,bed,44.62
2,2022-01-11,25,Internal Medicine,65,bed,38.46
2,2022-01-12,22,Internal Medicine,65,bed,33.85
2,2022-01-13,14,Internal Medicine,65,bed,21.54
2,2022-01-14,12,Internal Medicine,65,bed,18.46
2,2022-01-15,12,Internal Medicine,65,bed,18.46
2,2022-01-16,11,Internal Medicine,65,bed,16.92
2,2022-01-17,13,Internal Medicine,65,bed,20.0
2,2022-01-18,14,Internal Medicine,65,bed,21.54
2,2022-01-19,15,Internal Medicine,65,bed,23.08
2,2022-01-20,16,Internal Medicine,65,bed,24.62
2,2022-01-21,17,Internal Medicine,65,bed,26.15
2,2022-01-22,14,Internal Medicine,65,bed,21.54
2,2022-01-23,13,Internal Medicine,65,bed,20.0
2,2022-01-24,15,Internal Medicine,65,bed,23.08
2,2022-01-25,15,Internal Medicine,65,bed,23.08
2,2022-01-26,16,Internal Medicine,65,bed,24.62
2,2022-01-27,17,Internal Medicine,65,bed,26.15
2,2022-01-28,19,Internal Medicine,65,bed,29.23
2,2022-01-29,19,Internal Medicine,65,bed,29.23
2,2022-01-30,18,Internal Medicine,65,bed,27.69
2,2022-01-31,17,Internal Medicine,65,bed,26.15
2,2022-02-01,17,Internal Medicine,65,bed,26.15
2,2022-02-02,17,Internal Medicine,65,bed,26.15
2,2022-02-03,19,Internal Medicine,65,bed,29.23
2,2022-02-04,19,Internal Medicine,65,bed,29.23
2,2022-02-05,21,Internal Medicine,65,bed,32.31
2,2022-02-06,24,Internal Medicine,65,bed,36.92
2,2022-02-07,23,Internal Medicine,65,bed,35.38
2,2022-02-08,18,Internal Medicine,65,bed,27.69
2,2022-02-09,21,Internal Medicine,65,bed,32.31
2,2022-02-10,20,Internal Medicine,65,bed,30.77
2,2022-02-11,17,Internal Medicine,65,bed,26.15
2,2022-02-12,19,Internal Medicine,65,bed,29.23
2,2022-02-13,19,Internal Medicine,65,bed,29.23
2,2022-02-14,21,Internal Medicine,65,bed,32.31
2,2022-02-15,22,Internal Medicine,65,bed,33.85
2,2022-02-16,22,Internal Medicine,65,bed,33.85
2,2022-02-17,22,Internal Medicine,65,bed,33.85
2,2022-02-18,20,Internal Medicine,65,bed,30.77
2,2022-02-19,19,Internal Medicine,65,bed,29.23
2,2022-02-20,22,Internal Medicine,65,bed,33.85
2,2022-02-21,19,Internal Medicine,65,bed,29.23
2,2022-02-22,15,Internal Medicine,65,bed,23.08
2,2022-02-23,11,Internal Medicine,65,bed,16.92
2,2022-02-24,19,Internal Medicine,65,bed,29.23
2,2022-02-25,21,Internal Medicine,65,bed,32.31
2,2022-02-26,20,Internal Medicine,65,bed,30.77
2,2022-02-27,23,Internal Medicine,65,bed,35.38
2,2022-02-28,22,Internal Medicine,65,bed,33.85
2,2022-03-01,24,Internal Medicine,65,bed,36.92
2,2022-03-02,27,Internal Medicine,65,bed,41.54
2,2022-03-03,27,Internal Medicine,65,bed,41.54
2,2022-03-04,27,Internal Medicine,65,bed,41.54
2,2022-03-05,25,Internal Medicine,65,bed,38.46
2,2022-03-06,25,Internal Medicine,65,bed,38.46
2,2022-03-07,22,Internal Medicine,65,bed,33.85
2,2022-03-08,21,Internal Medicine,65,bed,32.31
2,2022-03-09,21,Internal Medicine,65,bed,32.31
2,2022-03-10,24,Internal Medicine,65,bed,36.92
2,2022-03-11,21,Internal Medicine,65,bed,32.31
2,2022-03-12,19,Internal Medicine,65,bed,29.23
2,2022-03-13,22,Internal Medicine,65,bed,33.85
2,2022-03-14,21,Internal Medicine,65,bed,32.31
2,2022-03-15,20,Internal Medicine,65,bed,30.77
2,2022-03-16,21,Internal Medicine,65,bed,32.31
2,2022-03-17,19,Internal Medicine,65,bed,29.23
2,2022-03-18,24,Internal Medicine,65,bed,36.92
2,2022-03-19,25,Internal Medicine,65,bed,38.46
2,2022-03-20,21,Internal Medicine,65,bed,32.31
2,2022-03-21,22,Internal Medicine,65,bed,33.85
2,2022-03-22,21,Internal Medicine,65,bed,32.31
2,2022-03-23,15,Internal Medicine,65,bed,23.08
2,2022-03-24,13,Internal Medicine,65,bed,20.0
2,2022-03-25,17,Internal Medicine,65,bed,26.15
2,2022-03-26,16,Internal Medicine,65,bed,24.62
2,2022-03-27,17,Internal Medicine,65,bed,26.15
2,2022-03-28,16,Internal Medicine,65,bed,24.62
2,2022-03-29,16,Internal Medicine,65,bed,24.62
2,2022-03-30,16,Internal Medicine,65,bed,24.62
2,2022-03-31,16,Internal Medicine,65,bed,24.62
2,2022-04-01,15,Internal Medicine,65,bed,23.08
2,2022-04-02,15,Internal Medicine,65,bed,23.08
2,2022-04-03,17,Internal Medicine,65,bed,26.15
2,2022-04-04,21,Internal Medicine,65,bed,32.31
2,2022-04-05,21,Internal Medicine,65,bed,32.31
2,2022-04-06,22,Internal Medicine,65,bed,33.85
2,2022-04-07,22,Internal Medicine,65,bed,33.85
2,2022-04-08,20,Internal Medicine,65,bed,30.77
2,2022-04-09,20,Internal Medicine,65,bed,30.77
2,2022-04-10,20,Internal Medicine,65,bed,30.77
2,2022-04-11,18,Internal Medicine,65,bed,27.69
2,2022-04-12,15,Internal Medicine,65,bed,23.08
2,2022-04-13,14,Internal Medicine,65,bed,21.54
2,2022-04-14,16,Internal Medicine,65,bed,24.62
2,2022-04-15,16,Internal Medicine,65,bed,24.62
2,2022-04-16,21,Internal Medicine,65,bed,32.31
2,2022-04-17,18,Internal Medicine,65,bed,27.69
2,2022-04-18,19,Internal Medicine,65,bed,29.23
2,2022-04-19,18,Internal Medicine,65,bed,27.69
2,2022-04-20,15,Internal Medicine,65,bed,23.08
2,2022-04-21,15,Internal Medicine,65,bed,23.08
2,2022-04-22,16,Internal Medicine,65,bed,24.62
2,2022-04-23,19,Internal Medicine,65,bed,29.23
2,2022-04-24,18,Internal Medicine,65,bed,27.69
2,2022-04-25,20,Internal Medicine,65,bed,30.77
2,2022-04-26,21,Internal Medicine,65,bed,32.31
2,2022-04-27,21,Internal Medicine,65,bed,32.31
2,2022-04-28,18,Internal Medicine,65,bed,27.69
2,2022-04-29,14,Internal Medicine,65,bed,21.54
2,2022-04-30,13,Internal Medicine,65,bed,20.0
2,2022-05-01,15,Internal Medicine,65,bed,23.08
2,2022-05-02,21,Internal Medicine,65,bed,32.31
2,2022-05-03,18,Internal Medicine,65,bed,27.69
2,2022-05-04,20,Internal Medicine,65,bed,30.77
2,2022-05-05,20,Internal Medicine,65,bed,30.77
2,2022-05-06,19,Internal Medicine,65,bed,29.23
2,2022-05-07,24,Internal Medicine,65,bed,36.92
2,2022-05-08,24,Internal Medicine,65,bed,36.92
2,2022-05-09,23,Internal Medicine,65,bed,35.38
2,2022-05-10,24,Internal Medicine,65,bed,36.92
2,2022-05-11,22,Internal Medicine,65,bed,33.85
2,2022-05-12,23,Internal Medicine,65,bed,35.38
2,2022-05-13,22,Internal Medicine,65,bed,33.85
2,2022-05-14,25,Internal Medicine,65,bed,38.46
2,2022-05-15,24,Internal Medicine,65,bed,36.92
2,2022-05-16,24,Internal Medicine,65,bed,36.92
2,2022-05-17,25,Internal Medicine,65,bed,38.46
2,2022-05-18,24,Internal Medicine,65,bed,36.92
2,2022-05-19,22,Internal Medicine,65,bed,33.85
2,2022-05-20,22,Internal Medicine,65,bed,33.85
2,2022-05-21,21,Internal Medicine,65,bed,32.31
2,2022-05-22,18,Internal Medicine,65,bed,27.69
2,2022-05-23,19,Internal Medicine,65,bed,29.23
2,2022-05-24,17,Internal Medicine,65,bed,26.15
2,2022-05-25,16,Internal Medicine,65,bed,24.62
2,2022-05-26,19,Internal Medicine,65,bed,29.23
2,2022-05-27,15,Internal Medicine,65,bed,23.08
2,2022-05-28,19,Internal Medicine,65,bed,29.23
2,2022-05-29,17,Internal Medicine,65,bed,26.15
2,2022-05-30,12,Internal Medicine,65,bed,18.46
2,2022-05-31,14,Internal Medicine,65,bed,21.54
2,2022-06-01,15,Internal Medicine,65,bed,23.08
2,2022-06-02,20,Internal Medicine,65,bed,30.77
2,2022-06-03,18,Internal Medicine,65,bed,27.69
2,2022-06-04,20,Internal Medicine,65,bed,30.77
2,2022-06-05,16,Internal Medicine,65,bed,24.62
2,2022-06-06,17,Internal Medicine,65,bed,26.15
2,2022-06-07,17,Internal Medicine,65,bed,26.15
2,2022-06-08,20,Internal Medicine,65,bed,30.77
2,2022-06-09,18,Internal Medicine,65,bed,27.69
2,2022-06-10,24,Internal Medicine,65,bed,36.92
2,2022-06-11,29,Internal Medicine,65,bed,44.62
2,2022-06-12,28,Internal Medicine,65,bed,43.08
2,2022-06-13,27,Internal Medicine,65,bed,41.54
2,2022-06-14,24,Internal Medicine,65,bed,36.92
2,2022-06-15,29,Internal Medicine,65,bed,44.62
2,2022-06-16,31,Internal Medicine,65,bed,47.69
2,2022-06-17,30,Internal Medicine,65,bed,46.15
2,2022-06-18,27,Internal Medicine,65,bed,41.54
2,2022-06-19,22,Internal Medicine,65,bed,33.85
2,2022-06-20,20,Internal Medicine,65,bed,30.77
2,2022-06-21,15,Internal Medicine,65,bed,23.08
2,2022-06-22,17,Internal Medicine,65,bed,26.15
2,2022-06-23,19,Internal Medicine,65,bed,29.23
2,2022-06-24,17,Internal Medicine,65,bed,26.15
2,2022-06-25,19,Internal Medicine,65,bed,29.23
2,2022-06-26,16,Internal Medicine,65,bed,24.62
2,2022-06-27,12,Internal Medicine,65,bed,18.46
2,2022-06-28,11,Internal Medicine,65,bed,16.92
2,2022-06-29,12,Internal Medicine,65,bed,18.46
2,2022-06-30,12,Internal Medicine,65,bed,18.46
2,2022-07-01,14,Internal Medicine,65,bed,21.54
2,2022-07-02,17,Internal Medicine,65,bed,26.15
2,2022-07-03,14,Internal Medicine,65,bed,21.54
2,2022-07-04,14,Internal Medicine,65,bed,21.54
2,2022-07-05,11,Internal Medicine,65,bed,16.92
2,2022-07-06,11,Internal Medicine,65,bed,16.92
2,2022-07-07,16,Internal Medicine,65,bed,24.62
2,2022-07-08,18,Internal Medicine,65,bed,27.69
2,2022-07-09,20,Internal Medicine,65,bed,30.77
2,2022-07-10,24,Internal Medicine,65,bed,36.92
2,2022-07-11,22,Internal Medicine,65,bed,33.85
2,2022-07-12,25,Internal Medicine,65,bed,38.46
2,2022-07-13,30,Internal Medicine,65,bed,46.15
2,2022-07-14,29,Internal Medicine,65,bed,44.62
2,2022-07-15,30,Internal Medicine,65,bed,46.15
2,2022-07-16,30,Internal Medicine,65,bed,46.15
2,2022-07-17,31,Internal Medicine,65,bed,47.69
2,2022-07-18,32,Internal Medicine,65,bed,49.23
2,2022-07-19,30,Internal Medicine,65,bed,46.15
2,2022-07-20,29,Internal Medicine,65,bed,44.62
2,2022-07-21,20,Internal Medicine,65,bed,30.77
2,2022-07-22,16,Internal Medicine,65,bed,24.62
2,2022-07-23,15,Internal Medicine,65,bed,23.08
2,2022-07-24,14,Internal Medicine,65,bed,21.54
2,2022-07-25,12,Internal Medicine,65,bed,18.46
2,2022-07-26,13,Internal Medicine,65,bed,20.0
2,2022-07-27,14,Internal Medicine,65,bed,21.54
2,2022-07-28,20,Internal Medicine,65,bed,30.77
2,2022-07-29,22,Internal Medicine,65,bed,33.85
2,2022-07-30,20,Internal Medicine,65,bed,30.77
2,2022-07-31,20,Internal Medicine,65,bed,30.77
2,2022-08-01,21,Internal Medicine,65,bed,32.31
2,2022-08-02,18,Internal Medicine,65,bed,27.69
2,2022-08-03,17,Internal Medicine,65,bed,26.15
2,2022-08-04,19,Internal Medicine,65,bed,29.23
2,2022-08-05,19,Internal Medicine,65,bed,29.23
2,2022-08-06,19,Internal Medicine,65,bed,29.23
2,2022-08-07,23,Internal Medicine,65,bed,35.38
2,2022-08-08,21,Internal Medicine,65,bed,32.31
2,2022-08-09,22,Internal Medicine,65,bed,33.85
2,2022-08-10,23,Internal Medicine,65,bed,35.38
2,2022-08-11,21,Internal Medicine,65,bed,32.31
2,2022-08-12,24,Internal Medicine,65,bed,36.92
2,2022-08-13,22,Internal Medicine,65,bed,33.85
2,2022-08-14,20,Internal Medicine,65,bed,30.77
2,2022-08-15,20,Internal Medicine,65,bed,30.77
2,2022-08-16,16,Internal Medicine,65,bed,24.62
2,2022-08-17,17,Internal Medicine,65,bed,26.15
2,2022-08-18,14,Internal Medicine,65,bed,21.54
2,2022-08-19,21,Internal Medicine,65,bed,32.31
2,2022-08-20,20,Internal Medicine,65,bed,30.77
2,2022-08-21,20,Internal Medicine,65,bed,30.77
2,2022-08-22,20,Internal Medicine,65,bed,30.77
2,2022-08-23,20,Internal Medicine,65,bed,30.77
2,2022-08-24,21,Internal Medicine,65,bed,32.31
2,2022-08-25,19,Internal Medicine,65,bed,29.23
2,2022-08-26,13,Internal Medicine,65,bed,20.0
2,2022-08-27,13,Internal Medicine,65,bed,20.0
2,2022-08-28,13,Internal Medicine,65,bed,20.0
2,2022-08-29,14,Internal Medicine,65,bed,21.54
2,2022-08-30,16,Internal Medicine,65,bed,24.62
2,2022-08-31,20,Internal Medicine,65,bed,30.77
2,2022-09-01,19,Internal Medicine,65,bed,29.23
2,2022-09-02,25,Internal Medicine,65,bed,38.46
2,2022-09-03,28,Internal Medicine,65,bed,43.08
2,2022-09-04,27,Internal Medicine,65,bed,41.54
2,2022-09-05,30,Internal Medicine,65,bed,46.15
2,2022-09-06,32,Internal Medicine,65,bed,49.23
2,2022-09-07,28,Internal Medicine,65,bed,43.08
2,2022-09-08,27,Internal Medicine,65,bed,41.54
2,2022-09-09,23,Internal Medicine,65,bed,35.38
2,2022-09-10,19,Internal Medicine,65,bed,29.23
2,2022-09-11,20,Internal Medicine,65,bed,30.77
2,2022-09-12,21,Internal Medicine,65,bed,32.31
2,2022-09-13,24,Internal Medicine,65,bed,36.92
2,2022-09-14,29,Internal Medicine,65,bed,44.62
2,2022-09-15,25,Internal Medicine,65,bed,38.46
2,2022-09-16,24,Internal Medicine,65,bed,36.92
2,2022-09-17,27,Internal Medicine,65,bed,41.54
2,2022-09-18,30,Internal Medicine,65,bed,46.15
2,2022-09-19,32,Internal Medicine,65,bed,49.23
2,2022-09-20,33,Internal Medicine,65,bed,50.77
2,2022-09-21,35,Internal Medicine,65,bed,53.85
2,2022-09-22,39,Internal Medicine,65,bed,60.0
2,2022-09-23,34,Internal Medicine,65,bed,52.31
2,2022-09-24,29,Internal Medicine,65,bed,44.62
2,2022-09-25,29,Internal Medicine,65,bed,44.62
2,2022-09-26,24,Internal Medicine,65,bed,36.92
2,2022-09-27,22,Internal Medicine,65,bed,33.85
2,2022-09-28,21,Internal Medicine,65,bed,32.31
2,2022-09-29,20,Internal Medicine,65,bed,30.77
2,2022-09-30,16,Internal Medicine,65,bed,24.62
2,2022-10-01,18,Internal Medicine,65,bed,27.69
2,2022-10-02,21,Internal Medicine,65,bed,32.31
2,2022-10-03,21,Internal Medicine,65,bed,32.31
2,2022-10-04,20,Internal Medicine,65,bed,30.77
2,2022-10-05,20,Internal Medicine,65,bed,30.77
2,2022-10-06,23,Internal Medicine,65,bed,35.38
2,2022-10-07,22,Internal Medicine,65,bed,33.85
2,2022-10-08,18,Internal Medicine,65,bed,27.69
2,2022-10-09,16,Internal Medicine,65,bed,24.62
2,2022-10-10,19,Internal Medicine,65,bed,29.23
2,2022-10-11,23,Internal Medicine,65,bed,35.38
2,2022-10-12,19,Internal Medicine,65,bed,29.23
2,2022-10-13,22,Internal Medicine,65,bed,33.85
2,2022-10-14,23,Internal Medicine,65,bed,35.38
2,2022-10-15,27,Internal Medicine,65,bed,41.54
2,2022-10-16,24,Internal Medicine,65,bed,36.92
2,2022-10-17,22,Internal Medicine,65,bed,33.85
2,2022-10-18,21,Internal Medicine,65,bed,32.31
2,2022-10-19,20,Internal Medicine,65,bed,30.77
2,2022-10-20,18,Internal Medicine,65,bed,27.69
2,2022-10-21,18,Internal Medicine,65,bed,27.69
2,2022-10-22,16,Internal Medicine,65,bed,24.62
2,2022-10-23,21,Internal Medicine,65,bed,32.31
2,2022-10-24,24,Internal Medicine,65,bed,36.92
2,2022-10-25,18,Internal Medicine,65,bed,27.69
2,2022-10-26,22,Internal Medicine,65,bed,33.85
2,2022-10-27,17,Internal Medicine,65,bed,26.15
2,2022-10-28,18,Internal Medicine,65,bed,27.69
2,2022-10-29,18,Internal Medicine,65,bed,27.69
2,2022-10-30,20,Internal Medicine,65,bed,30.77
2,2022-10-31,18,Internal Medicine,65,bed,27.69
2,2022-11-01,17,Internal Medicine,65,bed,26.15
2,2022-11-02,18,Internal Medicine,65,bed,27.69
2,2022-11-03,24,Internal Medicine,65,bed,36.92
2,2022-11-04,25,Internal Medicine,65,bed,38.46
2,2022-11-05,25,Internal Medicine,65,bed,38.46
2,2022-11-06,22,Internal Medicine,65,bed,33.85
2,2022-11-07,21,Internal Medicine,65,bed,32.31
2,2022-11-08,18,Internal Medicine,65,bed,27.69
2,2022-11-09,20,Internal Medicine,65,bed,30.77
2,2022-11-10,18,Internal Medicine,65,bed,27.69
2,2022-11-11,20,Internal Medicine,65,bed,30.77
2,2022-11-12,19,Internal Medicine,65,bed,29.23
2,2022-11-13,18,Internal Medicine,65,bed,27.69
2,2022-11-14,21,Internal Medicine,65,bed,32.31
2,2022-11-15,24,Internal Medicine,65,bed,36.92
2,2022-11-16,23,Internal Medicine,65,bed,35.38
2,2022-11-17,26,Internal Medicine,65,bed,40.0
2,2022-11-18,26,Internal Medicine,65,bed,40.0
2,2022-11-19,24,Internal Medicine,65,bed,36.92
2,2022-11-20,20,Internal Medicine,65,bed,30.77
2,2022-11-21,25,Internal Medicine,65,bed,38.46
2,2022-11-22,23,Internal Medicine,65,bed,35.38
2,2022-11-23,23,Internal Medicine,65,bed,35.38
2,2022-11-24,24,Internal Medicine,65,bed,36.92
2,2022-11-25,20,Internal Medicine,65,bed,30.77
2,2022-11-26,23,Internal Medicine,65,bed,35.38
2,2022-11-27,24,Internal Medicine,65,bed,36.92
2,2022-11-28,25,Internal Medicine,65,bed,38.46
2,2022-11-29,27,Internal Medicine,65,bed,41.54
2,2022-11-30,33,Internal Medicine,65,bed,50.77
2,2022-12-01,33,Internal Medicine,65,bed,50.77
2,2022-12-02,31,Internal Medicine,65,bed,47.69
2,2022-12-03,25,Internal Medicine,65,bed,38.46
2,2022-12-04,22,Internal Medicine,65,bed,33.85
2,2022-12-05,20,Internal Medicine,65,bed,30.77
2,2022-12-06,15,Internal Medicine,65,bed,23.08
2,2022-12-07,17,Internal Medicine,65,bed,26.15
2,2022-12-08,21,Internal Medicine,65,bed,32.31
2,2022-12-09,22,Internal Medicine,65,bed,33.85
2,2022-12-10,22,Internal Medicine,65,bed,33.85
2,2022-12-11,24,Internal Medicine,65,bed,36.92
2,2022-12-12,24,Internal Medicine,65,bed,36.92
2,2022-12-13,26,Internal Medicine,65,bed,40.0
2,2022-12-14,22,Internal Medicine,65,bed,33.85
2,2022-12-15,23,Internal Medicine,65,bed,35.38
2,2022-12-16,21,Internal Medicine,65,bed,32.31
2,2022-12-17,18,Internal Medicine,65,bed,27.69
2,2022-12-18,22,Internal Medicine,65,bed,33.85
2,2022-12-19,25,Internal Medicine,65,bed,38.46
2,2022-12-20,24,Internal Medicine,65,bed,36.92
2,2022-12-21,20,Internal Medicine,65,bed,30.77
2,2022-12-22,20,Internal Medicine,65,bed,30.77
2,2022-12-23,15,Internal Medicine,65,bed,23.08
2,2022-12-24,13,Internal Medicine,65,bed,20.0
2,2022-12-25,13,Internal Medicine,65,bed,20.0
2,2022-12-26,17,Internal Medicine,65,bed,26.15
2,2022-12-27,12,Internal Medicine,65,bed,18.46
2,2022-12-28,15,Internal Medicine,65,bed,23.08
2,2022-12-29,14,Internal Medicine,65,bed,21.54
2,2022-12-30,15,Internal Medicine,65,bed,23.08
2,2022-12-31,17,Internal Medicine,65,bed,26.15
2,2023-01-01,19,Internal Medicine,65,bed,29.23
2,2023-01-02,20,Internal Medicine,65,bed,30.77
2,2023-01-03,20,Internal Medicine,65,bed,30.77
2,2023-01-04,21,Internal Medicine,65,bed,32.31
2,2023-01-05,20,Internal Medicine,65,bed,30.77
2,2023-01-06,17,Internal Medicine,65,bed,26.15
2,2023-01-07,18,Internal Medicine,65,bed,27.69
2,2023-01-08,19,Internal Medicine,65,bed,29.23
2,2023-01-09,17,Internal Medicine,65,bed,26.15
2,2023-01-10,18,Internal Medicine,65,bed,27.69
2,2023-01-11,18,Internal Medicine,65,bed,27.69
2,2023-01-12,18,Internal Medicine,65,bed,27.69
2,2023-01-13,20,Internal Medicine,65,bed,30.77
2,2023-01-14,18,Internal Medicine,65,bed,27.69
2,2023-01-15,19,Internal Medicine,65,bed,29.23
2,2023-01-16,20,Internal Medicine,65,bed,30.77
2,2023-01-17,17,Internal Medicine,65,bed,26.15
2,2023-01-18,18,Internal Medicine,65,bed,27.69
2,2023-01-19,16,Internal Medicine,65,bed,24.62
2,2023-01-20,15,Internal Medicine,65,bed,23.08
2,2023-01-21,17,Internal Medicine,65,bed,26.15
2,2023-01-22,18,Internal Medicine,65,bed,27.69
2,2023-01-23,19,Internal Medicine,65,bed,29.23
2,2023-01-24,20,Internal Medicine,65,bed,30.77
2,2023-01-25,19,Internal Medicine,65,bed,29.23
2,2023-01-26,20,Internal Medicine,65,bed,30.77
2,2023-01-27,18,Internal Medicine,65,bed,27.69
2,2023-01-28,17,Internal Medicine,65,bed,26.15
2,2023-01-29,19,Internal Medicine,65,bed,29.23
2,2023-01-30,21,Internal Medicine,65,bed,32.31
2,2023-01-31,22,Internal Medicine,65,bed,33.85
2,2023-02-01,23,Internal Medicine,65,bed,35.38
2,2023-02-02,22,Internal Medicine,65,bed,33.85
2,2023-02-03,25,Internal Medicine,65,bed,38.46
2,2023-02-04,25,Internal Medicine,65,bed,38.46
2,2023-02-05,19,Internal Medicine,65,bed,29.23
2,2023-02-06,19,Internal Medicine,65,bed,29.23
2,2023-02-07,19,Internal Medicine,65,bed,29.23
2,2023-02-08,19,Internal Medicine,65,bed,29.23
2,2023-02-09,22,Internal Medicine,65,bed,33.85
2,2023-02-10,20,Internal Medicine,65,bed,30.77
2,2023-02-11,20,Internal Medicine,65,bed,30.77
2,2023-02-12,18,Internal Medicine,65,bed,27.69
2,2023-02-13,12,Internal Medicine,65,bed,18.46
2,2023-02-14,14,Internal Medicine,65,bed,21.54
2,2023-02-15,16,Internal Medicine,65,bed,24.62
2,2023-02-16,16,Internal Medicine,65,bed,24.62
2,2023-02-17,13,Internal Medicine,65,bed,20.0
2,2023-02-18,16,Internal Medicine,65,bed,24.62
2,2023-02-19,15,Internal Medicine,65,bed,23.08
2,2023-02-20,12,Internal Medicine,65,bed,18.46
2,2023-02-21,12,Internal Medicine,65,bed,18.46
2,2023-02-22,14,Internal Medicine,65,bed,21.54
2,2023-02-23,14,Internal Medicine,65,bed,21.54
2,2023-02-24,14,Internal Medicine,65,bed,21.54
2,2023-02-25,19,Internal Medicine,65,bed,29.23
2,2023-02-26,18,Internal Medicine,65,bed,27.69
2,2023-02-27,20,Internal Medicine,65,bed,30.77
2,2023-02-28,23,Internal Medicine,65,bed,35.38
2,2023-03-01,22,Internal Medicine,65,bed,33.85
2,2023-03-02,20,Internal Medicine,65,bed,30.77
2,2023-03-03,20,Internal Medicine,65,bed,30.77
2,2023-03-04,19,Internal Medicine,65,bed,29.23
2,2023-03-05,17,Internal Medicine,65,bed,26.15
2,2023-03-06,16,Internal Medicine,65,bed,24.62
2,2023-03-07,18,Internal Medicine,65,bed,27.69
2,2023-03-08,15,Internal Medicine,65,bed,23.08
2,2023-03-09,13,Internal Medicine,65,bed,20.0
2,2023-03-10,15,Internal Medicine,65,bed,23.08
2,2023-03-11,14,Internal Medicine,65,bed,21.54
2,2023-03-12,16,Internal Medicine,65,bed,24.62
2,2023-03-13,16,Internal Medicine,65,bed,24.62
2,2023-03-14,14,Internal Medicine,65,bed,21.54
2,2023-03-15,12,Internal Medicine,65,bed,18.46
2,2023-03-16,11,Internal Medicine,65,bed,16.92
2,2023-03-17,14,Internal Medicine,65,bed,21.54
2,2023-03-18,17,Internal Medicine,65,bed,26.15
2,2023-03-19,19,Internal Medicine,65,bed,29.23
2,2023-03-20,27,Internal Medicine,65,bed,41.54
2,2023-03-21,27,Internal Medicine,65,bed,41.54
2,2023-03-22,28,Internal Medicine,65,bed,43.08
2,2023-03-23,25,Internal Medicine,65,bed,38.46
2,2023-03-24,24,Internal Medicine,65,bed,36.92
2,2023-03-25,26,Internal Medicine,65,bed,40.0
2,2023-03-26,21,Internal Medicine,65,bed,32.31
2,2023-03-27,19,Internal Medicine,65,bed,29.23
2,2023-03-28,20,Internal Medicine,65,bed,30.77
2,2023-03-29,22,Internal Medicine,65,bed,33.85
2,2023-03-30,20,Internal Medicine,65,bed,30.77
2,2023-03-31,20,Internal Medicine,65,bed,30.77
2,2023-04-01,19,Internal Medicine,65,bed,29.23
2,2023-04-02,20,Internal Medicine,65,bed,30.77
2,2023-04-03,20,Internal Medicine,65,bed,30.77
2,2023-04-04,16,Internal Medicine,65,bed,24.62
2,2023-04-05,20,Internal Medicine,65,bed,30.77
2,2023-04-06,21,Internal Medicine,65,bed,32.31
2,2023-04-07,23,Internal Medicine,65,bed,35.38
2,2023-04-08,22,Internal Medicine,65,bed,33.85
2,2023-04-09,22,Internal Medicine,65,bed,33.85
2,2023-04-10,19,Internal Medicine,65,bed,29.23
2,2023-04-11,20,Internal Medicine,65,bed,30.77
2,2023-04-12,18,Internal Medicine,65,bed,27.69
2,2023-04-13,17,Internal Medicine,65,bed,26.15
2,2023-04-14,19,Internal Medicine,65,bed,29.23
2,2023-04-15,15,Internal Medicine,65,bed,23.08
2,2023-04-16,22,Internal Medicine,65,bed,33.85
2,2023-04-17,21,Internal Medicine,65,bed,32.31
2,2023-04-18,20,Internal Medicine,65,bed,30.77
2,2023-04-19,18,Internal Medicine,65,bed,27.69
2,2023-04-20,17,Internal Medicine,65,bed,26.15
2,2023-04-21,16,Internal Medicine,65,bed,24.62
2,2023-04-22,16,Internal Medicine,65,bed,24.62
2,2023-04-23,16,Internal Medicine,65,bed,24.62
2,2023-04-24,19,Internal Medicine,65,bed,29.23
2,2023-04-25,17,Internal Medicine,65,bed,26.15
2,2023-04-26,13,Internal Medicine,65,bed,20.0
2,2023-04-27,15,Internal Medicine,65,bed,23.08
2,2023-04-28,17,Internal Medicine,65,bed,26.15
2,2023-04-29,17,Internal Medicine,65,bed,26.15
2,2023-04-30,14,Internal Medicine,65,bed,21.54
2,2023-05-01,14,Internal Medicine,65,bed,21.54
2,2023-05-02,14,Internal Medicine,65,bed,21.54
2,2023-05-03,15,Internal Medicine,65,bed,23.08
2,2023-05-04,17,Internal Medicine,65,bed,26.15
2,2023-05-05,17,Internal Medicine,65,bed,26.15
2,2023-05-06,21,Internal Medicine,65,bed,32.31
2,2023-05-07,19,Internal Medicine,65,bed,29.23
2,2023-05-08,15,Internal Medicine,65,bed,23.08
2,2023-05-09,14,Internal Medicine,65,bed,21.54
2,2023-05-10,15,Internal Medicine,65,bed,23.08
2,2023-05-11,17,Internal Medicine,65,bed,26.15
2,2023-05-12,17,Internal Medicine,65,bed,26.15
2,2023-05-13,15,Internal Medicine,65,bed,23.08
2,2023-05-14,13,Internal Medicine,65,bed,20.0
2,2023-05-15,10,Internal Medicine,65,bed,15.38
2,2023-05-16,10,Internal Medicine,65,bed,15.38
2,2023-05-17,9,Internal Medicine,65,bed,13.85
2,2023-05-18,10,Internal Medicine,65,bed,15.38
2,2023-05-19,12,Internal Medicine,65,bed,18.46
2,2023-05-20,11,Internal Medicine,65,bed,16.92
2,2023-05-21,18,Internal Medicine,65,bed,27.69
2,2023-05-22,21,Internal Medicine,65,bed,32.31
2,2023-05-23,20,Internal Medicine,65,bed,30.77
2,2023-05-24,25,Internal Medicine,65,bed,38.46
2,2023-05-25,24,Internal Medicine,65,bed,36.92
2,2023-05-26,27,Internal Medicine,65,bed,41.54
2,2023-05-27,26,Internal Medicine,65,bed,40.0
2,2023-05-28,30,Internal Medicine,65,bed,46.15
2,2023-05-29,28,Internal Medicine,65,bed,43.08
2,2023-05-30,27,Internal Medicine,65,bed,41.54
2,2023-05-31,27,Internal Medicine,65,bed,41.54
2,2023-06-01,28,Internal Medicine,65,bed,43.08
2,2023-06-02,30,Internal Medicine,65,bed,46.15
2,2023-06-03,32,Internal Medicine,65,bed,49.23
2,2023-06-04,27,Internal Medicine,65,bed,41.54
2,2023-06-05,27,Internal Medicine,65,bed,41.54
2,2023-06-06,24,Internal Medicine,65,bed,36.92
2,2023-06-07,24,Internal Medicine,65,bed,36.92
2,2023-06-08,23,Internal Medicine,65,bed,35.38
2,2023-06-09,20,Internal Medicine,65,bed,30.77
2,2023-06-10,16,Internal Medicine,65,bed,24.62
2,2023-06-11,15,Internal Medicine,65,bed,23.08
2,2023-06-12,17,Internal Medicine,65,bed,26.15
2,2023-06-13,21,Internal Medicine,65,bed,32.31
2,2023-06-14,20,Internal Medicine,65,bed,30.77
2,2023-06-15,25,Internal Medicine,65,bed,38.46
2,2023-06-16,22,Internal Medicine,65,bed,33.85
2,2023-06-17,18,Internal Medicine,65,bed,27.69
2,2023-06-18,18,Internal Medicine,65,bed,27.69
2,2023-06-19,21,Internal Medicine,65,bed,32.31
2,2023-06-20,24,Internal Medicine,65,bed,36.92
2,2023-06-21,27,Internal Medicine,65,bed,41.54
2,2023-06-22,23,Internal Medicine,65,bed,35.38
2,2023-06-23,19,Internal Medicine,65,bed,29.23
2,2023-06-24,22,Internal Medicine,65,bed,33.85
2,2023-06-25,24,Internal Medicine,65,bed,36.92
2,2023-06-26,24,Internal Medicine,65,bed,36.92
2,2023-06-27,25,Internal Medicine,65,bed,38.46
2,2023-06-28,21,Internal Medicine,65,bed,32.31
2,2023-06-29,21,Internal Medicine,65,bed,32.31
2,2023-06-30,17,Internal Medicine,65,bed,26.15
2,2023-07-01,19,Internal Medicine,65,bed,29.23
2,2023-07-02,19,Internal Medicine,65,bed,29.23
2,2023-07-03,19,Internal Medicine,65,bed,29.23
2,2023-07-04,16,Internal Medicine,65,bed,24.62
2,2023-07-05,15,Internal Medicine,65,bed,23.08
2,2023-07-06,14,Internal Medicine,65,bed,21.54
2,2023-07-07,15,Internal Medicine,65,bed,23.08
2,2023-07-08,13,Internal Medicine,65,bed,20.0
2,2023-07-09,9,Internal Medicine,65,bed,13.85
2,2023-07-10,12,Internal Medicine,65,bed,18.46
2,2023-07-11,16,Internal Medicine,65,bed,24.62
2,2023-07-12,16,Internal Medicine,65,bed,24.62
2,2023-07-13,18,Internal Medicine,65,bed,27.69
2,2023-07-14,23,Internal Medicine,65,bed,35.38
2,2023-07-15,19,Internal Medicine,65,bed,29.23
2,2023-07-16,18,Internal Medicine,65,bed,27.69
2,2023-07-17,20,Internal Medicine,65,bed,30.77
2,2023-07-18,24,Internal Medicine,65,bed,36.92
2,2023-07-19,28,Internal Medicine,65,bed,43.08
2,2023-07-20,27,Internal Medicine,65,bed,41.54
2,2023-07-21,23,Internal Medicine,65,bed,35.38
2,2023-07-22,22,Internal Medicine,65,bed,33.85
2,2023-07-23,21,Internal Medicine,65,bed,32.31
2,2023-07-24,23,Internal Medicine,65,bed,35.38
2,2023-07-25,22,Internal Medicine,65,bed,33.85
2,2023-07-26,27,Internal Medicine,65,bed,41.54
2,2023-07-27,25,Internal Medicine,65,bed,38.46
2,2023-07-28,26,Internal Medicine,65,bed,40.0
2,2023-07-29,22,Internal Medicine,65,bed,33.85
2,2023-07-30,21,Internal Medicine,65,bed,32.31
2,2023-07-31,22,Internal Medicine,65,bed,33.85
2,2023-08-01,25,Internal Medicine,65,bed,38.46
2,2023-08-02,25,Internal Medicine,65,bed,38.46
2,2023-08-03,25,Internal Medicine,65,bed,38.46
2,2023-08-04,26,Internal Medicine,65,bed,40.0
2,2023-08-05,23,Internal Medicine,65,bed,35.38
2,2023-08-06,22,Internal Medicine,65,bed,33.85
2,2023-08-07,17,Internal Medicine,65,bed,26.15
2,2023-08-08,17,Internal Medicine,65,bed,26.15
2,2023-08-09,13,Internal Medicine,65,bed,20.0
2,2023-08-10,15,Internal Medicine,65,bed,23.08
2,2023-08-11,14,Internal Medicine,65,bed,21.54
2,2023-08-12,15,Internal Medicine,65,bed,23.08
2,2023-08-13,19,Internal Medicine,65,bed,29.23
2,2023-08-14,19,Internal Medicine,65,bed,29.23
2,2023-08-15,19,Internal Medicine,65,bed,29.23
2,2023-08-16,20,Internal Medicine,65,bed,30.77
2,2023-08-17,19,Internal Medicine,65,bed,29.23
2,2023-08-18,20,Internal Medicine,65,bed,30.77
2,2023-08-19,18,Internal Medicine,65,bed,27.69
2,2023-08-20,21,Internal Medicine,65,bed,32.31
2,2023-08-21,19,Internal Medicine,65,bed,29.23
2,2023-08-22,19,Internal Medicine,65,bed,29.23
2,2023-08-23,19,Internal Medicine,65,bed,29.23
2,2023-08-24,15,Internal Medicine,65,bed,23.08
2,2023-08-25,17,Internal Medicine,65,bed,26.15
2,2023-08-26,14,Internal Medicine,65,bed,21.54
2,2023-08-27,12,Internal Medicine,65,bed,18.46
2,2023-08-28,11,Internal Medicine,65,bed,16.92
2,2023-08-29,17,Internal Medicine,65,bed,26.15
2,2023-08-30,18,Internal Medicine,65,bed,27.69
2,2023-08-31,19,Internal Medicine,65,bed,29.23
2,2023-09-01,19,Internal Medicine,65,bed,29.23
2,2023-09-02,22,Internal Medicine,65,bed,33.85
2,2023-09-03,18,Internal Medicine,65,bed,27.69
2,2023-09-04,16,Internal Medicine,65,bed,24.62
2,2023-09-05,17,Internal Medicine,65,bed,26.15
2,2023-09-06,22,Internal Medicine,65,bed,33.85
2,2023-09-07,24,Internal Medicine,65,bed,36.92
2,2023-09-08,20,Internal Medicine,65,bed,30.77
2,2023-09-09,22,Internal Medicine,65,bed,33.85
2,2023-09-10,22,Internal Medicine,65,bed,33.85
2,2023-09-11,19,Internal Medicine,65,bed,29.23
2,2023-09-12,19,Internal Medicine,65,bed,29.23
2,2023-09-13,16,Internal Medicine,65,bed,24.62
2,2023-09-14,15,Internal Medicine,65,bed,23.08
2,2023-09-15,18,Internal Medicine,65,bed,27.69
2,2023-09-16,18,Internal Medicine,65,bed,27.69
2,2023-09-17,19,Internal Medicine,65,bed,29.23
2,2023-09-18,17,Internal Medicine,65,bed,26.15
2,2023-09-19,16,Internal Medicine,65,bed,24.62
2,2023-09-20,15,Internal Medicine,65,bed,23.08
2,2023-09-21,16,Internal Medicine,65,bed,24.62
2,2023-09-22,17,Internal Medicine,65,bed,26.15
2,2023-09-23,20,Internal Medicine,65,bed,30.77
2,2023-09-24,20,Internal Medicine,65,bed,30.77
2,2023-09-25,22,Internal Medicine,65,bed,33.85
2,2023-09-26,25,Internal Medicine,65,bed,38.46
2,2023-09-27,24,Internal Medicine,65,bed,36.92
2,2023-09-28,21,Internal Medicine,65,bed,32.31
2,2023-09-29,13,Internal Medicine,65,bed,20.0
2,2023-09-30,14,Internal Medicine,65,bed,21.54
2,2023-10-01,11,Internal Medicine,65,bed,16.92
2,2023-10-02,11,Internal Medicine,65,bed,16.92
2,2023-10-03,11,Internal Medicine,65,bed,16.92
2,2023-10-04,15,Internal Medicine,65,bed,23.08
2,2023-10-05,16,Internal Medicine,65,bed,24.62
2,2023-10-06,14,Internal Medicine,65,bed,21.54
2,2023-10-07,16,Internal Medicine,65,bed,24.62
2,2023-10-08,17,Internal Medicine,65,bed,26.15
2,2023-10-09,15,Internal Medicine,65,bed,23.08
2,2023-10-10,17,Internal Medicine,65,bed,26.15
2,2023-10-11,17,Internal Medicine,65,bed,26.15
2,2023-10-12,17,Internal Medicine,65,bed,26.15
2,2023-10-13,17,Internal Medicine,65,bed,26.15
2,2023-10-14,14,Internal Medicine,65,bed,21.54
2,2023-10-15,16,Internal Medicine,65,bed,24.62
2,2023-10-16,16,Internal Medicine,65,bed,24.62
2,2023-10-17,11,Internal Medicine,65,bed,16.92
2,2023-10-18,9,Internal Medicine,65,bed,13.85
2,2023-10-19,5,Internal Medicine,65,bed,7.69
2,2023-10-20,7,Internal Medicine,65,bed,10.77
2,2023-10-21,8,Internal Medicine,65,bed,12.31
2,2023-10-22,14,Internal Medicine,65,bed,21.54
2,2023-10-23,10,Internal Medicine,65,bed,15.38
2,2023-10-24,13,Internal Medicine,65,bed,20.0
2,2023-10-25,15,Internal Medicine,65,bed,23.08
2,2023-10-26,17,Internal Medicine,65,bed,26.15
2,2023-10-27,17,Internal Medicine,65,bed,26.15
2,2023-10-28,16,Internal Medicine,65,bed,24.62
2,2023-10-29,19,Internal Medicine,65,bed,29.23
2,2023-10-30,20,Internal Medicine,65,bed,30.77
2,2023-10-31,22,Internal Medicine,65,bed,33.85
2,2023-11-01,20,Internal Medicine,65,bed,30.77
2,2023-11-02,17,Internal Medicine,65,bed,26.15
2,2023-11-03,16,Internal Medicine,65,bed,24.62
2,2023-11-04,19,Internal Medicine,65,bed,29.23
2,2023-11-05,19,Internal Medicine,65,bed,29.23
2,2023-11-06,20,Internal Medicine,65,bed,30.77
2,2023-11-07,19,Internal Medicine,65,bed,29.23
2,2023-11-08,15,Internal Medicine,65,bed,23.08
2,2023-11-09,16,Internal Medicine,65,bed,24.62
2,2023-11-10,16,Internal Medicine,65,bed,24.62
2,2023-11-11,17,Internal Medicine,65,bed,26.15
2,2023-11-12,18,Internal Medicine,65,bed,27.69
2,2023-11-13,18,Internal Medicine,65,bed,27.69
2,2023-11-14,20,Internal Medicine,65,bed,30.77
2,2023-11-15,24,Internal Medicine,65,bed,36.92
2,2023-11-16,26,Internal Medicine,65,bed,40.0
2,2023-11-17,29,Internal Medicine,65,bed,44.62
2,2023-11-18,27,Internal Medicine,65,bed,41.54
2,2023-11-19,21,Internal Medicine,65,bed,32.31
2,2023-11-20,26,Internal Medicine,65,bed,40.0
2,2023-11-21,25,Internal Medicine,65,bed,38.46
2,2023-11-22,28,Internal Medicine,65,bed,43.08
2,2023-11-23,27,Internal Medicine,65,bed,41.54
2,2023-11-24,26,Internal Medicine,65,bed,40.0
2,2023-11-25,26,Internal Medicine,65,bed,40.0
2,2023-11-26,25,Internal Medicine,65,bed,38.46
2,2023-11-27,20,Internal Medicine,65,bed,30.77
2,2023-11-28,21,Internal Medicine,65,bed,32.31
2,2023-11-29,21,Internal Medicine,65,bed,32.31
2,2023-11-30,19,Internal Medicine,65,bed,29.23
2,2023-12-01,17,Internal Medicine,65,bed,26.15
2,2023-12-02,18,Internal Medicine,65,bed,27.69
2,2023-12-03,16,Internal Medicine,65,bed,24.62
2,2023-12-04,13,Internal Medicine,65,bed,20.0
2,2023-12-05,14,Internal Medicine,65,bed,21.54
2,2023-12-06,15,Internal Medicine,65,bed,23.08
2,2023-12-07,15,Internal Medicine,65,bed,23.08
2,2023-12-08,17,Internal Medicine,65,bed,26.15
2,2023-12-09,17,Internal Medicine,65,bed,26.15
2,2023-12-10,15,Internal Medicine,65,bed,23.08
2,2023-12-11,15,Internal Medicine,65,bed,23.08
2,2023-12-12,17,Internal Medicine,65,bed,26.15
2,2023-12-13,18,Internal Medicine,65,bed,27.69
2,2023-12-14,19,Internal Medicine,65,bed,29.23
2,2023-12-15,27,Internal Medicine,65,bed,41.54
2,2023-12-16,30,Internal Medicine,65,bed,46.15
2,2023-12-17,36,Internal Medicine,65,bed,55.38
2,2023-12-18,36,Internal Medicine,65,bed,55.38
2,2023-12-19,30,Internal Medicine,65,bed,46.15
2,2023-12-20,28,Internal Medicine,65,bed,43.08
2,2023-12-21,26,Internal Medicine,65,bed,40.0
2,2023-12-22,24,Internal Medicine,65,bed,36.92
2,2023-12-23,14,Internal Medicine,65,bed,21.54
2,2023-12-24,13,Internal Medicine,65,bed,20.0
2,2023-12-25,14,Internal Medicine,65,bed,21.54
2,2023-12-26,16,Internal Medicine,65,bed,24.62
2,2023-12-27,21,Internal Medicine,65,bed,32.31
2,2023-12-28,20,Internal Medicine,65,bed,30.77
2,2023-12-29,20,Internal Medicine,65,bed,30.77
2,2023-12-30,15,Internal Medicine,65,bed,23.08
2,2023-12-31,13,Internal Medicine,65,bed,20.0
2,2024-01-01,20,Internal Medicine,65,bed,30.77
2,2024-01-02,24,Internal Medicine,65,bed,36.92
2,2024-01-03,25,Internal Medicine,65,bed,38.46
2,2024-01-04,24,Internal Medicine,65,bed,36.92
2,2024-01-05,21,Internal Medicine,65,bed,32.31
2,2024-01-06,23,Internal Medicine,65,bed,35.38
2,2024-01-07,22,Internal Medicine,65,bed,33.85
2,2024-01-08,19,Internal Medicine,65,bed,29.23
2,2024-01-09,23,Internal Medicine,65,bed,35.38
2,2024-01-10,26,Internal Medicine,65,bed,40.0
2,2024-01-11,24,Internal Medicine,65,bed,36.92
2,2024-01-12,24,Internal Medicine,65,bed,36.92
2,2024-01-13,25,Internal Medicine,65,bed,38.46
2,2024-01-14,22,Internal Medicine,65,bed,33.85
2,2024-01-15,18,Internal Medicine,65,bed,27.69
2,2024-01-16,19,Internal Medicine,65,bed,29.23
2,2024-01-17,19,Internal Medicine,65,bed,29.23
2,2024-01-18,21,Internal Medicine,65,bed,32.31
2,2024-01-19,19,Internal Medicine,65,bed,29.23
2,2024-01-20,15,Internal Medicine,65,bed,23.08
2,2024-01-21,17,Internal Medicine,65,bed,26.15
2,2024-01-22,17,Internal Medicine,65,bed,26.15
2,2024-01-23,21,Internal Medicine,65,bed,32.31
2,2024-01-24,24,Internal Medicine,65,bed,36.92
2,2024-01-25,24,Internal Medicine,65,bed,36.92
2,2024-01-26,24,Internal Medicine,65,bed,36.92
2,2024-01-27,19,Internal Medicine,65,bed,29.23
2,2024-01-28,21,Internal Medicine,65,bed,32.31
2,2024-01-29,22,Internal Medicine,65,bed,33.85
2,2024-01-30,24,Internal Medicine,65,bed,36.92
2,2024-01-31,21,Internal Medicine,65,bed,32.31
2,2024-02-01,19,Internal Medicine,65,bed,29.23
2,2024-02-02,16,Internal Medicine,65,bed,24.62
2,2024-02-03,20,Internal Medicine,65,bed,30.77
2,2024-02-04,23,Internal Medicine,65,bed,35.38
2,2024-02-05,19,Internal Medicine,65,bed,29.23
2,2024-02-06,18,Internal Medicine,65,bed,27.69
2,2024-02-07,21,Internal Medicine,65,bed,32.31
2,2024-02-08,21,Internal Medicine,65,bed,32.31
2,2024-02-09,24,Internal Medicine,65,bed,36.92
2,2024-02-10,23,Internal Medicine,65,bed,35.38
2,2024-02-11,19,Internal Medicine,65,bed,29.23
2,2024-02-12,15,Internal Medicine,65,bed,23.08
2,2024-02-13,16,Internal Medicine,65,bed,24.62
2,2024-02-14,15,Internal Medicine,65,bed,23.08
2,2024-02-15,18,Internal Medicine,65,bed,27.69
2,2024-02-16,16,Internal Medicine,65,bed,24.62
2,2024-02-17,18,Internal Medicine,65,bed,27.69
2,2024-02-18,20,Internal Medicine,65,bed,30.77
2,2024-02-19,17,Internal Medicine,65,bed,26.15
2,2024-02-20,19,Internal Medicine,65,bed,29.23
2,2024-02-21,20,Internal Medicine,65,bed,30.77
2,2024-02-22,24,Internal Medicine,65,bed,36.92
2,2024-02-23,28,Internal Medicine,65,bed,43.08
2,2024-02-24,27,Internal Medicine,65,bed,41.54
2,2024-02-25,20,Internal Medicine,65,bed,30.77
2,2024-02-26,20,Internal Medicine,65,bed,30.77
2,2024-02-27,22,Internal Medicine,65,bed,33.85
2,2024-02-28,22,Internal Medicine,65,bed,33.85
2,2024-02-29,27,Internal Medicine,65,bed,41.54
2,2024-03-01,22,Internal Medicine,65,bed,33.85
2,2024-03-02,24,Internal Medicine,65,bed,36.92
2,2024-03-03,27,Internal Medicine,65,bed,41.54
2,2024-03-04,22,Internal Medicine,65,bed,33.85
2,2024-03-05,26,Internal Medicine,65,bed,40.0
2,2024-03-06,26,Internal Medicine,65,bed,40.0
2,2024-03-07,28,Internal Medicine,65,bed,43.08
2,2024-03-08,26,Internal Medicine,65,bed,40.0
2,2024-03-09,25,Internal Medicine,65,bed,38.46
2,2024-03-10,21,Internal Medicine,65,bed,32.31
2,2024-03-11,19,Internal Medicine,65,bed,29.23
2,2024-03-12,17,Internal Medicine,65,bed,26.15
2,2024-03-13,17,Internal Medicine,65,bed,26.15
2,2024-03-14,15,Internal Medicine,65,bed,23.08
2,2024-03-15,15,Internal Medicine,65,bed,23.08
2,2024-03-16,14,Internal Medicine,65,bed,21.54
2,2024-03-17,14,Internal Medicine,65,bed,21.54
2,2024-03-18,15,Internal Medicine,65,bed,23.08
2,2024-03-19,16,Internal Medicine,65,bed,24.62
2,2024-03-20,15,Internal Medicine,65,bed,23.08
2,2024-03-21,17,Internal Medicine,65,bed,26.15
2,2024-03-22,18,Internal Medicine,65,bed,27.69
2,2024-03-23,15,Internal Medicine,65,bed,23.08
2,2024-03-24,16,Internal Medicine,65,bed,24.62
2,2024-03-25,18,Internal Medicine,65,bed,27.69
2,2024-03-26,18,Internal Medicine,65,bed,27.69
2,2024-03-27,16,Internal Medicine,65,bed,24.62
2,2024-03-28,16,Internal Medicine,65,bed,24.62
2,2024-03-29,13,Internal Medicine,65,bed,20.0
2,2024-03-30,15,Internal Medicine,65,bed,23.08
2,2024-03-31,14,Internal Medicine,65,bed,21.54
2,2024-04-01,12,Internal Medicine,65,bed,18.46
2,2024-04-02,16,Internal Medicine,65,bed,24.62
2,2024-04-03,18,Internal Medicine,65,bed,27.69
2,2024-04-04,15,Internal Medicine,65,bed,23.08
2,2024-04-05,15,Internal Medicine,65,bed,23.08
2,2024-04-06,15,Internal Medicine,65,bed,23.08
2,2024-04-07,16,Internal Medicine,65,bed,24.62
2,2024-04-08,18,Internal Medicine,65,bed,27.69
2,2024-04-09,18,Internal Medicine,65,bed,27.69
2,2024-04-10,15,Internal Medicine,65,bed,23.08
2,2024-04-11,16,Internal Medicine,65,bed,24.62
2,2024-04-12,15,Internal Medicine,65,bed,23.08
2,2024-04-13,18,Internal Medicine,65,bed,27.69
2,2024-04-14,18,Internal Medicine,65,bed,27.69
2,2024-04-15,23,Internal Medicine,65,bed,35.38
2,2024-04-16,26,Internal Medicine,65,bed,40.0
2,2024-04-17,26,Internal Medicine,65,bed,40.0
2,2024-04-18,31,Internal Medicine,65,bed,47.69
2,2024-04-19,27,Internal Medicine,65,bed,41.54
2,2024-04-20,29,Internal Medicine,65,bed,44.62
2,2024-04-21,24,Internal Medicine,65,bed,36.92
2,2024-04-22,28,Internal Medicine,65,bed,43.08
2,2024-04-23,29,Internal Medicine,65,bed,44.62
2,2024-04-24,24,Internal Medicine,65,bed,36.92
2,2024-04-25,23,Internal Medicine,65,bed,35.38
2,2024-04-26,21,Internal Medicine,65,bed,32.31
2,2024-04-27,22,Internal Medicine,65,bed,33.85
2,2024-04-28,19,Internal Medicine,65,bed,29.23
2,2024-04-29,16,Internal Medicine,65,bed,24.62
2,2024-04-30,17,Internal Medicine,65,bed,26.15
2,2024-05-01,17,Internal Medicine,65,bed,26.15
2,2024-05-02,19,Internal Medicine,65,bed,29.23
2,2024-05-03,22,Internal Medicine,65,bed,33.85
2,2024-05-04,23,Internal Medicine,65,bed,35.38
2,2024-05-05,22,Internal Medicine,65,bed,33.85
2,2024-05-06,23,Internal Medicine,65,bed,35.38
2,2024-05-07,22,Internal Medicine,65,bed,33.85
2,2024-05-08,25,Internal Medicine,65,bed,38.46
2,2024-05-09,24,Internal Medicine,65,bed,36.92
2,2024-05-10,22,Internal Medicine,65,bed,33.85
2,2024-05-11,21,Internal Medicine,65,bed,32.31
2,2024-05-12,21,Internal Medicine,65,bed,32.31
2,2024-05-13,20,Internal Medicine,65,bed,30.77
2,2024-05-14,19,Internal Medicine,65,bed,29.23
2,2024-05-15,17,Internal Medicine,65,bed,26.15
2,2024-05-16,21,Internal Medicine,65,bed,32.31
2,2024-05-17,17,Internal Medicine,65,bed,26.15
2,2024-05-18,18,Internal Medicine,65,bed,27.69
2,2024-05-19,12,Internal Medicine,65,bed,18.46
2,2024-05-20,17,Internal Medicine,65,bed,26.15
2,2024-05-21,21,Internal Medicine,65,bed,32.31
2,2024-05-22,20,Internal Medicine,65,bed,30.77
2,2024-05-23,22,Internal Medicine,65,bed,33.85
2,2024-05-24,25,Internal Medicine,65,bed,38.46
2,2024-05-25,28,Internal Medicine,65,bed,43.08
2,2024-05-26,30,Internal Medicine,65,bed,46.15
2,2024-05-27,27,Internal Medicine,65,bed,41.54
2,2024-05-28,27,Internal Medicine,65,bed,41.54
2,2024-05-29,25,Internal Medicine,65,bed,38.46
2,2024-05-30,22,Internal Medicine,65,bed,33.85
2,2024-05-31,21,Internal Medicine,65,bed,32.31
2,2024-06-01,23,Internal Medicine,65,bed,35.38
2,2024-06-02,19,Internal Medicine,65,bed,29.23
2,2024-06-03,20,Internal Medicine,65,bed,30.77
2,2024-06-04,19,Internal Medicine,65,bed,29.23
2,2024-06-05,18,Internal Medicine,65,bed,27.69
2,2024-06-06,18,Internal Medicine,65,bed,27.69
2,2024-06-07,19,Internal Medicine,65,bed,29.23
2,2024-06-08,17,Internal Medicine,65,bed,26.15
2,2024-06-09,23,Internal Medicine,65,bed,35.38
2,2024-06-10,22,Internal Medicine,65,bed,33.85
2,2024-06-11,27,Internal Medicine,65,bed,41.54
2,2024-06-12,24,Internal Medicine,65,bed,36.92
2,2024-06-13,21,Internal Medicine,65,bed,32.31
2,2024-06-14,19,Internal Medicine,65,bed,29.23
2,2024-06-15,19,Internal Medicine,65,bed,29.23
2,2024-06-16,19,Internal Medicine,65,bed,29.23
2,2024-06-17,16,Internal Medicine,65,bed,24.62
2,2024-06-18,19,Internal Medicine,65,bed,29.23
2,2024-06-19,21,Internal Medicine,65,bed,32.31
2,2024-06-20,20,Internal Medicine,65,bed,30.77
2,2024-06-21,17,Internal Medicine,65,bed,26.15
2,2024-06-22,15,Internal Medicine,65,bed,23.08
2,2024-06-23,20,Internal Medicine,65,bed,30.77
2,2024-06-24,21,Internal Medicine,65,bed,32.31
2,2024-06-25,19,Internal Medicine,65,bed,29.23
2,2024-06-26,19,Internal Medicine,65,bed,29.23
2,2024-06-27,19,Internal Medicine,65,bed,29.23
2,2024-06-28,17,Internal Medicine,65,bed,26.15
2,2024-06-29,14,Internal Medicine,65,bed,21.54
2,2024-06-30,12,Internal Medicine,65,bed,18.46
2,2024-07-01,17,Internal Medicine,65,bed,26.15
2,2024-07-02,16,Internal Medicine,65,bed,24.62
2,2024-07-03,17,Internal Medicine,65,bed,26.15
2,2024-07-04,15,Internal Medicine,65,bed,23.08
2,2024-07-05,14,Internal Medicine,65,bed,21.54
2,2024-07-06,14,Internal Medicine,65,bed,21.54
2,2024-07-07,14,Internal Medicine,65,bed,21.54
2,2024-07-08,14,Internal Medicine,65,bed,21.54
2,2024-07-09,16,Internal Medicine,65,bed,24.62
2,2024-07-10,18,Internal Medicine,65,bed,27.69
2,2024-07-11,19,Internal Medicine,65,bed,29.23
2,2024-07-12,16,Internal Medicine,65,bed,24.62
2,2024-07-13,14,Internal Medicine,65,bed,21.54
2,2024-07-14,14,Internal Medicine,65,bed,21.54
2,2024-07-15,13,Internal Medicine,65,bed,20.0
2,2024-07-16,12,Internal Medicine,65,bed,18.46
2,2024-07-17,16,Internal Medicine,65,bed,24.62
2,2024-07-18,19,Internal Medicine,65,bed,29.23
2,2024-07-19,22,Internal Medicine,65,bed,33.85
2,2024-07-20,27,Internal Medicine,65,bed,41.54
2,2024-07-21,27,Internal Medicine,65,bed,41.54
2,2024-07-22,30,Internal Medicine,65,bed,46.15
2,2024-07-23,32,Internal Medicine,65,bed,49.23
2,2024-07-24,28,Internal Medicine,65,bed,43.08
2,2024-07-25,29,Internal Medicine,65,bed,44.62
2,2024-07-26,29,Internal Medicine,65,bed,44.62
2,2024-07-27,32,Internal Medicine,65,bed,49.23
2,2024-07-28,30,Internal Medicine,65,bed,46.15
2,2024-07-29,31,Internal Medicine,65,bed,47.69
2,2024-07-30,27,Internal Medicine,65,bed,41.54
2,2024-07-31,29,Internal Medicine,65,bed,44.62
2,2024-08-01,28,Internal Medicine,65,bed,43.08
2,2024-08-02,26,Internal Medicine,65,bed,40.0
2,2024-08-03,22,Internal Medicine,65,bed,33.85
2,2024-08-04,22,Internal Medicine,65,bed,33.85
2,2024-08-05,23,Internal Medicine,65,bed,35.38
2,2024-08-06,22,Internal Medicine,65,bed,33.85
2,2024-08-07,23,Internal Medicine,65,bed,35.38
2,2024-08-08,25,Internal Medicine,65,bed,38.46
2,2024-08-09,24,Internal Medicine,65,bed,36.92
2,2024-08-10,25,Internal Medicine,65,bed,38.46
2,2024-08-11,26,Internal Medicine,65,bed,40.0
2,2024-08-12,23,Internal Medicine,65,bed,35.38
2,2024-08-13,22,Internal Medicine,65,bed,33.85
2,2024-08-14,19,Internal Medicine,65,bed,29.23
2,2024-08-15,19,Internal Medicine,65,bed,29.23
2,2024-08-16,19,Internal Medicine,65,bed,29.23
2,2024-08-17,19,Internal Medicine,65,bed,29.23
2,2024-08-18,19,Internal Medicine,65,bed,29.23
2,2024-08-19,22,Internal Medicine,65,bed,33.85
2,2024-08-20,23,Internal Medicine,65,bed,35.38
2,2024-08-21,26,Internal Medicine,65,bed,40.0
2,2024-08-22,27,Internal Medicine,65,bed,41.54
2,2024-08-23,27,Internal Medicine,65,bed,41.54
2,2024-08-24,29,Internal Medicine,65,bed,44.62
2,2024-08-25,27,Internal Medicine,65,bed,41.54
2,2024-08-26,26,Internal Medicine,65,bed,40.0
2,2024-08-27,26,Internal Medicine,65,bed,40.0
2,2024-08-28,30,Internal Medicine,65,bed,46.15
2,2024-08-29,33,Internal Medicine,65,bed,50.77
2,2024-08-30,29,Internal Medicine,65,bed,44.62
2,2024-08-31,27,Internal Medicine,65,bed,41.54
2,2024-09-01,21,Internal Medicine,65,bed,32.31
2,2024-09-02,20,Internal Medicine,65,bed,30.77
2,2024-09-03,20,Internal Medicine,65,bed,30.77
2,2024-09-04,20,Internal Medicine,65,bed,30.77
2,2024-09-05,16,Internal Medicine,65,bed,24.62
2,2024-09-06,17,Internal Medicine,65,bed,26.15
2,2024-09-07,17,Internal Medicine,65,bed,26.15
2,2024-09-08,19,Internal Medicine,65,bed,29.23
2,2024-09-09,19,Internal Medicine,65,bed,29.23
2,2024-09-10,18,Internal Medicine,65,bed,27.69
2,2024-09-11,20,Internal Medicine,65,bed,30.77
2,2024-09-12,20,Internal Medicine,65,bed,30.77
2,2024-09-13,19,Internal Medicine,65,bed,29.23
2,2024-09-14,21,Internal Medicine,65,bed,32.31
2,2024-09-15,21,Internal Medicine,65,bed,32.31
2,2024-09-16,17,Internal Medicine,65,bed,26.15
2,2024-09-17,20,Internal Medicine,65,bed,30.77
2,2024-09-18,19,Internal Medicine,65,bed,29.23
2,2024-09-19,17,Internal Medicine,65,bed,26.15
2,2024-09-20,19,Internal Medicine,65,bed,29.23
2,2024-09-21,18,Internal Medicine,65,bed,27.69
2,2024-09-22,12,Internal Medicine,65,bed,18.46
2,2024-09-23,12,Internal Medicine,65,bed,18.46
2,2024-09-24,15,Internal Medicine,65,bed,23.08
2,2024-09-25,16,Internal Medicine,65,bed,24.62
2,2024-09-26,15,Internal Medicine,65,bed,23.08
2,2024-09-27,15,Internal Medicine,65,bed,23.08
2,2024-09-28,23,Internal Medicine,65,bed,35.38
2,2024-09-29,23,Internal Medicine,65,bed,35.38
2,2024-09-30,22,Internal Medicine,65,bed,33.85
2,2024-10-01,21,Internal Medicine,65,bed,32.31
2,2024-10-02,17,Internal Medicine,65,bed,26.15
2,2024-10-03,19,Internal Medicine,65,bed,29.23
2,2024-10-04,21,Internal Medicine,65,bed,32.31
2,2024-10-05,17,Internal Medicine,65,bed,26.15
2,2024-10-06,20,Internal Medicine,65,bed,30.77
2,2024-10-07,20,Internal Medicine,65,bed,30.77
2,2024-10-08,20,Internal Medicine,65,bed,30.77
2,2024-10-09,20,Internal Medicine,65,bed,30.77
2,2024-10-10,20,Internal Medicine,65,bed,30.77
2,2024-10-11,26,Internal Medicine,65,bed,40.0
2,2024-10-12,27,Internal Medicine,65,bed,41.54
2,2024-10-13,23,Internal Medicine,65,bed,35.38
2,2024-10-14,24,Internal Medicine,65,bed,36.92
2,2024-10-15,22,Internal Medicine,65,bed,33.85
2,2024-10-16,24,Internal Medicine,65,bed,36.92
2,2024-10-17,25,Internal Medicine,65,bed,38.46
2,2024-10-18,20,Internal Medicine,65,bed,30.77
2,2024-10-19,20,Internal Medicine,65,bed,30.77
2,2024-10-20,26,Internal Medicine,65,bed,40.0
2,2024-10-21,30,Internal Medicine,65,bed,46.15
2,2024-10-22,30,Internal Medicine,65,bed,46.15
2,2024-10-23,29,Internal Medicine,65,bed,44.62
2,2024-10-24,28,Internal Medicine,65,bed,43.08
2,2024-10-25,27,Internal Medicine,65,bed,41.54
2,2024-10-26,28,Internal Medicine,65,bed,43.08
2,2024-10-27,29,Internal Medicine,65,bed,44.62
2,2024-10-28,25,Internal Medicine,65,bed,38.46
2,2024-10-29,24,Internal Medicine,65,bed,36.92
2,2024-10-30,19,Internal Medicine,65,bed,29.23
2,2024-10-31,17,Internal Medicine,65,bed,26.15
2,2024-11-01,17,Internal Medicine,65,bed,26.15
2,2024-11-02,18,Internal Medicine,65,bed,27.69
2,2024-11-03,19,Internal Medicine,65,bed,29.23
2,2024-11-04,18,Internal Medicine,65,bed,27.69
2,2024-11-05,16,Internal Medicine,65,bed,24.62
2,2024-11-06,11,Internal Medicine,65,bed,16.92
2,2024-11-07,15,Internal Medicine,65,bed,23.08
2,2024-11-08,19,Internal Medicine,65,bed,29.23
2,2024-11-09,15,Internal Medicine,65,bed,23.08
2,2024-11-10,15,Internal Medicine,65,bed,23.08
2,2024-11-11,15,Internal Medicine,65,bed,23.08
2,2024-11-12,22,Internal Medicine,65,bed,33.85
2,2024-11-13,20,Internal Medicine,65,bed,30.77
2,2024-11-14,22,Internal Medicine,65,bed,33.85
2,2024-11-15,24,Internal Medicine,65,bed,36.92
2,2024-11-16,23,Internal Medicine,65,bed,35.38
2,2024-11-17,19,Internal Medicine,65,bed,29.23
2,2024-11-18,16,Internal Medicine,65,bed,24.62
2,2024-11-19,15,Internal Medicine,65,bed,23.08
2,2024-11-20,18,Internal Medicine,65,bed,27.69
2,2024-11-21,18,Internal Medicine,65,bed,27.69
2,2024-11-22,18,Internal Medicine,65,bed,27.69
2,2024-11-23,17,Internal Medicine,65,bed,26.15
2,2024-11-24,20,Internal Medicine,65,bed,30.77
2,2024-11-25,22,Internal Medicine,65,bed,33.85
2,2024-11-26,21,Internal Medicine,65,bed,32.31
2,2024-11-27,19,Internal Medicine,65,bed,29.23
2,2024-11-28,18,Internal Medicine,65,bed,27.69
2,2024-11-29,17,Internal Medicine,65,bed,26.15
2,2024-11-30,16,Internal Medicine,65,bed,24.62
2,2024-12-01,17,Internal Medicine,65,bed,26.15
2,2024-12-02,20,Internal Medicine,65,bed,30.77
2,2024-12-03,26,Internal Medicine,65,bed,40.0
2,2024-12-04,28,Internal Medicine,65,bed,43.08
2,2024-12-05,25,Internal Medicine,65,bed,38.46
2,2024-12-06,25,Internal Medicine,65,bed,38.46
2,2024-12-07,24,Internal Medicine,65,bed,36.92
2,2024-12-08,29,Internal Medicine,65,bed,44.62
2,2024-12-09,29,Internal Medicine,65,bed,44.62
2,2024-12-10,29,Internal Medicine,65,bed,44.62
2,2024-12-11,30,Internal Medicine,65,bed,46.15
2,2024-12-12,27,Internal Medicine,65,bed,41.54
2,2024-12-13,24,Internal Medicine,65,bed,36.92
2,2024-12-14,19,Internal Medicine,65,bed,29.23
2,2024-12-15,18,Internal Medicine,65,bed,27.69
2,2024-12-16,18,Internal Medicine,65,bed,27.69
2,2024-12-17,19,Internal Medicine,65,bed,29.23
2,2024-12-18,23,Internal Medicine,65,bed,35.38
2,2024-12-19,19,Internal Medicine,65,bed,29.23
2,2024-12-20,16,Internal Medicine,65,bed,24.62
2,2024-12-21,14,Internal Medicine,65,bed,21.54
2,2024-12-22,12,Internal Medicine,65,bed,18.46
2,2024-12-23,15,Internal Medicine,65,bed,23.08
2,2024-12-24,15,Internal Medicine,65,bed,23.08
2,2024-12-25,12,Internal Medicine,65,bed,18.46
2,2024-12-26,11,Internal Medicine,65,bed,16.92
2,2024-12-27,19,Internal Medicine,65,bed,29.23
2,2024-12-28,18,Internal Medicine,65,bed,27.69
2,2024-12-29,18,Internal Medicine,65,bed,27.69
2,2024-12-30,25,Internal Medicine,65,bed,38.46
2,2024-12-31,20,Internal Medicine,65,bed,30.77
2,2025-01-01,22,Internal Medicine,65,bed,33.85
2,2025-01-02,19,Internal Medicine,65,bed,29.23
2,2025-01-03,19,Internal Medicine,65,bed,29.23
2,2025-01-04,22,Internal Medicine,65,bed,33.85
2,2025-01-05,19,Internal Medicine,65,bed,29.23
2,2025-01-06,15,Internal Medicine,65,bed,23.08
2,2025-01-07,13,Internal Medicine,65,bed,20.0
2,2025-01-08,15,Internal Medicine,65,bed,23.08
2,2025-01-09,20,Internal Medicine,65,bed,30.77
2,2025-01-10,19,Internal Medicine,65,bed,29.23
2,2025-01-11,18,Internal Medicine,65,bed,27.69
2,2025-01-12,16,Internal Medicine,65,bed,24.62
2,2025-01-13,14,Internal Medicine,65,bed,21.54
2,2025-01-14,16,Internal Medicine,65,bed,24.62
2,2025-01-15,17,Internal Medicine,65,bed,26.15
2,2025-01-16,17,Internal Medicine,65,bed,26.15
2,2025-01-17,14,Internal Medicine,65,bed,21.54
2,2025-01-18,13,Internal Medicine,65,bed,20.0
2,2025-01-19,13,Internal Medicine,65,bed,20.0
2,2025-01-20,18,Internal Medicine,65,bed,27.69
2,2025-01-21,16,Internal Medicine,65,bed,24.62
2,2025-01-22,16,Internal Medicine,65,bed,24.62
2,2025-01-23,14,Internal Medicine,65,bed,21.54
2,2025-01-24,12,Internal Medicine,65,bed,18.46
2,2025-01-25,14,Internal Medicine,65,bed,21.54
2,2025-01-26,14,Internal Medicine,65,bed,21.54
2,2025-01-27,17,Internal Medicine,65,bed,26.15
2,2025-01-28,16,Internal Medicine,65,bed,24.62
2,2025-01-29,15,Internal Medicine,65,bed,23.08
2,2025-01-30,15,Internal Medicine,65,bed,23.08
2,2025-01-31,14,Internal Medicine,65,bed,21.54
2,2025-02-01,16,Internal Medicine,65,bed,24.62
2,2025-02-02,20,Internal Medicine,65,bed,30.77
2,2025-02-03,22,Internal Medicine,65,bed,33.85
2,2025-02-04,24,Internal Medicine,65,bed,36.92
2,2025-02-05,23,Internal Medicine,65,bed,35.38
2,2025-02-06,25,Internal Medicine,65,bed,38.46
2,2025-02-07,24,Internal Medicine,65,bed,36.92
2,2025-02-08,20,Internal Medicine,65,bed,30.77
2,2025-02-09,17,Internal Medicine,65,bed,26.15
2,2025-02-10,19,Internal Medicine,65,bed,29.23
2,2025-02-11,21,Internal Medicine,65,bed,32.31
2,2025-02-12,24,Internal Medicine,65,bed,36.92
2,2025-02-13,25,Internal Medicine,65,bed,38.46
2,2025-02-14,23,Internal Medicine,65,bed,35.38
2,2025-02-15,20,Internal Medicine,65,bed,30.77
2,2025-02-16,20,Internal Medicine,65,bed,30.77
2,2025-02-17,24,Internal Medicine,65,bed,36.92
2,2025-02-18,23,Internal Medicine,65,bed,35.38
2,2025-02-19,25,Internal Medicine,65,bed,38.46
2,2025-02-20,20,Internal Medicine,65,bed,30.77
2,2025-02-21,15,Internal Medicine,65,bed,23.08
2,2025-02-22,15,Internal Medicine,65,bed,23.08
2,2025-02-23,19,Internal Medicine,65,bed,29.23
2,2025-02-24,17,Internal Medicine,65,bed,26.15
2,2025-02-25,15,Internal Medicine,65,bed,23.08
2,2025-02-26,17,Internal Medicine,65,bed,26.15
2,2025-02-27,14,Internal Medicine,65,bed,21.54
2,2025-02-28,14,Internal Medicine,65,bed,21.54
2,2025-03-01,14,Internal Medicine,65,bed,21.54
2,2025-03-02,14,Internal Medicine,65,bed,21.54
2,2025-03-03,17,Internal Medicine,65,bed,26.15
2,2025-03-04,17,Internal Medicine,65,bed,26.15
2,2025-03-05,19,Internal Medicine,65,bed,29.23
2,2025-03-06,17,Internal Medicine,65,bed,26.15
2,2025-03-07,16,Internal Medicine,65,bed,24.62
2,2025-03-08,16,Internal Medicine,65,bed,24.62
2,2025-03-09,16,Internal Medicine,65,bed,24.62
2,2025-03-10,14,Internal Medicine,65,bed,21.54
2,2025-03-11,18,Internal Medicine,65,bed,27.69
2,2025-03-12,18,Internal Medicine,65,bed,27.69
2,2025-03-13,22,Internal Medicine,65,bed,33.85
2,2025-03-14,16,Internal Medicine,65,bed,24.62
2,2025-03-15,19,Internal Medicine,65,bed,29.23
2,2025-03-16,19,Internal Medicine,65,bed,29.23
2,2025-03-17,21,Internal Medicine,65,bed,32.31
2,2025-03-18,23,Internal Medicine,65,bed,35.38
2,2025-03-19,25,Internal Medicine,65,bed,38.46
2,2025-03-20,27,Internal Medicine,65,bed,41.54
2,2025-03-21,33,Internal Medicine,65,bed,50.77
2,2025-03-22,34,Internal Medicine,65,bed,52.31
2,2025-03-23,34,Internal Medicine,65,bed,52.31
2,2025-03-24,28,Internal Medicine,65,bed,43.08
2,2025-03-25,26,Internal Medicine,65,bed,40.0
2,2025-03-26,26,Internal Medicine,65,bed,40.0
2,2025-03-27,22,Internal Medicine,65,bed,33.85
2,2025-03-28,22,Internal Medicine,65,bed,33.85
2,2025-03-29,20,Internal Medicine,65,bed,30.77
2,2025-03-30,24,Internal Medicine,65,bed,36.92
2,2025-03-31,22,Internal Medicine,65,bed,33.85
2,2025-04-01,20,Internal Medicine,65,bed,30.77
2,2025-04-02,21,Internal Medicine,65,bed,32.31
2,2025-04-03,21,Internal Medicine,65,bed,32.31
2,2025-04-04,18,Internal Medicine,65,bed,27.69
2,2025-04-05,19,Internal Medicine,65,bed,29.23
2,2025-04-06,16,Internal Medicine,65,bed,24.62
2,2025-04-07,15,Internal Medicine,65,bed,23.08
2,2025-04-08,14,Internal Medicine,65,bed,21.54
2,2025-04-09,16,Internal Medicine,65,bed,24.62
2,2025-04-10,19,Internal Medicine,65,bed,29.23
2,2025-04-11,17,Internal Medicine,65,bed,26.15
2,2025-04-12,18,Internal Medicine,65,bed,27.69
2,2025-04-13,13,Internal Medicine,65,bed,20.0
2,2025-04-14,18,Internal Medicine,65,bed,27.69
2,2025-04-15,21,Internal Medicine,65,bed,32.31
2,2025-04-16,21,Internal Medicine,65,bed,32.31
2,2025-04-17,21,Internal Medicine,65,bed,32.31
2,2025-04-18,25,Internal Medicine,65,bed,38.46
2,2025-04-19,25,Internal Medicine,65,bed,38.46
2,2025-04-20,23,Internal Medicine,65,bed,35.38
2,2025-04-21,26,Internal Medicine,65,bed,40.0
2,2025-04-22,29,Internal Medicine,65,bed,44.62
2,2025-04-23,31,Internal Medicine,65,bed,47.69
2,2025-04-24,36,Internal Medicine,65,bed,55.38
2,2025-04-25,30,Internal Medicine,65,bed,46.15
2,2025-04-26,24,Internal Medicine,65,bed,36.92
2,2025-04-27,22,Internal Medicine,65,bed,33.85
2,2025-04-28,20,Internal Medicine,65,bed,30.77
2,2025-04-29,19,Internal Medicine,65,bed,29.23
2,2025-04-30,17,Internal Medicine,65,bed,26.15
2,2025-05-01,19,Internal Medicine,65,bed,29.23
2,2025-05-02,20,Internal Medicine,65,bed,30.77
2,2025-05-03,14,Internal Medicine,65,bed,21.54
2,2025-05-04,13,Internal Medicine,65,bed,20.0
2,2025-05-05,16,Internal Medicine,65,bed,24.62
2,2025-05-06,14,Internal Medicine,65,bed,21.54
2,2025-05-07,11,Internal Medicine,65,bed,16.92
2,2025-05-08,13,Internal Medicine,65,bed,20.0
2,2025-05-09,11,Internal Medicine,65,bed,16.92
2,2025-05-10,13,Internal Medicine,65,bed,20.0
2,2025-05-11,12,Internal Medicine,65,bed,18.46
2,2025-05-12,11,Internal Medicine,65,bed,16.92
2,2025-05-13,12,Internal Medicine,65,bed,18.46
2,2025-05-14,12,Internal Medicine,65,bed,18.46
2,2025-05-15,15,Internal Medicine,65,bed,23.08
2,2025-05-16,17,Internal Medicine,65,bed,26.15
2,2025-05-17,18,Internal Medicine,65,bed,27.69
2,2025-05-18,23,Internal Medicine,65,bed,35.38
2,2025-05-19,23,Internal Medicine,65,bed,35.38
2,2025-05-20,25,Internal Medicine,65,bed,38.46
2,2025-05-21,22,Internal Medicine,65,bed,33.85
2,2025-05-22,22,Internal Medicine,65,bed,33.85
2,2025-05-23,19,Internal Medicine,65,bed,29.23
2,2025-05-24,17,Internal Medicine,65,bed,26.15
2,2025-05-25,18,Internal Medicine,65,bed,27.69
2,2025-05-26,17,Internal Medicine,65,bed,26.15
2,2025-05-27,18,Internal Medicine,65,bed,27.69
2,2025-05-28,22,Internal Medicine,65,bed,33.85
2,2025-05-29,27,Internal Medicine,65,bed,41.54
2,2025-05-30,30,Internal Medicine,65,bed,46.15
2,2025-05-31,29,Internal Medicine,65,bed,44.62
2,2025-06-01,27,Internal Medicine,65,bed,41.54
2,2025-06-02,24,Internal Medicine,65,bed,36.92
2,2025-06-03,25,Internal Medicine,65,bed,38.46
2,2025-06-04,22,Internal Medicine,65,bed,33.85
2,2025-06-05,22,Internal Medicine,65,bed,33.85
2,2025-06-06,20,Internal Medicine,65,bed,30.77
2,2025-06-07,22,Internal Medicine,65,bed,33.85
2,2025-06-08,18,Internal Medicine,65,bed,27.69
2,2025-06-09,17,Internal Medicine,65,bed,26.15
2,2025-06-10,16,Internal Medicine,65,bed,24.62
2,2025-06-11,18,Internal Medicine,65,bed,27.69
2,2025-06-12,20,Internal Medicine,65,bed,30.77
2,2025-06-13,12,Internal Medicine,65,bed,18.46
2,2025-06-14,13,Internal Medicine,65,bed,20.0
2,2025-06-15,13,Internal Medicine,65,bed,20.0
2,2025-06-16,18,Internal Medicine,65,bed,27.69
2,2025-06-17,20,Internal Medicine,65,bed,30.77
2,2025-06-18,16,Internal Medicine,65,bed,24.62
2,2025-06-19,15,Internal Medicine,65,bed,23.08
2,2025-06-20,19,Internal Medicine,65,bed,29.23
2,2025-06-21,17,Internal Medicine,65,bed,26.15
2,2025-06-22,18,Internal Medicine,65,bed,27.69
2,2025-06-23,17,Internal Medicine,65,bed,26.15
2,2025-06-24,13,Internal Medicine,65,bed,20.0
2,2025-06-25,17,Internal Medicine,65,bed,26.15
2,2025-06-26,18,Internal Medicine,65,bed,27.69
2,2025-06-27,20,Internal Medicine,65,bed,30.77
2,2025-06-28,23,Internal Medicine,65,bed,35.38
2,2025-06-29,20,Internal Medicine,65,bed,30.77
2,2025-06-30,19,Internal Medicine,65,bed,29.23
2,2025-07-01,17,Internal Medicine,65,bed,26.15
2,2025-07-02,16,Internal Medicine,65,bed,24.62
2,2025-07-03,23,Internal Medicine,65,bed,35.38
2,2025-07-04,23,Internal Medicine,65,bed,35.38
2,2025-07-05,26,Internal Medicine,65,bed,40.0
2,2025-07-06,29,Internal Medicine,65,bed,44.62
2,2025-07-07,24,Internal Medicine,65,bed,36.92
2,2025-07-08,25,Internal Medicine,65,bed,38.46
2,2025-07-09,24,Internal Medicine,65,bed,36.92
2,2025-07-10,25,Internal Medicine,65,bed,38.46
2,2025-07-11,25,Internal Medicine,65,bed,38.46
2,2025-07-12,27,Internal Medicine,65,bed,41.54
2,2025-07-13,30,Internal Medicine,65,bed,46.15
2,2025-07-14,21,Internal Medicine,65,bed,32.31
2,2025-07-15,19,Internal Medicine,65,bed,29.23
2,2025-07-16,20,Internal Medicine,65,bed,30.77
2,2025-07-17,21,Internal Medicine,65,bed,32.31
2,2025-07-18,23,Internal Medicine,65,bed,35.38
2,2025-07-19,26,Internal Medicine,65,bed,40.0
2,2025-07-20,24,Internal Medicine,65,bed,36.92
2,2025-07-21,27,Internal Medicine,65,bed,41.54
2,2025-07-22,27,Internal Medicine,65,bed,41.54
2,2025-07-23,22,Internal Medicine,65,bed,33.85
2,2025-07-24,21,Internal Medicine,65,bed,32.31
2,2025-07-25,16,Internal Medicine,65,bed,24.62
2,2025-07-26,15,Internal Medicine,65,bed,23.08
2,2025-07-27,17,Internal Medicine,65,bed,26.15
2,2025-07-28,19,Internal Medicine,65,bed,29.23
2,2025-07-29,21,Internal Medicine,65,bed,32.31
2,2025-07-30,23,Internal Medicine,65,bed,35.38
2,2025-07-31,22,Internal Medicine,65,bed,33.85
2,2025-08-01,18,Internal Medicine,65,bed,27.69
2,2025-08-02,19,Internal Medicine,65,bed,29.23
2,2025-08-03,20,Internal Medicine,65,bed,30.77
2,2025-08-04,25,Internal Medicine,65,bed,38.46
2,2025-08-05,24,Internal Medicine,65,bed,36.92
2,2025-08-06,23,Internal Medicine,65,bed,35.38
2,2025-08-07,20,Internal Medicine,65,bed,30.77
2,2025-08-08,24,Internal Medicine,65,bed,36.92
2,2025-08-09,22,Internal Medicine,65,bed,33.85
2,2025-08-10,19,Internal Medicine,65,bed,29.23
2,2025-08-11,19,Internal Medicine,65,bed,29.23
2,2025-08-12,21,Internal Medicine,65,bed,32.31
2,2025-08-13,24,Internal Medicine,65,bed,36.92
2,2025-08-14,22,Internal Medicine,65,bed,33.85
2,2025-08-15,24,Internal Medicine,65,bed,36.92
2,2025-08-16,25,Internal Medicine,65,bed,38.46
2,2025-08-17,23,Internal Medicine,65,bed,35.38
2,2025-08-18,22,Internal Medicine,65,bed,33.85
2,2025-08-19,24,Internal Medicine,65,bed,36.92
2,2025-08-20,19,Internal Medicine,65,bed,29.23
2,2025-08-21,17,Internal Medicine,65,bed,26.15
2,2025-08-22,19,Internal Medicine,65,bed,29.23
2,2025-08-23,15,Internal Medicine,65,bed,23.08
2,2025-08-24,24,Internal Medicine,65,bed,36.92
2,2025-08-25,20,Internal Medicine,65,bed,30.77
2,2025-08-26,20,Internal Medicine,65,bed,30.77
2,2025-08-27,20,Internal Medicine,65,bed,30.77
2,2025-08-28,16,Internal Medicine,65,bed,24.62
2,2025-08-29,17,Internal Medicine,65,bed,26.15
2,2025-08-30,19,Internal Medicine,65,bed,29.23
2,2025-08-31,21,Internal Medicine,65,bed,32.31
2,2025-09-01,17,Internal Medicine,65,bed,26.15
2,2025-09-02,13,Internal Medicine,65,bed,20.0
2,2025-09-03,14,Internal Medicine,65,bed,21.54
2,2025-09-04,15,Internal Medicine,65,bed,23.08
2,2025-09-05,16,Internal Medicine,65,bed,24.62
2,2025-09-06,18,Internal Medicine,65,bed,27.69
2,2025-09-07,19,Internal Medicine,65,bed,29.23
2,2025-09-08,22,Internal Medicine,65,bed,33.85
2,2025-09-09,19,Internal Medicine,65,bed,29.23
2,2025-09-10,21,Internal Medicine,65,bed,32.31
2,2025-09-11,17,Internal Medicine,65,bed,26.15
2,2025-09-12,18,Internal Medicine,65,bed,27.69
2,2025-09-13,18,Internal Medicine,65,bed,27.69
2,2025-09-14,16,Internal Medicine,65,bed,24.62
2,2025-09-15,22,Internal Medicine,65,bed,33.85
2,2025-09-16,25,Internal Medicine,65,bed,38.46
2,2025-09-17,28,Internal Medicine,65,bed,43.08
2,2025-09-18,27,Internal Medicine,65,bed,41.54
2,2025-09-19,30,Internal Medicine,65,bed,46.15
2,2025-09-20,26,Internal Medicine,65,bed,40.0
2,2025-09-21,19,Internal Medicine,65,bed,29.23
2,2025-09-22,20,Internal Medicine,65,bed,30.77
2,2025-09-23,22,Internal Medicine,65,bed,33.85
2,2025-09-24,22,Internal Medicine,65,bed,33.85
2,2025-09-25,19,Internal Medicine,65,bed,29.23
2,2025-09-26,19,Internal Medicine,65,bed,29.23
2,2025-09-27,19,Internal Medicine,65,bed,29.23
2,2025-09-28,15,Internal Medicine,65,bed,23.08
2,2025-09-29,16,Internal Medicine,65,bed,24.62
2,2025-09-30,17,Internal Medicine,65,bed,26.15
2,2025-10-01,17,Internal Medicine,65,bed,26.15
2,2025-10-02,15,Internal Medicine,65,bed,23.08
2,2025-10-03,19,Internal Medicine,65,bed,29.23
2,2025-10-04,20,Internal Medicine,65,bed,30.77
2,2025-10-05,18,Internal Medicine,65,bed,27.69
2,2025-10-06,18,Internal Medicine,65,bed,27.69
2,2025-10-07,15,Internal Medicine,65,bed,23.08
2,2025-10-08,14,Internal Medicine,65,bed,21.54
2,2025-10-09,15,Internal Medicine,65,bed,23.08
2,2025-10-10,18,Internal Medicine,65,bed,27.69
2,2025-10-11,17,Internal Medicine,65,bed,26.15
2,2025-10-12,20,Internal Medicine,65,bed,30.77
2,2025-10-13,21,Internal Medicine,65,bed,32.31
2,2025-10-14,22,Internal Medicine,65,bed,33.85
2,2025-10-15,25,Internal Medicine,65,bed,38.46
2,2025-10-16,28,Internal Medicine,65,bed,43.08
2,2025-10-17,27,Internal Medicine,65,bed,41.54
2,2025-10-18,27,Internal Medicine,65,bed,41.54
2,2025-10-19,28,Internal Medicine,65,bed,43.08
2,2025-10-20,26,Internal Medicine,65,bed,40.0
2,2025-10-21,28,Internal Medicine,65,bed,43.08
2,2025-10-22,27,Internal Medicine,65,bed,41.54
2,2025-10-23,23,Internal Medicine,65,bed,35.38
2,2025-10-24,26,Internal Medicine,65,bed,40.0
2,2025-10-25,23,Internal Medicine,65,bed,35.38
2,2025-10-26,27,Internal Medicine,65,bed,41.54
2,2025-10-27,27,Internal Medicine,65,bed,41.54
2,2025-10-28,23,Internal Medicine,65,bed,35.38
2,2025-10-29,20,Internal Medicine,65,bed,30.77
2,2025-10-30,21,Internal Medicine,65,bed,32.31
2,2025-10-31,22,Internal Medicine,65,bed,33.85
2,2025-11-01,20,Internal Medicine,65,bed,30.77
2,2025-11-02,19,Internal Medicine,65,bed,29.23
2,2025-11-03,16,Internal Medicine,65,bed,24.62
2,2025-11-04,15,Internal Medicine,65,bed,23.08
2,2025-11-05,17,Internal Medicine,65,bed,26.15
2,2025-11-06,22,Internal Medicine,65,bed,33.85
2,2025-11-07,27,Internal Medicine,65,bed,41.54
2,2025-11-08,30,Internal Medicine,65,bed,46.15
2,2025-11-09,27,Internal Medicine,65,bed,41.54
2,2025-11-10,25,Internal Medicine,65,bed,38.46
2,2025-11-11,26,Internal Medicine,65,bed,40.0
2,2025-11-12,25,Internal Medicine,65,bed,38.46
2,2025-11-13,26,Internal Medicine,65,bed,40.0
2,2025-11-14,25,Internal Medicine,65,bed,38.46
2,2025-11-15,23,Internal Medicine,65,bed,35.38
2,2025-11-16,24,Internal Medicine,65,bed,36.92
2,2025-11-17,19,Internal Medicine,65,bed,29.23
2,2025-11-18,17,Internal Medicine,65,bed,26.15
2,2025-11-19,19,Internal Medicine,65,bed,29.23
2,2025-11-20,19,Internal Medicine,65,bed,29.23
2,2025-11-21,21,Internal Medicine,65,bed,32.31
2,2025-11-22,16,Internal Medicine,65,bed,24.62
2,2025-11-23,16,Internal Medicine,65,bed,24.62
2,2025-11-24,18,Internal Medicine,65,bed,27.69
2,2025-11-25,19,Internal Medicine,65,bed,29.23
2,2025-11-26,19,Internal Medicine,65,bed,29.23
2,2025-11-27,20,Internal Medicine,65,bed,30.77
2,2025-11-28,21,Internal Medicine,65,bed,32.31
2,2025-11-29,19,Internal Medicine,65,bed,29.23
2,2025-11-30,19,Internal Medicine,65,bed,29.23
2,2025-12-01,19,Internal Medicine,65,bed,29.23
2,2025-12-02,19,Internal Medicine,65,bed,29.23
2,2025-12-03,16,Internal Medicine,65,bed,24.62
2,2025-12-04,14,Internal Medicine,65,bed,21.54
2,2025-12-05,15,Internal Medicine,65,bed,23.08
2,2025-12-06,14,Internal Medicine,65,bed,21.54
2,2025-12-07,14,Internal Medicine,65,bed,21.54
2,2025-12-08,16,Internal Medicine,65,bed,24.62
2,2025-12-09,16,Internal Medicine,65,bed,24.62
2,2025-12-10,16,Internal Medicine,65,bed,24.62
2,2025-12-11,18,Internal Medicine,65,bed,27.69
2,2025-12-12,20,Internal Medicine,65,bed,30.77
2,2025-12-13,19,Internal Medicine,65,bed,29.23
2,2025-12-14,18,Internal Medicine,65,bed,27.69
2,2025-12-15,17,Internal Medicine,65,bed,26.15
2,2025-12-16,14,Internal Medicine,65,bed,21.54
2,2025-12-17,13,Internal Medicine,65,bed,20.0
2,2025-12-18,16,Internal Medicine,65,bed,24.62
2,2025-12-19,15,Internal Medicine,65,bed,23.08
2,2025-12-20,18,Internal Medicine,65,bed,27.69
2,2025-12-21,14,Internal Medicine,65,bed,21.54
2,2025-12-22,16,Internal Medicine,65,bed,24.62
2,2025-12-23,17,Internal Medicine,65,bed,26.15
2,2025-12-24,19,Internal Medicine,65,bed,29.23
2,2025-12-25,18,Internal Medicine,65,bed,27.69
2,2025-12-26,21,Internal Medicine,65,bed,32.31
2,2025-12-27,19,Internal Medicine,65,bed,29.23
2,2025-12-28,23,Internal Medicine,65,bed,35.38
2,2025-12-29,18,Internal Medicine,65,bed,27.69
2,2025-12-30,13,Internal Medicine,65,bed,20.0
2,2025-12-31,16,Internal Medicine,65,bed,24.62
2,2026-01-01,15,Internal Medicine,65,bed,23.08
2,2026-01-02,13,Internal Medicine,65,bed,20.0
2,2026-01-03,8,Internal Medicine,65,bed,12.31
2,2026-01-04,6,Internal Medicine,65,bed,9.23
2,2026-01-05,5,Internal Medicine,65,bed,7.69
2,2026-01-06,4,Internal Medicine,65,bed,6.15
2,2026-01-07,3,Internal Medicine,65,bed,4.62
2,2026-01-08,2,Internal Medicine,65,bed,3.08
2,2026-01-09,2,Internal Medicine,65,bed,3.08
2,2026-01-10,1,Internal Medicine,65,bed,1.54
3,2020-01-01,1,Surgery,90,bed,1.11
3,2020-01-02,5,Surgery,90,bed,5.56
3,2020-01-03,9,Surgery,90,bed,10.0
3,2020-01-04,14,Surgery,90,bed,15.56
3,2020-01-05,17,Surgery,90,bed,18.89
3,2020-01-06,19,Surgery,90,bed,21.11
3,2020-01-07,21,Surgery,90,bed,23.33
3,2020-01-08,21,Surgery,90,bed,23.33
3,2020-01-09,19,Surgery,90,bed,21.11
3,2020-01-10,21,Surgery,90,bed,23.33
3,2020-01-11,24,Surgery,90,bed,26.67
3,2020-01-12,28,Surgery,90,bed,31.11
3,2020-01-13,27,Surgery,90,bed,30.0
3,2020-01-14,21,Surgery,90,bed,23.33
3,2020-01-15,25,Surgery,90,bed,27.78
3,2020-01-16,22,Surgery,90,bed,24.44
3,2020-01-17,21,Surgery,90,bed,23.33
3,2020-01-18,28,Surgery,90,bed,31.11
3,2020-01-19,32,Surgery,90,bed,35.56
3,2020-01-20,31,Surgery,90,bed,34.44
3,2020-01-21,27,Surgery,90,bed,30.0
3,2020-01-22,27,Surgery,90,bed,30.0
3,2020-01-23,26,Surgery,90,bed,28.89
3,2020-01-24,28,Surgery,90,bed,31.11
3,2020-01-25,30,Surgery,90,bed,33.33
3,2020-01-26,26,Surgery,90,bed,28.89
3,2020-01-27,26,Surgery,90,bed,28.89
3,2020-01-28,26,Surgery,90,bed,28.89
3,2020-01-29,24,Surgery,90,bed,26.67
3,2020-01-30,26,Surgery,90,bed,28.89
3,2020-01-31,29,Surgery,90,bed,32.22
3,2020-02-01,31,Surgery,90,bed,34.44
3,2020-02-02,31,Surgery,90,bed,34.44
3,2020-02-03,26,Surgery,90,bed,28.89
3,2020-02-04,29,Surgery,90,bed,32.22
3,2020-02-05,31,Surgery,90,bed,34.44
3,2020-02-06,30,Surgery,90,bed,33.33
3,2020-02-07,26,Surgery,90,bed,28.89
3,2020-02-08,25,Surgery,90,bed,27.78
3,2020-02-09,26,Surgery,90,bed,28.89
3,2020-02-10,30,Surgery,90,bed,33.33
3,2020-02-11,33,Surgery,90,bed,36.67
3,2020-02-12,37,Surgery,90,bed,41.11
3,2020-02-13,36,Surgery,90,bed,40.0
3,2020-02-14,30,Surgery,90,bed,33.33
3,2020-02-15,30,Surgery,90,bed,33.33
3,2020-02-16,26,Surgery,90,bed,28.89
3,2020-02-17,26,Surgery,90,bed,28.89
3,2020-02-18,27,Surgery,90,bed,30.0
3,2020-02-19,22,Surgery,90,bed,24.44
3,2020-02-20,18,Surgery,90,bed,20.0
3,2020-02-21,23,Surgery,90,bed,25.56
3,2020-02-22,24,Surgery,90,bed,26.67
3,2020-02-23,26,Surgery,90,bed,28.89
3,2020-02-24,32,Surgery,90,bed,35.56
3,2020-02-25,31,Surgery,90,bed,34.44
3,2020-02-26,29,Surgery,90,bed,32.22
3,2020-02-27,24,Surgery,90,bed,26.67
3,2020-02-28,26,Surgery,90,bed,28.89
3,2020-02-29,28,Surgery,90,bed,31.11
3,2020-03-01,28,Surgery,90,bed,31.11
3,2020-03-02,33,Surgery,90,bed,36.67
3,2020-03-03,30,Surgery,90,bed,33.33
3,2020-03-04,29,Surgery,90,bed,32.22
3,2020-03-05,31,Surgery,90,bed,34.44
3,2020-03-06,34,Surgery,90,bed,37.78
3,2020-03-07,31,Surgery,90,bed,34.44
3,2020-03-08,29,Surgery,90,bed,32.22
3,2020-03-09,31,Surgery,90,bed,34.44
3,2020-03-10,26,Surgery,90,bed,28.89
3,2020-03-11,25,Surgery,90,bed,27.78
3,2020-03-12,20,Surgery,90,bed,22.22
3,2020-03-13,25,Surgery,90,bed,27.78
3,2020-03-14,24,Surgery,90,bed,26.67
3,2020-03-15,22,Surgery,90,bed,24.44
3,2020-03-16,23,Surgery,90,bed,25.56
3,2020-03-17,26,Surgery,90,bed,28.89
3,2020-03-18,27,Surgery,90,bed,30.0
3,2020-03-19,26,Surgery,90,bed,28.89
3,2020-03-20,26,Surgery,90,bed,28.89
3,2020-03-21,28,Surgery,90,bed,31.11
3,2020-03-22,31,Surgery,90,bed,34.44
3,2020-03-23,34,Surgery,90,bed,37.78
3,2020-03-24,35,Surgery,90,bed,38.89
3,2020-03-25,30,Surgery,90,bed,33.33
3,2020-03-26,28,Surgery,90,bed,31.11
3,2020-03-27,26,Surgery,90,bed,28.89
3,2020-03-28,29,Surgery,90,bed,32.22
3,2020-03-29,27,Surgery,90,bed,30.0
3,2020-03-30,29,Surgery,90,bed,32.22
3,2020-03-31,29,Surgery,90,bed,32.22
3,2020-04-01,27,Surgery,90,bed,30.0
3,2020-04-02,25,Surgery,90,bed,27.78
3,2020-04-03,23,Surgery,90,bed,25.56
3,2020-04-04,21,Surgery,90,bed,23.33
3,2020-04-05,25,Surgery,90,bed,27.78
3,2020-04-06,28,Surgery,90,bed,31.11
3,2020-04-07,27,Surgery,90,bed,30.0
3,2020-04-08,30,Surgery,90,bed,33.33
3,2020-04-09,30,Surgery,90,bed,33.33
3,2020-04-10,32,Surgery,90,bed,35.56
3,2020-04-11,31,Surgery,90,bed,34.44
3,2020-04-12,30,Surgery,90,bed,33.33
3,2020-04-13,32,Surgery,90,bed,35.56
3,2020-04-14,29,Surgery,90,bed,32.22
3,2020-04-15,28,Surgery,90,bed,31.11
3,2020-04-16,30,Surgery,90,bed,33.33
3,2020-04-17,31,Surgery,90,bed,34.44
3,2020-04-18,31,Surgery,90,bed,34.44
3,2020-04-19,30,Surgery,90,bed,33.33
3,2020-04-20,31,Surgery,90,bed,34.44
3,2020-04-21,25,Surgery,90,bed,27.78
3,2020-04-22,24,Surgery,90,bed,26.67
3,2020-04-23,21,Surgery,90,bed,23.33
3,2020-04-24,20,Surgery,90,bed,22.22
3,2020-04-25,25,Surgery,90,bed,27.78
3,2020-04-26,30,Surgery,90,bed,33.33
3,2020-04-27,38,Surgery,90,bed,42.22
3,2020-04-28,37,Surgery,90,bed,41.11
3,2020-04-29,24,Surgery,90,bed,26.67
3,2020-04-30,23,Surgery,90,bed,25.56
3,2020-05-01,24,Surgery,90,bed,26.67
3,2020-05-02,25,Surgery,90,bed,27.78
3,2020-05-03,20,Surgery,90,bed,22.22
3,2020-05-04,19,Surgery,90,bed,21.11
3,2020-05-05,22,Surgery,90,bed,24.44
3,2020-05-06,22,Surgery,90,bed,24.44
3,2020-05-07,23,Surgery,90,bed,25.56
3,2020-05-08,25,Surgery,90,bed,27.78
3,2020-05-09,27,Surgery,90,bed,30.0
3,2020-05-10,29,Surgery,90,bed,32.22
3,2020-05-11,33,Surgery,90,bed,36.67
3,2020-05-12,32,Surgery,90,bed,35.56
3,2020-05-13,30,Surgery,90,bed,33.33
3,2020-05-14,33,Surgery,90,bed,36.67
3,2020-05-15,33,Surgery,90,bed,36.67
3,2020-05-16,33,Surgery,90,bed,36.67
3,2020-05-17,32,Surgery,90,bed,35.56
3,2020-05-18,31,Surgery,90,bed,34.44
3,2020-05-19,25,Surgery,90,bed,27.78
3,2020-05-20,28,Surgery,90,bed,31.11
3,2020-05-21,29,Surgery,90,bed,32.22
3,2020-05-22,27,Surgery,90,bed,30.0
3,2020-05-23,23,Surgery,90,bed,25.56
3,2020-05-24,19,Surgery,90,bed,21.11
3,2020-05-25,16,Surgery,90,bed,17.78
3,2020-05-26,19,Surgery,90,bed,21.11
3,2020-05-27,20,Surgery,90,bed,22.22
3,2020-05-28,16,Surgery,90,bed,17.78
3,2020-05-29,19,Surgery,90,bed,21.11
3,2020-05-30,18,Surgery,90,bed,20.0
3,2020-05-31,19,Surgery,90,bed,21.11
3,2020-06-01,19,Surgery,90,bed,21.11
3,2020-06-02,22,Surgery,90,bed,24.44
3,2020-06-03,24,Surgery,90,bed,26.67
3,2020-06-04,31,Surgery,90,bed,34.44
3,2020-06-05,30,Surgery,90,bed,33.33
3,2020-06-06,25,Surgery,90,bed,27.78
3,2020-06-07,26,Surgery,90,bed,28.89
3,2020-06-08,23,Surgery,90,bed,25.56
3,2020-06-09,20,Surgery,90,bed,22.22
3,2020-06-10,16,Surgery,90,bed,17.78
3,2020-06-11,11,Surgery,90,bed,12.22
3,2020-06-12,18,Surgery,90,bed,20.0
3,2020-06-13,19,Surgery,90,bed,21.11
3,2020-06-14,24,Surgery,90,bed,26.67
3,2020-06-15,27,Surgery,90,bed,30.0
3,2020-06-16,25,Surgery,90,bed,27.78
3,2020-06-17,24,Surgery,90,bed,26.67
3,2020-06-18,25,Surgery,90,bed,27.78
3,2020-06-19,22,Surgery,90,bed,24.44
3,2020-06-20,24,Surgery,90,bed,26.67
3,2020-06-21,22,Surgery,90,bed,24.44
3,2020-06-22,24,Surgery,90,bed,26.67
3,2020-06-23,25,Surgery,90,bed,27.78
3,2020-06-24,23,Surgery,90,bed,25.56
3,2020-06-25,22,Surgery,90,bed,24.44
3,2020-06-26,24,Surgery,90,bed,26.67
3,2020-06-27,24,Surgery,90,bed,26.67
3,2020-06-28,27,Surgery,90,bed,30.0
3,2020-06-29,30,Surgery,90,bed,33.33
3,2020-06-30,38,Surgery,90,bed,42.22
3,2020-07-01,35,Surgery,90,bed,38.89
3,2020-07-02,34,Surgery,90,bed,37.78
3,2020-07-03,37,Surgery,90,bed,41.11
3,2020-07-04,38,Surgery,90,bed,42.22
3,2020-07-05,34,Surgery,90,bed,37.78
3,2020-07-06,33,Surgery,90,bed,36.67
3,2020-07-07,28,Surgery,90,bed,31.11
3,2020-07-08,22,Surgery,90,bed,24.44
3,2020-07-09,18,Surgery,90,bed,20.0
3,2020-07-10,17,Surgery,90,bed,18.89
3,2020-07-11,19,Surgery,90,bed,21.11
3,2020-07-12,22,Surgery,90,bed,24.44
3,2020-07-13,22,Surgery,90,bed,24.44
3,2020-07-14,25,Surgery,90,bed,27.78
3,2020-07-15,27,Surgery,90,bed,30.0
3,2020-07-16,25,Surgery,90,bed,27.78
3,2020-07-17,31,Surgery,90,bed,34.44
3,2020-07-18,27,Surgery,90,bed,30.0
3,2020-07-19,22,Surgery,90,bed,24.44
3,2020-07-20,18,Surgery,90,bed,20.0
3,2020-07-21,18,Surgery,90,bed,20.0
3,2020-07-22,20,Surgery,90,bed,22.22
3,2020-07-23,21,Surgery,90,bed,23.33
3,2020-07-24,19,Surgery,90,bed,21.11
3,2020-07-25,23,Surgery,90,bed,25.56
3,2020-07-26,21,Surgery,90,bed,23.33
3,2020-07-27,19,Surgery,90,bed,21.11
3,2020-07-28,22,Surgery,90,bed,24.44
3,2020-07-29,20,Surgery,90,bed,22.22
3,2020-07-30,18,Surgery,90,bed,20.0
3,2020-07-31,18,Surgery,90,bed,20.0
3,2020-08-01,19,Surgery,90,bed,21.11
3,2020-08-02,21,Surgery,90,bed,23.33
3,2020-08-03,24,Surgery,90,bed,26.67
3,2020-08-04,22,Surgery,90,bed,24.44
3,2020-08-05,21,Surgery,90,bed,23.33
3,2020-08-06,23,Surgery,90,bed,25.56
3,2020-08-07,22,Surgery,90,bed,24.44
3,2020-08-08,22,Surgery,90,bed,24.44
3,2020-08-09,19,Surgery,90,bed,21.11
3,2020-08-10,25,Surgery,90,bed,27.78
3,2020-08-11,25,Surgery,90,bed,27.78
3,2020-08-12,24,Surgery,90,bed,26.67
3,2020-08-13,22,Surgery,90,bed,24.44
3,2020-08-14,23,Surgery,90,bed,25.56
3,2020-08-15,25,Surgery,90,bed,27.78
3,2020-08-16,27,Surgery,90,bed,30.0
3,2020-08-17,25,Surgery,90,bed,27.78
3,2020-08-18,25,Surgery,90,bed,27.78
3,2020-08-19,21,Surgery,90,bed,23.33
3,2020-08-20,25,Surgery,90,bed,27.78
3,2020-08-21,29,Surgery,90,bed,32.22
3,2020-08-22,32,Surgery,90,bed,35.56
3,2020-08-23,36,Surgery,90,bed,40.0
3,2020-08-24,36,Surgery,90,bed,40.0
3,2020-08-25,35,Surgery,90,bed,38.89
3,2020-08-26,38,Surgery,90,bed,42.22
3,2020-08-27,35,Surgery,90,bed,38.89
3,2020-08-28,34,Surgery,90,bed,37.78
3,2020-08-29,36,Surgery,90,bed,40.0
3,2020-08-30,35,Surgery,90,bed,38.89
3,2020-08-31,33,Surgery,90,bed,36.67
3,2020-09-01,25,Surgery,90,bed,27.78
3,2020-09-02,24,Surgery,90,bed,26.67
3,2020-09-03,24,Surgery,90,bed,26.67
3,2020-09-04,28,Surgery,90,bed,31.11
3,2020-09-05,31,Surgery,90,bed,34.44
3,2020-09-06,27,Surgery,90,bed,30.0
3,2020-09-07,31,Surgery,90,bed,34.44
3,2020-09-08,36,Surgery,90,bed,40.0
3,2020-09-09,34,Surgery,90,bed,37.78
3,2020-09-10,33,Surgery,90,bed,36.67
3,2020-09-11,34,Surgery,90,bed,37.78
3,2020-09-12,31,Surgery,90,bed,34.44
3,2020-09-13,31,Surgery,90,bed,34.44
3,2020-09-14,26,Surgery,90,bed,28.89
3,2020-09-15,25,Surgery,90,bed,27.78
3,2020-09-16,25,Surgery,90,bed,27.78
3,2020-09-17,27,Surgery,90,bed,30.0
3,2020-09-18,24,Surgery,90,bed,26.67
3,2020-09-19,23,Surgery,90,bed,25.56
3,2020-09-20,23,Surgery,90,bed,25.56
3,2020-09-21,25,Surgery,90,bed,27.78
3,2020-09-22,26,Surgery,90,bed,28.89
3,2020-09-23,28,Surgery,90,bed,31.11
3,2020-09-24,25,Surgery,90,bed,27.78
3,2020-09-25,25,Surgery,90,bed,27.78
3,2020-09-26,26,Surgery,90,bed,28.89
3,2020-09-27,25,Surgery,90,bed,27.78
3,2020-09-28,24,Surgery,90,bed,26.67
3,2020-09-29,24,Surgery,90,bed,26.67
3,2020-09-30,23,Surgery,90,bed,25.56
3,2020-10-01,25,Surgery,90,bed,27.78
3,2020-10-02,30,Surgery,90,bed,33.33
3,2020-10-03,35,Surgery,90,bed,38.89
3,2020-10-04,30,Surgery,90,bed,33.33
3,2020-10-05,29,Surgery,90,bed,32.22
3,2020-10-06,27,Surgery,90,bed,30.0
3,2020-10-07,25,Surgery,90,bed,27.78
3,2020-10-08,22,Surgery,90,bed,24.44
3,2020-10-09,22,Surgery,90,bed,24.44
3,2020-10-10,23,Surgery,90,bed,25.56
3,2020-10-11,22,Surgery,90,bed,24.44
3,2020-10-12,23,Surgery,90,bed,25.56
3,2020-10-13,27,Surgery,90,bed,30.0
3,2020-10-14,26,Surgery,90,bed,28.89
3,2020-10-15,27,Surgery,90,bed,30.0
3,2020-10-16,31,Surgery,90,bed,34.44
3,2020-10-17,32,Surgery,90,bed,35.56
3,2020-10-18,34,Surgery,90,bed,37.78
3,2020-10-19,33,Surgery,90,bed,36.67
3,2020-10-20,31,Surgery,90,bed,34.44
3,2020-10-21,21,Surgery,90,bed,23.33
3,2020-10-22,14,Surgery,90,bed,15.56
3,2020-10-23,12,Surgery,90,bed,13.33
3,2020-10-24,15,Surgery,90,bed,16.67
3,2020-10-25,17,Surgery,90,bed,18.89
3,2020-10-26,18,Surgery,90,bed,20.0
3,2020-10-27,21,Surgery,90,bed,23.33
3,2020-10-28,19,Surgery,90,bed,21.11
3,2020-10-29,25,Surgery,90,bed,27.78
3,2020-10-30,22,Surgery,90,bed,24.44
3,2020-10-31,22,Surgery,90,bed,24.44
3,2020-11-01,25,Surgery,90,bed,27.78
3,2020-11-02,23,Surgery,90,bed,25.56
3,2020-11-03,25,Surgery,90,bed,27.78
3,2020-11-04,25,Surgery,90,bed,27.78
3,2020-11-05,31,Surgery,90,bed,34.44
3,2020-11-06,32,Surgery,90,bed,35.56
3,2020-11-07,29,Surgery,90,bed,32.22
3,2020-11-08,26,Surgery,90,bed,28.89
3,2020-11-09,22,Surgery,90,bed,24.44
3,2020-11-10,23,Surgery,90,bed,25.56
3,2020-11-11,25,Surgery,90,bed,27.78
3,2020-11-12,26,Surgery,90,bed,28.89
3,2020-11-13,29,Surgery,90,bed,32.22
3,2020-11-14,24,Surgery,90,bed,26.67
3,2020-11-15,24,Surgery,90,bed,26.67
3,2020-11-16,24,Surgery,90,bed,26.67
3,2020-11-17,20,Surgery,90,bed,22.22
3,2020-11-18,23,Surgery,90,bed,25.56
3,2020-11-19,21,Surgery,90,bed,23.33
3,2020-11-20,23,Surgery,90,bed,25.56
3,2020-11-21,24,Surgery,90,bed,26.67
3,2020-11-22,26,Surgery,90,bed,28.89
3,2020-11-23,29,Surgery,90,bed,32.22
3,2020-11-24,27,Surgery,90,bed,30.0
3,2020-11-25,32,Surgery,90,bed,35.56
3,2020-11-26,32,Surgery,90,bed,35.56
3,2020-11-27,36,Surgery,90,bed,40.0
3,2020-11-28,31,Surgery,90,bed,34.44
3,2020-11-29,29,Surgery,90,bed,32.22
3,2020-11-30,26,Surgery,90,bed,28.89
3,2020-12-01,27,Surgery,90,bed,30.0
3,2020-12-02,33,Surgery,90,bed,36.67
3,2020-12-03,33,Surgery,90,bed,36.67
3,2020-12-04,30,Surgery,90,bed,33.33
3,2020-12-05,33,Surgery,90,bed,36.67
3,2020-12-06,34,Surgery,90,bed,37.78
3,2020-12-07,33,Surgery,90,bed,36.67
3,2020-12-08,32,Surgery,90,bed,35.56
3,2020-12-09,30,Surgery,90,bed,33.33
3,2020-12-10,28,Surgery,90,bed,31.11
3,2020-12-11,28,Surgery,90,bed,31.11
3,2020-12-12,27,Surgery,90,bed,30.0
3,2020-12-13,33,Surgery,90,bed,36.67
3,2020-12-14,30,Surgery,90,bed,33.33
3,2020-12-15,32,Surgery,90,bed,35.56
3,2020-12-16,28,Surgery,90,bed,31.11
3,2020-12-17,26,Surgery,90,bed,28.89
3,2020-12-18,23,Surgery,90,bed,25.56
3,2020-12-19,25,Surgery,90,bed,27.78
3,2020-12-20,26,Surgery,90,bed,28.89
3,2020-12-21,25,Surgery,90,bed,27.78
3,2020-12-22,24,Surgery,90,bed,26.67
3,2020-12-23,22,Surgery,90,bed,24.44
3,2020-12-24,24,Surgery,90,bed,26.67
3,2020-12-25,28,Surgery,90,bed,31.11
3,2020-12-26,28,Surgery,90,bed,31.11
3,2020-12-27,24,Surgery,90,bed,26.67
3,2020-12-28,22,Surgery,90,bed,24.44
3,2020-12-29,25,Surgery,90,bed,27.78
3,2020-12-30,28,Surgery,90,bed,31.11
3,2020-12-31,31,Surgery,90,bed,34.44
3,2021-01-01,28,Surgery,90,bed,31.11
3,2021-01-02,31,Surgery,90,bed,34.44
3,2021-01-03,27,Surgery,90,bed,30.0
3,2021-01-04,26,Surgery,90,bed,28.89
3,2021-01-05,29,Surgery,90,bed,32.22
3,2021-01-06,26,Surgery,90,bed,28.89
3,2021-01-07,25,Surgery,90,bed,27.78
3,2021-01-08,23,Surgery,90,bed,25.56
3,2021-01-09,20,Surgery,90,bed,22.22
3,2021-01-10,19,Surgery,90,bed,21.11
3,2021-01-11,20,Surgery,90,bed,22.22
3,2021-01-12,20,Surgery,90,bed,22.22
3,2021-01-13,19,Surgery,90,bed,21.11
3,2021-01-14,19,Surgery,90,bed,21.11
3,2021-01-15,25,Surgery,90,bed,27.78
3,2021-01-16,25,Surgery,90,bed,27.78
3,2021-01-17,23,Surgery,90,bed,25.56
3,2021-01-18,25,Surgery,90,bed,27.78
3,2021-01-19,26,Surgery,90,bed,28.89
3,2021-01-20,25,Surgery,90,bed,27.78
3,2021-01-21,25,Surgery,90,bed,27.78
3,2021-01-22,25,Surgery,90,bed,27.78
3,2021-01-23,22,Surgery,90,bed,24.44
3,2021-01-24,23,Surgery,90,bed,25.56
3,2021-01-25,20,Surgery,90,bed,22.22
3,2021-01-26,23,Surgery,90,bed,25.56
3,2021-01-27,32,Surgery,90,bed,35.56
3,2021-01-28,31,Surgery,90,bed,34.44
3,2021-01-29,29,Surgery,90,bed,32.22
3,2021-01-30,35,Surgery,90,bed,38.89
3,2021-01-31,35,Surgery,90,bed,38.89
3,2021-02-01,36,Surgery,90,bed,40.0
3,2021-02-02,30,Surgery,90,bed,33.33
3,2021-02-03,26,Surgery,90,bed,28.89
3,2021-02-04,25,Surgery,90,bed,27.78
3,2021-02-05,23,Surgery,90,bed,25.56
3,2021-02-06,26,Surgery,90,bed,28.89
3,2021-02-07,24,Surgery,90,bed,26.67
3,2021-02-08,25,Surgery,90,bed,27.78
3,2021-02-09,24,Surgery,90,bed,26.67
3,2021-02-10,20,Surgery,90,bed,22.22
3,2021-02-11,23,Surgery,90,bed,25.56
3,2021-02-12,25,Surgery,90,bed,27.78
3,2021-02-13,26,Surgery,90,bed,28.89
3,2021-02-14,23,Surgery,90,bed,25.56
3,2021-02-15,26,Surgery,90,bed,28.89
3,2021-02-16,27,Surgery,90,bed,30.0
3,2021-02-17,29,Surgery,90,bed,32.22
3,2021-02-18,27,Surgery,90,bed,30.0
3,2021-02-19,28,Surgery,90,bed,31.11
3,2021-02-20,34,Surgery,90,bed,37.78
3,2021-02-21,34,Surgery,90,bed,37.78
3,2021-02-22,37,Surgery,90,bed,41.11
3,2021-02-23,34,Surgery,90,bed,37.78
3,2021-02-24,36,Surgery,90,bed,40.0
3,2021-02-25,39,Surgery,90,bed,43.33
3,2021-02-26,33,Surgery,90,bed,36.67
3,2021-02-27,36,Surgery,90,bed,40.0
3,2021-02-28,39,Surgery,90,bed,43.33
3,2021-03-01,34,Surgery,90,bed,37.78
3,2021-03-02,34,Surgery,90,bed,37.78
3,2021-03-03,34,Surgery,90,bed,37.78
3,2021-03-04,30,Surgery,90,bed,33.33
3,2021-03-05,25,Surgery,90,bed,27.78
3,2021-03-06,27,Surgery,90,bed,30.0
3,2021-03-07,31,Surgery,90,bed,34.44
3,2021-03-08,29,Surgery,90,bed,32.22
3,2021-03-09,27,Surgery,90,bed,30.0
3,2021-03-10,25,Surgery,90,bed,27.78
3,2021-03-11,25,Surgery,90,bed,27.78
3,2021-03-12,30,Surgery,90,bed,33.33
3,2021-03-13,29,Surgery,90,bed,32.22
3,2021-03-14,28,Surgery,90,bed,31.11
3,2021-03-15,25,Surgery,90,bed,27.78
3,2021-03-16,23,Surgery,90,bed,25.56
3,2021-03-17,22,Surgery,90,bed,24.44
3,2021-03-18,21,Surgery,90,bed,23.33
3,2021-03-19,25,Surgery,90,bed,27.78
3,2021-03-20,28,Surgery,90,bed,31.11
3,2021-03-21,29,Surgery,90,bed,32.22
3,2021-03-22,37,Surgery,90,bed,41.11
3,2021-03-23,35,Surgery,90,bed,38.89
3,2021-03-24,37,Surgery,90,bed,41.11
3,2021-03-25,40,Surgery,90,bed,44.44
3,2021-03-26,33,Surgery,90,bed,36.67
3,2021-03-27,31,Surgery,90,bed,34.44
3,2021-03-28,27,Surgery,90,bed,30.0
3,2021-03-29,29,Surgery,90,bed,32.22
3,2021-03-30,26,Surgery,90,bed,28.89
3,2021-03-31,23,Surgery,90,bed,25.56
3,2021-04-01,23,Surgery,90,bed,25.56
3,2021-04-02,23,Surgery,90,bed,25.56
3,2021-04-03,24,Surgery,90,bed,26.67
3,2021-04-04,23,Surgery,90,bed,25.56
3,2021-04-05,23,Surgery,90,bed,25.56
3,2021-04-06,22,Surgery,90,bed,24.44
3,2021-04-07,24,Surgery,90,bed,26.67
3,2021-04-08,30,Surgery,90,bed,33.33
3,2021-04-09,29,Surgery,90,bed,32.22
3,2021-04-10,30,Surgery,90,bed,33.33
3,2021-04-11,29,Surgery,90,bed,32.22
3,2021-04-12,30,Surgery,90,bed,33.33
3,2021-04-13,35,Surgery,90,bed,38.89
3,2021-04-14,31,Surgery,90,bed,34.44
3,2021-04-15,29,Surgery,90,bed,32.22
3,2021-04-16,31,Surgery,90,bed,34.44
3,2021-04-17,27,Surgery,90,bed,30.0
3,2021-04-18,29,Surgery,90,bed,32.22
3,2021-04-19,29,Surgery,90,bed,32.22
3,2021-04-20,27,Surgery,90,bed,30.0
3,2021-04-21,32,Surgery,90,bed,35.56
3,2021-04-22,31,Surgery,90,bed,34.44
3,2021-04-23,30,Surgery,90,bed,33.33
3,2021-04-24,21,Surgery,90,bed,23.33
3,2021-04-25,26,Surgery,90,bed,28.89
3,2021-04-26,27,Surgery,90,bed,30.0
3,2021-04-27,30,Surgery,90,bed,33.33
3,2021-04-28,28,Surgery,90,bed,31.11
3,2021-04-29,32,Surgery,90,bed,35.56
3,2021-04-30,31,Surgery,90,bed,34.44
3,2021-05-01,30,Surgery,90,bed,33.33
3,2021-05-02,30,Surgery,90,bed,33.33
3,2021-05-03,31,Surgery,90,bed,34.44
3,2021-05-04,27,Surgery,90,bed,30.0
3,2021-05-05,28,Surgery,90,bed,31.11
3,2021-05-06,26,Surgery,90,bed,28.89
3,2021-05-07,29,Surgery,90,bed,32.22
3,2021-05-08,30,Surgery,90,bed,33.33
3,2021-05-09,27,Surgery,90,bed,30.0
3,2021-05-10,27,Surgery,90,bed,30.0
3,2021-05-11,27,Surgery,90,bed,30.0
3,2021-05-12,24,Surgery,90,bed,26.67
3,2021-05-13,24,Surgery,90,bed,26.67
3,2021-05-14,24,Surgery,90,bed,26.67
3,2021-05-15,24,Surgery,90,bed,26.67
3,2021-05-16,18,Surgery,90,bed,20.0
3,2021-05-17,23,Surgery,90,bed,25.56
3,2021-05-18,28,Surgery,90,bed,31.11
3,2021-05-19,31,Surgery,90,bed,34.44
3,2021-05-20,36,Surgery,90,bed,40.0
3,2021-05-21,37,Surgery,90,bed,41.11
3,2021-05-22,33,Surgery,90,bed,36.67
3,2021-05-23,27,Surgery,90,bed,30.0
3,2021-05-24,29,Surgery,90,bed,32.22
3,2021-05-25,25,Surgery,90,bed,27.78
3,2021-05-26,21,Surgery,90,bed,23.33
3,2021-05-27,23,Surgery,90,bed,25.56
3,2021-05-28,25,Surgery,90,bed,27.78
3,2021-05-29,30,Surgery,90,bed,33.33
3,2021-05-30,29,Surgery,90,bed,32.22
3,2021-05-31,29,Surgery,90,bed,32.22
3,2021-06-01,29,Surgery,90,bed,32.22
3,2021-06-02,29,Surgery,90,bed,32.22
3,2021-06-03,29,Surgery,90,bed,32.22
3,2021-06-04,27,Surgery,90,bed,30.0
3,2021-06-05,23,Surgery,90,bed,25.56
3,2021-06-06,24,Surgery,90,bed,26.67
3,2021-06-07,21,Surgery,90,bed,23.33
3,2021-06-08,28,Surgery,90,bed,31.11
3,2021-06-09,28,Surgery,90,bed,31.11
3,2021-06-10,24,Surgery,90,bed,26.67
3,2021-06-11,23,Surgery,90,bed,25.56
3,2021-06-12,20,Surgery,90,bed,22.22
3,2021-06-13,24,Surgery,90,bed,26.67
3,2021-06-14,28,Surgery,90,bed,31.11
3,2021-06-15,27,Surgery,90,bed,30.0
3,2021-06-16,28,Surgery,90,bed,31.11
3,2021-06-17,23,Surgery,90,bed,25.56
3,2021-06-18,24,Surgery,90,bed,26.67
3,2021-06-19,25,Surgery,90,bed,27.78
3,2021-06-20,30,Surgery,90,bed,33.33
3,2021-06-21,30,Surgery,90,bed,33.33
3,2021-06-22,28,Surgery,90,bed,31.11
3,2021-06-23,27,Surgery,90,bed,30.0
3,2021-06-24,27,Surgery,90,bed,30.0
3,2021-06-25,22,Surgery,90,bed,24.44
3,2021-06-26,20,Surgery,90,bed,22.22
3,2021-06-27,16,Surgery,90,bed,17.78
3,2021-06-28,20,Surgery,90,bed,22.22
3,2021-06-29,20,Surgery,90,bed,22.22
3,2021-06-30,19,Surgery,90,bed,21.11
3,2021-07-01,23,Surgery,90,bed,25.56
3,2021-07-02,29,Surgery,90,bed,32.22
3,2021-07-03,34,Surgery,90,bed,37.78
3,2021-07-04,36,Surgery,90,bed,40.0
3,2021-07-05,33,Surgery,90,bed,36.67
3,2021-07-06,35,Surgery,90,bed,38.89
3,2021-07-07,37,Surgery,90,bed,41.11
3,2021-07-08,32,Surgery,90,bed,35.56
3,2021-07-09,29,Surgery,90,bed,32.22
3,2021-07-10,28,Surgery,90,bed,31.11
3,2021-07-11,29,Surgery,90,bed,32.22
3,2021-07-12,31,Surgery,90,bed,34.44
3,2021-07-13,32,Surgery,90,bed,35.56
3,2021-07-14,30,Surgery,90,bed,33.33
3,2021-07-15,24,Surgery,90,bed,26.67
3,2021-07-16,24,Surgery,90,bed,26.67
3,2021-07-17,29,Surgery,90,bed,32.22
3,2021-07-18,29,Surgery,90,bed,32.22
3,2021-07-19,30,Surgery,90,bed,33.33
3,2021-07-20,28,Surgery,90,bed,31.11
3,2021-07-21,26,Surgery,90,bed,28.89
3,2021-07-22,27,Surgery,90,bed,30.0
3,2021-07-23,31,Surgery,90,bed,34.44
3,2021-07-24,28,Surgery,90,bed,31.11
3,2021-07-25,32,Surgery,90,bed,35.56
3,2021-07-26,30,Surgery,90,bed,33.33
3,2021-07-27,28,Surgery,90,bed,31.11
3,2021-07-28,25,Surgery,90,bed,27.78
3,2021-07-29,25,Surgery,90,bed,27.78
3,2021-07-30,33,Surgery,90,bed,36.67
3,2021-07-31,35,Surgery,90,bed,38.89
3,2021-08-01,36,Surgery,90,bed,40.0
3,2021-08-02,32,Surgery,90,bed,35.56
3,2021-08-03,37,Surgery,90,bed,41.11
3,2021-08-04,35,Surgery,90,bed,38.89
3,2021-08-05,30,Surgery,90,bed,33.33
3,2021-08-06,25,Surgery,90,bed,27.78
3,2021-08-07,26,Surgery,90,bed,28.89
3,2021-08-08,23,Surgery,90,bed,25.56
3,2021-08-09,18,Surgery,90,bed,20.0
3,2021-08-10,16,Surgery,90,bed,17.78
3,2021-08-11,20,Surgery,90,bed,22.22
3,2021-08-12,20,Surgery,90,bed,22.22
3,2021-08-13,23,Surgery,90,bed,25.56
3,2021-08-14,25,Surgery,90,bed,27.78
3,2021-08-15,26,Surgery,90,bed,28.89
3,2021-08-16,23,Surgery,90,bed,25.56
3,2021-08-17,23,Surgery,90,bed,25.56
3,2021-08-18,22,Surgery,90,bed,24.44
3,2021-08-19,26,Surgery,90,bed,28.89
3,2021-08-20,24,Surgery,90,bed,26.67
3,2021-08-21,28,Surgery,90,bed,31.11
3,2021-08-22,30,Surgery,90,bed,33.33
3,2021-08-23,27,Surgery,90,bed,30.0
3,2021-08-24,28,Surgery,90,bed,31.11
3,2021-08-25,29,Surgery,90,bed,32.22
3,2021-08-26,25,Surgery,90,bed,27.78
3,2021-08-27,21,Surgery,90,bed,23.33
3,2021-08-28,18,Surgery,90,bed,20.0
3,2021-08-29,24,Surgery,90,bed,26.67
3,2021-08-30,21,Surgery,90,bed,23.33
3,2021-08-31,22,Surgery,90,bed,24.44
3,2021-09-01,30,Surgery,90,bed,33.33
3,2021-09-02,33,Surgery,90,bed,36.67
3,2021-09-03,32,Surgery,90,bed,35.56
3,2021-09-04,30,Surgery,90,bed,33.33
3,2021-09-05,36,Surgery,90,bed,40.0
3,2021-09-06,35,Surgery,90,bed,38.89
3,2021-09-07,30,Surgery,90,bed,33.33
3,2021-09-08,23,Surgery,90,bed,25.56
3,2021-09-09,17,Surgery,90,bed,18.89
3,2021-09-10,14,Surgery,90,bed,15.56
3,2021-09-11,12,Surgery,90,bed,13.33
3,2021-09-12,15,Surgery,90,bed,16.67
3,2021-09-13,24,Surgery,90,bed,26.67
3,2021-09-14,28,Surgery,90,bed,31.11
3,2021-09-15,25,Surgery,90,bed,27.78
3,2021-09-16,27,Surgery,90,bed,30.0
3,2021-09-17,26,Surgery,90,bed,28.89
3,2021-09-18,25,Surgery,90,bed,27.78
3,2021-09-19,24,Surgery,90,bed,26.67
3,2021-09-20,27,Surgery,90,bed,30.0
3,2021-09-21,27,Surgery,90,bed,30.0
3,2021-09-22,21,Surgery,90,bed,23.33
3,2021-09-23,25,Surgery,90,bed,27.78
3,2021-09-24,27,Surgery,90,bed,30.0
3,2021-09-25,29,Surgery,90,bed,32.22
3,2021-09-26,34,Surgery,90,bed,37.78
3,2021-09-27,35,Surgery,90,bed,38.89
3,2021-09-28,35,Surgery,90,bed,38.89
3,2021-09-29,34,Surgery,90,bed,37.78
3,2021-09-30,34,Surgery,90,bed,37.78
3,2021-10-01,35,Surgery,90,bed,38.89
3,2021-10-02,35,Surgery,90,bed,38.89
3,2021-10-03,28,Surgery,90,bed,31.11
3,2021-10-04,31,Surgery,90,bed,34.44
3,2021-10-05,28,Surgery,90,bed,31.11
3,2021-10-06,28,Surgery,90,bed,31.11
3,2021-10-07,28,Surgery,90,bed,31.11
3,2021-10-08,29,Surgery,90,bed,32.22
3,2021-10-09,32,Surgery,90,bed,35.56
3,2021-10-10,32,Surgery,90,bed,35.56
3,2021-10-11,29,Surgery,90,bed,32.22
3,2021-10-12,28,Surgery,90,bed,31.11
3,2021-10-13,29,Surgery,90,bed,32.22
3,2021-10-14,28,Surgery,90,bed,31.11
3,2021-10-15,27,Surgery,90,bed,30.0
3,2021-10-16,27,Surgery,90,bed,30.0
3,2021-10-17,25,Surgery,90,bed,27.78
3,2021-10-18,28,Surgery,90,bed,31.11
3,2021-10-19,27,Surgery,90,bed,30.0
3,2021-10-20,23,Surgery,90,bed,25.56
3,2021-10-21,24,Surgery,90,bed,26.67
3,2021-10-22,20,Surgery,90,bed,22.22
3,2021-10-23,19,Surgery,90,bed,21.11
3,2021-10-24,26,Surgery,90,bed,28.89
3,2021-10-25,28,Surgery,90,bed,31.11
3,2021-10-26,28,Surgery,90,bed,31.11
3,2021-10-27,31,Surgery,90,bed,34.44
3,2021-10-28,25,Surgery,90,bed,27.78
3,2021-10-29,26,Surgery,90,bed,28.89
3,2021-10-30,24,Surgery,90,bed,26.67
3,2021-10-31,25,Surgery,90,bed,27.78
3,2021-11-01,25,Surgery,90,bed,27.78
3,2021-11-02,27,Surgery,90,bed,30.0
3,2021-11-03,31,Surgery,90,bed,34.44
3,2021-11-04,27,Surgery,90,bed,30.0
3,2021-11-05,22,Surgery,90,bed,24.44
3,2021-11-06,23,Surgery,90,bed,25.56
3,2021-11-07,24,Surgery,90,bed,26.67
3,2021-11-08,29,Surgery,90,bed,32.22
3,2021-11-09,31,Surgery,90,bed,34.44
3,2021-11-10,32,Surgery,90,bed,35.56
3,2021-11-11,36,Surgery,90,bed,40.0
3,2021-11-12,40,Surgery,90,bed,44.44
3,2021-11-13,38,Surgery,90,bed,42.22
3,2021-11-14,31,Surgery,90,bed,34.44
3,2021-11-15,24,Surgery,90,bed,26.67
3,2021-11-16,21,Surgery,90,bed,23.33
3,2021-11-17,20,Surgery,90,bed,22.22
3,2021-11-18,17,Surgery,90,bed,18.89
3,2021-11-19,19,Surgery,90,bed,21.11
3,2021-11-20,20,Surgery,90,bed,22.22
3,2021-11-21,18,Surgery,90,bed,20.0
3,2021-11-22,20,Surgery,90,bed,22.22
3,2021-11-23,22,Surgery,90,bed,24.44
3,2021-11-24,25,Surgery,90,bed,27.78
3,2021-11-25,27,Surgery,90,bed,30.0
3,2021-11-26,24,Surgery,90,bed,26.67
3,2021-11-27,24,Surgery,90,bed,26.67
3,2021-11-28,25,Surgery,90,bed,27.78
3,2021-11-29,21,Surgery,90,bed,23.33
3,2021-11-30,23,Surgery,90,bed,25.56
3,2021-12-01,23,Surgery,90,bed,25.56
3,2021-12-02,24,Surgery,90,bed,26.67
3,2021-12-03,25,Surgery,90,bed,27.78
3,2021-12-04,22,Surgery,90,bed,24.44
3,2021-12-05,25,Surgery,90,bed,27.78
3,2021-12-06,26,Surgery,90,bed,28.89
3,2021-12-07,26,Surgery,90,bed,28.89
3,2021-12-08,22,Surgery,90,bed,24.44
3,2021-12-09,20,Surgery,90,bed,22.22
3,2021-12-10,24,Surgery,90,bed,26.67
3,2021-12-11,24,Surgery,90,bed,26.67
3,2021-12-12,22,Surgery,90,bed,24.44
3,2021-12-13,22,Surgery,90,bed,24.44
3,2021-12-14,19,Surgery,90,bed,21.11
3,2021-12-15,19,Surgery,90,bed,21.11
3,2021-12-16,20,Surgery,90,bed,22.22
3,2021-12-17,19,Surgery,90,bed,21.11
3,2021-12-18,21,Surgery,90,bed,23.33
3,2021-12-19,18,Surgery,90,bed,20.0
3,2021-12-20,19,Surgery,90,bed,21.11
3,2021-12-21,24,Surgery,90,bed,26.67
3,2021-12-22,25,Surgery,90,bed,27.78
3,2021-12-23,23,Surgery,90,bed,25.56
3,2021-12-24,28,Surgery,90,bed,31.11
3,2021-12-25,29,Surgery,90,bed,32.22
3,2021-12-26,29,Surgery,90,bed,32.22
3,2021-12-27,30,Surgery,90,bed,33.33
3,2021-12-28,31,Surgery,90,bed,34.44
3,2021-12-29,34,Surgery,90,bed,37.78
3,2021-12-30,35,Surgery,90,bed,38.89
3,2021-12-31,31,Surgery,90,bed,34.44
3,2022-01-01,26,Surgery,90,bed,28.89
3,2022-01-02,26,Surgery,90,bed,28.89
3,2022-01-03,31,Surgery,90,bed,34.44
3,2022-01-04,31,Surgery,90,bed,34.44
3,2022-01-05,37,Surgery,90,bed,41.11
3,2022-01-06,35,Surgery,90,bed,38.89
3,2022-01-07,34,Surgery,90,bed,37.78
3,2022-01-08,36,Surgery,90,bed,40.0
3,2022-01-09,35,Surgery,90,bed,38.89
3,2022-01-10,27,Surgery,90,bed,30.0
3,2022-01-11,29,Surgery,90,bed,32.22
3,2022-01-12,28,Surgery,90,bed,31.11
3,2022-01-13,33,Surgery,90,bed,36.67
3,2022-01-14,35,Surgery,90,bed,38.89
3,2022-01-15,29,Surgery,90,bed,32.22
3,2022-01-16,27,Surgery,90,bed,30.0
3,2022-01-17,30,Surgery,90,bed,33.33
3,2022-01-18,35,Surgery,90,bed,38.89
3,2022-01-19,37,Surgery,90,bed,41.11
3,2022-01-20,31,Surgery,90,bed,34.44
3,2022-01-21,29,Surgery,90,bed,32.22
3,2022-01-22,27,Surgery,90,bed,30.0
3,2022-01-23,30,Surgery,90,bed,33.33
3,2022-01-24,29,Surgery,90,bed,32.22
3,2022-01-25,31,Surgery,90,bed,34.44
3,2022-01-26,32,Surgery,90,bed,35.56
3,2022-01-27,31,Surgery,90,bed,34.44
3,2022-01-28,31,Surgery,90,bed,34.44
3,2022-01-29,32,Surgery,90,bed,35.56
3,2022-01-30,32,Surgery,90,bed,35.56
3,2022-01-31,29,Surgery,90,bed,32.22
3,2022-02-01,30,Surgery,90,bed,33.33
3,2022-02-02,32,Surgery,90,bed,35.56
3,2022-02-03,28,Surgery,90,bed,31.11
3,2022-02-04,29,Surgery,90,bed,32.22
3,2022-02-05,31,Surgery,90,bed,34.44
3,2022-02-06,29,Surgery,90,bed,32.22
3,2022-02-07,29,Surgery,90,bed,32.22
3,2022-02-08,32,Surgery,90,bed,35.56
3,2022-02-09,29,Surgery,90,bed,32.22
3,2022-02-10,27,Surgery,90,bed,30.0
3,2022-02-11,30,Surgery,90,bed,33.33
3,2022-02-12,27,Surgery,90,bed,30.0
3,2022-02-13,25,Surgery,90,bed,27.78
3,2022-02-14,25,Surgery,90,bed,27.78
3,2022-02-15,25,Surgery,90,bed,27.78
3,2022-02-16,21,Surgery,90,bed,23.33
3,2022-02-17,18,Surgery,90,bed,20.0
3,2022-02-18,22,Surgery,90,bed,24.44
3,2022-02-19,25,Surgery,90,bed,27.78
3,2022-02-20,21,Surgery,90,bed,23.33
3,2022-02-21,21,Surgery,90,bed,23.33
3,2022-02-22,23,Surgery,90,bed,25.56
3,2022-02-23,22,Surgery,90,bed,24.44
3,2022-02-24,22,Surgery,90,bed,24.44
3,2022-02-25,19,Surgery,90,bed,21.11
3,2022-02-26,21,Surgery,90,bed,23.33
3,2022-02-27,24,Surgery,90,bed,26.67
3,2022-02-28,22,Surgery,90,bed,24.44
3,2022-03-01,22,Surgery,90,bed,24.44
3,2022-03-02,22,Surgery,90,bed,24.44
3,2022-03-03,26,Surgery,90,bed,28.89
3,2022-03-04,21,Surgery,90,bed,23.33
3,2022-03-05,19,Surgery,90,bed,21.11
3,2022-03-06,26,Surgery,90,bed,28.89
3,2022-03-07,25,Surgery,90,bed,27.78
3,2022-03-08,23,Surgery,90,bed,25.56
3,2022-03-09,26,Surgery,90,bed,28.89
3,2022-03-10,27,Surgery,90,bed,30.0
3,2022-03-11,26,Surgery,90,bed,28.89
3,2022-03-12,22,Surgery,90,bed,24.44
3,2022-03-13,22,Surgery,90,bed,24.44
3,2022-03-14,23,Surgery,90,bed,25.56
3,2022-03-15,19,Surgery,90,bed,21.11
3,2022-03-16,19,Surgery,90,bed,21.11
3,2022-03-17,21,Surgery,90,bed,23.33
3,2022-03-18,21,Surgery,90,bed,23.33
3,2022-03-19,22,Surgery,90,bed,24.44
3,2022-03-20,27,Surgery,90,bed,30.0
3,2022-03-21,25,Surgery,90,bed,27.78
3,2022-03-22,29,Surgery,90,bed,32.22
3,2022-03-23,36,Surgery,90,bed,40.0
3,2022-03-24,36,Surgery,90,bed,40.0
3,2022-03-25,31,Surgery,90,bed,34.44
3,2022-03-26,27,Surgery,90,bed,30.0
3,2022-03-27,22,Surgery,90,bed,24.44
3,2022-03-28,20,Surgery,90,bed,22.22
3,2022-03-29,20,Surgery,90,bed,22.22
3,2022-03-30,24,Surgery,90,bed,26.67
3,2022-03-31,24,Surgery,90,bed,26.67
3,2022-04-01,26,Surgery,90,bed,28.89
3,2022-04-02,27,Surgery,90,bed,30.0
3,2022-04-03,27,Surgery,90,bed,30.0
3,2022-04-04,29,Surgery,90,bed,32.22
3,2022-04-05,28,Surgery,90,bed,31.11
3,2022-04-06,27,Surgery,90,bed,30.0
3,2022-04-07,28,Surgery,90,bed,31.11
3,2022-04-08,28,Surgery,90,bed,31.11
3,2022-04-09,28,Surgery,90,bed,31.11
3,2022-04-10,27,Surgery,90,bed,30.0
3,2022-04-11,23,Surgery,90,bed,25.56
3,2022-04-12,20,Surgery,90,bed,22.22
3,2022-04-13,20,Surgery,90,bed,22.22
3,2022-04-14,24,Surgery,90,bed,26.67
3,2022-04-15,21,Surgery,90,bed,23.33
3,2022-04-16,23,Surgery,90,bed,25.56
3,2022-04-17,22,Surgery,90,bed,24.44
3,2022-04-18,20,Surgery,90,bed,22.22
3,2022-04-19,19,Surgery,90,bed,21.11
3,2022-04-20,22,Surgery,90,bed,24.44
3,2022-04-21,25,Surgery,90,bed,27.78
3,2022-04-22,21,Surgery,90,bed,23.33
3,2022-04-23,20,Surgery,90,bed,22.22
3,2022-04-24,19,Surgery,90,bed,21.11
3,2022-04-25,18,Surgery,90,bed,20.0
3,2022-04-26,18,Surgery,90,bed,20.0
3,2022-04-27,21,Surgery,90,bed,23.33
3,2022-04-28,25,Surgery,90,bed,27.78
3,2022-04-29,24,Surgery,90,bed,26.67
3,2022-04-30,26,Surgery,90,bed,28.89
3,2022-05-01,22,Surgery,90,bed,24.44
3,2022-05-02,27,Surgery,90,bed,30.0
3,2022-05-03,31,Surgery,90,bed,34.44
3,2022-05-04,31,Surgery,90,bed,34.44
3,2022-05-05,34,Surgery,90,bed,37.78
3,2022-05-06,32,Surgery,90,bed,35.56
3,2022-05-07,31,Surgery,90,bed,34.44
3,2022-05-08,31,Surgery,90,bed,34.44
3,2022-05-09,33,Surgery,90,bed,36.67
3,2022-05-10,33,Surgery,90,bed,36.67
3,2022-05-11,30,Surgery,90,bed,33.33
3,2022-05-12,33,Surgery,90,bed,36.67
3,2022-05-13,29,Surgery,90,bed,32.22
3,2022-05-14,25,Surgery,90,bed,27.78
3,2022-05-15,28,Surgery,90,bed,31.11
3,2022-05-16,24,Surgery,90,bed,26.67
3,2022-05-17,26,Surgery,90,bed,28.89
3,2022-05-18,25,Surgery,90,bed,27.78
3,2022-05-19,24,Surgery,90,bed,26.67
3,2022-05-20,23,Surgery,90,bed,25.56
3,2022-05-21,16,Surgery,90,bed,17.78
3,2022-05-22,16,Surgery,90,bed,17.78
3,2022-05-23,17,Surgery,90,bed,18.89
3,2022-05-24,18,Surgery,90,bed,20.0
3,2022-05-25,21,Surgery,90,bed,23.33
3,2022-05-26,24,Surgery,90,bed,26.67
3,2022-05-27,27,Surgery,90,bed,30.0
3,2022-05-28,25,Surgery,90,bed,27.78
3,2022-05-29,25,Surgery,90,bed,27.78
3,2022-05-30,27,Surgery,90,bed,30.0
3,2022-05-31,29,Surgery,90,bed,32.22
3,2022-06-01,27,Surgery,90,bed,30.0
3,2022-06-02,28,Surgery,90,bed,31.11
3,2022-06-03,26,Surgery,90,bed,28.89
3,2022-06-04,25,Surgery,90,bed,27.78
3,2022-06-05,23,Surgery,90,bed,25.56
3,2022-06-06,23,Surgery,90,bed,25.56
3,2022-06-07,28,Surgery,90,bed,31.11
3,2022-06-08,28,Surgery,90,bed,31.11
3,2022-06-09,26,Surgery,90,bed,28.89
3,2022-06-10,27,Surgery,90,bed,30.0
3,2022-06-11,27,Surgery,90,bed,30.0
3,2022-06-12,26,Surgery,90,bed,28.89
3,2022-06-13,26,Surgery,90,bed,28.89
3,2022-06-14,24,Surgery,90,bed,26.67
3,2022-06-15,26,Surgery,90,bed,28.89
3,2022-06-16,28,Surgery,90,bed,31.11
3,2022-06-17,30,Surgery,90,bed,33.33
3,2022-06-18,29,Surgery,90,bed,32.22
3,2022-06-19,31,Surgery,90,bed,34.44
3,2022-06-20,30,Surgery,90,bed,33.33
3,2022-06-21,23,Surgery,90,bed,25.56
3,2022-06-22,26,Surgery,90,bed,28.89
3,2022-06-23,31,Surgery,90,bed,34.44
3,2022-06-24,36,Surgery,90,bed,40.0
3,2022-06-25,34,Surgery,90,bed,37.78
3,2022-06-26,33,Surgery,90,bed,36.67
3,2022-06-27,30,Surgery,90,bed,33.33
3,2022-06-28,30,Surgery,90,bed,33.33
3,2022-06-29,28,Surgery,90,bed,31.11
3,2022-06-30,31,Surgery,90,bed,34.44
3,2022-07-01,32,Surgery,90,bed,35.56
3,2022-07-02,35,Surgery,90,bed,38.89
3,2022-07-03,32,Surgery,90,bed,35.56
3,2022-07-04,30,Surgery,90,bed,33.33
3,2022-07-05,30,Surgery,90,bed,33.33
3,2022-07-06,27,Surgery,90,bed,30.0
3,2022-07-07,23,Surgery,90,bed,25.56
3,2022-07-08,21,Surgery,90,bed,23.33
3,2022-07-09,21,Surgery,90,bed,23.33
3,2022-07-10,20,Surgery,90,bed,22.22
3,2022-07-11,19,Surgery,90,bed,21.11
3,2022-07-12,17,Surgery,90,bed,18.89
3,2022-07-13,20,Surgery,90,bed,22.22
3,2022-07-14,20,Surgery,90,bed,22.22
3,2022-07-15,18,Surgery,90,bed,20.0
3,2022-07-16,23,Surgery,90,bed,25.56
3,2022-07-17,27,Surgery,90,bed,30.0
3,2022-07-18,28,Surgery,90,bed,31.11
3,2022-07-19,29,Surgery,90,bed,32.22
3,2022-07-20,30,Surgery,90,bed,33.33
3,2022-07-21,29,Surgery,90,bed,32.22
3,2022-07-22,32,Surgery,90,bed,35.56
3,2022-07-23,32,Surgery,90,bed,35.56
3,2022-07-24,32,Surgery,90,bed,35.56
3,2022-07-25,30,Surgery,90,bed,33.33
3,2022-07-26,35,Surgery,90,bed,38.89
3,2022-07-27,34,Surgery,90,bed,37.78
3,2022-07-28,25,Surgery,90,bed,27.78
3,2022-07-29,27,Surgery,90,bed,30.0
3,2022-07-30,26,Surgery,90,bed,28.89
3,2022-07-31,30,Surgery,90,bed,33.33
3,2022-08-01,35,Surgery,90,bed,38.89
3,2022-08-02,39,Surgery,90,bed,43.33
3,2022-08-03,36,Surgery,90,bed,40.0
3,2022-08-04,32,Surgery,90,bed,35.56
3,2022-08-05,34,Surgery,90,bed,37.78
3,2022-08-06,32,Surgery,90,bed,35.56
3,2022-08-07,32,Surgery,90,bed,35.56
3,2022-08-08,33,Surgery,90,bed,36.67
3,2022-08-09,29,Surgery,90,bed,32.22
3,2022-08-10,30,Surgery,90,bed,33.33
3,2022-08-11,23,Surgery,90,bed,25.56
3,2022-08-12,16,Surgery,90,bed,17.78
3,2022-08-13,21,Surgery,90,bed,23.33
3,2022-08-14,24,Surgery,90,bed,26.67
3,2022-08-15,26,Surgery,90,bed,28.89
3,2022-08-16,28,Surgery,90,bed,31.11
3,2022-08-17,29,Surgery,90,bed,32.22
3,2022-08-18,25,Surgery,90,bed,27.78
3,2022-08-19,25,Surgery,90,bed,27.78
3,2022-08-20,29,Surgery,90,bed,32.22
3,2022-08-21,31,Surgery,90,bed,34.44
3,2022-08-22,32,Surgery,90,bed,35.56
3,2022-08-23,31,Surgery,90,bed,34.44
3,2022-08-24,30,Surgery,90,bed,33.33
3,2022-08-25,32,Surgery,90,bed,35.56
3,2022-08-26,32,Surgery,90,bed,35.56
3,2022-08-27,31,Surgery,90,bed,34.44
3,2022-08-28,26,Surgery,90,bed,28.89
3,2022-08-29,26,Surgery,90,bed,28.89
3,2022-08-30,30,Surgery,90,bed,33.33
3,2022-08-31,33,Surgery,90,bed,36.67
3,2022-09-01,28,Surgery,90,bed,31.11
3,2022-09-02,32,Surgery,90,bed,35.56
3,2022-09-03,28,Surgery,90,bed,31.11
3,2022-09-04,19,Surgery,90,bed,21.11
3,2022-09-05,23,Surgery,90,bed,25.56
3,2022-09-06,25,Surgery,90,bed,27.78
3,2022-09-07,24,Surgery,90,bed,26.67
3,2022-09-08,27,Surgery,90,bed,30.0
3,2022-09-09,27,Surgery,90,bed,30.0
3,2022-09-10,27,Surgery,90,bed,30.0
3,2022-09-11,24,Surgery,90,bed,26.67
3,2022-09-12,22,Surgery,90,bed,24.44
3,2022-09-13,20,Surgery,90,bed,22.22
3,2022-09-14,19,Surgery,90,bed,21.11
3,2022-09-15,20,Surgery,90,bed,22.22
3,2022-09-16,23,Surgery,90,bed,25.56
3,2022-09-17,29,Surgery,90,bed,32.22
3,2022-09-18,30,Surgery,90,bed,33.33
3,2022-09-19,32,Surgery,90,bed,35.56
3,2022-09-20,31,Surgery,90,bed,34.44
3,2022-09-21,30,Surgery,90,bed,33.33
3,2022-09-22,29,Surgery,90,bed,32.22
3,2022-09-23,28,Surgery,90,bed,31.11
3,2022-09-24,29,Surgery,90,bed,32.22
3,2022-09-25,31,Surgery,90,bed,34.44
3,2022-09-26,35,Surgery,90,bed,38.89
3,2022-09-27,33,Surgery,90,bed,36.67
3,2022-09-28,37,Surgery,90,bed,41.11
3,2022-09-29,33,Surgery,90,bed,36.67
3,2022-09-30,33,Surgery,90,bed,36.67
3,2022-10-01,32,Surgery,90,bed,35.56
3,2022-10-02,36,Surgery,90,bed,40.0
3,2022-10-03,30,Surgery,90,bed,33.33
3,2022-10-04,29,Surgery,90,bed,32.22
3,2022-10-05,31,Surgery,90,bed,34.44
3,2022-10-06,27,Surgery,90,bed,30.0
3,2022-10-07,31,Surgery,90,bed,34.44
3,2022-10-08,27,Surgery,90,bed,30.0
3,2022-10-09,29,Surgery,90,bed,32.22
3,2022-10-10,28,Surgery,90,bed,31.11
3,2022-10-11,23,Surgery,90,bed,25.56
3,2022-10-12,22,Surgery,90,bed,24.44
3,2022-10-13,21,Surgery,90,bed,23.33
3,2022-10-14,21,Surgery,90,bed,23.33
3,2022-10-15,21,Surgery,90,bed,23.33
3,2022-10-16,27,Surgery,90,bed,30.0
3,2022-10-17,28,Surgery,90,bed,31.11
3,2022-10-18,29,Surgery,90,bed,32.22
3,2022-10-19,28,Surgery,90,bed,31.11
3,2022-10-20,21,Surgery,90,bed,23.33
3,2022-10-21,23,Surgery,90,bed,25.56
3,2022-10-22,26,Surgery,90,bed,28.89
3,2022-10-23,29,Surgery,90,bed,32.22
3,2022-10-24,26,Surgery,90,bed,28.89
3,2022-10-25,26,Surgery,90,bed,28.89
3,2022-10-26,25,Surgery,90,bed,27.78
3,2022-10-27,24,Surgery,90,bed,26.67
3,2022-10-28,25,Surgery,90,bed,27.78
3,2022-10-29,31,Surgery,90,bed,34.44
3,2022-10-30,35,Surgery,90,bed,38.89
3,2022-10-31,35,Surgery,90,bed,38.89
3,2022-11-01,23,Surgery,90,bed,25.56
3,2022-11-02,22,Surgery,90,bed,24.44
3,2022-11-03,25,Surgery,90,bed,27.78
3,2022-11-04,24,Surgery,90,bed,26.67
3,2022-11-05,23,Surgery,90,bed,25.56
3,2022-11-06,19,Surgery,90,bed,21.11
3,2022-11-07,15,Surgery,90,bed,16.67
3,2022-11-08,15,Surgery,90,bed,16.67
3,2022-11-09,12,Surgery,90,bed,13.33
3,2022-11-10,15,Surgery,90,bed,16.67
3,2022-11-11,18,Surgery,90,bed,20.0
3,2022-11-12,19,Surgery,90,bed,21.11
3,2022-11-13,18,Surgery,90,bed,20.0
3,2022-11-14,19,Surgery,90,bed,21.11
3,2022-11-15,20,Surgery,90,bed,22.22
3,2022-11-16,21,Surgery,90,bed,23.33
3,2022-11-17,21,Surgery,90,bed,23.33
3,2022-11-18,19,Surgery,90,bed,21.11
3,2022-11-19,17,Surgery,90,bed,18.89
3,2022-11-20,17,Surgery,90,bed,18.89
3,2022-11-21,15,Surgery,90,bed,16.67
3,2022-11-22,18,Surgery,90,bed,20.0
3,2022-11-23,20,Surgery,90,bed,22.22
3,2022-11-24,15,Surgery,90,bed,16.67
3,2022-11-25,20,Surgery,90,bed,22.22
3,2022-11-26,19,Surgery,90,bed,21.11
3,2022-11-27,22,Surgery,90,bed,24.44
3,2022-11-28,22,Surgery,90,bed,24.44
3,2022-11-29,24,Surgery,90,bed,26.67
3,2022-11-30,25,Surgery,90,bed,27.78
3,2022-12-01,25,Surgery,90,bed,27.78
3,2022-12-02,23,Surgery,90,bed,25.56
3,2022-12-03,19,Surgery,90,bed,21.11
3,2022-12-04,17,Surgery,90,bed,18.89
3,2022-12-05,16,Surgery,90,bed,17.78
3,2022-12-06,19,Surgery,90,bed,21.11
3,2022-12-07,22,Surgery,90,bed,24.44
3,2022-12-08,28,Surgery,90,bed,31.11
3,2022-12-09,30,Surgery,90,bed,33.33
3,2022-12-10,31,Surgery,90,bed,34.44
3,2022-12-11,28,Surgery,90,bed,31.11
3,2022-12-12,32,Surgery,90,bed,35.56
3,2022-12-13,35,Surgery,90,bed,38.89
3,2022-12-14,32,Surgery,90,bed,35.56
3,2022-12-15,30,Surgery,90,bed,33.33
3,2022-12-16,26,Surgery,90,bed,28.89
3,2022-12-17,22,Surgery,90,bed,24.44
3,2022-12-18,23,Surgery,90,bed,25.56
3,2022-12-19,19,Surgery,90,bed,21.11
3,2022-12-20,18,Surgery,90,bed,20.0
3,2022-12-21,18,Surgery,90,bed,20.0
3,2022-12-22,16,Surgery,90,bed,17.78
3,2022-12-23,19,Surgery,90,bed,21.11
3,2022-12-24,18,Surgery,90,bed,20.0
3,2022-12-25,23,Surgery,90,bed,25.56
3,2022-12-26,25,Surgery,90,bed,27.78
3,2022-12-27,30,Surgery,90,bed,33.33
3,2022-12-28,29,Surgery,90,bed,32.22
3,2022-12-29,32,Surgery,90,bed,35.56
3,2022-12-30,26,Surgery,90,bed,28.89
3,2022-12-31,21,Surgery,90,bed,23.33
3,2023-01-01,22,Surgery,90,bed,24.44
3,2023-01-02,22,Surgery,90,bed,24.44
3,2023-01-03,24,Surgery,90,bed,26.67
3,2023-01-04,20,Surgery,90,bed,22.22
3,2023-01-05,26,Surgery,90,bed,28.89
3,2023-01-06,31,Surgery,90,bed,34.44
3,2023-01-07,33,Surgery,90,bed,36.67
3,2023-01-08,34,Surgery,90,bed,37.78
3,2023-01-09,33,Surgery,90,bed,36.67
3,2023-01-10,30,Surgery,90,bed,33.33
3,2023-01-11,22,Surgery,90,bed,24.44
3,2023-01-12,20,Surgery,90,bed,22.22
3,2023-01-13,23,Surgery,90,bed,25.56
3,2023-01-14,23,Surgery,90,bed,25.56
3,2023-01-15,24,Surgery,90,bed,26.67
3,2023-01-16,26,Surgery,90,bed,28.89
3,2023-01-17,29,Surgery,90,bed,32.22
3,2023-01-18,25,Surgery,90,bed,27.78
3,2023-01-19,28,Surgery,90,bed,31.11
3,2023-01-20,28,Surgery,90,bed,31.11
3,2023-01-21,24,Surgery,90,bed,26.67
3,2023-01-22,23,Surgery,90,bed,25.56
3,2023-01-23,21,Surgery,90,bed,23.33
3,2023-01-24,24,Surgery,90,bed,26.67
3,2023-01-25,27,Surgery,90,bed,30.0
3,2023-01-26,26,Surgery,90,bed,28.89
3,2023-01-27,23,Surgery,90,bed,25.56
3,2023-01-28,20,Surgery,90,bed,22.22
3,2023-01-29,20,Surgery,90,bed,22.22
3,2023-01-30,22,Surgery,90,bed,24.44
3,2023-01-31,23,Surgery,90,bed,25.56
3,2023-02-01,28,Surgery,90,bed,31.11
3,2023-02-02,27,Surgery,90,bed,30.0
3,2023-02-03,24,Surgery,90,bed,26.67
3,2023-02-04,25,Surgery,90,bed,27.78
3,2023-02-05,15,Surgery,90,bed,16.67
3,2023-02-06,19,Surgery,90,bed,21.11
3,2023-02-07,15,Surgery,90,bed,16.67
3,2023-02-08,12,Surgery,90,bed,13.33
3,2023-02-09,16,Surgery,90,bed,17.78
3,2023-02-10,21,Surgery,90,bed,23.33
3,2023-02-11,20,Surgery,90,bed,22.22
3,2023-02-12,20,Surgery,90,bed,22.22
3,2023-02-13,20,Surgery,90,bed,22.22
3,2023-02-14,20,Surgery,90,bed,22.22
3,2023-02-15,20,Surgery,90,bed,22.22
3,2023-02-16,18,Surgery,90,bed,20.0
3,2023-02-17,17,Surgery,90,bed,18.89
3,2023-02-18,17,Surgery,90,bed,18.89
3,2023-02-19,14,Surgery,90,bed,15.56
3,2023-02-20,14,Surgery,90,bed,15.56
3,2023-02-21,21,Surgery,90,bed,23.33
3,2023-02-22,26,Surgery,90,bed,28.89
3,2023-02-23,26,Surgery,90,bed,28.89
3,2023-02-24,27,Surgery,90,bed,30.0
3,2023-02-25,27,Surgery,90,bed,30.0
3,2023-02-26,26,Surgery,90,bed,28.89
3,2023-02-27,28,Surgery,90,bed,31.11
3,2023-02-28,26,Surgery,90,bed,28.89
3,2023-03-01,26,Surgery,90,bed,28.89
3,2023-03-02,34,Surgery,90,bed,37.78
3,2023-03-03,36,Surgery,90,bed,40.0
3,2023-03-04,38,Surgery,90,bed,42.22
3,2023-03-05,36,Surgery,90,bed,40.0
3,2023-03-06,27,Surgery,90,bed,30.0
3,2023-03-07,27,Surgery,90,bed,30.0
3,2023-03-08,27,Surgery,90,bed,30.0
3,2023-03-09,27,Surgery,90,bed,30.0
3,2023-03-10,28,Surgery,90,bed,31.11
3,2023-03-11,32,Surgery,90,bed,35.56
3,2023-03-12,32,Surgery,90,bed,35.56
3,2023-03-13,34,Surgery,90,bed,37.78
3,2023-03-14,31,Surgery,90,bed,34.44
3,2023-03-15,35,Surgery,90,bed,38.89
3,2023-03-16,31,Surgery,90,bed,34.44
3,2023-03-17,28,Surgery,90,bed,31.11
3,2023-03-18,25,Surgery,90,bed,27.78
3,2023-03-19,26,Surgery,90,bed,28.89
3,2023-03-20,25,Surgery,90,bed,27.78
3,2023-03-21,24,Surgery,90,bed,26.67
3,2023-03-22,28,Surgery,90,bed,31.11
3,2023-03-23,27,Surgery,90,bed,30.0
3,2023-03-24,28,Surgery,90,bed,31.11
3,2023-03-25,29,Surgery,90,bed,32.22
3,2023-03-26,33,Surgery,90,bed,36.67
3,2023-03-27,31,Surgery,90,bed,34.44
3,2023-03-28,31,Surgery,90,bed,34.44
3,2023-03-29,34,Surgery,90,bed,37.78
3,2023-03-30,33,Surgery,90,bed,36.67
3,2023-03-31,27,Surgery,90,bed,30.0
3,2023-04-01,26,Surgery,90,bed,28.89
3,2023-04-02,28,Surgery,90,bed,31.11
3,2023-04-03,30,Surgery,90,bed,33.33
3,2023-04-04,31,Surgery,90,bed,34.44
3,2023-04-05,35,Surgery,90,bed,38.89
3,2023-04-06,34,Surgery,90,bed,37.78
3,2023-04-07,36,Surgery,90,bed,40.0
3,2023-04-08,37,Surgery,90,bed,41.11
3,2023-04-09,35,Surgery,90,bed,38.89
3,2023-04-10,37,Surgery,90,bed,41.11
3,2023-04-11,37,Surgery,90,bed,41.11
3,2023-04-12,28,Surgery,90,bed,31.11
3,2023-04-13,25,Surgery,90,bed,27.78
3,2023-04-14,26,Surgery,90,bed,28.89
3,2023-04-15,23,Surgery,90,bed,25.56
3,2023-04-16,22,Surgery,90,bed,24.44
3,2023-04-17,22,Surgery,90,bed,24.44
3,2023-04-18,26,Surgery,90,bed,28.89
3,2023-04-19,27,Surgery,90,bed,30.0
3,2023-04-20,26,Surgery,90,bed,28.89
3,2023-04-21,24,Surgery,90,bed,26.67
3,2023-04-22,22,Surgery,90,bed,24.44
3,2023-04-23,28,Surgery,90,bed,31.11
3,2023-04-24,29,Surgery,90,bed,32.22
3,2023-04-25,28,Surgery,90,bed,31.11
3,2023-04-26,24,Surgery,90,bed,26.67
3,2023-04-27,20,Surgery,90,bed,22.22
3,2023-04-28,17,Surgery,90,bed,18.89
3,2023-04-29,18,Surgery,90,bed,20.0
3,2023-04-30,22,Surgery,90,bed,24.44
3,2023-05-01,29,Surgery,90,bed,32.22
3,2023-05-02,29,Surgery,90,bed,32.22
3,2023-05-03,24,Surgery,90,bed,26.67
3,2023-05-04,22,Surgery,90,bed,24.44
3,2023-05-05,22,Surgery,90,bed,24.44
3,2023-05-06,22,Surgery,90,bed,24.44
3,2023-05-07,25,Surgery,90,bed,27.78
3,2023-05-08,24,Surgery,90,bed,26.67
3,2023-05-09,20,Surgery,90,bed,22.22
3,2023-05-10,26,Surgery,90,bed,28.89
3,2023-05-11,28,Surgery,90,bed,31.11
3,2023-05-12,34,Surgery,90,bed,37.78
3,2023-05-13,32,Surgery,90,bed,35.56
3,2023-05-14,29,Surgery,90,bed,32.22
3,2023-05-15,23,Surgery,90,bed,25.56
3,2023-05-16,24,Surgery,90,bed,26.67
3,2023-05-17,27,Surgery,90,bed,30.0
3,2023-05-18,26,Surgery,90,bed,28.89
3,2023-05-19,24,Surgery,90,bed,26.67
3,2023-05-20,21,Surgery,90,bed,23.33
3,2023-05-21,21,Surgery,90,bed,23.33
3,2023-05-22,20,Surgery,90,bed,22.22
3,2023-05-23,16,Surgery,90,bed,17.78
3,2023-05-24,17,Surgery,90,bed,18.89
3,2023-05-25,15,Surgery,90,bed,16.67
3,2023-05-26,13,Surgery,90,bed,14.44
3,2023-05-27,16,Surgery,90,bed,17.78
3,2023-05-28,19,Surgery,90,bed,21.11
3,2023-05-29,21,Surgery,90,bed,23.33
3,2023-05-30,28,Surgery,90,bed,31.11
3,2023-05-31,30,Surgery,90,bed,33.33
3,2023-06-01,34,Surgery,90,bed,37.78
3,2023-06-02,34,Surgery,90,bed,37.78
3,2023-06-03,31,Surgery,90,bed,34.44
3,2023-06-04,26,Surgery,90,bed,28.89
3,2023-06-05,24,Surgery,90,bed,26.67
3,2023-06-06,29,Surgery,90,bed,32.22
3,2023-06-07,33,Surgery,90,bed,36.67
3,2023-06-08,35,Surgery,90,bed,38.89
3,2023-06-09,40,Surgery,90,bed,44.44
3,2023-06-10,35,Surgery,90,bed,38.89
3,2023-06-11,34,Surgery,90,bed,37.78
3,2023-06-12,31,Surgery,90,bed,34.44
3,2023-06-13,33,Surgery,90,bed,36.67
3,2023-06-14,35,Surgery,90,bed,38.89
3,2023-06-15,29,Surgery,90,bed,32.22
3,2023-06-16,30,Surgery,90,bed,33.33
3,2023-06-17,21,Surgery,90,bed,23.33
3,2023-06-18,20,Surgery,90,bed,22.22
3,2023-06-19,19,Surgery,90,bed,21.11
3,2023-06-20,25,Surgery,90,bed,27.78
3,2023-06-21,28,Surgery,90,bed,31.11
3,2023-06-22,26,Surgery,90,bed,28.89
3,2023-06-23,24,Surgery,90,bed,26.67
3,2023-06-24,23,Surgery,90,bed,25.56
3,2023-06-25,21,Surgery,90,bed,23.33
3,2023-06-26,21,Surgery,90,bed,23.33
3,2023-06-27,20,Surgery,90,bed,22.22
3,2023-06-28,21,Surgery,90,bed,23.33
3,2023-06-29,19,Surgery,90,bed,21.11
3,2023-06-30,25,Surgery,90,bed,27.78
3,2023-07-01,26,Surgery,90,bed,28.89
3,2023-07-02,30,Surgery,90,bed,33.33
3,2023-07-03,32,Surgery,90,bed,35.56
3,2023-07-04,37,Surgery,90,bed,41.11
3,2023-07-05,30,Surgery,90,bed,33.33
3,2023-07-06,28,Surgery,90,bed,31.11
3,2023-07-07,29,Surgery,90,bed,32.22
3,2023-07-08,24,Surgery,90,bed,26.67
3,2023-07-09,26,Surgery,90,bed,28.89
3,2023-07-10,28,Surgery,90,bed,31.11
3,2023-07-11,28,Surgery,90,bed,31.11
3,2023-07-12,24,Surgery,90,bed,26.67
3,2023-07-13,21,Surgery,90,bed,23.33
3,2023-07-14,21,Surgery,90,bed,23.33
3,2023-07-15,21,Surgery,90,bed,23.33
3,2023-07-16,19,Surgery,90,bed,21.11
3,2023-07-17,23,Surgery,90,bed,25.56
3,2023-07-18,24,Surgery,90,bed,26.67
3,2023-07-19,22,Surgery,90,bed,24.44
3,2023-07-20,22,Surgery,90,bed,24.44
3,2023-07-21,17,Surgery,90,bed,18.89
3,2023-07-22,16,Surgery,90,bed,17.78
3,2023-07-23,17,Surgery,90,bed,18.89
3,2023-07-24,19,Surgery,90,bed,21.11
3,2023-07-25,20,Surgery,90,bed,22.22
3,2023-07-26,21,Surgery,90,bed,23.33
3,2023-07-27,21,Surgery,90,bed,23.33
3,2023-07-28,22,Surgery,90,bed,24.44
3,2023-07-29,25,Surgery,90,bed,27.78
3,2023-07-30,26,Surgery,90,bed,28.89
3,2023-07-31,24,Surgery,90,bed,26.67
3,2023-08-01,22,Surgery,90,bed,24.44
3,2023-08-02,22,Surgery,90,bed,24.44
3,2023-08-03,21,Surgery,90,bed,23.33
3,2023-08-04,22,Surgery,90,bed,24.44
3,2023-08-05,24,Surgery,90,bed,26.67
3,2023-08-06,27,Surgery,90,bed,30.0
3,2023-08-07,26,Surgery,90,bed,28.89
3,2023-08-08,20,Surgery,90,bed,22.22
3,2023-08-09,25,Surgery,90,bed,27.78
3,2023-08-10,28,Surgery,90,bed,31.11
3,2023-08-11,29,Surgery,90,bed,32.22
3,2023-08-12,31,Surgery,90,bed,34.44
3,2023-08-13,30,Surgery,90,bed,33.33
3,2023-08-14,30,Surgery,90,bed,33.33
3,2023-08-15,25,Surgery,90,bed,27.78
3,2023-08-16,26,Surgery,90,bed,28.89
3,2023-08-17,31,Surgery,90,bed,34.44
3,2023-08-18,26,Surgery,90,bed,28.89
3,2023-08-19,27,Surgery,90,bed,30.0
3,2023-08-20,27,Surgery,90,bed,30.0
3,2023-08-21,24,Surgery,90,bed,26.67
3,2023-08-22,20,Surgery,90,bed,22.22
3,2023-08-23,22,Surgery,90,bed,24.44
3,2023-08-24,25,Surgery,90,bed,27.78
3,2023-08-25,25,Surgery,90,bed,27.78
3,2023-08-26,23,Surgery,90,bed,25.56
3,2023-08-27,24,Surgery,90,bed,26.67
3,2023-08-28,23,Surgery,90,bed,25.56
3,2023-08-29,27,Surgery,90,bed,30.0
3,2023-08-30,25,Surgery,90,bed,27.78
3,2023-08-31,26,Surgery,90,bed,28.89
3,2023-09-01,24,Surgery,90,bed,26.67
3,2023-09-02,26,Surgery,90,bed,28.89
3,2023-09-03,26,Surgery,90,bed,28.89
3,2023-09-04,26,Surgery,90,bed,28.89
3,2023-09-05,19,Surgery,90,bed,21.11
3,2023-09-06,13,Surgery,90,bed,14.44
3,2023-09-07,17,Surgery,90,bed,18.89
3,2023-09-08,24,Surgery,90,bed,26.67
3,2023-09-09,27,Surgery,90,bed,30.0
3,2023-09-10,28,Surgery,90,bed,31.11
3,2023-09-11,26,Surgery,90,bed,28.89
3,2023-09-12,32,Surgery,90,bed,35.56
3,2023-09-13,33,Surgery,90,bed,36.67
3,2023-09-14,33,Surgery,90,bed,36.67
3,2023-09-15,27,Surgery,90,bed,30.0
3,2023-09-16,27,Surgery,90,bed,30.0
3,2023-09-17,30,Surgery,90,bed,33.33
3,2023-09-18,28,Surgery,90,bed,31.11
3,2023-09-19,36,Surgery,90,bed,40.0
3,2023-09-20,33,Surgery,90,bed,36.67
3,2023-09-21,31,Surgery,90,bed,34.44
3,2023-09-22,32,Surgery,90,bed,35.56
3,2023-09-23,28,Surgery,90,bed,31.11
3,2023-09-24,27,Surgery,90,bed,30.0
3,2023-09-25,25,Surgery,90,bed,27.78
3,2023-09-26,27,Surgery,90,bed,30.0
3,2023-09-27,28,Surgery,90,bed,31.11
3,2023-09-28,28,Surgery,90,bed,31.11
3,2023-09-29,26,Surgery,90,bed,28.89
3,2023-09-30,21,Surgery,90,bed,23.33
3,2023-10-01,18,Surgery,90,bed,20.0
3,2023-10-02,18,Surgery,90,bed,20.0
3,2023-10-03,18,Surgery,90,bed,20.0
3,2023-10-04,18,Surgery,90,bed,20.0
3,2023-10-05,18,Surgery,90,bed,20.0
3,2023-10-06,21,Surgery,90,bed,23.33
3,2023-10-07,23,Surgery,90,bed,25.56
3,2023-10-08,28,Surgery,90,bed,31.11
3,2023-10-09,30,Surgery,90,bed,33.33
3,2023-10-10,34,Surgery,90,bed,37.78
3,2023-10-11,32,Surgery,90,bed,35.56
3,2023-10-12,31,Surgery,90,bed,34.44
3,2023-10-13,31,Surgery,90,bed,34.44
3,2023-10-14,30,Surgery,90,bed,33.33
3,2023-10-15,37,Surgery,90,bed,41.11
3,2023-10-16,35,Surgery,90,bed,38.89
3,2023-10-17,43,Surgery,90,bed,47.78
3,2023-10-18,40,Surgery,90,bed,44.44
3,2023-10-19,34,Surgery,90,bed,37.78
3,2023-10-20,31,Surgery,90,bed,34.44
3,2023-10-21,30,Surgery,90,bed,33.33
3,2023-10-22,24,Surgery,90,bed,26.67
3,2023-10-23,20,Surgery,90,bed,22.22
3,2023-10-24,23,Surgery,90,bed,25.56
3,2023-10-25,20,Surgery,90,bed,22.22
3,2023-10-26,19,Surgery,90,bed,21.11
3,2023-10-27,21,Surgery,90,bed,23.33
3,2023-10-28,23,Surgery,90,bed,25.56
3,2023-10-29,23,Surgery,90,bed,25.56
3,2023-10-30,25,Surgery,90,bed,27.78
3,2023-10-31,24,Surgery,90,bed,26.67
3,2023-11-01,24,Surgery,90,bed,26.67
3,2023-11-02,23,Surgery,90,bed,25.56
3,2023-11-03,22,Surgery,90,bed,24.44
3,2023-11-04,17,Surgery,90,bed,18.89
3,2023-11-05,19,Surgery,90,bed,21.11
3,2023-11-06,22,Surgery,90,bed,24.44
3,2023-11-07,22,Surgery,90,bed,24.44
3,2023-11-08,25,Surgery,90,bed,27.78
3,2023-11-09,23,Surgery,90,bed,25.56
3,2023-11-10,20,Surgery,90,bed,22.22
3,2023-11-11,25,Surgery,90,bed,27.78
3,2023-11-12,26,Surgery,90,bed,28.89
3,2023-11-13,20,Surgery,90,bed,22.22
3,2023-11-14,19,Surgery,90,bed,21.11
3,2023-11-15,19,Surgery,90,bed,21.11
3,2023-11-16,17,Surgery,90,bed,18.89
3,2023-11-17,22,Surgery,90,bed,24.44
3,2023-11-18,21,Surgery,90,bed,23.33
3,2023-11-19,22,Surgery,90,bed,24.44
3,2023-11-20,21,Surgery,90,bed,23.33
3,2023-11-21,27,Surgery,90,bed,30.0
3,2023-11-22,24,Surgery,90,bed,26.67
3,2023-11-23,26,Surgery,90,bed,28.89
3,2023-11-24,29,Surgery,90,bed,32.22
3,2023-11-25,28,Surgery,90,bed,31.11
3,2023-11-26,25,Surgery,90,bed,27.78
3,2023-11-27,26,Surgery,90,bed,28.89
3,2023-11-28,25,Surgery,90,bed,27.78
3,2023-11-29,27,Surgery,90,bed,30.0
3,2023-11-30,28,Surgery,90,bed,31.11
3,2023-12-01,26,Surgery,90,bed,28.89
3,2023-12-02,28,Surgery,90,bed,31.11
3,2023-12-03,28,Surgery,90,bed,31.11
3,2023-12-04,22,Surgery,90,bed,24.44
3,2023-12-05,20,Surgery,90,bed,22.22
3,2023-12-06,21,Surgery,90,bed,23.33
3,2023-12-07,25,Surgery,90,bed,27.78
3,2023-12-08,24,Surgery,90,bed,26.67
3,2023-12-09,20,Surgery,90,bed,22.22
3,2023-12-10,17,Surgery,90,bed,18.89
3,2023-12-11,16,Surgery,90,bed,17.78
3,2023-12-12,19,Surgery,90,bed,21.11
3,2023-12-13,20,Surgery,90,bed,22.22
3,2023-12-14,21,Surgery,90,bed,23.33
3,2023-12-15,18,Surgery,90,bed,20.0
3,2023-12-16,19,Surgery,90,bed,21.11
3,2023-12-17,18,Surgery,90,bed,20.0
3,2023-12-18,19,Surgery,90,bed,21.11
3,2023-12-19,20,Surgery,90,bed,22.22
3,2023-12-20,17,Surgery,90,bed,18.89
3,2023-12-21,19,Surgery,90,bed,21.11
3,2023-12-22,27,Surgery,90,bed,30.0
3,2023-12-23,29,Surgery,90,bed,32.22
3,2023-12-24,30,Surgery,90,bed,33.33
3,2023-12-25,26,Surgery,90,bed,28.89
3,2023-12-26,27,Surgery,90,bed,30.0
3,2023-12-27,26,Surgery,90,bed,28.89
3,2023-12-28,23,Surgery,90,bed,25.56
3,2023-12-29,20,Surgery,90,bed,22.22
3,2023-12-30,24,Surgery,90,bed,26.67
3,2023-12-31,25,Surgery,90,bed,27.78
3,2024-01-01,22,Surgery,90,bed,24.44
3,2024-01-02,18,Surgery,90,bed,20.0
3,2024-01-03,19,Surgery,90,bed,21.11
3,2024-01-04,23,Surgery,90,bed,25.56
3,2024-01-05,23,Surgery,90,bed,25.56
3,2024-01-06,22,Surgery,90,bed,24.44
3,2024-01-07,20,Surgery,90,bed,22.22
3,2024-01-08,22,Surgery,90,bed,24.44
3,2024-01-09,24,Surgery,90,bed,26.67
3,2024-01-10,27,Surgery,90,bed,30.0
3,2024-01-11,31,Surgery,90,bed,34.44
3,2024-01-12,32,Surgery,90,bed,35.56
3,2024-01-13,27,Surgery,90,bed,30.0
3,2024-01-14,28,Surgery,90,bed,31.11
3,2024-01-15,26,Surgery,90,bed,28.89
3,2024-01-16,26,Surgery,90,bed,28.89
3,2024-01-17,24,Surgery,90,bed,26.67
3,2024-01-18,21,Surgery,90,bed,23.33
3,2024-01-19,22,Surgery,90,bed,24.44
3,2024-01-20,24,Surgery,90,bed,26.67
3,2024-01-21,22,Surgery,90,bed,24.44
3,2024-01-22,24,Surgery,90,bed,26.67
3,2024-01-23,18,Surgery,90,bed,20.0
3,2024-01-24,16,Surgery,90,bed,17.78
3,2024-01-25,19,Surgery,90,bed,21.11
3,2024-01-26,18,Surgery,90,bed,20.0
3,2024-01-27,22,Surgery,90,bed,24.44
3,2024-01-28,21,Surgery,90,bed,23.33
3,2024-01-29,19,Surgery,90,bed,21.11
3,2024-01-30,16,Surgery,90,bed,17.78
3,2024-01-31,17,Surgery,90,bed,18.89
3,2024-02-01,21,Surgery,90,bed,23.33
3,2024-02-02,26,Surgery,90,bed,28.89
3,2024-02-03,26,Surgery,90,bed,28.89
3,2024-02-04,35,Surgery,90,bed,38.89
3,2024-02-05,32,Surgery,90,bed,35.56
3,2024-02-06,28,Surgery,90,bed,31.11
3,2024-02-07,26,Surgery,90,bed,28.89
3,2024-02-08,27,Surgery,90,bed,30.0
3,2024-02-09,31,Surgery,90,bed,34.44
3,2024-02-10,32,Surgery,90,bed,35.56
3,2024-02-11,30,Surgery,90,bed,33.33
3,2024-02-12,32,Surgery,90,bed,35.56
3,2024-02-13,31,Surgery,90,bed,34.44
3,2024-02-14,29,Surgery,90,bed,32.22
3,2024-02-15,30,Surgery,90,bed,33.33
3,2024-02-16,25,Surgery,90,bed,27.78
3,2024-02-17,20,Surgery,90,bed,22.22
3,2024-02-18,24,Surgery,90,bed,26.67
3,2024-02-19,29,Surgery,90,bed,32.22
3,2024-02-20,25,Surgery,90,bed,27.78
3,2024-02-21,21,Surgery,90,bed,23.33
3,2024-02-22,23,Surgery,90,bed,25.56
3,2024-02-23,27,Surgery,90,bed,30.0
3,2024-02-24,26,Surgery,90,bed,28.89
3,2024-02-25,30,Surgery,90,bed,33.33
3,2024-02-26,23,Surgery,90,bed,25.56
3,2024-02-27,25,Surgery,90,bed,27.78
3,2024-02-28,27,Surgery,90,bed,30.0
3,2024-02-29,26,Surgery,90,bed,28.89
3,2024-03-01,27,Surgery,90,bed,30.0
3,2024-03-02,28,Surgery,90,bed,31.11
3,2024-03-03,31,Surgery,90,bed,34.44
3,2024-03-04,34,Surgery,90,bed,37.78
3,2024-03-05,37,Surgery,90,bed,41.11
3,2024-03-06,37,Surgery,90,bed,41.11
3,2024-03-07,31,Surgery,90,bed,34.44
3,2024-03-08,26,Surgery,90,bed,28.89
3,2024-03-09,23,Surgery,90,bed,25.56
3,2024-03-10,23,Surgery,90,bed,25.56
3,2024-03-11,22,Surgery,90,bed,24.44
3,2024-03-12,21,Surgery,90,bed,23.33
3,2024-03-13,18,Surgery,90,bed,20.0
3,2024-03-14,18,Surgery,90,bed,20.0
3,2024-03-15,20,Surgery,90,bed,22.22
3,2024-03-16,26,Surgery,90,bed,28.89
3,2024-03-17,25,Surgery,90,bed,27.78
3,2024-03-18,26,Surgery,90,bed,28.89
3,2024-03-19,23,Surgery,90,bed,25.56
3,2024-03-20,25,Surgery,90,bed,27.78
3,2024-03-21,29,Surgery,90,bed,32.22
3,2024-03-22,27,Surgery,90,bed,30.0
3,2024-03-23,28,Surgery,90,bed,31.11
3,2024-03-24,24,Surgery,90,bed,26.67
3,2024-03-25,23,Surgery,90,bed,25.56
3,2024-03-26,22,Surgery,90,bed,24.44
3,2024-03-27,20,Surgery,90,bed,22.22
3,2024-03-28,19,Surgery,90,bed,21.11
3,2024-03-29,20,Surgery,90,bed,22.22
3,2024-03-30,21,Surgery,90,bed,23.33
3,2024-03-31,20,Surgery,90,bed,22.22
3,2024-04-01,20,Surgery,90,bed,22.22
3,2024-04-02,18,Surgery,90,bed,20.0
3,2024-04-03,20,Surgery,90,bed,22.22
3,2024-04-04,21,Surgery,90,bed,23.33
3,2024-04-05,19,Surgery,90,bed,21.11
3,2024-04-06,23,Surgery,90,bed,25.56
3,2024-04-07,24,Surgery,90,bed,26.67
3,2024-04-08,29,Surgery,90,bed,32.22
3,2024-04-09,31,Surgery,90,bed,34.44
3,2024-04-10,32,Surgery,90,bed,35.56
3,2024-04-11,30,Surgery,90,bed,33.33
3,2024-04-12,29,Surgery,90,bed,32.22
3,2024-04-13,30,Surgery,90,bed,33.33
3,2024-04-14,25,Surgery,90,bed,27.78
3,2024-04-15,25,Surgery,90,bed,27.78
3,2024-04-16,22,Surgery,90,bed,24.44
3,2024-04-17,20,Surgery,90,bed,22.22
3,2024-04-18,26,Surgery,90,bed,28.89
3,2024-04-19,28,Surgery,90,bed,31.11
3,2024-04-20,30,Surgery,90,bed,33.33
3,2024-04-21,26,Surgery,90,bed,28.89
3,2024-04-22,24,Surgery,90,bed,26.67
3,2024-04-23,22,Surgery,90,bed,24.44
3,2024-04-24,23,Surgery,90,bed,25.56
3,2024-04-25,29,Surgery,90,bed,32.22
3,2024-04-26,31,Surgery,90,bed,34.44
3,2024-04-27,35,Surgery,90,bed,38.89
3,2024-04-28,33,Surgery,90,bed,36.67
3,2024-04-29,31,Surgery,90,bed,34.44
3,2024-04-30,31,Surgery,90,bed,34.44
3,2024-05-01,34,Surgery,90,bed,37.78
3,2024-05-02,34,Surgery,90,bed,37.78
3,2024-05-03,32,Surgery,90,bed,35.56
3,2024-05-04,26,Surgery,90,bed,28.89
3,2024-05-05,23,Surgery,90,bed,25.56
3,2024-05-06,19,Surgery,90,bed,21.11
3,2024-05-07,21,Surgery,90,bed,23.33
3,2024-05-08,23,Surgery,90,bed,25.56
3,2024-05-09,21,Surgery,90,bed,23.33
3,2024-05-10,20,Surgery,90,bed,22.22
3,2024-05-11,19,Surgery,90,bed,21.11
3,2024-05-12,20,Surgery,90,bed,22.22
3,2024-05-13,23,Surgery,90,bed,25.56
3,2024-05-14,19,Surgery,90,bed,21.11
3,2024-05-15,21,Surgery,90,bed,23.33
3,2024-05-16,20,Surgery,90,bed,22.22
3,2024-05-17,25,Surgery,90,bed,27.78
3,2024-05-18,23,Surgery,90,bed,25.56
3,2024-05-19,26,Surgery,90,bed,28.89
3,2024-05-20,29,Surgery,90,bed,32.22
3,2024-05-21,31,Surgery,90,bed,34.44
3,2024-05-22,29,Surgery,90,bed,32.22
3,2024-05-23,23,Surgery,90,bed,25.56
3,2024-05-24,25,Surgery,90,bed,27.78
3,2024-05-25,26,Surgery,90,bed,28.89
3,2024-05-26,28,Surgery,90,bed,31.11
3,2024-05-27,31,Surgery,90,bed,34.44
3,2024-05-28,27,Surgery,90,bed,30.0
3,2024-05-29,31,Surgery,90,bed,34.44
3,2024-05-30,33,Surgery,90,bed,36.67
3,2024-05-31,27,Surgery,90,bed,30.0
3,2024-06-01,23,Surgery,90,bed,25.56
3,2024-06-02,20,Surgery,90,bed,22.22
3,2024-06-03,19,Surgery,90,bed,21.11
3,2024-06-04,24,Surgery,90,bed,26.67
3,2024-06-05,25,Surgery,90,bed,27.78
3,2024-06-06,30,Surgery,90,bed,33.33
3,2024-06-07,30,Surgery,90,bed,33.33
3,2024-06-08,29,Surgery,90,bed,32.22
3,2024-06-09,20,Surgery,90,bed,22.22
3,2024-06-10,20,Surgery,90,bed,22.22
3,2024-06-11,23,Surgery,90,bed,25.56
3,2024-06-12,21,Surgery,90,bed,23.33
3,2024-06-13,15,Surgery,90,bed,16.67
3,2024-06-14,15,Surgery,90,bed,16.67
3,2024-06-15,17,Surgery,90,bed,18.89
3,2024-06-16,14,Surgery,90,bed,15.56
3,2024-06-17,19,Surgery,90,bed,21.11
3,2024-06-18,21,Surgery,90,bed,23.33
3,2024-06-19,24,Surgery,90,bed,26.67
3,2024-06-20,25,Surgery,90,bed,27.78
3,2024-06-21,26,Surgery,90,bed,28.89
3,2024-06-22,25,Surgery,90,bed,27.78
3,2024-06-23,24,Surgery,90,bed,26.67
3,2024-06-24,25,Surgery,90,bed,27.78
3,2024-06-25,27,Surgery,90,bed,30.0
3,2024-06-26,31,Surgery,90,bed,34.44
3,2024-06-27,26,Surgery,90,bed,28.89
3,2024-06-28,23,Surgery,90,bed,25.56
3,2024-06-29,28,Surgery,90,bed,31.11
3,2024-06-30,24,Surgery,90,bed,26.67
3,2024-07-01,21,Surgery,90,bed,23.33
3,2024-07-02,13,Surgery,90,bed,14.44
3,2024-07-03,23,Surgery,90,bed,25.56
3,2024-07-04,25,Surgery,90,bed,27.78
3,2024-07-05,25,Surgery,90,bed,27.78
3,2024-07-06,22,Surgery,90,bed,24.44
3,2024-07-07,25,Surgery,90,bed,27.78
3,2024-07-08,23,Surgery,90,bed,25.56
3,2024-07-09,25,Surgery,90,bed,27.78
3,2024-07-10,29,Surgery,90,bed,32.22
3,2024-07-11,31,Surgery,90,bed,34.44
3,2024-07-12,28,Surgery,90,bed,31.11
3,2024-07-13,25,Surgery,90,bed,27.78
3,2024-07-14,28,Surgery,90,bed,31.11
3,2024-07-15,23,Surgery,90,bed,25.56
3,2024-07-16,27,Surgery,90,bed,30.0
3,2024-07-17,27,Surgery,90,bed,30.0
3,2024-07-18,30,Surgery,90,bed,33.33
3,2024-07-19,31,Surgery,90,bed,34.44
3,2024-07-20,27,Surgery,90,bed,30.0
3,2024-07-21,22,Surgery,90,bed,24.44
3,2024-07-22,21,Surgery,90,bed,23.33
3,2024-07-23,24,Surgery,90,bed,26.67
3,2024-07-24,26,Surgery,90,bed,28.89
3,2024-07-25,25,Surgery,90,bed,27.78
3,2024-07-26,23,Surgery,90,bed,25.56
3,2024-07-27,29,Surgery,90,bed,32.22
3,2024-07-28,30,Surgery,90,bed,33.33
3,2024-07-29,23,Surgery,90,bed,25.56
3,2024-07-30,18,Surgery,90,bed,20.0
3,2024-07-31,19,Surgery,90,bed,21.11
3,2024-08-01,21,Surgery,90,bed,23.33
3,2024-08-02,23,Surgery,90,bed,25.56
3,2024-08-03,27,Surgery,90,bed,30.0
3,2024-08-04,23,Surgery,90,bed,25.56
3,2024-08-05,27,Surgery,90,bed,30.0
3,2024-08-06,28,Surgery,90,bed,31.11
3,2024-08-07,29,Surgery,90,bed,32.22
3,2024-08-08,33,Surgery,90,bed,36.67
3,2024-08-09,30,Surgery,90,bed,33.33
3,2024-08-10,24,Surgery,90,bed,26.67
3,2024-08-11,28,Surgery,90,bed,31.11
3,2024-08-12,28,Surgery,90,bed,31.11
3,2024-08-13,29,Surgery,90,bed,32.22
3,2024-08-14,21,Surgery,90,bed,23.33
3,2024-08-15,23,Surgery,90,bed,25.56
3,2024-08-16,24,Surgery,90,bed,26.67
3,2024-08-17,24,Surgery,90,bed,26.67
3,2024-08-18,20,Surgery,90,bed,22.22
3,2024-08-19,25,Surgery,90,bed,27.78
3,2024-08-20,26,Surgery,90,bed,28.89
3,2024-08-21,25,Surgery,90,bed,27.78
3,2024-08-22,29,Surgery,90,bed,32.22
3,2024-08-23,27,Surgery,90,bed,30.0
3,2024-08-24,28,Surgery,90,bed,31.11
3,2024-08-25,26,Surgery,90,bed,28.89
3,2024-08-26,26,Surgery,90,bed,28.89
3,2024-08-27,27,Surgery,90,bed,30.0
3,2024-08-28,25,Surgery,90,bed,27.78
3,2024-08-29,25,Surgery,90,bed,27.78
3,2024-08-30,23,Surgery,90,bed,25.56
3,2024-08-31,25,Surgery,90,bed,27.78
3,2024-09-01,23,Surgery,90,bed,25.56
3,2024-09-02,29,Surgery,90,bed,32.22
3,2024-09-03,28,Surgery,90,bed,31.11
3,2024-09-04,29,Surgery,90,bed,32.22
3,2024-09-05,24,Surgery,90,bed,26.67
3,2024-09-06,25,Surgery,90,bed,27.78
3,2024-09-07,24,Surgery,90,bed,26.67
3,2024-09-08,21,Surgery,90,bed,23.33
3,2024-09-09,21,Surgery,90,bed,23.33
3,2024-09-10,20,Surgery,90,bed,22.22
3,2024-09-11,21,Surgery,90,bed,23.33
3,2024-09-12,25,Surgery,90,bed,27.78
3,2024-09-13,30,Surgery,90,bed,33.33
3,2024-09-14,31,Surgery,90,bed,34.44
3,2024-09-15,28,Surgery,90,bed,31.11
3,2024-09-16,28,Surgery,90,bed,31.11
3,2024-09-17,26,Surgery,90,bed,28.89
3,2024-09-18,26,Surgery,90,bed,28.89
3,2024-09-19,28,Surgery,90,bed,31.11
3,2024-09-20,22,Surgery,90,bed,24.44
3,2024-09-21,25,Surgery,90,bed,27.78
3,2024-09-22,24,Surgery,90,bed,26.67
3,2024-09-23,24,Surgery,90,bed,26.67
3,2024-09-24,26,Surgery,90,bed,28.89
3,2024-09-25,24,Surgery,90,bed,26.67
3,2024-09-26,23,Surgery,90,bed,25.56
3,2024-09-27,27,Surgery,90,bed,30.0
3,2024-09-28,24,Surgery,90,bed,26.67
3,2024-09-29,22,Surgery,90,bed,24.44
3,2024-09-30,24,Surgery,90,bed,26.67
3,2024-10-01,28,Surgery,90,bed,31.11
3,2024-10-02,25,Surgery,90,bed,27.78
3,2024-10-03,30,Surgery,90,bed,33.33
3,2024-10-04,29,Surgery,90,bed,32.22
3,2024-10-05,29,Surgery,90,bed,32.22
3,2024-10-06,25,Surgery,90,bed,27.78
3,2024-10-07,22,Surgery,90,bed,24.44
3,2024-10-08,22,Surgery,90,bed,24.44
3,2024-10-09,25,Surgery,90,bed,27.78
3,2024-10-10,27,Surgery,90,bed,30.0
3,2024-10-11,28,Surgery,90,bed,31.11
3,2024-10-12,27,Surgery,90,bed,30.0
3,2024-10-13,24,Surgery,90,bed,26.67
3,2024-10-14,18,Surgery,90,bed,20.0
3,2024-10-15,20,Surgery,90,bed,22.22
3,2024-10-16,24,Surgery,90,bed,26.67
3,2024-10-17,23,Surgery,90,bed,25.56
3,2024-10-18,26,Surgery,90,bed,28.89
3,2024-10-19,27,Surgery,90,bed,30.0
3,2024-10-20,31,Surgery,90,bed,34.44
3,2024-10-21,31,Surgery,90,bed,34.44
3,2024-10-22,31,Surgery,90,bed,34.44
3,2024-10-23,32,Surgery,90,bed,35.56
3,2024-10-24,27,Surgery,90,bed,30.0
3,2024-10-25,23,Surgery,90,bed,25.56
3,2024-10-26,24,Surgery,90,bed,26.67
3,2024-10-27,24,Surgery,90,bed,26.67
3,2024-10-28,22,Surgery,90,bed,24.44
3,2024-10-29,27,Surgery,90,bed,30.0
3,2024-10-30,35,Surgery,90,bed,38.89
3,2024-10-31,30,Surgery,90,bed,33.33
3,2024-11-01,25,Surgery,90,bed,27.78
3,2024-11-02,24,Surgery,90,bed,26.67
3,2024-11-03,25,Surgery,90,bed,27.78
3,2024-11-04,28,Surgery,90,bed,31.11
3,2024-11-05,30,Surgery,90,bed,33.33
3,2024-11-06,35,Surgery,90,bed,38.89
3,2024-11-07,32,Surgery,90,bed,35.56
3,2024-11-08,33,Surgery,90,bed,36.67
3,2024-11-09,35,Surgery,90,bed,38.89
3,2024-11-10,31,Surgery,90,bed,34.44
3,2024-11-11,24,Surgery,90,bed,26.67
3,2024-11-12,22,Surgery,90,bed,24.44
3,2024-11-13,27,Surgery,90,bed,30.0
3,2024-11-14,26,Surgery,90,bed,28.89
3,2024-11-15,21,Surgery,90,bed,23.33
3,2024-11-16,18,Surgery,90,bed,20.0
3,2024-11-17,17,Surgery,90,bed,18.89
3,2024-11-18,17,Surgery,90,bed,18.89
3,2024-11-19,19,Surgery,90,bed,21.11
3,2024-11-20,19,Surgery,90,bed,21.11
3,2024-11-21,18,Surgery,90,bed,20.0
3,2024-11-22,19,Surgery,90,bed,21.11
3,2024-11-23,19,Surgery,90,bed,21.11
3,2024-11-24,29,Surgery,90,bed,32.22
3,2024-11-25,33,Surgery,90,bed,36.67
3,2024-11-26,31,Surgery,90,bed,34.44
3,2024-11-27,28,Surgery,90,bed,31.11
3,2024-11-28,29,Surgery,90,bed,32.22
3,2024-11-29,31,Surgery,90,bed,34.44
3,2024-11-30,27,Surgery,90,bed,30.0
3,2024-12-01,30,Surgery,90,bed,33.33
3,2024-12-02,31,Surgery,90,bed,34.44
3,2024-12-03,27,Surgery,90,bed,30.0
3,2024-12-04,29,Surgery,90,bed,32.22
3,2024-12-05,31,Surgery,90,bed,34.44
3,2024-12-06,29,Surgery,90,bed,32.22
3,2024-12-07,34,Surgery,90,bed,37.78
3,2024-12-08,27,Surgery,90,bed,30.0
3,2024-12-09,27,Surgery,90,bed,30.0
3,2024-12-10,23,Surgery,90,bed,25.56
3,2024-12-11,16,Surgery,90,bed,17.78
3,2024-12-12,15,Surgery,90,bed,16.67
3,2024-12-13,18,Surgery,90,bed,20.0
3,2024-12-14,19,Surgery,90,bed,21.11
3,2024-12-15,18,Surgery,90,bed,20.0
3,2024-12-16,19,Surgery,90,bed,21.11
3,2024-12-17,18,Surgery,90,bed,20.0
3,2024-12-18,17,Surgery,90,bed,18.89
3,2024-12-19,20,Surgery,90,bed,22.22
3,2024-12-20,26,Surgery,90,bed,28.89
3,2024-12-21,29,Surgery,90,bed,32.22
3,2024-12-22,30,Surgery,90,bed,33.33
3,2024-12-23,26,Surgery,90,bed,28.89
3,2024-12-24,23,Surgery,90,bed,25.56
3,2024-12-25,25,Surgery,90,bed,27.78
3,2024-12-26,24,Surgery,90,bed,26.67
3,2024-12-27,17,Surgery,90,bed,18.89
3,2024-12-28,17,Surgery,90,bed,18.89
3,2024-12-29,15,Surgery,90,bed,16.67
3,2024-12-30,19,Surgery,90,bed,21.11
3,2024-12-31,21,Surgery,90,bed,23.33
3,2025-01-01,23,Surgery,90,bed,25.56
3,2025-01-02,26,Surgery,90,bed,28.89
3,2025-01-03,26,Surgery,90,bed,28.89
3,2025-01-04,25,Surgery,90,bed,27.78
3,2025-01-05,25,Surgery,90,bed,27.78
3,2025-01-06,26,Surgery,90,bed,28.89
3,2025-01-07,25,Surgery,90,bed,27.78
3,2025-01-08,29,Surgery,90,bed,32.22
3,2025-01-09,31,Surgery,90,bed,34.44
3,2025-01-10,31,Surgery,90,bed,34.44
3,2025-01-11,25,Surgery,90,bed,27.78
3,2025-01-12,27,Surgery,90,bed,30.0
3,2025-01-13,29,Surgery,90,bed,32.22
3,2025-01-14,27,Surgery,90,bed,30.0
3,2025-01-15,27,Surgery,90,bed,30.0
3,2025-01-16,28,Surgery,90,bed,31.11
3,2025-01-17,27,Surgery,90,bed,30.0
3,2025-01-18,31,Surgery,90,bed,34.44
3,2025-01-19,28,Surgery,90,bed,31.11
3,2025-01-20,26,Surgery,90,bed,28.89
3,2025-01-21,25,Surgery,90,bed,27.78
3,2025-01-22,23,Surgery,90,bed,25.56
3,2025-01-23,22,Surgery,90,bed,24.44
3,2025-01-24,26,Surgery,90,bed,28.89
3,2025-01-25,24,Surgery,90,bed,26.67
3,2025-01-26,25,Surgery,90,bed,27.78
3,2025-01-27,29,Surgery,90,bed,32.22
3,2025-01-28,26,Surgery,90,bed,28.89
3,2025-01-29,24,Surgery,90,bed,26.67
3,2025-01-30,24,Surgery,90,bed,26.67
3,2025-01-31,22,Surgery,90,bed,24.44
3,2025-02-01,21,Surgery,90,bed,23.33
3,2025-02-02,28,Surgery,90,bed,31.11
3,2025-02-03,27,Surgery,90,bed,30.0
3,2025-02-04,28,Surgery,90,bed,31.11
3,2025-02-05,27,Surgery,90,bed,30.0
3,2025-02-06,31,Surgery,90,bed,34.44
3,2025-02-07,31,Surgery,90,bed,34.44
3,2025-02-08,31,Surgery,90,bed,34.44
3,2025-02-09,32,Surgery,90,bed,35.56
3,2025-02-10,33,Surgery,90,bed,36.67
3,2025-02-11,31,Surgery,90,bed,34.44
3,2025-02-12,35,Surgery,90,bed,38.89
3,2025-02-13,38,Surgery,90,bed,42.22
3,2025-02-14,32,Surgery,90,bed,35.56
3,2025-02-15,31,Surgery,90,bed,34.44
3,2025-02-16,28,Surgery,90,bed,31.11
3,2025-02-17,28,Surgery,90,bed,31.11
3,2025-02-18,30,Surgery,90,bed,33.33
3,2025-02-19,38,Surgery,90,bed,42.22
3,2025-02-20,35,Surgery,90,bed,38.89
3,2025-02-21,32,Surgery,90,bed,35.56
3,2025-02-22,30,Surgery,90,bed,33.33
3,2025-02-23,28,Surgery,90,bed,31.11
3,2025-02-24,33,Surgery,90,bed,36.67
3,2025-02-25,29,Surgery,90,bed,32.22
3,2025-02-26,24,Surgery,90,bed,26.67
3,2025-02-27,25,Surgery,90,bed,27.78
3,2025-02-28,26,Surgery,90,bed,28.89
3,2025-03-01,20,Surgery,90,bed,22.22
3,2025-03-02,22,Surgery,90,bed,24.44
3,2025-03-03,24,Surgery,90,bed,26.67
3,2025-03-04,30,Surgery,90,bed,33.33
3,2025-03-05,30,Surgery,90,bed,33.33
3,2025-03-06,29,Surgery,90,bed,32.22
3,2025-03-07,33,Surgery,90,bed,36.67
3,2025-03-08,35,Surgery,90,bed,38.89
3,2025-03-09,34,Surgery,90,bed,37.78
3,2025-03-10,33,Surgery,90,bed,36.67
3,2025-03-11,32,Surgery,90,bed,35.56
3,2025-03-12,27,Surgery,90,bed,30.0
3,2025-03-13,26,Surgery,90,bed,28.89
3,2025-03-14,30,Surgery,90,bed,33.33
3,2025-03-15,26,Surgery,90,bed,28.89
3,2025-03-16,24,Surgery,90,bed,26.67
3,2025-03-17,29,Surgery,90,bed,32.22
3,2025-03-18,32,Surgery,90,bed,35.56
3,2025-03-19,31,Surgery,90,bed,34.44
3,2025-03-20,30,Surgery,90,bed,33.33
3,2025-03-21,32,Surgery,90,bed,35.56
3,2025-03-22,36,Surgery,90,bed,40.0
3,2025-03-23,36,Surgery,90,bed,40.0
3,2025-03-24,41,Surgery,90,bed,45.56
3,2025-03-25,39,Surgery,90,bed,43.33
3,2025-03-26,32,Surgery,90,bed,35.56
3,2025-03-27,31,Surgery,90,bed,34.44
3,2025-03-28,34,Surgery,90,bed,37.78
3,2025-03-29,36,Surgery,90,bed,40.0
3,2025-03-30,42,Surgery,90,bed,46.67
3,2025-03-31,41,Surgery,90,bed,45.56
3,2025-04-01,41,Surgery,90,bed,45.56
3,2025-04-02,37,Surgery,90,bed,41.11
3,2025-04-03,34,Surgery,90,bed,37.78
3,2025-04-04,28,Surgery,90,bed,31.11
3,2025-04-05,29,Surgery,90,bed,32.22
3,2025-04-06,28,Surgery,90,bed,31.11
3,2025-04-07,27,Surgery,90,bed,30.0
3,2025-04-08,28,Surgery,90,bed,31.11
3,2025-04-09,29,Surgery,90,bed,32.22
3,2025-04-10,27,Surgery,90,bed,30.0
3,2025-04-11,27,Surgery,90,bed,30.0
3,2025-04-12,23,Surgery,90,bed,25.56
3,2025-04-13,20,Surgery,90,bed,22.22
3,2025-04-14,20,Surgery,90,bed,22.22
3,2025-04-15,21,Surgery,90,bed,23.33
3,2025-04-16,21,Surgery,90,bed,23.33
3,2025-04-17,24,Surgery,90,bed,26.67
3,2025-04-18,24,Surgery,90,bed,26.67
3,2025-04-19,25,Surgery,90,bed,27.78
3,2025-04-20,20,Surgery,90,bed,22.22
3,2025-04-21,21,Surgery,90,bed,23.33
3,2025-04-22,21,Surgery,90,bed,23.33
3,2025-04-23,22,Surgery,90,bed,24.44
3,2025-04-24,18,Surgery,90,bed,20.0
3,2025-04-25,22,Surgery,90,bed,24.44
3,2025-04-26,23,Surgery,90,bed,25.56
3,2025-04-27,22,Surgery,90,bed,24.44
3,2025-04-28,24,Surgery,90,bed,26.67
3,2025-04-29,24,Surgery,90,bed,26.67
3,2025-04-30,26,Surgery,90,bed,28.89
3,2025-05-01,23,Surgery,90,bed,25.56
3,2025-05-02,24,Surgery,90,bed,26.67
3,2025-05-03,29,Surgery,90,bed,32.22
3,2025-05-04,30,Surgery,90,bed,33.33
3,2025-05-05,24,Surgery,90,bed,26.67
3,2025-05-06,23,Surgery,90,bed,25.56
3,2025-05-07,26,Surgery,90,bed,28.89
3,2025-05-08,30,Surgery,90,bed,33.33
3,2025-05-09,29,Surgery,90,bed,32.22
3,2025-05-10,26,Surgery,90,bed,28.89
3,2025-05-11,29,Surgery,90,bed,32.22
3,2025-05-12,26,Surgery,90,bed,28.89
3,2025-05-13,23,Surgery,90,bed,25.56
3,2025-05-14,26,Surgery,90,bed,28.89
3,2025-05-15,23,Surgery,90,bed,25.56
3,2025-05-16,26,Surgery,90,bed,28.89
3,2025-05-17,31,Surgery,90,bed,34.44
3,2025-05-18,35,Surgery,90,bed,38.89
3,2025-05-19,37,Surgery,90,bed,41.11
3,2025-05-20,37,Surgery,90,bed,41.11
3,2025-05-21,39,Surgery,90,bed,43.33
3,2025-05-22,36,Surgery,90,bed,40.0
3,2025-05-23,34,Surgery,90,bed,37.78
3,2025-05-24,33,Surgery,90,bed,36.67
3,2025-05-25,29,Surgery,90,bed,32.22
3,2025-05-26,29,Surgery,90,bed,32.22
3,2025-05-27,27,Surgery,90,bed,30.0
3,2025-05-28,28,Surgery,90,bed,31.11
3,2025-05-29,29,Surgery,90,bed,32.22
3,2025-05-30,35,Surgery,90,bed,38.89
3,2025-05-31,36,Surgery,90,bed,40.0
3,2025-06-01,35,Surgery,90,bed,38.89
3,2025-06-02,32,Surgery,90,bed,35.56
3,2025-06-03,30,Surgery,90,bed,33.33
3,2025-06-04,32,Surgery,90,bed,35.56
3,2025-06-05,27,Surgery,90,bed,30.0
3,2025-06-06,26,Surgery,90,bed,28.89
3,2025-06-07,24,Surgery,90,bed,26.67
3,2025-06-08,21,Surgery,90,bed,23.33
3,2025-06-09,23,Surgery,90,bed,25.56
3,2025-06-10,24,Surgery,90,bed,26.67
3,2025-06-11,29,Surgery,90,bed,32.22
3,2025-06-12,29,Surgery,90,bed,32.22
3,2025-06-13,32,Surgery,90,bed,35.56
3,2025-06-14,41,Surgery,90,bed,45.56
3,2025-06-15,39,Surgery,90,bed,43.33
3,2025-06-16,35,Surgery,90,bed,38.89
3,2025-06-17,33,Surgery,90,bed,36.67
3,2025-06-18,29,Surgery,90,bed,32.22
3,2025-06-19,32,Surgery,90,bed,35.56
3,2025-06-20,30,Surgery,90,bed,33.33
3,2025-06-21,31,Surgery,90,bed,34.44
3,2025-06-22,25,Surgery,90,bed,27.78
3,2025-06-23,22,Surgery,90,bed,24.44
3,2025-06-24,23,Surgery,90,bed,25.56
3,2025-06-25,21,Surgery,90,bed,23.33
3,2025-06-26,21,Surgery,90,bed,23.33
3,2025-06-27,24,Surgery,90,bed,26.67
3,2025-06-28,23,Surgery,90,bed,25.56
3,2025-06-29,25,Surgery,90,bed,27.78
3,2025-06-30,26,Surgery,90,bed,28.89
3,2025-07-01,28,Surgery,90,bed,31.11
3,2025-07-02,27,Surgery,90,bed,30.0
3,2025-07-03,27,Surgery,90,bed,30.0
3,2025-07-04,24,Surgery,90,bed,26.67
3,2025-07-05,28,Surgery,90,bed,31.11
3,2025-07-06,22,Surgery,90,bed,24.44
3,2025-07-07,20,Surgery,90,bed,22.22
3,2025-07-08,20,Surgery,90,bed,22.22
3,2025-07-09,24,Surgery,90,bed,26.67
3,2025-07-10,20,Surgery,90,bed,22.22
3,2025-07-11,22,Surgery,90,bed,24.44
3,2025-07-12,25,Surgery,90,bed,27.78
3,2025-07-13,25,Surgery,90,bed,27.78
3,2025-07-14,18,Surgery,90,bed,20.0
3,2025-07-15,18,Surgery,90,bed,20.0
3,2025-07-16,16,Surgery,90,bed,17.78
3,2025-07-17,17,Surgery,90,bed,18.89
3,2025-07-18,22,Surgery,90,bed,24.44
3,2025-07-19,24,Surgery,90,bed,26.67
3,2025-07-20,25,Surgery,90,bed,27.78
3,2025-07-21,26,Surgery,90,bed,28.89
3,2025-07-22,25,Surgery,90,bed,27.78
3,2025-07-23,22,Surgery,90,bed,24.44
3,2025-07-24,24,Surgery,90,bed,26.67
3,2025-07-25,27,Surgery,90,bed,30.0
3,2025-07-26,29,Surgery,90,bed,32.22
3,2025-07-27,33,Surgery,90,bed,36.67
3,2025-07-28,31,Surgery,90,bed,34.44
3,2025-07-29,23,Surgery,90,bed,25.56
3,2025-07-30,25,Surgery,90,bed,27.78
3,2025-07-31,27,Surgery,90,bed,30.0
3,2025-08-01,32,Surgery,90,bed,35.56
3,2025-08-02,36,Surgery,90,bed,40.0
3,2025-08-03,35,Surgery,90,bed,38.89
3,2025-08-04,35,Surgery,90,bed,38.89
3,2025-08-05,32,Surgery,90,bed,35.56
3,2025-08-06,30,Surgery,90,bed,33.33
3,2025-08-07,29,Surgery,90,bed,32.22
3,2025-08-08,29,Surgery,90,bed,32.22
3,2025-08-09,33,Surgery,90,bed,36.67
3,2025-08-10,30,Surgery,90,bed,33.33
3,2025-08-11,27,Surgery,90,bed,30.0
3,2025-08-12,29,Surgery,90,bed,32.22
3,2025-08-13,29,Surgery,90,bed,32.22
3,2025-08-14,27,Surgery,90,bed,30.0
3,2025-08-15,30,Surgery,90,bed,33.33
3,2025-08-16,28,Surgery,90,bed,31.11
3,2025-08-17,28,Surgery,90,bed,31.11
3,2025-08-18,24,Surgery,90,bed,26.67
3,2025-08-19,24,Surgery,90,bed,26.67
3,2025-08-20,26,Surgery,90,bed,28.89
3,2025-08-21,25,Surgery,90,bed,27.78
3,2025-08-22,30,Surgery,90,bed,33.33
3,2025-08-23,26,Surgery,90,bed,28.89
3,2025-08-24,22,Surgery,90,bed,24.44
3,2025-08-25,23,Surgery,90,bed,25.56
3,2025-08-26,26,Surgery,90,bed,28.89
3,2025-08-27,21,Surgery,90,bed,23.33
3,2025-08-28,21,Surgery,90,bed,23.33
3,2025-08-29,21,Surgery,90,bed,23.33
3,2025-08-30,20,Surgery,90,bed,22.22
3,2025-08-31,24,Surgery,90,bed,26.67
3,2025-09-01,26,Surgery,90,bed,28.89
3,2025-09-02,27,Surgery,90,bed,30.0
3,2025-09-03,25,Surgery,90,bed,27.78
3,2025-09-04,27,Surgery,90,bed,30.0
3,2025-09-05,27,Surgery,90,bed,30.0
3,2025-09-06,28,Surgery,90,bed,31.11
3,2025-09-07,23,Surgery,90,bed,25.56
3,2025-09-08,26,Surgery,90,bed,28.89
3,2025-09-09,29,Surgery,90,bed,32.22
3,2025-09-10,34,Surgery,90,bed,37.78
3,2025-09-11,32,Surgery,90,bed,35.56
3,2025-09-12,30,Surgery,90,bed,33.33
3,2025-09-13,27,Surgery,90,bed,30.0
3,2025-09-14,29,Surgery,90,bed,32.22
3,2025-09-15,28,Surgery,90,bed,31.11
3,2025-09-16,27,Surgery,90,bed,30.0
3,2025-09-17,23,Surgery,90,bed,25.56
3,2025-09-18,28,Surgery,90,bed,31.11
3,2025-09-19,28,Surgery,90,bed,31.11
3,2025-09-20,39,Surgery,90,bed,43.33
3,2025-09-21,36,Surgery,90,bed,40.0
3,2025-09-22,36,Surgery,90,bed,40.0
3,2025-09-23,31,Surgery,90,bed,34.44
3,2025-09-24,30,Surgery,90,bed,33.33
3,2025-09-25,27,Surgery,90,bed,30.0
3,2025-09-26,26,Surgery,90,bed,28.89
3,2025-09-27,22,Surgery,90,bed,24.44
3,2025-09-28,20,Surgery,90,bed,22.22
3,2025-09-29,26,Surgery,90,bed,28.89
3,2025-09-30,28,Surgery,90,bed,31.11
3,2025-10-01,27,Surgery,90,bed,30.0
3,2025-10-02,25,Surgery,90,bed,27.78
3,2025-10-03,24,Surgery,90,bed,26.67
3,2025-10-04,26,Surgery,90,bed,28.89
3,2025-10-05,28,Surgery,90,bed,31.11
3,2025-10-06,30,Surgery,90,bed,33.33
3,2025-10-07,26,Surgery,90,bed,28.89
3,2025-10-08,26,Surgery,90,bed,28.89
3,2025-10-09,23,Surgery,90,bed,25.56
3,2025-10-10,24,Surgery,90,bed,26.67
3,2025-10-11,31,Surgery,90,bed,34.44
3,2025-10-12,34,Surgery,90,bed,37.78
3,2025-10-13,30,Surgery,90,bed,33.33
3,2025-10-14,37,Surgery,90,bed,41.11
3,2025-10-15,35,Surgery,90,bed,38.89
3,2025-10-16,32,Surgery,90,bed,35.56
3,2025-10-17,29,Surgery,90,bed,32.22
3,2025-10-18,29,Surgery,90,bed,32.22
3,2025-10-19,29,Surgery,90,bed,32.22
3,2025-10-20,28,Surgery,90,bed,31.11
3,2025-10-21,28,Surgery,90,bed,31.11
3,2025-10-22,29,Surgery,90,bed,32.22
3,2025-10-23,31,Surgery,90,bed,34.44
3,2025-10-24,31,Surgery,90,bed,34.44
3,2025-10-25,25,Surgery,90,bed,27.78
3,2025-10-26,23,Surgery,90,bed,25.56
3,2025-10-27,23,Surgery,90,bed,25.56
3,2025-10-28,25,Surgery,90,bed,27.78
3,2025-10-29,23,Surgery,90,bed,25.56
3,2025-10-30,24,Surgery,90,bed,26.67
3,2025-10-31,24,Surgery,90,bed,26.67
3,2025-11-01,23,Surgery,90,bed,25.56
3,2025-11-02,22,Surgery,90,bed,24.44
3,2025-11-03,23,Surgery,90,bed,25.56
3,2025-11-04,24,Surgery,90,bed,26.67
3,2025-11-05,29,Surgery,90,bed,32.22
3,2025-11-06,27,Surgery,90,bed,30.0
3,2025-11-07,26,Surgery,90,bed,28.89
3,2025-11-08,26,Surgery,90,bed,28.89
3,2025-11-09,23,Surgery,90,bed,25.56
3,2025-11-10,24,Surgery,90,bed,26.67
3,2025-11-11,21,Surgery,90,bed,23.33
3,2025-11-12,19,Surgery,90,bed,21.11
3,2025-11-13,26,Surgery,90,bed,28.89
3,2025-11-14,28,Surgery,90,bed,31.11
3,2025-11-15,21,Surgery,90,bed,23.33
3,2025-11-16,20,Surgery,90,bed,22.22
3,2025-11-17,16,Surgery,90,bed,17.78
3,2025-11-18,20,Surgery,90,bed,22.22
3,2025-11-19,24,Surgery,90,bed,26.67
3,2025-11-20,25,Surgery,90,bed,27.78
3,2025-11-21,28,Surgery,90,bed,31.11
3,2025-11-22,27,Surgery,90,bed,30.0
3,2025-11-23,30,Surgery,90,bed,33.33
3,2025-11-24,36,Surgery,90,bed,40.0
3,2025-11-25,34,Surgery,90,bed,37.78
3,2025-11-26,38,Surgery,90,bed,42.22
3,2025-11-27,40,Surgery,90,bed,44.44
3,2025-11-28,41,Surgery,90,bed,45.56
3,2025-11-29,37,Surgery,90,bed,41.11
3,2025-11-30,32,Surgery,90,bed,35.56
3,2025-12-01,33,Surgery,90,bed,36.67
3,2025-12-02,27,Surgery,90,bed,30.0
3,2025-12-03,23,Surgery,90,bed,25.56
3,2025-12-04,21,Surgery,90,bed,23.33
3,2025-12-05,18,Surgery,90,bed,20.0
3,2025-12-06,25,Surgery,90,bed,27.78
3,2025-12-07,28,Surgery,90,bed,31.11
3,2025-12-08,31,Surgery,90,bed,34.44
3,2025-12-09,33,Surgery,90,bed,36.67
3,2025-12-10,35,Surgery,90,bed,38.89
3,2025-12-11,35,Surgery,90,bed,38.89
3,2025-12-12,29,Surgery,90,bed,32.22
3,2025-12-13,28,Surgery,90,bed,31.11
3,2025-12-14,27,Surgery,90,bed,30.0
3,2025-12-15,28,Surgery,90,bed,31.11
3,2025-12-16,29,Surgery,90,bed,32.22
3,2025-12-17,25,Surgery,90,bed,27.78
3,2025-12-18,28,Surgery,90,bed,31.11
3,2025-12-19,26,Surgery,90,bed,28.89
3,2025-12-20,29,Surgery,90,bed,32.22
3,2025-12-21,24,Surgery,90,bed,26.67
3,2025-12-22,26,Surgery,90,bed,28.89
3,2025-12-23,26,Surgery,90,bed,28.89
3,2025-12-24,24,Surgery,90,bed,26.67
3,2025-12-25,26,Surgery,90,bed,28.89
3,2025-12-26,26,Surgery,90,bed,28.89
3,2025-12-27,29,Surgery,90,bed,32.22
3,2025-12-28,28,Surgery,90,bed,31.11
3,2025-12-29,29,Surgery,90,bed,32.22
3,2025-12-30,29,Surgery,90,bed,32.22
3,2025-12-31,30,Surgery,90,bed,33.33
3,2026-01-01,24,Surgery,90,bed,26.67
3,2026-01-02,16,Surgery,90,bed,17.78
3,2026-01-03,15,Surgery,90,bed,16.67
3,2026-01-04,11,Surgery,90,bed,12.22
3,2026-01-05,8,Surgery,90,bed,8.89
3,2026-01-06,3,Surgery,90,bed,3.33
3,2026-01-07,3,Surgery,90,bed,3.33
3,2026-01-08,2,Surgery,90,bed,2.22
3,2026-01-09,2,Surgery,90,bed,2.22
3,2026-01-10,1,Surgery,90,bed,1.11
4,2020-01-01,6,Pediatrics,70,bed,8.57
4,2020-01-02,10,Pediatrics,70,bed,14.29
4,2020-01-03,13,Pediatrics,70,bed,18.57
4,2020-01-04,14,Pediatrics,70,bed,20.0
4,2020-01-05,18,Pediatrics,70,bed,25.71
4,2020-01-06,21,Pediatrics,70,bed,30.0
4,2020-01-07,21,Pediatrics,70,bed,30.0
4,2020-01-08,22,Pediatrics,70,bed,31.43
4,2020-01-09,23,Pediatrics,70,bed,32.86
4,2020-01-10,24,Pediatrics,70,bed,34.29
4,2020-01-11,23,Pediatrics,70,bed,32.86
4,2020-01-12,17,Pediatrics,70,bed,24.29
4,2020-01-13,17,Pediatrics,70,bed,24.29
4,2020-01-14,23,Pediatrics,70,bed,32.86
4,2020-01-15,24,Pediatrics,70,bed,34.29
4,2020-01-16,21,Pediatrics,70,bed,30.0
4,2020-01-17,18,Pediatrics,70,bed,25.71
4,2020-01-18,18,Pediatrics,70,bed,25.71
4,2020-01-19,16,Pediatrics,70,bed,22.86
4,2020-01-20,18,Pediatrics,70,bed,25.71
4,2020-01-21,17,Pediatrics,70,bed,24.29
4,2020-01-22,20,Pediatrics,70,bed,28.57
4,2020-01-23,17,Pediatrics,70,bed,24.29
4,2020-01-24,21,Pediatrics,70,bed,30.0
4,2020-01-25,20,Pediatrics,70,bed,28.57
4,2020-01-26,18,Pediatrics,70,bed,25.71
4,2020-01-27,20,Pediatrics,70,bed,28.57
4,2020-01-28,19,Pediatrics,70,bed,27.14
4,2020-01-29,23,Pediatrics,70,bed,32.86
4,2020-01-30,24,Pediatrics,70,bed,34.29
4,2020-01-31,24,Pediatrics,70,bed,34.29
4,2020-02-01,25,Pediatrics,70,bed,35.71
4,2020-02-02,29,Pediatrics,70,bed,41.43
4,2020-02-03,28,Pediatrics,70,bed,40.0
4,2020-02-04,30,Pediatrics,70,bed,42.86
4,2020-02-05,29,Pediatrics,70,bed,41.43
4,2020-02-06,27,Pediatrics,70,bed,38.57
4,2020-02-07,27,Pediatrics,70,bed,38.57
4,2020-02-08,26,Pediatrics,70,bed,37.14
4,2020-02-09,28,Pediatrics,70,bed,40.0
4,2020-02-10,30,Pediatrics,70,bed,42.86
4,2020-02-11,29,Pediatrics,70,bed,41.43
4,2020-02-12,35,Pediatrics,70,bed,50.0
4,2020-02-13,31,Pediatrics,70,bed,44.29
4,2020-02-14,27,Pediatrics,70,bed,38.57
4,2020-02-15,26,Pediatrics,70,bed,37.14
4,2020-02-16,20,Pediatrics,70,bed,28.57
4,2020-02-17,17,Pediatrics,70,bed,24.29
4,2020-02-18,20,Pediatrics,70,bed,28.57
4,2020-02-19,20,Pediatrics,70,bed,28.57
4,2020-02-20,20,Pediatrics,70,bed,28.57
4,2020-02-21,21,Pediatrics,70,bed,30.0
4,2020-02-22,18,Pediatrics,70,bed,25.71
4,2020-02-23,16,Pediatrics,70,bed,22.86
4,2020-02-24,14,Pediatrics,70,bed,20.0
4,2020-02-25,13,Pediatrics,70,bed,18.57
4,2020-02-26,11,Pediatrics,70,bed,15.71
4,2020-02-27,11,Pediatrics,70,bed,15.71
4,2020-02-28,13,Pediatrics,70,bed,18.57
4,2020-02-29,14,Pediatrics,70,bed,20.0
4,2020-03-01,13,Pediatrics,70,bed,18.57
4,2020-03-02,15,Pediatrics,70,bed,21.43
4,2020-03-03,16,Pediatrics,70,bed,22.86
4,2020-03-04,16,Pediatrics,70,bed,22.86
4,2020-03-05,17,Pediatrics,70,bed,24.29
4,2020-03-06,16,Pediatrics,70,bed,22.86
4,2020-03-07,16,Pediatrics,70,bed,22.86
4,2020-03-08,21,Pediatrics,70,bed,30.0
4,2020-03-09,21,Pediatrics,70,bed,30.0
4,2020-03-10,20,Pediatrics,70,bed,28.57
4,2020-03-11,25,Pediatrics,70,bed,35.71
4,2020-03-12,28,Pediatrics,70,bed,40.0
4,2020-03-13,28,Pediatrics,70,bed,40.0
4,2020-03-14,29,Pediatrics,70,bed,41.43
4,2020-03-15,31,Pediatrics,70,bed,44.29
4,2020-03-16,27,Pediatrics,70,bed,38.57
4,2020-03-17,27,Pediatrics,70,bed,38.57
4,2020-03-18,25,Pediatrics,70,bed,35.71
4,2020-03-19,20,Pediatrics,70,bed,28.57
4,2020-03-20,19,Pediatrics,70,bed,27.14
4,2020-03-21,20,Pediatrics,70,bed,28.57
4,2020-03-22,20,Pediatrics,70,bed,28.57
4,2020-03-23,17,Pediatrics,70,bed,24.29
4,2020-03-24,12,Pediatrics,70,bed,17.14
4,2020-03-25,11,Pediatrics,70,bed,15.71
4,2020-03-26,14,Pediatrics,70,bed,20.0
4,2020-03-27,19,Pediatrics,70,bed,27.14
4,2020-03-28,21,Pediatrics,70,bed,30.0
4,2020-03-29,27,Pediatrics,70,bed,38.57
4,2020-03-30,25,Pediatrics,70,bed,35.71
4,2020-03-31,28,Pediatrics,70,bed,40.0
4,2020-04-01,24,Pediatrics,70,bed,34.29
4,2020-04-02,14,Pediatrics,70,bed,20.0
4,2020-04-03,14,Pediatrics,70,bed,20.0
4,2020-04-04,13,Pediatrics,70,bed,18.57
4,2020-04-05,17,Pediatrics,70,bed,24.29
4,2020-04-06,18,Pediatrics,70,bed,25.71
4,2020-04-07,22,Pediatrics,70,bed,31.43
4,2020-04-08,19,Pediatrics,70,bed,27.14
4,2020-04-09,19,Pediatrics,70,bed,27.14
4,2020-04-10,20,Pediatrics,70,bed,28.57
4,2020-04-11,24,Pediatrics,70,bed,34.29
4,2020-04-12,24,Pediatrics,70,bed,34.29
4,2020-04-13,22,Pediatrics,70,bed,31.43
4,2020-04-14,18,Pediatrics,70,bed,25.71
4,2020-04-15,22,Pediatrics,70,bed,31.43
4,2020-04-16,23,Pediatrics,70,bed,32.86
4,2020-04-17,28,Pediatrics,70,bed,40.0
4,2020-04-18,28,Pediatrics,70,bed,40.0
4,2020-04-19,30,Pediatrics,70,bed,42.86
4,2020-04-20,30,Pediatrics,70,bed,42.86
4,2020-04-21,24,Pediatrics,70,bed,34.29
4,2020-04-22,25,Pediatrics,70,bed,35.71
4,2020-04-23,20,Pediatrics,70,bed,28.57
4,2020-04-24,22,Pediatrics,70,bed,31.43
4,2020-04-25,17,Pediatrics,70,bed,24.29
4,2020-04-26,15,Pediatrics,70,bed,21.43
4,2020-04-27,18,Pediatrics,70,bed,25.71
4,2020-04-28,21,Pediatrics,70,bed,30.0
4,2020-04-29,22,Pediatrics,70,bed,31.43
4,2020-04-30,22,Pediatrics,70,bed,31.43
4,2020-05-01,23,Pediatrics,70,bed,32.86
4,2020-05-02,23,Pediatrics,70,bed,32.86
4,2020-05-03,17,Pediatrics,70,bed,24.29
4,2020-05-04,15,Pediatrics,70,bed,21.43
4,2020-05-05,20,Pediatrics,70,bed,28.57
4,2020-05-06,24,Pediatrics,70,bed,34.29
4,2020-05-07,21,Pediatrics,70,bed,30.0
4,2020-05-08,26,Pediatrics,70,bed,37.14
4,2020-05-09,24,Pediatrics,70,bed,34.29
4,2020-05-10,27,Pediatrics,70,bed,38.57
4,2020-05-11,30,Pediatrics,70,bed,42.86
4,2020-05-12,32,Pediatrics,70,bed,45.71
4,2020-05-13,35,Pediatrics,70,bed,50.0
4,2020-05-14,35,Pediatrics,70,bed,50.0
4,2020-05-15,34,Pediatrics,70,bed,48.57
4,2020-05-16,30,Pediatrics,70,bed,42.86
4,2020-05-17,30,Pediatrics,70,bed,42.86
4,2020-05-18,26,Pediatrics,70,bed,37.14
4,2020-05-19,23,Pediatrics,70,bed,32.86
4,2020-05-20,26,Pediatrics,70,bed,37.14
4,2020-05-21,24,Pediatrics,70,bed,34.29
4,2020-05-22,23,Pediatrics,70,bed,32.86
4,2020-05-23,20,Pediatrics,70,bed,28.57
4,2020-05-24,20,Pediatrics,70,bed,28.57
4,2020-05-25,18,Pediatrics,70,bed,25.71
4,2020-05-26,19,Pediatrics,70,bed,27.14
4,2020-05-27,18,Pediatrics,70,bed,25.71
4,2020-05-28,18,Pediatrics,70,bed,25.71
4,2020-05-29,19,Pediatrics,70,bed,27.14
4,2020-05-30,18,Pediatrics,70,bed,25.71
4,2020-05-31,12,Pediatrics,70,bed,17.14
4,2020-06-01,12,Pediatrics,70,bed,17.14
4,2020-06-02,9,Pediatrics,70,bed,12.86
4,2020-06-03,10,Pediatrics,70,bed,14.29
4,2020-06-04,11,Pediatrics,70,bed,15.71
4,2020-06-05,12,Pediatrics,70,bed,17.14
4,2020-06-06,17,Pediatrics,70,bed,24.29
4,2020-06-07,19,Pediatrics,70,bed,27.14
4,2020-06-08,20,Pediatrics,70,bed,28.57
4,2020-06-09,22,Pediatrics,70,bed,31.43
4,2020-06-10,21,Pediatrics,70,bed,30.0
4,2020-06-11,20,Pediatrics,70,bed,28.57
4,2020-06-12,25,Pediatrics,70,bed,35.71
4,2020-06-13,26,Pediatrics,70,bed,37.14
4,2020-06-14,22,Pediatrics,70,bed,31.43
4,2020-06-15,21,Pediatrics,70,bed,30.0
4,2020-06-16,22,Pediatrics,70,bed,31.43
4,2020-06-17,24,Pediatrics,70,bed,34.29
4,2020-06-18,26,Pediatrics,70,bed,37.14
4,2020-06-19,27,Pediatrics,70,bed,38.57
4,2020-06-20,27,Pediatrics,70,bed,38.57
4,2020-06-21,29,Pediatrics,70,bed,41.43
4,2020-06-22,24,Pediatrics,70,bed,34.29
4,2020-06-23,19,Pediatrics,70,bed,27.14
4,2020-06-24,19,Pediatrics,70,bed,27.14
4,2020-06-25,19,Pediatrics,70,bed,27.14
4,2020-06-26,26,Pediatrics,70,bed,37.14
4,2020-06-27,25,Pediatrics,70,bed,35.71
4,2020-06-28,24,Pediatrics,70,bed,34.29
4,2020-06-29,22,Pediatrics,70,bed,31.43
4,2020-06-30,20,Pediatrics,70,bed,28.57
4,2020-07-01,17,Pediatrics,70,bed,24.29
4,2020-07-02,15,Pediatrics,70,bed,21.43
4,2020-07-03,18,Pediatrics,70,bed,25.71
4,2020-07-04,17,Pediatrics,70,bed,24.29
4,2020-07-05,15,Pediatrics,70,bed,21.43
4,2020-07-06,12,Pediatrics,70,bed,17.14
4,2020-07-07,16,Pediatrics,70,bed,22.86
4,2020-07-08,19,Pediatrics,70,bed,27.14
4,2020-07-09,17,Pediatrics,70,bed,24.29
4,2020-07-10,17,Pediatrics,70,bed,24.29
4,2020-07-11,17,Pediatrics,70,bed,24.29
4,2020-07-12,20,Pediatrics,70,bed,28.57
4,2020-07-13,22,Pediatrics,70,bed,31.43
4,2020-07-14,22,Pediatrics,70,bed,31.43
4,2020-07-15,26,Pediatrics,70,bed,37.14
4,2020-07-16,26,Pediatrics,70,bed,37.14
4,2020-07-17,31,Pediatrics,70,bed,44.29
4,2020-07-18,29,Pediatrics,70,bed,41.43
4,2020-07-19,25,Pediatrics,70,bed,35.71
4,2020-07-20,28,Pediatrics,70,bed,40.0
4,2020-07-21,25,Pediatrics,70,bed,35.71
4,2020-07-22,27,Pediatrics,70,bed,38.57
4,2020-07-23,25,Pediatrics,70,bed,35.71
4,2020-07-24,28,Pediatrics,70,bed,40.0
4,2020-07-25,29,Pediatrics,70,bed,41.43
4,2020-07-26,30,Pediatrics,70,bed,42.86
4,2020-07-27,30,Pediatrics,70,bed,42.86
4,2020-07-28,29,Pediatrics,70,bed,41.43
4,2020-07-29,30,Pediatrics,70,bed,42.86
4,2020-07-30,27,Pediatrics,70,bed,38.57
4,2020-07-31,20,Pediatrics,70,bed,28.57
4,2020-08-01,22,Pediatrics,70,bed,31.43
4,2020-08-02,17,Pediatrics,70,bed,24.29
4,2020-08-03,21,Pediatrics,70,bed,30.0
4,2020-08-04,24,Pediatrics,70,bed,34.29
4,2020-08-05,21,Pediatrics,70,bed,30.0
4,2020-08-06,20,Pediatrics,70,bed,28.57
4,2020-08-07,20,Pediatrics,70,bed,28.57
4,2020-08-08,14,Pediatrics,70,bed,20.0
4,2020-08-09,15,Pediatrics,70,bed,21.43
4,2020-08-10,17,Pediatrics,70,bed,24.29
4,2020-08-11,14,Pediatrics,70,bed,20.0
4,2020-08-12,14,Pediatrics,70,bed,20.0
4,2020-08-13,12,Pediatrics,70,bed,17.14
4,2020-08-14,18,Pediatrics,70,bed,25.71
4,2020-08-15,24,Pediatrics,70,bed,34.29
4,2020-08-16,24,Pediatrics,70,bed,34.29
4,2020-08-17,28,Pediatrics,70,bed,40.0
4,2020-08-18,26,Pediatrics,70,bed,37.14
4,2020-08-19,25,Pediatrics,70,bed,35.71
4,2020-08-20,26,Pediatrics,70,bed,37.14
4,2020-08-21,26,Pediatrics,70,bed,37.14
4,2020-08-22,21,Pediatrics,70,bed,30.0
4,2020-08-23,21,Pediatrics,70,bed,30.0
4,2020-08-24,21,Pediatrics,70,bed,30.0
4,2020-08-25,22,Pediatrics,70,bed,31.43
4,2020-08-26,23,Pediatrics,70,bed,32.86
4,2020-08-27,27,Pediatrics,70,bed,38.57
4,2020-08-28,23,Pediatrics,70,bed,32.86
4,2020-08-29,23,Pediatrics,70,bed,32.86
4,2020-08-30,23,Pediatrics,70,bed,32.86
4,2020-08-31,28,Pediatrics,70,bed,40.0
4,2020-09-01,32,Pediatrics,70,bed,45.71
4,2020-09-02,31,Pediatrics,70,bed,44.29
4,2020-09-03,30,Pediatrics,70,bed,42.86
4,2020-09-04,36,Pediatrics,70,bed,51.43
4,2020-09-05,36,Pediatrics,70,bed,51.43
4,2020-09-06,28,Pediatrics,70,bed,40.0
4,2020-09-07,19,Pediatrics,70,bed,27.14
4,2020-09-08,13,Pediatrics,70,bed,18.57
4,2020-09-09,14,Pediatrics,70,bed,20.0
4,2020-09-10,17,Pediatrics,70,bed,24.29
4,2020-09-11,19,Pediatrics,70,bed,27.14
4,2020-09-12,22,Pediatrics,70,bed,31.43
4,2020-09-13,23,Pediatrics,70,bed,32.86
4,2020-09-14,23,Pediatrics,70,bed,32.86
4,2020-09-15,22,Pediatrics,70,bed,31.43
4,2020-09-16,18,Pediatrics,70,bed,25.71
4,2020-09-17,18,Pediatrics,70,bed,25.71
4,2020-09-18,18,Pediatrics,70,bed,25.71
4,2020-09-19,11,Pediatrics,70,bed,15.71
4,2020-09-20,12,Pediatrics,70,bed,17.14
4,2020-09-21,17,Pediatrics,70,bed,24.29
4,2020-09-22,16,Pediatrics,70,bed,22.86
4,2020-09-23,18,Pediatrics,70,bed,25.71
4,2020-09-24,16,Pediatrics,70,bed,22.86
4,2020-09-25,16,Pediatrics,70,bed,22.86
4,2020-09-26,18,Pediatrics,70,bed,25.71
4,2020-09-27,19,Pediatrics,70,bed,27.14
4,2020-09-28,21,Pediatrics,70,bed,30.0
4,2020-09-29,21,Pediatrics,70,bed,30.0
4,2020-09-30,23,Pediatrics,70,bed,32.86
4,2020-10-01,24,Pediatrics,70,bed,34.29
4,2020-10-02,28,Pediatrics,70,bed,40.0
4,2020-10-03,23,Pediatrics,70,bed,32.86
4,2020-10-04,22,Pediatrics,70,bed,31.43
4,2020-10-05,24,Pediatrics,70,bed,34.29
4,2020-10-06,20,Pediatrics,70,bed,28.57
4,2020-10-07,23,Pediatrics,70,bed,32.86
4,2020-10-08,22,Pediatrics,70,bed,31.43
4,2020-10-09,23,Pediatrics,70,bed,32.86
4,2020-10-10,19,Pediatrics,70,bed,27.14
4,2020-10-11,20,Pediatrics,70,bed,28.57
4,2020-10-12,22,Pediatrics,70,bed,31.43
4,2020-10-13,20,Pediatrics,70,bed,28.57
4,2020-10-14,20,Pediatrics,70,bed,28.57
4,2020-10-15,22,Pediatrics,70,bed,31.43
4,2020-10-16,25,Pediatrics,70,bed,35.71
4,2020-10-17,27,Pediatrics,70,bed,38.57
4,2020-10-18,26,Pediatrics,70,bed,37.14
4,2020-10-19,25,Pediatrics,70,bed,35.71
4,2020-10-20,19,Pediatrics,70,bed,27.14
4,2020-10-21,21,Pediatrics,70,bed,30.0
4,2020-10-22,20,Pediatrics,70,bed,28.57
4,2020-10-23,20,Pediatrics,70,bed,28.57
4,2020-10-24,18,Pediatrics,70,bed,25.71
4,2020-10-25,19,Pediatrics,70,bed,27.14
4,2020-10-26,20,Pediatrics,70,bed,28.57
4,2020-10-27,17,Pediatrics,70,bed,24.29
4,2020-10-28,22,Pediatrics,70,bed,31.43
4,2020-10-29,22,Pediatrics,70,bed,31.43
4,2020-10-30,26,Pediatrics,70,bed,37.14
4,2020-10-31,26,Pediatrics,70,bed,37.14
4,2020-11-01,23,Pediatrics,70,bed,32.86
4,2020-11-02,23,Pediatrics,70,bed,32.86
4,2020-11-03,24,Pediatrics,70,bed,34.29
4,2020-11-04,21,Pediatrics,70,bed,30.0
4,2020-11-05,19,Pediatrics,70,bed,27.14
4,2020-11-06,19,Pediatrics,70,bed,27.14
4,2020-11-07,22,Pediatrics,70,bed,31.43
4,2020-11-08,20,Pediatrics,70,bed,28.57
4,2020-11-09,18,Pediatrics,70,bed,25.71
4,2020-11-10,17,Pediatrics,70,bed,24.29
4,2020-11-11,15,Pediatrics,70,bed,21.43
4,2020-11-12,11,Pediatrics,70,bed,15.71
4,2020-11-13,15,Pediatrics,70,bed,21.43
4,2020-11-14,17,Pediatrics,70,bed,24.29
4,2020-11-15,14,Pediatrics,70,bed,20.0
4,2020-11-16,19,Pediatrics,70,bed,27.14
4,2020-11-17,22,Pediatrics,70,bed,31.43
4,2020-11-18,25,Pediatrics,70,bed,35.71
4,2020-11-19,29,Pediatrics,70,bed,41.43
4,2020-11-20,25,Pediatrics,70,bed,35.71
4,2020-11-21,26,Pediatrics,70,bed,37.14
4,2020-11-22,27,Pediatrics,70,bed,38.57
4,2020-11-23,27,Pediatrics,70,bed,38.57
4,2020-11-24,28,Pediatrics,70,bed,40.0
4,2020-11-25,29,Pediatrics,70,bed,41.43
4,2020-11-26,28,Pediatrics,70,bed,40.0
4,2020-11-27,28,Pediatrics,70,bed,40.0
4,2020-11-28,27,Pediatrics,70,bed,38.57
4,2020-11-29,25,Pediatrics,70,bed,35.71
4,2020-11-30,30,Pediatrics,70,bed,42.86
4,2020-12-01,28,Pediatrics,70,bed,40.0
4,2020-12-02,27,Pediatrics,70,bed,38.57
4,2020-12-03,23,Pediatrics,70,bed,32.86
4,2020-12-04,20,Pediatrics,70,bed,28.57
4,2020-12-05,21,Pediatrics,70,bed,30.0
4,2020-12-06,24,Pediatrics,70,bed,34.29
4,2020-12-07,19,Pediatrics,70,bed,27.14
4,2020-12-08,19,Pediatrics,70,bed,27.14
4,2020-12-09,20,Pediatrics,70,bed,28.57
4,2020-12-10,24,Pediatrics,70,bed,34.29
4,2020-12-11,28,Pediatrics,70,bed,40.0
4,2020-12-12,23,Pediatrics,70,bed,32.86
4,2020-12-13,24,Pediatrics,70,bed,34.29
4,2020-12-14,20,Pediatrics,70,bed,28.57
4,2020-12-15,20,Pediatrics,70,bed,28.57
4,2020-12-16,19,Pediatrics,70,bed,27.14
4,2020-12-17,16,Pediatrics,70,bed,22.86
4,2020-12-18,15,Pediatrics,70,bed,21.43
4,2020-12-19,21,Pediatrics,70,bed,30.0
4,2020-12-20,23,Pediatrics,70,bed,32.86
4,2020-12-21,23,Pediatrics,70,bed,32.86
4,2020-12-22,26,Pediatrics,70,bed,37.14
4,2020-12-23,31,Pediatrics,70,bed,44.29
4,2020-12-24,29,Pediatrics,70,bed,41.43
4,2020-12-25,25,Pediatrics,70,bed,35.71
4,2020-12-26,23,Pediatrics,70,bed,32.86
4,2020-12-27,26,Pediatrics,70,bed,37.14
4,2020-12-28,24,Pediatrics,70,bed,34.29
4,2020-12-29,25,Pediatrics,70,bed,35.71
4,2020-12-30,31,Pediatrics,70,bed,44.29
4,2020-12-31,28,Pediatrics,70,bed,40.0
4,2021-01-01,28,Pediatrics,70,bed,40.0
4,2021-01-02,26,Pediatrics,70,bed,37.14
4,2021-01-03,24,Pediatrics,70,bed,34.29
4,2021-01-04,22,Pediatrics,70,bed,31.43
4,2021-01-05,23,Pediatrics,70,bed,32.86
4,2021-01-06,21,Pediatrics,70,bed,30.0
4,2021-01-07,22,Pediatrics,70,bed,31.43
4,2021-01-08,20,Pediatrics,70,bed,28.57
4,2021-01-09,20,Pediatrics,70,bed,28.57
4,2021-01-10,22,Pediatrics,70,bed,31.43
4,2021-01-11,21,Pediatrics,70,bed,30.0
4,2021-01-12,17,Pediatrics,70,bed,24.29
4,2021-01-13,20,Pediatrics,70,bed,28.57
4,2021-01-14,19,Pediatrics,70,bed,27.14
4,2021-01-15,25,Pediatrics,70,bed,35.71
4,2021-01-16,23,Pediatrics,70,bed,32.86
4,2021-01-17,21,Pediatrics,70,bed,30.0
4,2021-01-18,19,Pediatrics,70,bed,27.14
4,2021-01-19,21,Pediatrics,70,bed,30.0
4,2021-01-20,22,Pediatrics,70,bed,31.43
4,2021-01-21,22,Pediatrics,70,bed,31.43
4,2021-01-22,25,Pediatrics,70,bed,35.71
4,2021-01-23,25,Pediatrics,70,bed,35.71
4,2021-01-24,23,Pediatrics,70,bed,32.86
4,2021-01-25,22,Pediatrics,70,bed,31.43
4,2021-01-26,20,Pediatrics,70,bed,28.57
4,2021-01-27,18,Pediatrics,70,bed,25.71
4,2021-01-28,20,Pediatrics,70,bed,28.57
4,2021-01-29,20,Pediatrics,70,bed,28.57
4,2021-01-30,19,Pediatrics,70,bed,27.14
4,2021-01-31,18,Pediatrics,70,bed,25.71
4,2021-02-01,13,Pediatrics,70,bed,18.57
4,2021-02-02,16,Pediatrics,70,bed,22.86
4,2021-02-03,23,Pediatrics,70,bed,32.86
4,2021-02-04,22,Pediatrics,70,bed,31.43
4,2021-02-05,19,Pediatrics,70,bed,27.14
4,2021-02-06,17,Pediatrics,70,bed,24.29
4,2021-02-07,14,Pediatrics,70,bed,20.0
4,2021-02-08,17,Pediatrics,70,bed,24.29
4,2021-02-09,22,Pediatrics,70,bed,31.43
4,2021-02-10,24,Pediatrics,70,bed,34.29
4,2021-02-11,24,Pediatrics,70,bed,34.29
4,2021-02-12,23,Pediatrics,70,bed,32.86
4,2021-02-13,20,Pediatrics,70,bed,28.57
4,2021-02-14,20,Pediatrics,70,bed,28.57
4,2021-02-15,21,Pediatrics,70,bed,30.0
4,2021-02-16,22,Pediatrics,70,bed,31.43
4,2021-02-17,23,Pediatrics,70,bed,32.86
4,2021-02-18,23,Pediatrics,70,bed,32.86
4,2021-02-19,23,Pediatrics,70,bed,32.86
4,2021-02-20,22,Pediatrics,70,bed,31.43
4,2021-02-21,22,Pediatrics,70,bed,31.43
4,2021-02-22,26,Pediatrics,70,bed,37.14
4,2021-02-23,28,Pediatrics,70,bed,40.0
4,2021-02-24,28,Pediatrics,70,bed,40.0
4,2021-02-25,25,Pediatrics,70,bed,35.71
4,2021-02-26,21,Pediatrics,70,bed,30.0
4,2021-02-27,19,Pediatrics,70,bed,27.14
4,2021-02-28,20,Pediatrics,70,bed,28.57
4,2021-03-01,24,Pediatrics,70,bed,34.29
4,2021-03-02,22,Pediatrics,70,bed,31.43
4,2021-03-03,25,Pediatrics,70,bed,35.71
4,2021-03-04,29,Pediatrics,70,bed,41.43
4,2021-03-05,30,Pediatrics,70,bed,42.86
4,2021-03-06,28,Pediatrics,70,bed,40.0
4,2021-03-07,27,Pediatrics,70,bed,38.57
4,2021-03-08,25,Pediatrics,70,bed,35.71
4,2021-03-09,25,Pediatrics,70,bed,35.71
4,2021-03-10,25,Pediatrics,70,bed,35.71
4,2021-03-11,24,Pediatrics,70,bed,34.29
4,2021-03-12,24,Pediatrics,70,bed,34.29
4,2021-03-13,19,Pediatrics,70,bed,27.14
4,2021-03-14,19,Pediatrics,70,bed,27.14
4,2021-03-15,22,Pediatrics,70,bed,31.43
4,2021-03-16,24,Pediatrics,70,bed,34.29
4,2021-03-17,24,Pediatrics,70,bed,34.29
4,2021-03-18,24,Pediatrics,70,bed,34.29
4,2021-03-19,26,Pediatrics,70,bed,37.14
4,2021-03-20,22,Pediatrics,70,bed,31.43
4,2021-03-21,23,Pediatrics,70,bed,32.86
4,2021-03-22,26,Pediatrics,70,bed,37.14
4,2021-03-23,25,Pediatrics,70,bed,35.71
4,2021-03-24,27,Pediatrics,70,bed,38.57
4,2021-03-25,24,Pediatrics,70,bed,34.29
4,2021-03-26,24,Pediatrics,70,bed,34.29
4,2021-03-27,24,Pediatrics,70,bed,34.29
4,2021-03-28,23,Pediatrics,70,bed,32.86
4,2021-03-29,26,Pediatrics,70,bed,37.14
4,2021-03-30,22,Pediatrics,70,bed,31.43
4,2021-03-31,23,Pediatrics,70,bed,32.86
4,2021-04-01,17,Pediatrics,70,bed,24.29
4,2021-04-02,17,Pediatrics,70,bed,24.29
4,2021-04-03,17,Pediatrics,70,bed,24.29
4,2021-04-04,15,Pediatrics,70,bed,21.43
4,2021-04-05,18,Pediatrics,70,bed,25.71
4,2021-04-06,17,Pediatrics,70,bed,24.29
4,2021-04-07,14,Pediatrics,70,bed,20.0
4,2021-04-08,14,Pediatrics,70,bed,20.0
4,2021-04-09,15,Pediatrics,70,bed,21.43
4,2021-04-10,18,Pediatrics,70,bed,25.71
4,2021-04-11,19,Pediatrics,70,bed,27.14
4,2021-04-12,21,Pediatrics,70,bed,30.0
4,2021-04-13,24,Pediatrics,70,bed,34.29
4,2021-04-14,20,Pediatrics,70,bed,28.57
4,2021-04-15,17,Pediatrics,70,bed,24.29
4,2021-04-16,18,Pediatrics,70,bed,25.71
4,2021-04-17,24,Pediatrics,70,bed,34.29
4,2021-04-18,25,Pediatrics,70,bed,35.71
4,2021-04-19,27,Pediatrics,70,bed,38.57
4,2021-04-20,24,Pediatrics,70,bed,34.29
4,2021-04-21,21,Pediatrics,70,bed,30.0
4,2021-04-22,18,Pediatrics,70,bed,25.71
4,2021-04-23,19,Pediatrics,70,bed,27.14
4,2021-04-24,20,Pediatrics,70,bed,28.57
4,2021-04-25,21,Pediatrics,70,bed,30.0
4,2021-04-26,22,Pediatrics,70,bed,31.43
4,2021-04-27,17,Pediatrics,70,bed,24.29
4,2021-04-28,16,Pediatrics,70,bed,22.86
4,2021-04-29,19,Pediatrics,70,bed,27.14
4,2021-04-30,16,Pediatrics,70,bed,22.86
4,2021-05-01,14,Pediatrics,70,bed,20.0
4,2021-05-02,14,Pediatrics,70,bed,20.0
4,2021-05-03,17,Pediatrics,70,bed,24.29
4,2021-05-04,16,Pediatrics,70,bed,22.86
4,2021-05-05,15,Pediatrics,70,bed,21.43
4,2021-05-06,17,Pediatrics,70,bed,24.29
4,2021-05-07,17,Pediatrics,70,bed,24.29
4,2021-05-08,21,Pediatrics,70,bed,30.0
4,2021-05-09,24,Pediatrics,70,bed,34.29
4,2021-05-10,24,Pediatrics,70,bed,34.29
4,2021-05-11,23,Pediatrics,70,bed,32.86
4,2021-05-12,21,Pediatrics,70,bed,30.0
4,2021-05-13,19,Pediatrics,70,bed,27.14
4,2021-05-14,17,Pediatrics,70,bed,24.29
4,2021-05-15,23,Pediatrics,70,bed,32.86
4,2021-05-16,23,Pediatrics,70,bed,32.86
4,2021-05-17,23,Pediatrics,70,bed,32.86
4,2021-05-18,25,Pediatrics,70,bed,35.71
4,2021-05-19,18,Pediatrics,70,bed,25.71
4,2021-05-20,18,Pediatrics,70,bed,25.71
4,2021-05-21,15,Pediatrics,70,bed,21.43
4,2021-05-22,16,Pediatrics,70,bed,22.86
4,2021-05-23,17,Pediatrics,70,bed,24.29
4,2021-05-24,18,Pediatrics,70,bed,25.71
4,2021-05-25,18,Pediatrics,70,bed,25.71
4,2021-05-26,21,Pediatrics,70,bed,30.0
4,2021-05-27,22,Pediatrics,70,bed,31.43
4,2021-05-28,21,Pediatrics,70,bed,30.0
4,2021-05-29,21,Pediatrics,70,bed,30.0
4,2021-05-30,17,Pediatrics,70,bed,24.29
4,2021-05-31,20,Pediatrics,70,bed,28.57
4,2021-06-01,21,Pediatrics,70,bed,30.0
4,2021-06-02,17,Pediatrics,70,bed,24.29
4,2021-06-03,17,Pediatrics,70,bed,24.29
4,2021-06-04,17,Pediatrics,70,bed,24.29
4,2021-06-05,23,Pediatrics,70,bed,32.86
4,2021-06-06,17,Pediatrics,70,bed,24.29
4,2021-06-07,20,Pediatrics,70,bed,28.57
4,2021-06-08,21,Pediatrics,70,bed,30.0
4,2021-06-09,17,Pediatrics,70,bed,24.29
4,2021-06-10,20,Pediatrics,70,bed,28.57
4,2021-06-11,19,Pediatrics,70,bed,27.14
4,2021-06-12,15,Pediatrics,70,bed,21.43
4,2021-06-13,16,Pediatrics,70,bed,22.86
4,2021-06-14,20,Pediatrics,70,bed,28.57
4,2021-06-15,18,Pediatrics,70,bed,25.71
4,2021-06-16,18,Pediatrics,70,bed,25.71
4,2021-06-17,15,Pediatrics,70,bed,21.43
4,2021-06-18,18,Pediatrics,70,bed,25.71
4,2021-06-19,16,Pediatrics,70,bed,22.86
4,2021-06-20,22,Pediatrics,70,bed,31.43
4,2021-06-21,24,Pediatrics,70,bed,34.29
4,2021-06-22,27,Pediatrics,70,bed,38.57
4,2021-06-23,29,Pediatrics,70,bed,41.43
4,2021-06-24,29,Pediatrics,70,bed,41.43
4,2021-06-25,29,Pediatrics,70,bed,41.43
4,2021-06-26,26,Pediatrics,70,bed,37.14
4,2021-06-27,28,Pediatrics,70,bed,40.0
4,2021-06-28,24,Pediatrics,70,bed,34.29
4,2021-06-29,23,Pediatrics,70,bed,32.86
4,2021-06-30,20,Pediatrics,70,bed,28.57
4,2021-07-01,19,Pediatrics,70,bed,27.14
4,2021-07-02,21,Pediatrics,70,bed,30.0
4,2021-07-03,20,Pediatrics,70,bed,28.57
4,2021-07-04,22,Pediatrics,70,bed,31.43
4,2021-07-05,20,Pediatrics,70,bed,28.57
4,2021-07-06,22,Pediatrics,70,bed,31.43
4,2021-07-07,24,Pediatrics,70,bed,34.29
4,2021-07-08,23,Pediatrics,70,bed,32.86
4,2021-07-09,26,Pediatrics,70,bed,37.14
4,2021-07-10,28,Pediatrics,70,bed,40.0
4,2021-07-11,27,Pediatrics,70,bed,38.57
4,2021-07-12,29,Pediatrics,70,bed,41.43
4,2021-07-13,24,Pediatrics,70,bed,34.29
4,2021-07-14,26,Pediatrics,70,bed,37.14
4,2021-07-15,27,Pediatrics,70,bed,38.57
4,2021-07-16,26,Pediatrics,70,bed,37.14
4,2021-07-17,27,Pediatrics,70,bed,38.57
4,2021-07-18,24,Pediatrics,70,bed,34.29
4,2021-07-19,24,Pediatrics,70,bed,34.29
4,2021-07-20,26,Pediatrics,70,bed,37.14
4,2021-07-21,27,Pediatrics,70,bed,38.57
4,2021-07-22,28,Pediatrics,70,bed,40.0
4,2021-07-23,27,Pediatrics,70,bed,38.57
4,2021-07-24,26,Pediatrics,70,bed,37.14
4,2021-07-25,28,Pediatrics,70,bed,40.0
4,2021-07-26,27,Pediatrics,70,bed,38.57
4,2021-07-27,30,Pediatrics,70,bed,42.86
4,2021-07-28,32,Pediatrics,70,bed,45.71
4,2021-07-29,33,Pediatrics,70,bed,47.14
4,2021-07-30,29,Pediatrics,70,bed,41.43
4,2021-07-31,23,Pediatrics,70,bed,32.86
4,2021-08-01,21,Pediatrics,70,bed,30.0
4,2021-08-02,20,Pediatrics,70,bed,28.57
4,2021-08-03,25,Pediatrics,70,bed,35.71
4,2021-08-04,22,Pediatrics,70,bed,31.43
4,2021-08-05,19,Pediatrics,70,bed,27.14
4,2021-08-06,22,Pediatrics,70,bed,31.43
4,2021-08-07,22,Pediatrics,70,bed,31.43
4,2021-08-08,23,Pediatrics,70,bed,32.86
4,2021-08-09,25,Pediatrics,70,bed,35.71
4,2021-08-10,25,Pediatrics,70,bed,35.71
4,2021-08-11,28,Pediatrics,70,bed,40.0
4,2021-08-12,26,Pediatrics,70,bed,37.14
4,2021-08-13,25,Pediatrics,70,bed,35.71
4,2021-08-14,23,Pediatrics,70,bed,32.86
4,2021-08-15,29,Pediatrics,70,bed,41.43
4,2021-08-16,28,Pediatrics,70,bed,40.0
4,2021-08-17,26,Pediatrics,70,bed,37.14
4,2021-08-18,28,Pediatrics,70,bed,40.0
4,2021-08-19,29,Pediatrics,70,bed,41.43
4,2021-08-20,28,Pediatrics,70,bed,40.0
4,2021-08-21,28,Pediatrics,70,bed,40.0
4,2021-08-22,25,Pediatrics,70,bed,35.71
4,2021-08-23,26,Pediatrics,70,bed,37.14
4,2021-08-24,28,Pediatrics,70,bed,40.0
4,2021-08-25,26,Pediatrics,70,bed,37.14
4,2021-08-26,26,Pediatrics,70,bed,37.14
4,2021-08-27,21,Pediatrics,70,bed,30.0
4,2021-08-28,24,Pediatrics,70,bed,34.29
4,2021-08-29,25,Pediatrics,70,bed,35.71
4,2021-08-30,22,Pediatrics,70,bed,31.43
4,2021-08-31,21,Pediatrics,70,bed,30.0
4,2021-09-01,18,Pediatrics,70,bed,25.71
4,2021-09-02,16,Pediatrics,70,bed,22.86
4,2021-09-03,12,Pediatrics,70,bed,17.14
4,2021-09-04,13,Pediatrics,70,bed,18.57
4,2021-09-05,17,Pediatrics,70,bed,24.29
4,2021-09-06,20,Pediatrics,70,bed,28.57
4,2021-09-07,18,Pediatrics,70,bed,25.71
4,2021-09-08,23,Pediatrics,70,bed,32.86
4,2021-09-09,21,Pediatrics,70,bed,30.0
4,2021-09-10,21,Pediatrics,70,bed,30.0
4,2021-09-11,22,Pediatrics,70,bed,31.43
4,2021-09-12,19,Pediatrics,70,bed,27.14
4,2021-09-13,21,Pediatrics,70,bed,30.0
4,2021-09-14,18,Pediatrics,70,bed,25.71
4,2021-09-15,22,Pediatrics,70,bed,31.43
4,2021-09-16,21,Pediatrics,70,bed,30.0
4,2021-09-17,23,Pediatrics,70,bed,32.86
4,2021-09-18,23,Pediatrics,70,bed,32.86
4,2021-09-19,25,Pediatrics,70,bed,35.71
4,2021-09-20,29,Pediatrics,70,bed,41.43
4,2021-09-21,31,Pediatrics,70,bed,44.29
4,2021-09-22,33,Pediatrics,70,bed,47.14
4,2021-09-23,28,Pediatrics,70,bed,40.0
4,2021-09-24,27,Pediatrics,70,bed,38.57
4,2021-09-25,25,Pediatrics,70,bed,35.71
4,2021-09-26,20,Pediatrics,70,bed,28.57
4,2021-09-27,18,Pediatrics,70,bed,25.71
4,2021-09-28,17,Pediatrics,70,bed,24.29
4,2021-09-29,14,Pediatrics,70,bed,20.0
4,2021-09-30,19,Pediatrics,70,bed,27.14
4,2021-10-01,16,Pediatrics,70,bed,22.86
4,2021-10-02,20,Pediatrics,70,bed,28.57
4,2021-10-03,18,Pediatrics,70,bed,25.71
4,2021-10-04,21,Pediatrics,70,bed,30.0
4,2021-10-05,17,Pediatrics,70,bed,24.29
4,2021-10-06,19,Pediatrics,70,bed,27.14
4,2021-10-07,21,Pediatrics,70,bed,30.0
4,2021-10-08,24,Pediatrics,70,bed,34.29
4,2021-10-09,25,Pediatrics,70,bed,35.71
4,2021-10-10,26,Pediatrics,70,bed,37.14
4,2021-10-11,20,Pediatrics,70,bed,28.57
4,2021-10-12,19,Pediatrics,70,bed,27.14
4,2021-10-13,21,Pediatrics,70,bed,30.0
4,2021-10-14,21,Pediatrics,70,bed,30.0
4,2021-10-15,18,Pediatrics,70,bed,25.71
4,2021-10-16,17,Pediatrics,70,bed,24.29
4,2021-10-17,19,Pediatrics,70,bed,27.14
4,2021-10-18,18,Pediatrics,70,bed,25.71
4,2021-10-19,20,Pediatrics,70,bed,28.57
4,2021-10-20,20,Pediatrics,70,bed,28.57
4,2021-10-21,21,Pediatrics,70,bed,30.0
4,2021-10-22,23,Pediatrics,70,bed,32.86
4,2021-10-23,26,Pediatrics,70,bed,37.14
4,2021-10-24,24,Pediatrics,70,bed,34.29
4,2021-10-25,24,Pediatrics,70,bed,34.29
4,2021-10-26,20,Pediatrics,70,bed,28.57
4,2021-10-27,23,Pediatrics,70,bed,32.86
4,2021-10-28,25,Pediatrics,70,bed,35.71
4,2021-10-29,29,Pediatrics,70,bed,41.43
4,2021-10-30,27,Pediatrics,70,bed,38.57
4,2021-10-31,24,Pediatrics,70,bed,34.29
4,2021-11-01,22,Pediatrics,70,bed,31.43
4,2021-11-02,20,Pediatrics,70,bed,28.57
4,2021-11-03,13,Pediatrics,70,bed,18.57
4,2021-11-04,14,Pediatrics,70,bed,20.0
4,2021-11-05,16,Pediatrics,70,bed,22.86
4,2021-11-06,21,Pediatrics,70,bed,30.0
4,2021-11-07,22,Pediatrics,70,bed,31.43
4,2021-11-08,24,Pediatrics,70,bed,34.29
4,2021-11-09,22,Pediatrics,70,bed,31.43
4,2021-11-10,23,Pediatrics,70,bed,32.86
4,2021-11-11,22,Pediatrics,70,bed,31.43
4,2021-11-12,26,Pediatrics,70,bed,37.14
4,2021-11-13,29,Pediatrics,70,bed,41.43
4,2021-11-14,27,Pediatrics,70,bed,38.57
4,2021-11-15,31,Pediatrics,70,bed,44.29
4,2021-11-16,28,Pediatrics,70,bed,40.0
4,2021-11-17,26,Pediatrics,70,bed,37.14
4,2021-11-18,23,Pediatrics,70,bed,32.86
4,2021-11-19,23,Pediatrics,70,bed,32.86
4,2021-11-20,17,Pediatrics,70,bed,24.29
4,2021-11-21,16,Pediatrics,70,bed,22.86
4,2021-11-22,18,Pediatrics,70,bed,25.71
4,2021-11-23,22,Pediatrics,70,bed,31.43
4,2021-11-24,24,Pediatrics,70,bed,34.29
4,2021-11-25,22,Pediatrics,70,bed,31.43
4,2021-11-26,17,Pediatrics,70,bed,24.29
4,2021-11-27,19,Pediatrics,70,bed,27.14
4,2021-11-28,19,Pediatrics,70,bed,27.14
4,2021-11-29,17,Pediatrics,70,bed,24.29
4,2021-11-30,19,Pediatrics,70,bed,27.14
4,2021-12-01,19,Pediatrics,70,bed,27.14
4,2021-12-02,22,Pediatrics,70,bed,31.43
4,2021-12-03,25,Pediatrics,70,bed,35.71
4,2021-12-04,25,Pediatrics,70,bed,35.71
4,2021-12-05,27,Pediatrics,70,bed,38.57
4,2021-12-06,28,Pediatrics,70,bed,40.0
4,2021-12-07,28,Pediatrics,70,bed,40.0
4,2021-12-08,30,Pediatrics,70,bed,42.86
4,2021-12-09,27,Pediatrics,70,bed,38.57
4,2021-12-10,25,Pediatrics,70,bed,35.71
4,2021-12-11,20,Pediatrics,70,bed,28.57
4,2021-12-12,19,Pediatrics,70,bed,27.14
4,2021-12-13,17,Pediatrics,70,bed,24.29
4,2021-12-14,19,Pediatrics,70,bed,27.14
4,2021-12-15,18,Pediatrics,70,bed,25.71
4,2021-12-16,19,Pediatrics,70,bed,27.14
4,2021-12-17,24,Pediatrics,70,bed,34.29
4,2021-12-18,25,Pediatrics,70,bed,35.71
4,2021-12-19,22,Pediatrics,70,bed,31.43
4,2021-12-20,19,Pediatrics,70,bed,27.14
4,2021-12-21,20,Pediatrics,70,bed,28.57
4,2021-12-22,21,Pediatrics,70,bed,30.0
4,2021-12-23,21,Pediatrics,70,bed,30.0
4,2021-12-24,19,Pediatrics,70,bed,27.14
4,2021-12-25,21,Pediatrics,70,bed,30.0
4,2021-12-26,24,Pediatrics,70,bed,34.29
4,2021-12-27,20,Pediatrics,70,bed,28.57
4,2021-12-28,19,Pediatrics,70,bed,27.14
4,2021-12-29,19,Pediatrics,70,bed,27.14
4,2021-12-30,17,Pediatrics,70,bed,24.29
4,2021-12-31,14,Pediatrics,70,bed,20.0
4,2022-01-01,16,Pediatrics,70,bed,22.86
4,2022-01-02,15,Pediatrics,70,bed,21.43
4,2022-01-03,17,Pediatrics,70,bed,24.29
4,2022-01-04,17,Pediatrics,70,bed,24.29
4,2022-01-05,21,Pediatrics,70,bed,30.0
4,2022-01-06,23,Pediatrics,70,bed,32.86
4,2022-01-07,26,Pediatrics,70,bed,37.14
4,2022-01-08,34,Pediatrics,70,bed,48.57
4,2022-01-09,33,Pediatrics,70,bed,47.14
4,2022-01-10,28,Pediatrics,70,bed,40.0
4,2022-01-11,28,Pediatrics,70,bed,40.0
4,2022-01-12,24,Pediatrics,70,bed,34.29
4,2022-01-13,19,Pediatrics,70,bed,27.14
4,2022-01-14,20,Pediatrics,70,bed,28.57
4,2022-01-15,16,Pediatrics,70,bed,22.86
4,2022-01-16,14,Pediatrics,70,bed,20.0
4,2022-01-17,13,Pediatrics,70,bed,18.57
4,2022-01-18,14,Pediatrics,70,bed,20.0
4,2022-01-19,17,Pediatrics,70,bed,24.29
4,2022-01-20,17,Pediatrics,70,bed,24.29
4,2022-01-21,17,Pediatrics,70,bed,24.29
4,2022-01-22,15,Pediatrics,70,bed,21.43
4,2022-01-23,17,Pediatrics,70,bed,24.29
4,2022-01-24,19,Pediatrics,70,bed,27.14
4,2022-01-25,19,Pediatrics,70,bed,27.14
4,2022-01-26,19,Pediatrics,70,bed,27.14
4,2022-01-27,22,Pediatrics,70,bed,31.43
4,2022-01-28,24,Pediatrics,70,bed,34.29
4,2022-01-29,25,Pediatrics,70,bed,35.71
4,2022-01-30,22,Pediatrics,70,bed,31.43
4,2022-01-31,20,Pediatrics,70,bed,28.57
4,2022-02-01,23,Pediatrics,70,bed,32.86
4,2022-02-02,19,Pediatrics,70,bed,27.14
4,2022-02-03,19,Pediatrics,70,bed,27.14
4,2022-02-04,24,Pediatrics,70,bed,34.29
4,2022-02-05,24,Pediatrics,70,bed,34.29
4,2022-02-06,23,Pediatrics,70,bed,32.86
4,2022-02-07,22,Pediatrics,70,bed,31.43
4,2022-02-08,21,Pediatrics,70,bed,30.0
4,2022-02-09,21,Pediatrics,70,bed,30.0
4,2022-02-10,18,Pediatrics,70,bed,25.71
4,2022-02-11,17,Pediatrics,70,bed,24.29
4,2022-02-12,18,Pediatrics,70,bed,25.71
4,2022-02-13,18,Pediatrics,70,bed,25.71
4,2022-02-14,18,Pediatrics,70,bed,25.71
4,2022-02-15,20,Pediatrics,70,bed,28.57
4,2022-02-16,24,Pediatrics,70,bed,34.29
4,2022-02-17,22,Pediatrics,70,bed,31.43
4,2022-02-18,21,Pediatrics,70,bed,30.0
4,2022-02-19,20,Pediatrics,70,bed,28.57
4,2022-02-20,17,Pediatrics,70,bed,24.29
4,2022-02-21,18,Pediatrics,70,bed,25.71
4,2022-02-22,20,Pediatrics,70,bed,28.57
4,2022-02-23,19,Pediatrics,70,bed,27.14
4,2022-02-24,16,Pediatrics,70,bed,22.86
4,2022-02-25,17,Pediatrics,70,bed,24.29
4,2022-02-26,21,Pediatrics,70,bed,30.0
4,2022-02-27,25,Pediatrics,70,bed,35.71
4,2022-02-28,25,Pediatrics,70,bed,35.71
4,2022-03-01,28,Pediatrics,70,bed,40.0
4,2022-03-02,31,Pediatrics,70,bed,44.29
4,2022-03-03,28,Pediatrics,70,bed,40.0
4,2022-03-04,26,Pediatrics,70,bed,37.14
4,2022-03-05,28,Pediatrics,70,bed,40.0
4,2022-03-06,30,Pediatrics,70,bed,42.86
4,2022-03-07,29,Pediatrics,70,bed,41.43
4,2022-03-08,29,Pediatrics,70,bed,41.43
4,2022-03-09,28,Pediatrics,70,bed,40.0
4,2022-03-10,28,Pediatrics,70,bed,40.0
4,2022-03-11,25,Pediatrics,70,bed,35.71
4,2022-03-12,21,Pediatrics,70,bed,30.0
4,2022-03-13,19,Pediatrics,70,bed,27.14
4,2022-03-14,20,Pediatrics,70,bed,28.57
4,2022-03-15,20,Pediatrics,70,bed,28.57
4,2022-03-16,18,Pediatrics,70,bed,25.71
4,2022-03-17,19,Pediatrics,70,bed,27.14
4,2022-03-18,24,Pediatrics,70,bed,34.29
4,2022-03-19,28,Pediatrics,70,bed,40.0
4,2022-03-20,28,Pediatrics,70,bed,40.0
4,2022-03-21,29,Pediatrics,70,bed,41.43
4,2022-03-22,27,Pediatrics,70,bed,38.57
4,2022-03-23,24,Pediatrics,70,bed,34.29
4,2022-03-24,26,Pediatrics,70,bed,37.14
4,2022-03-25,29,Pediatrics,70,bed,41.43
4,2022-03-26,29,Pediatrics,70,bed,41.43
4,2022-03-27,32,Pediatrics,70,bed,45.71
4,2022-03-28,28,Pediatrics,70,bed,40.0
4,2022-03-29,17,Pediatrics,70,bed,24.29
4,2022-03-30,19,Pediatrics,70,bed,27.14
4,2022-03-31,20,Pediatrics,70,bed,28.57
4,2022-04-01,21,Pediatrics,70,bed,30.0
4,2022-04-02,18,Pediatrics,70,bed,25.71
4,2022-04-03,19,Pediatrics,70,bed,27.14
4,2022-04-04,21,Pediatrics,70,bed,30.0
4,2022-04-05,21,Pediatrics,70,bed,30.0
4,2022-04-06,21,Pediatrics,70,bed,30.0
4,2022-04-07,22,Pediatrics,70,bed,31.43
4,2022-04-08,19,Pediatrics,70,bed,27.14
4,2022-04-09,18,Pediatrics,70,bed,25.71
4,2022-04-10,23,Pediatrics,70,bed,32.86
4,2022-04-11,24,Pediatrics,70,bed,34.29
4,2022-04-12,21,Pediatrics,70,bed,30.0
4,2022-04-13,22,Pediatrics,70,bed,31.43
4,2022-04-14,23,Pediatrics,70,bed,32.86
4,2022-04-15,22,Pediatrics,70,bed,31.43
4,2022-04-16,21,Pediatrics,70,bed,30.0
4,2022-04-17,24,Pediatrics,70,bed,34.29
4,2022-04-18,23,Pediatrics,70,bed,32.86
4,2022-04-19,22,Pediatrics,70,bed,31.43
4,2022-04-20,22,Pediatrics,70,bed,31.43
4,2022-04-21,22,Pediatrics,70,bed,31.43
4,2022-04-22,20,Pediatrics,70,bed,28.57
4,2022-04-23,21,Pediatrics,70,bed,30.0
4,2022-04-24,19,Pediatrics,70,bed,27.14
4,2022-04-25,22,Pediatrics,70,bed,31.43
4,2022-04-26,19,Pediatrics,70,bed,27.14
4,2022-04-27,17,Pediatrics,70,bed,24.29
4,2022-04-28,23,Pediatrics,70,bed,32.86
4,2022-04-29,22,Pediatrics,70,bed,31.43
4,2022-04-30,18,Pediatrics,70,bed,25.71
4,2022-05-01,18,Pediatrics,70,bed,25.71
4,2022-05-02,17,Pediatrics,70,bed,24.29
4,2022-05-03,17,Pediatrics,70,bed,24.29
4,2022-05-04,18,Pediatrics,70,bed,25.71
4,2022-05-05,22,Pediatrics,70,bed,31.43
4,2022-05-06,20,Pediatrics,70,bed,28.57
4,2022-05-07,23,Pediatrics,70,bed,32.86
4,2022-05-08,25,Pediatrics,70,bed,35.71
4,2022-05-09,24,Pediatrics,70,bed,34.29
4,2022-05-10,25,Pediatrics,70,bed,35.71
4,2022-05-11,21,Pediatrics,70,bed,30.0
4,2022-05-12,18,Pediatrics,70,bed,25.71
4,2022-05-13,19,Pediatrics,70,bed,27.14
4,2022-05-14,18,Pediatrics,70,bed,25.71
4,2022-05-15,24,Pediatrics,70,bed,34.29
4,2022-05-16,26,Pediatrics,70,bed,37.14
4,2022-05-17,24,Pediatrics,70,bed,34.29
4,2022-05-18,25,Pediatrics,70,bed,35.71
4,2022-05-19,20,Pediatrics,70,bed,28.57
4,2022-05-20,20,Pediatrics,70,bed,28.57
4,2022-05-21,17,Pediatrics,70,bed,24.29
4,2022-05-22,14,Pediatrics,70,bed,20.0
4,2022-05-23,15,Pediatrics,70,bed,21.43
4,2022-05-24,16,Pediatrics,70,bed,22.86
4,2022-05-25,17,Pediatrics,70,bed,24.29
4,2022-05-26,16,Pediatrics,70,bed,22.86
4,2022-05-27,21,Pediatrics,70,bed,30.0
4,2022-05-28,24,Pediatrics,70,bed,34.29
4,2022-05-29,26,Pediatrics,70,bed,37.14
4,2022-05-30,29,Pediatrics,70,bed,41.43
4,2022-05-31,24,Pediatrics,70,bed,34.29
4,2022-06-01,22,Pediatrics,70,bed,31.43
4,2022-06-02,15,Pediatrics,70,bed,21.43
4,2022-06-03,13,Pediatrics,70,bed,18.57
4,2022-06-04,12,Pediatrics,70,bed,17.14
4,2022-06-05,12,Pediatrics,70,bed,17.14
4,2022-06-06,13,Pediatrics,70,bed,18.57
4,2022-06-07,17,Pediatrics,70,bed,24.29
4,2022-06-08,20,Pediatrics,70,bed,28.57
4,2022-06-09,23,Pediatrics,70,bed,32.86
4,2022-06-10,26,Pediatrics,70,bed,37.14
4,2022-06-11,24,Pediatrics,70,bed,34.29
4,2022-06-12,24,Pediatrics,70,bed,34.29
4,2022-06-13,21,Pediatrics,70,bed,30.0
4,2022-06-14,17,Pediatrics,70,bed,24.29
4,2022-06-15,26,Pediatrics,70,bed,37.14
4,2022-06-16,24,Pediatrics,70,bed,34.29
4,2022-06-17,21,Pediatrics,70,bed,30.0
4,2022-06-18,19,Pediatrics,70,bed,27.14
4,2022-06-19,21,Pediatrics,70,bed,30.0
4,2022-06-20,21,Pediatrics,70,bed,30.0
4,2022-06-21,22,Pediatrics,70,bed,31.43
4,2022-06-22,21,Pediatrics,70,bed,30.0
4,2022-06-23,24,Pediatrics,70,bed,34.29
4,2022-06-24,24,Pediatrics,70,bed,34.29
4,2022-06-25,22,Pediatrics,70,bed,31.43
4,2022-06-26,21,Pediatrics,70,bed,30.0
4,2022-06-27,18,Pediatrics,70,bed,25.71
4,2022-06-28,17,Pediatrics,70,bed,24.29
4,2022-06-29,20,Pediatrics,70,bed,28.57
4,2022-06-30,17,Pediatrics,70,bed,24.29
4,2022-07-01,15,Pediatrics,70,bed,21.43
4,2022-07-02,17,Pediatrics,70,bed,24.29
4,2022-07-03,20,Pediatrics,70,bed,28.57
4,2022-07-04,18,Pediatrics,70,bed,25.71
4,2022-07-05,17,Pediatrics,70,bed,24.29
4,2022-07-06,18,Pediatrics,70,bed,25.71
4,2022-07-07,19,Pediatrics,70,bed,27.14
4,2022-07-08,15,Pediatrics,70,bed,21.43
4,2022-07-09,18,Pediatrics,70,bed,25.71
4,2022-07-10,17,Pediatrics,70,bed,24.29
4,2022-07-11,14,Pediatrics,70,bed,20.0
4,2022-07-12,12,Pediatrics,70,bed,17.14
4,2022-07-13,14,Pediatrics,70,bed,20.0
4,2022-07-14,16,Pediatrics,70,bed,22.86
4,2022-07-15,19,Pediatrics,70,bed,27.14
4,2022-07-16,21,Pediatrics,70,bed,30.0
4,2022-07-17,25,Pediatrics,70,bed,35.71
4,2022-07-18,24,Pediatrics,70,bed,34.29
4,2022-07-19,22,Pediatrics,70,bed,31.43
4,2022-07-20,30,Pediatrics,70,bed,42.86
4,2022-07-21,27,Pediatrics,70,bed,38.57
4,2022-07-22,30,Pediatrics,70,bed,42.86
4,2022-07-23,32,Pediatrics,70,bed,45.71
4,2022-07-24,29,Pediatrics,70,bed,41.43
4,2022-07-25,29,Pediatrics,70,bed,41.43
4,2022-07-26,31,Pediatrics,70,bed,44.29
4,2022-07-27,33,Pediatrics,70,bed,47.14
4,2022-07-28,28,Pediatrics,70,bed,40.0
4,2022-07-29,27,Pediatrics,70,bed,38.57
4,2022-07-30,22,Pediatrics,70,bed,31.43
4,2022-07-31,22,Pediatrics,70,bed,31.43
4,2022-08-01,23,Pediatrics,70,bed,32.86
4,2022-08-02,23,Pediatrics,70,bed,32.86
4,2022-08-03,22,Pediatrics,70,bed,31.43
4,2022-08-04,20,Pediatrics,70,bed,28.57
4,2022-08-05,24,Pediatrics,70,bed,34.29
4,2022-08-06,23,Pediatrics,70,bed,32.86
4,2022-08-07,21,Pediatrics,70,bed,30.0
4,2022-08-08,23,Pediatrics,70,bed,32.86
4,2022-08-09,22,Pediatrics,70,bed,31.43
4,2022-08-10,21,Pediatrics,70,bed,30.0
4,2022-08-11,18,Pediatrics,70,bed,25.71
4,2022-08-12,17,Pediatrics,70,bed,24.29
4,2022-08-13,15,Pediatrics,70,bed,21.43
4,2022-08-14,11,Pediatrics,70,bed,15.71
4,2022-08-15,15,Pediatrics,70,bed,21.43
4,2022-08-16,20,Pediatrics,70,bed,28.57
4,2022-08-17,20,Pediatrics,70,bed,28.57
4,2022-08-18,19,Pediatrics,70,bed,27.14
4,2022-08-19,18,Pediatrics,70,bed,25.71
4,2022-08-20,17,Pediatrics,70,bed,24.29
4,2022-08-21,15,Pediatrics,70,bed,21.43
4,2022-08-22,18,Pediatrics,70,bed,25.71
4,2022-08-23,24,Pediatrics,70,bed,34.29
4,2022-08-24,25,Pediatrics,70,bed,35.71
4,2022-08-25,22,Pediatrics,70,bed,31.43
4,2022-08-26,21,Pediatrics,70,bed,30.0
4,2022-08-27,22,Pediatrics,70,bed,31.43
4,2022-08-28,24,Pediatrics,70,bed,34.29
4,2022-08-29,23,Pediatrics,70,bed,32.86
4,2022-08-30,26,Pediatrics,70,bed,37.14
4,2022-08-31,25,Pediatrics,70,bed,35.71
4,2022-09-01,25,Pediatrics,70,bed,35.71
4,2022-09-02,26,Pediatrics,70,bed,37.14
4,2022-09-03,24,Pediatrics,70,bed,34.29
4,2022-09-04,27,Pediatrics,70,bed,38.57
4,2022-09-05,27,Pediatrics,70,bed,38.57
4,2022-09-06,31,Pediatrics,70,bed,44.29
4,2022-09-07,34,Pediatrics,70,bed,48.57
4,2022-09-08,30,Pediatrics,70,bed,42.86
4,2022-09-09,28,Pediatrics,70,bed,40.0
4,2022-09-10,21,Pediatrics,70,bed,30.0
4,2022-09-11,20,Pediatrics,70,bed,28.57
4,2022-09-12,18,Pediatrics,70,bed,25.71
4,2022-09-13,26,Pediatrics,70,bed,37.14
4,2022-09-14,27,Pediatrics,70,bed,38.57
4,2022-09-15,24,Pediatrics,70,bed,34.29
4,2022-09-16,26,Pediatrics,70,bed,37.14
4,2022-09-17,22,Pediatrics,70,bed,31.43
4,2022-09-18,20,Pediatrics,70,bed,28.57
4,2022-09-19,19,Pediatrics,70,bed,27.14
4,2022-09-20,18,Pediatrics,70,bed,25.71
4,2022-09-21,21,Pediatrics,70,bed,30.0
4,2022-09-22,20,Pediatrics,70,bed,28.57
4,2022-09-23,19,Pediatrics,70,bed,27.14
4,2022-09-24,18,Pediatrics,70,bed,25.71
4,2022-09-25,19,Pediatrics,70,bed,27.14
4,2022-09-26,20,Pediatrics,70,bed,28.57
4,2022-09-27,18,Pediatrics,70,bed,25.71
4,2022-09-28,16,Pediatrics,70,bed,22.86
4,2022-09-29,14,Pediatrics,70,bed,20.0
4,2022-09-30,13,Pediatrics,70,bed,18.57
4,2022-10-01,13,Pediatrics,70,bed,18.57
4,2022-10-02,12,Pediatrics,70,bed,17.14
4,2022-10-03,16,Pediatrics,70,bed,22.86
4,2022-10-04,15,Pediatrics,70,bed,21.43
4,2022-10-05,23,Pediatrics,70,bed,32.86
4,2022-10-06,23,Pediatrics,70,bed,32.86
4,2022-10-07,24,Pediatrics,70,bed,34.29
4,2022-10-08,24,Pediatrics,70,bed,34.29
4,2022-10-09,24,Pediatrics,70,bed,34.29
4,2022-10-10,23,Pediatrics,70,bed,32.86
4,2022-10-11,22,Pediatrics,70,bed,31.43
4,2022-10-12,22,Pediatrics,70,bed,31.43
4,2022-10-13,28,Pediatrics,70,bed,40.0
4,2022-10-14,30,Pediatrics,70,bed,42.86
4,2022-10-15,25,Pediatrics,70,bed,35.71
4,2022-10-16,29,Pediatrics,70,bed,41.43
4,2022-10-17,27,Pediatrics,70,bed,38.57
4,2022-10-18,23,Pediatrics,70,bed,32.86
4,2022-10-19,24,Pediatrics,70,bed,34.29
4,2022-10-20,22,Pediatrics,70,bed,31.43
4,2022-10-21,17,Pediatrics,70,bed,24.29
4,2022-10-22,16,Pediatrics,70,bed,22.86
4,2022-10-23,15,Pediatrics,70,bed,21.43
4,2022-10-24,21,Pediatrics,70,bed,30.0
4,2022-10-25,20,Pediatrics,70,bed,28.57
4,2022-10-26,23,Pediatrics,70,bed,32.86
4,2022-10-27,21,Pediatrics,70,bed,30.0
4,2022-10-28,18,Pediatrics,70,bed,25.71
4,2022-10-29,21,Pediatrics,70,bed,30.0
4,2022-10-30,19,Pediatrics,70,bed,27.14
4,2022-10-31,22,Pediatrics,70,bed,31.43
4,2022-11-01,28,Pediatrics,70,bed,40.0
4,2022-11-02,27,Pediatrics,70,bed,38.57
4,2022-11-03,25,Pediatrics,70,bed,35.71
4,2022-11-04,20,Pediatrics,70,bed,28.57
4,2022-11-05,20,Pediatrics,70,bed,28.57
4,2022-11-06,17,Pediatrics,70,bed,24.29
4,2022-11-07,20,Pediatrics,70,bed,28.57
4,2022-11-08,24,Pediatrics,70,bed,34.29
4,2022-11-09,27,Pediatrics,70,bed,38.57
4,2022-11-10,22,Pediatrics,70,bed,31.43
4,2022-11-11,23,Pediatrics,70,bed,32.86
4,2022-11-12,28,Pediatrics,70,bed,40.0
4,2022-11-13,31,Pediatrics,70,bed,44.29
4,2022-11-14,23,Pediatrics,70,bed,32.86
4,2022-11-15,24,Pediatrics,70,bed,34.29
4,2022-11-16,26,Pediatrics,70,bed,37.14
4,2022-11-17,27,Pediatrics,70,bed,38.57
4,2022-11-18,28,Pediatrics,70,bed,40.0
4,2022-11-19,28,Pediatrics,70,bed,40.0
4,2022-11-20,27,Pediatrics,70,bed,38.57
4,2022-11-21,24,Pediatrics,70,bed,34.29
4,2022-11-22,23,Pediatrics,70,bed,32.86
4,2022-11-23,24,Pediatrics,70,bed,34.29
4,2022-11-24,17,Pediatrics,70,bed,24.29
4,2022-11-25,16,Pediatrics,70,bed,22.86
4,2022-11-26,15,Pediatrics,70,bed,21.43
4,2022-11-27,14,Pediatrics,70,bed,20.0
4,2022-11-28,18,Pediatrics,70,bed,25.71
4,2022-11-29,16,Pediatrics,70,bed,22.86
4,2022-11-30,16,Pediatrics,70,bed,22.86
4,2022-12-01,20,Pediatrics,70,bed,28.57
4,2022-12-02,20,Pediatrics,70,bed,28.57
4,2022-12-03,22,Pediatrics,70,bed,31.43
4,2022-12-04,18,Pediatrics,70,bed,25.71
4,2022-12-05,17,Pediatrics,70,bed,24.29
4,2022-12-06,19,Pediatrics,70,bed,27.14
4,2022-12-07,18,Pediatrics,70,bed,25.71
4,2022-12-08,22,Pediatrics,70,bed,31.43
4,2022-12-09,22,Pediatrics,70,bed,31.43
4,2022-12-10,27,Pediatrics,70,bed,38.57
4,2022-12-11,28,Pediatrics,70,bed,40.0
4,2022-12-12,28,Pediatrics,70,bed,40.0
4,2022-12-13,24,Pediatrics,70,bed,34.29
4,2022-12-14,20,Pediatrics,70,bed,28.57
4,2022-12-15,15,Pediatrics,70,bed,21.43
4,2022-12-16,14,Pediatrics,70,bed,20.0
4,2022-12-17,15,Pediatrics,70,bed,21.43
4,2022-12-18,15,Pediatrics,70,bed,21.43
4,2022-12-19,14,Pediatrics,70,bed,20.0
4,2022-12-20,16,Pediatrics,70,bed,22.86
4,2022-12-21,18,Pediatrics,70,bed,25.71
4,2022-12-22,20,Pediatrics,70,bed,28.57
4,2022-12-23,19,Pediatrics,70,bed,27.14
4,2022-12-24,19,Pediatrics,70,bed,27.14
4,2022-12-25,15,Pediatrics,70,bed,21.43
4,2022-12-26,17,Pediatrics,70,bed,24.29
4,2022-12-27,18,Pediatrics,70,bed,25.71
4,2022-12-28,21,Pediatrics,70,bed,30.0
4,2022-12-29,19,Pediatrics,70,bed,27.14
4,2022-12-30,22,Pediatrics,70,bed,31.43
4,2022-12-31,17,Pediatrics,70,bed,24.29
4,2023-01-01,19,Pediatrics,70,bed,27.14
4,2023-01-02,14,Pediatrics,70,bed,20.0
4,2023-01-03,14,Pediatrics,70,bed,20.0
4,2023-01-04,14,Pediatrics,70,bed,20.0
4,2023-01-05,16,Pediatrics,70,bed,22.86
4,2023-01-06,16,Pediatrics,70,bed,22.86
4,2023-01-07,19,Pediatrics,70,bed,27.14
4,2023-01-08,19,Pediatrics,70,bed,27.14
4,2023-01-09,17,Pediatrics,70,bed,24.29
4,2023-01-10,20,Pediatrics,70,bed,28.57
4,2023-01-11,20,Pediatrics,70,bed,28.57
4,2023-01-12,25,Pediatrics,70,bed,35.71
4,2023-01-13,25,Pediatrics,70,bed,35.71
4,2023-01-14,25,Pediatrics,70,bed,35.71
4,2023-01-15,23,Pediatrics,70,bed,32.86
4,2023-01-16,22,Pediatrics,70,bed,31.43
4,2023-01-17,26,Pediatrics,70,bed,37.14
4,2023-01-18,29,Pediatrics,70,bed,41.43
4,2023-01-19,26,Pediatrics,70,bed,37.14
4,2023-01-20,24,Pediatrics,70,bed,34.29
4,2023-01-21,24,Pediatrics,70,bed,34.29
4,2023-01-22,23,Pediatrics,70,bed,32.86
4,2023-01-23,22,Pediatrics,70,bed,31.43
4,2023-01-24,17,Pediatrics,70,bed,24.29
4,2023-01-25,19,Pediatrics,70,bed,27.14
4,2023-01-26,16,Pediatrics,70,bed,22.86
4,2023-01-27,14,Pediatrics,70,bed,20.0
4,2023-01-28,17,Pediatrics,70,bed,24.29
4,2023-01-29,18,Pediatrics,70,bed,25.71
4,2023-01-30,18,Pediatrics,70,bed,25.71
4,2023-01-31,21,Pediatrics,70,bed,30.0
4,2023-02-01,18,Pediatrics,70,bed,25.71
4,2023-02-02,21,Pediatrics,70,bed,30.0
4,2023-02-03,23,Pediatrics,70,bed,32.86
4,2023-02-04,23,Pediatrics,70,bed,32.86
4,2023-02-05,22,Pediatrics,70,bed,31.43
4,2023-02-06,25,Pediatrics,70,bed,35.71
4,2023-02-07,24,Pediatrics,70,bed,34.29
4,2023-02-08,20,Pediatrics,70,bed,28.57
4,2023-02-09,22,Pediatrics,70,bed,31.43
4,2023-02-10,22,Pediatrics,70,bed,31.43
4,2023-02-11,22,Pediatrics,70,bed,31.43
4,2023-02-12,23,Pediatrics,70,bed,32.86
4,2023-02-13,26,Pediatrics,70,bed,37.14
4,2023-02-14,31,Pediatrics,70,bed,44.29
4,2023-02-15,24,Pediatrics,70,bed,34.29
4,2023-02-16,27,Pediatrics,70,bed,38.57
4,2023-02-17,33,Pediatrics,70,bed,47.14
4,2023-02-18,32,Pediatrics,70,bed,45.71
4,2023-02-19,29,Pediatrics,70,bed,41.43
4,2023-02-20,29,Pediatrics,70,bed,41.43
4,2023-02-21,26,Pediatrics,70,bed,37.14
4,2023-02-22,20,Pediatrics,70,bed,28.57
4,2023-02-23,22,Pediatrics,70,bed,31.43
4,2023-02-24,24,Pediatrics,70,bed,34.29
4,2023-02-25,22,Pediatrics,70,bed,31.43
4,2023-02-26,26,Pediatrics,70,bed,37.14
4,2023-02-27,19,Pediatrics,70,bed,27.14
4,2023-02-28,19,Pediatrics,70,bed,27.14
4,2023-03-01,20,Pediatrics,70,bed,28.57
4,2023-03-02,21,Pediatrics,70,bed,30.0
4,2023-03-03,20,Pediatrics,70,bed,28.57
4,2023-03-04,20,Pediatrics,70,bed,28.57
4,2023-03-05,22,Pediatrics,70,bed,31.43
4,2023-03-06,23,Pediatrics,70,bed,32.86
4,2023-03-07,27,Pediatrics,70,bed,38.57
4,2023-03-08,30,Pediatrics,70,bed,42.86
4,2023-03-09,32,Pediatrics,70,bed,45.71
4,2023-03-10,28,Pediatrics,70,bed,40.0
4,2023-03-11,30,Pediatrics,70,bed,42.86
4,2023-03-12,28,Pediatrics,70,bed,40.0
4,2023-03-13,31,Pediatrics,70,bed,44.29
4,2023-03-14,26,Pediatrics,70,bed,37.14
4,2023-03-15,26,Pediatrics,70,bed,37.14
4,2023-03-16,24,Pediatrics,70,bed,34.29
4,2023-03-17,23,Pediatrics,70,bed,32.86
4,2023-03-18,24,Pediatrics,70,bed,34.29
4,2023-03-19,19,Pediatrics,70,bed,27.14
4,2023-03-20,24,Pediatrics,70,bed,34.29
4,2023-03-21,22,Pediatrics,70,bed,31.43
4,2023-03-22,22,Pediatrics,70,bed,31.43
4,2023-03-23,24,Pediatrics,70,bed,34.29
4,2023-03-24,29,Pediatrics,70,bed,41.43
4,2023-03-25,26,Pediatrics,70,bed,37.14
4,2023-03-26,19,Pediatrics,70,bed,27.14
4,2023-03-27,22,Pediatrics,70,bed,31.43
4,2023-03-28,16,Pediatrics,70,bed,22.86
4,2023-03-29,16,Pediatrics,70,bed,22.86
4,2023-03-30,19,Pediatrics,70,bed,27.14
4,2023-03-31,25,Pediatrics,70,bed,35.71
4,2023-04-01,27,Pediatrics,70,bed,38.57
4,2023-04-02,22,Pediatrics,70,bed,31.43
4,2023-04-03,22,Pediatrics,70,bed,31.43
4,2023-04-04,22,Pediatrics,70,bed,31.43
4,2023-04-05,18,Pediatrics,70,bed,25.71
4,2023-04-06,22,Pediatrics,70,bed,31.43
4,2023-04-07,21,Pediatrics,70,bed,30.0
4,2023-04-08,24,Pediatrics,70,bed,34.29
4,2023-04-09,29,Pediatrics,70,bed,41.43
4,2023-04-10,25,Pediatrics,70,bed,35.71
4,2023-04-11,24,Pediatrics,70,bed,34.29
4,2023-04-12,26,Pediatrics,70,bed,37.14
4,2023-04-13,27,Pediatrics,70,bed,38.57
4,2023-04-14,20,Pediatrics,70,bed,28.57
4,2023-04-15,23,Pediatrics,70,bed,32.86
4,2023-04-16,20,Pediatrics,70,bed,28.57
4,2023-04-17,23,Pediatrics,70,bed,32.86
4,2023-04-18,27,Pediatrics,70,bed,38.57
4,2023-04-19,24,Pediatrics,70,bed,34.29
4,2023-04-20,26,Pediatrics,70,bed,37.14
4,2023-04-21,26,Pediatrics,70,bed,37.14
4,2023-04-22,23,Pediatrics,70,bed,32.86
4,2023-04-23,21,Pediatrics,70,bed,30.0
4,2023-04-24,20,Pediatrics,70,bed,28.57
4,2023-04-25,20,Pediatrics,70,bed,28.57
4,2023-04-26,22,Pediatrics,70,bed,31.43
4,2023-04-27,23,Pediatrics,70,bed,32.86
4,2023-04-28,19,Pediatrics,70,bed,27.14
4,2023-04-29,19,Pediatrics,70,bed,27.14
4,2023-04-30,21,Pediatrics,70,bed,30.0
4,2023-05-01,25,Pediatrics,70,bed,35.71
4,2023-05-02,25,Pediatrics,70,bed,35.71
4,2023-05-03,23,Pediatrics,70,bed,32.86
4,2023-05-04,24,Pediatrics,70,bed,34.29
4,2023-05-05,24,Pediatrics,70,bed,34.29
4,2023-05-06,20,Pediatrics,70,bed,28.57
4,2023-05-07,25,Pediatrics,70,bed,35.71
4,2023-05-08,28,Pediatrics,70,bed,40.0
4,2023-05-09,24,Pediatrics,70,bed,34.29
4,2023-05-10,23,Pediatrics,70,bed,32.86
4,2023-05-11,17,Pediatrics,70,bed,24.29
4,2023-05-12,20,Pediatrics,70,bed,28.57
4,2023-05-13,20,Pediatrics,70,bed,28.57
4,2023-05-14,20,Pediatrics,70,bed,28.57
4,2023-05-15,25,Pediatrics,70,bed,35.71
4,2023-05-16,23,Pediatrics,70,bed,32.86
4,2023-05-17,23,Pediatrics,70,bed,32.86
4,2023-05-18,23,Pediatrics,70,bed,32.86
4,2023-05-19,21,Pediatrics,70,bed,30.0
4,2023-05-20,20,Pediatrics,70,bed,28.57
4,2023-05-21,21,Pediatrics,70,bed,30.0
4,2023-05-22,19,Pediatrics,70,bed,27.14
4,2023-05-23,14,Pediatrics,70,bed,20.0
4,2023-05-24,18,Pediatrics,70,bed,25.71
4,2023-05-25,20,Pediatrics,70,bed,28.57
4,2023-05-26,19,Pediatrics,70,bed,27.14
4,2023-05-27,22,Pediatrics,70,bed,31.43
4,2023-05-28,19,Pediatrics,70,bed,27.14
4,2023-05-29,19,Pediatrics,70,bed,27.14
4,2023-05-30,15,Pediatrics,70,bed,21.43
4,2023-05-31,13,Pediatrics,70,bed,18.57
4,2023-06-01,13,Pediatrics,70,bed,18.57
4,2023-06-02,11,Pediatrics,70,bed,15.71
4,2023-06-03,11,Pediatrics,70,bed,15.71
4,2023-06-04,14,Pediatrics,70,bed,20.0
4,2023-06-05,15,Pediatrics,70,bed,21.43
4,2023-06-06,17,Pediatrics,70,bed,24.29
4,2023-06-07,17,Pediatrics,70,bed,24.29
4,2023-06-08,19,Pediatrics,70,bed,27.14
4,2023-06-09,22,Pediatrics,70,bed,31.43
4,2023-06-10,24,Pediatrics,70,bed,34.29
4,2023-06-11,18,Pediatrics,70,bed,25.71
4,2023-06-12,22,Pediatrics,70,bed,31.43
4,2023-06-13,27,Pediatrics,70,bed,38.57
4,2023-06-14,30,Pediatrics,70,bed,42.86
4,2023-06-15,33,Pediatrics,70,bed,47.14
4,2023-06-16,34,Pediatrics,70,bed,48.57
4,2023-06-17,31,Pediatrics,70,bed,44.29
4,2023-06-18,35,Pediatrics,70,bed,50.0
4,2023-06-19,31,Pediatrics,70,bed,44.29
4,2023-06-20,26,Pediatrics,70,bed,37.14
4,2023-06-21,23,Pediatrics,70,bed,32.86
4,2023-06-22,25,Pediatrics,70,bed,35.71
4,2023-06-23,22,Pediatrics,70,bed,31.43
4,2023-06-24,22,Pediatrics,70,bed,31.43
4,2023-06-25,19,Pediatrics,70,bed,27.14
4,2023-06-26,14,Pediatrics,70,bed,20.0
4,2023-06-27,14,Pediatrics,70,bed,20.0
4,2023-06-28,20,Pediatrics,70,bed,28.57
4,2023-06-29,24,Pediatrics,70,bed,34.29
4,2023-06-30,25,Pediatrics,70,bed,35.71
4,2023-07-01,23,Pediatrics,70,bed,32.86
4,2023-07-02,19,Pediatrics,70,bed,27.14
4,2023-07-03,18,Pediatrics,70,bed,25.71
4,2023-07-04,16,Pediatrics,70,bed,22.86
4,2023-07-05,16,Pediatrics,70,bed,22.86
4,2023-07-06,15,Pediatrics,70,bed,21.43
4,2023-07-07,18,Pediatrics,70,bed,25.71
4,2023-07-08,21,Pediatrics,70,bed,30.0
4,2023-07-09,21,Pediatrics,70,bed,30.0
4,2023-07-10,20,Pediatrics,70,bed,28.57
4,2023-07-11,17,Pediatrics,70,bed,24.29
4,2023-07-12,16,Pediatrics,70,bed,22.86
4,2023-07-13,17,Pediatrics,70,bed,24.29
4,2023-07-14,13,Pediatrics,70,bed,18.57
4,2023-07-15,16,Pediatrics,70,bed,22.86
4,2023-07-16,16,Pediatrics,70,bed,22.86
4,2023-07-17,15,Pediatrics,70,bed,21.43
4,2023-07-18,15,Pediatrics,70,bed,21.43
4,2023-07-19,16,Pediatrics,70,bed,22.86
4,2023-07-20,15,Pediatrics,70,bed,21.43
4,2023-07-21,19,Pediatrics,70,bed,27.14
4,2023-07-22,18,Pediatrics,70,bed,25.71
4,2023-07-23,20,Pediatrics,70,bed,28.57
4,2023-07-24,21,Pediatrics,70,bed,30.0
4,2023-07-25,17,Pediatrics,70,bed,24.29
4,2023-07-26,17,Pediatrics,70,bed,24.29
4,2023-07-27,20,Pediatrics,70,bed,28.57
4,2023-07-28,20,Pediatrics,70,bed,28.57
4,2023-07-29,22,Pediatrics,70,bed,31.43
4,2023-07-30,19,Pediatrics,70,bed,27.14
4,2023-07-31,15,Pediatrics,70,bed,21.43
4,2023-08-01,18,Pediatrics,70,bed,25.71
4,2023-08-02,16,Pediatrics,70,bed,22.86
4,2023-08-03,14,Pediatrics,70,bed,20.0
4,2023-08-04,16,Pediatrics,70,bed,22.86
4,2023-08-05,21,Pediatrics,70,bed,30.0
4,2023-08-06,24,Pediatrics,70,bed,34.29
4,2023-08-07,29,Pediatrics,70,bed,41.43
4,2023-08-08,28,Pediatrics,70,bed,40.0
4,2023-08-09,28,Pediatrics,70,bed,40.0
4,2023-08-10,30,Pediatrics,70,bed,42.86
4,2023-08-11,28,Pediatrics,70,bed,40.0
4,2023-08-12,27,Pediatrics,70,bed,38.57
4,2023-08-13,26,Pediatrics,70,bed,37.14
4,2023-08-14,28,Pediatrics,70,bed,40.0
4,2023-08-15,24,Pediatrics,70,bed,34.29
4,2023-08-16,25,Pediatrics,70,bed,35.71
4,2023-08-17,25,Pediatrics,70,bed,35.71
4,2023-08-18,25,Pediatrics,70,bed,35.71
4,2023-08-19,21,Pediatrics,70,bed,30.0
4,2023-08-20,22,Pediatrics,70,bed,31.43
4,2023-08-21,21,Pediatrics,70,bed,30.0
4,2023-08-22,20,Pediatrics,70,bed,28.57
4,2023-08-23,20,Pediatrics,70,bed,28.57
4,2023-08-24,20,Pediatrics,70,bed,28.57
4,2023-08-25,21,Pediatrics,70,bed,30.0
4,2023-08-26,20,Pediatrics,70,bed,28.57
4,2023-08-27,20,Pediatrics,70,bed,28.57
4,2023-08-28,23,Pediatrics,70,bed,32.86
4,2023-08-29,21,Pediatrics,70,bed,30.0
4,2023-08-30,23,Pediatrics,70,bed,32.86
4,2023-08-31,20,Pediatrics,70,bed,28.57
4,2023-09-01,20,Pediatrics,70,bed,28.57
4,2023-09-02,18,Pediatrics,70,bed,25.71
4,2023-09-03,16,Pediatrics,70,bed,22.86
4,2023-09-04,15,Pediatrics,70,bed,21.43
4,2023-09-05,15,Pediatrics,70,bed,21.43
4,2023-09-06,17,Pediatrics,70,bed,24.29
4,2023-09-07,20,Pediatrics,70,bed,28.57
4,2023-09-08,22,Pediatrics,70,bed,31.43
4,2023-09-09,28,Pediatrics,70,bed,40.0
4,2023-09-10,29,Pediatrics,70,bed,41.43
4,2023-09-11,29,Pediatrics,70,bed,41.43
4,2023-09-12,26,Pediatrics,70,bed,37.14
4,2023-09-13,19,Pediatrics,70,bed,27.14
4,2023-09-14,25,Pediatrics,70,bed,35.71
4,2023-09-15,29,Pediatrics,70,bed,41.43
4,2023-09-16,29,Pediatrics,70,bed,41.43
4,2023-09-17,27,Pediatrics,70,bed,38.57
4,2023-09-18,25,Pediatrics,70,bed,35.71
4,2023-09-19,25,Pediatrics,70,bed,35.71
4,2023-09-20,25,Pediatrics,70,bed,35.71
4,2023-09-21,21,Pediatrics,70,bed,30.0
4,2023-09-22,20,Pediatrics,70,bed,28.57
4,2023-09-23,20,Pediatrics,70,bed,28.57
4,2023-09-24,20,Pediatrics,70,bed,28.57
4,2023-09-25,19,Pediatrics,70,bed,27.14
4,2023-09-26,18,Pediatrics,70,bed,25.71
4,2023-09-27,19,Pediatrics,70,bed,27.14
4,2023-09-28,21,Pediatrics,70,bed,30.0
4,2023-09-29,26,Pediatrics,70,bed,37.14
4,2023-09-30,29,Pediatrics,70,bed,41.43
4,2023-10-01,26,Pediatrics,70,bed,37.14
4,2023-10-02,31,Pediatrics,70,bed,44.29
4,2023-10-03,28,Pediatrics,70,bed,40.0
4,2023-10-04,24,Pediatrics,70,bed,34.29
4,2023-10-05,28,Pediatrics,70,bed,40.0
4,2023-10-06,24,Pediatrics,70,bed,34.29
4,2023-10-07,25,Pediatrics,70,bed,35.71
4,2023-10-08,28,Pediatrics,70,bed,40.0
4,2023-10-09,27,Pediatrics,70,bed,38.57
4,2023-10-10,26,Pediatrics,70,bed,37.14
4,2023-10-11,25,Pediatrics,70,bed,35.71
4,2023-10-12,22,Pediatrics,70,bed,31.43
4,2023-10-13,25,Pediatrics,70,bed,35.71
4,2023-10-14,23,Pediatrics,70,bed,32.86
4,2023-10-15,26,Pediatrics,70,bed,37.14
4,2023-10-16,26,Pediatrics,70,bed,37.14
4,2023-10-17,21,Pediatrics,70,bed,30.0
4,2023-10-18,20,Pediatrics,70,bed,28.57
4,2023-10-19,21,Pediatrics,70,bed,30.0
4,2023-10-20,19,Pediatrics,70,bed,27.14
4,2023-10-21,19,Pediatrics,70,bed,27.14
4,2023-10-22,20,Pediatrics,70,bed,28.57
4,2023-10-23,19,Pediatrics,70,bed,27.14
4,2023-10-24,19,Pediatrics,70,bed,27.14
4,2023-10-25,21,Pediatrics,70,bed,30.0
4,2023-10-26,18,Pediatrics,70,bed,25.71
4,2023-10-27,17,Pediatrics,70,bed,24.29
4,2023-10-28,17,Pediatrics,70,bed,24.29
4,2023-10-29,15,Pediatrics,70,bed,21.43
4,2023-10-30,13,Pediatrics,70,bed,18.57
4,2023-10-31,15,Pediatrics,70,bed,21.43
4,2023-11-01,19,Pediatrics,70,bed,27.14
4,2023-11-02,22,Pediatrics,70,bed,31.43
4,2023-11-03,22,Pediatrics,70,bed,31.43
4,2023-11-04,27,Pediatrics,70,bed,38.57
4,2023-11-05,26,Pediatrics,70,bed,37.14
4,2023-11-06,25,Pediatrics,70,bed,35.71
4,2023-11-07,25,Pediatrics,70,bed,35.71
4,2023-11-08,28,Pediatrics,70,bed,40.0
4,2023-11-09,30,Pediatrics,70,bed,42.86
4,2023-11-10,28,Pediatrics,70,bed,40.0
4,2023-11-11,27,Pediatrics,70,bed,38.57
4,2023-11-12,20,Pediatrics,70,bed,28.57
4,2023-11-13,25,Pediatrics,70,bed,35.71
4,2023-11-14,23,Pediatrics,70,bed,32.86
4,2023-11-15,25,Pediatrics,70,bed,35.71
4,2023-11-16,23,Pediatrics,70,bed,32.86
4,2023-11-17,23,Pediatrics,70,bed,32.86
4,2023-11-18,25,Pediatrics,70,bed,35.71
4,2023-11-19,26,Pediatrics,70,bed,37.14
4,2023-11-20,28,Pediatrics,70,bed,40.0
4,2023-11-21,27,Pediatrics,70,bed,38.57
4,2023-11-22,32,Pediatrics,70,bed,45.71
4,2023-11-23,28,Pediatrics,70,bed,40.0
4,2023-11-24,27,Pediatrics,70,bed,38.57
4,2023-11-25,31,Pediatrics,70,bed,44.29
4,2023-11-26,29,Pediatrics,70,bed,41.43
4,2023-11-27,31,Pediatrics,70,bed,44.29
4,2023-11-28,30,Pediatrics,70,bed,42.86
4,2023-11-29,30,Pediatrics,70,bed,42.86
4,2023-11-30,21,Pediatrics,70,bed,30.0
4,2023-12-01,22,Pediatrics,70,bed,31.43
4,2023-12-02,21,Pediatrics,70,bed,30.0
4,2023-12-03,23,Pediatrics,70,bed,32.86
4,2023-12-04,25,Pediatrics,70,bed,35.71
4,2023-12-05,22,Pediatrics,70,bed,31.43
4,2023-12-06,19,Pediatrics,70,bed,27.14
4,2023-12-07,22,Pediatrics,70,bed,31.43
4,2023-12-08,22,Pediatrics,70,bed,31.43
4,2023-12-09,26,Pediatrics,70,bed,37.14
4,2023-12-10,27,Pediatrics,70,bed,38.57
4,2023-12-11,24,Pediatrics,70,bed,34.29
4,2023-12-12,23,Pediatrics,70,bed,32.86
4,2023-12-13,23,Pediatrics,70,bed,32.86
4,2023-12-14,20,Pediatrics,70,bed,28.57
4,2023-12-15,23,Pediatrics,70,bed,32.86
4,2023-12-16,27,Pediatrics,70,bed,38.57
4,2023-12-17,26,Pediatrics,70,bed,37.14
4,2023-12-18,26,Pediatrics,70,bed,37.14
4,2023-12-19,26,Pediatrics,70,bed,37.14
4,2023-12-20,25,Pediatrics,70,bed,35.71
4,2023-12-21,27,Pediatrics,70,bed,38.57
4,2023-12-22,22,Pediatrics,70,bed,31.43
4,2023-12-23,18,Pediatrics,70,bed,25.71
4,2023-12-24,22,Pediatrics,70,bed,31.43
4,2023-12-25,29,Pediatrics,70,bed,41.43
4,2023-12-26,29,Pediatrics,70,bed,41.43
4,2023-12-27,27,Pediatrics,70,bed,38.57
4,2023-12-28,27,Pediatrics,70,bed,38.57
4,2023-12-29,29,Pediatrics,70,bed,41.43
4,2023-12-30,26,Pediatrics,70,bed,37.14
4,2023-12-31,22,Pediatrics,70,bed,31.43
4,2024-01-01,23,Pediatrics,70,bed,32.86
4,2024-01-02,21,Pediatrics,70,bed,30.0
4,2024-01-03,17,Pediatrics,70,bed,24.29
4,2024-01-04,19,Pediatrics,70,bed,27.14
4,2024-01-05,16,Pediatrics,70,bed,22.86
4,2024-01-06,19,Pediatrics,70,bed,27.14
4,2024-01-07,19,Pediatrics,70,bed,27.14
4,2024-01-08,19,Pediatrics,70,bed,27.14
4,2024-01-09,16,Pediatrics,70,bed,22.86
4,2024-01-10,17,Pediatrics,70,bed,24.29
4,2024-01-11,17,Pediatrics,70,bed,24.29
4,2024-01-12,16,Pediatrics,70,bed,22.86
4,2024-01-13,16,Pediatrics,70,bed,22.86
4,2024-01-14,21,Pediatrics,70,bed,30.0
4,2024-01-15,16,Pediatrics,70,bed,22.86
4,2024-01-16,21,Pediatrics,70,bed,30.0
4,2024-01-17,21,Pediatrics,70,bed,30.0
4,2024-01-18,22,Pediatrics,70,bed,31.43
4,2024-01-19,22,Pediatrics,70,bed,31.43
4,2024-01-20,26,Pediatrics,70,bed,37.14
4,2024-01-21,26,Pediatrics,70,bed,37.14
4,2024-01-22,23,Pediatrics,70,bed,32.86
4,2024-01-23,20,Pediatrics,70,bed,28.57
4,2024-01-24,24,Pediatrics,70,bed,34.29
4,2024-01-25,26,Pediatrics,70,bed,37.14
4,2024-01-26,25,Pediatrics,70,bed,35.71
4,2024-01-27,32,Pediatrics,70,bed,45.71
4,2024-01-28,31,Pediatrics,70,bed,44.29
4,2024-01-29,35,Pediatrics,70,bed,50.0
4,2024-01-30,34,Pediatrics,70,bed,48.57
4,2024-01-31,37,Pediatrics,70,bed,52.86
4,2024-02-01,35,Pediatrics,70,bed,50.0
4,2024-02-02,29,Pediatrics,70,bed,41.43
4,2024-02-03,28,Pediatrics,70,bed,40.0
4,2024-02-04,26,Pediatrics,70,bed,37.14
4,2024-02-05,23,Pediatrics,70,bed,32.86
4,2024-02-06,21,Pediatrics,70,bed,30.0
4,2024-02-07,20,Pediatrics,70,bed,28.57
4,2024-02-08,21,Pediatrics,70,bed,30.0
4,2024-02-09,23,Pediatrics,70,bed,32.86
4,2024-02-10,23,Pediatrics,70,bed,32.86
4,2024-02-11,25,Pediatrics,70,bed,35.71
4,2024-02-12,24,Pediatrics,70,bed,34.29
4,2024-02-13,24,Pediatrics,70,bed,34.29
4,2024-02-14,28,Pediatrics,70,bed,40.0
4,2024-02-15,26,Pediatrics,70,bed,37.14
4,2024-02-16,23,Pediatrics,70,bed,32.86
4,2024-02-17,20,Pediatrics,70,bed,28.57
4,2024-02-18,17,Pediatrics,70,bed,24.29
4,2024-02-19,16,Pediatrics,70,bed,22.86
4,2024-02-20,19,Pediatrics,70,bed,27.14
4,2024-02-21,17,Pediatrics,70,bed,24.29
4,2024-02-22,23,Pediatrics,70,bed,32.86
4,2024-02-23,19,Pediatrics,70,bed,27.14
4,2024-02-24,21,Pediatrics,70,bed,30.0
4,2024-02-25,27,Pediatrics,70,bed,38.57
4,2024-02-26,28,Pediatrics,70,bed,40.0
4,2024-02-27,26,Pediatrics,70,bed,37.14
4,2024-02-28,25,Pediatrics,70,bed,35.71
4,2024-02-29,27,Pediatrics,70,bed,38.57
4,2024-03-01,24,Pediatrics,70,bed,34.29
4,2024-03-02,23,Pediatrics,70,bed,32.86
4,2024-03-03,21,Pediatrics,70,bed,30.0
4,2024-03-04,18,Pediatrics,70,bed,25.71
4,2024-03-05,15,Pediatrics,70,bed,21.43
4,2024-03-06,14,Pediatrics,70,bed,20.0
4,2024-03-07,12,Pediatrics,70,bed,17.14
4,2024-03-08,13,Pediatrics,70,bed,18.57
4,2024-03-09,13,Pediatrics,70,bed,18.57
4,2024-03-10,21,Pediatrics,70,bed,30.0
4,2024-03-11,23,Pediatrics,70,bed,32.86
4,2024-03-12,20,Pediatrics,70,bed,28.57
4,2024-03-13,20,Pediatrics,70,bed,28.57
4,2024-03-14,22,Pediatrics,70,bed,31.43
4,2024-03-15,24,Pediatrics,70,bed,34.29
4,2024-03-16,22,Pediatrics,70,bed,31.43
4,2024-03-17,20,Pediatrics,70,bed,28.57
4,2024-03-18,20,Pediatrics,70,bed,28.57
4,2024-03-19,22,Pediatrics,70,bed,31.43
4,2024-03-20,26,Pediatrics,70,bed,37.14
4,2024-03-21,27,Pediatrics,70,bed,38.57
4,2024-03-22,25,Pediatrics,70,bed,35.71
4,2024-03-23,25,Pediatrics,70,bed,35.71
4,2024-03-24,25,Pediatrics,70,bed,35.71
4,2024-03-25,24,Pediatrics,70,bed,34.29
4,2024-03-26,20,Pediatrics,70,bed,28.57
4,2024-03-27,23,Pediatrics,70,bed,32.86
4,2024-03-28,22,Pediatrics,70,bed,31.43
4,2024-03-29,19,Pediatrics,70,bed,27.14
4,2024-03-30,18,Pediatrics,70,bed,25.71
4,2024-03-31,16,Pediatrics,70,bed,22.86
4,2024-04-01,14,Pediatrics,70,bed,20.0
4,2024-04-02,16,Pediatrics,70,bed,22.86
4,2024-04-03,18,Pediatrics,70,bed,25.71
4,2024-04-04,12,Pediatrics,70,bed,17.14
4,2024-04-05,15,Pediatrics,70,bed,21.43
4,2024-04-06,12,Pediatrics,70,bed,17.14
4,2024-04-07,17,Pediatrics,70,bed,24.29
4,2024-04-08,23,Pediatrics,70,bed,32.86
4,2024-04-09,23,Pediatrics,70,bed,32.86
4,2024-04-10,24,Pediatrics,70,bed,34.29
4,2024-04-11,25,Pediatrics,70,bed,35.71
4,2024-04-12,23,Pediatrics,70,bed,32.86
4,2024-04-13,24,Pediatrics,70,bed,34.29
4,2024-04-14,22,Pediatrics,70,bed,31.43
4,2024-04-15,27,Pediatrics,70,bed,38.57
4,2024-04-16,24,Pediatrics,70,bed,34.29
4,2024-04-17,24,Pediatrics,70,bed,34.29
4,2024-04-18,23,Pediatrics,70,bed,32.86
4,2024-04-19,21,Pediatrics,70,bed,30.0
4,2024-04-20,25,Pediatrics,70,bed,35.71
4,2024-04-21,22,Pediatrics,70,bed,31.43
4,2024-04-22,22,Pediatrics,70,bed,31.43
4,2024-04-23,23,Pediatrics,70,bed,32.86
4,2024-04-24,21,Pediatrics,70,bed,30.0
4,2024-04-25,21,Pediatrics,70,bed,30.0
4,2024-04-26,22,Pediatrics,70,bed,31.43
4,2024-04-27,19,Pediatrics,70,bed,27.14
4,2024-04-28,24,Pediatrics,70,bed,34.29
4,2024-04-29,22,Pediatrics,70,bed,31.43
4,2024-04-30,20,Pediatrics,70,bed,28.57
4,2024-05-01,18,Pediatrics,70,bed,25.71
4,2024-05-02,21,Pediatrics,70,bed,30.0
4,2024-05-03,21,Pediatrics,70,bed,30.0
4,2024-05-04,21,Pediatrics,70,bed,30.0
4,2024-05-05,22,Pediatrics,70,bed,31.43
4,2024-05-06,20,Pediatrics,70,bed,28.57
4,2024-05-07,18,Pediatrics,70,bed,25.71
4,2024-05-08,18,Pediatrics,70,bed,25.71
4,2024-05-09,20,Pediatrics,70,bed,28.57
4,2024-05-10,20,Pediatrics,70,bed,28.57
4,2024-05-11,20,Pediatrics,70,bed,28.57
4,2024-05-12,20,Pediatrics,70,bed,28.57
4,2024-05-13,19,Pediatrics,70,bed,27.14
4,2024-05-14,15,Pediatrics,70,bed,21.43
4,2024-05-15,22,Pediatrics,70,bed,31.43
4,2024-05-16,22,Pediatrics,70,bed,31.43
4,2024-05-17,20,Pediatrics,70,bed,28.57
4,2024-05-18,19,Pediatrics,70,bed,27.14
4,2024-05-19,19,Pediatrics,70,bed,27.14
4,2024-05-20,22,Pediatrics,70,bed,31.43
4,2024-05-21,24,Pediatrics,70,bed,34.29
4,2024-05-22,24,Pediatrics,70,bed,34.29
4,2024-05-23,24,Pediatrics,70,bed,34.29
4,2024-05-24,25,Pediatrics,70,bed,35.71
4,2024-05-25,25,Pediatrics,70,bed,35.71
4,2024-05-26,30,Pediatrics,70,bed,42.86
4,2024-05-27,31,Pediatrics,70,bed,44.29
4,2024-05-28,28,Pediatrics,70,bed,40.0
4,2024-05-29,25,Pediatrics,70,bed,35.71
4,2024-05-30,25,Pediatrics,70,bed,35.71
4,2024-05-31,28,Pediatrics,70,bed,40.0
4,2024-06-01,27,Pediatrics,70,bed,38.57
4,2024-06-02,26,Pediatrics,70,bed,37.14
4,2024-06-03,26,Pediatrics,70,bed,37.14
4,2024-06-04,32,Pediatrics,70,bed,45.71
4,2024-06-05,33,Pediatrics,70,bed,47.14
4,2024-06-06,34,Pediatrics,70,bed,48.57
4,2024-06-07,33,Pediatrics,70,bed,47.14
4,2024-06-08,30,Pediatrics,70,bed,42.86
4,2024-06-09,28,Pediatrics,70,bed,40.0
4,2024-06-10,25,Pediatrics,70,bed,35.71
4,2024-06-11,23,Pediatrics,70,bed,32.86
4,2024-06-12,22,Pediatrics,70,bed,31.43
4,2024-06-13,22,Pediatrics,70,bed,31.43
4,2024-06-14,23,Pediatrics,70,bed,32.86
4,2024-06-15,24,Pediatrics,70,bed,34.29
4,2024-06-16,26,Pediatrics,70,bed,37.14
4,2024-06-17,26,Pediatrics,70,bed,37.14
4,2024-06-18,28,Pediatrics,70,bed,40.0
4,2024-06-19,24,Pediatrics,70,bed,34.29
4,2024-06-20,23,Pediatrics,70,bed,32.86
4,2024-06-21,18,Pediatrics,70,bed,25.71
4,2024-06-22,19,Pediatrics,70,bed,27.14
4,2024-06-23,24,Pediatrics,70,bed,34.29
4,2024-06-24,25,Pediatrics,70,bed,35.71
4,2024-06-25,24,Pediatrics,70,bed,34.29
4,2024-06-26,28,Pediatrics,70,bed,40.0
4,2024-06-27,28,Pediatrics,70,bed,40.0
4,2024-06-28,28,Pediatrics,70,bed,40.0
4,2024-06-29,27,Pediatrics,70,bed,38.57
4,2024-06-30,23,Pediatrics,70,bed,32.86
4,2024-07-01,23,Pediatrics,70,bed,32.86
4,2024-07-02,22,Pediatrics,70,bed,31.43
4,2024-07-03,21,Pediatrics,70,bed,30.0
4,2024-07-04,20,Pediatrics,70,bed,28.57
4,2024-07-05,15,Pediatrics,70,bed,21.43
4,2024-07-06,21,Pediatrics,70,bed,30.0
4,2024-07-07,21,Pediatrics,70,bed,30.0
4,2024-07-08,20,Pediatrics,70,bed,28.57
4,2024-07-09,18,Pediatrics,70,bed,25.71
4,2024-07-10,19,Pediatrics,70,bed,27.14
4,2024-07-11,18,Pediatrics,70,bed,25.71
4,2024-07-12,19,Pediatrics,70,bed,27.14
4,2024-07-13,23,Pediatrics,70,bed,32.86
4,2024-07-14,20,Pediatrics,70,bed,28.57
4,2024-07-15,19,Pediatrics,70,bed,27.14
4,2024-07-16,21,Pediatrics,70,bed,30.0
4,2024-07-17,21,Pediatrics,70,bed,30.0
4,2024-07-18,22,Pediatrics,70,bed,31.43
4,2024-07-19,24,Pediatrics,70,bed,34.29
4,2024-07-20,26,Pediatrics,70,bed,37.14
4,2024-07-21,26,Pediatrics,70,bed,37.14
4,2024-07-22,29,Pediatrics,70,bed,41.43
4,2024-07-23,29,Pediatrics,70,bed,41.43
4,2024-07-24,30,Pediatrics,70,bed,42.86
4,2024-07-25,28,Pediatrics,70,bed,40.0
4,2024-07-26,23,Pediatrics,70,bed,32.86
4,2024-07-27,28,Pediatrics,70,bed,40.0
4,2024-07-28,28,Pediatrics,70,bed,40.0
4,2024-07-29,27,Pediatrics,70,bed,38.57
4,2024-07-30,24,Pediatrics,70,bed,34.29
4,2024-07-31,17,Pediatrics,70,bed,24.29
4,2024-08-01,10,Pediatrics,70,bed,14.29
4,2024-08-02,10,Pediatrics,70,bed,14.29
4,2024-08-03,15,Pediatrics,70,bed,21.43
4,2024-08-04,19,Pediatrics,70,bed,27.14
4,2024-08-05,16,Pediatrics,70,bed,22.86
4,2024-08-06,12,Pediatrics,70,bed,17.14
4,2024-08-07,13,Pediatrics,70,bed,18.57
4,2024-08-08,16,Pediatrics,70,bed,22.86
4,2024-08-09,13,Pediatrics,70,bed,18.57
4,2024-08-10,15,Pediatrics,70,bed,21.43
4,2024-08-11,15,Pediatrics,70,bed,21.43
4,2024-08-12,17,Pediatrics,70,bed,24.29
4,2024-08-13,22,Pediatrics,70,bed,31.43
4,2024-08-14,24,Pediatrics,70,bed,34.29
4,2024-08-15,28,Pediatrics,70,bed,40.0
4,2024-08-16,28,Pediatrics,70,bed,40.0
4,2024-08-17,29,Pediatrics,70,bed,41.43
4,2024-08-18,26,Pediatrics,70,bed,37.14
4,2024-08-19,24,Pediatrics,70,bed,34.29
4,2024-08-20,20,Pediatrics,70,bed,28.57
4,2024-08-21,21,Pediatrics,70,bed,30.0
4,2024-08-22,20,Pediatrics,70,bed,28.57
4,2024-08-23,20,Pediatrics,70,bed,28.57
4,2024-08-24,18,Pediatrics,70,bed,25.71
4,2024-08-25,15,Pediatrics,70,bed,21.43
4,2024-08-26,12,Pediatrics,70,bed,17.14
4,2024-08-27,12,Pediatrics,70,bed,17.14
4,2024-08-28,15,Pediatrics,70,bed,21.43
4,2024-08-29,17,Pediatrics,70,bed,24.29
4,2024-08-30,18,Pediatrics,70,bed,25.71
4,2024-08-31,18,Pediatrics,70,bed,25.71
4,2024-09-01,21,Pediatrics,70,bed,30.0
4,2024-09-02,24,Pediatrics,70,bed,34.29
4,2024-09-03,22,Pediatrics,70,bed,31.43
4,2024-09-04,22,Pediatrics,70,bed,31.43
4,2024-09-05,22,Pediatrics,70,bed,31.43
4,2024-09-06,22,Pediatrics,70,bed,31.43
4,2024-09-07,21,Pediatrics,70,bed,30.0
4,2024-09-08,26,Pediatrics,70,bed,37.14
4,2024-09-09,25,Pediatrics,70,bed,35.71
4,2024-09-10,27,Pediatrics,70,bed,38.57
4,2024-09-11,26,Pediatrics,70,bed,37.14
4,2024-09-12,24,Pediatrics,70,bed,34.29
4,2024-09-13,27,Pediatrics,70,bed,38.57
4,2024-09-14,31,Pediatrics,70,bed,44.29
4,2024-09-15,30,Pediatrics,70,bed,42.86
4,2024-09-16,24,Pediatrics,70,bed,34.29
4,2024-09-17,29,Pediatrics,70,bed,41.43
4,2024-09-18,29,Pediatrics,70,bed,41.43
4,2024-09-19,25,Pediatrics,70,bed,35.71
4,2024-09-20,22,Pediatrics,70,bed,31.43
4,2024-09-21,21,Pediatrics,70,bed,30.0
4,2024-09-22,14,Pediatrics,70,bed,20.0
4,2024-09-23,16,Pediatrics,70,bed,22.86
4,2024-09-24,16,Pediatrics,70,bed,22.86
4,2024-09-25,17,Pediatrics,70,bed,24.29
4,2024-09-26,17,Pediatrics,70,bed,24.29
4,2024-09-27,20,Pediatrics,70,bed,28.57
4,2024-09-28,24,Pediatrics,70,bed,34.29
4,2024-09-29,26,Pediatrics,70,bed,37.14
4,2024-09-30,28,Pediatrics,70,bed,40.0
4,2024-10-01,26,Pediatrics,70,bed,37.14
4,2024-10-02,22,Pediatrics,70,bed,31.43
4,2024-10-03,24,Pediatrics,70,bed,34.29
4,2024-10-04,23,Pediatrics,70,bed,32.86
4,2024-10-05,19,Pediatrics,70,bed,27.14
4,2024-10-06,18,Pediatrics,70,bed,25.71
4,2024-10-07,23,Pediatrics,70,bed,32.86
4,2024-10-08,20,Pediatrics,70,bed,28.57
4,2024-10-09,22,Pediatrics,70,bed,31.43
4,2024-10-10,26,Pediatrics,70,bed,37.14
4,2024-10-11,30,Pediatrics,70,bed,42.86
4,2024-10-12,31,Pediatrics,70,bed,44.29
4,2024-10-13,26,Pediatrics,70,bed,37.14
4,2024-10-14,20,Pediatrics,70,bed,28.57
4,2024-10-15,23,Pediatrics,70,bed,32.86
4,2024-10-16,17,Pediatrics,70,bed,24.29
4,2024-10-17,15,Pediatrics,70,bed,21.43
4,2024-10-18,17,Pediatrics,70,bed,24.29
4,2024-10-19,16,Pediatrics,70,bed,22.86
4,2024-10-20,22,Pediatrics,70,bed,31.43
4,2024-10-21,18,Pediatrics,70,bed,25.71
4,2024-10-22,21,Pediatrics,70,bed,30.0
4,2024-10-23,19,Pediatrics,70,bed,27.14
4,2024-10-24,21,Pediatrics,70,bed,30.0
4,2024-10-25,21,Pediatrics,70,bed,30.0
4,2024-10-26,25,Pediatrics,70,bed,35.71
4,2024-10-27,21,Pediatrics,70,bed,30.0
4,2024-10-28,23,Pediatrics,70,bed,32.86
4,2024-10-29,21,Pediatrics,70,bed,30.0
4,2024-10-30,20,Pediatrics,70,bed,28.57
4,2024-10-31,23,Pediatrics,70,bed,32.86
4,2024-11-01,22,Pediatrics,70,bed,31.43
4,2024-11-02,18,Pediatrics,70,bed,25.71
4,2024-11-03,18,Pediatrics,70,bed,25.71
4,2024-11-04,19,Pediatrics,70,bed,27.14
4,2024-11-05,23,Pediatrics,70,bed,32.86
4,2024-11-06,26,Pediatrics,70,bed,37.14
4,2024-11-07,22,Pediatrics,70,bed,31.43
4,2024-11-08,24,Pediatrics,70,bed,34.29
4,2024-11-09,23,Pediatrics,70,bed,32.86
4,2024-11-10,21,Pediatrics,70,bed,30.0
4,2024-11-11,20,Pediatrics,70,bed,28.57
4,2024-11-12,21,Pediatrics,70,bed,30.0
4,2024-11-13,21,Pediatrics,70,bed,30.0
4,2024-11-14,17,Pediatrics,70,bed,24.29
4,2024-11-15,17,Pediatrics,70,bed,24.29
4,2024-11-16,22,Pediatrics,70,bed,31.43
4,2024-11-17,19,Pediatrics,70,bed,27.14
4,2024-11-18,18,Pediatrics,70,bed,25.71
4,2024-11-19,23,Pediatrics,70,bed,32.86
4,2024-11-20,30,Pediatrics,70,bed,42.86
4,2024-11-21,31,Pediatrics,70,bed,44.29
4,2024-11-22,34,Pediatrics,70,bed,48.57
4,2024-11-23,35,Pediatrics,70,bed,50.0
4,2024-11-24,36,Pediatrics,70,bed,51.43
4,2024-11-25,32,Pediatrics,70,bed,45.71
4,2024-11-26,29,Pediatrics,70,bed,41.43
4,2024-11-27,22,Pediatrics,70,bed,31.43
4,2024-11-28,24,Pediatrics,70,bed,34.29
4,2024-11-29,26,Pediatrics,70,bed,37.14
4,2024-11-30,24,Pediatrics,70,bed,34.29
4,2024-12-01,28,Pediatrics,70,bed,40.0
4,2024-12-02,27,Pediatrics,70,bed,38.57
4,2024-12-03,32,Pediatrics,70,bed,45.71
4,2024-12-04,29,Pediatrics,70,bed,41.43
4,2024-12-05,28,Pediatrics,70,bed,40.0
4,2024-12-06,29,Pediatrics,70,bed,41.43
4,2024-12-07,28,Pediatrics,70,bed,40.0
4,2024-12-08,28,Pediatrics,70,bed,40.0
4,2024-12-09,28,Pediatrics,70,bed,40.0
4,2024-12-10,30,Pediatrics,70,bed,42.86
4,2024-12-11,28,Pediatrics,70,bed,40.0
4,2024-12-12,28,Pediatrics,70,bed,40.0
4,2024-12-13,27,Pediatrics,70,bed,38.57
4,2024-12-14,24,Pediatrics,70,bed,34.29
4,2024-12-15,21,Pediatrics,70,bed,30.0
4,2024-12-16,24,Pediatrics,70,bed,34.29
4,2024-12-17,26,Pediatrics,70,bed,37.14
4,2024-12-18,24,Pediatrics,70,bed,34.29
4,2024-12-19,22,Pediatrics,70,bed,31.43
4,2024-12-20,21,Pediatrics,70,bed,30.0
4,2024-12-21,22,Pediatrics,70,bed,31.43
4,2024-12-22,23,Pediatrics,70,bed,32.86
4,2024-12-23,23,Pediatrics,70,bed,32.86
4,2024-12-24,25,Pediatrics,70,bed,35.71
4,2024-12-25,26,Pediatrics,70,bed,37.14
4,2024-12-26,25,Pediatrics,70,bed,35.71
4,2024-12-27,26,Pediatrics,70,bed,37.14
4,2024-12-28,24,Pediatrics,70,bed,34.29
4,2024-12-29,25,Pediatrics,70,bed,35.71
4,2024-12-30,21,Pediatrics,70,bed,30.0
4,2024-12-31,23,Pediatrics,70,bed,32.86
4,2025-01-01,25,Pediatrics,70,bed,35.71
4,2025-01-02,28,Pediatrics,70,bed,40.0
4,2025-01-03,24,Pediatrics,70,bed,34.29
4,2025-01-04,25,Pediatrics,70,bed,35.71
4,2025-01-05,28,Pediatrics,70,bed,40.0
4,2025-01-06,26,Pediatrics,70,bed,37.14
4,2025-01-07,24,Pediatrics,70,bed,34.29
4,2025-01-08,26,Pediatrics,70,bed,37.14
4,2025-01-09,28,Pediatrics,70,bed,40.0
4,2025-01-10,28,Pediatrics,70,bed,40.0
4,2025-01-11,29,Pediatrics,70,bed,41.43
4,2025-01-12,28,Pediatrics,70,bed,40.0
4,2025-01-13,30,Pediatrics,70,bed,42.86
4,2025-01-14,26,Pediatrics,70,bed,37.14
4,2025-01-15,27,Pediatrics,70,bed,38.57
4,2025-01-16,27,Pediatrics,70,bed,38.57
4,2025-01-17,25,Pediatrics,70,bed,35.71
4,2025-01-18,28,Pediatrics,70,bed,40.0
4,2025-01-19,23,Pediatrics,70,bed,32.86
4,2025-01-20,22,Pediatrics,70,bed,31.43
4,2025-01-21,24,Pediatrics,70,bed,34.29
4,2025-01-22,24,Pediatrics,70,bed,34.29
4,2025-01-23,26,Pediatrics,70,bed,37.14
4,2025-01-24,25,Pediatrics,70,bed,35.71
4,2025-01-25,22,Pediatrics,70,bed,31.43
4,2025-01-26,22,Pediatrics,70,bed,31.43
4,2025-01-27,22,Pediatrics,70,bed,31.43
4,2025-01-28,17,Pediatrics,70,bed,24.29
4,2025-01-29,21,Pediatrics,70,bed,30.0
4,2025-01-30,20,Pediatrics,70,bed,28.57
4,2025-01-31,19,Pediatrics,70,bed,27.14
4,2025-02-01,17,Pediatrics,70,bed,24.29
4,2025-02-02,20,Pediatrics,70,bed,28.57
4,2025-02-03,20,Pediatrics,70,bed,28.57
4,2025-02-04,20,Pediatrics,70,bed,28.57
4,2025-02-05,19,Pediatrics,70,bed,27.14
4,2025-02-06,14,Pediatrics,70,bed,20.0
4,2025-02-07,12,Pediatrics,70,bed,17.14
4,2025-02-08,16,Pediatrics,70,bed,22.86
4,2025-02-09,17,Pediatrics,70,bed,24.29
4,2025-02-10,20,Pediatrics,70,bed,28.57
4,2025-02-11,19,Pediatrics,70,bed,27.14
4,2025-02-12,16,Pediatrics,70,bed,22.86
4,2025-02-13,16,Pediatrics,70,bed,22.86
4,2025-02-14,16,Pediatrics,70,bed,22.86
4,2025-02-15,18,Pediatrics,70,bed,25.71
4,2025-02-16,14,Pediatrics,70,bed,20.0
4,2025-02-17,16,Pediatrics,70,bed,22.86
4,2025-02-18,14,Pediatrics,70,bed,20.0
4,2025-02-19,15,Pediatrics,70,bed,21.43
4,2025-02-20,15,Pediatrics,70,bed,21.43
4,2025-02-21,17,Pediatrics,70,bed,24.29
4,2025-02-22,17,Pediatrics,70,bed,24.29
4,2025-02-23,19,Pediatrics,70,bed,27.14
4,2025-02-24,24,Pediatrics,70,bed,34.29
4,2025-02-25,24,Pediatrics,70,bed,34.29
4,2025-02-26,20,Pediatrics,70,bed,28.57
4,2025-02-27,18,Pediatrics,70,bed,25.71
4,2025-02-28,21,Pediatrics,70,bed,30.0
4,2025-03-01,23,Pediatrics,70,bed,32.86
4,2025-03-02,22,Pediatrics,70,bed,31.43
4,2025-03-03,19,Pediatrics,70,bed,27.14
4,2025-03-04,17,Pediatrics,70,bed,24.29
4,2025-03-05,18,Pediatrics,70,bed,25.71
4,2025-03-06,17,Pediatrics,70,bed,24.29
4,2025-03-07,21,Pediatrics,70,bed,30.0
4,2025-03-08,22,Pediatrics,70,bed,31.43
4,2025-03-09,18,Pediatrics,70,bed,25.71
4,2025-03-10,20,Pediatrics,70,bed,28.57
4,2025-03-11,20,Pediatrics,70,bed,28.57
4,2025-03-12,18,Pediatrics,70,bed,25.71
4,2025-03-13,21,Pediatrics,70,bed,30.0
4,2025-03-14,19,Pediatrics,70,bed,27.14
4,2025-03-15,16,Pediatrics,70,bed,22.86
4,2025-03-16,17,Pediatrics,70,bed,24.29
4,2025-03-17,17,Pediatrics,70,bed,24.29
4,2025-03-18,22,Pediatrics,70,bed,31.43
4,2025-03-19,24,Pediatrics,70,bed,34.29
4,2025-03-20,21,Pediatrics,70,bed,30.0
4,2025-03-21,23,Pediatrics,70,bed,32.86
4,2025-03-22,19,Pediatrics,70,bed,27.14
4,2025-03-23,19,Pediatrics,70,bed,27.14
4,2025-03-24,24,Pediatrics,70,bed,34.29
4,2025-03-25,25,Pediatrics,70,bed,35.71
4,2025-03-26,26,Pediatrics,70,bed,37.14
4,2025-03-27,22,Pediatrics,70,bed,31.43
4,2025-03-28,27,Pediatrics,70,bed,38.57
4,2025-03-29,29,Pediatrics,70,bed,41.43
4,2025-03-30,28,Pediatrics,70,bed,40.0
4,2025-03-31,25,Pediatrics,70,bed,35.71
4,2025-04-01,19,Pediatrics,70,bed,27.14
4,2025-04-02,19,Pediatrics,70,bed,27.14
4,2025-04-03,18,Pediatrics,70,bed,25.71
4,2025-04-04,16,Pediatrics,70,bed,22.86
4,2025-04-05,15,Pediatrics,70,bed,21.43
4,2025-04-06,15,Pediatrics,70,bed,21.43
4,2025-04-07,21,Pediatrics,70,bed,30.0
4,2025-04-08,22,Pediatrics,70,bed,31.43
4,2025-04-09,20,Pediatrics,70,bed,28.57
4,2025-04-10,20,Pediatrics,70,bed,28.57
4,2025-04-11,22,Pediatrics,70,bed,31.43
4,2025-04-12,19,Pediatrics,70,bed,27.14
4,2025-04-13,23,Pediatrics,70,bed,32.86
4,2025-04-14,24,Pediatrics,70,bed,34.29
4,2025-04-15,25,Pediatrics,70,bed,35.71
4,2025-04-16,27,Pediatrics,70,bed,38.57
4,2025-04-17,28,Pediatrics,70,bed,40.0
4,2025-04-18,31,Pediatrics,70,bed,44.29
4,2025-04-19,28,Pediatrics,70,bed,40.0
4,2025-04-20,23,Pediatrics,70,bed,32.86
4,2025-04-21,21,Pediatrics,70,bed,30.0
4,2025-04-22,25,Pediatrics,70,bed,35.71
4,2025-04-23,27,Pediatrics,70,bed,38.57
4,2025-04-24,25,Pediatrics,70,bed,35.71
4,2025-04-25,29,Pediatrics,70,bed,41.43
4,2025-04-26,28,Pediatrics,70,bed,40.0
4,2025-04-27,28,Pediatrics,70,bed,40.0
4,2025-04-28,26,Pediatrics,70,bed,37.14
4,2025-04-29,23,Pediatrics,70,bed,32.86
4,2025-04-30,27,Pediatrics,70,bed,38.57
4,2025-05-01,31,Pediatrics,70,bed,44.29
4,2025-05-02,34,Pediatrics,70,bed,48.57
4,2025-05-03,32,Pediatrics,70,bed,45.71
4,2025-05-04,26,Pediatrics,70,bed,37.14
4,2025-05-05,26,Pediatrics,70,bed,37.14
4,2025-05-06,24,Pediatrics,70,bed,34.29
4,2025-05-07,24,Pediatrics,70,bed,34.29
4,2025-05-08,20,Pediatrics,70,bed,28.57
4,2025-05-09,22,Pediatrics,70,bed,31.43
4,2025-05-10,23,Pediatrics,70,bed,32.86
4,2025-05-11,23,Pediatrics,70,bed,32.86
4,2025-05-12,21,Pediatrics,70,bed,30.0
4,2025-05-13,20,Pediatrics,70,bed,28.57
4,2025-05-14,22,Pediatrics,70,bed,31.43
4,2025-05-15,22,Pediatrics,70,bed,31.43
4,2025-05-16,21,Pediatrics,70,bed,30.0
4,2025-05-17,20,Pediatrics,70,bed,28.57
4,2025-05-18,19,Pediatrics,70,bed,27.14
4,2025-05-19,17,Pediatrics,70,bed,24.29
4,2025-05-20,15,Pediatrics,70,bed,21.43
4,2025-05-21,15,Pediatrics,70,bed,21.43
4,2025-05-22,20,Pediatrics,70,bed,28.57
4,2025-05-23,20,Pediatrics,70,bed,28.57
4,2025-05-24,23,Pediatrics,70,bed,32.86
4,2025-05-25,23,Pediatrics,70,bed,32.86
4,2025-05-26,21,Pediatrics,70,bed,30.0
4,2025-05-27,23,Pediatrics,70,bed,32.86
4,2025-05-28,30,Pediatrics,70,bed,42.86
4,2025-05-29,29,Pediatrics,70,bed,41.43
4,2025-05-30,29,Pediatrics,70,bed,41.43
4,2025-05-31,31,Pediatrics,70,bed,44.29
4,2025-06-01,26,Pediatrics,70,bed,37.14
4,2025-06-02,30,Pediatrics,70,bed,42.86
4,2025-06-03,25,Pediatrics,70,bed,35.71
4,2025-06-04,23,Pediatrics,70,bed,32.86
4,2025-06-05,20,Pediatrics,70,bed,28.57
4,2025-06-06,21,Pediatrics,70,bed,30.0
4,2025-06-07,20,Pediatrics,70,bed,28.57
4,2025-06-08,19,Pediatrics,70,bed,27.14
4,2025-06-09,20,Pediatrics,70,bed,28.57
4,2025-06-10,24,Pediatrics,70,bed,34.29
4,2025-06-11,19,Pediatrics,70,bed,27.14
4,2025-06-12,23,Pediatrics,70,bed,32.86
4,2025-06-13,21,Pediatrics,70,bed,30.0
4,2025-06-14,19,Pediatrics,70,bed,27.14
4,2025-06-15,21,Pediatrics,70,bed,30.0
4,2025-06-16,18,Pediatrics,70,bed,25.71
4,2025-06-17,17,Pediatrics,70,bed,24.29
4,2025-06-18,20,Pediatrics,70,bed,28.57
4,2025-06-19,17,Pediatrics,70,bed,24.29
4,2025-06-20,17,Pediatrics,70,bed,24.29
4,2025-06-21,16,Pediatrics,70,bed,22.86
4,2025-06-22,14,Pediatrics,70,bed,20.0
4,2025-06-23,16,Pediatrics,70,bed,22.86
4,2025-06-24,19,Pediatrics,70,bed,27.14
4,2025-06-25,25,Pediatrics,70,bed,35.71
4,2025-06-26,27,Pediatrics,70,bed,38.57
4,2025-06-27,28,Pediatrics,70,bed,40.0
4,2025-06-28,25,Pediatrics,70,bed,35.71
4,2025-06-29,24,Pediatrics,70,bed,34.29
4,2025-06-30,26,Pediatrics,70,bed,37.14
4,2025-07-01,26,Pediatrics,70,bed,37.14
4,2025-07-02,33,Pediatrics,70,bed,47.14
4,2025-07-03,28,Pediatrics,70,bed,40.0
4,2025-07-04,26,Pediatrics,70,bed,37.14
4,2025-07-05,25,Pediatrics,70,bed,35.71
4,2025-07-06,25,Pediatrics,70,bed,35.71
4,2025-07-07,24,Pediatrics,70,bed,34.29
4,2025-07-08,20,Pediatrics,70,bed,28.57
4,2025-07-09,20,Pediatrics,70,bed,28.57
4,2025-07-10,17,Pediatrics,70,bed,24.29
4,2025-07-11,12,Pediatrics,70,bed,17.14
4,2025-07-12,16,Pediatrics,70,bed,22.86
4,2025-07-13,16,Pediatrics,70,bed,22.86
4,2025-07-14,15,Pediatrics,70,bed,21.43
4,2025-07-15,17,Pediatrics,70,bed,24.29
4,2025-07-16,17,Pediatrics,70,bed,24.29
4,2025-07-17,21,Pediatrics,70,bed,30.0
4,2025-07-18,22,Pediatrics,70,bed,31.43
4,2025-07-19,18,Pediatrics,70,bed,25.71
4,2025-07-20,17,Pediatrics,70,bed,24.29
4,2025-07-21,20,Pediatrics,70,bed,28.57
4,2025-07-22,26,Pediatrics,70,bed,37.14
4,2025-07-23,22,Pediatrics,70,bed,31.43
4,2025-07-24,17,Pediatrics,70,bed,24.29
4,2025-07-25,16,Pediatrics,70,bed,22.86
4,2025-07-26,17,Pediatrics,70,bed,24.29
4,2025-07-27,19,Pediatrics,70,bed,27.14
4,2025-07-28,18,Pediatrics,70,bed,25.71
4,2025-07-29,14,Pediatrics,70,bed,20.0
4,2025-07-30,13,Pediatrics,70,bed,18.57
4,2025-07-31,14,Pediatrics,70,bed,20.0
4,2025-08-01,15,Pediatrics,70,bed,21.43
4,2025-08-02,18,Pediatrics,70,bed,25.71
4,2025-08-03,17,Pediatrics,70,bed,24.29
4,2025-08-04,18,Pediatrics,70,bed,25.71
4,2025-08-05,23,Pediatrics,70,bed,32.86
4,2025-08-06,24,Pediatrics,70,bed,34.29
4,2025-08-07,26,Pediatrics,70,bed,37.14
4,2025-08-08,25,Pediatrics,70,bed,35.71
4,2025-08-09,22,Pediatrics,70,bed,31.43
4,2025-08-10,23,Pediatrics,70,bed,32.86
4,2025-08-11,22,Pediatrics,70,bed,31.43
4,2025-08-12,26,Pediatrics,70,bed,37.14
4,2025-08-13,29,Pediatrics,70,bed,41.43
4,2025-08-14,28,Pediatrics,70,bed,40.0
4,2025-08-15,25,Pediatrics,70,bed,35.71
4,2025-08-16,24,Pediatrics,70,bed,34.29
4,2025-08-17,21,Pediatrics,70,bed,30.0
4,2025-08-18,24,Pediatrics,70,bed,34.29
4,2025-08-19,23,Pediatrics,70,bed,32.86
4,2025-08-20,21,Pediatrics,70,bed,30.0
4,2025-08-21,24,Pediatrics,70,bed,34.29
4,2025-08-22,21,Pediatrics,70,bed,30.0
4,2025-08-23,22,Pediatrics,70,bed,31.43
4,2025-08-24,18,Pediatrics,70,bed,25.71
4,2025-08-25,20,Pediatrics,70,bed,28.57
4,2025-08-26,20,Pediatrics,70,bed,28.57
4,2025-08-27,23,Pediatrics,70,bed,32.86
4,2025-08-28,28,Pediatrics,70,bed,40.0
4,2025-08-29,25,Pediatrics,70,bed,35.71
4,2025-08-30,26,Pediatrics,70,bed,37.14
4,2025-08-31,27,Pediatrics,70,bed,38.57
4,2025-09-01,22,Pediatrics,70,bed,31.43
4,2025-09-02,22,Pediatrics,70,bed,31.43
4,2025-09-03,23,Pediatrics,70,bed,32.86
4,2025-09-04,20,Pediatrics,70,bed,28.57
4,2025-09-05,21,Pediatrics,70,bed,30.0
4,2025-09-06,19,Pediatrics,70,bed,27.14
4,2025-09-07,21,Pediatrics,70,bed,30.0
4,2025-09-08,20,Pediatrics,70,bed,28.57
4,2025-09-09,20,Pediatrics,70,bed,28.57
4,2025-09-10,21,Pediatrics,70,bed,30.0
4,2025-09-11,18,Pediatrics,70,bed,25.71
4,2025-09-12,21,Pediatrics,70,bed,30.0
4,2025-09-13,18,Pediatrics,70,bed,25.71
4,2025-09-14,19,Pediatrics,70,bed,27.14
4,2025-09-15,20,Pediatrics,70,bed,28.57
4,2025-09-16,25,Pediatrics,70,bed,35.71
4,2025-09-17,27,Pediatrics,70,bed,38.57
4,2025-09-18,26,Pediatrics,70,bed,37.14
4,2025-09-19,24,Pediatrics,70,bed,34.29
4,2025-09-20,26,Pediatrics,70,bed,37.14
4,2025-09-21,25,Pediatrics,70,bed,35.71
4,2025-09-22,27,Pediatrics,70,bed,38.57
4,2025-09-23,26,Pediatrics,70,bed,37.14
4,2025-09-24,28,Pediatrics,70,bed,40.0
4,2025-09-25,27,Pediatrics,70,bed,38.57
4,2025-09-26,28,Pediatrics,70,bed,40.0
4,2025-09-27,21,Pediatrics,70,bed,30.0
4,2025-09-28,24,Pediatrics,70,bed,34.29
4,2025-09-29,23,Pediatrics,70,bed,32.86
4,2025-09-30,26,Pediatrics,70,bed,37.14
4,2025-10-01,24,Pediatrics,70,bed,34.29
4,2025-10-02,24,Pediatrics,70,bed,34.29
4,2025-10-03,25,Pediatrics,70,bed,35.71
4,2025-10-04,27,Pediatrics,70,bed,38.57
4,2025-10-05,22,Pediatrics,70,bed,31.43
4,2025-10-06,18,Pediatrics,70,bed,25.71
4,2025-10-07,20,Pediatrics,70,bed,28.57
4,2025-10-08,20,Pediatrics,70,bed,28.57
4,2025-10-09,20,Pediatrics,70,bed,28.57
4,2025-10-10,17,Pediatrics,70,bed,24.29
4,2025-10-11,17,Pediatrics,70,bed,24.29
4,2025-10-12,17,Pediatrics,70,bed,24.29
4,2025-10-13,19,Pediatrics,70,bed,27.14
4,2025-10-14,20,Pediatrics,70,bed,28.57
4,2025-10-15,21,Pediatrics,70,bed,30.0
4,2025-10-16,26,Pediatrics,70,bed,37.14
4,2025-10-17,25,Pediatrics,70,bed,35.71
4,2025-10-18,25,Pediatrics,70,bed,35.71
4,2025-10-19,24,Pediatrics,70,bed,34.29
4,2025-10-20,23,Pediatrics,70,bed,32.86
4,2025-10-21,22,Pediatrics,70,bed,31.43
4,2025-10-22,26,Pediatrics,70,bed,37.14
4,2025-10-23,26,Pediatrics,70,bed,37.14
4,2025-10-24,31,Pediatrics,70,bed,44.29
4,2025-10-25,29,Pediatrics,70,bed,41.43
4,2025-10-26,24,Pediatrics,70,bed,34.29
4,2025-10-27,19,Pediatrics,70,bed,27.14
4,2025-10-28,13,Pediatrics,70,bed,18.57
4,2025-10-29,17,Pediatrics,70,bed,24.29
4,2025-10-30,16,Pediatrics,70,bed,22.86
4,2025-10-31,16,Pediatrics,70,bed,22.86
4,2025-11-01,15,Pediatrics,70,bed,21.43
4,2025-11-02,17,Pediatrics,70,bed,24.29
4,2025-11-03,19,Pediatrics,70,bed,27.14
4,2025-11-04,22,Pediatrics,70,bed,31.43
4,2025-11-05,21,Pediatrics,70,bed,30.0
4,2025-11-06,22,Pediatrics,70,bed,31.43
4,2025-11-07,22,Pediatrics,70,bed,31.43
4,2025-11-08,20,Pediatrics,70,bed,28.57
4,2025-11-09,18,Pediatrics,70,bed,25.71
4,2025-11-10,14,Pediatrics,70,bed,20.0
4,2025-11-11,13,Pediatrics,70,bed,18.57
4,2025-11-12,11,Pediatrics,70,bed,15.71
4,2025-11-13,12,Pediatrics,70,bed,17.14
4,2025-11-14,11,Pediatrics,70,bed,15.71
4,2025-11-15,12,Pediatrics,70,bed,17.14
4,2025-11-16,10,Pediatrics,70,bed,14.29
4,2025-11-17,13,Pediatrics,70,bed,18.57
4,2025-11-18,12,Pediatrics,70,bed,17.14
4,2025-11-19,15,Pediatrics,70,bed,21.43
4,2025-11-20,13,Pediatrics,70,bed,18.57
4,2025-11-21,13,Pediatrics,70,bed,18.57
4,2025-11-22,15,Pediatrics,70,bed,21.43
4,2025-11-23,17,Pediatrics,70,bed,24.29
4,2025-11-24,19,Pediatrics,70,bed,27.14
4,2025-11-25,23,Pediatrics,70,bed,32.86
4,2025-11-26,22,Pediatrics,70,bed,31.43
4,2025-11-27,16,Pediatrics,70,bed,22.86
4,2025-11-28,13,Pediatrics,70,bed,18.57
4,2025-11-29,11,Pediatrics,70,bed,15.71
4,2025-11-30,17,Pediatrics,70,bed,24.29
4,2025-12-01,20,Pediatrics,70,bed,28.57
4,2025-12-02,20,Pediatrics,70,bed,28.57
4,2025-12-03,16,Pediatrics,70,bed,22.86
4,2025-12-04,13,Pediatrics,70,bed,18.57
4,2025-12-05,16,Pediatrics,70,bed,22.86
4,2025-12-06,19,Pediatrics,70,bed,27.14
4,2025-12-07,23,Pediatrics,70,bed,32.86
4,2025-12-08,27,Pediatrics,70,bed,38.57
4,2025-12-09,24,Pediatrics,70,bed,34.29
4,2025-12-10,24,Pediatrics,70,bed,34.29
4,2025-12-11,22,Pediatrics,70,bed,31.43
4,2025-12-12,21,Pediatrics,70,bed,30.0
4,2025-12-13,24,Pediatrics,70,bed,34.29
4,2025-12-14,20,Pediatrics,70,bed,28.57
4,2025-12-15,19,Pediatrics,70,bed,27.14
4,2025-12-16,19,Pediatrics,70,bed,27.14
4,2025-12-17,21,Pediatrics,70,bed,30.0
4,2025-12-18,22,Pediatrics,70,bed,31.43
4,2025-12-19,30,Pediatrics,70,bed,42.86
4,2025-12-20,28,Pediatrics,70,bed,40.0
4,2025-12-21,25,Pediatrics,70,bed,35.71
4,2025-12-22,23,Pediatrics,70,bed,32.86
4,2025-12-23,22,Pediatrics,70,bed,31.43
4,2025-12-24,23,Pediatrics,70,bed,32.86
4,2025-12-25,21,Pediatrics,70,bed,30.0
4,2025-12-26,18,Pediatrics,70,bed,25.71
4,2025-12-27,16,Pediatrics,70,bed,22.86
4,2025-12-28,20,Pediatrics,70,bed,28.57
4,2025-12-29,20,Pediatrics,70,bed,28.57
4,2025-12-30,21,Pediatrics,70,bed,30.0
4,2025-12-31,22,Pediatrics,70,bed,31.43
4,2026-01-01,21,Pediatrics,70,bed,30.0
4,2026-01-02,17,Pediatrics,70,bed,24.29
4,2026-01-03,10,Pediatrics,70,bed,14.29
4,2026-01-04,5,Pediatrics,70,bed,7.14
4,2026-01-05,4,Pediatrics,70,bed,5.71
4,2026-01-06,4,Pediatrics,70,bed,5.71
4,2026-01-07,3,Pediatrics,70,bed,4.29
4,2026-01-08,2,Pediatrics,70,bed,2.86
4,2026-01-09,2,Pediatrics,70,bed,2.86
4,2026-01-10,2,Pediatrics,70,bed,2.86
5,2020-01-01,2,Orthopedics,50,bed,4.0
5,2020-01-02,6,Orthopedics,50,bed,12.0
5,2020-01-03,8,Orthopedics,50,bed,16.0
5,2020-01-04,12,Orthopedics,50,bed,24.0
5,2020-01-05,14,Orthopedics,50,bed,28.0
5,2020-01-06,17,Orthopedics,50,bed,34.0
5,2020-01-07,16,Orthopedics,50,bed,32.0
5,2020-01-08,19,Orthopedics,50,bed,38.0
5,2020-01-09,19,Orthopedics,50,bed,38.0
5,2020-01-10,17,Orthopedics,50,bed,34.0
5,2020-01-11,17,Orthopedics,50,bed,34.0
5,2020-01-12,16,Orthopedics,50,bed,32.0
5,2020-01-13,13,Orthopedics,50,bed,26.0
5,2020-01-14,13,Orthopedics,50,bed,26.0
5,2020-01-15,14,Orthopedics,50,bed,28.0
5,2020-01-16,12,Orthopedics,50,bed,24.0
5,2020-01-17,12,Orthopedics,50,bed,24.0
5,2020-01-18,9,Orthopedics,50,bed,18.0
5,2020-01-19,9,Orthopedics,50,bed,18.0
5,2020-01-20,11,Orthopedics,50,bed,22.0
5,2020-01-21,17,Orthopedics,50,bed,34.0
5,2020-01-22,18,Orthopedics,50,bed,36.0
5,2020-01-23,17,Orthopedics,50,bed,34.0
5,2020-01-24,16,Orthopedics,50,bed,32.0
5,2020-01-25,13,Orthopedics,50,bed,26.0
5,2020-01-26,11,Orthopedics,50,bed,22.0
5,2020-01-27,11,Orthopedics,50,bed,22.0
5,2020-01-28,11,Orthopedics,50,bed,22.0
5,2020-01-29,12,Orthopedics,50,bed,24.0
5,2020-01-30,15,Orthopedics,50,bed,30.0
5,2020-01-31,15,Orthopedics,50,bed,30.0
5,2020-02-01,16,Orthopedics,50,bed,32.0
5,2020-02-02,14,Orthopedics,50,bed,28.0
5,2020-02-03,14,Orthopedics,50,bed,28.0
5,2020-02-04,13,Orthopedics,50,bed,26.0
5,2020-02-05,13,Orthopedics,50,bed,26.0
5,2020-02-06,13,Orthopedics,50,bed,26.0
5,2020-02-07,12,Orthopedics,50,bed,24.0
5,2020-02-08,13,Orthopedics,50,bed,26.0
5,2020-02-09,14,Orthopedics,50,bed,28.0
5,2020-02-10,16,Orthopedics,50,bed,32.0
5,2020-02-11,18,Orthopedics,50,bed,36.0
5,2020-02-12,22,Orthopedics,50,bed,44.0
5,2020-02-13,19,Orthopedics,50,bed,38.0
5,2020-02-14,19,Orthopedics,50,bed,38.0
5,2020-02-15,16,Orthopedics,50,bed,32.0
5,2020-02-16,11,Orthopedics,50,bed,22.0
5,2020-02-17,10,Orthopedics,50,bed,20.0
5,2020-02-18,10,Orthopedics,50,bed,20.0
5,2020-02-19,10,Orthopedics,50,bed,20.0
5,2020-02-20,12,Orthopedics,50,bed,24.0
5,2020-02-21,16,Orthopedics,50,bed,32.0
5,2020-02-22,17,Orthopedics,50,bed,34.0
5,2020-02-23,17,Orthopedics,50,bed,34.0
5,2020-02-24,17,Orthopedics,50,bed,34.0
5,2020-02-25,19,Orthopedics,50,bed,38.0
5,2020-02-26,26,Orthopedics,50,bed,52.0
5,2020-02-27,29,Orthopedics,50,bed,58.0
5,2020-02-28,34,Orthopedics,50,bed,68.0
5,2020-02-29,31,Orthopedics,50,bed,62.0
5,2020-03-01,23,Orthopedics,50,bed,46.0
5,2020-03-02,21,Orthopedics,50,bed,42.0
5,2020-03-03,17,Orthopedics,50,bed,34.0
5,2020-03-04,17,Orthopedics,50,bed,34.0
5,2020-03-05,15,Orthopedics,50,bed,30.0
5,2020-03-06,13,Orthopedics,50,bed,26.0
5,2020-03-07,17,Orthopedics,50,bed,34.0
5,2020-03-08,15,Orthopedics,50,bed,30.0
5,2020-03-09,15,Orthopedics,50,bed,30.0
5,2020-03-10,17,Orthopedics,50,bed,34.0
5,2020-03-11,17,Orthopedics,50,bed,34.0
5,2020-03-12,16,Orthopedics,50,bed,32.0
5,2020-03-13,20,Orthopedics,50,bed,40.0
5,2020-03-14,17,Orthopedics,50,bed,34.0
5,2020-03-15,14,Orthopedics,50,bed,28.0
5,2020-03-16,13,Orthopedics,50,bed,26.0
5,2020-03-17,13,Orthopedics,50,bed,26.0
5,2020-03-18,15,Orthopedics,50,bed,30.0
5,2020-03-19,15,Orthopedics,50,bed,30.0
5,2020-03-20,16,Orthopedics,50,bed,32.0
5,2020-03-21,16,Orthopedics,50,bed,32.0
5,2020-03-22,14,Orthopedics,50,bed,28.0
5,2020-03-23,15,Orthopedics,50,bed,30.0
5,2020-03-24,14,Orthopedics,50,bed,28.0
5,2020-03-25,15,Orthopedics,50,bed,30.0
5,2020-03-26,12,Orthopedics,50,bed,24.0
5,2020-03-27,11,Orthopedics,50,bed,22.0
5,2020-03-28,13,Orthopedics,50,bed,26.0
5,2020-03-29,13,Orthopedics,50,bed,26.0
5,2020-03-30,13,Orthopedics,50,bed,26.0
5,2020-03-31,12,Orthopedics,50,bed,24.0
5,2020-04-01,13,Orthopedics,50,bed,26.0
5,2020-04-02,13,Orthopedics,50,bed,26.0
5,2020-04-03,12,Orthopedics,50,bed,24.0
5,2020-04-04,12,Orthopedics,50,bed,24.0
5,2020-04-05,12,Orthopedics,50,bed,24.0
5,2020-04-06,17,Orthopedics,50,bed,34.0
5,2020-04-07,15,Orthopedics,50,bed,30.0
5,2020-04-08,16,Orthopedics,50,bed,32.0
5,2020-04-09,13,Orthopedics,50,bed,26.0
5,2020-04-10,11,Orthopedics,50,bed,22.0
5,2020-04-11,13,Orthopedics,50,bed,26.0
5,2020-04-12,13,Orthopedics,50,bed,26.0
5,2020-04-13,12,Orthopedics,50,bed,24.0
5,2020-04-14,12,Orthopedics,50,bed,24.0
5,2020-04-15,11,Orthopedics,50,bed,22.0
5,2020-04-16,11,Orthopedics,50,bed,22.0
5,2020-04-17,14,Orthopedics,50,bed,28.0
5,2020-04-18,13,Orthopedics,50,bed,26.0
5,2020-04-19,12,Orthopedics,50,bed,24.0
5,2020-04-20,9,Orthopedics,50,bed,18.0
5,2020-04-21,9,Orthopedics,50,bed,18.0
5,2020-04-22,11,Orthopedics,50,bed,22.0
5,2020-04-23,14,Orthopedics,50,bed,28.0
5,2020-04-24,12,Orthopedics,50,bed,24.0
5,2020-04-25,10,Orthopedics,50,bed,20.0
5,2020-04-26,10,Orthopedics,50,bed,20.0
5,2020-04-27,8,Orthopedics,50,bed,16.0
5,2020-04-28,12,Orthopedics,50,bed,24.0
5,2020-04-29,11,Orthopedics,50,bed,22.0
5,2020-04-30,14,Orthopedics,50,bed,28.0
5,2020-05-01,15,Orthopedics,50,bed,30.0
5,2020-05-02,14,Orthopedics,50,bed,28.0
5,2020-05-03,14,Orthopedics,50,bed,28.0
5,2020-05-04,16,Orthopedics,50,bed,32.0
5,2020-05-05,19,Orthopedics,50,bed,38.0
5,2020-05-06,22,Orthopedics,50,bed,44.0
5,2020-05-07,22,Orthopedics,50,bed,44.0
5,2020-05-08,22,Orthopedics,50,bed,44.0
5,2020-05-09,23,Orthopedics,50,bed,46.0
5,2020-05-10,17,Orthopedics,50,bed,34.0
5,2020-05-11,19,Orthopedics,50,bed,38.0
5,2020-05-12,18,Orthopedics,50,bed,36.0
5,2020-05-13,21,Orthopedics,50,bed,42.0
5,2020-05-14,22,Orthopedics,50,bed,44.0
5,2020-05-15,17,Orthopedics,50,bed,34.0
5,2020-05-16,14,Orthopedics,50,bed,28.0
5,2020-05-17,12,Orthopedics,50,bed,24.0
5,2020-05-18,11,Orthopedics,50,bed,22.0
5,2020-05-19,10,Orthopedics,50,bed,20.0
5,2020-05-20,12,Orthopedics,50,bed,24.0
5,2020-05-21,9,Orthopedics,50,bed,18.0
5,2020-05-22,11,Orthopedics,50,bed,22.0
5,2020-05-23,11,Orthopedics,50,bed,22.0
5,2020-05-24,11,Orthopedics,50,bed,22.0
5,2020-05-25,11,Orthopedics,50,bed,22.0
5,2020-05-26,12,Orthopedics,50,bed,24.0
5,2020-05-27,15,Orthopedics,50,bed,30.0
5,2020-05-28,19,Orthopedics,50,bed,38.0
5,2020-05-29,23,Orthopedics,50,bed,46.0
5,2020-05-30,21,Orthopedics,50,bed,42.0
5,2020-05-31,23,Orthopedics,50,bed,46.0
5,2020-06-01,22,Orthopedics,50,bed,44.0
5,2020-06-02,28,Orthopedics,50,bed,56.0
5,2020-06-03,24,Orthopedics,50,bed,48.0
5,2020-06-04,24,Orthopedics,50,bed,48.0
5,2020-06-05,24,Orthopedics,50,bed,48.0
5,2020-06-06,23,Orthopedics,50,bed,46.0
5,2020-06-07,22,Orthopedics,50,bed,44.0
5,2020-06-08,17,Orthopedics,50,bed,34.0
5,2020-06-09,16,Orthopedics,50,bed,32.0
5,2020-06-10,16,Orthopedics,50,bed,32.0
5,2020-06-11,12,Orthopedics,50,bed,24.0
5,2020-06-12,10,Orthopedics,50,bed,20.0
5,2020-06-13,9,Orthopedics,50,bed,18.0
5,2020-06-14,10,Orthopedics,50,bed,20.0
5,2020-06-15,11,Orthopedics,50,bed,22.0
5,2020-06-16,12,Orthopedics,50,bed,24.0
5,2020-06-17,8,Orthopedics,50,bed,16.0
5,2020-06-18,9,Orthopedics,50,bed,18.0
5,2020-06-19,10,Orthopedics,50,bed,20.0
5,2020-06-20,14,Orthopedics,50,bed,28.0
5,2020-06-21,14,Orthopedics,50,bed,28.0
5,2020-06-22,14,Orthopedics,50,bed,28.0
5,2020-06-23,16,Orthopedics,50,bed,32.0
5,2020-06-24,13,Orthopedics,50,bed,26.0
5,2020-06-25,12,Orthopedics,50,bed,24.0
5,2020-06-26,13,Orthopedics,50,bed,26.0
5,2020-06-27,12,Orthopedics,50,bed,24.0
5,2020-06-28,18,Orthopedics,50,bed,36.0
5,2020-06-29,16,Orthopedics,50,bed,32.0
5,2020-06-30,15,Orthopedics,50,bed,30.0
5,2020-07-01,20,Orthopedics,50,bed,40.0
5,2020-07-02,21,Orthopedics,50,bed,42.0
5,2020-07-03,20,Orthopedics,50,bed,40.0
5,2020-07-04,23,Orthopedics,50,bed,46.0
5,2020-07-05,21,Orthopedics,50,bed,42.0
5,2020-07-06,18,Orthopedics,50,bed,36.0
5,2020-07-07,15,Orthopedics,50,bed,30.0
5,2020-07-08,10,Orthopedics,50,bed,20.0
5,2020-07-09,8,Orthopedics,50,bed,16.0
5,2020-07-10,8,Orthopedics,50,bed,16.0
5,2020-07-11,9,Orthopedics,50,bed,18.0
5,2020-07-12,11,Orthopedics,50,bed,22.0
5,2020-07-13,14,Orthopedics,50,bed,28.0
5,2020-07-14,12,Orthopedics,50,bed,24.0
5,2020-07-15,9,Orthopedics,50,bed,18.0
5,2020-07-16,12,Orthopedics,50,bed,24.0
5,2020-07-17,14,Orthopedics,50,bed,28.0
5,2020-07-18,13,Orthopedics,50,bed,26.0
5,2020-07-19,13,Orthopedics,50,bed,26.0
5,2020-07-20,13,Orthopedics,50,bed,26.0
5,2020-07-21,15,Orthopedics,50,bed,30.0
5,2020-07-22,17,Orthopedics,50,bed,34.0
5,2020-07-23,17,Orthopedics,50,bed,34.0
5,2020-07-24,18,Orthopedics,50,bed,36.0
5,2020-07-25,17,Orthopedics,50,bed,34.0
5,2020-07-26,13,Orthopedics,50,bed,26.0
5,2020-07-27,15,Orthopedics,50,bed,30.0
5,2020-07-28,14,Orthopedics,50,bed,28.0
5,2020-07-29,12,Orthopedics,50,bed,24.0
5,2020-07-30,10,Orthopedics,50,bed,20.0
5,2020-07-31,9,Orthopedics,50,bed,18.0
5,2020-08-01,11,Orthopedics,50,bed,22.0
5,2020-08-02,9,Orthopedics,50,bed,18.0
5,2020-08-03,9,Orthopedics,50,bed,18.0
5,2020-08-04,10,Orthopedics,50,bed,20.0
5,2020-08-05,11,Orthopedics,50,bed,22.0
5,2020-08-06,17,Orthopedics,50,bed,34.0
5,2020-08-07,15,Orthopedics,50,bed,30.0
5,2020-08-08,14,Orthopedics,50,bed,28.0
5,2020-08-09,11,Orthopedics,50,bed,22.0
5,2020-08-10,8,Orthopedics,50,bed,16.0
5,2020-08-11,12,Orthopedics,50,bed,24.0
5,2020-08-12,11,Orthopedics,50,bed,22.0
5,2020-08-13,12,Orthopedics,50,bed,24.0
5,2020-08-14,15,Orthopedics,50,bed,30.0
5,2020-08-15,19,Orthopedics,50,bed,38.0
5,2020-08-16,18,Orthopedics,50,bed,36.0
5,2020-08-17,17,Orthopedics,50,bed,34.0
5,2020-08-18,21,Orthopedics,50,bed,42.0
5,2020-08-19,20,Orthopedics,50,bed,40.0
5,2020-08-20,21,Orthopedics,50,bed,42.0
5,2020-08-21,19,Orthopedics,50,bed,38.0
5,2020-08-22,17,Orthopedics,50,bed,34.0
5,2020-08-23,14,Orthopedics,50,bed,28.0
5,2020-08-24,12,Orthopedics,50,bed,24.0
5,2020-08-25,11,Orthopedics,50,bed,22.0
5,2020-08-26,12,Orthopedics,50,bed,24.0
5,2020-08-27,12,Orthopedics,50,bed,24.0
5,2020-08-28,15,Orthopedics,50,bed,30.0
5,2020-08-29,14,Orthopedics,50,bed,28.0
5,2020-08-30,15,Orthopedics,50,bed,30.0
5,2020-08-31,14,Orthopedics,50,bed,28.0
5,2020-09-01,14,Orthopedics,50,bed,28.0
5,2020-09-02,13,Orthopedics,50,bed,26.0
5,2020-09-03,15,Orthopedics,50,bed,30.0
5,2020-09-04,15,Orthopedics,50,bed,30.0
5,2020-09-05,16,Orthopedics,50,bed,32.0
5,2020-09-06,13,Orthopedics,50,bed,26.0
5,2020-09-07,18,Orthopedics,50,bed,36.0
5,2020-09-08,15,Orthopedics,50,bed,30.0
5,2020-09-09,14,Orthopedics,50,bed,28.0
5,2020-09-10,14,Orthopedics,50,bed,28.0
5,2020-09-11,13,Orthopedics,50,bed,26.0
5,2020-09-12,12,Orthopedics,50,bed,24.0
5,2020-09-13,13,Orthopedics,50,bed,26.0
5,2020-09-14,15,Orthopedics,50,bed,30.0
5,2020-09-15,14,Orthopedics,50,bed,28.0
5,2020-09-16,8,Orthopedics,50,bed,16.0
5,2020-09-17,13,Orthopedics,50,bed,26.0
5,2020-09-18,13,Orthopedics,50,bed,26.0
5,2020-09-19,12,Orthopedics,50,bed,24.0
5,2020-09-20,12,Orthopedics,50,bed,24.0
5,2020-09-21,14,Orthopedics,50,bed,28.0
5,2020-09-22,14,Orthopedics,50,bed,28.0
5,2020-09-23,12,Orthopedics,50,bed,24.0
5,2020-09-24,15,Orthopedics,50,bed,30.0
5,2020-09-25,16,Orthopedics,50,bed,32.0
5,2020-09-26,18,Orthopedics,50,bed,36.0
5,2020-09-27,17,Orthopedics,50,bed,34.0
5,2020-09-28,23,Orthopedics,50,bed,46.0
5,2020-09-29,21,Orthopedics,50,bed,42.0
5,2020-09-30,20,Orthopedics,50,bed,40.0
5,2020-10-01,18,Orthopedics,50,bed,36.0
5,2020-10-02,18,Orthopedics,50,bed,36.0
5,2020-10-03,17,Orthopedics,50,bed,34.0
5,2020-10-04,17,Orthopedics,50,bed,34.0
5,2020-10-05,12,Orthopedics,50,bed,24.0
5,2020-10-06,12,Orthopedics,50,bed,24.0
5,2020-10-07,12,Orthopedics,50,bed,24.0
5,2020-10-08,12,Orthopedics,50,bed,24.0
5,2020-10-09,12,Orthopedics,50,bed,24.0
5,2020-10-10,14,Orthopedics,50,bed,28.0
5,2020-10-11,15,Orthopedics,50,bed,30.0
5,2020-10-12,16,Orthopedics,50,bed,32.0
5,2020-10-13,16,Orthopedics,50,bed,32.0
5,2020-10-14,15,Orthopedics,50,bed,30.0
5,2020-10-15,16,Orthopedics,50,bed,32.0
5,2020-10-16,15,Orthopedics,50,bed,30.0
5,2020-10-17,17,Orthopedics,50,bed,34.0
5,2020-10-18,14,Orthopedics,50,bed,28.0
5,2020-10-19,14,Orthopedics,50,bed,28.0
5,2020-10-20,15,Orthopedics,50,bed,30.0
5,2020-10-21,12,Orthopedics,50,bed,24.0
5,2020-10-22,11,Orthopedics,50,bed,22.0
5,2020-10-23,12,Orthopedics,50,bed,24.0
5,2020-10-24,16,Orthopedics,50,bed,32.0
5,2020-10-25,16,Orthopedics,50,bed,32.0
5,2020-10-26,14,Orthopedics,50,bed,28.0
5,2020-10-27,16,Orthopedics,50,bed,32.0
5,2020-10-28,18,Orthopedics,50,bed,36.0
5,2020-10-29,22,Orthopedics,50,bed,44.0
5,2020-10-30,21,Orthopedics,50,bed,42.0
5,2020-10-31,19,Orthopedics,50,bed,38.0
5,2020-11-01,17,Orthopedics,50,bed,34.0
5,2020-11-02,17,Orthopedics,50,bed,34.0
5,2020-11-03,17,Orthopedics,50,bed,34.0
5,2020-11-04,20,Orthopedics,50,bed,40.0
5,2020-11-05,17,Orthopedics,50,bed,34.0
5,2020-11-06,17,Orthopedics,50,bed,34.0
5,2020-11-07,15,Orthopedics,50,bed,30.0
5,2020-11-08,14,Orthopedics,50,bed,28.0
5,2020-11-09,13,Orthopedics,50,bed,26.0
5,2020-11-10,17,Orthopedics,50,bed,34.0
5,2020-11-11,18,Orthopedics,50,bed,36.0
5,2020-11-12,17,Orthopedics,50,bed,34.0
5,2020-11-13,16,Orthopedics,50,bed,32.0
5,2020-11-14,19,Orthopedics,50,bed,38.0
5,2020-11-15,15,Orthopedics,50,bed,30.0
5,2020-11-16,17,Orthopedics,50,bed,34.0
5,2020-11-17,18,Orthopedics,50,bed,36.0
5,2020-11-18,19,Orthopedics,50,bed,38.0
5,2020-11-19,17,Orthopedics,50,bed,34.0
5,2020-11-20,18,Orthopedics,50,bed,36.0
5,2020-11-21,17,Orthopedics,50,bed,34.0
5,2020-11-22,16,Orthopedics,50,bed,32.0
5,2020-11-23,16,Orthopedics,50,bed,32.0
5,2020-11-24,15,Orthopedics,50,bed,30.0
5,2020-11-25,13,Orthopedics,50,bed,26.0
5,2020-11-26,12,Orthopedics,50,bed,24.0
5,2020-11-27,13,Orthopedics,50,bed,26.0
5,2020-11-28,13,Orthopedics,50,bed,26.0
5,2020-11-29,16,Orthopedics,50,bed,32.0
5,2020-11-30,15,Orthopedics,50,bed,30.0
5,2020-12-01,9,Orthopedics,50,bed,18.0
5,2020-12-02,11,Orthopedics,50,bed,22.0
5,2020-12-03,14,Orthopedics,50,bed,28.0
5,2020-12-04,19,Orthopedics,50,bed,38.0
5,2020-12-05,25,Orthopedics,50,bed,50.0
5,2020-12-06,24,Orthopedics,50,bed,48.0
5,2020-12-07,21,Orthopedics,50,bed,42.0
5,2020-12-08,23,Orthopedics,50,bed,46.0
5,2020-12-09,26,Orthopedics,50,bed,52.0
5,2020-12-10,25,Orthopedics,50,bed,50.0
5,2020-12-11,23,Orthopedics,50,bed,46.0
5,2020-12-12,18,Orthopedics,50,bed,36.0
5,2020-12-13,17,Orthopedics,50,bed,34.0
5,2020-12-14,14,Orthopedics,50,bed,28.0
5,2020-12-15,16,Orthopedics,50,bed,32.0
5,2020-12-16,16,Orthopedics,50,bed,32.0
5,2020-12-17,12,Orthopedics,50,bed,24.0
5,2020-12-18,13,Orthopedics,50,bed,26.0
5,2020-12-19,9,Orthopedics,50,bed,18.0
5,2020-12-20,10,Orthopedics,50,bed,20.0
5,2020-12-21,12,Orthopedics,50,bed,24.0
5,2020-12-22,11,Orthopedics,50,bed,22.0
5,2020-12-23,15,Orthopedics,50,bed,30.0
5,2020-12-24,15,Orthopedics,50,bed,30.0
5,2020-12-25,17,Orthopedics,50,bed,34.0
5,2020-12-26,11,Orthopedics,50,bed,22.0
5,2020-12-27,11,Orthopedics,50,bed,22.0
5,2020-12-28,13,Orthopedics,50,bed,26.0
5,2020-12-29,16,Orthopedics,50,bed,32.0
5,2020-12-30,16,Orthopedics,50,bed,32.0
5,2020-12-31,16,Orthopedics,50,bed,32.0
5,2021-01-01,16,Orthopedics,50,bed,32.0
5,2021-01-02,10,Orthopedics,50,bed,20.0
5,2021-01-03,9,Orthopedics,50,bed,18.0
5,2021-01-04,8,Orthopedics,50,bed,16.0
5,2021-01-05,10,Orthopedics,50,bed,20.0
5,2021-01-06,10,Orthopedics,50,bed,20.0
5,2021-01-07,11,Orthopedics,50,bed,22.0
5,2021-01-08,14,Orthopedics,50,bed,28.0
5,2021-01-09,14,Orthopedics,50,bed,28.0
5,2021-01-10,16,Orthopedics,50,bed,32.0
5,2021-01-11,17,Orthopedics,50,bed,34.0
5,2021-01-12,18,Orthopedics,50,bed,36.0
5,2021-01-13,19,Orthopedics,50,bed,38.0
5,2021-01-14,21,Orthopedics,50,bed,42.0
5,2021-01-15,22,Orthopedics,50,bed,44.0
5,2021-01-16,22,Orthopedics,50,bed,44.0
5,2021-01-17,18,Orthopedics,50,bed,36.0
5,2021-01-18,17,Orthopedics,50,bed,34.0
5,2021-01-19,22,Orthopedics,50,bed,44.0
5,2021-01-20,16,Orthopedics,50,bed,32.0
5,2021-01-21,16,Orthopedics,50,bed,32.0
5,2021-01-22,17,Orthopedics,50,bed,34.0
5,2021-01-23,17,Orthopedics,50,bed,34.0
5,2021-01-24,19,Orthopedics,50,bed,38.0
5,2021-01-25,20,Orthopedics,50,bed,40.0
5,2021-01-26,18,Orthopedics,50,bed,36.0
5,2021-01-27,17,Orthopedics,50,bed,34.0
5,2021-01-28,14,Orthopedics,50,bed,28.0
5,2021-01-29,13,Orthopedics,50,bed,26.0
5,2021-01-30,11,Orthopedics,50,bed,22.0
5,2021-01-31,9,Orthopedics,50,bed,18.0
5,2021-02-01,10,Orthopedics,50,bed,20.0
5,2021-02-02,11,Orthopedics,50,bed,22.0
5,2021-02-03,14,Orthopedics,50,bed,28.0
5,2021-02-04,16,Orthopedics,50,bed,32.0
5,2021-02-05,13,Orthopedics,50,bed,26.0
5,2021-02-06,11,Orthopedics,50,bed,22.0
5,2021-02-07,11,Orthopedics,50,bed,22.0
5,2021-02-08,14,Orthopedics,50,bed,28.0
5,2021-02-09,14,Orthopedics,50,bed,28.0
5,2021-02-10,14,Orthopedics,50,bed,28.0
5,2021-02-11,14,Orthopedics,50,bed,28.0
5,2021-02-12,14,Orthopedics,50,bed,28.0
5,2021-02-13,18,Orthopedics,50,bed,36.0
5,2021-02-14,18,Orthopedics,50,bed,36.0
5,2021-02-15,18,Orthopedics,50,bed,36.0
5,2021-02-16,17,Orthopedics,50,bed,34.0
5,2021-02-17,16,Orthopedics,50,bed,32.0
5,2021-02-18,19,Orthopedics,50,bed,38.0
5,2021-02-19,16,Orthopedics,50,bed,32.0
5,2021-02-20,18,Orthopedics,50,bed,36.0
5,2021-02-21,20,Orthopedics,50,bed,40.0
5,2021-02-22,15,Orthopedics,50,bed,30.0
5,2021-02-23,17,Orthopedics,50,bed,34.0
5,2021-02-24,15,Orthopedics,50,bed,30.0
5,2021-02-25,16,Orthopedics,50,bed,32.0
5,2021-02-26,13,Orthopedics,50,bed,26.0
5,2021-02-27,15,Orthopedics,50,bed,30.0
5,2021-02-28,17,Orthopedics,50,bed,34.0
5,2021-03-01,13,Orthopedics,50,bed,26.0
5,2021-03-02,16,Orthopedics,50,bed,32.0
5,2021-03-03,16,Orthopedics,50,bed,32.0
5,2021-03-04,17,Orthopedics,50,bed,34.0
5,2021-03-05,17,Orthopedics,50,bed,34.0
5,2021-03-06,21,Orthopedics,50,bed,42.0
5,2021-03-07,24,Orthopedics,50,bed,48.0
5,2021-03-08,22,Orthopedics,50,bed,44.0
5,2021-03-09,22,Orthopedics,50,bed,44.0
5,2021-03-10,17,Orthopedics,50,bed,34.0
5,2021-03-11,18,Orthopedics,50,bed,36.0
5,2021-03-12,14,Orthopedics,50,bed,28.0
5,2021-03-13,16,Orthopedics,50,bed,32.0
5,2021-03-14,15,Orthopedics,50,bed,30.0
5,2021-03-15,17,Orthopedics,50,bed,34.0
5,2021-03-16,12,Orthopedics,50,bed,24.0
5,2021-03-17,11,Orthopedics,50,bed,22.0
5,2021-03-18,11,Orthopedics,50,bed,22.0
5,2021-03-19,12,Orthopedics,50,bed,24.0
5,2021-03-20,10,Orthopedics,50,bed,20.0
5,2021-03-21,7,Orthopedics,50,bed,14.0
5,2021-03-22,9,Orthopedics,50,bed,18.0
5,2021-03-23,9,Orthopedics,50,bed,18.0
5,2021-03-24,8,Orthopedics,50,bed,16.0
5,2021-03-25,10,Orthopedics,50,bed,20.0
5,2021-03-26,11,Orthopedics,50,bed,22.0
5,2021-03-27,11,Orthopedics,50,bed,22.0
5,2021-03-28,14,Orthopedics,50,bed,28.0
5,2021-03-29,15,Orthopedics,50,bed,30.0
5,2021-03-30,15,Orthopedics,50,bed,30.0
5,2021-03-31,14,Orthopedics,50,bed,28.0
5,2021-04-01,15,Orthopedics,50,bed,30.0
5,2021-04-02,14,Orthopedics,50,bed,28.0
5,2021-04-03,14,Orthopedics,50,bed,28.0
5,2021-04-04,15,Orthopedics,50,bed,30.0
5,2021-04-05,18,Orthopedics,50,bed,36.0
5,2021-04-06,18,Orthopedics,50,bed,36.0
5,2021-04-07,16,Orthopedics,50,bed,32.0
5,2021-04-08,15,Orthopedics,50,bed,30.0
5,2021-04-09,18,Orthopedics,50,bed,36.0
5,2021-04-10,18,Orthopedics,50,bed,36.0
5,2021-04-11,19,Orthopedics,50,bed,38.0
5,2021-04-12,23,Orthopedics,50,bed,46.0
5,2021-04-13,19,Orthopedics,50,bed,38.0
5,2021-04-14,17,Orthopedics,50,bed,34.0
5,2021-04-15,16,Orthopedics,50,bed,32.0
5,2021-04-16,11,Orthopedics,50,bed,22.0
5,2021-04-17,11,Orthopedics,50,bed,22.0
5,2021-04-18,14,Orthopedics,50,bed,28.0
5,2021-04-19,13,Orthopedics,50,bed,26.0
5,2021-04-20,14,Orthopedics,50,bed,28.0
5,2021-04-21,16,Orthopedics,50,bed,32.0
5,2021-04-22,16,Orthopedics,50,bed,32.0
5,2021-04-23,13,Orthopedics,50,bed,26.0
5,2021-04-24,17,Orthopedics,50,bed,34.0
5,2021-04-25,16,Orthopedics,50,bed,32.0
5,2021-04-26,16,Orthopedics,50,bed,32.0
5,2021-04-27,16,Orthopedics,50,bed,32.0
5,2021-04-28,14,Orthopedics,50,bed,28.0
5,2021-04-29,16,Orthopedics,50,bed,32.0
5,2021-04-30,18,Orthopedics,50,bed,36.0
5,2021-05-01,20,Orthopedics,50,bed,40.0
5,2021-05-02,19,Orthopedics,50,bed,38.0
5,2021-05-03,18,Orthopedics,50,bed,36.0
5,2021-05-04,20,Orthopedics,50,bed,40.0
5,2021-05-05,24,Orthopedics,50,bed,48.0
5,2021-05-06,25,Orthopedics,50,bed,50.0
5,2021-05-07,25,Orthopedics,50,bed,50.0
5,2021-05-08,26,Orthopedics,50,bed,52.0
5,2021-05-09,19,Orthopedics,50,bed,38.0
5,2021-05-10,20,Orthopedics,50,bed,40.0
5,2021-05-11,18,Orthopedics,50,bed,36.0
5,2021-05-12,19,Orthopedics,50,bed,38.0
5,2021-05-13,21,Orthopedics,50,bed,42.0
5,2021-05-14,19,Orthopedics,50,bed,38.0
5,2021-05-15,20,Orthopedics,50,bed,40.0
5,2021-05-16,20,Orthopedics,50,bed,40.0
5,2021-05-17,19,Orthopedics,50,bed,38.0
5,2021-05-18,15,Orthopedics,50,bed,30.0
5,2021-05-19,18,Orthopedics,50,bed,36.0
5,2021-05-20,14,Orthopedics,50,bed,28.0
5,2021-05-21,12,Orthopedics,50,bed,24.0
5,2021-05-22,12,Orthopedics,50,bed,24.0
5,2021-05-23,11,Orthopedics,50,bed,22.0
5,2021-05-24,11,Orthopedics,50,bed,22.0
5,2021-05-25,13,Orthopedics,50,bed,26.0
5,2021-05-26,13,Orthopedics,50,bed,26.0
5,2021-05-27,12,Orthopedics,50,bed,24.0
5,2021-05-28,14,Orthopedics,50,bed,28.0
5,2021-05-29,13,Orthopedics,50,bed,26.0
5,2021-05-30,11,Orthopedics,50,bed,22.0
5,2021-05-31,13,Orthopedics,50,bed,26.0
5,2021-06-01,16,Orthopedics,50,bed,32.0
5,2021-06-02,17,Orthopedics,50,bed,34.0
5,2021-06-03,13,Orthopedics,50,bed,26.0
5,2021-06-04,13,Orthopedics,50,bed,26.0
5,2021-06-05,9,Orthopedics,50,bed,18.0
5,2021-06-06,10,Orthopedics,50,bed,20.0
5,2021-06-07,11,Orthopedics,50,bed,22.0
5,2021-06-08,12,Orthopedics,50,bed,24.0
5,2021-06-09,12,Orthopedics,50,bed,24.0
5,2021-06-10,11,Orthopedics,50,bed,22.0
5,2021-06-11,10,Orthopedics,50,bed,20.0
5,2021-06-12,11,Orthopedics,50,bed,22.0
5,2021-06-13,12,Orthopedics,50,bed,24.0
5,2021-06-14,12,Orthopedics,50,bed,24.0
5,2021-06-15,14,Orthopedics,50,bed,28.0
5,2021-06-16,13,Orthopedics,50,bed,26.0
5,2021-06-17,11,Orthopedics,50,bed,22.0
5,2021-06-18,15,Orthopedics,50,bed,30.0
5,2021-06-19,13,Orthopedics,50,bed,26.0
5,2021-06-20,11,Orthopedics,50,bed,22.0
5,2021-06-21,10,Orthopedics,50,bed,20.0
5,2021-06-22,10,Orthopedics,50,bed,20.0
5,2021-06-23,8,Orthopedics,50,bed,16.0
5,2021-06-24,5,Orthopedics,50,bed,10.0
5,2021-06-25,5,Orthopedics,50,bed,10.0
5,2021-06-26,7,Orthopedics,50,bed,14.0
5,2021-06-27,7,Orthopedics,50,bed,14.0
5,2021-06-28,7,Orthopedics,50,bed,14.0
5,2021-06-29,8,Orthopedics,50,bed,16.0
5,2021-06-30,7,Orthopedics,50,bed,14.0
5,2021-07-01,6,Orthopedics,50,bed,12.0
5,2021-07-02,10,Orthopedics,50,bed,20.0
5,2021-07-03,12,Orthopedics,50,bed,24.0
5,2021-07-04,15,Orthopedics,50,bed,30.0
5,2021-07-05,17,Orthopedics,50,bed,34.0
5,2021-07-06,17,Orthopedics,50,bed,34.0
5,2021-07-07,14,Orthopedics,50,bed,28.0
5,2021-07-08,12,Orthopedics,50,bed,24.0
5,2021-07-09,10,Orthopedics,50,bed,20.0
5,2021-07-10,9,Orthopedics,50,bed,18.0
5,2021-07-11,13,Orthopedics,50,bed,26.0
5,2021-07-12,16,Orthopedics,50,bed,32.0
5,2021-07-13,12,Orthopedics,50,bed,24.0
5,2021-07-14,16,Orthopedics,50,bed,32.0
5,2021-07-15,15,Orthopedics,50,bed,30.0
5,2021-07-16,11,Orthopedics,50,bed,22.0
5,2021-07-17,10,Orthopedics,50,bed,20.0
5,2021-07-18,8,Orthopedics,50,bed,16.0
5,2021-07-19,9,Orthopedics,50,bed,18.0
5,2021-07-20,11,Orthopedics,50,bed,22.0
5,2021-07-21,12,Orthopedics,50,bed,24.0
5,2021-07-22,14,Orthopedics,50,bed,28.0
5,2021-07-23,15,Orthopedics,50,bed,30.0
5,2021-07-24,16,Orthopedics,50,bed,32.0
5,2021-07-25,20,Orthopedics,50,bed,40.0
5,2021-07-26,24,Orthopedics,50,bed,48.0
5,2021-07-27,26,Orthopedics,50,bed,52.0
5,2021-07-28,24,Orthopedics,50,bed,48.0
5,2021-07-29,21,Orthopedics,50,bed,42.0
5,2021-07-30,23,Orthopedics,50,bed,46.0
5,2021-07-31,23,Orthopedics,50,bed,46.0
5,2021-08-01,23,Orthopedics,50,bed,46.0
5,2021-08-02,25,Orthopedics,50,bed,50.0
5,2021-08-03,23,Orthopedics,50,bed,46.0
5,2021-08-04,19,Orthopedics,50,bed,38.0
5,2021-08-05,18,Orthopedics,50,bed,36.0
5,2021-08-06,21,Orthopedics,50,bed,42.0
5,2021-08-07,21,Orthopedics,50,bed,42.0
5,2021-08-08,20,Orthopedics,50,bed,40.0
5,2021-08-09,21,Orthopedics,50,bed,42.0
5,2021-08-10,21,Orthopedics,50,bed,42.0
5,2021-08-11,19,Orthopedics,50,bed,38.0
5,2021-08-12,19,Orthopedics,50,bed,38.0
5,2021-08-13,15,Orthopedics,50,bed,30.0
5,2021-08-14,15,Orthopedics,50,bed,30.0
5,2021-08-15,14,Orthopedics,50,bed,28.0
5,2021-08-16,13,Orthopedics,50,bed,26.0
5,2021-08-17,14,Orthopedics,50,bed,28.0
5,2021-08-18,14,Orthopedics,50,bed,28.0
5,2021-08-19,10,Orthopedics,50,bed,20.0
5,2021-08-20,12,Orthopedics,50,bed,24.0
5,2021-08-21,11,Orthopedics,50,bed,22.0
5,2021-08-22,14,Orthopedics,50,bed,28.0
5,2021-08-23,13,Orthopedics,50,bed,26.0
5,2021-08-24,12,Orthopedics,50,bed,24.0
5,2021-08-25,13,Orthopedics,50,bed,26.0
5,2021-08-26,12,Orthopedics,50,bed,24.0
5,2021-08-27,12,Orthopedics,50,bed,24.0
5,2021-08-28,11,Orthopedics,50,bed,22.0
5,2021-08-29,10,Orthopedics,50,bed,20.0
5,2021-08-30,13,Orthopedics,50,bed,26.0
5,2021-08-31,13,Orthopedics,50,bed,26.0
5,2021-09-01,12,Orthopedics,50,bed,24.0
5,2021-09-02,15,Orthopedics,50,bed,30.0
5,2021-09-03,14,Orthopedics,50,bed,28.0
5,2021-09-04,15,Orthopedics,50,bed,30.0
5,2021-09-05,16,Orthopedics,50,bed,32.0
5,2021-09-06,18,Orthopedics,50,bed,36.0
5,2021-09-07,17,Orthopedics,50,bed,34.0
5,2021-09-08,18,Orthopedics,50,bed,36.0
5,2021-09-09,19,Orthopedics,50,bed,38.0
5,2021-09-10,19,Orthopedics,50,bed,38.0
5,2021-09-11,16,Orthopedics,50,bed,32.0
5,2021-09-12,17,Orthopedics,50,bed,34.0
5,2021-09-13,17,Orthopedics,50,bed,34.0
5,2021-09-14,20,Orthopedics,50,bed,40.0
5,2021-09-15,22,Orthopedics,50,bed,44.0
5,2021-09-16,18,Orthopedics,50,bed,36.0
5,2021-09-17,15,Orthopedics,50,bed,30.0
5,2021-09-18,16,Orthopedics,50,bed,32.0
5,2021-09-19,10,Orthopedics,50,bed,20.0
5,2021-09-20,8,Orthopedics,50,bed,16.0
5,2021-09-21,9,Orthopedics,50,bed,18.0
5,2021-09-22,14,Orthopedics,50,bed,28.0
5,2021-09-23,13,Orthopedics,50,bed,26.0
5,2021-09-24,13,Orthopedics,50,bed,26.0
5,2021-09-25,15,Orthopedics,50,bed,30.0
5,2021-09-26,19,Orthopedics,50,bed,38.0
5,2021-09-27,18,Orthopedics,50,bed,36.0
5,2021-09-28,19,Orthopedics,50,bed,38.0
5,2021-09-29,22,Orthopedics,50,bed,44.0
5,2021-09-30,23,Orthopedics,50,bed,46.0
5,2021-10-01,23,Orthopedics,50,bed,46.0
5,2021-10-02,23,Orthopedics,50,bed,46.0
5,2021-10-03,18,Orthopedics,50,bed,36.0
5,2021-10-04,18,Orthopedics,50,bed,36.0
5,2021-10-05,22,Orthopedics,50,bed,44.0
5,2021-10-06,19,Orthopedics,50,bed,38.0
5,2021-10-07,18,Orthopedics,50,bed,36.0
5,2021-10-08,18,Orthopedics,50,bed,36.0
5,2021-10-09,14,Orthopedics,50,bed,28.0
5,2021-10-10,8,Orthopedics,50,bed,16.0
5,2021-10-11,9,Orthopedics,50,bed,18.0
5,2021-10-12,11,Orthopedics,50,bed,22.0
5,2021-10-13,15,Orthopedics,50,bed,30.0
5,2021-10-14,12,Orthopedics,50,bed,24.0
5,2021-10-15,18,Orthopedics,50,bed,36.0
5,2021-10-16,19,Orthopedics,50,bed,38.0
5,2021-10-17,21,Orthopedics,50,bed,42.0
5,2021-10-18,20,Orthopedics,50,bed,40.0
5,2021-10-19,19,Orthopedics,50,bed,38.0
5,2021-10-20,20,Orthopedics,50,bed,40.0
5,2021-10-21,21,Orthopedics,50,bed,42.0
5,2021-10-22,21,Orthopedics,50,bed,42.0
5,2021-10-23,16,Orthopedics,50,bed,32.0
5,2021-10-24,12,Orthopedics,50,bed,24.0
5,2021-10-25,12,Orthopedics,50,bed,24.0
5,2021-10-26,15,Orthopedics,50,bed,30.0
5,2021-10-27,15,Orthopedics,50,bed,30.0
5,2021-10-28,15,Orthopedics,50,bed,30.0
5,2021-10-29,14,Orthopedics,50,bed,28.0
5,2021-10-30,12,Orthopedics,50,bed,24.0
5,2021-10-31,15,Orthopedics,50,bed,30.0
5,2021-11-01,16,Orthopedics,50,bed,32.0
5,2021-11-02,15,Orthopedics,50,bed,30.0
5,2021-11-03,14,Orthopedics,50,bed,28.0
5,2021-11-04,13,Orthopedics,50,bed,26.0
5,2021-11-05,15,Orthopedics,50,bed,30.0
5,2021-11-06,17,Orthopedics,50,bed,34.0
5,2021-11-07,15,Orthopedics,50,bed,30.0
5,2021-11-08,14,Orthopedics,50,bed,28.0
5,2021-11-09,15,Orthopedics,50,bed,30.0
5,2021-11-10,15,Orthopedics,50,bed,30.0
5,2021-11-11,16,Orthopedics,50,bed,32.0
5,2021-11-12,17,Orthopedics,50,bed,34.0
5,2021-11-13,21,Orthopedics,50,bed,42.0
5,2021-11-14,24,Orthopedics,50,bed,48.0
5,2021-11-15,26,Orthopedics,50,bed,52.0
5,2021-11-16,26,Orthopedics,50,bed,52.0
5,2021-11-17,25,Orthopedics,50,bed,50.0
5,2021-11-18,27,Orthopedics,50,bed,54.0
5,2021-11-19,24,Orthopedics,50,bed,48.0
5,2021-11-20,25,Orthopedics,50,bed,50.0
5,2021-11-21,23,Orthopedics,50,bed,46.0
5,2021-11-22,24,Orthopedics,50,bed,48.0
5,2021-11-23,25,Orthopedics,50,bed,50.0
5,2021-11-24,21,Orthopedics,50,bed,42.0
5,2021-11-25,21,Orthopedics,50,bed,42.0
5,2021-11-26,21,Orthopedics,50,bed,42.0
5,2021-11-27,21,Orthopedics,50,bed,42.0
5,2021-11-28,17,Orthopedics,50,bed,34.0
5,2021-11-29,17,Orthopedics,50,bed,34.0
5,2021-11-30,13,Orthopedics,50,bed,26.0
5,2021-12-01,13,Orthopedics,50,bed,26.0
5,2021-12-02,16,Orthopedics,50,bed,32.0
5,2021-12-03,11,Orthopedics,50,bed,22.0
5,2021-12-04,10,Orthopedics,50,bed,20.0
5,2021-12-05,11,Orthopedics,50,bed,22.0
5,2021-12-06,11,Orthopedics,50,bed,22.0
5,2021-12-07,8,Orthopedics,50,bed,16.0
5,2021-12-08,8,Orthopedics,50,bed,16.0
5,2021-12-09,10,Orthopedics,50,bed,20.0
5,2021-12-10,14,Orthopedics,50,bed,28.0
5,2021-12-11,19,Orthopedics,50,bed,38.0
5,2021-12-12,21,Orthopedics,50,bed,42.0
5,2021-12-13,19,Orthopedics,50,bed,38.0
5,2021-12-14,19,Orthopedics,50,bed,38.0
5,2021-12-15,17,Orthopedics,50,bed,34.0
5,2021-12-16,19,Orthopedics,50,bed,38.0
5,2021-12-17,16,Orthopedics,50,bed,32.0
5,2021-12-18,14,Orthopedics,50,bed,28.0
5,2021-12-19,17,Orthopedics,50,bed,34.0
5,2021-12-20,17,Orthopedics,50,bed,34.0
5,2021-12-21,17,Orthopedics,50,bed,34.0
5,2021-12-22,18,Orthopedics,50,bed,36.0
5,2021-12-23,13,Orthopedics,50,bed,26.0
5,2021-12-24,12,Orthopedics,50,bed,24.0
5,2021-12-25,10,Orthopedics,50,bed,20.0
5,2021-12-26,13,Orthopedics,50,bed,26.0
5,2021-12-27,16,Orthopedics,50,bed,32.0
5,2021-12-28,15,Orthopedics,50,bed,30.0
5,2021-12-29,16,Orthopedics,50,bed,32.0
5,2021-12-30,15,Orthopedics,50,bed,30.0
5,2021-12-31,12,Orthopedics,50,bed,24.0
5,2022-01-01,15,Orthopedics,50,bed,30.0
5,2022-01-02,15,Orthopedics,50,bed,30.0
5,2022-01-03,13,Orthopedics,50,bed,26.0
5,2022-01-04,13,Orthopedics,50,bed,26.0
5,2022-01-05,13,Orthopedics,50,bed,26.0
5,2022-01-06,13,Orthopedics,50,bed,26.0
5,2022-01-07,16,Orthopedics,50,bed,32.0
5,2022-01-08,20,Orthopedics,50,bed,40.0
5,2022-01-09,18,Orthopedics,50,bed,36.0
5,2022-01-10,15,Orthopedics,50,bed,30.0
5,2022-01-11,13,Orthopedics,50,bed,26.0
5,2022-01-12,15,Orthopedics,50,bed,30.0
5,2022-01-13,12,Orthopedics,50,bed,24.0
5,2022-01-14,15,Orthopedics,50,bed,30.0
5,2022-01-15,16,Orthopedics,50,bed,32.0
5,2022-01-16,17,Orthopedics,50,bed,34.0
5,2022-01-17,15,Orthopedics,50,bed,30.0
5,2022-01-18,16,Orthopedics,50,bed,32.0
5,2022-01-19,21,Orthopedics,50,bed,42.0
5,2022-01-20,19,Orthopedics,50,bed,38.0
5,2022-01-21,18,Orthopedics,50,bed,36.0
5,2022-01-22,15,Orthopedics,50,bed,30.0
5,2022-01-23,13,Orthopedics,50,bed,26.0
5,2022-01-24,14,Orthopedics,50,bed,28.0
5,2022-01-25,17,Orthopedics,50,bed,34.0
5,2022-01-26,17,Orthopedics,50,bed,34.0
5,2022-01-27,17,Orthopedics,50,bed,34.0
5,2022-01-28,16,Orthopedics,50,bed,32.0
5,2022-01-29,14,Orthopedics,50,bed,28.0
5,2022-01-30,16,Orthopedics,50,bed,32.0
5,2022-01-31,16,Orthopedics,50,bed,32.0
5,2022-02-01,12,Orthopedics,50,bed,24.0
5,2022-02-02,13,Orthopedics,50,bed,26.0
5,2022-02-03,17,Orthopedics,50,bed,34.0
5,2022-02-04,17,Orthopedics,50,bed,34.0
5,2022-02-05,17,Orthopedics,50,bed,34.0
5,2022-02-06,16,Orthopedics,50,bed,32.0
5,2022-02-07,15,Orthopedics,50,bed,30.0
5,2022-02-08,15,Orthopedics,50,bed,30.0
5,2022-02-09,11,Orthopedics,50,bed,22.0
5,2022-02-10,9,Orthopedics,50,bed,18.0
5,2022-02-11,8,Orthopedics,50,bed,16.0
5,2022-02-12,10,Orthopedics,50,bed,20.0
5,2022-02-13,9,Orthopedics,50,bed,18.0
5,2022-02-14,10,Orthopedics,50,bed,20.0
5,2022-02-15,13,Orthopedics,50,bed,26.0
5,2022-02-16,12,Orthopedics,50,bed,24.0
5,2022-02-17,12,Orthopedics,50,bed,24.0
5,2022-02-18,11,Orthopedics,50,bed,22.0
5,2022-02-19,14,Orthopedics,50,bed,28.0
5,2022-02-20,13,Orthopedics,50,bed,26.0
5,2022-02-21,12,Orthopedics,50,bed,24.0
5,2022-02-22,11,Orthopedics,50,bed,22.0
5,2022-02-23,11,Orthopedics,50,bed,22.0
5,2022-02-24,12,Orthopedics,50,bed,24.0
5,2022-02-25,11,Orthopedics,50,bed,22.0
5,2022-02-26,13,Orthopedics,50,bed,26.0
5,2022-02-27,10,Orthopedics,50,bed,20.0
5,2022-02-28,11,Orthopedics,50,bed,22.0
5,2022-03-01,14,Orthopedics,50,bed,28.0
5,2022-03-02,15,Orthopedics,50,bed,30.0
5,2022-03-03,16,Orthopedics,50,bed,32.0
5,2022-03-04,14,Orthopedics,50,bed,28.0
5,2022-03-05,14,Orthopedics,50,bed,28.0
5,2022-03-06,13,Orthopedics,50,bed,26.0
5,2022-03-07,14,Orthopedics,50,bed,28.0
5,2022-03-08,18,Orthopedics,50,bed,36.0
5,2022-03-09,16,Orthopedics,50,bed,32.0
5,2022-03-10,17,Orthopedics,50,bed,34.0
5,2022-03-11,16,Orthopedics,50,bed,32.0
5,2022-03-12,16,Orthopedics,50,bed,32.0
5,2022-03-13,18,Orthopedics,50,bed,36.0
5,2022-03-14,17,Orthopedics,50,bed,34.0
5,2022-03-15,16,Orthopedics,50,bed,32.0
5,2022-03-16,12,Orthopedics,50,bed,24.0
5,2022-03-17,12,Orthopedics,50,bed,24.0
5,2022-03-18,9,Orthopedics,50,bed,18.0
5,2022-03-19,11,Orthopedics,50,bed,22.0
5,2022-03-20,10,Orthopedics,50,bed,20.0
5,2022-03-21,11,Orthopedics,50,bed,22.0
5,2022-03-22,13,Orthopedics,50,bed,26.0
5,2022-03-23,18,Orthopedics,50,bed,36.0
5,2022-03-24,16,Orthopedics,50,bed,32.0
5,2022-03-25,12,Orthopedics,50,bed,24.0
5,2022-03-26,14,Orthopedics,50,bed,28.0
5,2022-03-27,13,Orthopedics,50,bed,26.0
5,2022-03-28,10,Orthopedics,50,bed,20.0
5,2022-03-29,11,Orthopedics,50,bed,22.0
5,2022-03-30,8,Orthopedics,50,bed,16.0
5,2022-03-31,11,Orthopedics,50,bed,22.0
5,2022-04-01,14,Orthopedics,50,bed,28.0
5,2022-04-02,13,Orthopedics,50,bed,26.0
5,2022-04-03,14,Orthopedics,50,bed,28.0
5,2022-04-04,14,Orthopedics,50,bed,28.0
5,2022-04-05,16,Orthopedics,50,bed,32.0
5,2022-04-06,14,Orthopedics,50,bed,28.0
5,2022-04-07,17,Orthopedics,50,bed,34.0
5,2022-04-08,16,Orthopedics,50,bed,32.0
5,2022-04-09,13,Orthopedics,50,bed,26.0
5,2022-04-10,12,Orthopedics,50,bed,24.0
5,2022-04-11,11,Orthopedics,50,bed,22.0
5,2022-04-12,13,Orthopedics,50,bed,26.0
5,2022-04-13,17,Orthopedics,50,bed,34.0
5,2022-04-14,21,Orthopedics,50,bed,42.0
5,2022-04-15,23,Orthopedics,50,bed,46.0
5,2022-04-16,23,Orthopedics,50,bed,46.0
5,2022-04-17,22,Orthopedics,50,bed,44.0
5,2022-04-18,20,Orthopedics,50,bed,40.0
5,2022-04-19,18,Orthopedics,50,bed,36.0
5,2022-04-20,17,Orthopedics,50,bed,34.0
5,2022-04-21,16,Orthopedics,50,bed,32.0
5,2022-04-22,17,Orthopedics,50,bed,34.0
5,2022-04-23,22,Orthopedics,50,bed,44.0
5,2022-04-24,21,Orthopedics,50,bed,42.0
5,2022-04-25,20,Orthopedics,50,bed,40.0
5,2022-04-26,20,Orthopedics,50,bed,40.0
5,2022-04-27,21,Orthopedics,50,bed,42.0
5,2022-04-28,16,Orthopedics,50,bed,32.0
5,2022-04-29,13,Orthopedics,50,bed,26.0
5,2022-04-30,11,Orthopedics,50,bed,22.0
5,2022-05-01,13,Orthopedics,50,bed,26.0
5,2022-05-02,7,Orthopedics,50,bed,14.0
5,2022-05-03,9,Orthopedics,50,bed,18.0
5,2022-05-04,11,Orthopedics,50,bed,22.0
5,2022-05-05,15,Orthopedics,50,bed,30.0
5,2022-05-06,16,Orthopedics,50,bed,32.0
5,2022-05-07,17,Orthopedics,50,bed,34.0
5,2022-05-08,15,Orthopedics,50,bed,30.0
5,2022-05-09,15,Orthopedics,50,bed,30.0
5,2022-05-10,17,Orthopedics,50,bed,34.0
5,2022-05-11,16,Orthopedics,50,bed,32.0
5,2022-05-12,16,Orthopedics,50,bed,32.0
5,2022-05-13,19,Orthopedics,50,bed,38.0
5,2022-05-14,19,Orthopedics,50,bed,38.0
5,2022-05-15,14,Orthopedics,50,bed,28.0
5,2022-05-16,12,Orthopedics,50,bed,24.0
5,2022-05-17,13,Orthopedics,50,bed,26.0
5,2022-05-18,11,Orthopedics,50,bed,22.0
5,2022-05-19,14,Orthopedics,50,bed,28.0
5,2022-05-20,12,Orthopedics,50,bed,24.0
5,2022-05-21,16,Orthopedics,50,bed,32.0
5,2022-05-22,17,Orthopedics,50,bed,34.0
5,2022-05-23,18,Orthopedics,50,bed,36.0
5,2022-05-24,19,Orthopedics,50,bed,38.0
5,2022-05-25,20,Orthopedics,50,bed,40.0
5,2022-05-26,22,Orthopedics,50,bed,44.0
5,2022-05-27,21,Orthopedics,50,bed,42.0
5,2022-05-28,22,Orthopedics,50,bed,44.0
5,2022-05-29,16,Orthopedics,50,bed,32.0
5,2022-05-30,14,Orthopedics,50,bed,28.0
5,2022-05-31,13,Orthopedics,50,bed,26.0
5,2022-06-01,9,Orthopedics,50,bed,18.0
5,2022-06-02,10,Orthopedics,50,bed,20.0
5,2022-06-03,12,Orthopedics,50,bed,24.0
5,2022-06-04,12,Orthopedics,50,bed,24.0
5,2022-06-05,15,Orthopedics,50,bed,30.0
5,2022-06-06,18,Orthopedics,50,bed,36.0
5,2022-06-07,17,Orthopedics,50,bed,34.0
5,2022-06-08,13,Orthopedics,50,bed,26.0
5,2022-06-09,14,Orthopedics,50,bed,28.0
5,2022-06-10,14,Orthopedics,50,bed,28.0
5,2022-06-11,15,Orthopedics,50,bed,30.0
5,2022-06-12,14,Orthopedics,50,bed,28.0
5,2022-06-13,11,Orthopedics,50,bed,22.0
5,2022-06-14,15,Orthopedics,50,bed,30.0
5,2022-06-15,16,Orthopedics,50,bed,32.0
5,2022-06-16,16,Orthopedics,50,bed,32.0
5,2022-06-17,14,Orthopedics,50,bed,28.0
5,2022-06-18,14,Orthopedics,50,bed,28.0
5,2022-06-19,14,Orthopedics,50,bed,28.0
5,2022-06-20,17,Orthopedics,50,bed,34.0
5,2022-06-21,16,Orthopedics,50,bed,32.0
5,2022-06-22,17,Orthopedics,50,bed,34.0
5,2022-06-23,15,Orthopedics,50,bed,30.0
5,2022-06-24,18,Orthopedics,50,bed,36.0
5,2022-06-25,14,Orthopedics,50,bed,28.0
5,2022-06-26,14,Orthopedics,50,bed,28.0
5,2022-06-27,14,Orthopedics,50,bed,28.0
5,2022-06-28,13,Orthopedics,50,bed,26.0
5,2022-06-29,13,Orthopedics,50,bed,26.0
5,2022-06-30,12,Orthopedics,50,bed,24.0
5,2022-07-01,13,Orthopedics,50,bed,26.0
5,2022-07-02,8,Orthopedics,50,bed,16.0
5,2022-07-03,8,Orthopedics,50,bed,16.0
5,2022-07-04,11,Orthopedics,50,bed,22.0
5,2022-07-05,10,Orthopedics,50,bed,20.0
5,2022-07-06,11,Orthopedics,50,bed,22.0
5,2022-07-07,10,Orthopedics,50,bed,20.0
5,2022-07-08,15,Orthopedics,50,bed,30.0
5,2022-07-09,13,Orthopedics,50,bed,26.0
5,2022-07-10,13,Orthopedics,50,bed,26.0
5,2022-07-11,10,Orthopedics,50,bed,20.0
5,2022-07-12,13,Orthopedics,50,bed,26.0
5,2022-07-13,19,Orthopedics,50,bed,38.0
5,2022-07-14,20,Orthopedics,50,bed,40.0
5,2022-07-15,20,Orthopedics,50,bed,40.0
5,2022-07-16,21,Orthopedics,50,bed,42.0
5,2022-07-17,15,Orthopedics,50,bed,30.0
5,2022-07-18,18,Orthopedics,50,bed,36.0
5,2022-07-19,20,Orthopedics,50,bed,40.0
5,2022-07-20,18,Orthopedics,50,bed,36.0
5,2022-07-21,17,Orthopedics,50,bed,34.0
5,2022-07-22,16,Orthopedics,50,bed,32.0
5,2022-07-23,17,Orthopedics,50,bed,34.0
5,2022-07-24,18,Orthopedics,50,bed,36.0
5,2022-07-25,14,Orthopedics,50,bed,28.0
5,2022-07-26,14,Orthopedics,50,bed,28.0
5,2022-07-27,13,Orthopedics,50,bed,26.0
5,2022-07-28,15,Orthopedics,50,bed,30.0
5,2022-07-29,13,Orthopedics,50,bed,26.0
5,2022-07-30,12,Orthopedics,50,bed,24.0
5,2022-07-31,14,Orthopedics,50,bed,28.0
5,2022-08-01,16,Orthopedics,50,bed,32.0
5,2022-08-02,17,Orthopedics,50,bed,34.0
5,2022-08-03,17,Orthopedics,50,bed,34.0
5,2022-08-04,16,Orthopedics,50,bed,32.0
5,2022-08-05,13,Orthopedics,50,bed,26.0
5,2022-08-06,14,Orthopedics,50,bed,28.0
5,2022-08-07,15,Orthopedics,50,bed,30.0
5,2022-08-08,12,Orthopedics,50,bed,24.0
5,2022-08-09,9,Orthopedics,50,bed,18.0
5,2022-08-10,9,Orthopedics,50,bed,18.0
5,2022-08-11,9,Orthopedics,50,bed,18.0
5,2022-08-12,9,Orthopedics,50,bed,18.0
5,2022-08-13,12,Orthopedics,50,bed,24.0
5,2022-08-14,13,Orthopedics,50,bed,26.0
5,2022-08-15,13,Orthopedics,50,bed,26.0
5,2022-08-16,11,Orthopedics,50,bed,22.0
5,2022-08-17,14,Orthopedics,50,bed,28.0
5,2022-08-18,13,Orthopedics,50,bed,26.0
5,2022-08-19,13,Orthopedics,50,bed,26.0
5,2022-08-20,11,Orthopedics,50,bed,22.0
5,2022-08-21,9,Orthopedics,50,bed,18.0
5,2022-08-22,8,Orthopedics,50,bed,16.0
5,2022-08-23,9,Orthopedics,50,bed,18.0
5,2022-08-24,12,Orthopedics,50,bed,24.0
5,2022-08-25,10,Orthopedics,50,bed,20.0
5,2022-08-26,11,Orthopedics,50,bed,22.0
5,2022-08-27,12,Orthopedics,50,bed,24.0
5,2022-08-28,11,Orthopedics,50,bed,22.0
5,2022-08-29,12,Orthopedics,50,bed,24.0
5,2022-08-30,12,Orthopedics,50,bed,24.0
5,2022-08-31,13,Orthopedics,50,bed,26.0
5,2022-09-01,16,Orthopedics,50,bed,32.0
5,2022-09-02,14,Orthopedics,50,bed,28.0
5,2022-09-03,13,Orthopedics,50,bed,26.0
5,2022-09-04,18,Orthopedics,50,bed,36.0
5,2022-09-05,16,Orthopedics,50,bed,32.0
5,2022-09-06,16,Orthopedics,50,bed,32.0
5,2022-09-07,17,Orthopedics,50,bed,34.0
5,2022-09-08,16,Orthopedics,50,bed,32.0
5,2022-09-09,15,Orthopedics,50,bed,30.0
5,2022-09-10,15,Orthopedics,50,bed,30.0
5,2022-09-11,14,Orthopedics,50,bed,28.0
5,2022-09-12,13,Orthopedics,50,bed,26.0
5,2022-09-13,12,Orthopedics,50,bed,24.0
5,2022-09-14,16,Orthopedics,50,bed,32.0
5,2022-09-15,13,Orthopedics,50,bed,26.0
5,2022-09-16,14,Orthopedics,50,bed,28.0
5,2022-09-17,12,Orthopedics,50,bed,24.0
5,2022-09-18,9,Orthopedics,50,bed,18.0
5,2022-09-19,9,Orthopedics,50,bed,18.0
5,2022-09-20,8,Orthopedics,50,bed,16.0
5,2022-09-21,13,Orthopedics,50,bed,26.0
5,2022-09-22,15,Orthopedics,50,bed,30.0
5,2022-09-23,14,Orthopedics,50,bed,28.0
5,2022-09-24,12,Orthopedics,50,bed,24.0
5,2022-09-25,9,Orthopedics,50,bed,18.0
5,2022-09-26,10,Orthopedics,50,bed,20.0
5,2022-09-27,12,Orthopedics,50,bed,24.0
5,2022-09-28,11,Orthopedics,50,bed,22.0
5,2022-09-29,12,Orthopedics,50,bed,24.0
5,2022-09-30,15,Orthopedics,50,bed,30.0
5,2022-10-01,14,Orthopedics,50,bed,28.0
5,2022-10-02,18,Orthopedics,50,bed,36.0
5,2022-10-03,18,Orthopedics,50,bed,36.0
5,2022-10-04,18,Orthopedics,50,bed,36.0
5,2022-10-05,15,Orthopedics,50,bed,30.0
5,2022-10-06,16,Orthopedics,50,bed,32.0
5,2022-10-07,17,Orthopedics,50,bed,34.0
5,2022-10-08,15,Orthopedics,50,bed,30.0
5,2022-10-09,15,Orthopedics,50,bed,30.0
5,2022-10-10,15,Orthopedics,50,bed,30.0
5,2022-10-11,17,Orthopedics,50,bed,34.0
5,2022-10-12,14,Orthopedics,50,bed,28.0
5,2022-10-13,11,Orthopedics,50,bed,22.0
5,2022-10-14,10,Orthopedics,50,bed,20.0
5,2022-10-15,9,Orthopedics,50,bed,18.0
5,2022-10-16,12,Orthopedics,50,bed,24.0
5,2022-10-17,14,Orthopedics,50,bed,28.0
5,2022-10-18,17,Orthopedics,50,bed,34.0
5,2022-10-19,19,Orthopedics,50,bed,38.0
5,2022-10-20,16,Orthopedics,50,bed,32.0
5,2022-10-21,21,Orthopedics,50,bed,42.0
5,2022-10-22,22,Orthopedics,50,bed,44.0
5,2022-10-23,22,Orthopedics,50,bed,44.0
5,2022-10-24,23,Orthopedics,50,bed,46.0
5,2022-10-25,24,Orthopedics,50,bed,48.0
5,2022-10-26,23,Orthopedics,50,bed,46.0
5,2022-10-27,22,Orthopedics,50,bed,44.0
5,2022-10-28,18,Orthopedics,50,bed,36.0
5,2022-10-29,19,Orthopedics,50,bed,38.0
5,2022-10-30,16,Orthopedics,50,bed,32.0
5,2022-10-31,16,Orthopedics,50,bed,32.0
5,2022-11-01,16,Orthopedics,50,bed,32.0
5,2022-11-02,19,Orthopedics,50,bed,38.0
5,2022-11-03,17,Orthopedics,50,bed,34.0
5,2022-11-04,17,Orthopedics,50,bed,34.0
5,2022-11-05,12,Orthopedics,50,bed,24.0
5,2022-11-06,10,Orthopedics,50,bed,20.0
5,2022-11-07,10,Orthopedics,50,bed,20.0
5,2022-11-08,14,Orthopedics,50,bed,28.0
5,2022-11-09,11,Orthopedics,50,bed,22.0
5,2022-11-10,10,Orthopedics,50,bed,20.0
5,2022-11-11,13,Orthopedics,50,bed,26.0
5,2022-11-12,15,Orthopedics,50,bed,30.0
5,2022-11-13,15,Orthopedics,50,bed,30.0
5,2022-11-14,18,Orthopedics,50,bed,36.0
5,2022-11-15,23,Orthopedics,50,bed,46.0
5,2022-11-16,21,Orthopedics,50,bed,42.0
5,2022-11-17,19,Orthopedics,50,bed,38.0
5,2022-11-18,22,Orthopedics,50,bed,44.0
5,2022-11-19,21,Orthopedics,50,bed,42.0
5,2022-11-20,18,Orthopedics,50,bed,36.0
5,2022-11-21,18,Orthopedics,50,bed,36.0
5,2022-11-22,21,Orthopedics,50,bed,42.0
5,2022-11-23,19,Orthopedics,50,bed,38.0
5,2022-11-24,18,Orthopedics,50,bed,36.0
5,2022-11-25,16,Orthopedics,50,bed,32.0
5,2022-11-26,13,Orthopedics,50,bed,26.0
5,2022-11-27,16,Orthopedics,50,bed,32.0
5,2022-11-28,15,Orthopedics,50,bed,30.0
5,2022-11-29,12,Orthopedics,50,bed,24.0
5,2022-11-30,8,Orthopedics,50,bed,16.0
5,2022-12-01,9,Orthopedics,50,bed,18.0
5,2022-12-02,9,Orthopedics,50,bed,18.0
5,2022-12-03,16,Orthopedics,50,bed,32.0
5,2022-12-04,15,Orthopedics,50,bed,30.0
5,2022-12-05,19,Orthopedics,50,bed,38.0
5,2022-12-06,17,Orthopedics,50,bed,34.0
5,2022-12-07,15,Orthopedics,50,bed,30.0
5,2022-12-08,16,Orthopedics,50,bed,32.0
5,2022-12-09,15,Orthopedics,50,bed,30.0
5,2022-12-10,18,Orthopedics,50,bed,36.0
5,2022-12-11,16,Orthopedics,50,bed,32.0
5,2022-12-12,17,Orthopedics,50,bed,34.0
5,2022-12-13,19,Orthopedics,50,bed,38.0
5,2022-12-14,15,Orthopedics,50,bed,30.0
5,2022-12-15,17,Orthopedics,50,bed,34.0
5,2022-12-16,18,Orthopedics,50,bed,36.0
5,2022-12-17,22,Orthopedics,50,bed,44.0
5,2022-12-18,22,Orthopedics,50,bed,44.0
5,2022-12-19,19,Orthopedics,50,bed,38.0
5,2022-12-20,20,Orthopedics,50,bed,40.0
5,2022-12-21,13,Orthopedics,50,bed,26.0
5,2022-12-22,11,Orthopedics,50,bed,22.0
5,2022-12-23,13,Orthopedics,50,bed,26.0
5,2022-12-24,11,Orthopedics,50,bed,22.0
5,2022-12-25,14,Orthopedics,50,bed,28.0
5,2022-12-26,14,Orthopedics,50,bed,28.0
5,2022-12-27,17,Orthopedics,50,bed,34.0
5,2022-12-28,15,Orthopedics,50,bed,30.0
5,2022-12-29,14,Orthopedics,50,bed,28.0
5,2022-12-30,12,Orthopedics,50,bed,24.0
5,2022-12-31,10,Orthopedics,50,bed,20.0
5,2023-01-01,12,Orthopedics,50,bed,24.0
5,2023-01-02,14,Orthopedics,50,bed,28.0
5,2023-01-03,15,Orthopedics,50,bed,30.0
5,2023-01-04,14,Orthopedics,50,bed,28.0
5,2023-01-05,13,Orthopedics,50,bed,26.0
5,2023-01-06,14,Orthopedics,50,bed,28.0
5,2023-01-07,16,Orthopedics,50,bed,32.0
5,2023-01-08,18,Orthopedics,50,bed,36.0
5,2023-01-09,16,Orthopedics,50,bed,32.0
5,2023-01-10,13,Orthopedics,50,bed,26.0
5,2023-01-11,18,Orthopedics,50,bed,36.0
5,2023-01-12,18,Orthopedics,50,bed,36.0
5,2023-01-13,19,Orthopedics,50,bed,38.0
5,2023-01-14,18,Orthopedics,50,bed,36.0
5,2023-01-15,17,Orthopedics,50,bed,34.0
5,2023-01-16,17,Orthopedics,50,bed,34.0
5,2023-01-17,18,Orthopedics,50,bed,36.0
5,2023-01-18,16,Orthopedics,50,bed,32.0
5,2023-01-19,16,Orthopedics,50,bed,32.0
5,2023-01-20,18,Orthopedics,50,bed,36.0
5,2023-01-21,14,Orthopedics,50,bed,28.0
5,2023-01-22,17,Orthopedics,50,bed,34.0
5,2023-01-23,15,Orthopedics,50,bed,30.0
5,2023-01-24,13,Orthopedics,50,bed,26.0
5,2023-01-25,13,Orthopedics,50,bed,26.0
5,2023-01-26,11,Orthopedics,50,bed,22.0
5,2023-01-27,13,Orthopedics,50,bed,26.0
5,2023-01-28,13,Orthopedics,50,bed,26.0
5,2023-01-29,17,Orthopedics,50,bed,34.0
5,2023-01-30,16,Orthopedics,50,bed,32.0
5,2023-01-31,16,Orthopedics,50,bed,32.0
5,2023-02-01,15,Orthopedics,50,bed,30.0
5,2023-02-02,14,Orthopedics,50,bed,28.0
5,2023-02-03,11,Orthopedics,50,bed,22.0
5,2023-02-04,12,Orthopedics,50,bed,24.0
5,2023-02-05,11,Orthopedics,50,bed,22.0
5,2023-02-06,8,Orthopedics,50,bed,16.0
5,2023-02-07,10,Orthopedics,50,bed,20.0
5,2023-02-08,13,Orthopedics,50,bed,26.0
5,2023-02-09,19,Orthopedics,50,bed,38.0
5,2023-02-10,17,Orthopedics,50,bed,34.0
5,2023-02-11,18,Orthopedics,50,bed,36.0
5,2023-02-12,18,Orthopedics,50,bed,36.0
5,2023-02-13,18,Orthopedics,50,bed,36.0
5,2023-02-14,17,Orthopedics,50,bed,34.0
5,2023-02-15,15,Orthopedics,50,bed,30.0
5,2023-02-16,14,Orthopedics,50,bed,28.0
5,2023-02-17,10,Orthopedics,50,bed,20.0
5,2023-02-18,10,Orthopedics,50,bed,20.0
5,2023-02-19,11,Orthopedics,50,bed,22.0
5,2023-02-20,10,Orthopedics,50,bed,20.0
5,2023-02-21,15,Orthopedics,50,bed,30.0
5,2023-02-22,14,Orthopedics,50,bed,28.0
5,2023-02-23,9,Orthopedics,50,bed,18.0
5,2023-02-24,10,Orthopedics,50,bed,20.0
5,2023-02-25,8,Orthopedics,50,bed,16.0
5,2023-02-26,5,Orthopedics,50,bed,10.0
5,2023-02-27,9,Orthopedics,50,bed,18.0
5,2023-02-28,10,Orthopedics,50,bed,20.0
5,2023-03-01,12,Orthopedics,50,bed,24.0
5,2023-03-02,15,Orthopedics,50,bed,30.0
5,2023-03-03,15,Orthopedics,50,bed,30.0
5,2023-03-04,20,Orthopedics,50,bed,40.0
5,2023-03-05,19,Orthopedics,50,bed,38.0
5,2023-03-06,20,Orthopedics,50,bed,40.0
5,2023-03-07,19,Orthopedics,50,bed,38.0
5,2023-03-08,22,Orthopedics,50,bed,44.0
5,2023-03-09,22,Orthopedics,50,bed,44.0
5,2023-03-10,21,Orthopedics,50,bed,42.0
5,2023-03-11,19,Orthopedics,50,bed,38.0
5,2023-03-12,21,Orthopedics,50,bed,42.0
5,2023-03-13,17,Orthopedics,50,bed,34.0
5,2023-03-14,19,Orthopedics,50,bed,38.0
5,2023-03-15,22,Orthopedics,50,bed,44.0
5,2023-03-16,23,Orthopedics,50,bed,46.0
5,2023-03-17,20,Orthopedics,50,bed,40.0
5,2023-03-18,19,Orthopedics,50,bed,38.0
5,2023-03-19,14,Orthopedics,50,bed,28.0
5,2023-03-20,12,Orthopedics,50,bed,24.0
5,2023-03-21,12,Orthopedics,50,bed,24.0
5,2023-03-22,12,Orthopedics,50,bed,24.0
5,2023-03-23,12,Orthopedics,50,bed,24.0
5,2023-03-24,10,Orthopedics,50,bed,20.0
5,2023-03-25,8,Orthopedics,50,bed,16.0
5,2023-03-26,8,Orthopedics,50,bed,16.0
5,2023-03-27,8,Orthopedics,50,bed,16.0
5,2023-03-28,10,Orthopedics,50,bed,20.0
5,2023-03-29,9,Orthopedics,50,bed,18.0
5,2023-03-30,11,Orthopedics,50,bed,22.0
5,2023-03-31,13,Orthopedics,50,bed,26.0
5,2023-04-01,17,Orthopedics,50,bed,34.0
5,2023-04-02,15,Orthopedics,50,bed,30.0
5,2023-04-03,18,Orthopedics,50,bed,36.0
5,2023-04-04,16,Orthopedics,50,bed,32.0
5,2023-04-05,15,Orthopedics,50,bed,30.0
5,2023-04-06,13,Orthopedics,50,bed,26.0
5,2023-04-07,15,Orthopedics,50,bed,30.0
5,2023-04-08,18,Orthopedics,50,bed,36.0
5,2023-04-09,13,Orthopedics,50,bed,26.0
5,2023-04-10,12,Orthopedics,50,bed,24.0
5,2023-04-11,14,Orthopedics,50,bed,28.0
5,2023-04-12,14,Orthopedics,50,bed,28.0
5,2023-04-13,12,Orthopedics,50,bed,24.0
5,2023-04-14,10,Orthopedics,50,bed,20.0
5,2023-04-15,10,Orthopedics,50,bed,20.0
5,2023-04-16,13,Orthopedics,50,bed,26.0
5,2023-04-17,13,Orthopedics,50,bed,26.0
5,2023-04-18,14,Orthopedics,50,bed,28.0
5,2023-04-19,14,Orthopedics,50,bed,28.0
5,2023-04-20,16,Orthopedics,50,bed,32.0
5,2023-04-21,13,Orthopedics,50,bed,26.0
5,2023-04-22,12,Orthopedics,50,bed,24.0
5,2023-04-23,13,Orthopedics,50,bed,26.0
5,2023-04-24,12,Orthopedics,50,bed,24.0
5,2023-04-25,12,Orthopedics,50,bed,24.0
5,2023-04-26,12,Orthopedics,50,bed,24.0
5,2023-04-27,14,Orthopedics,50,bed,28.0
5,2023-04-28,15,Orthopedics,50,bed,30.0
5,2023-04-29,21,Orthopedics,50,bed,42.0
5,2023-04-30,21,Orthopedics,50,bed,42.0
5,2023-05-01,19,Orthopedics,50,bed,38.0
5,2023-05-02,18,Orthopedics,50,bed,36.0
5,2023-05-03,14,Orthopedics,50,bed,28.0
5,2023-05-04,14,Orthopedics,50,bed,28.0
5,2023-05-05,14,Orthopedics,50,bed,28.0
5,2023-05-06,7,Orthopedics,50,bed,14.0
5,2023-05-07,7,Orthopedics,50,bed,14.0
5,2023-05-08,11,Orthopedics,50,bed,22.0
5,2023-05-09,12,Orthopedics,50,bed,24.0
5,2023-05-10,12,Orthopedics,50,bed,24.0
5,2023-05-11,11,Orthopedics,50,bed,22.0
5,2023-05-12,15,Orthopedics,50,bed,30.0
5,2023-05-13,12,Orthopedics,50,bed,24.0
5,2023-05-14,16,Orthopedics,50,bed,32.0
5,2023-05-15,15,Orthopedics,50,bed,30.0
5,2023-05-16,14,Orthopedics,50,bed,28.0
5,2023-05-17,18,Orthopedics,50,bed,36.0
5,2023-05-18,20,Orthopedics,50,bed,40.0
5,2023-05-19,18,Orthopedics,50,bed,36.0
5,2023-05-20,20,Orthopedics,50,bed,40.0
5,2023-05-21,17,Orthopedics,50,bed,34.0
5,2023-05-22,22,Orthopedics,50,bed,44.0
5,2023-05-23,24,Orthopedics,50,bed,48.0
5,2023-05-24,21,Orthopedics,50,bed,42.0
5,2023-05-25,21,Orthopedics,50,bed,42.0
5,2023-05-26,18,Orthopedics,50,bed,36.0
5,2023-05-27,18,Orthopedics,50,bed,36.0
5,2023-05-28,20,Orthopedics,50,bed,40.0
5,2023-05-29,19,Orthopedics,50,bed,38.0
5,2023-05-30,17,Orthopedics,50,bed,34.0
5,2023-05-31,17,Orthopedics,50,bed,34.0
5,2023-06-01,10,Orthopedics,50,bed,20.0
5,2023-06-02,10,Orthopedics,50,bed,20.0
5,2023-06-03,12,Orthopedics,50,bed,24.0
5,2023-06-04,12,Orthopedics,50,bed,24.0
5,2023-06-05,12,Orthopedics,50,bed,24.0
5,2023-06-06,15,Orthopedics,50,bed,30.0
5,2023-06-07,14,Orthopedics,50,bed,28.0
5,2023-06-08,14,Orthopedics,50,bed,28.0
5,2023-06-09,19,Orthopedics,50,bed,38.0
5,2023-06-10,21,Orthopedics,50,bed,42.0
5,2023-06-11,18,Orthopedics,50,bed,36.0
5,2023-06-12,20,Orthopedics,50,bed,40.0
5,2023-06-13,18,Orthopedics,50,bed,36.0
5,2023-06-14,14,Orthopedics,50,bed,28.0
5,2023-06-15,13,Orthopedics,50,bed,26.0
5,2023-06-16,11,Orthopedics,50,bed,22.0
5,2023-06-17,15,Orthopedics,50,bed,30.0
5,2023-06-18,19,Orthopedics,50,bed,38.0
5,2023-06-19,15,Orthopedics,50,bed,30.0
5,2023-06-20,17,Orthopedics,50,bed,34.0
5,2023-06-21,18,Orthopedics,50,bed,36.0
5,2023-06-22,18,Orthopedics,50,bed,36.0
5,2023-06-23,21,Orthopedics,50,bed,42.0
5,2023-06-24,20,Orthopedics,50,bed,40.0
5,2023-06-25,19,Orthopedics,50,bed,38.0
5,2023-06-26,12,Orthopedics,50,bed,24.0
5,2023-06-27,15,Orthopedics,50,bed,30.0
5,2023-06-28,10,Orthopedics,50,bed,20.0
5,2023-06-29,13,Orthopedics,50,bed,26.0
5,2023-06-30,11,Orthopedics,50,bed,22.0
5,2023-07-01,11,Orthopedics,50,bed,22.0
5,2023-07-02,12,Orthopedics,50,bed,24.0
5,2023-07-03,8,Orthopedics,50,bed,16.0
5,2023-07-04,14,Orthopedics,50,bed,28.0
5,2023-07-05,11,Orthopedics,50,bed,22.0
5,2023-07-06,10,Orthopedics,50,bed,20.0
5,2023-07-07,12,Orthopedics,50,bed,24.0
5,2023-07-08,11,Orthopedics,50,bed,22.0
5,2023-07-09,9,Orthopedics,50,bed,18.0
5,2023-07-10,9,Orthopedics,50,bed,18.0
5,2023-07-11,11,Orthopedics,50,bed,22.0
5,2023-07-12,11,Orthopedics,50,bed,22.0
5,2023-07-13,13,Orthopedics,50,bed,26.0
5,2023-07-14,17,Orthopedics,50,bed,34.0
5,2023-07-15,17,Orthopedics,50,bed,34.0
5,2023-07-16,18,Orthopedics,50,bed,36.0
5,2023-07-17,16,Orthopedics,50,bed,32.0
5,2023-07-18,14,Orthopedics,50,bed,28.0
5,2023-07-19,13,Orthopedics,50,bed,26.0
5,2023-07-20,13,Orthopedics,50,bed,26.0
5,2023-07-21,16,Orthopedics,50,bed,32.0
5,2023-07-22,16,Orthopedics,50,bed,32.0
5,2023-07-23,19,Orthopedics,50,bed,38.0
5,2023-07-24,19,Orthopedics,50,bed,38.0
5,2023-07-25,17,Orthopedics,50,bed,34.0
5,2023-07-26,16,Orthopedics,50,bed,32.0
5,2023-07-27,12,Orthopedics,50,bed,24.0
5,2023-07-28,15,Orthopedics,50,bed,30.0
5,2023-07-29,13,Orthopedics,50,bed,26.0
5,2023-07-30,13,Orthopedics,50,bed,26.0
5,2023-07-31,17,Orthopedics,50,bed,34.0
5,2023-08-01,20,Orthopedics,50,bed,40.0
5,2023-08-02,21,Orthopedics,50,bed,42.0
5,2023-08-03,12,Orthopedics,50,bed,24.0
5,2023-08-04,14,Orthopedics,50,bed,28.0
5,2023-08-05,13,Orthopedics,50,bed,26.0
5,2023-08-06,14,Orthopedics,50,bed,28.0
5,2023-08-07,12,Orthopedics,50,bed,24.0
5,2023-08-08,10,Orthopedics,50,bed,20.0
5,2023-08-09,10,Orthopedics,50,bed,20.0
5,2023-08-10,13,Orthopedics,50,bed,26.0
5,2023-08-11,11,Orthopedics,50,bed,22.0
5,2023-08-12,13,Orthopedics,50,bed,26.0
5,2023-08-13,14,Orthopedics,50,bed,28.0
5,2023-08-14,15,Orthopedics,50,bed,30.0
5,2023-08-15,12,Orthopedics,50,bed,24.0
5,2023-08-16,17,Orthopedics,50,bed,34.0
5,2023-08-17,16,Orthopedics,50,bed,32.0
5,2023-08-18,17,Orthopedics,50,bed,34.0
5,2023-08-19,15,Orthopedics,50,bed,30.0
5,2023-08-20,16,Orthopedics,50,bed,32.0
5,2023-08-21,16,Orthopedics,50,bed,32.0
5,2023-08-22,18,Orthopedics,50,bed,36.0
5,2023-08-23,17,Orthopedics,50,bed,34.0
5,2023-08-24,13,Orthopedics,50,bed,26.0
5,2023-08-25,11,Orthopedics,50,bed,22.0
5,2023-08-26,12,Orthopedics,50,bed,24.0
5,2023-08-27,13,Orthopedics,50,bed,26.0
5,2023-08-28,14,Orthopedics,50,bed,28.0
5,2023-08-29,11,Orthopedics,50,bed,22.0
5,2023-08-30,9,Orthopedics,50,bed,18.0
5,2023-08-31,13,Orthopedics,50,bed,26.0
5,2023-09-01,14,Orthopedics,50,bed,28.0
5,2023-09-02,14,Orthopedics,50,bed,28.0
5,2023-09-03,18,Orthopedics,50,bed,36.0
5,2023-09-04,20,Orthopedics,50,bed,40.0
5,2023-09-05,19,Orthopedics,50,bed,38.0
5,2023-09-06,16,Orthopedics,50,bed,32.0
5,2023-09-07,16,Orthopedics,50,bed,32.0
5,2023-09-08,19,Orthopedics,50,bed,38.0
5,2023-09-09,18,Orthopedics,50,bed,36.0
5,2023-09-10,18,Orthopedics,50,bed,36.0
5,2023-09-11,18,Orthopedics,50,bed,36.0
5,2023-09-12,18,Orthopedics,50,bed,36.0
5,2023-09-13,20,Orthopedics,50,bed,40.0
5,2023-09-14,20,Orthopedics,50,bed,40.0
5,2023-09-15,18,Orthopedics,50,bed,36.0
5,2023-09-16,20,Orthopedics,50,bed,40.0
5,2023-09-17,18,Orthopedics,50,bed,36.0
5,2023-09-18,17,Orthopedics,50,bed,34.0
5,2023-09-19,14,Orthopedics,50,bed,28.0
5,2023-09-20,17,Orthopedics,50,bed,34.0
5,2023-09-21,17,Orthopedics,50,bed,34.0
5,2023-09-22,21,Orthopedics,50,bed,42.0
5,2023-09-23,17,Orthopedics,50,bed,34.0
5,2023-09-24,14,Orthopedics,50,bed,28.0
5,2023-09-25,15,Orthopedics,50,bed,30.0
5,2023-09-26,16,Orthopedics,50,bed,32.0
5,2023-09-27,18,Orthopedics,50,bed,36.0
5,2023-09-28,16,Orthopedics,50,bed,32.0
5,2023-09-29,18,Orthopedics,50,bed,36.0
5,2023-09-30,17,Orthopedics,50,bed,34.0
5,2023-10-01,16,Orthopedics,50,bed,32.0
5,2023-10-02,21,Orthopedics,50,bed,42.0
5,2023-10-03,20,Orthopedics,50,bed,40.0
5,2023-10-04,20,Orthopedics,50,bed,40.0
5,2023-10-05,20,Orthopedics,50,bed,40.0
5,2023-10-06,18,Orthopedics,50,bed,36.0
5,2023-10-07,21,Orthopedics,50,bed,42.0
5,2023-10-08,19,Orthopedics,50,bed,38.0
5,2023-10-09,22,Orthopedics,50,bed,44.0
5,2023-10-10,21,Orthopedics,50,bed,42.0
5,2023-10-11,21,Orthopedics,50,bed,42.0
5,2023-10-12,15,Orthopedics,50,bed,30.0
5,2023-10-13,16,Orthopedics,50,bed,32.0
5,2023-10-14,14,Orthopedics,50,bed,28.0
5,2023-10-15,14,Orthopedics,50,bed,28.0
5,2023-10-16,13,Orthopedics,50,bed,26.0
5,2023-10-17,12,Orthopedics,50,bed,24.0
5,2023-10-18,11,Orthopedics,50,bed,22.0
5,2023-10-19,15,Orthopedics,50,bed,30.0
5,2023-10-20,17,Orthopedics,50,bed,34.0
5,2023-10-21,17,Orthopedics,50,bed,34.0
5,2023-10-22,13,Orthopedics,50,bed,26.0
5,2023-10-23,12,Orthopedics,50,bed,24.0
5,2023-10-24,12,Orthopedics,50,bed,24.0
5,2023-10-25,14,Orthopedics,50,bed,28.0
5,2023-10-26,15,Orthopedics,50,bed,30.0
5,2023-10-27,16,Orthopedics,50,bed,32.0
5,2023-10-28,15,Orthopedics,50,bed,30.0
5,2023-10-29,15,Orthopedics,50,bed,30.0
5,2023-10-30,15,Orthopedics,50,bed,30.0
5,2023-10-31,17,Orthopedics,50,bed,34.0
5,2023-11-01,17,Orthopedics,50,bed,34.0
5,2023-11-02,15,Orthopedics,50,bed,30.0
5,2023-11-03,13,Orthopedics,50,bed,26.0
5,2023-11-04,9,Orthopedics,50,bed,18.0
5,2023-11-05,9,Orthopedics,50,bed,18.0
5,2023-11-06,9,Orthopedics,50,bed,18.0
5,2023-11-07,9,Orthopedics,50,bed,18.0
5,2023-11-08,10,Orthopedics,50,bed,20.0
5,2023-11-09,9,Orthopedics,50,bed,18.0
5,2023-11-10,9,Orthopedics,50,bed,18.0
5,2023-11-11,14,Orthopedics,50,bed,28.0
5,2023-11-12,17,Orthopedics,50,bed,34.0
5,2023-11-13,18,Orthopedics,50,bed,36.0
5,2023-11-14,20,Orthopedics,50,bed,40.0
5,2023-11-15,17,Orthopedics,50,bed,34.0
5,2023-11-16,20,Orthopedics,50,bed,40.0
5,2023-11-17,26,Orthopedics,50,bed,52.0
5,2023-11-18,21,Orthopedics,50,bed,42.0
5,2023-11-19,16,Orthopedics,50,bed,32.0
5,2023-11-20,17,Orthopedics,50,bed,34.0
5,2023-11-21,13,Orthopedics,50,bed,26.0
5,2023-11-22,11,Orthopedics,50,bed,22.0
5,2023-11-23,10,Orthopedics,50,bed,20.0
5,2023-11-24,12,Orthopedics,50,bed,24.0
5,2023-11-25,12,Orthopedics,50,bed,24.0
5,2023-11-26,11,Orthopedics,50,bed,22.0
5,2023-11-27,13,Orthopedics,50,bed,26.0
5,2023-11-28,15,Orthopedics,50,bed,30.0
5,2023-11-29,15,Orthopedics,50,bed,30.0
5,2023-11-30,14,Orthopedics,50,bed,28.0
5,2023-12-01,13,Orthopedics,50,bed,26.0
5,2023-12-02,12,Orthopedics,50,bed,24.0
5,2023-12-03,13,Orthopedics,50,bed,26.0
5,2023-12-04,11,Orthopedics,50,bed,22.0
5,2023-12-05,13,Orthopedics,50,bed,26.0
5,2023-12-06,14,Orthopedics,50,bed,28.0
5,2023-12-07,16,Orthopedics,50,bed,32.0
5,2023-12-08,13,Orthopedics,50,bed,26.0
5,2023-12-09,14,Orthopedics,50,bed,28.0
5,2023-12-10,16,Orthopedics,50,bed,32.0
5,2023-12-11,16,Orthopedics,50,bed,32.0
5,2023-12-12,15,Orthopedics,50,bed,30.0
5,2023-12-13,15,Orthopedics,50,bed,30.0
5,2023-12-14,11,Orthopedics,50,bed,22.0
5,2023-12-15,15,Orthopedics,50,bed,30.0
5,2023-12-16,12,Orthopedics,50,bed,24.0
5,2023-12-17,15,Orthopedics,50,bed,30.0
5,2023-12-18,17,Orthopedics,50,bed,34.0
5,2023-12-19,13,Orthopedics,50,bed,26.0
5,2023-12-20,13,Orthopedics,50,bed,26.0
5,2023-12-21,10,Orthopedics,50,bed,20.0
5,2023-12-22,11,Orthopedics,50,bed,22.0
5,2023-12-23,14,Orthopedics,50,bed,28.0
5,2023-12-24,15,Orthopedics,50,bed,30.0
5,2023-12-25,14,Orthopedics,50,bed,28.0
5,2023-12-26,14,Orthopedics,50,bed,28.0
5,2023-12-27,14,Orthopedics,50,bed,28.0
5,2023-12-28,10,Orthopedics,50,bed,20.0
5,2023-12-29,13,Orthopedics,50,bed,26.0
5,2023-12-30,14,Orthopedics,50,bed,28.0
5,2023-12-31,11,Orthopedics,50,bed,22.0
5,2024-01-01,12,Orthopedics,50,bed,24.0
5,2024-01-02,13,Orthopedics,50,bed,26.0
5,2024-01-03,13,Orthopedics,50,bed,26.0
5,2024-01-04,18,Orthopedics,50,bed,36.0
5,2024-01-05,18,Orthopedics,50,bed,36.0
5,2024-01-06,21,Orthopedics,50,bed,42.0
5,2024-01-07,20,Orthopedics,50,bed,40.0
5,2024-01-08,22,Orthopedics,50,bed,44.0
5,2024-01-09,25,Orthopedics,50,bed,50.0
5,2024-01-10,22,Orthopedics,50,bed,44.0
5,2024-01-11,21,Orthopedics,50,bed,42.0
5,2024-01-12,21,Orthopedics,50,bed,42.0
5,2024-01-13,18,Orthopedics,50,bed,36.0
5,2024-01-14,19,Orthopedics,50,bed,38.0
5,2024-01-15,15,Orthopedics,50,bed,30.0
5,2024-01-16,13,Orthopedics,50,bed,26.0
5,2024-01-17,15,Orthopedics,50,bed,30.0
5,2024-01-18,14,Orthopedics,50,bed,28.0
5,2024-01-19,19,Orthopedics,50,bed,38.0
5,2024-01-20,17,Orthopedics,50,bed,34.0
5,2024-01-21,18,Orthopedics,50,bed,36.0
5,2024-01-22,23,Orthopedics,50,bed,46.0
5,2024-01-23,22,Orthopedics,50,bed,44.0
5,2024-01-24,22,Orthopedics,50,bed,44.0
5,2024-01-25,20,Orthopedics,50,bed,40.0
5,2024-01-26,23,Orthopedics,50,bed,46.0
5,2024-01-27,21,Orthopedics,50,bed,42.0
5,2024-01-28,16,Orthopedics,50,bed,32.0
5,2024-01-29,17,Orthopedics,50,bed,34.0
5,2024-01-30,15,Orthopedics,50,bed,30.0
5,2024-01-31,15,Orthopedics,50,bed,30.0
5,2024-02-01,17,Orthopedics,50,bed,34.0
5,2024-02-02,18,Orthopedics,50,bed,36.0
5,2024-02-03,18,Orthopedics,50,bed,36.0
5,2024-02-04,21,Orthopedics,50,bed,42.0
5,2024-02-05,19,Orthopedics,50,bed,38.0
5,2024-02-06,19,Orthopedics,50,bed,38.0
5,2024-02-07,13,Orthopedics,50,bed,26.0
5,2024-02-08,11,Orthopedics,50,bed,22.0
5,2024-02-09,11,Orthopedics,50,bed,22.0
5,2024-02-10,11,Orthopedics,50,bed,22.0
5,2024-02-11,13,Orthopedics,50,bed,26.0
5,2024-02-12,12,Orthopedics,50,bed,24.0
5,2024-02-13,12,Orthopedics,50,bed,24.0
5,2024-02-14,15,Orthopedics,50,bed,30.0
5,2024-02-15,18,Orthopedics,50,bed,36.0
5,2024-02-16,18,Orthopedics,50,bed,36.0
5,2024-02-17,18,Orthopedics,50,bed,36.0
5,2024-02-18,16,Orthopedics,50,bed,32.0
5,2024-02-19,17,Orthopedics,50,bed,34.0
5,2024-02-20,16,Orthopedics,50,bed,32.0
5,2024-02-21,18,Orthopedics,50,bed,36.0
5,2024-02-22,15,Orthopedics,50,bed,30.0
5,2024-02-23,15,Orthopedics,50,bed,30.0
5,2024-02-24,9,Orthopedics,50,bed,18.0
5,2024-02-25,9,Orthopedics,50,bed,18.0
5,2024-02-26,9,Orthopedics,50,bed,18.0
5,2024-02-27,12,Orthopedics,50,bed,24.0
5,2024-02-28,14,Orthopedics,50,bed,28.0
5,2024-02-29,12,Orthopedics,50,bed,24.0
5,2024-03-01,15,Orthopedics,50,bed,30.0
5,2024-03-02,13,Orthopedics,50,bed,26.0
5,2024-03-03,14,Orthopedics,50,bed,28.0
5,2024-03-04,14,Orthopedics,50,bed,28.0
5,2024-03-05,12,Orthopedics,50,bed,24.0
5,2024-03-06,9,Orthopedics,50,bed,18.0
5,2024-03-07,12,Orthopedics,50,bed,24.0
5,2024-03-08,14,Orthopedics,50,bed,28.0
5,2024-03-09,16,Orthopedics,50,bed,32.0
5,2024-03-10,15,Orthopedics,50,bed,30.0
5,2024-03-11,15,Orthopedics,50,bed,30.0
5,2024-03-12,13,Orthopedics,50,bed,26.0
5,2024-03-13,21,Orthopedics,50,bed,42.0
5,2024-03-14,26,Orthopedics,50,bed,52.0
5,2024-03-15,28,Orthopedics,50,bed,56.0
5,2024-03-16,29,Orthopedics,50,bed,58.0
5,2024-03-17,23,Orthopedics,50,bed,46.0
5,2024-03-18,20,Orthopedics,50,bed,40.0
5,2024-03-19,16,Orthopedics,50,bed,32.0
5,2024-03-20,17,Orthopedics,50,bed,34.0
5,2024-03-21,17,Orthopedics,50,bed,34.0
5,2024-03-22,21,Orthopedics,50,bed,42.0
5,2024-03-23,20,Orthopedics,50,bed,40.0
5,2024-03-24,21,Orthopedics,50,bed,42.0
5,2024-03-25,19,Orthopedics,50,bed,38.0
5,2024-03-26,18,Orthopedics,50,bed,36.0
5,2024-03-27,21,Orthopedics,50,bed,42.0
5,2024-03-28,19,Orthopedics,50,bed,38.0
5,2024-03-29,23,Orthopedics,50,bed,46.0
5,2024-03-30,19,Orthopedics,50,bed,38.0
5,2024-03-31,18,Orthopedics,50,bed,36.0
5,2024-04-01,17,Orthopedics,50,bed,34.0
5,2024-04-02,17,Orthopedics,50,bed,34.0
5,2024-04-03,16,Orthopedics,50,bed,32.0
5,2024-04-04,14,Orthopedics,50,bed,28.0
5,2024-04-05,13,Orthopedics,50,bed,26.0
5,2024-04-06,14,Orthopedics,50,bed,28.0
5,2024-04-07,14,Orthopedics,50,bed,28.0
5,2024-04-08,13,Orthopedics,50,bed,26.0
5,2024-04-09,11,Orthopedics,50,bed,22.0
5,2024-04-10,11,Orthopedics,50,bed,22.0
5,2024-04-11,14,Orthopedics,50,bed,28.0
5,2024-04-12,15,Orthopedics,50,bed,30.0
5,2024-04-13,13,Orthopedics,50,bed,26.0
5,2024-04-14,11,Orthopedics,50,bed,22.0
5,2024-04-15,12,Orthopedics,50,bed,24.0
5,2024-04-16,9,Orthopedics,50,bed,18.0
5,2024-04-17,14,Orthopedics,50,bed,28.0
5,2024-04-18,15,Orthopedics,50,bed,30.0
5,2024-04-19,15,Orthopedics,50,bed,30.0
5,2024-04-20,17,Orthopedics,50,bed,34.0
5,2024-04-21,18,Orthopedics,50,bed,36.0
5,2024-04-22,17,Orthopedics,50,bed,34.0
5,2024-04-23,15,Orthopedics,50,bed,30.0
5,2024-04-24,14,Orthopedics,50,bed,28.0
5,2024-04-25,12,Orthopedics,50,bed,24.0
5,2024-04-26,15,Orthopedics,50,bed,30.0
5,2024-04-27,12,Orthopedics,50,bed,24.0
5,2024-04-28,10,Orthopedics,50,bed,20.0
5,2024-04-29,13,Orthopedics,50,bed,26.0
5,2024-04-30,17,Orthopedics,50,bed,34.0
5,2024-05-01,17,Orthopedics,50,bed,34.0
5,2024-05-02,15,Orthopedics,50,bed,30.0
5,2024-05-03,13,Orthopedics,50,bed,26.0
5,2024-05-04,12,Orthopedics,50,bed,24.0
5,2024-05-05,14,Orthopedics,50,bed,28.0
5,2024-05-06,13,Orthopedics,50,bed,26.0
5,2024-05-07,14,Orthopedics,50,bed,28.0
5,2024-05-08,17,Orthopedics,50,bed,34.0
5,2024-05-09,14,Orthopedics,50,bed,28.0
5,2024-05-10,13,Orthopedics,50,bed,26.0
5,2024-05-11,12,Orthopedics,50,bed,24.0
5,2024-05-12,13,Orthopedics,50,bed,26.0
5,2024-05-13,14,Orthopedics,50,bed,28.0
5,2024-05-14,12,Orthopedics,50,bed,24.0
5,2024-05-15,13,Orthopedics,50,bed,26.0
5,2024-05-16,12,Orthopedics,50,bed,24.0
5,2024-05-17,12,Orthopedics,50,bed,24.0
5,2024-05-18,11,Orthopedics,50,bed,22.0
5,2024-05-19,11,Orthopedics,50,bed,22.0
5,2024-05-20,14,Orthopedics,50,bed,28.0
5,2024-05-21,16,Orthopedics,50,bed,32.0
5,2024-05-22,13,Orthopedics,50,bed,26.0
5,2024-05-23,15,Orthopedics,50,bed,30.0
5,2024-05-24,16,Orthopedics,50,bed,32.0
5,2024-05-25,17,Orthopedics,50,bed,34.0
5,2024-05-26,17,Orthopedics,50,bed,34.0
5,2024-05-27,17,Orthopedics,50,bed,34.0
5,2024-05-28,14,Orthopedics,50,bed,28.0
5,2024-05-29,15,Orthopedics,50,bed,30.0
5,2024-05-30,12,Orthopedics,50,bed,24.0
5,2024-05-31,14,Orthopedics,50,bed,28.0
5,2024-06-01,17,Orthopedics,50,bed,34.0
5,2024-06-02,16,Orthopedics,50,bed,32.0
5,2024-06-03,15,Orthopedics,50,bed,30.0
5,2024-06-04,15,Orthopedics,50,bed,30.0
5,2024-06-05,9,Orthopedics,50,bed,18.0
5,2024-06-06,9,Orthopedics,50,bed,18.0
5,2024-06-07,9,Orthopedics,50,bed,18.0
5,2024-06-08,7,Orthopedics,50,bed,14.0
5,2024-06-09,6,Orthopedics,50,bed,12.0
5,2024-06-10,8,Orthopedics,50,bed,16.0
5,2024-06-11,9,Orthopedics,50,bed,18.0
5,2024-06-12,8,Orthopedics,50,bed,16.0
5,2024-06-13,15,Orthopedics,50,bed,30.0
5,2024-06-14,16,Orthopedics,50,bed,32.0
5,2024-06-15,15,Orthopedics,50,bed,30.0
5,2024-06-16,17,Orthopedics,50,bed,34.0
5,2024-06-17,15,Orthopedics,50,bed,30.0
5,2024-06-18,16,Orthopedics,50,bed,32.0
5,2024-06-19,16,Orthopedics,50,bed,32.0
5,2024-06-20,17,Orthopedics,50,bed,34.0
5,2024-06-21,18,Orthopedics,50,bed,36.0
5,2024-06-22,21,Orthopedics,50,bed,42.0
5,2024-06-23,19,Orthopedics,50,bed,38.0
5,2024-06-24,15,Orthopedics,50,bed,30.0
5,2024-06-25,15,Orthopedics,50,bed,30.0
5,2024-06-26,13,Orthopedics,50,bed,26.0
5,2024-06-27,12,Orthopedics,50,bed,24.0
5,2024-06-28,14,Orthopedics,50,bed,28.0
5,2024-06-29,19,Orthopedics,50,bed,38.0
5,2024-06-30,19,Orthopedics,50,bed,38.0
5,2024-07-01,15,Orthopedics,50,bed,30.0
5,2024-07-02,15,Orthopedics,50,bed,30.0
5,2024-07-03,14,Orthopedics,50,bed,28.0
5,2024-07-04,16,Orthopedics,50,bed,32.0
5,2024-07-05,13,Orthopedics,50,bed,26.0
5,2024-07-06,14,Orthopedics,50,bed,28.0
5,2024-07-07,12,Orthopedics,50,bed,24.0
5,2024-07-08,12,Orthopedics,50,bed,24.0
5,2024-07-09,11,Orthopedics,50,bed,22.0
5,2024-07-10,11,Orthopedics,50,bed,22.0
5,2024-07-11,12,Orthopedics,50,bed,24.0
5,2024-07-12,12,Orthopedics,50,bed,24.0
5,2024-07-13,14,Orthopedics,50,bed,28.0
5,2024-07-14,13,Orthopedics,50,bed,26.0
5,2024-07-15,19,Orthopedics,50,bed,38.0
5,2024-07-16,16,Orthopedics,50,bed,32.0
5,2024-07-17,13,Orthopedics,50,bed,26.0
5,2024-07-18,13,Orthopedics,50,bed,26.0
5,2024-07-19,16,Orthopedics,50,bed,32.0
5,2024-07-20,16,Orthopedics,50,bed,32.0
5,2024-07-21,16,Orthopedics,50,bed,32.0
5,2024-07-22,17,Orthopedics,50,bed,34.0
5,2024-07-23,19,Orthopedics,50,bed,38.0
5,2024-07-24,16,Orthopedics,50,bed,32.0
5,2024-07-25,20,Orthopedics,50,bed,40.0
5,2024-07-26,22,Orthopedics,50,bed,44.0
5,2024-07-27,21,Orthopedics,50,bed,42.0
5,2024-07-28,18,Orthopedics,50,bed,36.0
5,2024-07-29,20,Orthopedics,50,bed,40.0
5,2024-07-30,15,Orthopedics,50,bed,30.0
5,2024-07-31,16,Orthopedics,50,bed,32.0
5,2024-08-01,14,Orthopedics,50,bed,28.0
5,2024-08-02,17,Orthopedics,50,bed,34.0
5,2024-08-03,17,Orthopedics,50,bed,34.0
5,2024-08-04,21,Orthopedics,50,bed,42.0
5,2024-08-05,18,Orthopedics,50,bed,36.0
5,2024-08-06,20,Orthopedics,50,bed,40.0
5,2024-08-07,22,Orthopedics,50,bed,44.0
5,2024-08-08,19,Orthopedics,50,bed,38.0
5,2024-08-09,18,Orthopedics,50,bed,36.0
5,2024-08-10,16,Orthopedics,50,bed,32.0
5,2024-08-11,18,Orthopedics,50,bed,36.0
5,2024-08-12,19,Orthopedics,50,bed,38.0
5,2024-08-13,18,Orthopedics,50,bed,36.0
5,2024-08-14,17,Orthopedics,50,bed,34.0
5,2024-08-15,18,Orthopedics,50,bed,36.0
5,2024-08-16,17,Orthopedics,50,bed,34.0
5,2024-08-17,15,Orthopedics,50,bed,30.0
5,2024-08-18,18,Orthopedics,50,bed,36.0
5,2024-08-19,17,Orthopedics,50,bed,34.0
5,2024-08-20,17,Orthopedics,50,bed,34.0
5,2024-08-21,15,Orthopedics,50,bed,30.0
5,2024-08-22,15,Orthopedics,50,bed,30.0
5,2024-08-23,13,Orthopedics,50,bed,26.0
5,2024-08-24,12,Orthopedics,50,bed,24.0
5,2024-08-25,16,Orthopedics,50,bed,32.0
5,2024-08-26,13,Orthopedics,50,bed,26.0
5,2024-08-27,13,Orthopedics,50,bed,26.0
5,2024-08-28,15,Orthopedics,50,bed,30.0
5,2024-08-29,16,Orthopedics,50,bed,32.0
5,2024-08-30,15,Orthopedics,50,bed,30.0
5,2024-08-31,12,Orthopedics,50,bed,24.0
5,2024-09-01,12,Orthopedics,50,bed,24.0
5,2024-09-02,15,Orthopedics,50,bed,30.0
5,2024-09-03,17,Orthopedics,50,bed,34.0
5,2024-09-04,14,Orthopedics,50,bed,28.0
5,2024-09-05,13,Orthopedics,50,bed,26.0
5,2024-09-06,14,Orthopedics,50,bed,28.0
5,2024-09-07,13,Orthopedics,50,bed,26.0
5,2024-09-08,15,Orthopedics,50,bed,30.0
5,2024-09-09,17,Orthopedics,50,bed,34.0
5,2024-09-10,18,Orthopedics,50,bed,36.0
5,2024-09-11,18,Orthopedics,50,bed,36.0
5,2024-09-12,17,Orthopedics,50,bed,34.0
5,2024-09-13,15,Orthopedics,50,bed,30.0
5,2024-09-14,17,Orthopedics,50,bed,34.0
5,2024-09-15,21,Orthopedics,50,bed,42.0
5,2024-09-16,23,Orthopedics,50,bed,46.0
5,2024-09-17,24,Orthopedics,50,bed,48.0
5,2024-09-18,18,Orthopedics,50,bed,36.0
5,2024-09-19,17,Orthopedics,50,bed,34.0
5,2024-09-20,16,Orthopedics,50,bed,32.0
5,2024-09-21,17,Orthopedics,50,bed,34.0
5,2024-09-22,17,Orthopedics,50,bed,34.0
5,2024-09-23,18,Orthopedics,50,bed,36.0
5,2024-09-24,21,Orthopedics,50,bed,42.0
5,2024-09-25,23,Orthopedics,50,bed,46.0
5,2024-09-26,18,Orthopedics,50,bed,36.0
5,2024-09-27,18,Orthopedics,50,bed,36.0
5,2024-09-28,21,Orthopedics,50,bed,42.0
5,2024-09-29,24,Orthopedics,50,bed,48.0
5,2024-09-30,20,Orthopedics,50,bed,40.0
5,2024-10-01,21,Orthopedics,50,bed,42.0
5,2024-10-02,24,Orthopedics,50,bed,48.0
5,2024-10-03,24,Orthopedics,50,bed,48.0
5,2024-10-04,24,Orthopedics,50,bed,48.0
5,2024-10-05,24,Orthopedics,50,bed,48.0
5,2024-10-06,21,Orthopedics,50,bed,42.0
5,2024-10-07,22,Orthopedics,50,bed,44.0
5,2024-10-08,21,Orthopedics,50,bed,42.0
5,2024-10-09,20,Orthopedics,50,bed,40.0
5,2024-10-10,16,Orthopedics,50,bed,32.0
5,2024-10-11,16,Orthopedics,50,bed,32.0
5,2024-10-12,19,Orthopedics,50,bed,38.0
5,2024-10-13,17,Orthopedics,50,bed,34.0
5,2024-10-14,19,Orthopedics,50,bed,38.0
5,2024-10-15,17,Orthopedics,50,bed,34.0
5,2024-10-16,15,Orthopedics,50,bed,30.0
5,2024-10-17,12,Orthopedics,50,bed,24.0
5,2024-10-18,13,Orthopedics,50,bed,26.0
5,2024-10-19,15,Orthopedics,50,bed,30.0
5,2024-10-20,15,Orthopedics,50,bed,30.0
5,2024-10-21,14,Orthopedics,50,bed,28.0
5,2024-10-22,12,Orthopedics,50,bed,24.0
5,2024-10-23,15,Orthopedics,50,bed,30.0
5,2024-10-24,17,Orthopedics,50,bed,34.0
5,2024-10-25,22,Orthopedics,50,bed,44.0
5,2024-10-26,24,Orthopedics,50,bed,48.0
5,2024-10-27,26,Orthopedics,50,bed,52.0
5,2024-10-28,25,Orthopedics,50,bed,50.0
5,2024-10-29,22,Orthopedics,50,bed,44.0
5,2024-10-30,18,Orthopedics,50,bed,36.0
5,2024-10-31,15,Orthopedics,50,bed,30.0
5,2024-11-01,18,Orthopedics,50,bed,36.0
5,2024-11-02,24,Orthopedics,50,bed,48.0
5,2024-11-03,24,Orthopedics,50,bed,48.0
5,2024-11-04,26,Orthopedics,50,bed,52.0
5,2024-11-05,24,Orthopedics,50,bed,48.0
5,2024-11-06,22,Orthopedics,50,bed,44.0
5,2024-11-07,16,Orthopedics,50,bed,32.0
5,2024-11-08,16,Orthopedics,50,bed,32.0
5,2024-11-09,11,Orthopedics,50,bed,22.0
5,2024-11-10,12,Orthopedics,50,bed,24.0
5,2024-11-11,12,Orthopedics,50,bed,24.0
5,2024-11-12,14,Orthopedics,50,bed,28.0
5,2024-11-13,14,Orthopedics,50,bed,28.0
5,2024-11-14,15,Orthopedics,50,bed,30.0
5,2024-11-15,13,Orthopedics,50,bed,26.0
5,2024-11-16,13,Orthopedics,50,bed,26.0
5,2024-11-17,14,Orthopedics,50,bed,28.0
5,2024-11-18,15,Orthopedics,50,bed,30.0
5,2024-11-19,19,Orthopedics,50,bed,38.0
5,2024-11-20,18,Orthopedics,50,bed,36.0
5,2024-11-21,17,Orthopedics,50,bed,34.0
5,2024-11-22,12,Orthopedics,50,bed,24.0
5,2024-11-23,14,Orthopedics,50,bed,28.0
5,2024-11-24,12,Orthopedics,50,bed,24.0
5,2024-11-25,12,Orthopedics,50,bed,24.0
5,2024-11-26,12,Orthopedics,50,bed,24.0
5,2024-11-27,14,Orthopedics,50,bed,28.0
5,2024-11-28,15,Orthopedics,50,bed,30.0
5,2024-11-29,13,Orthopedics,50,bed,26.0
5,2024-11-30,16,Orthopedics,50,bed,32.0
5,2024-12-01,15,Orthopedics,50,bed,30.0
5,2024-12-02,15,Orthopedics,50,bed,30.0
5,2024-12-03,16,Orthopedics,50,bed,32.0
5,2024-12-04,18,Orthopedics,50,bed,36.0
5,2024-12-05,21,Orthopedics,50,bed,42.0
5,2024-12-06,23,Orthopedics,50,bed,46.0
5,2024-12-07,21,Orthopedics,50,bed,42.0
5,2024-12-08,19,Orthopedics,50,bed,38.0
5,2024-12-09,16,Orthopedics,50,bed,32.0
5,2024-12-10,12,Orthopedics,50,bed,24.0
5,2024-12-11,14,Orthopedics,50,bed,28.0
5,2024-12-12,14,Orthopedics,50,bed,28.0
5,2024-12-13,16,Orthopedics,50,bed,32.0
5,2024-12-14,17,Orthopedics,50,bed,34.0
5,2024-12-15,19,Orthopedics,50,bed,38.0
5,2024-12-16,16,Orthopedics,50,bed,32.0
5,2024-12-17,14,Orthopedics,50,bed,28.0
5,2024-12-18,14,Orthopedics,50,bed,28.0
5,2024-12-19,15,Orthopedics,50,bed,30.0
5,2024-12-20,13,Orthopedics,50,bed,26.0
5,2024-12-21,11,Orthopedics,50,bed,22.0
5,2024-12-22,13,Orthopedics,50,bed,26.0
5,2024-12-23,11,Orthopedics,50,bed,22.0
5,2024-12-24,9,Orthopedics,50,bed,18.0
5,2024-12-25,9,Orthopedics,50,bed,18.0
5,2024-12-26,10,Orthopedics,50,bed,20.0
5,2024-12-27,11,Orthopedics,50,bed,22.0
5,2024-12-28,11,Orthopedics,50,bed,22.0
5,2024-12-29,9,Orthopedics,50,bed,18.0
5,2024-12-30,10,Orthopedics,50,bed,20.0
5,2024-12-31,8,Orthopedics,50,bed,16.0
5,2025-01-01,13,Orthopedics,50,bed,26.0
5,2025-01-02,13,Orthopedics,50,bed,26.0
5,2025-01-03,14,Orthopedics,50,bed,28.0
5,2025-01-04,12,Orthopedics,50,bed,24.0
5,2025-01-05,12,Orthopedics,50,bed,24.0
5,2025-01-06,12,Orthopedics,50,bed,24.0
5,2025-01-07,16,Orthopedics,50,bed,32.0
5,2025-01-08,17,Orthopedics,50,bed,34.0
5,2025-01-09,14,Orthopedics,50,bed,28.0
5,2025-01-10,14,Orthopedics,50,bed,28.0
5,2025-01-11,17,Orthopedics,50,bed,34.0
5,2025-01-12,16,Orthopedics,50,bed,32.0
5,2025-01-13,17,Orthopedics,50,bed,34.0
5,2025-01-14,18,Orthopedics,50,bed,36.0
5,2025-01-15,17,Orthopedics,50,bed,34.0
5,2025-01-16,18,Orthopedics,50,bed,36.0
5,2025-01-17,16,Orthopedics,50,bed,32.0
5,2025-01-18,21,Orthopedics,50,bed,42.0
5,2025-01-19,22,Orthopedics,50,bed,44.0
5,2025-01-20,24,Orthopedics,50,bed,48.0
5,2025-01-21,21,Orthopedics,50,bed,42.0
5,2025-01-22,20,Orthopedics,50,bed,40.0
5,2025-01-23,22,Orthopedics,50,bed,44.0
5,2025-01-24,24,Orthopedics,50,bed,48.0
5,2025-01-25,21,Orthopedics,50,bed,42.0
5,2025-01-26,21,Orthopedics,50,bed,42.0
5,2025-01-27,18,Orthopedics,50,bed,36.0
5,2025-01-28,18,Orthopedics,50,bed,36.0
5,2025-01-29,19,Orthopedics,50,bed,38.0
5,2025-01-30,14,Orthopedics,50,bed,28.0
5,2025-01-31,14,Orthopedics,50,bed,28.0
5,2025-02-01,16,Orthopedics,50,bed,32.0
5,2025-02-02,18,Orthopedics,50,bed,36.0
5,2025-02-03,18,Orthopedics,50,bed,36.0
5,2025-02-04,19,Orthopedics,50,bed,38.0
5,2025-02-05,18,Orthopedics,50,bed,36.0
5,2025-02-06,18,Orthopedics,50,bed,36.0
5,2025-02-07,21,Orthopedics,50,bed,42.0
5,2025-02-08,15,Orthopedics,50,bed,30.0
5,2025-02-09,14,Orthopedics,50,bed,28.0
5,2025-02-10,17,Orthopedics,50,bed,34.0
5,2025-02-11,18,Orthopedics,50,bed,36.0
5,2025-02-12,20,Orthopedics,50,bed,40.0
5,2025-02-13,20,Orthopedics,50,bed,40.0
5,2025-02-14,16,Orthopedics,50,bed,32.0
5,2025-02-15,17,Orthopedics,50,bed,34.0
5,2025-02-16,19,Orthopedics,50,bed,38.0
5,2025-02-17,21,Orthopedics,50,bed,42.0
5,2025-02-18,20,Orthopedics,50,bed,40.0
5,2025-02-19,19,Orthopedics,50,bed,38.0
5,2025-02-20,15,Orthopedics,50,bed,30.0
5,2025-02-21,14,Orthopedics,50,bed,28.0
5,2025-02-22,18,Orthopedics,50,bed,36.0
5,2025-02-23,19,Orthopedics,50,bed,38.0
5,2025-02-24,20,Orthopedics,50,bed,40.0
5,2025-02-25,14,Orthopedics,50,bed,28.0
5,2025-02-26,14,Orthopedics,50,bed,28.0
5,2025-02-27,13,Orthopedics,50,bed,26.0
5,2025-02-28,10,Orthopedics,50,bed,20.0
5,2025-03-01,10,Orthopedics,50,bed,20.0
5,2025-03-02,10,Orthopedics,50,bed,20.0
5,2025-03-03,12,Orthopedics,50,bed,24.0
5,2025-03-04,9,Orthopedics,50,bed,18.0
5,2025-03-05,14,Orthopedics,50,bed,28.0
5,2025-03-06,14,Orthopedics,50,bed,28.0
5,2025-03-07,14,Orthopedics,50,bed,28.0
5,2025-03-08,16,Orthopedics,50,bed,32.0
5,2025-03-09,18,Orthopedics,50,bed,36.0
5,2025-03-10,14,Orthopedics,50,bed,28.0
5,2025-03-11,17,Orthopedics,50,bed,34.0
5,2025-03-12,15,Orthopedics,50,bed,30.0
5,2025-03-13,11,Orthopedics,50,bed,22.0
5,2025-03-14,12,Orthopedics,50,bed,24.0
5,2025-03-15,12,Orthopedics,50,bed,24.0
5,2025-03-16,12,Orthopedics,50,bed,24.0
5,2025-03-17,13,Orthopedics,50,bed,26.0
5,2025-03-18,14,Orthopedics,50,bed,28.0
5,2025-03-19,18,Orthopedics,50,bed,36.0
5,2025-03-20,23,Orthopedics,50,bed,46.0
5,2025-03-21,18,Orthopedics,50,bed,36.0
5,2025-03-22,19,Orthopedics,50,bed,38.0
5,2025-03-23,15,Orthopedics,50,bed,30.0
5,2025-03-24,13,Orthopedics,50,bed,26.0
5,2025-03-25,19,Orthopedics,50,bed,38.0
5,2025-03-26,18,Orthopedics,50,bed,36.0
5,2025-03-27,19,Orthopedics,50,bed,38.0
5,2025-03-28,17,Orthopedics,50,bed,34.0
5,2025-03-29,16,Orthopedics,50,bed,32.0
5,2025-03-30,18,Orthopedics,50,bed,36.0
5,2025-03-31,16,Orthopedics,50,bed,32.0
5,2025-04-01,16,Orthopedics,50,bed,32.0
5,2025-04-02,15,Orthopedics,50,bed,30.0
5,2025-04-03,15,Orthopedics,50,bed,30.0
5,2025-04-04,18,Orthopedics,50,bed,36.0
5,2025-04-05,17,Orthopedics,50,bed,34.0
5,2025-04-06,15,Orthopedics,50,bed,30.0
5,2025-04-07,20,Orthopedics,50,bed,40.0
5,2025-04-08,18,Orthopedics,50,bed,36.0
5,2025-04-09,16,Orthopedics,50,bed,32.0
5,2025-04-10,17,Orthopedics,50,bed,34.0
5,2025-04-11,14,Orthopedics,50,bed,28.0
5,2025-04-12,16,Orthopedics,50,bed,32.0
5,2025-04-13,18,Orthopedics,50,bed,36.0
5,2025-04-14,15,Orthopedics,50,bed,30.0
5,2025-04-15,12,Orthopedics,50,bed,24.0
5,2025-04-16,10,Orthopedics,50,bed,20.0
5,2025-04-17,10,Orthopedics,50,bed,20.0
5,2025-04-18,12,Orthopedics,50,bed,24.0
5,2025-04-19,12,Orthopedics,50,bed,24.0
5,2025-04-20,16,Orthopedics,50,bed,32.0
5,2025-04-21,16,Orthopedics,50,bed,32.0
5,2025-04-22,16,Orthopedics,50,bed,32.0
5,2025-04-23,17,Orthopedics,50,bed,34.0
5,2025-04-24,17,Orthopedics,50,bed,34.0
5,2025-04-25,17,Orthopedics,50,bed,34.0
5,2025-04-26,18,Orthopedics,50,bed,36.0
5,2025-04-27,14,Orthopedics,50,bed,28.0
5,2025-04-28,13,Orthopedics,50,bed,26.0
5,2025-04-29,16,Orthopedics,50,bed,32.0
5,2025-04-30,18,Orthopedics,50,bed,36.0
5,2025-05-01,17,Orthopedics,50,bed,34.0
5,2025-05-02,19,Orthopedics,50,bed,38.0
5,2025-05-03,21,Orthopedics,50,bed,42.0
5,2025-05-04,19,Orthopedics,50,bed,38.0
5,2025-05-05,15,Orthopedics,50,bed,30.0
5,2025-05-06,16,Orthopedics,50,bed,32.0
5,2025-05-07,14,Orthopedics,50,bed,28.0
5,2025-05-08,12,Orthopedics,50,bed,24.0
5,2025-05-09,14,Orthopedics,50,bed,28.0
5,2025-05-10,15,Orthopedics,50,bed,30.0
5,2025-05-11,17,Orthopedics,50,bed,34.0
5,2025-05-12,14,Orthopedics,50,bed,28.0
5,2025-05-13,16,Orthopedics,50,bed,32.0
5,2025-05-14,17,Orthopedics,50,bed,34.0
5,2025-05-15,15,Orthopedics,50,bed,30.0
5,2025-05-16,12,Orthopedics,50,bed,24.0
5,2025-05-17,13,Orthopedics,50,bed,26.0
5,2025-05-18,13,Orthopedics,50,bed,26.0
5,2025-05-19,13,Orthopedics,50,bed,26.0
5,2025-05-20,11,Orthopedics,50,bed,22.0
5,2025-05-21,12,Orthopedics,50,bed,24.0
5,2025-05-22,13,Orthopedics,50,bed,26.0
5,2025-05-23,14,Orthopedics,50,bed,28.0
5,2025-05-24,13,Orthopedics,50,bed,26.0
5,2025-05-25,14,Orthopedics,50,bed,28.0
5,2025-05-26,18,Orthopedics,50,bed,36.0
5,2025-05-27,14,Orthopedics,50,bed,28.0
5,2025-05-28,17,Orthopedics,50,bed,34.0
5,2025-05-29,14,Orthopedics,50,bed,28.0
5,2025-05-30,17,Orthopedics,50,bed,34.0
5,2025-05-31,22,Orthopedics,50,bed,44.0
5,2025-06-01,21,Orthopedics,50,bed,42.0
5,2025-06-02,21,Orthopedics,50,bed,42.0
5,2025-06-03,20,Orthopedics,50,bed,40.0
5,2025-06-04,18,Orthopedics,50,bed,36.0
5,2025-06-05,18,Orthopedics,50,bed,36.0
5,2025-06-06,18,Orthopedics,50,bed,36.0
5,2025-06-07,17,Orthopedics,50,bed,34.0
5,2025-06-08,16,Orthopedics,50,bed,32.0
5,2025-06-09,16,Orthopedics,50,bed,32.0
5,2025-06-10,15,Orthopedics,50,bed,30.0
5,2025-06-11,15,Orthopedics,50,bed,30.0
5,2025-06-12,12,Orthopedics,50,bed,24.0
5,2025-06-13,12,Orthopedics,50,bed,24.0
5,2025-06-14,11,Orthopedics,50,bed,22.0
5,2025-06-15,11,Orthopedics,50,bed,22.0
5,2025-06-16,14,Orthopedics,50,bed,28.0
5,2025-06-17,14,Orthopedics,50,bed,28.0
5,2025-06-18,14,Orthopedics,50,bed,28.0
5,2025-06-19,15,Orthopedics,50,bed,30.0
5,2025-06-20,14,Orthopedics,50,bed,28.0
5,2025-06-21,13,Orthopedics,50,bed,26.0
5,2025-06-22,11,Orthopedics,50,bed,22.0
5,2025-06-23,9,Orthopedics,50,bed,18.0
5,2025-06-24,10,Orthopedics,50,bed,20.0
5,2025-06-25,14,Orthopedics,50,bed,28.0
5,2025-06-26,15,Orthopedics,50,bed,30.0
5,2025-06-27,12,Orthopedics,50,bed,24.0
5,2025-06-28,13,Orthopedics,50,bed,26.0
5,2025-06-29,16,Orthopedics,50,bed,32.0
5,2025-06-30,18,Orthopedics,50,bed,36.0
5,2025-07-01,19,Orthopedics,50,bed,38.0
5,2025-07-02,21,Orthopedics,50,bed,42.0
5,2025-07-03,19,Orthopedics,50,bed,38.0
5,2025-07-04,21,Orthopedics,50,bed,42.0
5,2025-07-05,17,Orthopedics,50,bed,34.0
5,2025-07-06,18,Orthopedics,50,bed,36.0
5,2025-07-07,22,Orthopedics,50,bed,44.0
5,2025-07-08,25,Orthopedics,50,bed,50.0
5,2025-07-09,22,Orthopedics,50,bed,44.0
5,2025-07-10,26,Orthopedics,50,bed,52.0
5,2025-07-11,25,Orthopedics,50,bed,50.0
5,2025-07-12,24,Orthopedics,50,bed,48.0
5,2025-07-13,25,Orthopedics,50,bed,50.0
5,2025-07-14,29,Orthopedics,50,bed,58.0
5,2025-07-15,26,Orthopedics,50,bed,52.0
5,2025-07-16,24,Orthopedics,50,bed,48.0
5,2025-07-17,20,Orthopedics,50,bed,40.0
5,2025-07-18,17,Orthopedics,50,bed,34.0
5,2025-07-19,17,Orthopedics,50,bed,34.0
5,2025-07-20,19,Orthopedics,50,bed,38.0
5,2025-07-21,17,Orthopedics,50,bed,34.0
5,2025-07-22,14,Orthopedics,50,bed,28.0
5,2025-07-23,16,Orthopedics,50,bed,32.0
5,2025-07-24,16,Orthopedics,50,bed,32.0
5,2025-07-25,12,Orthopedics,50,bed,24.0
5,2025-07-26,16,Orthopedics,50,bed,32.0
5,2025-07-27,17,Orthopedics,50,bed,34.0
5,2025-07-28,17,Orthopedics,50,bed,34.0
5,2025-07-29,17,Orthopedics,50,bed,34.0
5,2025-07-30,20,Orthopedics,50,bed,40.0
5,2025-07-31,22,Orthopedics,50,bed,44.0
5,2025-08-01,25,Orthopedics,50,bed,50.0
5,2025-08-02,21,Orthopedics,50,bed,42.0
5,2025-08-03,18,Orthopedics,50,bed,36.0
5,2025-08-04,18,Orthopedics,50,bed,36.0
5,2025-08-05,16,Orthopedics,50,bed,32.0
5,2025-08-06,17,Orthopedics,50,bed,34.0
5,2025-08-07,17,Orthopedics,50,bed,34.0
5,2025-08-08,15,Orthopedics,50,bed,30.0
5,2025-08-09,11,Orthopedics,50,bed,22.0
5,2025-08-10,10,Orthopedics,50,bed,20.0
5,2025-08-11,14,Orthopedics,50,bed,28.0
5,2025-08-12,17,Orthopedics,50,bed,34.0
5,2025-08-13,18,Orthopedics,50,bed,36.0
5,2025-08-14,18,Orthopedics,50,bed,36.0
5,2025-08-15,12,Orthopedics,50,bed,24.0
5,2025-08-16,15,Orthopedics,50,bed,30.0
5,2025-08-17,15,Orthopedics,50,bed,30.0
5,2025-08-18,15,Orthopedics,50,bed,30.0
5,2025-08-19,14,Orthopedics,50,bed,28.0
5,2025-08-20,11,Orthopedics,50,bed,22.0
5,2025-08-21,12,Orthopedics,50,bed,24.0
5,2025-08-22,9,Orthopedics,50,bed,18.0
5,2025-08-23,11,Orthopedics,50,bed,22.0
5,2025-08-24,14,Orthopedics,50,bed,28.0
5,2025-08-25,13,Orthopedics,50,bed,26.0
5,2025-08-26,13,Orthopedics,50,bed,26.0
5,2025-08-27,14,Orthopedics,50,bed,28.0
5,2025-08-28,16,Orthopedics,50,bed,32.0
5,2025-08-29,14,Orthopedics,50,bed,28.0
5,2025-08-30,15,Orthopedics,50,bed,30.0
5,2025-08-31,17,Orthopedics,50,bed,34.0
5,2025-09-01,15,Orthopedics,50,bed,30.0
5,2025-09-02,14,Orthopedics,50,bed,28.0
5,2025-09-03,17,Orthopedics,50,bed,34.0
5,2025-09-04,17,Orthopedics,50,bed,34.0
5,2025-09-05,14,Orthopedics,50,bed,28.0
5,2025-09-06,16,Orthopedics,50,bed,32.0
5,2025-09-07,15,Orthopedics,50,bed,30.0
5,2025-09-08,15,Orthopedics,50,bed,30.0
5,2025-09-09,15,Orthopedics,50,bed,30.0
5,2025-09-10,17,Orthopedics,50,bed,34.0
5,2025-09-11,19,Orthopedics,50,bed,38.0
5,2025-09-12,21,Orthopedics,50,bed,42.0
5,2025-09-13,22,Orthopedics,50,bed,44.0
5,2025-09-14,18,Orthopedics,50,bed,36.0
5,2025-09-15,12,Orthopedics,50,bed,24.0
5,2025-09-16,10,Orthopedics,50,bed,20.0
5,2025-09-17,9,Orthopedics,50,bed,18.0
5,2025-09-18,7,Orthopedics,50,bed,14.0
5,2025-09-19,6,Orthopedics,50,bed,12.0
5,2025-09-20,9,Orthopedics,50,bed,18.0
5,2025-09-21,9,Orthopedics,50,bed,18.0
5,2025-09-22,8,Orthopedics,50,bed,16.0
5,2025-09-23,8,Orthopedics,50,bed,16.0
5,2025-09-24,11,Orthopedics,50,bed,22.0
5,2025-09-25,9,Orthopedics,50,bed,18.0
5,2025-09-26,8,Orthopedics,50,bed,16.0
5,2025-09-27,10,Orthopedics,50,bed,20.0
5,2025-09-28,13,Orthopedics,50,bed,26.0
5,2025-09-29,14,Orthopedics,50,bed,28.0
5,2025-09-30,17,Orthopedics,50,bed,34.0
5,2025-10-01,18,Orthopedics,50,bed,36.0
5,2025-10-02,17,Orthopedics,50,bed,34.0
5,2025-10-03,14,Orthopedics,50,bed,28.0
5,2025-10-04,12,Orthopedics,50,bed,24.0
5,2025-10-05,12,Orthopedics,50,bed,24.0
5,2025-10-06,14,Orthopedics,50,bed,28.0
5,2025-10-07,15,Orthopedics,50,bed,30.0
5,2025-10-08,13,Orthopedics,50,bed,26.0
5,2025-10-09,12,Orthopedics,50,bed,24.0
5,2025-10-10,6,Orthopedics,50,bed,12.0
5,2025-10-11,7,Orthopedics,50,bed,14.0
5,2025-10-12,7,Orthopedics,50,bed,14.0
5,2025-10-13,13,Orthopedics,50,bed,26.0
5,2025-10-14,14,Orthopedics,50,bed,28.0
5,2025-10-15,13,Orthopedics,50,bed,26.0
5,2025-10-16,13,Orthopedics,50,bed,26.0
5,2025-10-17,13,Orthopedics,50,bed,26.0
5,2025-10-18,13,Orthopedics,50,bed,26.0
5,2025-10-19,14,Orthopedics,50,bed,28.0
5,2025-10-20,12,Orthopedics,50,bed,24.0
5,2025-10-21,14,Orthopedics,50,bed,28.0
5,2025-10-22,12,Orthopedics,50,bed,24.0
5,2025-10-23,13,Orthopedics,50,bed,26.0
5,2025-10-24,19,Orthopedics,50,bed,38.0
5,2025-10-25,17,Orthopedics,50,bed,34.0
5,2025-10-26,16,Orthopedics,50,bed,32.0
5,2025-10-27,13,Orthopedics,50,bed,26.0
5,2025-10-28,12,Orthopedics,50,bed,24.0
5,2025-10-29,14,Orthopedics,50,bed,28.0
5,2025-10-30,14,Orthopedics,50,bed,28.0
5,2025-10-31,12,Orthopedics,50,bed,24.0
5,2025-11-01,12,Orthopedics,50,bed,24.0
5,2025-11-02,15,Orthopedics,50,bed,30.0
5,2025-11-03,17,Orthopedics,50,bed,34.0
5,2025-11-04,19,Orthopedics,50,bed,38.0
5,2025-11-05,21,Orthopedics,50,bed,42.0
5,2025-11-06,19,Orthopedics,50,bed,38.0
5,2025-11-07,24,Orthopedics,50,bed,48.0
5,2025-11-08,27,Orthopedics,50,bed,54.0
5,2025-11-09,21,Orthopedics,50,bed,42.0
5,2025-11-10,17,Orthopedics,50,bed,34.0
5,2025-11-11,15,Orthopedics,50,bed,30.0
5,2025-11-12,13,Orthopedics,50,bed,26.0
5,2025-11-13,15,Orthopedics,50,bed,30.0
5,2025-11-14,15,Orthopedics,50,bed,30.0
5,2025-11-15,18,Orthopedics,50,bed,36.0
5,2025-11-16,16,Orthopedics,50,bed,32.0
5,2025-11-17,14,Orthopedics,50,bed,28.0
5,2025-11-18,19,Orthopedics,50,bed,38.0
5,2025-11-19,22,Orthopedics,50,bed,44.0
5,2025-11-20,24,Orthopedics,50,bed,48.0
5,2025-11-21,24,Orthopedics,50,bed,48.0
5,2025-11-22,26,Orthopedics,50,bed,52.0
5,2025-11-23,25,Orthopedics,50,bed,50.0
5,2025-11-24,25,Orthopedics,50,bed,50.0
5,2025-11-25,26,Orthopedics,50,bed,52.0
5,2025-11-26,16,Orthopedics,50,bed,32.0
5,2025-11-27,16,Orthopedics,50,bed,32.0
5,2025-11-28,15,Orthopedics,50,bed,30.0
5,2025-11-29,13,Orthopedics,50,bed,26.0
5,2025-11-30,14,Orthopedics,50,bed,28.0
5,2025-12-01,13,Orthopedics,50,bed,26.0
5,2025-12-02,11,Orthopedics,50,bed,22.0
5,2025-12-03,16,Orthopedics,50,bed,32.0
5,2025-12-04,15,Orthopedics,50,bed,30.0
5,2025-12-05,18,Orthopedics,50,bed,36.0
5,2025-12-06,19,Orthopedics,50,bed,38.0
5,2025-12-07,19,Orthopedics,50,bed,38.0
5,2025-12-08,19,Orthopedics,50,bed,38.0
5,2025-12-09,15,Orthopedics,50,bed,30.0
5,2025-12-10,14,Orthopedics,50,bed,28.0
5,2025-12-11,14,Orthopedics,50,bed,28.0
5,2025-12-12,18,Orthopedics,50,bed,36.0
5,2025-12-13,20,Orthopedics,50,bed,40.0
5,2025-12-14,19,Orthopedics,50,bed,38.0
5,2025-12-15,22,Orthopedics,50,bed,44.0
5,2025-12-16,21,Orthopedics,50,bed,42.0
5,2025-12-17,20,Orthopedics,50,bed,40.0
5,2025-12-18,18,Orthopedics,50,bed,36.0
5,2025-12-19,21,Orthopedics,50,bed,42.0
5,2025-12-20,22,Orthopedics,50,bed,44.0
5,2025-12-21,21,Orthopedics,50,bed,42.0
5,2025-12-22,21,Orthopedics,50,bed,42.0
5,2025-12-23,17,Orthopedics,50,bed,34.0
5,2025-12-24,13,Orthopedics,50,bed,26.0
5,2025-12-25,11,Orthopedics,50,bed,22.0
5,2025-12-26,10,Orthopedics,50,bed,20.0
5,2025-12-27,6,Orthopedics,50,bed,12.0
5,2025-12-28,9,Orthopedics,50,bed,18.0
5,2025-12-29,9,Orthopedics,50,bed,18.0
5,2025-12-30,9,Orthopedics,50,bed,18.0
5,2025-12-31,12,Orthopedics,50,bed,24.0
5,2026-01-01,11,Orthopedics,50,bed,22.0
5,2026-01-02,10,Orthopedics,50,bed,20.0
5,2026-01-03,8,Orthopedics,50,bed,16.0
5,2026-01-04,6,Orthopedics,50,bed,12.0
5,2026-01-05,6,Orthopedics,50,bed,12.0
5,2026-01-06,6,Orthopedics,50,bed,12.0
5,2026-01-07,5,Orthopedics,50,bed,10.0
5,2026-01-08,3,Orthopedics,50,bed,6.0
5,2026-01-09,2,Orthopedics,50,bed,4.0
6,2020-01-02,2,ICU,65,bed,3.08
6,2020-01-03,4,ICU,65,bed,6.15
6,2020-01-04,5,ICU,65,bed,7.69
6,2020-01-05,6,ICU,65,bed,9.23
6,2020-01-06,6,ICU,65,bed,9.23
6,2020-01-07,7,ICU,65,bed,10.77
6,2020-01-08,10,ICU,65,bed,15.38
6,2020-01-09,12,ICU,65,bed,18.46
6,2020-01-10,12,ICU,65,bed,18.46
6,2020-01-11,12,ICU,65,bed,18.46
6,2020-01-12,12,ICU,65,bed,18.46
6,2020-01-13,12,ICU,65,bed,18.46
6,2020-01-14,14,ICU,65,bed,21.54
6,2020-01-15,14,ICU,65,bed,21.54
6,2020-01-16,14,ICU,65,bed,21.54
6,2020-01-17,15,ICU,65,bed,23.08
6,2020-01-18,14,ICU,65,bed,21.54
6,2020-01-19,18,ICU,65,bed,27.69
6,2020-01-20,18,ICU,65,bed,27.69
6,2020-01-21,21,ICU,65,bed,32.31
6,2020-01-22,21,ICU,65,bed,32.31
6,2020-01-23,24,ICU,65,bed,36.92
6,2020-01-24,24,ICU,65,bed,36.92
6,2020-01-25,28,ICU,65,bed,43.08
6,2020-01-26,32,ICU,65,bed,49.23
6,2020-01-27,32,ICU,65,bed,49.23
6,2020-01-28,35,ICU,65,bed,53.85
6,2020-01-29,34,ICU,65,bed,52.31
6,2020-01-30,33,ICU,65,bed,50.77
6,2020-01-31,31,ICU,65,bed,47.69
6,2020-02-01,29,ICU,65,bed,44.62
6,2020-02-02,26,ICU,65,bed,40.0
6,2020-02-03,27,ICU,65,bed,41.54
6,2020-02-04,28,ICU,65,bed,43.08
6,2020-02-05,28,ICU,65,bed,43.08
6,2020-02-06,22,ICU,65,bed,33.85
6,2020-02-07,23,ICU,65,bed,35.38
6,2020-02-08,22,ICU,65,bed,33.85
6,2020-02-09,22,ICU,65,bed,33.85
6,2020-02-10,23,ICU,65,bed,35.38
6,2020-02-11,25,ICU,65,bed,38.46
6,2020-02-12,24,ICU,65,bed,36.92
6,2020-02-13,21,ICU,65,bed,32.31
6,2020-02-14,22,ICU,65,bed,33.85
6,2020-02-15,19,ICU,65,bed,29.23
6,2020-02-16,19,ICU,65,bed,29.23
6,2020-02-17,22,ICU,65,bed,33.85
6,2020-02-18,23,ICU,65,bed,35.38
6,2020-02-19,23,ICU,65,bed,35.38
6,2020-02-20,26,ICU,65,bed,40.0
6,2020-02-21,28,ICU,65,bed,43.08
6,2020-02-22,30,ICU,65,bed,46.15
6,2020-02-23,32,ICU,65,bed,49.23
6,2020-02-24,29,ICU,65,bed,44.62
6,2020-02-25,27,ICU,65,bed,41.54
6,2020-02-26,27,ICU,65,bed,41.54
6,2020-02-27,26,ICU,65,bed,40.0
6,2020-02-28,26,ICU,65,bed,40.0
6,2020-02-29,23,ICU,65,bed,35.38
6,2020-03-01,19,ICU,65,bed,29.23
6,2020-03-02,20,ICU,65,bed,30.77
6,2020-03-03,19,ICU,65,bed,29.23
6,2020-03-04,18,ICU,65,bed,27.69
6,2020-03-05,14,ICU,65,bed,21.54
6,2020-03-06,11,ICU,65,bed,16.92
6,2020-03-07,13,ICU,65,bed,20.0
6,2020-03-08,12,ICU,65,bed,18.46
6,2020-03-09,10,ICU,65,bed,15.38
6,2020-03-10,12,ICU,65,bed,18.46
6,2020-03-11,12,ICU,65,bed,18.46
6,2020-03-12,12,ICU,65,bed,18.46
6,2020-03-13,14,ICU,65,bed,21.54
6,2020-03-14,13,ICU,65,bed,20.0
6,2020-03-15,13,ICU,65,bed,20.0
6,2020-03-16,12,ICU,65,bed,18.46
6,2020-03-17,12,ICU,65,bed,18.46
6,2020-03-18,14,ICU,65,bed,21.54
6,2020-03-19,15,ICU,65,bed,23.08
6,2020-03-20,14,ICU,65,bed,21.54
6,2020-03-21,15,ICU,65,bed,23.08
6,2020-03-22,20,ICU,65,bed,30.77
6,2020-03-23,19,ICU,65,bed,29.23
6,2020-03-24,21,ICU,65,bed,32.31
6,2020-03-25,21,ICU,65,bed,32.31
6,2020-03-26,24,ICU,65,bed,36.92
6,2020-03-27,28,ICU,65,bed,43.08
6,2020-03-28,28,ICU,65,bed,43.08
6,2020-03-29,25,ICU,65,bed,38.46
6,2020-03-30,25,ICU,65,bed,38.46
6,2020-03-31,26,ICU,65,bed,40.0
6,2020-04-01,23,ICU,65,bed,35.38
6,2020-04-02,23,ICU,65,bed,35.38
6,2020-04-03,18,ICU,65,bed,27.69
6,2020-04-04,21,ICU,65,bed,32.31
6,2020-04-05,17,ICU,65,bed,26.15
6,2020-04-06,19,ICU,65,bed,29.23
6,2020-04-07,18,ICU,65,bed,27.69
6,2020-04-08,16,ICU,65,bed,24.62
6,2020-04-09,16,ICU,65,bed,24.62
6,2020-04-10,17,ICU,65,bed,26.15
6,2020-04-11,18,ICU,65,bed,27.69
6,2020-04-12,16,ICU,65,bed,24.62
6,2020-04-13,17,ICU,65,bed,26.15
6,2020-04-14,20,ICU,65,bed,30.77
6,2020-04-15,20,ICU,65,bed,30.77
6,2020-04-16,19,ICU,65,bed,29.23
6,2020-04-17,18,ICU,65,bed,27.69
6,2020-04-18,16,ICU,65,bed,24.62
6,2020-04-19,18,ICU,65,bed,27.69
6,2020-04-20,18,ICU,65,bed,27.69
6,2020-04-21,17,ICU,65,bed,26.15
6,2020-04-22,19,ICU,65,bed,29.23
6,2020-04-23,20,ICU,65,bed,30.77
6,2020-04-24,21,ICU,65,bed,32.31
6,2020-04-25,21,ICU,65,bed,32.31
6,2020-04-26,21,ICU,65,bed,32.31
6,2020-04-27,20,ICU,65,bed,30.77
6,2020-04-28,22,ICU,65,bed,33.85
6,2020-04-29,24,ICU,65,bed,36.92
6,2020-04-30,22,ICU,65,bed,33.85
6,2020-05-01,24,ICU,65,bed,36.92
6,2020-05-02,24,ICU,65,bed,36.92
6,2020-05-03,26,ICU,65,bed,40.0
6,2020-05-04,23,ICU,65,bed,35.38
6,2020-05-05,22,ICU,65,bed,33.85
6,2020-05-06,24,ICU,65,bed,36.92
6,2020-05-07,23,ICU,65,bed,35.38
6,2020-05-08,22,ICU,65,bed,33.85
6,2020-05-09,22,ICU,65,bed,33.85
6,2020-05-10,22,ICU,65,bed,33.85
6,2020-05-11,20,ICU,65,bed,30.77
6,2020-05-12,21,ICU,65,bed,32.31
6,2020-05-13,21,ICU,65,bed,32.31
6,2020-05-14,21,ICU,65,bed,32.31
6,2020-05-15,22,ICU,65,bed,33.85
6,2020-05-16,25,ICU,65,bed,38.46
6,2020-05-17,24,ICU,65,bed,36.92
6,2020-05-18,23,ICU,65,bed,35.38
6,2020-05-19,19,ICU,65,bed,29.23
6,2020-05-20,19,ICU,65,bed,29.23
6,2020-05-21,18,ICU,65,bed,27.69
6,2020-05-22,18,ICU,65,bed,27.69
6,2020-05-23,20,ICU,65,bed,30.77
6,2020-05-24,21,ICU,65,bed,32.31
6,2020-05-25,21,ICU,65,bed,32.31
6,2020-05-26,20,ICU,65,bed,30.77
6,2020-05-27,20,ICU,65,bed,30.77
6,2020-05-28,17,ICU,65,bed,26.15
6,2020-05-29,19,ICU,65,bed,29.23
6,2020-05-30,18,ICU,65,bed,27.69
6,2020-05-31,21,ICU,65,bed,32.31
6,2020-06-01,22,ICU,65,bed,33.85
6,2020-06-02,20,ICU,65,bed,30.77
6,2020-06-03,21,ICU,65,bed,32.31
6,2020-06-04,22,ICU,65,bed,33.85
6,2020-06-05,24,ICU,65,bed,36.92
6,2020-06-06,27,ICU,65,bed,41.54
6,2020-06-07,26,ICU,65,bed,40.0
6,2020-06-08,27,ICU,65,bed,41.54
6,2020-06-09,30,ICU,65,bed,46.15
6,2020-06-10,30,ICU,65,bed,46.15
6,2020-06-11,32,ICU,65,bed,49.23
6,2020-06-12,31,ICU,65,bed,47.69
6,2020-06-13,30,ICU,65,bed,46.15
6,2020-06-14,28,ICU,65,bed,43.08
6,2020-06-15,32,ICU,65,bed,49.23
6,2020-06-16,31,ICU,65,bed,47.69
6,2020-06-17,27,ICU,65,bed,41.54
6,2020-06-18,28,ICU,65,bed,43.08
6,2020-06-19,29,ICU,65,bed,44.62
6,2020-06-20,27,ICU,65,bed,41.54
6,2020-06-21,26,ICU,65,bed,40.0
6,2020-06-22,25,ICU,65,bed,38.46
6,2020-06-23,23,ICU,65,bed,35.38
6,2020-06-24,22,ICU,65,bed,33.85
6,2020-06-25,26,ICU,65,bed,40.0
6,2020-06-26,26,ICU,65,bed,40.0
6,2020-06-27,25,ICU,65,bed,38.46
6,2020-06-28,23,ICU,65,bed,35.38
6,2020-06-29,24,ICU,65,bed,36.92
6,2020-06-30,22,ICU,65,bed,33.85
6,2020-07-01,19,ICU,65,bed,29.23
6,2020-07-02,19,ICU,65,bed,29.23
6,2020-07-03,19,ICU,65,bed,29.23
6,2020-07-04,18,ICU,65,bed,27.69
6,2020-07-05,17,ICU,65,bed,26.15
6,2020-07-06,16,ICU,65,bed,24.62
6,2020-07-07,17,ICU,65,bed,26.15
6,2020-07-08,19,ICU,65,bed,29.23
6,2020-07-09,20,ICU,65,bed,30.77
6,2020-07-10,22,ICU,65,bed,33.85
6,2020-07-11,19,ICU,65,bed,29.23
6,2020-07-12,18,ICU,65,bed,27.69
6,2020-07-13,18,ICU,65,bed,27.69
6,2020-07-14,19,ICU,65,bed,29.23
6,2020-07-15,22,ICU,65,bed,33.85
6,2020-07-16,21,ICU,65,bed,32.31
6,2020-07-17,19,ICU,65,bed,29.23
6,2020-07-18,19,ICU,65,bed,29.23
6,2020-07-19,18,ICU,65,bed,27.69
6,2020-07-20,20,ICU,65,bed,30.77
6,2020-07-21,21,ICU,65,bed,32.31
6,2020-07-22,21,ICU,65,bed,32.31
6,2020-07-23,20,ICU,65,bed,30.77
6,2020-07-24,20,ICU,65,bed,30.77
6,2020-07-25,24,ICU,65,bed,36.92
6,2020-07-26,25,ICU,65,bed,38.46
6,2020-07-27,22,ICU,65,bed,33.85
6,2020-07-28,25,ICU,65,bed,38.46
6,2020-07-29,26,ICU,65,bed,40.0
6,2020-07-30,25,ICU,65,bed,38.46
6,2020-07-31,24,ICU,65,bed,36.92
6,2020-08-01,26,ICU,65,bed,40.0
6,2020-08-02,25,ICU,65,bed,38.46
6,2020-08-03,21,ICU,65,bed,32.31
6,2020-08-04,20,ICU,65,bed,30.77
6,2020-08-05,20,ICU,65,bed,30.77
6,2020-08-06,18,ICU,65,bed,27.69
6,2020-08-07,17,ICU,65,bed,26.15
6,2020-08-08,16,ICU,65,bed,24.62
6,2020-08-09,16,ICU,65,bed,24.62
6,2020-08-10,15,ICU,65,bed,23.08
6,2020-08-11,13,ICU,65,bed,20.0
6,2020-08-12,13,ICU,65,bed,20.0
6,2020-08-13,13,ICU,65,bed,20.0
6,2020-08-14,10,ICU,65,bed,15.38
6,2020-08-15,10,ICU,65,bed,15.38
6,2020-08-16,10,ICU,65,bed,15.38
6,2020-08-17,11,ICU,65,bed,16.92
6,2020-08-18,12,ICU,65,bed,18.46
6,2020-08-19,12,ICU,65,bed,18.46
6,2020-08-20,13,ICU,65,bed,20.0
6,2020-08-21,16,ICU,65,bed,24.62
6,2020-08-22,15,ICU,65,bed,23.08
6,2020-08-23,14,ICU,65,bed,21.54
6,2020-08-24,12,ICU,65,bed,18.46
6,2020-08-25,13,ICU,65,bed,20.0
6,2020-08-26,11,ICU,65,bed,16.92
6,2020-08-27,11,ICU,65,bed,16.92
6,2020-08-28,15,ICU,65,bed,23.08
6,2020-08-29,18,ICU,65,bed,27.69
6,2020-08-30,18,ICU,65,bed,27.69
6,2020-08-31,19,ICU,65,bed,29.23
6,2020-09-01,18,ICU,65,bed,27.69
6,2020-09-02,17,ICU,65,bed,26.15
6,2020-09-03,16,ICU,65,bed,24.62
6,2020-09-04,16,ICU,65,bed,24.62
6,2020-09-05,17,ICU,65,bed,26.15
6,2020-09-06,16,ICU,65,bed,24.62
6,2020-09-07,15,ICU,65,bed,23.08
6,2020-09-08,14,ICU,65,bed,21.54
6,2020-09-09,17,ICU,65,bed,26.15
6,2020-09-10,18,ICU,65,bed,27.69
6,2020-09-11,16,ICU,65,bed,24.62
6,2020-09-12,17,ICU,65,bed,26.15
6,2020-09-13,17,ICU,65,bed,26.15
6,2020-09-14,16,ICU,65,bed,24.62
6,2020-09-15,18,ICU,65,bed,27.69
6,2020-09-16,18,ICU,65,bed,27.69
6,2020-09-17,23,ICU,65,bed,35.38
6,2020-09-18,21,ICU,65,bed,32.31
6,2020-09-19,23,ICU,65,bed,35.38
6,2020-09-20,25,ICU,65,bed,38.46
6,2020-09-21,22,ICU,65,bed,33.85
6,2020-09-22,20,ICU,65,bed,30.77
6,2020-09-23,21,ICU,65,bed,32.31
6,2020-09-24,19,ICU,65,bed,29.23
6,2020-09-25,17,ICU,65,bed,26.15
6,2020-09-26,16,ICU,65,bed,24.62
6,2020-09-27,15,ICU,65,bed,23.08
6,2020-09-28,18,ICU,65,bed,27.69
6,2020-09-29,21,ICU,65,bed,32.31
6,2020-09-30,23,ICU,65,bed,35.38
6,2020-10-01,23,ICU,65,bed,35.38
6,2020-10-02,23,ICU,65,bed,35.38
6,2020-10-03,20,ICU,65,bed,30.77
6,2020-10-04,20,ICU,65,bed,30.77
6,2020-10-05,20,ICU,65,bed,30.77
6,2020-10-06,18,ICU,65,bed,27.69
6,2020-10-07,19,ICU,65,bed,29.23
6,2020-10-08,17,ICU,65,bed,26.15
6,2020-10-09,15,ICU,65,bed,23.08
6,2020-10-10,15,ICU,65,bed,23.08
6,2020-10-11,16,ICU,65,bed,24.62
6,2020-10-12,18,ICU,65,bed,27.69
6,2020-10-13,19,ICU,65,bed,29.23
6,2020-10-14,21,ICU,65,bed,32.31
6,2020-10-15,23,ICU,65,bed,35.38
6,2020-10-16,21,ICU,65,bed,32.31
6,2020-10-17,20,ICU,65,bed,30.77
6,2020-10-18,21,ICU,65,bed,32.31
6,2020-10-19,22,ICU,65,bed,33.85
6,2020-10-20,25,ICU,65,bed,38.46
6,2020-10-21,25,ICU,65,bed,38.46
6,2020-10-22,26,ICU,65,bed,40.0
6,2020-10-23,27,ICU,65,bed,41.54
6,2020-10-24,26,ICU,65,bed,40.0
6,2020-10-25,27,ICU,65,bed,41.54
6,2020-10-26,26,ICU,65,bed,40.0
6,2020-10-27,25,ICU,65,bed,38.46
6,2020-10-28,24,ICU,65,bed,36.92
6,2020-10-29,24,ICU,65,bed,36.92
6,2020-10-30,22,ICU,65,bed,33.85
6,2020-10-31,22,ICU,65,bed,33.85
6,2020-11-01,23,ICU,65,bed,35.38
6,2020-11-02,20,ICU,65,bed,30.77
6,2020-11-03,21,ICU,65,bed,32.31
6,2020-11-04,21,ICU,65,bed,32.31
6,2020-11-05,23,ICU,65,bed,35.38
6,2020-11-06,23,ICU,65,bed,35.38
6,2020-11-07,21,ICU,65,bed,32.31
6,2020-11-08,23,ICU,65,bed,35.38
6,2020-11-09,22,ICU,65,bed,33.85
6,2020-11-10,21,ICU,65,bed,32.31
6,2020-11-11,21,ICU,65,bed,32.31
6,2020-11-12,22,ICU,65,bed,33.85
6,2020-11-13,22,ICU,65,bed,33.85
6,2020-11-14,24,ICU,65,bed,36.92
6,2020-11-15,25,ICU,65,bed,38.46
6,2020-11-16,23,ICU,65,bed,35.38
6,2020-11-17,24,ICU,65,bed,36.92
6,2020-11-18,25,ICU,65,bed,38.46
6,2020-11-19,28,ICU,65,bed,43.08
6,2020-11-20,27,ICU,65,bed,41.54
6,2020-11-21,26,ICU,65,bed,40.0
6,2020-11-22,25,ICU,65,bed,38.46
6,2020-11-23,24,ICU,65,bed,36.92
6,2020-11-24,22,ICU,65,bed,33.85
6,2020-11-25,27,ICU,65,bed,41.54
6,2020-11-26,26,ICU,65,bed,40.0
6,2020-11-27,25,ICU,65,bed,38.46
6,2020-11-28,24,ICU,65,bed,36.92
6,2020-11-29,21,ICU,65,bed,32.31
6,2020-11-30,21,ICU,65,bed,32.31
6,2020-12-01,23,ICU,65,bed,35.38
6,2020-12-02,22,ICU,65,bed,33.85
6,2020-12-03,20,ICU,65,bed,30.77
6,2020-12-04,20,ICU,65,bed,30.77
6,2020-12-05,22,ICU,65,bed,33.85
6,2020-12-06,23,ICU,65,bed,35.38
6,2020-12-07,20,ICU,65,bed,30.77
6,2020-12-08,18,ICU,65,bed,27.69
6,2020-12-09,18,ICU,65,bed,27.69
6,2020-12-10,17,ICU,65,bed,26.15
6,2020-12-11,17,ICU,65,bed,26.15
6,2020-12-12,17,ICU,65,bed,26.15
6,2020-12-13,19,ICU,65,bed,29.23
6,2020-12-14,18,ICU,65,bed,27.69
6,2020-12-15,18,ICU,65,bed,27.69
6,2020-12-16,19,ICU,65,bed,29.23
6,2020-12-17,22,ICU,65,bed,33.85
6,2020-12-18,22,ICU,65,bed,33.85
6,2020-12-19,19,ICU,65,bed,29.23
6,2020-12-20,19,ICU,65,bed,29.23
6,2020-12-21,21,ICU,65,bed,32.31
6,2020-12-22,22,ICU,65,bed,33.85
6,2020-12-23,25,ICU,65,bed,38.46
6,2020-12-24,26,ICU,65,bed,40.0
6,2020-12-25,27,ICU,65,bed,41.54
6,2020-12-26,25,ICU,65,bed,38.46
6,2020-12-27,24,ICU,65,bed,36.92
6,2020-12-28,23,ICU,65,bed,35.38
6,2020-12-29,25,ICU,65,bed,38.46
6,2020-12-30,23,ICU,65,bed,35.38
6,2020-12-31,21,ICU,65,bed,32.31
6,2021-01-01,19,ICU,65,bed,29.23
6,2021-01-02,16,ICU,65,bed,24.62
6,2021-01-03,15,ICU,65,bed,23.08
6,2021-01-04,12,ICU,65,bed,18.46
6,2021-01-05,15,ICU,65,bed,23.08
6,2021-01-06,14,ICU,65,bed,21.54
6,2021-01-07,13,ICU,65,bed,20.0
6,2021-01-08,13,ICU,65,bed,20.0
6,2021-01-09,10,ICU,65,bed,15.38
6,2021-01-10,11,ICU,65,bed,16.92
6,2021-01-11,13,ICU,65,bed,20.0
6,2021-01-12,14,ICU,65,bed,21.54
6,2021-01-13,16,ICU,65,bed,24.62
6,2021-01-14,15,ICU,65,bed,23.08
6,2021-01-15,17,ICU,65,bed,26.15
6,2021-01-16,18,ICU,65,bed,27.69
6,2021-01-17,21,ICU,65,bed,32.31
6,2021-01-18,22,ICU,65,bed,33.85
6,2021-01-19,20,ICU,65,bed,30.77
6,2021-01-20,21,ICU,65,bed,32.31
6,2021-01-21,21,ICU,65,bed,32.31
6,2021-01-22,20,ICU,65,bed,30.77
6,2021-01-23,21,ICU,65,bed,32.31
6,2021-01-24,17,ICU,65,bed,26.15
6,2021-01-25,15,ICU,65,bed,23.08
6,2021-01-26,14,ICU,65,bed,21.54
6,2021-01-27,14,ICU,65,bed,21.54
6,2021-01-28,15,ICU,65,bed,23.08
6,2021-01-29,12,ICU,65,bed,18.46
6,2021-01-30,11,ICU,65,bed,16.92
6,2021-01-31,11,ICU,65,bed,16.92
6,2021-02-01,12,ICU,65,bed,18.46
6,2021-02-02,12,ICU,65,bed,18.46
6,2021-02-03,13,ICU,65,bed,20.0
6,2021-02-04,13,ICU,65,bed,20.0
6,2021-02-05,14,ICU,65,bed,21.54
6,2021-02-06,16,ICU,65,bed,24.62
6,2021-02-07,15,ICU,65,bed,23.08
6,2021-02-08,17,ICU,65,bed,26.15
6,2021-02-09,17,ICU,65,bed,26.15
6,2021-02-10,16,ICU,65,bed,24.62
6,2021-02-11,16,ICU,65,bed,24.62
6,2021-02-12,15,ICU,65,bed,23.08
6,2021-02-13,16,ICU,65,bed,24.62
6,2021-02-14,19,ICU,65,bed,29.23
6,2021-02-15,16,ICU,65,bed,24.62
6,2021-02-16,16,ICU,65,bed,24.62
6,2021-02-17,17,ICU,65,bed,26.15
6,2021-02-18,21,ICU,65,bed,32.31
6,2021-02-19,18,ICU,65,bed,27.69
6,2021-02-20,19,ICU,65,bed,29.23
6,2021-02-21,22,ICU,65,bed,33.85
6,2021-02-22,21,ICU,65,bed,32.31
6,2021-02-23,21,ICU,65,bed,32.31
6,2021-02-24,19,ICU,65,bed,29.23
6,2021-02-25,19,ICU,65,bed,29.23
6,2021-02-26,22,ICU,65,bed,33.85
6,2021-02-27,18,ICU,65,bed,27.69
6,2021-02-28,18,ICU,65,bed,27.69
6,2021-03-01,15,ICU,65,bed,23.08
6,2021-03-02,14,ICU,65,bed,21.54
6,2021-03-03,17,ICU,65,bed,26.15
6,2021-03-04,21,ICU,65,bed,32.31
6,2021-03-05,20,ICU,65,bed,30.77
6,2021-03-06,25,ICU,65,bed,38.46
6,2021-03-07,26,ICU,65,bed,40.0
6,2021-03-08,25,ICU,65,bed,38.46
6,2021-03-09,26,ICU,65,bed,40.0
6,2021-03-10,28,ICU,65,bed,43.08
6,2021-03-11,27,ICU,65,bed,41.54
6,2021-03-12,25,ICU,65,bed,38.46
6,2021-03-13,29,ICU,65,bed,44.62
6,2021-03-14,28,ICU,65,bed,43.08
6,2021-03-15,28,ICU,65,bed,43.08
6,2021-03-16,29,ICU,65,bed,44.62
6,2021-03-17,28,ICU,65,bed,43.08
6,2021-03-18,29,ICU,65,bed,44.62
6,2021-03-19,25,ICU,65,bed,38.46
6,2021-03-20,22,ICU,65,bed,33.85
6,2021-03-21,25,ICU,65,bed,38.46
6,2021-03-22,22,ICU,65,bed,33.85
6,2021-03-23,23,ICU,65,bed,35.38
6,2021-03-24,22,ICU,65,bed,33.85
6,2021-03-25,24,ICU,65,bed,36.92
6,2021-03-26,22,ICU,65,bed,33.85
6,2021-03-27,19,ICU,65,bed,29.23
6,2021-03-28,21,ICU,65,bed,32.31
6,2021-03-29,20,ICU,65,bed,30.77
6,2021-03-30,17,ICU,65,bed,26.15
6,2021-03-31,18,ICU,65,bed,27.69
6,2021-04-01,19,ICU,65,bed,29.23
6,2021-04-02,19,ICU,65,bed,29.23
6,2021-04-03,18,ICU,65,bed,27.69
6,2021-04-04,19,ICU,65,bed,29.23
6,2021-04-05,17,ICU,65,bed,26.15
6,2021-04-06,19,ICU,65,bed,29.23
6,2021-04-07,18,ICU,65,bed,27.69
6,2021-04-08,21,ICU,65,bed,32.31
6,2021-04-09,21,ICU,65,bed,32.31
6,2021-04-10,20,ICU,65,bed,30.77
6,2021-04-11,22,ICU,65,bed,33.85
6,2021-04-12,21,ICU,65,bed,32.31
6,2021-04-13,19,ICU,65,bed,29.23
6,2021-04-14,17,ICU,65,bed,26.15
6,2021-04-15,19,ICU,65,bed,29.23
6,2021-04-16,18,ICU,65,bed,27.69
6,2021-04-17,18,ICU,65,bed,27.69
6,2021-04-18,15,ICU,65,bed,23.08
6,2021-04-19,16,ICU,65,bed,24.62
6,2021-04-20,19,ICU,65,bed,29.23
6,2021-04-21,15,ICU,65,bed,23.08
6,2021-04-22,15,ICU,65,bed,23.08
6,2021-04-23,17,ICU,65,bed,26.15
6,2021-04-24,16,ICU,65,bed,24.62
6,2021-04-25,21,ICU,65,bed,32.31
6,2021-04-26,19,ICU,65,bed,29.23
6,2021-04-27,20,ICU,65,bed,30.77
6,2021-04-28,20,ICU,65,bed,30.77
6,2021-04-29,19,ICU,65,bed,29.23
6,2021-04-30,20,ICU,65,bed,30.77
6,2021-05-01,21,ICU,65,bed,32.31
6,2021-05-02,21,ICU,65,bed,32.31
6,2021-05-03,23,ICU,65,bed,35.38
6,2021-05-04,24,ICU,65,bed,36.92
6,2021-05-05,23,ICU,65,bed,35.38
6,2021-05-06,23,ICU,65,bed,35.38
6,2021-05-07,23,ICU,65,bed,35.38
6,2021-05-08,26,ICU,65,bed,40.0
6,2021-05-09,25,ICU,65,bed,38.46
6,2021-05-10,23,ICU,65,bed,35.38
6,2021-05-11,21,ICU,65,bed,32.31
6,2021-05-12,22,ICU,65,bed,33.85
6,2021-05-13,21,ICU,65,bed,32.31
6,2021-05-14,20,ICU,65,bed,30.77
6,2021-05-15,19,ICU,65,bed,29.23
6,2021-05-16,17,ICU,65,bed,26.15
6,2021-05-17,19,ICU,65,bed,29.23
6,2021-05-18,19,ICU,65,bed,29.23
6,2021-05-19,18,ICU,65,bed,27.69
6,2021-05-20,19,ICU,65,bed,29.23
6,2021-05-21,19,ICU,65,bed,29.23
6,2021-05-22,18,ICU,65,bed,27.69
6,2021-05-23,19,ICU,65,bed,29.23
6,2021-05-24,21,ICU,65,bed,32.31
6,2021-05-25,25,ICU,65,bed,38.46
6,2021-05-26,28,ICU,65,bed,43.08
6,2021-05-27,28,ICU,65,bed,43.08
6,2021-05-28,29,ICU,65,bed,44.62
6,2021-05-29,30,ICU,65,bed,46.15
6,2021-05-30,28,ICU,65,bed,43.08
6,2021-05-31,27,ICU,65,bed,41.54
6,2021-06-01,23,ICU,65,bed,35.38
6,2021-06-02,25,ICU,65,bed,38.46
6,2021-06-03,25,ICU,65,bed,38.46
6,2021-06-04,28,ICU,65,bed,43.08
6,2021-06-05,26,ICU,65,bed,40.0
6,2021-06-06,25,ICU,65,bed,38.46
6,2021-06-07,25,ICU,65,bed,38.46
6,2021-06-08,23,ICU,65,bed,35.38
6,2021-06-09,25,ICU,65,bed,38.46
6,2021-06-10,22,ICU,65,bed,33.85
6,2021-06-11,21,ICU,65,bed,32.31
6,2021-06-12,16,ICU,65,bed,24.62
6,2021-06-13,20,ICU,65,bed,30.77
6,2021-06-14,19,ICU,65,bed,29.23
6,2021-06-15,22,ICU,65,bed,33.85
6,2021-06-16,22,ICU,65,bed,33.85
6,2021-06-17,21,ICU,65,bed,32.31
6,2021-06-18,21,ICU,65,bed,32.31
6,2021-06-19,20,ICU,65,bed,30.77
6,2021-06-20,21,ICU,65,bed,32.31
6,2021-06-21,20,ICU,65,bed,30.77
6,2021-06-22,19,ICU,65,bed,29.23
6,2021-06-23,19,ICU,65,bed,29.23
6,2021-06-24,17,ICU,65,bed,26.15
6,2021-06-25,17,ICU,65,bed,26.15
6,2021-06-26,18,ICU,65,bed,27.69
6,2021-06-27,20,ICU,65,bed,30.77
6,2021-06-28,21,ICU,65,bed,32.31
6,2021-06-29,18,ICU,65,bed,27.69
6,2021-06-30,18,ICU,65,bed,27.69
6,2021-07-01,18,ICU,65,bed,27.69
6,2021-07-02,18,ICU,65,bed,27.69
6,2021-07-03,17,ICU,65,bed,26.15
6,2021-07-04,16,ICU,65,bed,24.62
6,2021-07-05,15,ICU,65,bed,23.08
6,2021-07-06,14,ICU,65,bed,21.54
6,2021-07-07,15,ICU,65,bed,23.08
6,2021-07-08,16,ICU,65,bed,24.62
6,2021-07-09,16,ICU,65,bed,24.62
6,2021-07-10,17,ICU,65,bed,26.15
6,2021-07-11,16,ICU,65,bed,24.62
6,2021-07-12,15,ICU,65,bed,23.08
6,2021-07-13,16,ICU,65,bed,24.62
6,2021-07-14,17,ICU,65,bed,26.15
6,2021-07-15,18,ICU,65,bed,27.69
6,2021-07-16,18,ICU,65,bed,27.69
6,2021-07-17,22,ICU,65,bed,33.85
6,2021-07-18,23,ICU,65,bed,35.38
6,2021-07-19,23,ICU,65,bed,35.38
6,2021-07-20,26,ICU,65,bed,40.0
6,2021-07-21,27,ICU,65,bed,41.54
6,2021-07-22,28,ICU,65,bed,43.08
6,2021-07-23,27,ICU,65,bed,41.54
6,2021-07-24,25,ICU,65,bed,38.46
6,2021-07-25,27,ICU,65,bed,41.54
6,2021-07-26,25,ICU,65,bed,38.46
6,2021-07-27,23,ICU,65,bed,35.38
6,2021-07-28,24,ICU,65,bed,36.92
6,2021-07-29,19,ICU,65,bed,29.23
6,2021-07-30,20,ICU,65,bed,30.77
6,2021-07-31,20,ICU,65,bed,30.77
6,2021-08-01,18,ICU,65,bed,27.69
6,2021-08-02,22,ICU,65,bed,33.85
6,2021-08-03,26,ICU,65,bed,40.0
6,2021-08-04,29,ICU,65,bed,44.62
6,2021-08-05,27,ICU,65,bed,41.54
6,2021-08-06,26,ICU,65,bed,40.0
6,2021-08-07,28,ICU,65,bed,43.08
6,2021-08-08,26,ICU,65,bed,40.0
6,2021-08-09,24,ICU,65,bed,36.92
6,2021-08-10,22,ICU,65,bed,33.85
6,2021-08-11,20,ICU,65,bed,30.77
6,2021-08-12,19,ICU,65,bed,29.23
6,2021-08-13,17,ICU,65,bed,26.15
6,2021-08-14,15,ICU,65,bed,23.08
6,2021-08-15,13,ICU,65,bed,20.0
6,2021-08-16,14,ICU,65,bed,21.54
6,2021-08-17,13,ICU,65,bed,20.0
6,2021-08-18,15,ICU,65,bed,23.08
6,2021-08-19,14,ICU,65,bed,21.54
6,2021-08-20,16,ICU,65,bed,24.62
6,2021-08-21,17,ICU,65,bed,26.15
6,2021-08-22,21,ICU,65,bed,32.31
6,2021-08-23,20,ICU,65,bed,30.77
6,2021-08-24,21,ICU,65,bed,32.31
6,2021-08-25,24,ICU,65,bed,36.92
6,2021-08-26,22,ICU,65,bed,33.85
6,2021-08-27,20,ICU,65,bed,30.77
6,2021-08-28,19,ICU,65,bed,29.23
6,2021-08-29,20,ICU,65,bed,30.77
6,2021-08-30,20,ICU,65,bed,30.77
6,2021-08-31,20,ICU,65,bed,30.77
6,2021-09-01,20,ICU,65,bed,30.77
6,2021-09-02,18,ICU,65,bed,27.69
6,2021-09-03,17,ICU,65,bed,26.15
6,2021-09-04,20,ICU,65,bed,30.77
6,2021-09-05,24,ICU,65,bed,36.92
6,2021-09-06,22,ICU,65,bed,33.85
6,2021-09-07,23,ICU,65,bed,35.38
6,2021-09-08,18,ICU,65,bed,27.69
6,2021-09-09,18,ICU,65,bed,27.69
6,2021-09-10,17,ICU,65,bed,26.15
6,2021-09-11,17,ICU,65,bed,26.15
6,2021-09-12,18,ICU,65,bed,27.69
6,2021-09-13,20,ICU,65,bed,30.77
6,2021-09-14,22,ICU,65,bed,33.85
6,2021-09-15,21,ICU,65,bed,32.31
6,2021-09-16,22,ICU,65,bed,33.85
6,2021-09-17,23,ICU,65,bed,35.38
6,2021-09-18,21,ICU,65,bed,32.31
6,2021-09-19,23,ICU,65,bed,35.38
6,2021-09-20,23,ICU,65,bed,35.38
6,2021-09-21,25,ICU,65,bed,38.46
6,2021-09-22,25,ICU,65,bed,38.46
6,2021-09-23,26,ICU,65,bed,40.0
6,2021-09-24,27,ICU,65,bed,41.54
6,2021-09-25,26,ICU,65,bed,40.0
6,2021-09-26,24,ICU,65,bed,36.92
6,2021-09-27,22,ICU,65,bed,33.85
6,2021-09-28,21,ICU,65,bed,32.31
6,2021-09-29,22,ICU,65,bed,33.85
6,2021-09-30,20,ICU,65,bed,30.77
6,2021-10-01,16,ICU,65,bed,24.62
6,2021-10-02,18,ICU,65,bed,27.69
6,2021-10-03,20,ICU,65,bed,30.77
6,2021-10-04,20,ICU,65,bed,30.77
6,2021-10-05,19,ICU,65,bed,29.23
6,2021-10-06,21,ICU,65,bed,32.31
6,2021-10-07,21,ICU,65,bed,32.31
6,2021-10-08,20,ICU,65,bed,30.77
6,2021-10-09,23,ICU,65,bed,35.38
6,2021-10-10,24,ICU,65,bed,36.92
6,2021-10-11,24,ICU,65,bed,36.92
6,2021-10-12,28,ICU,65,bed,43.08
6,2021-10-13,22,ICU,65,bed,33.85
6,2021-10-14,22,ICU,65,bed,33.85
6,2021-10-15,22,ICU,65,bed,33.85
6,2021-10-16,20,ICU,65,bed,30.77
6,2021-10-17,15,ICU,65,bed,23.08
6,2021-10-18,13,ICU,65,bed,20.0
6,2021-10-19,11,ICU,65,bed,16.92
6,2021-10-20,9,ICU,65,bed,13.85
6,2021-10-21,10,ICU,65,bed,15.38
6,2021-10-22,9,ICU,65,bed,13.85
6,2021-10-23,9,ICU,65,bed,13.85
6,2021-10-24,11,ICU,65,bed,16.92
6,2021-10-25,13,ICU,65,bed,20.0
6,2021-10-26,15,ICU,65,bed,23.08
6,2021-10-27,15,ICU,65,bed,23.08
6,2021-10-28,19,ICU,65,bed,29.23
6,2021-10-29,21,ICU,65,bed,32.31
6,2021-10-30,22,ICU,65,bed,33.85
6,2021-10-31,22,ICU,65,bed,33.85
6,2021-11-01,23,ICU,65,bed,35.38
6,2021-11-02,22,ICU,65,bed,33.85
6,2021-11-03,22,ICU,65,bed,33.85
6,2021-11-04,23,ICU,65,bed,35.38
6,2021-11-05,23,ICU,65,bed,35.38
6,2021-11-06,22,ICU,65,bed,33.85
6,2021-11-07,26,ICU,65,bed,40.0
6,2021-11-08,26,ICU,65,bed,40.0
6,2021-11-09,23,ICU,65,bed,35.38
6,2021-11-10,24,ICU,65,bed,36.92
6,2021-11-11,25,ICU,65,bed,38.46
6,2021-11-12,24,ICU,65,bed,36.92
6,2021-11-13,19,ICU,65,bed,29.23
6,2021-11-14,21,ICU,65,bed,32.31
6,2021-11-15,19,ICU,65,bed,29.23
6,2021-11-16,19,ICU,65,bed,29.23
6,2021-11-17,17,ICU,65,bed,26.15
6,2021-11-18,18,ICU,65,bed,27.69
6,2021-11-19,17,ICU,65,bed,26.15
6,2021-11-20,15,ICU,65,bed,23.08
6,2021-11-21,15,ICU,65,bed,23.08
6,2021-11-22,15,ICU,65,bed,23.08
6,2021-11-23,12,ICU,65,bed,18.46
6,2021-11-24,11,ICU,65,bed,16.92
6,2021-11-25,13,ICU,65,bed,20.0
6,2021-11-26,14,ICU,65,bed,21.54
6,2021-11-27,15,ICU,65,bed,23.08
6,2021-11-28,15,ICU,65,bed,23.08
6,2021-11-29,18,ICU,65,bed,27.69
6,2021-11-30,20,ICU,65,bed,30.77
6,2021-12-01,21,ICU,65,bed,32.31
6,2021-12-02,22,ICU,65,bed,33.85
6,2021-12-03,22,ICU,65,bed,33.85
6,2021-12-04,22,ICU,65,bed,33.85
6,2021-12-05,22,ICU,65,bed,33.85
6,2021-12-06,26,ICU,65,bed,40.0
6,2021-12-07,28,ICU,65,bed,43.08
6,2021-12-08,28,ICU,65,bed,43.08
6,2021-12-09,26,ICU,65,bed,40.0
6,2021-12-10,25,ICU,65,bed,38.46
6,2021-12-11,25,ICU,65,bed,38.46
6,2021-12-12,27,ICU,65,bed,41.54
6,2021-12-13,26,ICU,65,bed,40.0
6,2021-12-14,26,ICU,65,bed,40.0
6,2021-12-15,25,ICU,65,bed,38.46
6,2021-12-16,27,ICU,65,bed,41.54
6,2021-12-17,29,ICU,65,bed,44.62
6,2021-12-18,29,ICU,65,bed,44.62
6,2021-12-19,29,ICU,65,bed,44.62
6,2021-12-20,24,ICU,65,bed,36.92
6,2021-12-21,22,ICU,65,bed,33.85
6,2021-12-22,22,ICU,65,bed,33.85
6,2021-12-23,20,ICU,65,bed,30.77
6,2021-12-24,19,ICU,65,bed,29.23
6,2021-12-25,22,ICU,65,bed,33.85
6,2021-12-26,21,ICU,65,bed,32.31
6,2021-12-27,23,ICU,65,bed,35.38
6,2021-12-28,21,ICU,65,bed,32.31
6,2021-12-29,20,ICU,65,bed,30.77
6,2021-12-30,22,ICU,65,bed,33.85
6,2021-12-31,23,ICU,65,bed,35.38
6,2022-01-01,19,ICU,65,bed,29.23
6,2022-01-02,22,ICU,65,bed,33.85
6,2022-01-03,23,ICU,65,bed,35.38
6,2022-01-04,19,ICU,65,bed,29.23
6,2022-01-05,21,ICU,65,bed,32.31
6,2022-01-06,19,ICU,65,bed,29.23
6,2022-01-07,19,ICU,65,bed,29.23
6,2022-01-08,19,ICU,65,bed,29.23
6,2022-01-09,17,ICU,65,bed,26.15
6,2022-01-10,17,ICU,65,bed,26.15
6,2022-01-11,14,ICU,65,bed,21.54
6,2022-01-12,16,ICU,65,bed,24.62
6,2022-01-13,12,ICU,65,bed,18.46
6,2022-01-14,10,ICU,65,bed,15.38
6,2022-01-15,14,ICU,65,bed,21.54
6,2022-01-16,13,ICU,65,bed,20.0
6,2022-01-17,14,ICU,65,bed,21.54
6,2022-01-18,15,ICU,65,bed,23.08
6,2022-01-19,13,ICU,65,bed,20.0
6,2022-01-20,16,ICU,65,bed,24.62
6,2022-01-21,16,ICU,65,bed,24.62
6,2022-01-22,18,ICU,65,bed,27.69
6,2022-01-23,16,ICU,65,bed,24.62
6,2022-01-24,17,ICU,65,bed,26.15
6,2022-01-25,18,ICU,65,bed,27.69
6,2022-01-26,20,ICU,65,bed,30.77
6,2022-01-27,18,ICU,65,bed,27.69
6,2022-01-28,17,ICU,65,bed,26.15
6,2022-01-29,15,ICU,65,bed,23.08
6,2022-01-30,15,ICU,65,bed,23.08
6,2022-01-31,20,ICU,65,bed,30.77
6,2022-02-01,19,ICU,65,bed,29.23
6,2022-02-02,18,ICU,65,bed,27.69
6,2022-02-03,17,ICU,65,bed,26.15
6,2022-02-04,20,ICU,65,bed,30.77
6,2022-02-05,19,ICU,65,bed,29.23
6,2022-02-06,18,ICU,65,bed,27.69
6,2022-02-07,19,ICU,65,bed,29.23
6,2022-02-08,17,ICU,65,bed,26.15
6,2022-02-09,17,ICU,65,bed,26.15
6,2022-02-10,20,ICU,65,bed,30.77
6,2022-02-11,18,ICU,65,bed,27.69
6,2022-02-12,17,ICU,65,bed,26.15
6,2022-02-13,19,ICU,65,bed,29.23
6,2022-02-14,20,ICU,65,bed,30.77
6,2022-02-15,17,ICU,65,bed,26.15
6,2022-02-16,21,ICU,65,bed,32.31
6,2022-02-17,22,ICU,65,bed,33.85
6,2022-02-18,21,ICU,65,bed,32.31
6,2022-02-19,18,ICU,65,bed,27.69
6,2022-02-20,22,ICU,65,bed,33.85
6,2022-02-21,26,ICU,65,bed,40.0
6,2022-02-22,27,ICU,65,bed,41.54
6,2022-02-23,26,ICU,65,bed,40.0
6,2022-02-24,27,ICU,65,bed,41.54
6,2022-02-25,25,ICU,65,bed,38.46
6,2022-02-26,24,ICU,65,bed,36.92
6,2022-02-27,22,ICU,65,bed,33.85
6,2022-02-28,19,ICU,65,bed,29.23
6,2022-03-01,18,ICU,65,bed,27.69
6,2022-03-02,20,ICU,65,bed,30.77
6,2022-03-03,18,ICU,65,bed,27.69
6,2022-03-04,21,ICU,65,bed,32.31
6,2022-03-05,22,ICU,65,bed,33.85
6,2022-03-06,23,ICU,65,bed,35.38
6,2022-03-07,24,ICU,65,bed,36.92
6,2022-03-08,23,ICU,65,bed,35.38
6,2022-03-09,26,ICU,65,bed,40.0
6,2022-03-10,28,ICU,65,bed,43.08
6,2022-03-11,28,ICU,65,bed,43.08
6,2022-03-12,25,ICU,65,bed,38.46
6,2022-03-13,26,ICU,65,bed,40.0
6,2022-03-14,26,ICU,65,bed,40.0
6,2022-03-15,28,ICU,65,bed,43.08
6,2022-03-16,28,ICU,65,bed,43.08
6,2022-03-17,25,ICU,65,bed,38.46
6,2022-03-18,23,ICU,65,bed,35.38
6,2022-03-19,24,ICU,65,bed,36.92
6,2022-03-20,21,ICU,65,bed,32.31
6,2022-03-21,21,ICU,65,bed,32.31
6,2022-03-22,19,ICU,65,bed,29.23
6,2022-03-23,18,ICU,65,bed,27.69
6,2022-03-24,19,ICU,65,bed,29.23
6,2022-03-25,19,ICU,65,bed,29.23
6,2022-03-26,20,ICU,65,bed,30.77
6,2022-03-27,24,ICU,65,bed,36.92
6,2022-03-28,27,ICU,65,bed,41.54
6,2022-03-29,25,ICU,65,bed,38.46
6,2022-03-30,27,ICU,65,bed,41.54
6,2022-03-31,30,ICU,65,bed,46.15
6,2022-04-01,31,ICU,65,bed,47.69
6,2022-04-02,29,ICU,65,bed,44.62
6,2022-04-03,31,ICU,65,bed,47.69
6,2022-04-04,33,ICU,65,bed,50.77
6,2022-04-05,29,ICU,65,bed,44.62
6,2022-04-06,27,ICU,65,bed,41.54
6,2022-04-07,30,ICU,65,bed,46.15
6,2022-04-08,31,ICU,65,bed,47.69
6,2022-04-09,29,ICU,65,bed,44.62
6,2022-04-10,30,ICU,65,bed,46.15
6,2022-04-11,28,ICU,65,bed,43.08
6,2022-04-12,26,ICU,65,bed,40.0
6,2022-04-13,23,ICU,65,bed,35.38
6,2022-04-14,22,ICU,65,bed,33.85
6,2022-04-15,25,ICU,65,bed,38.46
6,2022-04-16,30,ICU,65,bed,46.15
6,2022-04-17,28,ICU,65,bed,43.08
6,2022-04-18,28,ICU,65,bed,43.08
6,2022-04-19,29,ICU,65,bed,44.62
6,2022-04-20,27,ICU,65,bed,41.54
6,2022-04-21,27,ICU,65,bed,41.54
6,2022-04-22,27,ICU,65,bed,41.54
6,2022-04-23,26,ICU,65,bed,40.0
6,2022-04-24,25,ICU,65,bed,38.46
6,2022-04-25,27,ICU,65,bed,41.54
6,2022-04-26,23,ICU,65,bed,35.38
6,2022-04-27,19,ICU,65,bed,29.23
6,2022-04-28,23,ICU,65,bed,35.38
6,2022-04-29,23,ICU,65,bed,35.38
6,2022-04-30,23,ICU,65,bed,35.38
6,2022-05-01,21,ICU,65,bed,32.31
6,2022-05-02,20,ICU,65,bed,30.77
6,2022-05-03,21,ICU,65,bed,32.31
6,2022-05-04,21,ICU,65,bed,32.31
6,2022-05-05,23,ICU,65,bed,35.38
6,2022-05-06,26,ICU,65,bed,40.0
6,2022-05-07,26,ICU,65,bed,40.0
6,2022-05-08,28,ICU,65,bed,43.08
6,2022-05-09,28,ICU,65,bed,43.08
6,2022-05-10,26,ICU,65,bed,40.0
6,2022-05-11,23,ICU,65,bed,35.38
6,2022-05-12,26,ICU,65,bed,40.0
6,2022-05-13,22,ICU,65,bed,33.85
6,2022-05-14,20,ICU,65,bed,30.77
6,2022-05-15,21,ICU,65,bed,32.31
6,2022-05-16,20,ICU,65,bed,30.77
6,2022-05-17,24,ICU,65,bed,36.92
6,2022-05-18,26,ICU,65,bed,40.0
6,2022-05-19,25,ICU,65,bed,38.46
6,2022-05-20,24,ICU,65,bed,36.92
6,2022-05-21,25,ICU,65,bed,38.46
6,2022-05-22,24,ICU,65,bed,36.92
6,2022-05-23,22,ICU,65,bed,33.85
6,2022-05-24,20,ICU,65,bed,30.77
6,2022-05-25,20,ICU,65,bed,30.77
6,2022-05-26,20,ICU,65,bed,30.77
6,2022-05-27,18,ICU,65,bed,27.69
6,2022-05-28,18,ICU,65,bed,27.69
6,2022-05-29,19,ICU,65,bed,29.23
6,2022-05-30,19,ICU,65,bed,29.23
6,2022-05-31,21,ICU,65,bed,32.31
6,2022-06-01,22,ICU,65,bed,33.85
6,2022-06-02,20,ICU,65,bed,30.77
6,2022-06-03,18,ICU,65,bed,27.69
6,2022-06-04,20,ICU,65,bed,30.77
6,2022-06-05,21,ICU,65,bed,32.31
6,2022-06-06,20,ICU,65,bed,30.77
6,2022-06-07,21,ICU,65,bed,32.31
6,2022-06-08,17,ICU,65,bed,26.15
6,2022-06-09,18,ICU,65,bed,27.69
6,2022-06-10,19,ICU,65,bed,29.23
6,2022-06-11,18,ICU,65,bed,27.69
6,2022-06-12,18,ICU,65,bed,27.69
6,2022-06-13,20,ICU,65,bed,30.77
6,2022-06-14,20,ICU,65,bed,30.77
6,2022-06-15,21,ICU,65,bed,32.31
6,2022-06-16,20,ICU,65,bed,30.77
6,2022-06-17,19,ICU,65,bed,29.23
6,2022-06-18,20,ICU,65,bed,30.77
6,2022-06-19,21,ICU,65,bed,32.31
6,2022-06-20,18,ICU,65,bed,27.69
6,2022-06-21,18,ICU,65,bed,27.69
6,2022-06-22,19,ICU,65,bed,29.23
6,2022-06-23,19,ICU,65,bed,29.23
6,2022-06-24,19,ICU,65,bed,29.23
6,2022-06-25,20,ICU,65,bed,30.77
6,2022-06-26,21,ICU,65,bed,32.31
6,2022-06-27,21,ICU,65,bed,32.31
6,2022-06-28,20,ICU,65,bed,30.77
6,2022-06-29,23,ICU,65,bed,35.38
6,2022-06-30,22,ICU,65,bed,33.85
6,2022-07-01,23,ICU,65,bed,35.38
6,2022-07-02,22,ICU,65,bed,33.85
6,2022-07-03,18,ICU,65,bed,27.69
6,2022-07-04,21,ICU,65,bed,32.31
6,2022-07-05,23,ICU,65,bed,35.38
6,2022-07-06,20,ICU,65,bed,30.77
6,2022-07-07,20,ICU,65,bed,30.77
6,2022-07-08,16,ICU,65,bed,24.62
6,2022-07-09,16,ICU,65,bed,24.62
6,2022-07-10,16,ICU,65,bed,24.62
6,2022-07-11,17,ICU,65,bed,26.15
6,2022-07-12,17,ICU,65,bed,26.15
6,2022-07-13,18,ICU,65,bed,27.69
6,2022-07-14,17,ICU,65,bed,26.15
6,2022-07-15,17,ICU,65,bed,26.15
6,2022-07-16,19,ICU,65,bed,29.23
6,2022-07-17,18,ICU,65,bed,27.69
6,2022-07-18,18,ICU,65,bed,27.69
6,2022-07-19,18,ICU,65,bed,27.69
6,2022-07-20,18,ICU,65,bed,27.69
6,2022-07-21,19,ICU,65,bed,29.23
6,2022-07-22,19,ICU,65,bed,29.23
6,2022-07-23,20,ICU,65,bed,30.77
6,2022-07-24,19,ICU,65,bed,29.23
6,2022-07-25,22,ICU,65,bed,33.85
6,2022-07-26,19,ICU,65,bed,29.23
6,2022-07-27,19,ICU,65,bed,29.23
6,2022-07-28,20,ICU,65,bed,30.77
6,2022-07-29,23,ICU,65,bed,35.38
6,2022-07-30,25,ICU,65,bed,38.46
6,2022-07-31,28,ICU,65,bed,43.08
6,2022-08-01,31,ICU,65,bed,47.69
6,2022-08-02,30,ICU,65,bed,46.15
6,2022-08-03,31,ICU,65,bed,47.69
6,2022-08-04,34,ICU,65,bed,52.31
6,2022-08-05,34,ICU,65,bed,52.31
6,2022-08-06,33,ICU,65,bed,50.77
6,2022-08-07,28,ICU,65,bed,43.08
6,2022-08-08,31,ICU,65,bed,47.69
6,2022-08-09,31,ICU,65,bed,47.69
6,2022-08-10,32,ICU,65,bed,49.23
6,2022-08-11,30,ICU,65,bed,46.15
6,2022-08-12,29,ICU,65,bed,44.62
6,2022-08-13,28,ICU,65,bed,43.08
6,2022-08-14,26,ICU,65,bed,40.0
6,2022-08-15,27,ICU,65,bed,41.54
6,2022-08-16,27,ICU,65,bed,41.54
6,2022-08-17,23,ICU,65,bed,35.38
6,2022-08-18,20,ICU,65,bed,30.77
6,2022-08-19,19,ICU,65,bed,29.23
6,2022-08-20,16,ICU,65,bed,24.62
6,2022-08-21,15,ICU,65,bed,23.08
6,2022-08-22,18,ICU,65,bed,27.69
6,2022-08-23,19,ICU,65,bed,29.23
6,2022-08-24,17,ICU,65,bed,26.15
6,2022-08-25,17,ICU,65,bed,26.15
6,2022-08-26,20,ICU,65,bed,30.77
6,2022-08-27,17,ICU,65,bed,26.15
6,2022-08-28,20,ICU,65,bed,30.77
6,2022-08-29,22,ICU,65,bed,33.85
6,2022-08-30,22,ICU,65,bed,33.85
6,2022-08-31,23,ICU,65,bed,35.38
6,2022-09-01,23,ICU,65,bed,35.38
6,2022-09-02,27,ICU,65,bed,41.54
6,2022-09-03,26,ICU,65,bed,40.0
6,2022-09-04,21,ICU,65,bed,32.31
6,2022-09-05,26,ICU,65,bed,40.0
6,2022-09-06,26,ICU,65,bed,40.0
6,2022-09-07,23,ICU,65,bed,35.38
6,2022-09-08,23,ICU,65,bed,35.38
6,2022-09-09,23,ICU,65,bed,35.38
6,2022-09-10,25,ICU,65,bed,38.46
6,2022-09-11,29,ICU,65,bed,44.62
6,2022-09-12,32,ICU,65,bed,49.23
6,2022-09-13,29,ICU,65,bed,44.62
6,2022-09-14,29,ICU,65,bed,44.62
6,2022-09-15,28,ICU,65,bed,43.08
6,2022-09-16,24,ICU,65,bed,36.92
6,2022-09-17,22,ICU,65,bed,33.85
6,2022-09-18,19,ICU,65,bed,29.23
6,2022-09-19,20,ICU,65,bed,30.77
6,2022-09-20,19,ICU,65,bed,29.23
6,2022-09-21,17,ICU,65,bed,26.15
6,2022-09-22,17,ICU,65,bed,26.15
6,2022-09-23,19,ICU,65,bed,29.23
6,2022-09-24,16,ICU,65,bed,24.62
6,2022-09-25,16,ICU,65,bed,24.62
6,2022-09-26,17,ICU,65,bed,26.15
6,2022-09-27,17,ICU,65,bed,26.15
6,2022-09-28,17,ICU,65,bed,26.15
6,2022-09-29,15,ICU,65,bed,23.08
6,2022-09-30,16,ICU,65,bed,24.62
6,2022-10-01,16,ICU,65,bed,24.62
6,2022-10-02,17,ICU,65,bed,26.15
6,2022-10-03,18,ICU,65,bed,27.69
6,2022-10-04,17,ICU,65,bed,26.15
6,2022-10-05,19,ICU,65,bed,29.23
6,2022-10-06,21,ICU,65,bed,32.31
6,2022-10-07,19,ICU,65,bed,29.23
6,2022-10-08,18,ICU,65,bed,27.69
6,2022-10-09,15,ICU,65,bed,23.08
6,2022-10-10,15,ICU,65,bed,23.08
6,2022-10-11,19,ICU,65,bed,29.23
6,2022-10-12,19,ICU,65,bed,29.23
6,2022-10-13,18,ICU,65,bed,27.69
6,2022-10-14,23,ICU,65,bed,35.38
6,2022-10-15,26,ICU,65,bed,40.0
6,2022-10-16,24,ICU,65,bed,36.92
6,2022-10-17,24,ICU,65,bed,36.92
6,2022-10-18,25,ICU,65,bed,38.46
6,2022-10-19,26,ICU,65,bed,40.0
6,2022-10-20,25,ICU,65,bed,38.46
6,2022-10-21,25,ICU,65,bed,38.46
6,2022-10-22,24,ICU,65,bed,36.92
6,2022-10-23,24,ICU,65,bed,36.92
6,2022-10-24,20,ICU,65,bed,30.77
6,2022-10-25,20,ICU,65,bed,30.77
6,2022-10-26,19,ICU,65,bed,29.23
6,2022-10-27,16,ICU,65,bed,24.62
6,2022-10-28,16,ICU,65,bed,24.62
6,2022-10-29,16,ICU,65,bed,24.62
6,2022-10-30,16,ICU,65,bed,24.62
6,2022-10-31,16,ICU,65,bed,24.62
6,2022-11-01,15,ICU,65,bed,23.08
6,2022-11-02,18,ICU,65,bed,27.69
6,2022-11-03,16,ICU,65,bed,24.62
6,2022-11-04,16,ICU,65,bed,24.62
6,2022-11-05,17,ICU,65,bed,26.15
6,2022-11-06,16,ICU,65,bed,24.62
6,2022-11-07,15,ICU,65,bed,23.08
6,2022-11-08,13,ICU,65,bed,20.0
6,2022-11-09,16,ICU,65,bed,24.62
6,2022-11-10,18,ICU,65,bed,27.69
6,2022-11-11,16,ICU,65,bed,24.62
6,2022-11-12,19,ICU,65,bed,29.23
6,2022-11-13,19,ICU,65,bed,29.23
6,2022-11-14,20,ICU,65,bed,30.77
6,2022-11-15,21,ICU,65,bed,32.31
6,2022-11-16,21,ICU,65,bed,32.31
6,2022-11-17,25,ICU,65,bed,38.46
6,2022-11-18,25,ICU,65,bed,38.46
6,2022-11-19,25,ICU,65,bed,38.46
6,2022-11-20,26,ICU,65,bed,40.0
6,2022-11-21,25,ICU,65,bed,38.46
6,2022-11-22,25,ICU,65,bed,38.46
6,2022-11-23,26,ICU,65,bed,40.0
6,2022-11-24,26,ICU,65,bed,40.0
6,2022-11-25,22,ICU,65,bed,33.85
6,2022-11-26,23,ICU,65,bed,35.38
6,2022-11-27,22,ICU,65,bed,33.85
6,2022-11-28,23,ICU,65,bed,35.38
6,2022-11-29,23,ICU,65,bed,35.38
6,2022-11-30,21,ICU,65,bed,32.31
6,2022-12-01,20,ICU,65,bed,30.77
6,2022-12-02,21,ICU,65,bed,32.31
6,2022-12-03,22,ICU,65,bed,33.85
6,2022-12-04,20,ICU,65,bed,30.77
6,2022-12-05,20,ICU,65,bed,30.77
6,2022-12-06,19,ICU,65,bed,29.23
6,2022-12-07,20,ICU,65,bed,30.77
6,2022-12-08,16,ICU,65,bed,24.62
6,2022-12-09,16,ICU,65,bed,24.62
6,2022-12-10,16,ICU,65,bed,24.62
6,2022-12-11,15,ICU,65,bed,23.08
6,2022-12-12,15,ICU,65,bed,23.08
6,2022-12-13,16,ICU,65,bed,24.62
6,2022-12-14,18,ICU,65,bed,27.69
6,2022-12-15,17,ICU,65,bed,26.15
6,2022-12-16,16,ICU,65,bed,24.62
6,2022-12-17,17,ICU,65,bed,26.15
6,2022-12-18,12,ICU,65,bed,18.46
6,2022-12-19,14,ICU,65,bed,21.54
6,2022-12-20,13,ICU,65,bed,20.0
6,2022-12-21,13,ICU,65,bed,20.0
6,2022-12-22,12,ICU,65,bed,18.46
6,2022-12-23,13,ICU,65,bed,20.0
6,2022-12-24,15,ICU,65,bed,23.08
6,2022-12-25,16,ICU,65,bed,24.62
6,2022-12-26,12,ICU,65,bed,18.46
6,2022-12-27,14,ICU,65,bed,21.54
6,2022-12-28,16,ICU,65,bed,24.62
6,2022-12-29,16,ICU,65,bed,24.62
6,2022-12-30,19,ICU,65,bed,29.23
6,2022-12-31,21,ICU,65,bed,32.31
6,2023-01-01,23,ICU,65,bed,35.38
6,2023-01-02,26,ICU,65,bed,40.0
6,2023-01-03,27,ICU,65,bed,41.54
6,2023-01-04,27,ICU,65,bed,41.54
6,2023-01-05,27,ICU,65,bed,41.54
6,2023-01-06,28,ICU,65,bed,43.08
6,2023-01-07,26,ICU,65,bed,40.0
6,2023-01-08,24,ICU,65,bed,36.92
6,2023-01-09,22,ICU,65,bed,33.85
6,2023-01-10,20,ICU,65,bed,30.77
6,2023-01-11,18,ICU,65,bed,27.69
6,2023-01-12,17,ICU,65,bed,26.15
6,2023-01-13,17,ICU,65,bed,26.15
6,2023-01-14,18,ICU,65,bed,27.69
6,2023-01-15,17,ICU,65,bed,26.15
6,2023-01-16,19,ICU,65,bed,29.23
6,2023-01-17,18,ICU,65,bed,27.69
6,2023-01-18,17,ICU,65,bed,26.15
6,2023-01-19,20,ICU,65,bed,30.77
6,2023-01-20,22,ICU,65,bed,33.85
6,2023-01-21,23,ICU,65,bed,35.38
6,2023-01-22,21,ICU,65,bed,32.31
6,2023-01-23,21,ICU,65,bed,32.31
6,2023-01-24,24,ICU,65,bed,36.92
6,2023-01-25,25,ICU,65,bed,38.46
6,2023-01-26,26,ICU,65,bed,40.0
6,2023-01-27,25,ICU,65,bed,38.46
6,2023-01-28,24,ICU,65,bed,36.92
6,2023-01-29,22,ICU,65,bed,33.85
6,2023-01-30,19,ICU,65,bed,29.23
6,2023-01-31,19,ICU,65,bed,29.23
6,2023-02-01,17,ICU,65,bed,26.15
6,2023-02-02,18,ICU,65,bed,27.69
6,2023-02-03,18,ICU,65,bed,27.69
6,2023-02-04,16,ICU,65,bed,24.62
6,2023-02-05,15,ICU,65,bed,23.08
6,2023-02-06,16,ICU,65,bed,24.62
6,2023-02-07,20,ICU,65,bed,30.77
6,2023-02-08,20,ICU,65,bed,30.77
6,2023-02-09,18,ICU,65,bed,27.69
6,2023-02-10,19,ICU,65,bed,29.23
6,2023-02-11,19,ICU,65,bed,29.23
6,2023-02-12,18,ICU,65,bed,27.69
6,2023-02-13,16,ICU,65,bed,24.62
6,2023-02-14,17,ICU,65,bed,26.15
6,2023-02-15,14,ICU,65,bed,21.54
6,2023-02-16,15,ICU,65,bed,23.08
6,2023-02-17,16,ICU,65,bed,24.62
6,2023-02-18,15,ICU,65,bed,23.08
6,2023-02-19,16,ICU,65,bed,24.62
6,2023-02-20,17,ICU,65,bed,26.15
6,2023-02-21,18,ICU,65,bed,27.69
6,2023-02-22,19,ICU,65,bed,29.23
6,2023-02-23,20,ICU,65,bed,30.77
6,2023-02-24,22,ICU,65,bed,33.85
6,2023-02-25,22,ICU,65,bed,33.85
6,2023-02-26,25,ICU,65,bed,38.46
6,2023-02-27,25,ICU,65,bed,38.46
6,2023-02-28,25,ICU,65,bed,38.46
6,2023-03-01,20,ICU,65,bed,30.77
6,2023-03-02,20,ICU,65,bed,30.77
6,2023-03-03,21,ICU,65,bed,32.31
6,2023-03-04,18,ICU,65,bed,27.69
6,2023-03-05,18,ICU,65,bed,27.69
6,2023-03-06,14,ICU,65,bed,21.54
6,2023-03-07,12,ICU,65,bed,18.46
6,2023-03-08,12,ICU,65,bed,18.46
6,2023-03-09,11,ICU,65,bed,16.92
6,2023-03-10,10,ICU,65,bed,15.38
6,2023-03-11,10,ICU,65,bed,15.38
6,2023-03-12,12,ICU,65,bed,18.46
6,2023-03-13,12,ICU,65,bed,18.46
6,2023-03-14,14,ICU,65,bed,21.54
6,2023-03-15,14,ICU,65,bed,21.54
6,2023-03-16,15,ICU,65,bed,23.08
6,2023-03-17,18,ICU,65,bed,27.69
6,2023-03-18,20,ICU,65,bed,30.77
6,2023-03-19,22,ICU,65,bed,33.85
6,2023-03-20,22,ICU,65,bed,33.85
6,2023-03-21,22,ICU,65,bed,33.85
6,2023-03-22,19,ICU,65,bed,29.23
6,2023-03-23,17,ICU,65,bed,26.15
6,2023-03-24,18,ICU,65,bed,27.69
6,2023-03-25,19,ICU,65,bed,29.23
6,2023-03-26,22,ICU,65,bed,33.85
6,2023-03-27,24,ICU,65,bed,36.92
6,2023-03-28,25,ICU,65,bed,38.46
6,2023-03-29,23,ICU,65,bed,35.38
6,2023-03-30,25,ICU,65,bed,38.46
6,2023-03-31,26,ICU,65,bed,40.0
6,2023-04-01,26,ICU,65,bed,40.0
6,2023-04-02,24,ICU,65,bed,36.92
6,2023-04-03,19,ICU,65,bed,29.23
6,2023-04-04,18,ICU,65,bed,27.69
6,2023-04-05,16,ICU,65,bed,24.62
6,2023-04-06,14,ICU,65,bed,21.54
6,2023-04-07,16,ICU,65,bed,24.62
6,2023-04-08,16,ICU,65,bed,24.62
6,2023-04-09,15,ICU,65,bed,23.08
6,2023-04-10,17,ICU,65,bed,26.15
6,2023-04-11,18,ICU,65,bed,27.69
6,2023-04-12,17,ICU,65,bed,26.15
6,2023-04-13,18,ICU,65,bed,27.69
6,2023-04-14,18,ICU,65,bed,27.69
6,2023-04-15,17,ICU,65,bed,26.15
6,2023-04-16,18,ICU,65,bed,27.69
6,2023-04-17,16,ICU,65,bed,24.62
6,2023-04-18,15,ICU,65,bed,23.08
6,2023-04-19,15,ICU,65,bed,23.08
6,2023-04-20,15,ICU,65,bed,23.08
6,2023-04-21,19,ICU,65,bed,29.23
6,2023-04-22,17,ICU,65,bed,26.15
6,2023-04-23,16,ICU,65,bed,24.62
6,2023-04-24,20,ICU,65,bed,30.77
6,2023-04-25,20,ICU,65,bed,30.77
6,2023-04-26,23,ICU,65,bed,35.38
6,2023-04-27,23,ICU,65,bed,35.38
6,2023-04-28,24,ICU,65,bed,36.92
6,2023-04-29,22,ICU,65,bed,33.85
6,2023-04-30,24,ICU,65,bed,36.92
6,2023-05-01,24,ICU,65,bed,36.92
6,2023-05-02,24,ICU,65,bed,36.92
6,2023-05-03,25,ICU,65,bed,38.46
6,2023-05-04,24,ICU,65,bed,36.92
6,2023-05-05,26,ICU,65,bed,40.0
6,2023-05-06,28,ICU,65,bed,43.08
6,2023-05-07,26,ICU,65,bed,40.0
6,2023-05-08,26,ICU,65,bed,40.0
6,2023-05-09,26,ICU,65,bed,40.0
6,2023-05-10,24,ICU,65,bed,36.92
6,2023-05-11,24,ICU,65,bed,36.92
6,2023-05-12,24,ICU,65,bed,36.92
6,2023-05-13,20,ICU,65,bed,30.77
6,2023-05-14,20,ICU,65,bed,30.77
6,2023-05-15,20,ICU,65,bed,30.77
6,2023-05-16,19,ICU,65,bed,29.23
6,2023-05-17,17,ICU,65,bed,26.15
6,2023-05-18,16,ICU,65,bed,24.62
6,2023-05-19,16,ICU,65,bed,24.62
6,2023-05-20,15,ICU,65,bed,23.08
6,2023-05-21,14,ICU,65,bed,21.54
6,2023-05-22,15,ICU,65,bed,23.08
6,2023-05-23,16,ICU,65,bed,24.62
6,2023-05-24,18,ICU,65,bed,27.69
6,2023-05-25,20,ICU,65,bed,30.77
6,2023-05-26,21,ICU,65,bed,32.31
6,2023-05-27,18,ICU,65,bed,27.69
6,2023-05-28,18,ICU,65,bed,27.69
6,2023-05-29,17,ICU,65,bed,26.15
6,2023-05-30,16,ICU,65,bed,24.62
6,2023-05-31,13,ICU,65,bed,20.0
6,2023-06-01,14,ICU,65,bed,21.54
6,2023-06-02,14,ICU,65,bed,21.54
6,2023-06-03,16,ICU,65,bed,24.62
6,2023-06-04,16,ICU,65,bed,24.62
6,2023-06-05,18,ICU,65,bed,27.69
6,2023-06-06,18,ICU,65,bed,27.69
6,2023-06-07,18,ICU,65,bed,27.69
6,2023-06-08,20,ICU,65,bed,30.77
6,2023-06-09,18,ICU,65,bed,27.69
6,2023-06-10,20,ICU,65,bed,30.77
6,2023-06-11,20,ICU,65,bed,30.77
6,2023-06-12,20,ICU,65,bed,30.77
6,2023-06-13,20,ICU,65,bed,30.77
6,2023-06-14,18,ICU,65,bed,27.69
6,2023-06-15,18,ICU,65,bed,27.69
6,2023-06-16,24,ICU,65,bed,36.92
6,2023-06-17,24,ICU,65,bed,36.92
6,2023-06-18,25,ICU,65,bed,38.46
6,2023-06-19,26,ICU,65,bed,40.0
6,2023-06-20,24,ICU,65,bed,36.92
6,2023-06-21,23,ICU,65,bed,35.38
6,2023-06-22,21,ICU,65,bed,32.31
6,2023-06-23,22,ICU,65,bed,33.85
6,2023-06-24,22,ICU,65,bed,33.85
6,2023-06-25,21,ICU,65,bed,32.31
6,2023-06-26,22,ICU,65,bed,33.85
6,2023-06-27,20,ICU,65,bed,30.77
6,2023-06-28,19,ICU,65,bed,29.23
6,2023-06-29,18,ICU,65,bed,27.69
6,2023-06-30,20,ICU,65,bed,30.77
6,2023-07-01,21,ICU,65,bed,32.31
6,2023-07-02,21,ICU,65,bed,32.31
6,2023-07-03,18,ICU,65,bed,27.69
6,2023-07-04,20,ICU,65,bed,30.77
6,2023-07-05,19,ICU,65,bed,29.23
6,2023-07-06,15,ICU,65,bed,23.08
6,2023-07-07,15,ICU,65,bed,23.08
6,2023-07-08,17,ICU,65,bed,26.15
6,2023-07-09,17,ICU,65,bed,26.15
6,2023-07-10,20,ICU,65,bed,30.77
6,2023-07-11,22,ICU,65,bed,33.85
6,2023-07-12,20,ICU,65,bed,30.77
6,2023-07-13,22,ICU,65,bed,33.85
6,2023-07-14,23,ICU,65,bed,35.38
6,2023-07-15,23,ICU,65,bed,35.38
6,2023-07-16,23,ICU,65,bed,35.38
6,2023-07-17,22,ICU,65,bed,33.85
6,2023-07-18,22,ICU,65,bed,33.85
6,2023-07-19,20,ICU,65,bed,30.77
6,2023-07-20,16,ICU,65,bed,24.62
6,2023-07-21,16,ICU,65,bed,24.62
6,2023-07-22,16,ICU,65,bed,24.62
6,2023-07-23,17,ICU,65,bed,26.15
6,2023-07-24,15,ICU,65,bed,23.08
6,2023-07-25,15,ICU,65,bed,23.08
6,2023-07-26,16,ICU,65,bed,24.62
6,2023-07-27,20,ICU,65,bed,30.77
6,2023-07-28,22,ICU,65,bed,33.85
6,2023-07-29,20,ICU,65,bed,30.77
6,2023-07-30,20,ICU,65,bed,30.77
6,2023-07-31,20,ICU,65,bed,30.77
6,2023-08-01,21,ICU,65,bed,32.31
6,2023-08-02,21,ICU,65,bed,32.31
6,2023-08-03,23,ICU,65,bed,35.38
6,2023-08-04,24,ICU,65,bed,36.92
6,2023-08-05,20,ICU,65,bed,30.77
6,2023-08-06,21,ICU,65,bed,32.31
6,2023-08-07,22,ICU,65,bed,33.85
6,2023-08-08,21,ICU,65,bed,32.31
6,2023-08-09,22,ICU,65,bed,33.85
6,2023-08-10,20,ICU,65,bed,30.77
6,2023-08-11,20,ICU,65,bed,30.77
6,2023-08-12,20,ICU,65,bed,30.77
6,2023-08-13,24,ICU,65,bed,36.92
6,2023-08-14,26,ICU,65,bed,40.0
6,2023-08-15,25,ICU,65,bed,38.46
6,2023-08-16,23,ICU,65,bed,35.38
6,2023-08-17,21,ICU,65,bed,32.31
6,2023-08-18,21,ICU,65,bed,32.31
6,2023-08-19,21,ICU,65,bed,32.31
6,2023-08-20,19,ICU,65,bed,29.23
6,2023-08-21,19,ICU,65,bed,29.23
6,2023-08-22,19,ICU,65,bed,29.23
6,2023-08-23,19,ICU,65,bed,29.23
6,2023-08-24,15,ICU,65,bed,23.08
6,2023-08-25,17,ICU,65,bed,26.15
6,2023-08-26,16,ICU,65,bed,24.62
6,2023-08-27,14,ICU,65,bed,21.54
6,2023-08-28,16,ICU,65,bed,24.62
6,2023-08-29,17,ICU,65,bed,26.15
6,2023-08-30,20,ICU,65,bed,30.77
6,2023-08-31,23,ICU,65,bed,35.38
6,2023-09-01,23,ICU,65,bed,35.38
6,2023-09-02,22,ICU,65,bed,33.85
6,2023-09-03,22,ICU,65,bed,33.85
6,2023-09-04,21,ICU,65,bed,32.31
6,2023-09-05,21,ICU,65,bed,32.31
6,2023-09-06,21,ICU,65,bed,32.31
6,2023-09-07,21,ICU,65,bed,32.31
6,2023-09-08,23,ICU,65,bed,35.38
6,2023-09-09,19,ICU,65,bed,29.23
6,2023-09-10,18,ICU,65,bed,27.69
6,2023-09-11,19,ICU,65,bed,29.23
6,2023-09-12,20,ICU,65,bed,30.77
6,2023-09-13,18,ICU,65,bed,27.69
6,2023-09-14,19,ICU,65,bed,29.23
6,2023-09-15,19,ICU,65,bed,29.23
6,2023-09-16,16,ICU,65,bed,24.62
6,2023-09-17,16,ICU,65,bed,24.62
6,2023-09-18,14,ICU,65,bed,21.54
6,2023-09-19,16,ICU,65,bed,24.62
6,2023-09-20,12,ICU,65,bed,18.46
6,2023-09-21,14,ICU,65,bed,21.54
6,2023-09-22,15,ICU,65,bed,23.08
6,2023-09-23,18,ICU,65,bed,27.69
6,2023-09-24,20,ICU,65,bed,30.77
6,2023-09-25,21,ICU,65,bed,32.31
6,2023-09-26,21,ICU,65,bed,32.31
6,2023-09-27,22,ICU,65,bed,33.85
6,2023-09-28,23,ICU,65,bed,35.38
6,2023-09-29,22,ICU,65,bed,33.85
6,2023-09-30,21,ICU,65,bed,32.31
6,2023-10-01,18,ICU,65,bed,27.69
6,2023-10-02,20,ICU,65,bed,30.77
6,2023-10-03,20,ICU,65,bed,30.77
6,2023-10-04,19,ICU,65,bed,29.23
6,2023-10-05,20,ICU,65,bed,30.77
6,2023-10-06,19,ICU,65,bed,29.23
6,2023-10-07,16,ICU,65,bed,24.62
6,2023-10-08,17,ICU,65,bed,26.15
6,2023-10-09,19,ICU,65,bed,29.23
6,2023-10-10,20,ICU,65,bed,30.77
6,2023-10-11,17,ICU,65,bed,26.15
6,2023-10-12,17,ICU,65,bed,26.15
6,2023-10-13,16,ICU,65,bed,24.62
6,2023-10-14,14,ICU,65,bed,21.54
6,2023-10-15,14,ICU,65,bed,21.54
6,2023-10-16,12,ICU,65,bed,18.46
6,2023-10-17,12,ICU,65,bed,18.46
6,2023-10-18,17,ICU,65,bed,26.15
6,2023-10-19,19,ICU,65,bed,29.23
6,2023-10-20,17,ICU,65,bed,26.15
6,2023-10-21,18,ICU,65,bed,27.69
6,2023-10-22,18,ICU,65,bed,27.69
6,2023-10-23,19,ICU,65,bed,29.23
6,2023-10-24,22,ICU,65,bed,33.85
6,2023-10-25,20,ICU,65,bed,30.77
6,2023-10-26,20,ICU,65,bed,30.77
6,2023-10-27,23,ICU,65,bed,35.38
6,2023-10-28,22,ICU,65,bed,33.85
6,2023-10-29,21,ICU,65,bed,32.31
6,2023-10-30,23,ICU,65,bed,35.38
6,2023-10-31,22,ICU,65,bed,33.85
6,2023-11-01,21,ICU,65,bed,32.31
6,2023-11-02,18,ICU,65,bed,27.69
6,2023-11-03,20,ICU,65,bed,30.77
6,2023-11-04,22,ICU,65,bed,33.85
6,2023-11-05,23,ICU,65,bed,35.38
6,2023-11-06,24,ICU,65,bed,36.92
6,2023-11-07,22,ICU,65,bed,33.85
6,2023-11-08,22,ICU,65,bed,33.85
6,2023-11-09,24,ICU,65,bed,36.92
6,2023-11-10,23,ICU,65,bed,35.38
6,2023-11-11,23,ICU,65,bed,35.38
6,2023-11-12,22,ICU,65,bed,33.85
6,2023-11-13,25,ICU,65,bed,38.46
6,2023-11-14,25,ICU,65,bed,38.46
6,2023-11-15,25,ICU,65,bed,38.46
6,2023-11-16,25,ICU,65,bed,38.46
6,2023-11-17,25,ICU,65,bed,38.46
6,2023-11-18,23,ICU,65,bed,35.38
6,2023-11-19,22,ICU,65,bed,33.85
6,2023-11-20,21,ICU,65,bed,32.31
6,2023-11-21,19,ICU,65,bed,29.23
6,2023-11-22,20,ICU,65,bed,30.77
6,2023-11-23,19,ICU,65,bed,29.23
6,2023-11-24,19,ICU,65,bed,29.23
6,2023-11-25,20,ICU,65,bed,30.77
6,2023-11-26,20,ICU,65,bed,30.77
6,2023-11-27,20,ICU,65,bed,30.77
6,2023-11-28,20,ICU,65,bed,30.77
6,2023-11-29,22,ICU,65,bed,33.85
6,2023-11-30,22,ICU,65,bed,33.85
6,2023-12-01,24,ICU,65,bed,36.92
6,2023-12-02,24,ICU,65,bed,36.92
6,2023-12-03,25,ICU,65,bed,38.46
6,2023-12-04,28,ICU,65,bed,43.08
6,2023-12-05,27,ICU,65,bed,41.54
6,2023-12-06,28,ICU,65,bed,43.08
6,2023-12-07,25,ICU,65,bed,38.46
6,2023-12-08,23,ICU,65,bed,35.38
6,2023-12-09,19,ICU,65,bed,29.23
6,2023-12-10,16,ICU,65,bed,24.62
6,2023-12-11,16,ICU,65,bed,24.62
6,2023-12-12,15,ICU,65,bed,23.08
6,2023-12-13,13,ICU,65,bed,20.0
6,2023-12-14,12,ICU,65,bed,18.46
6,2023-12-15,14,ICU,65,bed,21.54
6,2023-12-16,13,ICU,65,bed,20.0
6,2023-12-17,12,ICU,65,bed,18.46
6,2023-12-18,14,ICU,65,bed,21.54
6,2023-12-19,14,ICU,65,bed,21.54
6,2023-12-20,17,ICU,65,bed,26.15
6,2023-12-21,17,ICU,65,bed,26.15
6,2023-12-22,19,ICU,65,bed,29.23
6,2023-12-23,20,ICU,65,bed,30.77
6,2023-12-24,22,ICU,65,bed,33.85
6,2023-12-25,21,ICU,65,bed,32.31
6,2023-12-26,22,ICU,65,bed,33.85
6,2023-12-27,22,ICU,65,bed,33.85
6,2023-12-28,24,ICU,65,bed,36.92
6,2023-12-29,24,ICU,65,bed,36.92
6,2023-12-30,24,ICU,65,bed,36.92
6,2023-12-31,28,ICU,65,bed,43.08
6,2024-01-01,31,ICU,65,bed,47.69
6,2024-01-02,31,ICU,65,bed,47.69
6,2024-01-03,31,ICU,65,bed,47.69
6,2024-01-04,32,ICU,65,bed,49.23
6,2024-01-05,29,ICU,65,bed,44.62
6,2024-01-06,32,ICU,65,bed,49.23
6,2024-01-07,33,ICU,65,bed,50.77
6,2024-01-08,30,ICU,65,bed,46.15
6,2024-01-09,31,ICU,65,bed,47.69
6,2024-01-10,29,ICU,65,bed,44.62
6,2024-01-11,27,ICU,65,bed,41.54
6,2024-01-12,25,ICU,65,bed,38.46
6,2024-01-13,25,ICU,65,bed,38.46
6,2024-01-14,23,ICU,65,bed,35.38
6,2024-01-15,24,ICU,65,bed,36.92
6,2024-01-16,23,ICU,65,bed,35.38
6,2024-01-17,22,ICU,65,bed,33.85
6,2024-01-18,21,ICU,65,bed,32.31
6,2024-01-19,20,ICU,65,bed,30.77
6,2024-01-20,18,ICU,65,bed,27.69
6,2024-01-21,19,ICU,65,bed,29.23
6,2024-01-22,20,ICU,65,bed,30.77
6,2024-01-23,19,ICU,65,bed,29.23
6,2024-01-24,18,ICU,65,bed,27.69
6,2024-01-25,19,ICU,65,bed,29.23
6,2024-01-26,17,ICU,65,bed,26.15
6,2024-01-27,16,ICU,65,bed,24.62
6,2024-01-28,12,ICU,65,bed,18.46
6,2024-01-29,10,ICU,65,bed,15.38
6,2024-01-30,11,ICU,65,bed,16.92
6,2024-01-31,12,ICU,65,bed,18.46
6,2024-02-01,13,ICU,65,bed,20.0
6,2024-02-02,17,ICU,65,bed,26.15
6,2024-02-03,18,ICU,65,bed,27.69
6,2024-02-04,19,ICU,65,bed,29.23
6,2024-02-05,21,ICU,65,bed,32.31
6,2024-02-06,18,ICU,65,bed,27.69
6,2024-02-07,17,ICU,65,bed,26.15
6,2024-02-08,21,ICU,65,bed,32.31
6,2024-02-09,22,ICU,65,bed,33.85
6,2024-02-10,24,ICU,65,bed,36.92
6,2024-02-11,24,ICU,65,bed,36.92
6,2024-02-12,25,ICU,65,bed,38.46
6,2024-02-13,26,ICU,65,bed,40.0
6,2024-02-14,21,ICU,65,bed,32.31
6,2024-02-15,19,ICU,65,bed,29.23
6,2024-02-16,19,ICU,65,bed,29.23
6,2024-02-17,21,ICU,65,bed,32.31
6,2024-02-18,22,ICU,65,bed,33.85
6,2024-02-19,23,ICU,65,bed,35.38
6,2024-02-20,21,ICU,65,bed,32.31
6,2024-02-21,21,ICU,65,bed,32.31
6,2024-02-22,22,ICU,65,bed,33.85
6,2024-02-23,19,ICU,65,bed,29.23
6,2024-02-24,15,ICU,65,bed,23.08
6,2024-02-25,16,ICU,65,bed,24.62
6,2024-02-26,19,ICU,65,bed,29.23
6,2024-02-27,17,ICU,65,bed,26.15
6,2024-02-28,15,ICU,65,bed,23.08
6,2024-02-29,18,ICU,65,bed,27.69
6,2024-03-01,19,ICU,65,bed,29.23
6,2024-03-02,21,ICU,65,bed,32.31
6,2024-03-03,22,ICU,65,bed,33.85
6,2024-03-04,21,ICU,65,bed,32.31
6,2024-03-05,20,ICU,65,bed,30.77
6,2024-03-06,22,ICU,65,bed,33.85
6,2024-03-07,21,ICU,65,bed,32.31
6,2024-03-08,23,ICU,65,bed,35.38
6,2024-03-09,23,ICU,65,bed,35.38
6,2024-03-10,24,ICU,65,bed,36.92
6,2024-03-11,24,ICU,65,bed,36.92
6,2024-03-12,24,ICU,65,bed,36.92
6,2024-03-13,26,ICU,65,bed,40.0
6,2024-03-14,27,ICU,65,bed,41.54
6,2024-03-15,24,ICU,65,bed,36.92
6,2024-03-16,25,ICU,65,bed,38.46
6,2024-03-17,24,ICU,65,bed,36.92
6,2024-03-18,23,ICU,65,bed,35.38
6,2024-03-19,24,ICU,65,bed,36.92
6,2024-03-20,24,ICU,65,bed,36.92
6,2024-03-21,21,ICU,65,bed,32.31
6,2024-03-22,16,ICU,65,bed,24.62
6,2024-03-23,12,ICU,65,bed,18.46
6,2024-03-24,14,ICU,65,bed,21.54
6,2024-03-25,16,ICU,65,bed,24.62
6,2024-03-26,17,ICU,65,bed,26.15
6,2024-03-27,16,ICU,65,bed,24.62
6,2024-03-28,15,ICU,65,bed,23.08
6,2024-03-29,17,ICU,65,bed,26.15
6,2024-03-30,20,ICU,65,bed,30.77
6,2024-03-31,20,ICU,65,bed,30.77
6,2024-04-01,19,ICU,65,bed,29.23
6,2024-04-02,21,ICU,65,bed,32.31
6,2024-04-03,21,ICU,65,bed,32.31
6,2024-04-04,22,ICU,65,bed,33.85
6,2024-04-05,24,ICU,65,bed,36.92
6,2024-04-06,23,ICU,65,bed,35.38
6,2024-04-07,23,ICU,65,bed,35.38
6,2024-04-08,24,ICU,65,bed,36.92
6,2024-04-09,26,ICU,65,bed,40.0
6,2024-04-10,28,ICU,65,bed,43.08
6,2024-04-11,31,ICU,65,bed,47.69
6,2024-04-12,31,ICU,65,bed,47.69
6,2024-04-13,28,ICU,65,bed,43.08
6,2024-04-14,26,ICU,65,bed,40.0
6,2024-04-15,23,ICU,65,bed,35.38
6,2024-04-16,22,ICU,65,bed,33.85
6,2024-04-17,24,ICU,65,bed,36.92
6,2024-04-18,23,ICU,65,bed,35.38
6,2024-04-19,23,ICU,65,bed,35.38
6,2024-04-20,24,ICU,65,bed,36.92
6,2024-04-21,23,ICU,65,bed,35.38
6,2024-04-22,25,ICU,65,bed,38.46
6,2024-04-23,25,ICU,65,bed,38.46
6,2024-04-24,26,ICU,65,bed,40.0
6,2024-04-25,27,ICU,65,bed,41.54
6,2024-04-26,26,ICU,65,bed,40.0
6,2024-04-27,23,ICU,65,bed,35.38
6,2024-04-28,19,ICU,65,bed,29.23
6,2024-04-29,19,ICU,65,bed,29.23
6,2024-04-30,20,ICU,65,bed,30.77
6,2024-05-01,20,ICU,65,bed,30.77
6,2024-05-02,19,ICU,65,bed,29.23
6,2024-05-03,21,ICU,65,bed,32.31
6,2024-05-04,20,ICU,65,bed,30.77
6,2024-05-05,15,ICU,65,bed,23.08
6,2024-05-06,14,ICU,65,bed,21.54
6,2024-05-07,11,ICU,65,bed,16.92
6,2024-05-08,13,ICU,65,bed,20.0
6,2024-05-09,12,ICU,65,bed,18.46
6,2024-05-10,12,ICU,65,bed,18.46
6,2024-05-11,11,ICU,65,bed,16.92
6,2024-05-12,11,ICU,65,bed,16.92
6,2024-05-13,17,ICU,65,bed,26.15
6,2024-05-14,17,ICU,65,bed,26.15
6,2024-05-15,17,ICU,65,bed,26.15
6,2024-05-16,17,ICU,65,bed,26.15
6,2024-05-17,18,ICU,65,bed,27.69
6,2024-05-18,19,ICU,65,bed,29.23
6,2024-05-19,17,ICU,65,bed,26.15
6,2024-05-20,19,ICU,65,bed,29.23
6,2024-05-21,20,ICU,65,bed,30.77
6,2024-05-22,20,ICU,65,bed,30.77
6,2024-05-23,20,ICU,65,bed,30.77
6,2024-05-24,17,ICU,65,bed,26.15
6,2024-05-25,16,ICU,65,bed,24.62
6,2024-05-26,16,ICU,65,bed,24.62
6,2024-05-27,14,ICU,65,bed,21.54
6,2024-05-28,11,ICU,65,bed,16.92
6,2024-05-29,16,ICU,65,bed,24.62
6,2024-05-30,19,ICU,65,bed,29.23
6,2024-05-31,20,ICU,65,bed,30.77
6,2024-06-01,20,ICU,65,bed,30.77
6,2024-06-02,19,ICU,65,bed,29.23
6,2024-06-03,19,ICU,65,bed,29.23
6,2024-06-04,20,ICU,65,bed,30.77
6,2024-06-05,20,ICU,65,bed,30.77
6,2024-06-06,19,ICU,65,bed,29.23
6,2024-06-07,13,ICU,65,bed,20.0
6,2024-06-08,15,ICU,65,bed,23.08
6,2024-06-09,14,ICU,65,bed,21.54
6,2024-06-10,14,ICU,65,bed,21.54
6,2024-06-11,14,ICU,65,bed,21.54
6,2024-06-12,11,ICU,65,bed,16.92
6,2024-06-13,13,ICU,65,bed,20.0
6,2024-06-14,13,ICU,65,bed,20.0
6,2024-06-15,17,ICU,65,bed,26.15
6,2024-06-16,16,ICU,65,bed,24.62
6,2024-06-17,15,ICU,65,bed,23.08
6,2024-06-18,15,ICU,65,bed,23.08
6,2024-06-19,18,ICU,65,bed,27.69
6,2024-06-20,19,ICU,65,bed,29.23
6,2024-06-21,18,ICU,65,bed,27.69
6,2024-06-22,18,ICU,65,bed,27.69
6,2024-06-23,20,ICU,65,bed,30.77
6,2024-06-24,21,ICU,65,bed,32.31
6,2024-06-25,20,ICU,65,bed,30.77
6,2024-06-26,20,ICU,65,bed,30.77
6,2024-06-27,20,ICU,65,bed,30.77
6,2024-06-28,20,ICU,65,bed,30.77
6,2024-06-29,20,ICU,65,bed,30.77
6,2024-06-30,19,ICU,65,bed,29.23
6,2024-07-01,15,ICU,65,bed,23.08
6,2024-07-02,16,ICU,65,bed,24.62
6,2024-07-03,15,ICU,65,bed,23.08
6,2024-07-04,17,ICU,65,bed,26.15
6,2024-07-05,14,ICU,65,bed,21.54
6,2024-07-06,13,ICU,65,bed,20.0
6,2024-07-07,17,ICU,65,bed,26.15
6,2024-07-08,14,ICU,65,bed,21.54
6,2024-07-09,12,ICU,65,bed,18.46
6,2024-07-10,13,ICU,65,bed,20.0
6,2024-07-11,13,ICU,65,bed,20.0
6,2024-07-12,14,ICU,65,bed,21.54
6,2024-07-13,16,ICU,65,bed,24.62
6,2024-07-14,16,ICU,65,bed,24.62
6,2024-07-15,15,ICU,65,bed,23.08
6,2024-07-16,18,ICU,65,bed,27.69
6,2024-07-17,18,ICU,65,bed,27.69
6,2024-07-18,17,ICU,65,bed,26.15
6,2024-07-19,15,ICU,65,bed,23.08
6,2024-07-20,17,ICU,65,bed,26.15
6,2024-07-21,15,ICU,65,bed,23.08
6,2024-07-22,16,ICU,65,bed,24.62
6,2024-07-23,14,ICU,65,bed,21.54
6,2024-07-24,14,ICU,65,bed,21.54
6,2024-07-25,14,ICU,65,bed,21.54
6,2024-07-26,13,ICU,65,bed,20.0
6,2024-07-27,14,ICU,65,bed,21.54
6,2024-07-28,12,ICU,65,bed,18.46
6,2024-07-29,12,ICU,65,bed,18.46
6,2024-07-30,13,ICU,65,bed,20.0
6,2024-07-31,13,ICU,65,bed,20.0
6,2024-08-01,13,ICU,65,bed,20.0
6,2024-08-02,15,ICU,65,bed,23.08
6,2024-08-03,20,ICU,65,bed,30.77
6,2024-08-04,19,ICU,65,bed,29.23
6,2024-08-05,18,ICU,65,bed,27.69
6,2024-08-06,16,ICU,65,bed,24.62
6,2024-08-07,17,ICU,65,bed,26.15
6,2024-08-08,19,ICU,65,bed,29.23
6,2024-08-09,23,ICU,65,bed,35.38
6,2024-08-10,21,ICU,65,bed,32.31
6,2024-08-11,21,ICU,65,bed,32.31
6,2024-08-12,20,ICU,65,bed,30.77
6,2024-08-13,20,ICU,65,bed,30.77
6,2024-08-14,20,ICU,65,bed,30.77
6,2024-08-15,22,ICU,65,bed,33.85
6,2024-08-16,24,ICU,65,bed,36.92
6,2024-08-17,26,ICU,65,bed,40.0
6,2024-08-18,27,ICU,65,bed,41.54
6,2024-08-19,30,ICU,65,bed,46.15
6,2024-08-20,33,ICU,65,bed,50.77
6,2024-08-21,32,ICU,65,bed,49.23
6,2024-08-22,28,ICU,65,bed,43.08
6,2024-08-23,27,ICU,65,bed,41.54
6,2024-08-24,26,ICU,65,bed,40.0
6,2024-08-25,26,ICU,65,bed,40.0
6,2024-08-26,23,ICU,65,bed,35.38
6,2024-08-27,25,ICU,65,bed,38.46
6,2024-08-28,26,ICU,65,bed,40.0
6,2024-08-29,24,ICU,65,bed,36.92
6,2024-08-30,22,ICU,65,bed,33.85
6,2024-08-31,21,ICU,65,bed,32.31
6,2024-09-01,20,ICU,65,bed,30.77
6,2024-09-02,21,ICU,65,bed,32.31
6,2024-09-03,21,ICU,65,bed,32.31
6,2024-09-04,19,ICU,65,bed,29.23
6,2024-09-05,18,ICU,65,bed,27.69
6,2024-09-06,20,ICU,65,bed,30.77
6,2024-09-07,21,ICU,65,bed,32.31
6,2024-09-08,16,ICU,65,bed,24.62
6,2024-09-09,17,ICU,65,bed,26.15
6,2024-09-10,16,ICU,65,bed,24.62
6,2024-09-11,19,ICU,65,bed,29.23
6,2024-09-12,19,ICU,65,bed,29.23
6,2024-09-13,22,ICU,65,bed,33.85
6,2024-09-14,20,ICU,65,bed,30.77
6,2024-09-15,22,ICU,65,bed,33.85
6,2024-09-16,24,ICU,65,bed,36.92
6,2024-09-17,22,ICU,65,bed,33.85
6,2024-09-18,22,ICU,65,bed,33.85
6,2024-09-19,20,ICU,65,bed,30.77
6,2024-09-20,21,ICU,65,bed,32.31
6,2024-09-21,20,ICU,65,bed,30.77
6,2024-09-22,16,ICU,65,bed,24.62
6,2024-09-23,13,ICU,65,bed,20.0
6,2024-09-24,11,ICU,65,bed,16.92
6,2024-09-25,11,ICU,65,bed,16.92
6,2024-09-26,14,ICU,65,bed,21.54
6,2024-09-27,12,ICU,65,bed,18.46
6,2024-09-28,12,ICU,65,bed,18.46
6,2024-09-29,16,ICU,65,bed,24.62
6,2024-09-30,15,ICU,65,bed,23.08
6,2024-10-01,16,ICU,65,bed,24.62
6,2024-10-02,16,ICU,65,bed,24.62
6,2024-10-03,20,ICU,65,bed,30.77
6,2024-10-04,20,ICU,65,bed,30.77
6,2024-10-05,19,ICU,65,bed,29.23
6,2024-10-06,16,ICU,65,bed,24.62
6,2024-10-07,16,ICU,65,bed,24.62
6,2024-10-08,16,ICU,65,bed,24.62
6,2024-10-09,21,ICU,65,bed,32.31
6,2024-10-10,20,ICU,65,bed,30.77
6,2024-10-11,21,ICU,65,bed,32.31
6,2024-10-12,19,ICU,65,bed,29.23
6,2024-10-13,19,ICU,65,bed,29.23
6,2024-10-14,21,ICU,65,bed,32.31
6,2024-10-15,23,ICU,65,bed,35.38
6,2024-10-16,24,ICU,65,bed,36.92
6,2024-10-17,24,ICU,65,bed,36.92
6,2024-10-18,21,ICU,65,bed,32.31
6,2024-10-19,22,ICU,65,bed,33.85
6,2024-10-20,21,ICU,65,bed,32.31
6,2024-10-21,19,ICU,65,bed,29.23
6,2024-10-22,15,ICU,65,bed,23.08
6,2024-10-23,19,ICU,65,bed,29.23
6,2024-10-24,17,ICU,65,bed,26.15
6,2024-10-25,19,ICU,65,bed,29.23
6,2024-10-26,20,ICU,65,bed,30.77
6,2024-10-27,21,ICU,65,bed,32.31
6,2024-10-28,20,ICU,65,bed,30.77
6,2024-10-29,19,ICU,65,bed,29.23
6,2024-10-30,21,ICU,65,bed,32.31
6,2024-10-31,20,ICU,65,bed,30.77
6,2024-11-01,21,ICU,65,bed,32.31
6,2024-11-02,25,ICU,65,bed,38.46
6,2024-11-03,24,ICU,65,bed,36.92
6,2024-11-04,24,ICU,65,bed,36.92
6,2024-11-05,26,ICU,65,bed,40.0
6,2024-11-06,28,ICU,65,bed,43.08
6,2024-11-07,32,ICU,65,bed,49.23
6,2024-11-08,31,ICU,65,bed,47.69
6,2024-11-09,30,ICU,65,bed,46.15
6,2024-11-10,29,ICU,65,bed,44.62
6,2024-11-11,24,ICU,65,bed,36.92
6,2024-11-12,23,ICU,65,bed,35.38
6,2024-11-13,21,ICU,65,bed,32.31
6,2024-11-14,20,ICU,65,bed,30.77
6,2024-11-15,21,ICU,65,bed,32.31
6,2024-11-16,20,ICU,65,bed,30.77
6,2024-11-17,21,ICU,65,bed,32.31
6,2024-11-18,23,ICU,65,bed,35.38
6,2024-11-19,20,ICU,65,bed,30.77
6,2024-11-20,19,ICU,65,bed,29.23
6,2024-11-21,18,ICU,65,bed,27.69
6,2024-11-22,19,ICU,65,bed,29.23
6,2024-11-23,22,ICU,65,bed,33.85
6,2024-11-24,25,ICU,65,bed,38.46
6,2024-11-25,26,ICU,65,bed,40.0
6,2024-11-26,26,ICU,65,bed,40.0
6,2024-11-27,25,ICU,65,bed,38.46
6,2024-11-28,27,ICU,65,bed,41.54
6,2024-11-29,24,ICU,65,bed,36.92
6,2024-11-30,26,ICU,65,bed,40.0
6,2024-12-01,26,ICU,65,bed,40.0
6,2024-12-02,27,ICU,65,bed,41.54
6,2024-12-03,25,ICU,65,bed,38.46
6,2024-12-04,24,ICU,65,bed,36.92
6,2024-12-05,25,ICU,65,bed,38.46
6,2024-12-06,21,ICU,65,bed,32.31
6,2024-12-07,18,ICU,65,bed,27.69
6,2024-12-08,16,ICU,65,bed,24.62
6,2024-12-09,16,ICU,65,bed,24.62
6,2024-12-10,18,ICU,65,bed,27.69
6,2024-12-11,19,ICU,65,bed,29.23
6,2024-12-12,20,ICU,65,bed,30.77
6,2024-12-13,22,ICU,65,bed,33.85
6,2024-12-14,21,ICU,65,bed,32.31
6,2024-12-15,20,ICU,65,bed,30.77
6,2024-12-16,21,ICU,65,bed,32.31
6,2024-12-17,19,ICU,65,bed,29.23
6,2024-12-18,20,ICU,65,bed,30.77
6,2024-12-19,20,ICU,65,bed,30.77
6,2024-12-20,20,ICU,65,bed,30.77
6,2024-12-21,20,ICU,65,bed,30.77
6,2024-12-22,20,ICU,65,bed,30.77
6,2024-12-23,21,ICU,65,bed,32.31
6,2024-12-24,21,ICU,65,bed,32.31
6,2024-12-25,20,ICU,65,bed,30.77
6,2024-12-26,20,ICU,65,bed,30.77
6,2024-12-27,20,ICU,65,bed,30.77
6,2024-12-28,18,ICU,65,bed,27.69
6,2024-12-29,19,ICU,65,bed,29.23
6,2024-12-30,20,ICU,65,bed,30.77
6,2024-12-31,19,ICU,65,bed,29.23
6,2025-01-01,18,ICU,65,bed,27.69
6,2025-01-02,17,ICU,65,bed,26.15
6,2025-01-03,16,ICU,65,bed,24.62
6,2025-01-04,16,ICU,65,bed,24.62
6,2025-01-05,15,ICU,65,bed,23.08
6,2025-01-06,14,ICU,65,bed,21.54
6,2025-01-07,15,ICU,65,bed,23.08
6,2025-01-08,14,ICU,65,bed,21.54
6,2025-01-09,15,ICU,65,bed,23.08
6,2025-01-10,16,ICU,65,bed,24.62
6,2025-01-11,14,ICU,65,bed,21.54
6,2025-01-12,18,ICU,65,bed,27.69
6,2025-01-13,18,ICU,65,bed,27.69
6,2025-01-14,19,ICU,65,bed,29.23
6,2025-01-15,18,ICU,65,bed,27.69
6,2025-01-16,17,ICU,65,bed,26.15
6,2025-01-17,19,ICU,65,bed,29.23
6,2025-01-18,18,ICU,65,bed,27.69
6,2025-01-19,18,ICU,65,bed,27.69
6,2025-01-20,18,ICU,65,bed,27.69
6,2025-01-21,23,ICU,65,bed,35.38
6,2025-01-22,22,ICU,65,bed,33.85
6,2025-01-23,22,ICU,65,bed,33.85
6,2025-01-24,24,ICU,65,bed,36.92
6,2025-01-25,24,ICU,65,bed,36.92
6,2025-01-26,24,ICU,65,bed,36.92
6,2025-01-27,21,ICU,65,bed,32.31
6,2025-01-28,21,ICU,65,bed,32.31
6,2025-01-29,20,ICU,65,bed,30.77
6,2025-01-30,20,ICU,65,bed,30.77
6,2025-01-31,22,ICU,65,bed,33.85
6,2025-02-01,20,ICU,65,bed,30.77
6,2025-02-02,20,ICU,65,bed,30.77
6,2025-02-03,20,ICU,65,bed,30.77
6,2025-02-04,19,ICU,65,bed,29.23
6,2025-02-05,19,ICU,65,bed,29.23
6,2025-02-06,21,ICU,65,bed,32.31
6,2025-02-07,20,ICU,65,bed,30.77
6,2025-02-08,20,ICU,65,bed,30.77
6,2025-02-09,20,ICU,65,bed,30.77
6,2025-02-10,21,ICU,65,bed,32.31
6,2025-02-11,20,ICU,65,bed,30.77
6,2025-02-12,22,ICU,65,bed,33.85
6,2025-02-13,20,ICU,65,bed,30.77
6,2025-02-14,24,ICU,65,bed,36.92
6,2025-02-15,24,ICU,65,bed,36.92
6,2025-02-16,23,ICU,65,bed,35.38
6,2025-02-17,24,ICU,65,bed,36.92
6,2025-02-18,25,ICU,65,bed,38.46
6,2025-02-19,25,ICU,65,bed,38.46
6,2025-02-20,25,ICU,65,bed,38.46
6,2025-02-21,22,ICU,65,bed,33.85
6,2025-02-22,22,ICU,65,bed,33.85
6,2025-02-23,22,ICU,65,bed,33.85
6,2025-02-24,25,ICU,65,bed,38.46
6,2025-02-25,24,ICU,65,bed,36.92
6,2025-02-26,22,ICU,65,bed,33.85
6,2025-02-27,27,ICU,65,bed,41.54
6,2025-02-28,25,ICU,65,bed,38.46
6,2025-03-01,26,ICU,65,bed,40.0
6,2025-03-02,26,ICU,65,bed,40.0
6,2025-03-03,25,ICU,65,bed,38.46
6,2025-03-04,23,ICU,65,bed,35.38
6,2025-03-05,22,ICU,65,bed,33.85
6,2025-03-06,23,ICU,65,bed,35.38
6,2025-03-07,20,ICU,65,bed,30.77
6,2025-03-08,20,ICU,65,bed,30.77
6,2025-03-09,22,ICU,65,bed,33.85
6,2025-03-10,19,ICU,65,bed,29.23
6,2025-03-11,22,ICU,65,bed,33.85
6,2025-03-12,18,ICU,65,bed,27.69
6,2025-03-13,18,ICU,65,bed,27.69
6,2025-03-14,19,ICU,65,bed,29.23
6,2025-03-15,17,ICU,65,bed,26.15
6,2025-03-16,15,ICU,65,bed,23.08
6,2025-03-17,13,ICU,65,bed,20.0
6,2025-03-18,13,ICU,65,bed,20.0
6,2025-03-19,11,ICU,65,bed,16.92
6,2025-03-20,12,ICU,65,bed,18.46
6,2025-03-21,11,ICU,65,bed,16.92
6,2025-03-22,10,ICU,65,bed,15.38
6,2025-03-23,11,ICU,65,bed,16.92
6,2025-03-24,10,ICU,65,bed,15.38
6,2025-03-25,10,ICU,65,bed,15.38
6,2025-03-26,10,ICU,65,bed,15.38
6,2025-03-27,11,ICU,65,bed,16.92
6,2025-03-28,10,ICU,65,bed,15.38
6,2025-03-29,12,ICU,65,bed,18.46
6,2025-03-30,11,ICU,65,bed,16.92
6,2025-03-31,9,ICU,65,bed,13.85
6,2025-04-01,12,ICU,65,bed,18.46
6,2025-04-02,11,ICU,65,bed,16.92
6,2025-04-03,10,ICU,65,bed,15.38
6,2025-04-04,10,ICU,65,bed,15.38
6,2025-04-05,10,ICU,65,bed,15.38
6,2025-04-06,11,ICU,65,bed,16.92
6,2025-04-07,14,ICU,65,bed,21.54
6,2025-04-08,13,ICU,65,bed,20.0
6,2025-04-09,14,ICU,65,bed,21.54
6,2025-04-10,15,ICU,65,bed,23.08
6,2025-04-11,15,ICU,65,bed,23.08
6,2025-04-12,17,ICU,65,bed,26.15
6,2025-04-13,20,ICU,65,bed,30.77
6,2025-04-14,21,ICU,65,bed,32.31
6,2025-04-15,23,ICU,65,bed,35.38
6,2025-04-16,24,ICU,65,bed,36.92
6,2025-04-17,22,ICU,65,bed,33.85
6,2025-04-18,25,ICU,65,bed,38.46
6,2025-04-19,28,ICU,65,bed,43.08
6,2025-04-20,30,ICU,65,bed,46.15
6,2025-04-21,28,ICU,65,bed,43.08
6,2025-04-22,26,ICU,65,bed,40.0
6,2025-04-23,25,ICU,65,bed,38.46
6,2025-04-24,21,ICU,65,bed,32.31
6,2025-04-25,19,ICU,65,bed,29.23
6,2025-04-26,18,ICU,65,bed,27.69
6,2025-04-27,17,ICU,65,bed,26.15
6,2025-04-28,16,ICU,65,bed,24.62
6,2025-04-29,16,ICU,65,bed,24.62
6,2025-04-30,16,ICU,65,bed,24.62
6,2025-05-01,17,ICU,65,bed,26.15
6,2025-05-02,17,ICU,65,bed,26.15
6,2025-05-03,17,ICU,65,bed,26.15
6,2025-05-04,14,ICU,65,bed,21.54
6,2025-05-05,14,ICU,65,bed,21.54
6,2025-05-06,14,ICU,65,bed,21.54
6,2025-05-07,14,ICU,65,bed,21.54
6,2025-05-08,14,ICU,65,bed,21.54
6,2025-05-09,15,ICU,65,bed,23.08
6,2025-05-10,15,ICU,65,bed,23.08
6,2025-05-11,15,ICU,65,bed,23.08
6,2025-05-12,16,ICU,65,bed,24.62
6,2025-05-13,18,ICU,65,bed,27.69
6,2025-05-14,19,ICU,65,bed,29.23
6,2025-05-15,18,ICU,65,bed,27.69
6,2025-05-16,19,ICU,65,bed,29.23
6,2025-05-17,17,ICU,65,bed,26.15
6,2025-05-18,21,ICU,65,bed,32.31
6,2025-05-19,20,ICU,65,bed,30.77
6,2025-05-20,20,ICU,65,bed,30.77
6,2025-05-21,18,ICU,65,bed,27.69
6,2025-05-22,18,ICU,65,bed,27.69
6,2025-05-23,18,ICU,65,bed,27.69
6,2025-05-24,20,ICU,65,bed,30.77
6,2025-05-25,17,ICU,65,bed,26.15
6,2025-05-26,18,ICU,65,bed,27.69
6,2025-05-27,18,ICU,65,bed,27.69
6,2025-05-28,18,ICU,65,bed,27.69
6,2025-05-29,17,ICU,65,bed,26.15
6,2025-05-30,19,ICU,65,bed,29.23
6,2025-05-31,22,ICU,65,bed,33.85
6,2025-06-01,23,ICU,65,bed,35.38
6,2025-06-02,26,ICU,65,bed,40.0
6,2025-06-03,28,ICU,65,bed,43.08
6,2025-06-04,25,ICU,65,bed,38.46
6,2025-06-05,28,ICU,65,bed,43.08
6,2025-06-06,22,ICU,65,bed,33.85
6,2025-06-07,20,ICU,65,bed,30.77
6,2025-06-08,20,ICU,65,bed,30.77
6,2025-06-09,16,ICU,65,bed,24.62
6,2025-06-10,15,ICU,65,bed,23.08
6,2025-06-11,15,ICU,65,bed,23.08
6,2025-06-12,16,ICU,65,bed,24.62
6,2025-06-13,16,ICU,65,bed,24.62
6,2025-06-14,17,ICU,65,bed,26.15
6,2025-06-15,16,ICU,65,bed,24.62
6,2025-06-16,16,ICU,65,bed,24.62
6,2025-06-17,18,ICU,65,bed,27.69
6,2025-06-18,21,ICU,65,bed,32.31
6,2025-06-19,22,ICU,65,bed,33.85
6,2025-06-20,21,ICU,65,bed,32.31
6,2025-06-21,20,ICU,65,bed,30.77
6,2025-06-22,23,ICU,65,bed,35.38
6,2025-06-23,23,ICU,65,bed,35.38
6,2025-06-24,24,ICU,65,bed,36.92
6,2025-06-25,23,ICU,65,bed,35.38
6,2025-06-26,21,ICU,65,bed,32.31
6,2025-06-27,20,ICU,65,bed,30.77
6,2025-06-28,20,ICU,65,bed,30.77
6,2025-06-29,19,ICU,65,bed,29.23
6,2025-06-30,18,ICU,65,bed,27.69
6,2025-07-01,19,ICU,65,bed,29.23
6,2025-07-02,19,ICU,65,bed,29.23
6,2025-07-03,14,ICU,65,bed,21.54
6,2025-07-04,16,ICU,65,bed,24.62
6,2025-07-05,17,ICU,65,bed,26.15
6,2025-07-06,18,ICU,65,bed,27.69
6,2025-07-07,18,ICU,65,bed,27.69
6,2025-07-08,20,ICU,65,bed,30.77
6,2025-07-09,22,ICU,65,bed,33.85
6,2025-07-10,21,ICU,65,bed,32.31
6,2025-07-11,23,ICU,65,bed,35.38
6,2025-07-12,22,ICU,65,bed,33.85
6,2025-07-13,24,ICU,65,bed,36.92
6,2025-07-14,24,ICU,65,bed,36.92
6,2025-07-15,22,ICU,65,bed,33.85
6,2025-07-16,21,ICU,65,bed,32.31
6,2025-07-17,20,ICU,65,bed,30.77
6,2025-07-18,19,ICU,65,bed,29.23
6,2025-07-19,19,ICU,65,bed,29.23
6,2025-07-20,20,ICU,65,bed,30.77
6,2025-07-21,19,ICU,65,bed,29.23
6,2025-07-22,21,ICU,65,bed,32.31
6,2025-07-23,24,ICU,65,bed,36.92
6,2025-07-24,22,ICU,65,bed,33.85
6,2025-07-25,21,ICU,65,bed,32.31
6,2025-07-26,22,ICU,65,bed,33.85
6,2025-07-27,23,ICU,65,bed,35.38
6,2025-07-28,25,ICU,65,bed,38.46
6,2025-07-29,21,ICU,65,bed,32.31
6,2025-07-30,22,ICU,65,bed,33.85
6,2025-07-31,23,ICU,65,bed,35.38
6,2025-08-01,21,ICU,65,bed,32.31
6,2025-08-02,19,ICU,65,bed,29.23
6,2025-08-03,21,ICU,65,bed,32.31
6,2025-08-04,20,ICU,65,bed,30.77
6,2025-08-05,21,ICU,65,bed,32.31
6,2025-08-06,17,ICU,65,bed,26.15
6,2025-08-07,15,ICU,65,bed,23.08
6,2025-08-08,16,ICU,65,bed,24.62
6,2025-08-09,15,ICU,65,bed,23.08
6,2025-08-10,12,ICU,65,bed,18.46
6,2025-08-11,13,ICU,65,bed,20.0
6,2025-08-12,12,ICU,65,bed,18.46
6,2025-08-13,14,ICU,65,bed,21.54
6,2025-08-14,14,ICU,65,bed,21.54
6,2025-08-15,13,ICU,65,bed,20.0
6,2025-08-16,11,ICU,65,bed,16.92
6,2025-08-17,11,ICU,65,bed,16.92
6,2025-08-18,12,ICU,65,bed,18.46
6,2025-08-19,15,ICU,65,bed,23.08
6,2025-08-20,17,ICU,65,bed,26.15
6,2025-08-21,17,ICU,65,bed,26.15
6,2025-08-22,17,ICU,65,bed,26.15
6,2025-08-23,19,ICU,65,bed,29.23
6,2025-08-24,20,ICU,65,bed,30.77
6,2025-08-25,20,ICU,65,bed,30.77
6,2025-08-26,20,ICU,65,bed,30.77
6,2025-08-27,17,ICU,65,bed,26.15
6,2025-08-28,16,ICU,65,bed,24.62
6,2025-08-29,16,ICU,65,bed,24.62
6,2025-08-30,15,ICU,65,bed,23.08
6,2025-08-31,15,ICU,65,bed,23.08
6,2025-09-01,15,ICU,65,bed,23.08
6,2025-09-02,15,ICU,65,bed,23.08
6,2025-09-03,13,ICU,65,bed,20.0
6,2025-09-04,16,ICU,65,bed,24.62
6,2025-09-05,16,ICU,65,bed,24.62
6,2025-09-06,16,ICU,65,bed,24.62
6,2025-09-07,15,ICU,65,bed,23.08
6,2025-09-08,16,ICU,65,bed,24.62
6,2025-09-09,18,ICU,65,bed,27.69
6,2025-09-10,17,ICU,65,bed,26.15
6,2025-09-11,18,ICU,65,bed,27.69
6,2025-09-12,24,ICU,65,bed,36.92
6,2025-09-13,22,ICU,65,bed,33.85
6,2025-09-14,20,ICU,65,bed,30.77
6,2025-09-15,21,ICU,65,bed,32.31
6,2025-09-16,21,ICU,65,bed,32.31
6,2025-09-17,20,ICU,65,bed,30.77
6,2025-09-18,22,ICU,65,bed,33.85
6,2025-09-19,23,ICU,65,bed,35.38
6,2025-09-20,21,ICU,65,bed,32.31
6,2025-09-21,21,ICU,65,bed,32.31
6,2025-09-22,22,ICU,65,bed,33.85
6,2025-09-23,19,ICU,65,bed,29.23
6,2025-09-24,19,ICU,65,bed,29.23
6,2025-09-25,23,ICU,65,bed,35.38
6,2025-09-26,21,ICU,65,bed,32.31
6,2025-09-27,20,ICU,65,bed,30.77
6,2025-09-28,25,ICU,65,bed,38.46
6,2025-09-29,26,ICU,65,bed,40.0
6,2025-09-30,26,ICU,65,bed,40.0
6,2025-10-01,28,ICU,65,bed,43.08
6,2025-10-02,25,ICU,65,bed,38.46
6,2025-10-03,27,ICU,65,bed,41.54
6,2025-10-04,28,ICU,65,bed,43.08
6,2025-10-05,29,ICU,65,bed,44.62
6,2025-10-06,28,ICU,65,bed,43.08
6,2025-10-07,28,ICU,65,bed,43.08
6,2025-10-08,28,ICU,65,bed,43.08
6,2025-10-09,22,ICU,65,bed,33.85
6,2025-10-10,18,ICU,65,bed,27.69
6,2025-10-11,18,ICU,65,bed,27.69
6,2025-10-12,18,ICU,65,bed,27.69
6,2025-10-13,21,ICU,65,bed,32.31
6,2025-10-14,20,ICU,65,bed,30.77
6,2025-10-15,24,ICU,65,bed,36.92
6,2025-10-16,24,ICU,65,bed,36.92
6,2025-10-17,21,ICU,65,bed,32.31
6,2025-10-18,24,ICU,65,bed,36.92
6,2025-10-19,23,ICU,65,bed,35.38
6,2025-10-20,25,ICU,65,bed,38.46
6,2025-10-21,23,ICU,65,bed,35.38
6,2025-10-22,26,ICU,65,bed,40.0
6,2025-10-23,25,ICU,65,bed,38.46
6,2025-10-24,21,ICU,65,bed,32.31
6,2025-10-25,20,ICU,65,bed,30.77
6,2025-10-26,21,ICU,65,bed,32.31
6,2025-10-27,24,ICU,65,bed,36.92
6,2025-10-28,23,ICU,65,bed,35.38
6,2025-10-29,23,ICU,65,bed,35.38
6,2025-10-30,24,ICU,65,bed,36.92
6,2025-10-31,21,ICU,65,bed,32.31
6,2025-11-01,21,ICU,65,bed,32.31
6,2025-11-02,23,ICU,65,bed,35.38
6,2025-11-03,23,ICU,65,bed,35.38
6,2025-11-04,21,ICU,65,bed,32.31
6,2025-11-05,22,ICU,65,bed,33.85
6,2025-11-06,24,ICU,65,bed,36.92
6,2025-11-07,25,ICU,65,bed,38.46
6,2025-11-08,24,ICU,65,bed,36.92
6,2025-11-09,24,ICU,65,bed,36.92
6,2025-11-10,23,ICU,65,bed,35.38
6,2025-11-11,22,ICU,65,bed,33.85
6,2025-11-12,20,ICU,65,bed,30.77
6,2025-11-13,19,ICU,65,bed,29.23
6,2025-11-14,21,ICU,65,bed,32.31
6,2025-11-15,21,ICU,65,bed,32.31
6,2025-11-16,18,ICU,65,bed,27.69
6,2025-11-17,20,ICU,65,bed,30.77
6,2025-11-18,18,ICU,65,bed,27.69
6,2025-11-19,18,ICU,65,bed,27.69
6,2025-11-20,18,ICU,65,bed,27.69
6,2025-11-21,17,ICU,65,bed,26.15
6,2025-11-22,20,ICU,65,bed,30.77
6,2025-11-23,24,ICU,65,bed,36.92
6,2025-11-24,22,ICU,65,bed,33.85
6,2025-11-25,26,ICU,65,bed,40.0
6,2025-11-26,26,ICU,65,bed,40.0
6,2025-11-27,30,ICU,65,bed,46.15
6,2025-11-28,27,ICU,65,bed,41.54
6,2025-11-29,29,ICU,65,bed,44.62
6,2025-11-30,27,ICU,65,bed,41.54
6,2025-12-01,26,ICU,65,bed,40.0
6,2025-12-02,28,ICU,65,bed,43.08
6,2025-12-03,26,ICU,65,bed,40.0
6,2025-12-04,21,ICU,65,bed,32.31
6,2025-12-05,20,ICU,65,bed,30.77
6,2025-12-06,19,ICU,65,bed,29.23
6,2025-12-07,20,ICU,65,bed,30.77
6,2025-12-08,18,ICU,65,bed,27.69
6,2025-12-09,18,ICU,65,bed,27.69
6,2025-12-10,17,ICU,65,bed,26.15
6,2025-12-11,20,ICU,65,bed,30.77
6,2025-12-12,19,ICU,65,bed,29.23
6,2025-12-13,21,ICU,65,bed,32.31
6,2025-12-14,21,ICU,65,bed,32.31
6,2025-12-15,21,ICU,65,bed,32.31
6,2025-12-16,22,ICU,65,bed,33.85
6,2025-12-17,22,ICU,65,bed,33.85
6,2025-12-18,22,ICU,65,bed,33.85
6,2025-12-19,24,ICU,65,bed,36.92
6,2025-12-20,24,ICU,65,bed,36.92
6,2025-12-21,21,ICU,65,bed,32.31
6,2025-12-22,24,ICU,65,bed,36.92
6,2025-12-23,24,ICU,65,bed,36.92
6,2025-12-24,22,ICU,65,bed,33.85
6,2025-12-25,20,ICU,65,bed,30.77
6,2025-12-26,18,ICU,65,bed,27.69
6,2025-12-27,20,ICU,65,bed,30.77
6,2025-12-28,22,ICU,65,bed,33.85
6,2025-12-29,22,ICU,65,bed,33.85
6,2025-12-30,19,ICU,65,bed,29.23
6,2025-12-31,22,ICU,65,bed,33.85
6,2026-01-01,20,ICU,65,bed,30.77
6,2026-01-02,17,ICU,65,bed,26.15
6,2026-01-03,16,ICU,65,bed,24.62
6,2026-01-04,15,ICU,65,bed,23.08
6,2026-01-05,13,ICU,65,bed,20.0
6,2026-01-06,12,ICU,65,bed,18.46
6,2026-01-07,9,ICU,65,bed,13.85
6,2026-01-08,9,ICU,65,bed,13.85
6,2026-01-09,8,ICU,65,bed,12.31
6,2026-01-10,6,ICU,65,bed,9.23
6,2026-01-11,4,ICU,65,bed,6.15
6,2026-01-12,1,ICU,65,bed,1.54
