hospital_id,hospital_name,department_referral,admission_date,total_admissions,average_age,average_wait_time,average_length_of_stay,average_satisfaction,readmitted_patients
HOSP-1000,The Johns Hopkins Hospital,gastroenterology,,1,88.0,60.0,28.0,1390.0,1.0
HOSP-1000,The Johns Hopkins Hospital,infectious disease,2022-12-18,1,64.0,30.0,1.0,500.0,1.0
HOSP-1003,The Johns Hopkins Hospital,neurology,2020-11-28,1,41.0,15.0,17.0,1280.0,0.0
HOSP-1004,The Johns Hopkins Hospital,allergy and immunology,2022-06-15,1,68.0,45.0,8.0,380.0,0.0
HOSP-1004,The Johns Hopkins Hospital,neurology,,1,49.0,75.0,8.0,880.0,0.0
HOSP-1005,The Johns Hopkins Hospital,cardiology or internal medicine,,1,47.0,45.0,27.0,240.0,1.0
HOSP-1005,The Johns Hopkins Hospital,neurology,2022-07-28,1,38.0,105.0,30.0,1350.0,0.0
HOSP-1006,The Johns Hopkins Hospital,endocrinology,,1,68.0,60.0,19.0,150.0,1.0
HOSP-1006,The Johns Hopkins Hospital,pulmonology or allergy and immunology,,1,6.0,75.0,8.0,650.0,0.0
HOSP-1007,The Johns Hopkins Hospital,cardiology,,1,54.0,90.0,25.0,1030.0,0.0
HOSP-1007,The Johns Hopkins Hospital,endocrinology,,1,34.0,60.0,18.0,880.0,1.0
HOSP-1007,The Johns Hopkins Hospital,gastroenterology,2020-09-18,1,87.0,30.0,29.0,1470.0,0.0
HOSP-1007,The Johns Hopkins Hospital,neurology,,1,19.0,90.0,25.0,160.0,0.0
HOSP-1009,The Johns Hopkins Hospital,infectious disease or internal medicine,,1,4.0,45.0,13.0,1300.0,0.0
HOSP-1009,The Johns Hopkins Hospital,pulmonology or allergy and immunology,,1,1.0,60.0,16.0,470.0,1.0
HOSP-1010,The Johns Hopkins Hospital,allergy and immunology,2023-07-23,1,12.0,105.0,15.0,1390.0,1.0
HOSP-1010,The Johns Hopkins Hospital,hepatology,2022-11-14,1,34.0,30.0,6.0,1460.0,1.0
HOSP-1011,The Johns Hopkins Hospital,cardiology or internal medicine,2022-07-22,1,72.0,60.0,25.0,900.0,0.0
HOSP-1011,The Johns Hopkins Hospital,infectious disease,,1,64.0,60.0,14.0,360.0,1.0
HOSP-1011,The Johns Hopkins Hospital,neurology,,1,89.0,75.0,13.0,120.0,0.0
HOSP-1012,The Johns Hopkins Hospital,pulmonology or infectious disease,2020-12-30,1,77.0,75.0,29.0,1180.0,1.0
HOSP-1013,The Johns Hopkins Hospital,psychiatry,,1,21.0,60.0,22.0,840.0,1.0
HOSP-1013,The Johns Hopkins Hospital,rheumatology,2021-11-15,1,80.0,75.0,22.0,1350.0,1.0
HOSP-1014,The Johns Hopkins Hospital,dermatology,2020-07-29,1,14.0,90.0,28.0,1550.0,0.0
HOSP-1014,The Johns Hopkins Hospital,neurology,,1,92.0,30.0,20.0,810.0,1.0
HOSP-1015,The Johns Hopkins Hospital,endocrinology,2021-05-24,1,9.0,75.0,12.0,710.0,1.0
HOSP-1017,The Johns Hopkins Hospital,neurology,,1,2.0,15.0,14.0,1250.0,0.0
HOSP-1017,The Johns Hopkins Hospital,psychiatry,2022-08-26,1,41.0,45.0,23.0,1090.0,0.0
HOSP-1017,The Johns Hopkins Hospital,pulmonology or allergy and immunology,,1,74.0,30.0,27.0,1310.0,1.0
HOSP-1019,The Johns Hopkins Hospital,infectious disease or internal medicine,,1,52.0,105.0,3.0,650.0,1.0
HOSP-1019,The Johns Hopkins Hospital,rheumatology,,1,69.0,105.0,27.0,950.0,0.0
HOSP-1020,The Johns Hopkins Hospital,allergy and immunology,2023-03-22,1,60.0,75.0,26.0,1000.0,0.0
HOSP-1022,The Johns Hopkins Hospital,rheumatology,,1,28.0,105.0,9.0,1270.0,1.0
HOSP-1026,The Johns Hopkins Hospital,gastroenterology,,1,4.0,75.0,22.0,350.0,1.0
HOSP-1028,The Johns Hopkins Hospital,cardiology or internal medicine,,1,54.0,60.0,30.0,1250.0,1.0
HOSP-1029,The Johns Hopkins Hospital,cardiology,2021-03-13,1,11.0,105.0,1.0,160.0,0.0
HOSP-1030,The Johns Hopkins Hospital,neurology,,1,55.0,105.0,14.0,1220.0,1.0
HOSP-1031,The Johns Hopkins Hospital,cardiology or internal medicine,,1,16.0,15.0,22.0,820.0,1.0
HOSP-1031,The Johns Hopkins Hospital,nephrology,2020-07-26,1,68.0,15.0,2.0,1090.0,0.0
HOSP-1031,The Johns Hopkins Hospital,neurology,,1,53.0,60.0,30.0,670.0,0.0
HOSP-1032,The Johns Hopkins Hospital,neurology,2023-06-27,1,39.0,105.0,4.0,1540.0,0.0
HOSP-1032,The Johns Hopkins Hospital,psychiatry,,1,10.0,105.0,26.0,1180.0,0.0
HOSP-1033,The Johns Hopkins Hospital,hepatology or gastroenterology,,1,26.0,120.0,30.0,1140.0,1.0
HOSP-1033,The Johns Hopkins Hospital,rheumatology,2021-06-24,1,34.0,105.0,29.0,170.0,1.0
HOSP-1033,The Johns Hopkins Hospital,rheumatology,,1,86.0,60.0,13.0,1070.0,0.0
HOSP-1034,The Johns Hopkins Hospital,gastroenterology,2021-06-21,1,90.0,15.0,10.0,610.0,0.0
HOSP-1034,The Johns Hopkins Hospital,neurology,2024-03-26,1,70.0,45.0,23.0,1140.0,1.0
HOSP-1035,The Johns Hopkins Hospital,oncology,2021-07-28,1,65.0,105.0,25.0,1520.0,0.0
HOSP-1036,The Johns Hopkins Hospital,infectious disease,2022-04-27,1,44.0,120.0,16.0,1470.0,1.0
HOSP-1037,The Johns Hopkins Hospital,hepatology or gastroenterology,2021-09-28,1,39.0,105.0,17.0,120.0,0.0
HOSP-1038,The Johns Hopkins Hospital,neurology,2024-05-15,1,9.0,105.0,9.0,1230.0,0.0
HOSP-1038,The Johns Hopkins Hospital,neurology,,1,29.0,45.0,30.0,1510.0,0.0
HOSP-1039,The Johns Hopkins Hospital,nephrology,2022-06-13,1,59.0,105.0,19.0,170.0,1.0
HOSP-1039,The Johns Hopkins Hospital,neurology,2021-04-21,1,68.0,30.0,14.0,650.0,0.0
HOSP-1039,The Johns Hopkins Hospital,neurology,2023-12-25,1,52.0,105.0,15.0,1060.0,0.0
HOSP-1040,The Johns Hopkins Hospital,oncology,2021-02-19,1,21.0,60.0,16.0,1570.0,0.0
HOSP-1041,The Johns Hopkins Hospital,rheumatology,,1,64.0,75.0,15.0,140.0,1.0
HOSP-1042,The Johns Hopkins Hospital,psychiatry,2022-02-26,1,66.0,75.0,19.0,160.0,1.0
HOSP-1042,The Johns Hopkins Hospital,pulmonology or infectious disease,2022-10-24,1,77.0,120.0,6.0,260.0,1.0
HOSP-1043,The Johns Hopkins Hospital,oncology,2022-08-23,1,43.0,45.0,3.0,830.0,0.0
HOSP-1044,The Johns Hopkins Hospital,gastroenterology,,1,10.0,45.0,13.0,1540.0,0.0
HOSP-1045,The Johns Hopkins Hospital,nephrology,2022-03-15,1,65.0,105.0,8.0,1120.0,0.0
HOSP-1046,The Johns Hopkins Hospital,infectious disease or internal medicine,,1,49.0,105.0,20.0,350.0,0.0
HOSP-1048,The Johns Hopkins Hospital,neurology,2021-02-13,1,74.0,60.0,16.0,1430.0,0.0
HOSP-1049,The Johns Hopkins Hospital,pulmonology or allergy and immunology,2021-11-23,1,28.0,30.0,13.0,210.0,0.0
HOSP-1050,The Johns Hopkins Hospital,urology or nephrology,,1,68.0,30.0,24.0,1220.0,1.0
HOSP-1051,The Johns Hopkins Hospital,dermatology,2022-02-28,1,54.0,105.0,27.0,1420.0,0.0
HOSP-1051,The Johns Hopkins Hospital,psychiatry,,1,6.0,60.0,17.0,490.0,0.0
HOSP-1051,The Johns Hopkins Hospital,pulmonology,2024-02-19,1,1.0,120.0,22.0,1540.0,0.0
HOSP-1051,The Johns Hopkins Hospital,rheumatology,,1,47.0,120.0,4.0,1170.0,0.0
HOSP-1052,The Johns Hopkins Hospital,cardiology or internal medicine,,1,16.0,75.0,8.0,130.0,0.0
HOSP-1052,The Johns Hopkins Hospital,nephrology,,1,60.0,75.0,18.0,500.0,0.0
HOSP-1053,The Johns Hopkins Hospital,cardiology or internal medicine,2023-03-29,1,15.0,75.0,11.0,190.0,0.0
HOSP-1053,The Johns Hopkins Hospital,cardiology or internal medicine,,1,26.0,105.0,21.0,540.0,1.0
HOSP-1053,The Johns Hopkins Hospital,infectious disease,,1,55.0,120.0,12.0,1370.0,0.0
HOSP-1053,The Johns Hopkins Hospital,neurology,2023-11-23,1,77.0,30.0,30.0,1370.0,0.0
HOSP-1054,The Johns Hopkins Hospital,nephrology,2023-03-31,1,74.0,105.0,21.0,650.0,1.0
HOSP-1055,The Johns Hopkins Hospital,rheumatology,,1,2.0,45.0,29.0,490.0,1.0
HOSP-1056,The Johns Hopkins Hospital,cardiology,2021-05-21,1,81.0,45.0,16.0,670.0,0.0
HOSP-1059,The Johns Hopkins Hospital,urology or nephrology,2022-10-15,1,69.0,90.0,1.0,1540.0,0.0
HOSP-1061,The Johns Hopkins Hospital,endocrinology,2022-04-25,1,33.0,75.0,29.0,700.0,1.0
HOSP-1061,The Johns Hopkins Hospital,urology or nephrology,,1,4.0,120.0,13.0,550.0,1.0
HOSP-1062,The Johns Hopkins Hospital,neurology,,1,48.0,75.0,30.0,450.0,0.0
HOSP-1062,The Johns Hopkins Hospital,urology or nephrology,2022-03-16,1,80.0,105.0,25.0,690.0,1.0
HOSP-1063,The Johns Hopkins Hospital,endocrinology,2023-09-26,1,21.0,15.0,16.0,1500.0,0.0
HOSP-1063,The Johns Hopkins Hospital,psychiatry,2022-04-24,1,48.0,45.0,5.0,1140.0,1.0
HOSP-1064,The Johns Hopkins Hospital,hepatology or gastroenterology,2024-03-23,1,91.0,15.0,9.0,960.0,1.0
HOSP-1066,The Johns Hopkins Hospital,hepatology,2024-02-22,1,92.0,45.0,5.0,120.0,1.0
HOSP-1066,The Johns Hopkins Hospital,infectious disease,2023-06-14,1,82.0,30.0,13.0,760.0,0.0
HOSP-1066,The Johns Hopkins Hospital,neurology,2024-07-18,1,1.0,90.0,3.0,700.0,0.0
HOSP-1066,The Johns Hopkins Hospital,psychiatry,2022-08-14,1,86.0,105.0,17.0,440.0,0.0
HOSP-1066,The Johns Hopkins Hospital,rheumatology,2023-02-22,1,62.0,15.0,24.0,1580.0,1.0
HOSP-1066,The Johns Hopkins Hospital,rheumatology,2024-06-20,1,12.0,105.0,9.0,890.0,1.0
HOSP-1068,The Johns Hopkins Hospital,gastroenterology,2022-08-16,1,66.0,105.0,29.0,510.0,1.0
HOSP-1069,The Johns Hopkins Hospital,hepatology,2021-01-27,1,9.0,75.0,9.0,340.0,0.0
HOSP-1070,The Johns Hopkins Hospital,pulmonology or allergy and immunology,,1,48.0,60.0,10.0,1380.0,1.0
HOSP-1071,The Johns Hopkins Hospital,gastroenterology,2022-03-20,1,94.0,60.0,24.0,590.0,0.0
HOSP-1071,The Johns Hopkins Hospital,nephrology,2020-11-16,1,55.0,15.0,14.0,120.0,0.0
HOSP-1072,The Johns Hopkins Hospital,urology or nephrology,,1,30.0,45.0,5.0,1560.0,0.0
HOSP-1073,The Johns Hopkins Hospital,pulmonology or allergy and immunology,2021-10-28,1,55.0,105.0,20.0,1490.0,1.0
HOSP-1074,The Johns Hopkins Hospital,psychiatry,2023-02-20,1,41.0,120.0,8.0,1190.0,1.0
HOSP-1075,The Johns Hopkins Hospital,allergy and immunology,2021-10-26,1,94.0,90.0,24.0,1200.0,0.0
HOSP-1075,The Johns Hopkins Hospital,neurology,,1,9.0,120.0,19.0,320.0,0.0
HOSP-1076,The Johns Hopkins Hospital,oncology,,1,9.0,90.0,3.0,1210.0,1.0
HOSP-1077,The Johns Hopkins Hospital,gastroenterology,2023-12-22,1,44.0,60.0,23.0,600.0,0.0
HOSP-1079,The Johns Hopkins Hospital,neurology,2022-11-13,1,1.0,30.0,28.0,1360.0,1.0
HOSP-1080,The Johns Hopkins Hospital,cardiology,,1,3.0,75.0,20.0,270.0,1.0
HOSP-1081,The Johns Hopkins Hospital,rheumatology,,1,75.0,75.0,5.0,1440.0,1.0
HOSP-1084,The Johns Hopkins Hospital,gastroenterology,2020-08-16,1,60.0,120.0,5.0,1300.0,1.0
HOSP-1084,The Johns Hopkins Hospital,gastroenterology,2021-12-16,1,21.0,30.0,15.0,1090.0,0.0
HOSP-1084,The Johns Hopkins Hospital,rheumatology,,1,88.0,120.0,20.0,130.0,0.0
HOSP-1085,The Johns Hopkins Hospital,gastroenterology,2021-06-22,1,61.0,75.0,18.0,670.0,0.0
HOSP-1085,The Johns Hopkins Hospital,pulmonology,2020-09-14,1,77.0,60.0,2.0,500.0,1.0
HOSP-1086,The Johns Hopkins Hospital,gastroenterology,,1,52.0,45.0,12.0,1410.0,1.0
HOSP-1086,The Johns Hopkins Hospital,pulmonology or infectious disease,2022-10-20,1,53.0,75.0,18.0,1090.0,1.0
HOSP-1088,The Johns Hopkins Hospital,cardiology or internal medicine,2023-03-23,1,75.0,45.0,19.0,540.0,0.0
HOSP-1091,The Johns Hopkins Hospital,hepatology or gastroenterology,,1,10.0,105.0,13.0,1590.0,0.0
HOSP-1091,The Johns Hopkins Hospital,neurology,2020-09-24,1,31.0,90.0,10.0,310.0,1.0
HOSP-1091,The Johns Hopkins Hospital,rheumatology,2021-07-22,1,89.0,75.0,11.0,1090.0,0.0
HOSP-1092,The Johns Hopkins Hospital,dermatology,,1,36.0,15.0,10.0,1110.0,0.0
HOSP-1093,The Johns Hopkins Hospital,infectious disease or internal medicine,2021-12-20,1,36.0,45.0,8.0,660.0,0.0
HOSP-1094,The Johns Hopkins Hospital,psychiatry,,1,52.0,75.0,11.0,1200.0,0.0
HOSP-1097,The Johns Hopkins Hospital,rheumatology,2021-12-19,1,75.0,90.0,2.0,1570.0,1.0
HOSP-1098,The Johns Hopkins Hospital,neurology,,2,46.0,52.5,9.5,785.0,1.0
HOSP-1099,The Johns Hopkins Hospital,hepatology,2021-12-16,1,20.0,90.0,13.0,590.0,0.0
HOSP-1100,The Johns Hopkins Hospital,neurology,,1,93.0,105.0,9.0,110.0,0.0
HOSP-1100,The Johns Hopkins Hospital,pulmonology or allergy and immunology,,1,61.0,15.0,9.0,230.0,0.0
HOSP-1105,The Johns Hopkins Hospital,gastroenterology,2023-06-29,1,83.0,45.0,13.0,630.0,1.0
HOSP-1105,The Johns Hopkins Hospital,hepatology or gastroenterology,,1,54.0,105.0,23.0,310.0,0.0
HOSP-1105,The Johns Hopkins Hospital,psychiatry,,1,59.0,45.0,21.0,500.0,1.0
HOSP-1106,The Johns Hopkins Hospital,infectious disease,2021-05-29,1,43.0,30.0,22.0,1110.0,1.0
HOSP-1107,The Johns Hopkins Hospital,cardiology,2021-02-13,1,54.0,15.0,4.0,1170.0,1.0
HOSP-1113,The Johns Hopkins Hospital,hepatology or gastroenterology,,1,94.0,75.0,27.0,280.0,1.0
HOSP-1115,The Johns Hopkins Hospital,dermatology,2021-04-29,1,72.0,120.0,21.0,970.0,0.0
HOSP-1115,The Johns Hopkins Hospital,pulmonology,2022-12-13,1,11.0,60.0,6.0,1480.0,0.0
HOSP-1119,The Johns Hopkins Hospital,hepatology or gastroenterology,,1,88.0,90.0,24.0,1050.0,0.0
HOSP-1119,The Johns Hopkins Hospital,rheumatology,,1,11.0,30.0,23.0,210.0,0.0
HOSP-1120,The Johns Hopkins Hospital,dermatology,2024-04-17,1,36.0,45.0,15.0,320.0,1.0
HOSP-1120,The Johns Hopkins Hospital,nephrology,,1,36.0,105.0,2.0,1430.0,0.0
HOSP-1121,The Johns Hopkins Hospital,infectious disease or internal medicine,2021-07-15,1,71.0,90.0,1.0,410.0,0.0
HOSP-1122,The Johns Hopkins Hospital,urology or nephrology,,1,13.0,120.0,4.0,500.0,0.0
HOSP-1128,The Johns Hopkins Hospital,endocrinology,,1,78.0,75.0,3.0,260.0,1.0
HOSP-1128,The Johns Hopkins Hospital,gastroenterology,2024-07-13,1,21.0,45.0,23.0,100.0,1.0
HOSP-1128,The Johns Hopkins Hospital,urology or nephrology,2023-09-19,1,80.0,105.0,29.0,1350.0,1.0
HOSP-1130,The Johns Hopkins Hospital,infectious disease or internal medicine,,1,55.0,45.0,26.0,1500.0,1.0
HOSP-1130,The Johns Hopkins Hospital,neurology,,1,79.0,75.0,7.0,490.0,1.0
HOSP-1131,The Johns Hopkins Hospital,cardiology,2021-03-22,1,42.0,105.0,26.0,390.0,1.0
HOSP-1131,The Johns Hopkins Hospital,nephrology,2022-05-18,1,32.0,60.0,29.0,760.0,0.0
HOSP-1131,The Johns Hopkins Hospital,neurology,2021-04-17,1,93.0,15.0,30.0,590.0,0.0
HOSP-1132,The Johns Hopkins Hospital,infectious disease or internal medicine,2022-05-29,1,19.0,120.0,2.0,320.0,0.0
HOSP-1134,The Johns Hopkins Hospital,pulmonology,2021-07-20,1,66.0,75.0,20.0,1330.0,0.0
HOSP-1134,The Johns Hopkins Hospital,pulmonology or infectious disease,,1,7.0,60.0,3.0,1230.0,0.0
HOSP-1135,The Johns Hopkins Hospital,urology or nephrology,2023-04-22,1,94.0,15.0,24.0,120.0,0.0
HOSP-1136,The Johns Hopkins Hospital,neurology,2023-01-14,1,71.0,120.0,26.0,400.0,1.0
HOSP-1137,The Johns Hopkins Hospital,allergy and immunology,2021-10-26,1,10.0,90.0,8.0,580.0,1.0
HOSP-1138,The Johns Hopkins Hospital,allergy and immunology,2022-08-13,1,29.0,105.0,23.0,870.0,1.0
HOSP-1138,The Johns Hopkins Hospital,rheumatology,,1,64.0,75.0,20.0,610.0,1.0
HOSP-1138,The Johns Hopkins Hospital,urology or nephrology,2021-09-22,1,27.0,60.0,12.0,140.0,1.0
HOSP-1140,The Johns Hopkins Hospital,dermatology,,1,51.0,45.0,11.0,230.0,0.0
HOSP-1140,The Johns Hopkins Hospital,pulmonology or allergy and immunology,,1,8.0,90.0,22.0,920.0,1.0
HOSP-1141,The Johns Hopkins Hospital,gastroenterology,2021-10-14,1,85.0,15.0,20.0,1570.0,0.0
HOSP-1141,The Johns Hopkins Hospital,infectious disease or internal medicine,2021-12-14,1,7.0,75.0,14.0,610.0,0.0
HOSP-1143,The Johns Hopkins Hospital,nephrology,2023-10-29,1,22.0,120.0,11.0,400.0,0.0
HOSP-1144,The Johns Hopkins Hospital,neurology,2020-08-13,1,77.0,120.0,17.0,1580.0,1.0
HOSP-1144,The Johns Hopkins Hospital,psychiatry,2020-12-24,1,92.0,75.0,19.0,560.0,1.0
HOSP-1145,The Johns Hopkins Hospital,endocrinology,,1,72.0,120.0,20.0,320.0,0.0
HOSP-1145,The Johns Hopkins Hospital,infectious disease,2020-09-22,1,44.0,15.0,1.0,160.0,1.0
HOSP-1145,The Johns Hopkins Hospital,urology or nephrology,,1,16.0,120.0,22.0,1080.0,1.0
HOSP-1146,The Johns Hopkins Hospital,infectious disease,2021-03-19,1,86.0,105.0,23.0,1510.0,0.0
HOSP-1146,The Johns Hopkins Hospital,neurology,2023-12-23,1,80.0,15.0,20.0,440.0,0.0
HOSP-1146,The Johns Hopkins Hospital,pulmonology,2021-11-28,1,87.0,120.0,21.0,550.0,0.0
HOSP-1148,The Johns Hopkins Hospital,allergy and immunology,,1,39.0,30.0,4.0,1500.0,1.0
HOSP-1148,The Johns Hopkins Hospital,infectious disease or internal medicine,2021-09-18,1,88.0,60.0,12.0,1560.0,0.0
HOSP-1148,The Johns Hopkins Hospital,nephrology,2023-10-30,1,40.0,75.0,9.0,1590.0,0.0
HOSP-1149,The Johns Hopkins Hospital,hepatology,2024-03-21,1,72.0,90.0,23.0,850.0,1.0
HOSP-1149,The Johns Hopkins Hospital,hepatology or gastroenterology,,1,88.0,90.0,20.0,1550.0,1.0
HOSP-1149,The Johns Hopkins Hospital,psychiatry,,1,22.0,15.0,29.0,810.0,0.0
HOSP-1149,The Johns Hopkins Hospital,pulmonology or infectious disease,,1,83.0,60.0,14.0,330.0,0.0
HOSP-1149,The Johns Hopkins Hospital,rheumatology,2022-10-29,1,95.0,105.0,14.0,330.0,1.0
HOSP-1150,The Johns Hopkins Hospital,cardiology or internal medicine,,1,48.0,90.0,23.0,1470.0,0.0
HOSP-1151,The Johns Hopkins Hospital,urology or nephrology,,1,9.0,120.0,10.0,1130.0,0.0
HOSP-1152,The Johns Hopkins Hospital,cardiology or internal medicine,,1,37.0,90.0,11.0,180.0,0.0
HOSP-1152,The Johns Hopkins Hospital,hepatology or gastroenterology,2021-05-28,1,5.0,90.0,22.0,890.0,1.0
HOSP-1152,The Johns Hopkins Hospital,oncology,,1,64.0,30.0,10.0,1270.0,1.0
HOSP-1152,The Johns Hopkins Hospital,pulmonology or infectious disease,2022-07-19,1,21.0,45.0,17.0,1510.0,0.0
HOSP-1153,The Johns Hopkins Hospital,hepatology,2023-08-21,1,30.0,15.0,26.0,760.0,1.0
HOSP-1154,The Johns Hopkins Hospital,allergy and immunology,2022-09-21,1,59.0,105.0,13.0,650.0,0.0
HOSP-1154,The Johns Hopkins Hospital,dermatology,2023-02-25,1,67.0,75.0,28.0,360.0,1.0
HOSP-1157,The Johns Hopkins Hospital,pulmonology or allergy and immunology,2024-05-21,1,89.0,90.0,10.0,1380.0,1.0
HOSP-1160,The Johns Hopkins Hospital,gastroenterology,2020-12-26,1,60.0,30.0,13.0,910.0,1.0
HOSP-1161,The Johns Hopkins Hospital,pulmonology or allergy and immunology,2021-11-18,1,72.0,15.0,11.0,640.0,0.0
HOSP-1162,The Johns Hopkins Hospital,neurology,,1,38.0,90.0,8.0,1380.0,1.0
HOSP-1163,The Johns Hopkins Hospital,infectious disease or internal medicine,,1,24.0,120.0,5.0,1120.0,0.0
HOSP-1165,The Johns Hopkins Hospital,neurology,2020-09-15,1,8.0,90.0,17.0,1600.0,0.0
HOSP-1166,The Johns Hopkins Hospital,hepatology,,1,38.0,45.0,7.0,1600.0,0.0
HOSP-1166,The Johns Hopkins Hospital,infectious disease,,1,56.0,120.0,18.0,1520.0,0.0
HOSP-1167,The Johns Hopkins Hospital,infectious disease or internal medicine,2021-08-15,1,95.0,45.0,7.0,1230.0,0.0
HOSP-1167,The Johns Hopkins Hospital,psychiatry,2022-08-24,1,55.0,45.0,29.0,810.0,1.0
HOSP-1168,The Johns Hopkins Hospital,cardiology,,1,31.0,60.0,10.0,1230.0,0.0
HOSP-1168,The Johns Hopkins Hospital,infectious disease or internal medicine,,1,8.0,45.0,26.0,1510.0,1.0
HOSP-1168,The Johns Hopkins Hospital,urology or nephrology,2024-01-26,1,67.0,120.0,25.0,210.0,0.0
HOSP-1169,The Johns Hopkins Hospital,neurology,2020-09-25,1,43.0,75.0,22.0,1510.0,0.0
HOSP-1169,The Johns Hopkins Hospital,psychiatry,,1,61.0,90.0,6.0,1540.0,0.0
HOSP-1170,The Johns Hopkins Hospital,gastroenterology,2022-09-19,1,45.0,75.0,14.0,130.0,1.0
HOSP-1170,The Johns Hopkins Hospital,rheumatology,2024-04-23,1,89.0,120.0,25.0,200.0,0.0
HOSP-1171,The Johns Hopkins Hospital,psychiatry,,1,15.0,75.0,4.0,370.0,0.0
HOSP-1171,The Johns Hopkins Hospital,pulmonology,2021-10-15,1,7.0,90.0,17.0,1470.0,0.0
HOSP-1174,The Johns Hopkins Hospital,nephrology,2020-10-29,1,65.0,75.0,13.0,390.0,0.0
HOSP-1174,The Johns Hopkins Hospital,nephrology,,1,31.0,30.0,21.0,1100.0,0.0
HOSP-1175,The Johns Hopkins Hospital,neurology,2022-09-26,1,66.0,120.0,24.0,730.0,0.0
HOSP-1176,The Johns Hopkins Hospital,dermatology,2024-06-27,1,92.0,120.0,3.0,400.0,0.0
HOSP-1179,The Johns Hopkins Hospital,gastroenterology,2024-04-22,1,56.0,30.0,25.0,410.0,1.0
HOSP-1179,The Johns Hopkins Hospital,neurology,2021-10-29,1,23.0,45.0,18.0,1320.0,0.0
HOSP-1179,The Johns Hopkins Hospital,neurology,,1,40.0,120.0,28.0,1360.0,0.0
HOSP-1179,The Johns Hopkins Hospital,pulmonology or allergy and immunology,,1,77.0,105.0,4.0,1180.0,0.0
HOSP-1180,The Johns Hopkins Hospital,infectious disease,,1,48.0,90.0,12.0,1000.0,1.0
HOSP-1180,The Johns Hopkins Hospital,infectious disease or internal medicine,2021-04-25,1,20.0,60.0,25.0,730.0,0.0
HOSP-1180,The Johns Hopkins Hospital,neurology,,1,0.0,75.0,29.0,1490.0,0.0
HOSP-1180,The Johns Hopkins Hospital,urology or nephrology,2024-01-21,1,95.0,120.0,9.0,700.0,0.0
HOSP-1181,The Johns Hopkins Hospital,oncology,,1,13.0,120.0,2.0,140.0,1.0
HOSP-1181,The Johns Hopkins Hospital,psychiatry,,1,31.0,45.0,28.0,1470.0,1.0
HOSP-1183,The Johns Hopkins Hospital,rheumatology,2021-08-30,1,5.0,90.0,28.0,920.0,0.0
HOSP-1184,The Johns Hopkins Hospital,hepatology,2022-11-21,1,72.0,60.0,16.0,260.0,0.0
HOSP-1184,The Johns Hopkins Hospital,neurology,2020-08-17,1,82.0,105.0,4.0,600.0,0.0
HOSP-1185,The Johns Hopkins Hospital,cardiology or internal medicine,,1,88.0,30.0,6.0,330.0,0.0
HOSP-1185,The Johns Hopkins Hospital,neurology,2024-02-19,1,6.0,60.0,9.0,1580.0,0.0
HOSP-1186,The Johns Hopkins Hospital,infectious disease,2023-05-17,1,15.0,45.0,17.0,620.0,0.0
HOSP-1186,The Johns Hopkins Hospital,nephrology,2022-08-30,1,26.0,75.0,29.0,1030.0,0.0
HOSP-1187,The Johns Hopkins Hospital,cardiology,2020-07-24,1,85.0,75.0,27.0,160.0,0.0
HOSP-1187,The Johns Hopkins Hospital,neurology,,1,36.0,60.0,13.0,1090.0,0.0
HOSP-1190,The Johns Hopkins Hospital,hepatology or gastroenterology,2024-01-21,1,5.0,30.0,19.0,1410.0,1.0
HOSP-1190,The Johns Hopkins Hospital,infectious disease or internal medicine,2021-04-25,1,74.0,120.0,4.0,840.0,0.0
HOSP-1191,The Johns Hopkins Hospital,neurology,2021-03-30,1,71.0,30.0,28.0,1320.0,0.0
HOSP-1192,The Johns Hopkins Hospital,gastroenterology,2021-10-18,1,38.0,120.0,8.0,1130.0,0.0
HOSP-1192,The Johns Hopkins Hospital,pulmonology or infectious disease,2021-04-18,1,47.0,45.0,17.0,450.0,0.0
HOSP-1192,The Johns Hopkins Hospital,rheumatology,2023-12-17,1,80.0,105.0,5.0,970.0,1.0
HOSP-1193,The Johns Hopkins Hospital,neurology,2020-08-21,1,49.0,30.0,16.0,410.0,0.0
HOSP-1193,The Johns Hopkins Hospital,rheumatology,,1,93.0,90.0,14.0,1500.0,0.0
HOSP-1194,The Johns Hopkins Hospital,pulmonology,2020-10-25,1,30.0,15.0,18.0,350.0,0.0
HOSP-1195,The Johns Hopkins Hospital,gastroenterology,,1,49.0,120.0,3.0,910.0,0.0
HOSP-1195,The Johns Hopkins Hospital,infectious disease,2020-08-31,1,5.0,105.0,18.0,1410.0,0.0
HOSP-1196,The Johns Hopkins Hospital,neurology,2024-04-14,1,94.0,75.0,2.0,370.0,0.0
HOSP-1197,The Johns Hopkins Hospital,nephrology,2022-07-23,1,12.0,105.0,8.0,470.0,0.0
HOSP-1198,The Johns Hopkins Hospital,neurology,,1,45.0,105.0,9.0,250.0,0.0
HOSP-1200,The Johns Hopkins Hospital,oncology,,1,10.0,30.0,21.0,290.0,0.0
HOSP-1200,The Johns Hopkins Hospital,psychiatry,2023-07-19,1,83.0,75.0,1.0,940.0,1.0
HOSP-1201,The Johns Hopkins Hospital,gastroenterology,,1,29.0,45.0,15.0,1030.0,1.0
HOSP-1201,The Johns Hopkins Hospital,neurology,2021-12-18,1,4.0,30.0,17.0,630.0,1.0
HOSP-1202,The Johns Hopkins Hospital,infectious disease or internal medicine,2022-02-19,1,69.0,15.0,7.0,360.0,1.0
HOSP-1203,The Johns Hopkins Hospital,pulmonology or allergy and immunology,,1,70.0,120.0,6.0,550.0,1.0
HOSP-1204,The Johns Hopkins Hospital,cardiology,2022-01-31,1,1.0,30.0,21.0,1140.0,1.0
HOSP-1204,The Johns Hopkins Hospital,gastroenterology,2024-01-20,1,91.0,75.0,5.0,1300.0,1.0
HOSP-1205,The Johns Hopkins Hospital,cardiology or internal medicine,2022-08-20,1,71.0,75.0,8.0,1240.0,1.0
HOSP-1205,The Johns Hopkins Hospital,hepatology,2023-04-17,1,47.0,60.0,13.0,660.0,1.0
HOSP-1206,The Johns Hopkins Hospital,oncology,,1,4.0,15.0,14.0,410.0,1.0
HOSP-1206,The Johns Hopkins Hospital,pulmonology,,1,95.0,120.0,25.0,830.0,0.0
HOSP-1208,The Johns Hopkins Hospital,neurology,2024-01-21,1,15.0,90.0,15.0,1220.0,0.0
HOSP-1210,The Johns Hopkins Hospital,neurology,2022-08-24,1,7.0,75.0,5.0,1570.0,1.0
HOSP-1210,The Johns Hopkins Hospital,neurology,,1,70.0,105.0,6.0,310.0,0.0
HOSP-1211,The Johns Hopkins Hospital,infectious disease or internal medicine,2022-05-31,1,5.0,30.0,10.0,710.0,0.0
HOSP-1211,The Johns Hopkins Hospital,rheumatology,,1,28.0,105.0,20.0,1080.0,0.0
HOSP-1213,The Johns Hopkins Hospital,hepatology or gastroenterology,,1,95.0,45.0,5.0,930.0,0.0
HOSP-1216,The Johns Hopkins Hospital,hepatology or gastroenterology,2021-10-20,1,22.0,75.0,16.0,1150.0,0.0
HOSP-1217,The Johns Hopkins Hospital,dermatology,2022-05-26,1,35.0,120.0,8.0,1360.0,0.0
HOSP-1217,The Johns Hopkins Hospital,neurology,,1,29.0,105.0,19.0,1530.0,0.0
HOSP-1217,The Johns Hopkins Hospital,rheumatology,2023-01-14,1,93.0,75.0,20.0,1170.0,1.0
HOSP-1219,The Johns Hopkins Hospital,neurology,,1,4.0,60.0,14.0,450.0,1.0
HOSP-1220,The Johns Hopkins Hospital,neurology,2023-07-17,1,4.0,75.0,19.0,330.0,0.0
HOSP-1221,The Johns Hopkins Hospital,rheumatology,2024-02-16,1,10.0,60.0,2.0,1020.0,0.0
HOSP-1222,The Johns Hopkins Hospital,infectious disease,,1,70.0,105.0,10.0,270.0,1.0
HOSP-1223,The Johns Hopkins Hospital,hepatology or gastroenterology,2021-04-24,1,57.0,105.0,28.0,570.0,0.0
HOSP-1227,The Johns Hopkins Hospital,gastroenterology,2022-12-13,1,22.0,120.0,26.0,1250.0,1.0
HOSP-1229,The Johns Hopkins Hospital,cardiology or internal medicine,,1,78.0,90.0,30.0,1530.0,0.0
HOSP-1229,The Johns Hopkins Hospital,dermatology,2022-03-27,1,83.0,60.0,24.0,620.0,0.0
HOSP-1230,The Johns Hopkins Hospital,cardiology or internal medicine,,1,62.0,105.0,17.0,1380.0,0.0
HOSP-1230,The Johns Hopkins Hospital,hepatology,2020-08-18,1,48.0,30.0,9.0,360.0,0.0
HOSP-1230,The Johns Hopkins Hospital,pulmonology,2024-07-22,1,81.0,75.0,25.0,540.0,1.0
HOSP-1232,The Johns Hopkins Hospital,psychiatry,2023-02-23,1,84.0,75.0,3.0,1060.0,0.0
HOSP-1236,The Johns Hopkins Hospital,hepatology,,1,33.0,105.0,28.0,970.0,1.0
HOSP-1236,The Johns Hopkins Hospital,neurology,2024-05-19,1,20.0,90.0,21.0,1240.0,0.0
HOSP-1236,The Johns Hopkins Hospital,pulmonology or allergy and immunology,2020-10-24,1,56.0,90.0,12.0,1250.0,0.0
HOSP-1237,The Johns Hopkins Hospital,neurology,2023-02-22,1,47.0,30.0,8.0,400.0,1.0
HOSP-1240,The Johns Hopkins Hospital,gastroenterology,2023-07-19,1,83.0,30.0,16.0,1550.0,0.0
HOSP-1241,The Johns Hopkins Hospital,nephrology,2023-12-26,1,94.0,120.0,23.0,1540.0,0.0
HOSP-1242,The Johns Hopkins Hospital,neurology,,1,78.0,60.0,10.0,350.0,1.0
HOSP-1243,The Johns Hopkins Hospital,allergy and immunology,2024-01-14,1,90.0,15.0,22.0,1070.0,1.0
HOSP-1243,The Johns Hopkins Hospital,dermatology,,1,77.0,15.0,19.0,1440.0,0.0
HOSP-1244,The Johns Hopkins Hospital,gastroenterology,2023-10-14,1,83.0,15.0,26.0,1060.0,1.0
HOSP-1244,The Johns Hopkins Hospital,infectious disease or internal medicine,,1,16.0,75.0,3.0,120.0,0.0
HOSP-1244,The Johns Hopkins Hospital,pulmonology or allergy and immunology,2022-07-20,1,76.0,30.0,15.0,1310.0,0.0
HOSP-1245,The Johns Hopkins Hospital,psychiatry,2021-08-16,1,36.0,90.0,27.0,230.0,1.0
HOSP-1246,The Johns Hopkins Hospital,neurology,2020-09-27,1,60.0,30.0,5.0,1130.0,1.0
HOSP-1248,The Johns Hopkins Hospital,endocrinology,2022-02-13,1,93.0,15.0,12.0,130.0,0.0
HOSP-1248,The Johns Hopkins Hospital,rheumatology,,1,46.0,75.0,1.0,430.0,1.0
HOSP-1251,The Johns Hopkins Hospital,allergy and immunology,,1,80.0,120.0,20.0,1380.0,1.0
HOSP-1251,The Johns Hopkins Hospital,dermatology,,1,76.0,60.0,8.0,360.0,0.0
HOSP-1252,The Johns Hopkins Hospital,gastroenterology,,1,27.0,45.0,16.0,1560.0,0.0
HOSP-1253,The Johns Hopkins Hospital,endocrinology,2023-06-27,1,30.0,15.0,30.0,1590.0,0.0
HOSP-1255,The Johns Hopkins Hospital,dermatology,,1,94.0,45.0,28.0,640.0,0.0
HOSP-1257,The Johns Hopkins Hospital,rheumatology,2024-04-25,1,34.0,60.0,12.0,500.0,1.0
HOSP-1258,The Johns Hopkins Hospital,gastroenterology,,1,40.0,75.0,30.0,1180.0,1.0
HOSP-1258,The Johns Hopkins Hospital,psychiatry,2024-01-22,1,71.0,75.0,6.0,880.0,0.0
HOSP-1260,The Johns Hopkins Hospital,gastroenterology,,1,85.0,45.0,16.0,690.0,0.0
HOSP-1260,The Johns Hopkins Hospital,pulmonology or allergy and immunology,2023-04-14,1,14.0,45.0,12.0,280.0,1.0
HOSP-1261,The Johns Hopkins Hospital,infectious disease or internal medicine,2024-02-13,1,70.0,30.0,24.0,330.0,1.0
HOSP-1264,The Johns Hopkins Hospital,cardiology,,1,76.0,105.0,14.0,1210.0,1.0
HOSP-1265,The Johns Hopkins Hospital,nephrology,2021-10-25,1,10.0,60.0,14.0,1150.0,1.0
HOSP-1265,The Johns Hopkins Hospital,psychiatry,2021-07-13,1,49.0,30.0,28.0,440.0,1.0
HOSP-1265,The Johns Hopkins Hospital,psychiatry,2024-06-21,1,16.0,90.0,2.0,800.0,1.0
HOSP-1266,The Johns Hopkins Hospital,rheumatology,,1,79.0,120.0,12.0,700.0,0.0
HOSP-1268,The Johns Hopkins Hospital,psychiatry,,1,84.0,60.0,7.0,670.0,1.0
HOSP-1268,The Johns Hopkins Hospital,urology or nephrology,,1,44.0,90.0,10.0,800.0,1.0
HOSP-1270,The Johns Hopkins Hospital,urology or nephrology,2021-10-16,1,84.0,120.0,23.0,910.0,1.0
HOSP-1271,The Johns Hopkins Hospital,neurology,,1,93.0,30.0,22.0,1460.0,0.0
HOSP-1272,The Johns Hopkins Hospital,gastroenterology,2023-09-17,1,31.0,15.0,17.0,1230.0,1.0
HOSP-1272,The Johns Hopkins Hospital,rheumatology,,1,6.0,45.0,11.0,290.0,0.0
HOSP-1273,The Johns Hopkins Hospital,pulmonology or allergy and immunology,2021-02-23,1,12.0,105.0,10.0,210.0,0.0
HOSP-1274,The Johns Hopkins Hospital,psychiatry,2024-03-23,1,62.0,15.0,14.0,1410.0,1.0
HOSP-1275,The Johns Hopkins Hospital,neurology,,1,67.0,60.0,24.0,640.0,0.0
HOSP-1276,The Johns Hopkins Hospital,urology or nephrology,,1,60.0,75.0,20.0,860.0,1.0
HOSP-1277,The Johns Hopkins Hospital,oncology,,1,55.0,15.0,27.0,1350.0,0.0
HOSP-1277,The Johns Hopkins Hospital,pulmonology,2021-08-30,1,53.0,120.0,21.0,130.0,1.0
HOSP-1278,The Johns Hopkins Hospital,hepatology,,1,24.0,60.0,6.0,370.0,1.0
HOSP-1280,The Johns Hopkins Hospital,nephrology,2022-11-25,1,58.0,30.0,29.0,730.0,0.0
HOSP-1280,The Johns Hopkins Hospital,psychiatry,2022-01-29,1,7.0,30.0,25.0,610.0,0.0
HOSP-1282,The Johns Hopkins Hospital,neurology,,1,19.0,75.0,7.0,190.0,1.0
HOSP-1283,The Johns Hopkins Hospital,allergy and immunology,2023-02-18,1,39.0,90.0,9.0,1560.0,1.0
HOSP-1284,The Johns Hopkins Hospital,pulmonology or infectious disease,2021-05-17,1,67.0,30.0,28.0,300.0,0.0
HOSP-1284,The Johns Hopkins Hospital,rheumatology,,1,3.0,105.0,30.0,1550.0,0.0
HOSP-1286,The Johns Hopkins Hospital,neurology,2024-01-20,1,20.0,15.0,16.0,1380.0,0.0
HOSP-1287,The Johns Hopkins Hospital,urology or nephrology,2024-05-24,1,10.0,105.0,25.0,940.0,0.0
HOSP-1288,The Johns Hopkins Hospital,neurology,,1,2.0,75.0,17.0,1390.0,0.0
HOSP-1290,The Johns Hopkins Hospital,psychiatry,,1,70.0,90.0,12.0,1350.0,0.0
HOSP-1292,The Johns Hopkins Hospital,hepatology,2022-03-15,1,73.0,60.0,23.0,300.0,0.0
HOSP-1292,The Johns Hopkins Hospital,pulmonology or allergy and immunology,2024-02-13,1,35.0,60.0,21.0,1050.0,0.0
HOSP-1297,The Johns Hopkins Hospital,gastroenterology,2024-03-30,1,35.0,120.0,15.0,680.0,1.0
HOSP-1297,The Johns Hopkins Hospital,neurology,2022-02-22,1,60.0,45.0,19.0,140.0,1.0
HOSP-1298,The Johns Hopkins Hospital,neurology,2022-07-31,1,49.0,75.0,5.0,220.0,0.0
HOSP-1299,The Johns Hopkins Hospital,gastroenterology,2023-05-17,1,89.0,120.0,2.0,450.0,1.0
HOSP-1299,The Johns Hopkins Hospital,psychiatry,2021-01-28,1,92.0,120.0,3.0,850.0,1.0
HOSP-1300,The Johns Hopkins Hospital,neurology,2021-07-31,1,56.0,45.0,25.0,1370.0,0.0
HOSP-1302,The Johns Hopkins Hospital,allergy and immunology,2020-12-17,1,7.0,15.0,21.0,810.0,0.0
HOSP-1302,The Johns Hopkins Hospital,hepatology or gastroenterology,2023-03-17,1,68.0,45.0,20.0,250.0,0.0
HOSP-1303,The Johns Hopkins Hospital,gastroenterology,2021-05-16,1,63.0,90.0,21.0,1110.0,1.0
HOSP-1303,The Johns Hopkins Hospital,infectious disease,2022-08-18,1,91.0,60.0,22.0,570.0,0.0
HOSP-1305,The Johns Hopkins Hospital,rheumatology,2022-10-14,1,56.0,75.0,25.0,1170.0,1.0
HOSP-1306,The Johns Hopkins Hospital,gastroenterology,2024-03-29,1,20.0,45.0,14.0,1570.0,1.0
HOSP-1306,The Johns Hopkins Hospital,hepatology or gastroenterology,2023-01-22,1,23.0,90.0,17.0,200.0,1.0
HOSP-1308,The Johns Hopkins Hospital,infectious disease or internal medicine,2022-04-14,1,29.0,90.0,21.0,1020.0,0.0
HOSP-1309,The Johns Hopkins Hospital,gastroenterology,2021-06-14,1,62.0,90.0,15.0,450.0,1.0
HOSP-1309,The Johns Hopkins Hospital,infectious disease,2023-11-19,1,37.0,15.0,5.0,730.0,1.0
HOSP-1309,The Johns Hopkins Hospital,neurology,2021-06-26,1,1.0,120.0,29.0,450.0,1.0
HOSP-1310,The Johns Hopkins Hospital,hepatology,2022-02-24,1,74.0,45.0,17.0,1040.0,1.0
HOSP-1310,The Johns Hopkins Hospital,hepatology or gastroenterology,,1,86.0,30.0,22.0,770.0,0.0
HOSP-1310,The Johns Hopkins Hospital,neurology,2020-10-24,1,80.0,45.0,19.0,370.0,1.0
HOSP-1311,The Johns Hopkins Hospital,rheumatology,2022-03-23,1,53.0,45.0,5.0,560.0,0.0
HOSP-1312,The Johns Hopkins Hospital,neurology,,1,88.0,105.0,27.0,690.0,0.0
HOSP-1313,The Johns Hopkins Hospital,gastroenterology,,1,13.0,75.0,4.0,240.0,0.0
HOSP-1314,The Johns Hopkins Hospital,neurology,,1,84.0,75.0,21.0,610.0,1.0
HOSP-1315,The Johns Hopkins Hospital,infectious disease,,1,67.0,90.0,26.0,1020.0,1.0
HOSP-1316,The Johns Hopkins Hospital,infectious disease or internal medicine,,1,67.0,120.0,5.0,1390.0,0.0
HOSP-1319,The Johns Hopkins Hospital,neurology,,1,20.0,120.0,29.0,330.0,1.0
HOSP-1320,The Johns Hopkins Hospital,hepatology or gastroenterology,,1,76.0,30.0,10.0,840.0,0.0
HOSP-1320,The Johns Hopkins Hospital,neurology,2022-07-18,1,52.0,75.0,18.0,970.0,1.0
HOSP-1321,The Johns Hopkins Hospital,gastroenterology,,1,43.0,30.0,9.0,230.0,1.0
HOSP-1321,The Johns Hopkins Hospital,hepatology,,1,11.0,120.0,22.0,910.0,0.0
HOSP-1321,The Johns Hopkins Hospital,neurology,2024-06-16,1,29.0,105.0,19.0,1320.0,0.0
HOSP-1322,The Johns Hopkins Hospital,neurology,2023-06-17,1,13.0,15.0,29.0,970.0,1.0
HOSP-1323,The Johns Hopkins Hospital,dermatology,,1,17.0,105.0,25.0,800.0,0.0
HOSP-1323,The Johns Hopkins Hospital,gastroenterology,2023-04-20,1,38.0,105.0,28.0,180.0,1.0
HOSP-1324,The Johns Hopkins Hospital,infectious disease or internal medicine,,1,6.0,45.0,10.0,1400.0,1.0
HOSP-1324,The Johns Hopkins Hospital,neurology,2024-05-30,1,21.0,30.0,6.0,1560.0,0.0
HOSP-1324,The Johns Hopkins Hospital,psychiatry,2021-05-24,1,86.0,60.0,5.0,1310.0,1.0
HOSP-1326,The Johns Hopkins Hospital,psychiatry,,1,76.0,60.0,24.0,1430.0,0.0
HOSP-1327,The Johns Hopkins Hospital,pulmonology or infectious disease,,1,2.0,105.0,28.0,930.0,0.0
HOSP-1328,The Johns Hopkins Hospital,cardiology,2020-11-27,1,52.0,75.0,29.0,640.0,1.0
HOSP-1329,The Johns Hopkins Hospital,pulmonology or allergy and immunology,2020-10-25,1,71.0,45.0,28.0,120.0,0.0
HOSP-1330,The Johns Hopkins Hospital,neurology,2021-09-14,1,9.0,45.0,28.0,740.0,0.0
HOSP-1331,The Johns Hopkins Hospital,allergy and immunology,,1,43.0,45.0,16.0,1120.0,1.0
HOSP-1332,The Johns Hopkins Hospital,pulmonology,2021-03-27,1,36.0,105.0,29.0,400.0,0.0
HOSP-1334,The Johns Hopkins Hospital,oncology,2022-04-17,1,32.0,30.0,5.0,590.0,0.0
HOSP-1335,The Johns Hopkins Hospital,infectious disease or internal medicine,,1,90.0,75.0,16.0,1440.0,1.0
HOSP-1336,The Johns Hopkins Hospital,neurology,2024-01-13,1,37.0,90.0,26.0,190.0,0.0
HOSP-1337,The Johns Hopkins Hospital,cardiology,2021-12-13,1,54.0,90.0,10.0,140.0,0.0
HOSP-1337,The Johns Hopkins Hospital,rheumatology,2023-04-23,1,32.0,30.0,18.0,1450.0,0.0
HOSP-1338,The Johns Hopkins Hospital,neurology,2022-04-21,1,85.0,45.0,16.0,780.0,1.0
HOSP-1338,The Johns Hopkins Hospital,rheumatology,2020-10-17,1,82.0,75.0,24.0,270.0,0.0
HOSP-1339,The Johns Hopkins Hospital,pulmonology or allergy and immunology,,1,89.0,90.0,18.0,620.0,1.0
HOSP-1340,The Johns Hopkins Hospital,neurology,2021-07-29,1,35.0,15.0,3.0,840.0,0.0
HOSP-1341,The Johns Hopkins Hospital,pulmonology,,1,66.0,90.0,24.0,430.0,0.0
HOSP-1342,The Johns Hopkins Hospital,oncology,2020-09-23,1,88.0,45.0,2.0,1250.0,0.0
HOSP-1344,The Johns Hopkins Hospital,gastroenterology,2021-02-23,1,59.0,15.0,29.0,860.0,1.0
HOSP-1344,The Johns Hopkins Hospital,rheumatology,2021-02-26,1,20.0,30.0,5.0,1340.0,0.0
HOSP-1345,The Johns Hopkins Hospital,cardiology or internal medicine,2024-04-20,1,22.0,45.0,30.0,1400.0,1.0
HOSP-1345,The Johns Hopkins Hospital,neurology,,1,56.0,30.0,20.0,840.0,0.0
HOSP-1346,The Johns Hopkins Hospital,infectious disease,,1,58.0,120.0,15.0,760.0,0.0
HOSP-1346,The Johns Hopkins Hospital,oncology,2021-05-15,1,10.0,45.0,21.0,670.0,1.0
HOSP-1346,The Johns Hopkins Hospital,pulmonology or allergy and immunology,,1,63.0,30.0,11.0,430.0,1.0
HOSP-1347,The Johns Hopkins Hospital,gastroenterology,,1,72.0,120.0,27.0,830.0,0.0
HOSP-1347,The Johns Hopkins Hospital,urology or nephrology,2023-07-22,1,23.0,90.0,20.0,1040.0,0.0
HOSP-1348,The Johns Hopkins Hospital,pulmonology or infectious disease,2020-12-24,1,25.0,45.0,26.0,300.0,0.0
HOSP-1350,The Johns Hopkins Hospital,hepatology,2024-07-20,1,60.0,30.0,27.0,920.0,1.0
HOSP-1350,The Johns Hopkins Hospital,nephrology,,1,49.0,60.0,26.0,820.0,1.0
HOSP-1350,The Johns Hopkins Hospital,psychiatry,2023-08-17,1,68.0,30.0,4.0,320.0,1.0
HOSP-1351,The Johns Hopkins Hospital,gastroenterology,2020-10-29,1,81.0,45.0,12.0,650.0,1.0
HOSP-1351,The Johns Hopkins Hospital,infectious disease or internal medicine,2023-05-21,1,19.0,105.0,3.0,960.0,0.0
HOSP-1352,The Johns Hopkins Hospital,infectious disease or internal medicine,2022-10-18,1,90.0,75.0,4.0,530.0,1.0
HOSP-1352,The Johns Hopkins Hospital,pulmonology or allergy and immunology,2020-10-16,1,41.0,75.0,27.0,1160.0,0.0
HOSP-1352,The Johns Hopkins Hospital,pulmonology or allergy and immunology,,1,27.0,45.0,6.0,450.0,0.0
HOSP-1353,The Johns Hopkins Hospital,dermatology,2020-10-14,1,69.0,15.0,7.0,1010.0,0.0
HOSP-1353,The Johns Hopkins Hospital,dermatology,,1,71.0,90.0,4.0,880.0,1.0
HOSP-1356,The Johns Hopkins Hospital,allergy and immunology,,1,83.0,30.0,11.0,1270.0,0.0
HOSP-1356,The Johns Hopkins Hospital,neurology,2020-07-26,1,83.0,15.0,3.0,520.0,0.0
HOSP-1356,The Johns Hopkins Hospital,neurology,2023-11-17,1,18.0,75.0,17.0,120.0,1.0
HOSP-1357,The Johns Hopkins Hospital,rheumatology,2022-06-23,1,1.0,105.0,18.0,1540.0,0.0
HOSP-1360,The Johns Hopkins Hospital,infectious disease or internal medicine,2022-05-27,1,76.0,90.0,29.0,820.0,1.0
HOSP-1361,The Johns Hopkins Hospital,cardiology or internal medicine,2023-06-14,1,25.0,75.0,11.0,210.0,0.0
HOSP-1362,The Johns Hopkins Hospital,nephrology,,1,28.0,120.0,14.0,470.0,0.0
HOSP-1363,The Johns Hopkins Hospital,cardiology or internal medicine,,1,62.0,90.0,18.0,1130.0,0.0
HOSP-1365,The Johns Hopkins Hospital,allergy and immunology,,1,58.0,60.0,22.0,710.0,0.0
HOSP-1366,The Johns Hopkins Hospital,rheumatology,2020-09-18,1,67.0,120.0,4.0,960.0,0.0
HOSP-1367,The Johns Hopkins Hospital,hepatology,2021-03-17,1,91.0,90.0,29.0,1120.0,1.0
HOSP-1367,The Johns Hopkins Hospital,hepatology or gastroenterology,,1,66.0,30.0,26.0,150.0,0.0
HOSP-1371,The Johns Hopkins Hospital,allergy and immunology,2022-10-21,1,57.0,105.0,30.0,290.0,0.0
HOSP-1371,The Johns Hopkins Hospital,urology or nephrology,,1,69.0,45.0,6.0,660.0,0.0
HOSP-1372,The Johns Hopkins Hospital,allergy and immunology,2021-10-23,1,52.0,105.0,5.0,110.0,0.0
HOSP-1372,The Johns Hopkins Hospital,allergy and immunology,2023-10-26,1,69.0,30.0,5.0,1310.0,1.0
HOSP-1374,The Johns Hopkins Hospital,gastroenterology,2022-10-27,1,7.0,30.0,7.0,1190.0,0.0
HOSP-1375,The Johns Hopkins Hospital,psychiatry,,1,1.0,60.0,30.0,110.0,1.0
HOSP-1376,The Johns Hopkins Hospital,gastroenterology,2022-04-15,1,17.0,90.0,15.0,970.0,1.0
HOSP-1376,The Johns Hopkins Hospital,neurology,,1,45.0,60.0,29.0,1040.0,0.0
HOSP-1377,The Johns Hopkins Hospital,nephrology,2021-06-15,1,19.0,90.0,14.0,1300.0,0.0
HOSP-1377,The Johns Hopkins Hospital,psychiatry,2023-08-16,1,39.0,15.0,8.0,1520.0,0.0
HOSP-1378,The Johns Hopkins Hospital,endocrinology,,1,85.0,105.0,26.0,1080.0,0.0
HOSP-1379,The Johns Hopkins Hospital,cardiology or internal medicine,2024-04-27,1,32.0,15.0,6.0,230.0,1.0
HOSP-1379,The Johns Hopkins Hospital,infectious disease or internal medicine,2021-03-18,1,89.0,45.0,16.0,540.0,1.0
HOSP-1379,The Johns Hopkins Hospital,neurology,2023-03-22,1,93.0,90.0,4.0,790.0,0.0
HOSP-1382,The Johns Hopkins Hospital,hepatology,2020-12-20,1,16.0,90.0,7.0,940.0,1.0
HOSP-1382,The Johns Hopkins Hospital,pulmonology or allergy and immunology,2022-10-14,1,90.0,60.0,26.0,540.0,0.0
HOSP-1383,The Johns Hopkins Hospital,infectious disease or internal medicine,,1,55.0,75.0,1.0,1190.0,1.0
HOSP-1384,The Johns Hopkins Hospital,infectious disease,,1,57.0,90.0,1.0,180.0,0.0
HOSP-1385,The Johns Hopkins Hospital,gastroenterology,2024-06-26,1,63.0,120.0,25.0,620.0,1.0
HOSP-1385,The Johns Hopkins Hospital,urology or nephrology,2020-12-13,1,86.0,90.0,8.0,690.0,1.0
HOSP-1386,The Johns Hopkins Hospital,neurology,,1,76.0,15.0,15.0,1360.0,0.0
HOSP-1386,The Johns Hopkins Hospital,psychiatry,,1,76.0,60.0,20.0,1120.0,1.0
HOSP-1387,The Johns Hopkins Hospital,psychiatry,2021-12-30,1,29.0,30.0,17.0,800.0,0.0
HOSP-1388,The Johns Hopkins Hospital,allergy and immunology,2020-07-30,1,85.0,120.0,26.0,1570.0,1.0
HOSP-1389,The Johns Hopkins Hospital,hepatology,2022-02-18,1,52.0,90.0,1.0,670.0,0.0
HOSP-1391,The Johns Hopkins Hospital,allergy and immunology,2022-04-28,1,29.0,120.0,4.0,990.0,0.0
HOSP-1391,The Johns Hopkins Hospital,allergy and immunology,,1,46.0,15.0,4.0,200.0,0.0
HOSP-1393,The Johns Hopkins Hospital,neurology,,1,86.0,45.0,20.0,750.0,1.0
HOSP-1394,The Johns Hopkins Hospital,nephrology,2022-04-29,1,68.0,15.0,9.0,180.0,0.0
HOSP-1395,The Johns Hopkins Hospital,nephrology,,1,31.0,105.0,24.0,600.0,0.0
HOSP-1395,The Johns Hopkins Hospital,neurology,2020-12-14,1,39.0,120.0,13.0,1080.0,0.0
HOSP-1395,The Johns Hopkins Hospital,neurology,2023-10-26,1,44.0,105.0,24.0,370.0,0.0
HOSP-1396,The Johns Hopkins Hospital,allergy and immunology,2021-08-19,1,63.0,45.0,20.0,810.0,1.0
HOSP-1396,The Johns Hopkins Hospital,cardiology,,1,75.0,90.0,6.0,420.0,1.0
HOSP-1396,The Johns Hopkins Hospital,neurology,,1,5.0,30.0,14.0,800.0,1.0
HOSP-1397,The Johns Hopkins Hospital,infectious disease,2023-12-27,1,23.0,30.0,29.0,1330.0,0.0
HOSP-1398,The Johns Hopkins Hospital,neurology,,1,73.0,120.0,29.0,1450.0,1.0
HOSP-1399,The Johns Hopkins Hospital,infectious disease or internal medicine,2023-09-26,1,25.0,75.0,7.0,780.0,0.0
HOSP-1400,The Johns Hopkins Hospital,gastroenterology,,1,54.0,105.0,20.0,1470.0,1.0
HOSP-1402,The Johns Hopkins Hospital,neurology,,1,41.0,120.0,8.0,1170.0,0.0
HOSP-1402,The Johns Hopkins Hospital,rheumatology,2023-07-13,1,34.0,45.0,7.0,1190.0,0.0
HOSP-1402,The Johns Hopkins Hospital,rheumatology,,1,4.0,90.0,29.0,160.0,0.0
HOSP-1403,The Johns Hopkins Hospital,psychiatry,2023-10-18,1,17.0,75.0,2.0,880.0,0.0
HOSP-1404,The Johns Hopkins Hospital,allergy and immunology,,1,26.0,30.0,30.0,310.0,0.0
HOSP-1405,The Johns Hopkins Hospital,neurology,2022-09-14,1,36.0,60.0,17.0,1300.0,0.0
HOSP-1406,The Johns Hopkins Hospital,pulmonology,2022-10-18,1,72.0,60.0,12.0,1380.0,0.0
HOSP-1407,The Johns Hopkins Hospital,hepatology,,1,30.0,15.0,27.0,1280.0,0.0
HOSP-1408,The Johns Hopkins Hospital,cardiology,2021-10-25,1,41.0,120.0,18.0,650.0,0.0
HOSP-1408,The Johns Hopkins Hospital,infectious disease or internal medicine,2023-07-20,1,65.0,90.0,16.0,1070.0,0.0
HOSP-1408,The Johns Hopkins Hospital,infectious disease or internal medicine,2024-02-25,1,87.0,105.0,9.0,230.0,0.0
HOSP-1408,The Johns Hopkins Hospital,neurology,2020-08-15,1,26.0,120.0,30.0,1020.0,0.0
HOSP-1408,The Johns Hopkins Hospital,urology or nephrology,2022-09-25,1,58.0,75.0,14.0,520.0,0.0
HOSP-1410,The Johns Hopkins Hospital,infectious disease or internal medicine,2022-07-18,1,17.0,15.0,8.0,980.0,0.0
HOSP-1410,The Johns Hopkins Hospital,rheumatology,,1,45.0,45.0,15.0,990.0,0.0
HOSP-1411,The Johns Hopkins Hospital,neurology,,1,17.0,90.0,20.0,920.0,0.0
HOSP-1415,The Johns Hopkins Hospital,urology or nephrology,,1,35.0,75.0,30.0,160.0,0.0
HOSP-1416,The Johns Hopkins Hospital,gastroenterology,,1,47.0,120.0,7.0,1390.0,0.0
HOSP-1417,The Johns Hopkins Hospital,neurology,,1,20.0,45.0,4.0,1430.0,0.0
HOSP-1419,The Johns Hopkins Hospital,gastroenterology,2021-05-24,1,37.0,90.0,6.0,610.0,0.0
HOSP-1420,The Johns Hopkins Hospital,neurology,,1,23.0,120.0,1.0,1450.0,0.0
HOSP-1421,The Johns Hopkins Hospital,infectious disease or internal medicine,,1,0.0,60.0,3.0,1160.0,0.0
HOSP-1423,The Johns Hopkins Hospital,cardiology,2022-09-29,1,6.0,30.0,22.0,510.0,1.0
HOSP-1425,The Johns Hopkins Hospital,hepatology,,1,5.0,120.0,19.0,1400.0,1.0
HOSP-1425,The Johns Hopkins Hospital,neurology,2020-09-18,1,47.0,90.0,16.0,940.0,1.0
HOSP-1427,The Johns Hopkins Hospital,allergy and immunology,,1,44.0,60.0,14.0,530.0,0.0
HOSP-1427,The Johns Hopkins Hospital,gastroenterology,2023-09-21,1,42.0,90.0,16.0,1020.0,1.0
HOSP-1427,The Johns Hopkins Hospital,psychiatry,2022-07-18,1,69.0,90.0,10.0,1600.0,1.0
HOSP-1428,The Johns Hopkins Hospital,gastroenterology,2023-01-19,1,25.0,60.0,25.0,130.0,0.0
HOSP-1428,The Johns Hopkins Hospital,rheumatology,,1,70.0,75.0,18.0,1580.0,0.0
HOSP-1429,The Johns Hopkins Hospital,oncology,2023-08-26,1,39.0,75.0,22.0,1240.0,0.0
HOSP-1429,The Johns Hopkins Hospital,pulmonology or infectious disease,,1,33.0,75.0,12.0,990.0,1.0
HOSP-1429,The Johns Hopkins Hospital,rheumatology,,1,78.0,120.0,16.0,1130.0,0.0
HOSP-1431,The Johns Hopkins Hospital,gastroenterology,2021-07-18,1,48.0,105.0,10.0,410.0,0.0
HOSP-1431,The Johns Hopkins Hospital,infectious disease or internal medicine,2022-04-15,1,61.0,15.0,19.0,560.0,1.0
HOSP-1432,The Johns Hopkins Hospital,pulmonology or allergy and immunology,2023-09-25,1,68.0,30.0,28.0,460.0,1.0
HOSP-1434,The Johns Hopkins Hospital,nephrology,,1,63.0,90.0,29.0,240.0,0.0
HOSP-1435,The Johns Hopkins Hospital,rheumatology,,1,30.0,120.0,27.0,1130.0,0.0
HOSP-1436,The Johns Hopkins Hospital,pulmonology,2022-03-31,1,85.0,105.0,5.0,470.0,0.0
HOSP-1436,The Johns Hopkins Hospital,pulmonology or infectious disease,,1,22.0,105.0,1.0,140.0,1.0
HOSP-1437,The Johns Hopkins Hospital,endocrinology,,1,76.0,45.0,16.0,1080.0,1.0
HOSP-1437,The Johns Hopkins Hospital,neurology,,1,27.0,15.0,15.0,1250.0,0.0
HOSP-1438,The Johns Hopkins Hospital,dermatology,2021-04-18,1,4.0,45.0,28.0,1420.0,0.0
HOSP-1438,The Johns Hopkins Hospital,neurology,,1,34.0,90.0,4.0,810.0,0.0
HOSP-1440,The Johns Hopkins Hospital,infectious disease,,1,0.0,30.0,15.0,780.0,1.0
HOSP-1441,The Johns Hopkins Hospital,gastroenterology,,1,95.0,15.0,19.0,720.0,0.0
HOSP-1444,The Johns Hopkins Hospital,allergy and immunology,2023-11-24,1,56.0,105.0,14.0,1220.0,0.0
HOSP-1444,The Johns Hopkins Hospital,neurology,,1,0.0,75.0,5.0,210.0,0.0
HOSP-1444,The Johns Hopkins Hospital,pulmonology or infectious disease,2024-03-22,1,71.0,60.0,16.0,250.0,1.0
HOSP-1446,The Johns Hopkins Hospital,endocrinology,2023-09-13,1,29.0,60.0,8.0,390.0,1.0
HOSP-1447,The Johns Hopkins Hospital,allergy and immunology,2023-02-13,1,79.0,90.0,11.0,1290.0,0.0
HOSP-1447,The Johns Hopkins Hospital,gastroenterology,2021-07-29,1,72.0,45.0,25.0,1540.0,1.0
HOSP-1447,The Johns Hopkins Hospital,gastroenterology,,1,48.0,15.0,25.0,1060.0,0.0
HOSP-1447,The Johns Hopkins Hospital,pulmonology,2021-08-23,1,6.0,75.0,9.0,1030.0,1.0
HOSP-1448,The Johns Hopkins Hospital,hepatology or gastroenterology,2022-03-25,1,60.0,60.0,5.0,810.0,1.0
HOSP-1449,The Johns Hopkins Hospital,neurology,2022-02-19,1,4.0,15.0,20.0,440.0,0.0
HOSP-1450,The Johns Hopkins Hospital,allergy and immunology,2022-01-14,1,43.0,60.0,12.0,760.0,1.0
HOSP-1450,The Johns Hopkins Hospital,dermatology,,1,21.0,105.0,21.0,660.0,1.0
HOSP-1450,The Johns Hopkins Hospital,infectious disease,2024-02-15,1,19.0,30.0,25.0,740.0,1.0
HOSP-1450,The Johns Hopkins Hospital,neurology,2022-12-17,1,92.0,90.0,9.0,840.0,0.0
HOSP-1452,The Johns Hopkins Hospital,neurology,,1,24.0,30.0,18.0,1030.0,1.0
HOSP-1452,The Johns Hopkins Hospital,urology or nephrology,2022-06-19,1,41.0,15.0,5.0,1160.0,1.0
HOSP-1453,The Johns Hopkins Hospital,oncology,,1,60.0,60.0,7.0,1250.0,0.0
HOSP-1455,The Johns Hopkins Hospital,hepatology,2021-06-23,1,39.0,120.0,6.0,770.0,0.0
HOSP-1455,The Johns Hopkins Hospital,oncology,,1,3.0,90.0,10.0,1220.0,0.0
HOSP-1456,The Johns Hopkins Hospital,cardiology,,1,59.0,105.0,27.0,780.0,0.0
HOSP-1457,The Johns Hopkins Hospital,gastroenterology,2024-04-24,1,45.0,15.0,1.0,290.0,1.0
HOSP-1460,The Johns Hopkins Hospital,neurology,2022-08-27,1,58.0,120.0,8.0,610.0,0.0
HOSP-1462,The Johns Hopkins Hospital,pulmonology or infectious disease,2024-06-19,1,11.0,30.0,25.0,1230.0,1.0
HOSP-1463,The Johns Hopkins Hospital,dermatology,,1,29.0,30.0,8.0,1100.0,1.0
HOSP-1464,The Johns Hopkins Hospital,neurology,2024-03-16,1,9.0,15.0,17.0,140.0,0.0
HOSP-1468,The Johns Hopkins Hospital,gastroenterology,2021-11-30,1,71.0,15.0,16.0,370.0,0.0
HOSP-1470,The Johns Hopkins Hospital,nephrology,2022-04-23,1,41.0,90.0,5.0,1160.0,1.0
HOSP-1471,The Johns Hopkins Hospital,nephrology,2022-01-27,1,48.0,105.0,30.0,1270.0,0.0
HOSP-1473,The Johns Hopkins Hospital,allergy and immunology,,1,94.0,90.0,4.0,860.0,1.0
HOSP-1474,The Johns Hopkins Hospital,neurology,2022-03-28,1,95.0,75.0,30.0,1470.0,1.0
HOSP-1474,The Johns Hopkins Hospital,psychiatry,,1,71.0,120.0,19.0,1090.0,0.0
HOSP-1475,The Johns Hopkins Hospital,infectious disease,2021-10-13,1,21.0,120.0,29.0,800.0,0.0
HOSP-1475,The Johns Hopkins Hospital,neurology,2023-05-23,1,14.0,60.0,30.0,140.0,1.0
HOSP-1476,The Johns Hopkins Hospital,urology or nephrology,,1,40.0,105.0,3.0,1170.0,0.0
HOSP-1478,The Johns Hopkins Hospital,urology or nephrology,,1,34.0,120.0,6.0,1150.0,1.0
HOSP-1479,The Johns Hopkins Hospital,pulmonology or allergy and immunology,,1,24.0,60.0,16.0,290.0,1.0
HOSP-1480,The Johns Hopkins Hospital,cardiology,,1,35.0,30.0,19.0,1480.0,1.0
HOSP-1480,The Johns Hopkins Hospital,cardiology or internal medicine,2023-05-28,1,34.0,45.0,29.0,280.0,0.0
HOSP-1480,The Johns Hopkins Hospital,pulmonology,2022-10-24,1,14.0,60.0,17.0,640.0,1.0
HOSP-1480,The Johns Hopkins Hospital,rheumatology,,1,35.0,120.0,4.0,990.0,1.0
HOSP-1481,The Johns Hopkins Hospital,gastroenterology,,1,48.0,120.0,3.0,570.0,0.0
HOSP-1481,The Johns Hopkins Hospital,neurology,,1,69.0,15.0,21.0,300.0,1.0
HOSP-1482,The Johns Hopkins Hospital,gastroenterology,,1,66.0,60.0,2.0,1520.0,0.0
HOSP-1482,The Johns Hopkins Hospital,neurology,2024-01-15,1,12.0,90.0,30.0,1220.0,1.0
HOSP-1483,The Johns Hopkins Hospital,dermatology,2024-03-24,1,83.0,75.0,13.0,720.0,0.0
HOSP-1483,The Johns Hopkins Hospital,infectious disease or internal medicine,2023-10-26,1,71.0,120.0,8.0,300.0,1.0
HOSP-1486,The Johns Hopkins Hospital,pulmonology or infectious disease,,1,92.0,105.0,19.0,1490.0,0.0
HOSP-1487,The Johns Hopkins Hospital,psychiatry,2022-04-16,1,73.0,105.0,10.0,1320.0,1.0
HOSP-1489,The Johns Hopkins Hospital,psychiatry,2022-12-24,1,71.0,15.0,17.0,1260.0,0.0
HOSP-1489,The Johns Hopkins Hospital,pulmonology or allergy and immunology,2022-10-28,1,17.0,15.0,27.0,650.0,0.0
HOSP-1490,The Johns Hopkins Hospital,infectious disease,,1,89.0,45.0,14.0,1070.0,0.0
HOSP-1491,The Johns Hopkins Hospital,cardiology,2020-12-31,1,22.0,60.0,24.0,1440.0,1.0
HOSP-1491,The Johns Hopkins Hospital,hepatology or gastroenterology,,1,26.0,30.0,26.0,530.0,0.0
HOSP-1492,The Johns Hopkins Hospital,cardiology or internal medicine,,1,55.0,60.0,22.0,500.0,1.0
HOSP-1492,The Johns Hopkins Hospital,pulmonology or infectious disease,2022-10-23,1,80.0,30.0,8.0,570.0,0.0
HOSP-1493,The Johns Hopkins Hospital,urology or nephrology,2020-12-20,1,31.0,30.0,27.0,220.0,0.0
HOSP-1494,The Johns Hopkins Hospital,cardiology,,1,42.0,30.0,11.0,1290.0,0.0
HOSP-1494,The Johns Hopkins Hospital,gastroenterology,,1,27.0,15.0,18.0,900.0,1.0
HOSP-1495,The Johns Hopkins Hospital,rheumatology,2022-09-14,1,0.0,45.0,26.0,1550.0,0.0
HOSP-1495,The Johns Hopkins Hospital,rheumatology,2022-11-13,1,21.0,90.0,11.0,480.0,0.0
HOSP-1495,The Johns Hopkins Hospital,rheumatology,,1,40.0,45.0,22.0,1240.0,0.0
HOSP-1496,The Johns Hopkins Hospital,hepatology,2021-10-31,1,94.0,105.0,15.0,550.0,0.0
HOSP-1497,The Johns Hopkins Hospital,infectious disease or internal medicine,2021-12-16,1,95.0,30.0,6.0,500.0,1.0
HOSP-1497,The Johns Hopkins Hospital,infectious disease or internal medicine,2024-03-31,1,60.0,45.0,29.0,100.0,1.0
HOSP-1497,The Johns Hopkins Hospital,infectious disease or internal medicine,,1,46.0,105.0,8.0,660.0,0.0
HOSP-1498,The Johns Hopkins Hospital,allergy and immunology,,1,28.0,75.0,11.0,1330.0,0.0
HOSP-1498,The Johns Hopkins Hospital,neurology,2021-03-17,1,59.0,60.0,18.0,690.0,0.0
HOSP-1498,The Johns Hopkins Hospital,neurology,2021-09-27,1,79.0,30.0,25.0,1070.0,0.0
HOSP-1498,The Johns Hopkins Hospital,neurology,2022-04-28,1,40.0,105.0,15.0,1000.0,1.0
HOSP-1499,The Johns Hopkins Hospital,neurology,2024-03-26,1,72.0,120.0,20.0,260.0,1.0
HOSP-1500,The Johns Hopkins Hospital,psychiatry,2024-05-18,1,91.0,120.0,13.0,160.0,0.0
HOSP-1500,The Johns Hopkins Hospital,urology or nephrology,2021-12-21,1,82.0,75.0,24.0,1010.0,0.0
HOSP-1501,The Johns Hopkins Hospital,nephrology,2022-11-28,1,50.0,75.0,26.0,460.0,0.0
HOSP-1502,The Johns Hopkins Hospital,cardiology,,1,82.0,15.0,13.0,1010.0,1.0
HOSP-1502,The Johns Hopkins Hospital,gastroenterology,,1,2.0,15.0,3.0,1400.0,1.0
HOSP-1502,The Johns Hopkins Hospital,infectious disease or internal medicine,2022-04-15,1,36.0,105.0,9.0,1050.0,1.0
HOSP-1502,The Johns Hopkins Hospital,rheumatology,,1,61.0,30.0,9.0,1020.0,1.0
HOSP-1503,The Johns Hopkins Hospital,infectious disease or internal medicine,2021-07-13,1,58.0,15.0,26.0,1130.0,1.0
HOSP-1506,The Johns Hopkins Hospital,nephrology,2021-11-15,1,74.0,45.0,27.0,410.0,1.0
HOSP-1506,The Johns Hopkins Hospital,neurology,2021-05-18,1,11.0,60.0,1.0,700.0,1.0
HOSP-1506,The Johns Hopkins Hospital,rheumatology,2022-05-30,1,73.0,15.0,15.0,550.0,1.0
HOSP-1509,The Johns Hopkins Hospital,allergy and immunology,2024-03-25,1,90.0,15.0,26.0,840.0,0.0
HOSP-1509,The Johns Hopkins Hospital,endocrinology,,1,17.0,75.0,24.0,280.0,0.0
HOSP-1509,The Johns Hopkins Hospital,infectious disease or internal medicine,2021-03-13,1,36.0,120.0,2.0,1440.0,1.0
HOSP-1510,The Johns Hopkins Hospital,infectious disease or internal medicine,2022-06-22,1,70.0,90.0,27.0,250.0,1.0
HOSP-1511,The Johns Hopkins Hospital,neurology,,1,65.0,90.0,22.0,1370.0,1.0
HOSP-1514,The Johns Hopkins Hospital,allergy and immunology,2023-03-31,1,20.0,30.0,27.0,1420.0,0.0
HOSP-1515,The Johns Hopkins Hospital,dermatology,2021-03-17,1,11.0,120.0,1.0,1180.0,0.0
HOSP-1516,The Johns Hopkins Hospital,neurology,2021-03-30,1,59.0,120.0,11.0,970.0,0.0
HOSP-1516,The Johns Hopkins Hospital,rheumatology,2022-03-20,1,52.0,105.0,17.0,1420.0,1.0
HOSP-1517,The Johns Hopkins Hospital,hepatology,,1,2.0,90.0,20.0,1130.0,1.0
HOSP-1518,The Johns Hopkins Hospital,cardiology or internal medicine,2024-05-31,1,34.0,105.0,12.0,1200.0,1.0
HOSP-1518,The Johns Hopkins Hospital,pulmonology or allergy and immunology,2022-07-25,1,24.0,75.0,3.0,870.0,1.0
HOSP-1520,The Johns Hopkins Hospital,psychiatry,2021-05-29,1,7.0,90.0,3.0,870.0,0.0
HOSP-1521,The Johns Hopkins Hospital,cardiology or internal medicine,,1,6.0,45.0,6.0,850.0,1.0
HOSP-1521,The Johns Hopkins Hospital,gastroenterology,2022-01-23,1,90.0,60.0,1.0,430.0,1.0
HOSP-1522,The Johns Hopkins Hospital,infectious disease,,1,79.0,15.0,24.0,840.0,0.0
HOSP-1522,The Johns Hopkins Hospital,nephrology,,1,92.0,75.0,3.0,470.0,1.0
HOSP-1522,The Johns Hopkins Hospital,pulmonology,2020-12-21,1,45.0,30.0,20.0,590.0,0.0
HOSP-1523,The Johns Hopkins Hospital,pulmonology or allergy and immunology,2022-12-22,1,86.0,75.0,20.0,1590.0,1.0
HOSP-1524,The Johns Hopkins Hospital,endocrinology,,1,5.0,105.0,29.0,1500.0,1.0
HOSP-1525,The Johns Hopkins Hospital,pulmonology or infectious disease,,1,69.0,45.0,12.0,1490.0,1.0
HOSP-1526,The Johns Hopkins Hospital,psychiatry,2024-05-16,1,72.0,75.0,2.0,1530.0,1.0
HOSP-1527,The Johns Hopkins Hospital,rheumatology,,1,61.0,45.0,25.0,930.0,1.0
HOSP-1528,The Johns Hopkins Hospital,infectious disease or internal medicine,2023-09-16,1,5.0,120.0,25.0,1230.0,1.0
HOSP-1528,The Johns Hopkins Hospital,neurology,2023-10-25,1,39.0,30.0,4.0,490.0,0.0
HOSP-1529,The Johns Hopkins Hospital,hepatology or gastroenterology,2023-12-30,1,44.0,15.0,27.0,1510.0,0.0
HOSP-1529,The Johns Hopkins Hospital,neurology,,1,6.0,120.0,28.0,330.0,0.0
HOSP-1530,The Johns Hopkins Hospital,dermatology,,1,70.0,90.0,27.0,840.0,0.0
HOSP-1530,The Johns Hopkins Hospital,neurology,2021-09-25,1,5.0,60.0,16.0,580.0,0.0
HOSP-1531,The Johns Hopkins Hospital,cardiology,,1,71.0,30.0,17.0,1140.0,0.0
HOSP-1531,The Johns Hopkins Hospital,oncology,2021-05-22,1,82.0,90.0,14.0,1090.0,0.0
HOSP-1531,The Johns Hopkins Hospital,rheumatology,,1,59.0,15.0,14.0,830.0,0.0
HOSP-1532,The Johns Hopkins Hospital,neurology,,1,15.0,45.0,24.0,1140.0,1.0
HOSP-1533,The Johns Hopkins Hospital,infectious disease or internal medicine,,1,30.0,60.0,16.0,1280.0,0.0
HOSP-1533,The Johns Hopkins Hospital,neurology,2024-02-23,1,45.0,120.0,2.0,260.0,0.0
HOSP-1533,The Johns Hopkins Hospital,psychiatry,,1,83.0,120.0,20.0,560.0,0.0
HOSP-1534,The Johns Hopkins Hospital,endocrinology,2023-04-16,1,25.0,75.0,16.0,1350.0,0.0
HOSP-1536,The Johns Hopkins Hospital,neurology,2020-12-28,1,15.0,120.0,4.0,130.0,1.0
HOSP-1538,The Johns Hopkins Hospital,endocrinology,2023-09-16,1,92.0,105.0,26.0,600.0,1.0
HOSP-1538,The Johns Hopkins Hospital,pulmonology or allergy and immunology,2024-03-30,1,71.0,90.0,10.0,160.0,0.0
HOSP-1538,The Johns Hopkins Hospital,rheumatology,,1,28.0,120.0,3.0,1540.0,0.0
HOSP-1541,The Johns Hopkins Hospital,cardiology,2022-07-21,1,4.0,15.0,13.0,350.0,1.0
HOSP-1542,The Johns Hopkins Hospital,hepatology or gastroenterology,2021-07-24,1,95.0,15.0,3.0,1280.0,1.0
HOSP-1543,The Johns Hopkins Hospital,gastroenterology,2020-07-29,1,78.0,105.0,2.0,1150.0,0.0
HOSP-1543,The Johns Hopkins Hospital,nephrology,2022-01-31,1,47.0,15.0,3.0,170.0,0.0
HOSP-1543,The Johns Hopkins Hospital,rheumatology,,1,61.0,120.0,2.0,260.0,0.0
HOSP-1545,The Johns Hopkins Hospital,psychiatry,,1,69.0,75.0,20.0,860.0,1.0
HOSP-1548,The Johns Hopkins Hospital,neurology,,1,58.0,15.0,1.0,1390.0,1.0
HOSP-1549,The Johns Hopkins Hospital,gastroenterology,,1,52.0,15.0,22.0,530.0,0.0
HOSP-1549,The Johns Hopkins Hospital,pulmonology or allergy and immunology,,1,56.0,75.0,3.0,620.0,1.0
HOSP-1551,The Johns Hopkins Hospital,urology or nephrology,2020-10-15,1,40.0,90.0,10.0,1220.0,1.0
HOSP-1552,The Johns Hopkins Hospital,neurology,2023-03-17,1,58.0,45.0,6.0,450.0,0.0
HOSP-1553,The Johns Hopkins Hospital,endocrinology,,1,71.0,15.0,17.0,700.0,0.0
HOSP-1553,The Johns Hopkins Hospital,gastroenterology,2021-12-27,1,55.0,30.0,5.0,480.0,0.0
HOSP-1554,The Johns Hopkins Hospital,pulmonology or infectious disease,,1,65.0,45.0,17.0,820.0,0.0
HOSP-1555,The Johns Hopkins Hospital,neurology,2023-02-21,1,78.0,45.0,22.0,290.0,1.0
HOSP-1556,The Johns Hopkins Hospital,pulmonology or allergy and immunology,,1,8.0,45.0,21.0,890.0,1.0
HOSP-1557,The Johns Hopkins Hospital,pulmonology,,1,16.0,105.0,18.0,1260.0,1.0
HOSP-1558,The Johns Hopkins Hospital,infectious disease or internal medicine,2020-09-28,1,7.0,15.0,14.0,1320.0,0.0
HOSP-1558,The Johns Hopkins Hospital,psychiatry,2023-07-17,1,75.0,60.0,15.0,1400.0,0.0
HOSP-1559,The Johns Hopkins Hospital,cardiology or internal medicine,2023-04-23,1,6.0,45.0,24.0,490.0,1.0
HOSP-1561,The Johns Hopkins Hospital,allergy and immunology,2021-08-14,1,27.0,105.0,4.0,1570.0,1.0
HOSP-1564,The Johns Hopkins Hospital,neurology,2024-02-28,1,44.0,45.0,12.0,1390.0,1.0
HOSP-1565,The Johns Hopkins Hospital,gastroenterology,,1,34.0,105.0,27.0,430.0,0.0
HOSP-1566,The Johns Hopkins Hospital,rheumatology,,1,62.0,15.0,22.0,1520.0,0.0
HOSP-1567,The Johns Hopkins Hospital,neurology,2022-06-23,1,4.0,120.0,6.0,1240.0,0.0
HOSP-1568,The Johns Hopkins Hospital,neurology,2022-05-23,1,40.0,15.0,20.0,1580.0,0.0
HOSP-1570,The Johns Hopkins Hospital,cardiology,2023-08-20,1,39.0,45.0,20.0,1270.0,1.0
HOSP-1570,The Johns Hopkins Hospital,rheumatology,,1,11.0,60.0,12.0,380.0,1.0
HOSP-1571,The Johns Hopkins Hospital,neurology,,1,43.0,105.0,7.0,400.0,0.0
HOSP-1572,The Johns Hopkins Hospital,hepatology or gastroenterology,,1,40.0,75.0,7.0,1050.0,0.0
HOSP-1573,The Johns Hopkins Hospital,gastroenterology,2024-06-20,1,26.0,75.0,30.0,1020.0,0.0
HOSP-1573,The Johns Hopkins Hospital,neurology,2021-07-19,1,64.0,60.0,8.0,800.0,1.0
HOSP-1574,The Johns Hopkins Hospital,neurology,2023-04-23,1,9.0,120.0,27.0,1470.0,0.0
HOSP-1574,The Johns Hopkins Hospital,psychiatry,2023-01-22,1,2.0,30.0,23.0,1430.0,1.0
HOSP-1574,The Johns Hopkins Hospital,pulmonology,,1,22.0,75.0,4.0,1380.0,0.0
HOSP-1575,The Johns Hopkins Hospital,allergy and immunology,,1,75.0,60.0,17.0,1310.0,0.0
HOSP-1577,The Johns Hopkins Hospital,gastroenterology,,1,72.0,75.0,14.0,1090.0,1.0
HOSP-1577,The Johns Hopkins Hospital,neurology,,1,64.0,90.0,10.0,400.0,1.0
HOSP-1582,The Johns Hopkins Hospital,gastroenterology,,1,65.0,105.0,29.0,1330.0,1.0
HOSP-1582,The Johns Hopkins Hospital,pulmonology or allergy and immunology,,1,26.0,120.0,28.0,790.0,1.0
HOSP-1585,The Johns Hopkins Hospital,gastroenterology,2021-08-15,1,88.0,75.0,1.0,480.0,0.0
HOSP-1585,The Johns Hopkins Hospital,neurology,2023-10-23,1,72.0,15.0,6.0,1200.0,0.0
HOSP-1585,The Johns Hopkins Hospital,pulmonology or allergy and immunology,2023-08-22,1,72.0,105.0,20.0,730.0,1.0
HOSP-1586,The Johns Hopkins Hospital,dermatology,2022-04-27,1,73.0,45.0,3.0,1590.0,1.0
HOSP-1588,The Johns Hopkins Hospital,dermatology,,1,63.0,60.0,22.0,1300.0,1.0
HOSP-1588,The Johns Hopkins Hospital,psychiatry,,1,46.0,105.0,7.0,450.0,0.0
HOSP-1590,The Johns Hopkins Hospital,hepatology,2021-01-21,1,46.0,105.0,19.0,230.0,1.0
HOSP-1590,The Johns Hopkins Hospital,hepatology or gastroenterology,2020-07-26,1,12.0,60.0,18.0,650.0,0.0
HOSP-1590,The Johns Hopkins Hospital,infectious disease or internal medicine,,1,23.0,75.0,9.0,1110.0,0.0
HOSP-1592,The Johns Hopkins Hospital,hepatology,,1,16.0,45.0,25.0,1380.0,1.0
HOSP-1592,The Johns Hopkins Hospital,infectious disease,2024-01-13,1,32.0,30.0,14.0,1060.0,1.0
HOSP-1593,The Johns Hopkins Hospital,neurology,,1,23.0,15.0,16.0,180.0,0.0
HOSP-1593,The Johns Hopkins Hospital,rheumatology,2024-07-15,1,90.0,120.0,10.0,720.0,0.0
HOSP-1594,The Johns Hopkins Hospital,gastroenterology,2021-01-18,1,92.0,30.0,28.0,700.0,0.0
HOSP-1594,The Johns Hopkins Hospital,hepatology or gastroenterology,2023-05-25,1,71.0,15.0,7.0,1110.0,1.0
HOSP-1594,The Johns Hopkins Hospital,oncology,2023-04-18,1,12.0,15.0,4.0,270.0,1.0
HOSP-1594,The Johns Hopkins Hospital,urology or nephrology,,1,26.0,105.0,20.0,870.0,1.0
HOSP-1595,The Johns Hopkins Hospital,cardiology or internal medicine,2023-10-17,1,85.0,30.0,19.0,1210.0,0.0
HOSP-1596,The Johns Hopkins Hospital,allergy and immunology,2023-03-25,1,8.0,120.0,18.0,1080.0,1.0
HOSP-1597,The Johns Hopkins Hospital,hepatology,2022-06-27,1,0.0,30.0,20.0,540.0,1.0
HOSP-1600,The Johns Hopkins Hospital,neurology,,1,47.0,45.0,14.0,1180.0,0.0
HOSP-1600,The Johns Hopkins Hospital,rheumatology,,1,80.0,45.0,25.0,320.0,1.0
HOSP-1601,The Johns Hopkins Hospital,cardiology or internal medicine,2023-01-20,1,88.0,15.0,25.0,490.0,1.0
HOSP-1603,The Johns Hopkins Hospital,infectious disease,2021-04-21,1,57.0,15.0,10.0,840.0,1.0
HOSP-1606,The Johns Hopkins Hospital,pulmonology or infectious disease,,1,24.0,90.0,3.0,1580.0,1.0
HOSP-1607,The Johns Hopkins Hospital,infectious disease or internal medicine,2021-05-22,1,6.0,90.0,3.0,760.0,1.0
HOSP-1610,The Johns Hopkins Hospital,infectious disease or internal medicine,,1,77.0,120.0,13.0,490.0,0.0
HOSP-1610,The Johns Hopkins Hospital,neurology,2022-08-28,1,27.0,60.0,4.0,1410.0,1.0
HOSP-1610,The Johns Hopkins Hospital,rheumatology,,1,92.0,75.0,18.0,370.0,1.0
HOSP-1611,The Johns Hopkins Hospital,pulmonology or allergy and immunology,2020-11-25,1,23.0,90.0,30.0,340.0,1.0
HOSP-1611,The Johns Hopkins Hospital,rheumatology,,1,61.0,90.0,17.0,190.0,0.0
HOSP-1612,The Johns Hopkins Hospital,urology or nephrology,,1,58.0,105.0,4.0,1320.0,1.0
HOSP-1613,The Johns Hopkins Hospital,oncology,,1,4.0,105.0,3.0,960.0,0.0
HOSP-1615,The Johns Hopkins Hospital,pulmonology or allergy and immunology,,1,70.0,30.0,20.0,960.0,0.0
HOSP-1617,The Johns Hopkins Hospital,neurology,2022-03-23,1,61.0,30.0,27.0,1440.0,0.0
HOSP-1618,The Johns Hopkins Hospital,hepatology,,1,93.0,105.0,10.0,100.0,1.0
HOSP-1618,The Johns Hopkins Hospital,pulmonology,2023-06-24,1,66.0,30.0,12.0,1300.0,0.0
HOSP-1618,The Johns Hopkins Hospital,rheumatology,,1,7.0,45.0,7.0,660.0,1.0
HOSP-1619,The Johns Hopkins Hospital,gastroenterology,2023-11-28,1,81.0,120.0,15.0,1320.0,0.0
HOSP-1619,The Johns Hopkins Hospital,pulmonology or allergy and immunology,,1,72.0,120.0,14.0,460.0,0.0
HOSP-1620,The Johns Hopkins Hospital,endocrinology,,1,51.0,30.0,27.0,870.0,0.0
HOSP-1620,The Johns Hopkins Hospital,infectious disease or internal medicine,2022-01-19,1,93.0,105.0,10.0,870.0,0.0
HOSP-1620,The Johns Hopkins Hospital,rheumatology,,1,95.0,60.0,22.0,1490.0,0.0
HOSP-1620,The Johns Hopkins Hospital,urology or nephrology,,1,11.0,120.0,15.0,470.0,1.0
HOSP-1621,The Johns Hopkins Hospital,oncology,2020-08-19,1,87.0,15.0,17.0,120.0,0.0
HOSP-1622,The Johns Hopkins Hospital,rheumatology,,1,3.0,75.0,21.0,990.0,1.0
HOSP-1626,The Johns Hopkins Hospital,oncology,2021-09-28,1,50.0,60.0,24.0,600.0,0.0
HOSP-1627,The Johns Hopkins Hospital,oncology,2022-06-13,1,90.0,105.0,19.0,420.0,1.0
HOSP-1627,The Johns Hopkins Hospital,psychiatry,2021-02-15,1,15.0,105.0,14.0,460.0,0.0
HOSP-1628,The Johns Hopkins Hospital,hepatology or gastroenterology,2024-06-14,1,15.0,90.0,16.0,1590.0,0.0
HOSP-1628,The Johns Hopkins Hospital,psychiatry,2024-04-27,1,2.0,90.0,11.0,300.0,1.0
HOSP-1630,The Johns Hopkins Hospital,hepatology,2022-07-23,1,21.0,60.0,28.0,1140.0,1.0
HOSP-1630,The Johns Hopkins Hospital,nephrology,2020-10-19,1,54.0,75.0,17.0,1120.0,1.0
HOSP-1631,The Johns Hopkins Hospital,cardiology or internal medicine,,1,35.0,15.0,6.0,610.0,1.0
HOSP-1634,The Johns Hopkins Hospital,allergy and immunology,2022-04-22,1,92.0,15.0,15.0,1600.0,0.0
HOSP-1635,The Johns Hopkins Hospital,allergy and immunology,,1,59.0,15.0,30.0,100.0,1.0
HOSP-1635,The Johns Hopkins Hospital,pulmonology or allergy and immunology,,1,84.0,105.0,11.0,750.0,0.0
HOSP-1637,The Johns Hopkins Hospital,pulmonology or allergy and immunology,,1,69.0,45.0,11.0,560.0,1.0
HOSP-1638,The Johns Hopkins Hospital,infectious disease,2021-05-25,1,20.0,120.0,25.0,680.0,0.0
HOSP-1639,The Johns Hopkins Hospital,psychiatry,2023-12-31,1,1.0,15.0,7.0,850.0,0.0
HOSP-1641,The Johns Hopkins Hospital,urology or nephrology,,1,73.0,15.0,29.0,610.0,0.0
HOSP-1642,The Johns Hopkins Hospital,pulmonology or allergy and immunology,,1,91.0,105.0,9.0,850.0,0.0
HOSP-1643,The Johns Hopkins Hospital,psychiatry,,1,33.0,60.0,20.0,1490.0,0.0
HOSP-1643,The Johns Hopkins Hospital,pulmonology,2023-12-13,1,87.0,15.0,14.0,260.0,1.0
HOSP-1644,The Johns Hopkins Hospital,endocrinology,,1,70.0,90.0,10.0,380.0,0.0
HOSP-1644,The Johns Hopkins Hospital,psychiatry,2020-10-16,1,31.0,120.0,23.0,1560.0,1.0
HOSP-1644,The Johns Hopkins Hospital,pulmonology,2022-07-27,1,74.0,120.0,19.0,1170.0,1.0
HOSP-1644,The Johns Hopkins Hospital,pulmonology or allergy and immunology,,1,10.0,105.0,22.0,1160.0,1.0
HOSP-1645,The Johns Hopkins Hospital,neurology,2020-12-28,1,10.0,120.0,5.0,160.0,1.0
HOSP-1645,The Johns Hopkins Hospital,psychiatry,,1,45.0,30.0,30.0,1250.0,1.0
HOSP-1646,The Johns Hopkins Hospital,cardiology or internal medicine,,1,17.0,45.0,24.0,820.0,1.0
HOSP-1647,The Johns Hopkins Hospital,hepatology or gastroenterology,2020-11-19,1,69.0,45.0,1.0,930.0,1.0
HOSP-1647,The Johns Hopkins Hospital,nephrology,2021-12-31,1,15.0,30.0,28.0,1320.0,1.0
HOSP-1648,The Johns Hopkins Hospital,dermatology,2024-07-22,1,3.0,30.0,26.0,1010.0,1.0
HOSP-1649,The Johns Hopkins Hospital,infectious disease or internal medicine,,1,39.0,90.0,5.0,950.0,1.0
HOSP-1651,The Johns Hopkins Hospital,rheumatology,,1,94.0,120.0,13.0,1540.0,0.0
HOSP-1652,The Johns Hopkins Hospital,hepatology or gastroenterology,2023-04-19,1,18.0,30.0,16.0,960.0,0.0
HOSP-1653,The Johns Hopkins Hospital,hepatology,,1,3.0,105.0,26.0,790.0,1.0
HOSP-1654,The Johns Hopkins Hospital,neurology,2023-12-21,1,19.0,45.0,25.0,1170.0,1.0
HOSP-1656,The Johns Hopkins Hospital,neurology,2022-08-14,1,5.0,60.0,30.0,1140.0,0.0
HOSP-1657,The Johns Hopkins Hospital,neurology,,1,71.0,45.0,9.0,580.0,1.0
HOSP-1661,The Johns Hopkins Hospital,endocrinology,,1,37.0,90.0,14.0,270.0,0.0
HOSP-1661,The Johns Hopkins Hospital,neurology,2023-12-29,1,70.0,45.0,15.0,750.0,1.0
HOSP-1661,The Johns Hopkins Hospital,pulmonology or infectious disease,2023-07-27,1,48.0,45.0,13.0,1590.0,0.0
HOSP-1662,The Johns Hopkins Hospital,gastroenterology,2021-12-27,1,52.0,120.0,9.0,810.0,1.0
HOSP-1662,The Johns Hopkins Hospital,oncology,,1,52.0,105.0,30.0,1160.0,1.0
HOSP-1663,The Johns Hopkins Hospital,dermatology,,1,3.0,75.0,3.0,650.0,1.0
HOSP-1663,The Johns Hopkins Hospital,infectious disease or internal medicine,,1,59.0,60.0,24.0,1220.0,1.0
HOSP-1665,The Johns Hopkins Hospital,neurology,2023-06-20,1,78.0,15.0,4.0,520.0,0.0
HOSP-1668,The Johns Hopkins Hospital,nephrology,2021-03-25,1,5.0,45.0,6.0,500.0,1.0
HOSP-1669,The Johns Hopkins Hospital,infectious disease or internal medicine,,1,76.0,120.0,27.0,620.0,0.0
HOSP-1669,The Johns Hopkins Hospital,neurology,,1,19.0,30.0,25.0,120.0,0.0
HOSP-1669,The Johns Hopkins Hospital,psychiatry,2022-07-18,1,30.0,120.0,27.0,170.0,1.0
HOSP-1670,The Johns Hopkins Hospital,urology or nephrology,2023-07-21,1,85.0,15.0,28.0,610.0,1.0
HOSP-1671,The Johns Hopkins Hospital,hepatology,,1,86.0,90.0,11.0,1380.0,0.0
HOSP-1672,The Johns Hopkins Hospital,cardiology,2021-01-31,1,22.0,75.0,16.0,940.0,1.0
HOSP-1672,The Johns Hopkins Hospital,infectious disease,2022-09-22,1,80.0,90.0,11.0,820.0,0.0
HOSP-1672,The Johns Hopkins Hospital,neurology,,1,74.0,90.0,8.0,630.0,1.0
HOSP-1674,The Johns Hopkins Hospital,hepatology or gastroenterology,,1,58.0,45.0,25.0,160.0,0.0
HOSP-1678,The Johns Hopkins Hospital,neurology,,1,84.0,60.0,9.0,680.0,1.0
HOSP-1683,The Johns Hopkins Hospital,nephrology,,1,12.0,90.0,19.0,1180.0,0.0
HOSP-1685,The Johns Hopkins Hospital,cardiology,2023-11-26,1,29.0,75.0,28.0,320.0,0.0
HOSP-1685,The Johns Hopkins Hospital,cardiology or internal medicine,2024-01-25,1,63.0,60.0,30.0,940.0,0.0
HOSP-1685,The Johns Hopkins Hospital,pulmonology or allergy and immunology,,1,82.0,120.0,11.0,1180.0,1.0
HOSP-1687,The Johns Hopkins Hospital,neurology,2023-03-24,1,29.0,45.0,29.0,1010.0,0.0
HOSP-1687,The Johns Hopkins Hospital,pulmonology or allergy and immunology,2020-11-25,1,3.0,120.0,5.0,540.0,1.0
HOSP-1688,The Johns Hopkins Hospital,rheumatology,2023-09-13,1,93.0,45.0,12.0,1390.0,1.0
HOSP-1690,The Johns Hopkins Hospital,infectious disease or internal medicine,2024-01-19,1,69.0,120.0,13.0,580.0,1.0
HOSP-1690,The Johns Hopkins Hospital,rheumatology,2020-12-19,1,53.0,90.0,10.0,540.0,1.0
HOSP-1691,The Johns Hopkins Hospital,neurology,2023-06-13,1,35.0,60.0,10.0,410.0,0.0
HOSP-1691,The Johns Hopkins Hospital,oncology,2024-03-30,1,60.0,90.0,27.0,250.0,0.0
HOSP-1693,The Johns Hopkins Hospital,gastroenterology,2024-03-20,1,91.0,90.0,16.0,520.0,1.0
HOSP-1693,The Johns Hopkins Hospital,infectious disease or internal medicine,2023-10-23,1,68.0,105.0,22.0,400.0,0.0
HOSP-1694,The Johns Hopkins Hospital,gastroenterology,2021-01-24,1,56.0,15.0,3.0,1070.0,1.0
HOSP-1694,The Johns Hopkins Hospital,oncology,2022-09-21,1,6.0,60.0,15.0,1460.0,0.0
HOSP-1695,The Johns Hopkins Hospital,urology or nephrology,2024-01-30,1,76.0,60.0,15.0,1140.0,1.0
HOSP-1697,The Johns Hopkins Hospital,rheumatology,2021-05-22,1,80.0,45.0,5.0,750.0,0.0
HOSP-1698,The Johns Hopkins Hospital,hepatology or gastroenterology,,1,55.0,90.0,7.0,240.0,1.0
HOSP-1698,The Johns Hopkins Hospital,infectious disease or internal medicine,2020-11-28,1,81.0,45.0,14.0,1560.0,1.0
HOSP-1699,The Johns Hopkins Hospital,cardiology,,1,53.0,75.0,12.0,1150.0,1.0
HOSP-1699,The Johns Hopkins Hospital,gastroenterology,,1,33.0,30.0,27.0,1210.0,0.0
HOSP-1699,The Johns Hopkins Hospital,rheumatology,,1,36.0,75.0,3.0,390.0,0.0
HOSP-1700,The Johns Hopkins Hospital,neurology,2024-04-26,1,17.0,120.0,22.0,580.0,1.0
HOSP-1700,The Johns Hopkins Hospital,rheumatology,,1,5.0,120.0,22.0,440.0,1.0
HOSP-1701,The Johns Hopkins Hospital,allergy and immunology,,1,46.0,120.0,28.0,100.0,1.0
HOSP-1701,The Johns Hopkins Hospital,cardiology,2022-11-27,1,41.0,90.0,21.0,1500.0,0.0
HOSP-1701,The Johns Hopkins Hospital,infectious disease,,1,3.0,105.0,19.0,210.0,1.0
HOSP-1701,The Johns Hopkins Hospital,neurology,2024-03-25,1,12.0,15.0,17.0,490.0,0.0
HOSP-1701,The Johns Hopkins Hospital,rheumatology,2023-07-20,1,72.0,45.0,15.0,1370.0,0.0
HOSP-1702,The Johns Hopkins Hospital,hepatology or gastroenterology,2022-12-25,1,69.0,75.0,21.0,660.0,0.0
HOSP-1703,The Johns Hopkins Hospital,pulmonology or infectious disease,2022-05-24,1,70.0,90.0,5.0,450.0,0.0
HOSP-1704,The Johns Hopkins Hospital,endocrinology,2023-12-29,1,25.0,75.0,13.0,260.0,0.0
HOSP-1704,The Johns Hopkins Hospital,hepatology,2023-02-23,1,66.0,105.0,6.0,1320.0,0.0
HOSP-1704,The Johns Hopkins Hospital,rheumatology,,1,65.0,75.0,19.0,560.0,1.0
HOSP-1705,The Johns Hopkins Hospital,cardiology or internal medicine,2021-10-24,1,42.0,30.0,24.0,1160.0,1.0
HOSP-1705,The Johns Hopkins Hospital,rheumatology,2024-05-14,1,16.0,105.0,16.0,220.0,0.0
HOSP-1706,The Johns Hopkins Hospital,gastroenterology,2022-09-24,1,33.0,15.0,13.0,990.0,0.0
HOSP-1706,The Johns Hopkins Hospital,infectious disease or internal medicine,,1,79.0,30.0,12.0,300.0,1.0
HOSP-1707,The Johns Hopkins Hospital,gastroenterology,2021-03-30,1,41.0,45.0,6.0,1420.0,0.0
HOSP-1707,The Johns Hopkins Hospital,neurology,2020-09-22,1,90.0,45.0,22.0,1030.0,0.0
HOSP-1708,The Johns Hopkins Hospital,gastroenterology,,1,78.0,45.0,12.0,940.0,0.0
HOSP-1708,The Johns Hopkins Hospital,pulmonology or infectious disease,,1,52.0,45.0,16.0,1380.0,1.0
HOSP-1710,The Johns Hopkins Hospital,gastroenterology,,1,70.0,45.0,26.0,1430.0,0.0
HOSP-1710,The Johns Hopkins Hospital,hepatology or gastroenterology,,1,35.0,15.0,19.0,1210.0,1.0
HOSP-1711,The Johns Hopkins Hospital,oncology,,1,21.0,105.0,25.0,1240.0,0.0
HOSP-1711,The Johns Hopkins Hospital,rheumatology,,1,83.0,15.0,21.0,610.0,0.0
HOSP-1713,The Johns Hopkins Hospital,cardiology or internal medicine,,1,87.0,60.0,11.0,510.0,1.0
HOSP-1713,The Johns Hopkins Hospital,gastroenterology,,1,33.0,75.0,29.0,220.0,0.0
HOSP-1713,The Johns Hopkins Hospital,pulmonology,,1,42.0,30.0,13.0,1550.0,1.0
HOSP-1714,The Johns Hopkins Hospital,psychiatry,,1,70.0,15.0,3.0,580.0,0.0
HOSP-1714,The Johns Hopkins Hospital,pulmonology or allergy and immunology,,1,36.0,90.0,11.0,850.0,0.0
HOSP-1715,The Johns Hopkins Hospital,nephrology,,1,22.0,105.0,23.0,520.0,0.0
HOSP-1718,The Johns Hopkins Hospital,neurology,2021-03-24,1,50.0,120.0,12.0,860.0,0.0
HOSP-1718,The Johns Hopkins Hospital,pulmonology or infectious disease,,1,72.0,30.0,6.0,1090.0,0.0
HOSP-1719,The Johns Hopkins Hospital,hepatology or gastroenterology,2020-08-19,1,73.0,105.0,14.0,1170.0,0.0
HOSP-1721,The Johns Hopkins Hospital,gastroenterology,2023-06-29,1,67.0,60.0,25.0,1240.0,1.0
HOSP-1721,The Johns Hopkins Hospital,gastroenterology,2023-09-21,1,36.0,105.0,4.0,350.0,1.0
HOSP-1723,The Johns Hopkins Hospital,neurology,,1,86.0,30.0,16.0,1170.0,1.0
HOSP-1723,The Johns Hopkins Hospital,oncology,2022-10-27,1,74.0,45.0,12.0,580.0,0.0
HOSP-1724,The Johns Hopkins Hospital,neurology,,1,79.0,60.0,13.0,1530.0,0.0
HOSP-1724,The Johns Hopkins Hospital,pulmonology,,1,46.0,30.0,1.0,1090.0,0.0
HOSP-1724,The Johns Hopkins Hospital,pulmonology or infectious disease,2022-09-18,1,77.0,90.0,5.0,1150.0,0.0
HOSP-1725,The Johns Hopkins Hospital,dermatology,2021-09-24,1,93.0,75.0,12.0,770.0,1.0
HOSP-1726,The Johns Hopkins Hospital,cardiology or internal medicine,,1,22.0,45.0,4.0,1500.0,1.0
HOSP-1726,The Johns Hopkins Hospital,neurology,2021-12-18,1,21.0,75.0,5.0,580.0,1.0
HOSP-1726,The Johns Hopkins Hospital,neurology,2022-05-16,1,8.0,120.0,3.0,570.0,0.0
HOSP-1727,The Johns Hopkins Hospital,infectious disease or internal medicine,2023-04-17,1,93.0,105.0,19.0,1430.0,0.0
HOSP-1727,The Johns Hopkins Hospital,pulmonology or allergy and immunology,2021-08-23,1,49.0,105.0,23.0,170.0,0.0
HOSP-1728,The Johns Hopkins Hospital,cardiology,2023-08-20,1,35.0,105.0,7.0,760.0,1.0
HOSP-1729,The Johns Hopkins Hospital,oncology,2022-12-31,1,11.0,105.0,23.0,1500.0,1.0
HOSP-1729,The Johns Hopkins Hospital,psychiatry,2022-07-18,1,82.0,45.0,19.0,1320.0,0.0
HOSP-1730,The Johns Hopkins Hospital,rheumatology,2023-12-20,1,32.0,15.0,24.0,540.0,0.0
HOSP-1732,The Johns Hopkins Hospital,neurology,,1,34.0,45.0,20.0,210.0,0.0
HOSP-1733,The Johns Hopkins Hospital,infectious disease or internal medicine,,1,92.0,30.0,9.0,1600.0,0.0
HOSP-1734,The Johns Hopkins Hospital,cardiology or internal medicine,2022-05-23,1,65.0,45.0,11.0,490.0,0.0
HOSP-1734,The Johns Hopkins Hospital,gastroenterology,2023-08-21,1,48.0,30.0,26.0,700.0,0.0
HOSP-1735,The Johns Hopkins Hospital,dermatology,2024-03-24,1,14.0,30.0,18.0,1530.0,0.0
HOSP-1735,The Johns Hopkins Hospital,pulmonology or infectious disease,,1,53.0,90.0,18.0,270.0,1.0
HOSP-1737,The Johns Hopkins Hospital,neurology,2022-10-23,1,93.0,45.0,29.0,1020.0,0.0
HOSP-1738,The Johns Hopkins Hospital,gastroenterology,2023-06-13,1,28.0,45.0,26.0,1210.0,0.0
HOSP-1738,The Johns Hopkins Hospital,gastroenterology,,1,11.0,60.0,1.0,720.0,1.0
HOSP-1738,The Johns Hopkins Hospital,infectious disease,2021-06-23,1,79.0,15.0,14.0,330.0,1.0
HOSP-1738,The Johns Hopkins Hospital,infectious disease or internal medicine,,1,21.0,105.0,29.0,1250.0,0.0
HOSP-1738,The Johns Hopkins Hospital,oncology,2022-04-14,1,76.0,45.0,25.0,740.0,1.0
HOSP-1738,The Johns Hopkins Hospital,psychiatry,2023-04-15,1,73.0,120.0,9.0,550.0,1.0
HOSP-1740,The Johns Hopkins Hospital,gastroenterology,2023-06-19,1,95.0,15.0,6.0,1570.0,1.0
HOSP-1740,The Johns Hopkins Hospital,hepatology or gastroenterology,2021-12-29,1,88.0,30.0,24.0,900.0,0.0
HOSP-1740,The Johns Hopkins Hospital,neurology,,1,18.0,120.0,20.0,1330.0,1.0
HOSP-1741,The Johns Hopkins Hospital,hepatology or gastroenterology,,1,77.0,120.0,18.0,460.0,0.0
HOSP-1741,The Johns Hopkins Hospital,psychiatry,2023-12-30,1,44.0,45.0,16.0,1220.0,0.0
HOSP-1741,The Johns Hopkins Hospital,urology or nephrology,,1,53.0,60.0,30.0,1120.0,0.0
HOSP-1743,The Johns Hopkins Hospital,rheumatology,2023-07-14,1,17.0,90.0,4.0,1200.0,1.0
HOSP-1745,The Johns Hopkins Hospital,gastroenterology,2023-03-29,1,72.0,60.0,20.0,1280.0,1.0
HOSP-1746,The Johns Hopkins Hospital,infectious disease or internal medicine,2023-05-26,1,14.0,105.0,12.0,580.0,0.0
HOSP-1748,The Johns Hopkins Hospital,endocrinology,2021-05-27,1,68.0,90.0,7.0,1430.0,0.0
HOSP-1748,The Johns Hopkins Hospital,infectious disease or internal medicine,2022-07-26,1,0.0,45.0,18.0,370.0,0.0
HOSP-1748,The Johns Hopkins Hospital,oncology,2023-11-21,1,73.0,105.0,6.0,780.0,0.0
HOSP-1750,The Johns Hopkins Hospital,hepatology,2023-08-24,1,76.0,30.0,5.0,100.0,0.0
HOSP-1750,The Johns Hopkins Hospital,pulmonology or allergy and immunology,,1,3.0,60.0,23.0,570.0,0.0
HOSP-1752,The Johns Hopkins Hospital,neurology,2022-08-29,1,67.0,60.0,16.0,800.0,1.0
HOSP-1753,The Johns Hopkins Hospital,gastroenterology,,1,60.0,120.0,16.0,1380.0,1.0
HOSP-1753,The Johns Hopkins Hospital,neurology,2021-03-28,1,2.0,120.0,8.0,400.0,1.0
HOSP-1754,The Johns Hopkins Hospital,dermatology,2022-11-18,1,33.0,15.0,19.0,1480.0,0.0
HOSP-1754,The Johns Hopkins Hospital,endocrinology,,1,6.0,30.0,3.0,1090.0,1.0
HOSP-1754,The Johns Hopkins Hospital,infectious disease,2021-05-18,1,83.0,30.0,9.0,340.0,0.0
HOSP-1754,The Johns Hopkins Hospital,infectious disease or internal medicine,2020-08-18,1,55.0,15.0,26.0,460.0,0.0
HOSP-1754,The Johns Hopkins Hospital,pulmonology or infectious disease,2023-09-24,1,85.0,60.0,16.0,1190.0,0.0
HOSP-1755,The Johns Hopkins Hospital,hepatology or gastroenterology,,1,6.0,75.0,22.0,120.0,1.0
HOSP-1755,The Johns Hopkins Hospital,neurology,,1,19.0,15.0,21.0,1310.0,0.0
HOSP-1756,The Johns Hopkins Hospital,allergy and immunology,,1,52.0,120.0,25.0,1440.0,0.0
HOSP-1756,The Johns Hopkins Hospital,pulmonology,,1,10.0,105.0,23.0,710.0,1.0
HOSP-1758,The Johns Hopkins Hospital,psychiatry,,1,66.0,45.0,5.0,1450.0,1.0
HOSP-1760,The Johns Hopkins Hospital,allergy and immunology,2021-04-15,1,64.0,90.0,17.0,420.0,0.0
HOSP-1760,The Johns Hopkins Hospital,hepatology,2021-12-14,1,54.0,105.0,21.0,1410.0,1.0
HOSP-1760,The Johns Hopkins Hospital,nephrology,2024-06-28,1,95.0,60.0,27.0,760.0,1.0
HOSP-1760,The Johns Hopkins Hospital,neurology,2024-04-17,1,81.0,105.0,29.0,1500.0,0.0
HOSP-1763,The Johns Hopkins Hospital,neurology,2021-05-13,1,61.0,15.0,29.0,200.0,0.0
HOSP-1763,The Johns Hopkins Hospital,urology or nephrology,2022-11-15,1,72.0,90.0,10.0,150.0,0.0
HOSP-1765,The Johns Hopkins Hospital,infectious disease or internal medicine,2024-05-23,1,55.0,105.0,22.0,1380.0,1.0
HOSP-1765,The Johns Hopkins Hospital,infectious disease or internal medicine,,1,2.0,15.0,4.0,1040.0,0.0
HOSP-1765,The Johns Hopkins Hospital,neurology,2021-07-16,1,28.0,15.0,15.0,700.0,1.0
HOSP-1766,The Johns Hopkins Hospital,allergy and immunology,,1,43.0,30.0,22.0,490.0,0.0
HOSP-1767,The Johns Hopkins Hospital,infectious disease or internal medicine,2021-06-26,1,22.0,45.0,20.0,780.0,0.0
HOSP-1767,The Johns Hopkins Hospital,neurology,2020-07-26,1,78.0,30.0,2.0,980.0,1.0
HOSP-1768,The Johns Hopkins Hospital,allergy and immunology,,1,92.0,15.0,17.0,720.0,1.0
HOSP-1770,The Johns Hopkins Hospital,dermatology,2021-07-15,1,40.0,75.0,28.0,380.0,1.0
HOSP-1770,The Johns Hopkins Hospital,psychiatry,2024-04-25,1,4.0,105.0,23.0,1340.0,0.0
HOSP-1771,The Johns Hopkins Hospital,pulmonology,2021-08-16,1,49.0,90.0,18.0,240.0,0.0
HOSP-1772,The Johns Hopkins Hospital,pulmonology or infectious disease,,1,79.0,60.0,1.0,690.0,1.0
HOSP-1773,The Johns Hopkins Hospital,allergy and immunology,2024-05-17,1,40.0,60.0,23.0,500.0,0.0
HOSP-1774,The Johns Hopkins Hospital,pulmonology or allergy and immunology,,1,15.0,45.0,20.0,1450.0,0.0
HOSP-1776,The Johns Hopkins Hospital,neurology,2023-11-23,1,15.0,30.0,16.0,1230.0,0.0
HOSP-1777,The Johns Hopkins Hospital,hepatology,,1,50.0,105.0,20.0,820.0,0.0
HOSP-1778,The Johns Hopkins Hospital,cardiology or internal medicine,,1,4.0,60.0,18.0,900.0,0.0
HOSP-1779,The Johns Hopkins Hospital,neurology,,1,19.0,60.0,2.0,690.0,1.0
HOSP-1779,The Johns Hopkins Hospital,psychiatry,,1,21.0,45.0,27.0,1420.0,0.0
HOSP-1779,The Johns Hopkins Hospital,urology or nephrology,2020-12-23,1,33.0,120.0,10.0,1570.0,1.0
HOSP-1780,The Johns Hopkins Hospital,gastroenterology,2023-06-14,1,25.0,30.0,7.0,220.0,0.0
HOSP-1780,The Johns Hopkins Hospital,nephrology,2023-01-17,1,19.0,120.0,23.0,830.0,1.0
HOSP-1780,The Johns Hopkins Hospital,neurology,2024-05-23,1,8.0,15.0,28.0,1430.0,1.0
HOSP-1781,The Johns Hopkins Hospital,allergy and immunology,2024-02-21,1,73.0,15.0,24.0,1430.0,0.0
HOSP-1782,The Johns Hopkins Hospital,allergy and immunology,,1,13.0,30.0,13.0,140.0,0.0
HOSP-1782,The Johns Hopkins Hospital,gastroenterology,,1,70.0,105.0,28.0,1320.0,1.0
HOSP-1782,The Johns Hopkins Hospital,psychiatry,2021-01-22,1,24.0,105.0,4.0,1060.0,1.0
HOSP-1783,The Johns Hopkins Hospital,neurology,2022-11-25,1,2.0,15.0,27.0,1070.0,0.0
HOSP-1783,The Johns Hopkins Hospital,urology or nephrology,,1,75.0,60.0,19.0,620.0,1.0
HOSP-1785,The Johns Hopkins Hospital,neurology,2020-08-25,1,75.0,15.0,18.0,120.0,1.0
HOSP-1785,The Johns Hopkins Hospital,pulmonology or infectious disease,,1,66.0,45.0,17.0,610.0,1.0
HOSP-1786,The Johns Hopkins Hospital,endocrinology,2021-05-14,1,2.0,30.0,29.0,860.0,0.0
HOSP-1789,The Johns Hopkins Hospital,cardiology or internal medicine,2021-11-16,1,3.0,45.0,18.0,1390.0,0.0
HOSP-1789,The Johns Hopkins Hospital,psychiatry,2024-02-17,1,19.0,60.0,8.0,1600.0,1.0
HOSP-1790,The Johns Hopkins Hospital,urology or nephrology,,1,31.0,105.0,30.0,1080.0,0.0
HOSP-1792,The Johns Hopkins Hospital,cardiology or internal medicine,,1,45.0,105.0,22.0,110.0,0.0
HOSP-1792,The Johns Hopkins Hospital,pulmonology or infectious disease,2023-08-31,1,61.0,45.0,2.0,1310.0,0.0
HOSP-1793,The Johns Hopkins Hospital,pulmonology or infectious disease,2022-06-30,1,65.0,45.0,13.0,390.0,0.0
HOSP-1794,The Johns Hopkins Hospital,infectious disease or internal medicine,2020-09-14,1,28.0,90.0,8.0,1130.0,0.0
HOSP-1794,The Johns Hopkins Hospital,rheumatology,2020-07-27,1,90.0,90.0,5.0,1450.0,0.0
HOSP-1795,The Johns Hopkins Hospital,hepatology or gastroenterology,2021-10-26,1,43.0,120.0,17.0,1160.0,0.0
HOSP-1795,The Johns Hopkins Hospital,neurology,2022-01-25,1,78.0,15.0,18.0,1280.0,0.0
HOSP-1796,The Johns Hopkins Hospital,infectious disease,2021-02-13,1,32.0,90.0,2.0,1230.0,1.0
HOSP-1797,The Johns Hopkins Hospital,neurology,,1,91.0,60.0,28.0,260.0,1.0
HOSP-1798,The Johns Hopkins Hospital,hepatology or gastroenterology,2020-07-31,1,59.0,120.0,27.0,900.0,0.0
HOSP-1799,The Johns Hopkins Hospital,dermatology,2021-11-23,1,18.0,105.0,2.0,770.0,1.0
HOSP-1799,The Johns Hopkins Hospital,endocrinology,2022-11-30,1,64.0,120.0,14.0,1490.0,0.0
HOSP-1799,The Johns Hopkins Hospital,endocrinology,,1,89.0,45.0,17.0,860.0,1.0
HOSP-1799,The Johns Hopkins Hospital,hepatology or gastroenterology,2022-01-21,1,25.0,90.0,7.0,130.0,0.0
HOSP-1799,The Johns Hopkins Hospital,infectious disease or internal medicine,2022-03-27,1,49.0,105.0,18.0,460.0,0.0
HOSP-1799,The Johns Hopkins Hospital,nephrology,2023-08-28,1,82.0,120.0,7.0,990.0,0.0
HOSP-1800,The Johns Hopkins Hospital,neurology,2021-03-23,1,33.0,60.0,25.0,880.0,1.0
HOSP-1800,The Johns Hopkins Hospital,psychiatry,2022-02-25,1,31.0,60.0,25.0,360.0,0.0
HOSP-1800,The Johns Hopkins Hospital,psychiatry,,1,59.0,90.0,4.0,770.0,1.0
HOSP-1800,The Johns Hopkins Hospital,pulmonology or infectious disease,,1,86.0,105.0,3.0,670.0,0.0
HOSP-1801,The Johns Hopkins Hospital,neurology,,2,81.5,90.0,24.5,770.0,1.0
HOSP-1802,The Johns Hopkins Hospital,neurology,2024-05-24,1,89.0,90.0,7.0,120.0,0.0
HOSP-1803,The Johns Hopkins Hospital,dermatology,2024-06-29,1,84.0,30.0,24.0,1550.0,0.0
HOSP-1804,The Johns Hopkins Hospital,oncology,,1,47.0,15.0,19.0,400.0,0.0
HOSP-1805,The Johns Hopkins Hospital,infectious disease or internal medicine,,1,70.0,45.0,26.0,340.0,0.0
HOSP-1807,The Johns Hopkins Hospital,neurology,2020-12-27,1,31.0,90.0,13.0,800.0,0.0
HOSP-1810,The Johns Hopkins Hospital,rheumatology,,1,75.0,120.0,19.0,1310.0,0.0
HOSP-1814,The Johns Hopkins Hospital,hepatology,2022-05-17,1,51.0,45.0,18.0,160.0,1.0
HOSP-1815,The Johns Hopkins Hospital,rheumatology,2022-04-14,1,46.0,90.0,7.0,440.0,0.0
HOSP-1816,The Johns Hopkins Hospital,dermatology,2021-01-22,1,42.0,120.0,21.0,850.0,1.0
HOSP-1818,The Johns Hopkins Hospital,gastroenterology,,1,17.0,75.0,26.0,940.0,1.0
HOSP-1818,The Johns Hopkins Hospital,pulmonology,,1,1.0,15.0,30.0,520.0,1.0
HOSP-1822,The Johns Hopkins Hospital,infectious disease or internal medicine,,1,90.0,30.0,7.0,350.0,0.0
HOSP-1822,The Johns Hopkins Hospital,neurology,,1,52.0,90.0,27.0,270.0,1.0
HOSP-1823,The Johns Hopkins Hospital,pulmonology or allergy and immunology,2020-09-13,1,94.0,75.0,26.0,370.0,0.0
HOSP-1825,The Johns Hopkins Hospital,gastroenterology,2021-11-18,1,50.0,15.0,4.0,530.0,1.0
HOSP-1828,The Johns Hopkins Hospital,infectious disease or internal medicine,2022-05-18,1,28.0,105.0,27.0,630.0,1.0
HOSP-1828,The Johns Hopkins Hospital,neurology,,1,14.0,75.0,3.0,990.0,0.0
HOSP-1830,The Johns Hopkins Hospital,infectious disease or internal medicine,2021-02-22,1,59.0,15.0,8.0,320.0,1.0
HOSP-1831,The Johns Hopkins Hospital,neurology,,1,49.0,105.0,28.0,1440.0,1.0
HOSP-1832,The Johns Hopkins Hospital,infectious disease,2020-11-17,1,38.0,105.0,4.0,1440.0,0.0
HOSP-1832,The Johns Hopkins Hospital,neurology,2020-11-15,1,44.0,105.0,11.0,1100.0,1.0
HOSP-1832,The Johns Hopkins Hospital,oncology,2023-11-27,1,64.0,60.0,13.0,340.0,0.0
HOSP-1834,The Johns Hopkins Hospital,dermatology,,1,14.0,120.0,14.0,760.0,0.0
HOSP-1834,The Johns Hopkins Hospital,infectious disease or internal medicine,2023-09-24,1,68.0,45.0,20.0,160.0,1.0
HOSP-1836,The Johns Hopkins Hospital,nephrology,2022-06-28,1,16.0,90.0,20.0,890.0,1.0
HOSP-1839,The Johns Hopkins Hospital,gastroenterology,,1,15.0,60.0,10.0,410.0,0.0
HOSP-1841,The Johns Hopkins Hospital,neurology,2024-05-31,1,69.0,45.0,2.0,820.0,1.0
HOSP-1841,The Johns Hopkins Hospital,pulmonology or allergy and immunology,,1,30.0,45.0,24.0,740.0,0.0
HOSP-1842,The Johns Hopkins Hospital,cardiology,2024-04-16,1,54.0,45.0,9.0,1460.0,0.0
HOSP-1843,The Johns Hopkins Hospital,urology or nephrology,2022-10-25,1,1.0,120.0,10.0,1600.0,1.0
HOSP-1844,The Johns Hopkins Hospital,neurology,,1,86.0,30.0,5.0,1060.0,1.0
HOSP-1846,The Johns Hopkins Hospital,cardiology or internal medicine,2022-11-25,1,18.0,105.0,18.0,1010.0,0.0
HOSP-1846,The Johns Hopkins Hospital,neurology,2021-06-18,1,80.0,45.0,29.0,1290.0,1.0
HOSP-1847,The Johns Hopkins Hospital,pulmonology,2020-09-20,1,54.0,120.0,16.0,970.0,0.0
HOSP-1848,The Johns Hopkins Hospital,nephrology,2023-12-24,1,26.0,75.0,7.0,520.0,1.0
HOSP-1849,The Johns Hopkins Hospital,endocrinology,,1,72.0,30.0,10.0,800.0,0.0
HOSP-1849,The Johns Hopkins Hospital,hepatology,2022-12-15,1,63.0,60.0,7.0,1510.0,0.0
HOSP-1849,The Johns Hopkins Hospital,hepatology or gastroenterology,2022-05-23,1,81.0,105.0,12.0,210.0,0.0
HOSP-1850,The Johns Hopkins Hospital,psychiatry,2021-12-16,1,91.0,90.0,28.0,1190.0,1.0
HOSP-1850,The Johns Hopkins Hospital,pulmonology,2022-01-21,1,47.0,105.0,21.0,130.0,0.0
HOSP-1851,The Johns Hopkins Hospital,neurology,,1,66.0,105.0,12.0,560.0,1.0
HOSP-1853,The Johns Hopkins Hospital,pulmonology or allergy and immunology,2021-01-20,1,4.0,45.0,2.0,410.0,1.0
HOSP-1853,The Johns Hopkins Hospital,rheumatology,2023-12-29,1,31.0,30.0,29.0,860.0,1.0
HOSP-1854,The Johns Hopkins Hospital,cardiology or internal medicine,2022-04-30,1,6.0,90.0,30.0,1020.0,1.0
HOSP-1856,The Johns Hopkins Hospital,neurology,,1,50.0,60.0,16.0,190.0,1.0
HOSP-1857,The Johns Hopkins Hospital,cardiology,,1,19.0,90.0,10.0,450.0,0.0
HOSP-1858,The Johns Hopkins Hospital,cardiology,,1,56.0,75.0,15.0,1250.0,1.0
HOSP-1858,The Johns Hopkins Hospital,infectious disease or internal medicine,,1,33.0,90.0,8.0,340.0,0.0
HOSP-1858,The Johns Hopkins Hospital,urology or nephrology,,1,83.0,60.0,21.0,1170.0,1.0
HOSP-1859,The Johns Hopkins Hospital,hepatology or gastroenterology,,1,80.0,105.0,13.0,980.0,0.0
HOSP-1860,The Johns Hopkins Hospital,infectious disease,,1,10.0,30.0,20.0,1600.0,1.0
HOSP-1860,The Johns Hopkins Hospital,psychiatry,2022-03-23,1,16.0,75.0,6.0,1010.0,0.0
HOSP-1862,The Johns Hopkins Hospital,gastroenterology,,1,80.0,105.0,10.0,370.0,0.0
HOSP-1863,The Johns Hopkins Hospital,cardiology,2021-11-22,1,93.0,60.0,26.0,410.0,0.0
HOSP-1863,The Johns Hopkins Hospital,rheumatology,2021-08-22,1,26.0,30.0,19.0,200.0,1.0
HOSP-1865,The Johns Hopkins Hospital,psychiatry,2023-03-16,1,87.0,90.0,22.0,1220.0,1.0
HOSP-1866,The Johns Hopkins Hospital,cardiology,2022-07-16,1,15.0,75.0,9.0,170.0,0.0
HOSP-1866,The Johns Hopkins Hospital,hepatology or gastroenterology,2023-09-30,1,23.0,30.0,6.0,1050.0,1.0
HOSP-1867,The Johns Hopkins Hospital,neurology,,1,69.0,60.0,15.0,1460.0,0.0
HOSP-1869,The Johns Hopkins Hospital,gastroenterology,2022-11-15,1,90.0,45.0,4.0,1340.0,0.0
HOSP-1869,The Johns Hopkins Hospital,psychiatry,,1,57.0,90.0,12.0,1210.0,0.0
HOSP-1870,The Johns Hopkins Hospital,allergy and immunology,2020-07-26,1,69.0,15.0,17.0,1040.0,1.0
HOSP-1873,The Johns Hopkins Hospital,neurology,2021-08-27,1,78.0,120.0,9.0,1570.0,1.0
HOSP-1874,The Johns Hopkins Hospital,psychiatry,,1,52.0,45.0,5.0,400.0,0.0
HOSP-1875,The Johns Hopkins Hospital,neurology,2022-06-23,1,59.0,30.0,29.0,390.0,1.0
HOSP-1877,The Johns Hopkins Hospital,pulmonology or infectious disease,2021-12-27,1,68.0,105.0,23.0,1390.0,0.0
HOSP-1878,The Johns Hopkins Hospital,rheumatology,2022-08-24,1,88.0,105.0,17.0,640.0,0.0
HOSP-1879,The Johns Hopkins Hospital,endocrinology,,1,10.0,120.0,24.0,940.0,1.0
HOSP-1880,The Johns Hopkins Hospital,nephrology,,1,74.0,30.0,16.0,990.0,0.0
HOSP-1882,The Johns Hopkins Hospital,hepatology,2022-02-23,1,88.0,45.0,29.0,670.0,1.0
HOSP-1886,The Johns Hopkins Hospital,pulmonology or infectious disease,2024-05-29,1,5.0,75.0,12.0,360.0,0.0
HOSP-1888,The Johns Hopkins Hospital,infectious disease,2021-06-15,1,88.0,15.0,11.0,230.0,1.0
HOSP-1888,The Johns Hopkins Hospital,oncology,2020-08-31,1,19.0,30.0,13.0,710.0,1.0
HOSP-1890,The Johns Hopkins Hospital,neurology,2022-07-31,1,34.0,60.0,26.0,1560.0,0.0
HOSP-1894,The Johns Hopkins Hospital,rheumatology,,1,94.0,15.0,7.0,430.0,0.0
HOSP-1895,The Johns Hopkins Hospital,infectious disease or internal medicine,2021-12-17,1,43.0,45.0,6.0,390.0,0.0
HOSP-1896,The Johns Hopkins Hospital,gastroenterology,,1,25.0,15.0,9.0,1380.0,1.0
HOSP-1897,The Johns Hopkins Hospital,dermatology,2021-08-22,1,6.0,75.0,4.0,550.0,1.0
HOSP-1897,The Johns Hopkins Hospital,infectious disease,,1,29.0,45.0,24.0,670.0,1.0
HOSP-1899,The Johns Hopkins Hospital,infectious disease or internal medicine,2021-03-26,1,34.0,15.0,13.0,570.0,1.0
HOSP-1900,The Johns Hopkins Hospital,pulmonology or infectious disease,,1,41.0,120.0,1.0,1530.0,0.0
HOSP-1901,The Johns Hopkins Hospital,cardiology,,1,82.0,15.0,22.0,1520.0,1.0
HOSP-1901,The Johns Hopkins Hospital,neurology,,1,89.0,60.0,28.0,690.0,1.0
HOSP-1902,The Johns Hopkins Hospital,gastroenterology,2020-08-22,1,84.0,120.0,29.0,1600.0,0.0
HOSP-1902,The Johns Hopkins Hospital,pulmonology or allergy and immunology,2023-12-13,1,11.0,30.0,21.0,390.0,1.0
HOSP-1903,The Johns Hopkins Hospital,urology or nephrology,,1,81.0,45.0,10.0,1560.0,1.0
HOSP-1904,The Johns Hopkins Hospital,dermatology,2020-08-28,1,10.0,15.0,14.0,290.0,0.0
HOSP-1905,The Johns Hopkins Hospital,psychiatry,2024-01-13,1,14.0,60.0,30.0,320.0,1.0
HOSP-1905,The Johns Hopkins Hospital,pulmonology or infectious disease,2023-05-21,1,47.0,60.0,19.0,1600.0,0.0
HOSP-1905,The Johns Hopkins Hospital,rheumatology,2021-08-20,1,49.0,30.0,24.0,380.0,0.0
HOSP-1907,The Johns Hopkins Hospital,neurology,2023-11-20,1,25.0,75.0,18.0,200.0,0.0
HOSP-1910,The Johns Hopkins Hospital,allergy and immunology,,1,34.0,15.0,11.0,1550.0,0.0
HOSP-1912,The Johns Hopkins Hospital,dermatology,,1,52.0,30.0,12.0,920.0,0.0
HOSP-1912,The Johns Hopkins Hospital,infectious disease or internal medicine,,1,82.0,120.0,23.0,750.0,1.0
HOSP-1912,The Johns Hopkins Hospital,rheumatology,2020-12-31,1,21.0,105.0,26.0,930.0,0.0
HOSP-1914,The Johns Hopkins Hospital,hepatology or gastroenterology,2021-04-14,1,16.0,75.0,10.0,770.0,0.0
HOSP-1915,The Johns Hopkins Hospital,gastroenterology,,1,95.0,45.0,17.0,1360.0,0.0
HOSP-1916,The Johns Hopkins Hospital,hepatology or gastroenterology,2022-08-20,1,68.0,105.0,1.0,590.0,0.0
HOSP-1916,The Johns Hopkins Hospital,infectious disease,2021-06-16,1,92.0,105.0,19.0,1550.0,0.0
HOSP-1917,The Johns Hopkins Hospital,gastroenterology,,1,67.0,45.0,30.0,1260.0,0.0
HOSP-1917,The Johns Hopkins Hospital,infectious disease,2022-11-30,1,18.0,15.0,19.0,150.0,0.0
HOSP-1920,The Johns Hopkins Hospital,rheumatology,,1,64.0,75.0,30.0,1340.0,0.0
HOSP-1921,The Johns Hopkins Hospital,pulmonology or infectious disease,2023-04-22,1,92.0,75.0,25.0,790.0,1.0
HOSP-1922,The Johns Hopkins Hospital,hepatology,2022-07-28,1,67.0,30.0,21.0,1310.0,0.0
HOSP-1923,The Johns Hopkins Hospital,oncology,,1,79.0,60.0,14.0,200.0,1.0
HOSP-1924,The Johns Hopkins Hospital,infectious disease or internal medicine,2023-01-31,1,0.0,75.0,16.0,1270.0,0.0
HOSP-1932,The Johns Hopkins Hospital,nephrology,2023-01-28,1,58.0,75.0,14.0,1410.0,1.0
HOSP-1933,The Johns Hopkins Hospital,gastroenterology,2020-11-17,1,70.0,75.0,14.0,180.0,1.0
HOSP-1933,The Johns Hopkins Hospital,gastroenterology,2021-03-23,1,27.0,30.0,30.0,100.0,0.0
HOSP-1933,The Johns Hopkins Hospital,hepatology,,1,65.0,105.0,23.0,900.0,1.0
HOSP-1934,The Johns Hopkins Hospital,dermatology,2021-12-13,1,58.0,120.0,27.0,780.0,0.0
HOSP-1934,The Johns Hopkins Hospital,neurology,2023-09-23,1,69.0,45.0,30.0,390.0,0.0
HOSP-1934,The Johns Hopkins Hospital,neurology,,1,6.0,30.0,1.0,1240.0,1.0
HOSP-1936,The Johns Hopkins Hospital,neurology,2022-11-25,1,85.0,45.0,8.0,1030.0,0.0
HOSP-1937,The Johns Hopkins Hospital,cardiology,2023-07-20,1,0.0,45.0,15.0,590.0,0.0
HOSP-1937,The Johns Hopkins Hospital,neurology,,1,71.0,120.0,9.0,910.0,1.0
HOSP-1937,The Johns Hopkins Hospital,oncology,2023-05-26,1,58.0,15.0,7.0,530.0,0.0
HOSP-1938,The Johns Hopkins Hospital,dermatology,,1,40.0,90.0,7.0,1310.0,0.0
HOSP-1938,The Johns Hopkins Hospital,infectious disease or internal medicine,,1,32.0,105.0,20.0,1090.0,0.0
HOSP-1938,The Johns Hopkins Hospital,urology or nephrology,,1,33.0,75.0,19.0,430.0,0.0
HOSP-1940,The Johns Hopkins Hospital,hepatology,,1,17.0,60.0,22.0,700.0,1.0
HOSP-1941,The Johns Hopkins Hospital,pulmonology,,1,71.0,90.0,28.0,1500.0,0.0
HOSP-1945,The Johns Hopkins Hospital,endocrinology,2023-12-28,1,25.0,75.0,16.0,1120.0,0.0
HOSP-1945,The Johns Hopkins Hospital,neurology,,1,61.0,75.0,27.0,200.0,1.0
HOSP-1948,The Johns Hopkins Hospital,nephrology,2024-04-13,1,55.0,90.0,22.0,430.0,1.0
HOSP-1949,The Johns Hopkins Hospital,pulmonology,,1,44.0,75.0,2.0,260.0,1.0
HOSP-1951,The Johns Hopkins Hospital,allergy and immunology,2022-01-25,1,8.0,105.0,8.0,560.0,0.0
HOSP-1951,The Johns Hopkins Hospital,psychiatry,2023-07-19,1,51.0,60.0,26.0,150.0,0.0
HOSP-1952,The Johns Hopkins Hospital,neurology,2024-05-16,1,42.0,15.0,20.0,1340.0,0.0
HOSP-1954,The Johns Hopkins Hospital,hepatology or gastroenterology,,1,80.0,120.0,9.0,740.0,0.0
HOSP-1954,The Johns Hopkins Hospital,infectious disease or internal medicine,2024-01-13,1,56.0,120.0,27.0,1340.0,0.0
HOSP-1956,The Johns Hopkins Hospital,hepatology,2021-12-19,1,9.0,90.0,6.0,810.0,0.0
HOSP-1956,The Johns Hopkins Hospital,pulmonology,,1,63.0,90.0,18.0,680.0,0.0
HOSP-1957,The Johns Hopkins Hospital,hepatology or gastroenterology,2022-08-25,1,65.0,45.0,23.0,970.0,0.0
HOSP-1957,The Johns Hopkins Hospital,urology or nephrology,2021-01-14,1,16.0,75.0,29.0,640.0,0.0
HOSP-1958,The Johns Hopkins Hospital,neurology,,1,5.0,90.0,21.0,830.0,0.0
HOSP-1959,The Johns Hopkins Hospital,infectious disease or internal medicine,2024-01-27,1,65.0,90.0,23.0,320.0,1.0
HOSP-1960,The Johns Hopkins Hospital,gastroenterology,2021-01-23,1,55.0,45.0,1.0,1010.0,0.0
HOSP-1960,The Johns Hopkins Hospital,rheumatology,2023-07-16,1,90.0,90.0,20.0,420.0,0.0
HOSP-1963,The Johns Hopkins Hospital,gastroenterology,,1,79.0,45.0,9.0,670.0,0.0
HOSP-1964,The Johns Hopkins Hospital,gastroenterology,2022-09-25,1,50.0,30.0,4.0,1530.0,1.0
HOSP-1964,The Johns Hopkins Hospital,rheumatology,,1,94.0,105.0,4.0,710.0,0.0
HOSP-1967,The Johns Hopkins Hospital,infectious disease,2022-12-29,1,50.0,120.0,3.0,1290.0,0.0
HOSP-1968,The Johns Hopkins Hospital,cardiology,,1,62.0,105.0,17.0,1010.0,0.0
HOSP-1968,The Johns Hopkins Hospital,dermatology,2020-09-20,1,68.0,15.0,6.0,320.0,0.0
HOSP-1969,The Johns Hopkins Hospital,cardiology or internal medicine,2024-05-19,1,86.0,75.0,8.0,440.0,1.0
HOSP-1969,The Johns Hopkins Hospital,nephrology,,1,10.0,75.0,2.0,180.0,0.0
HOSP-1969,The Johns Hopkins Hospital,pulmonology,2024-06-20,1,57.0,60.0,22.0,650.0,0.0
HOSP-1970,The Johns Hopkins Hospital,allergy and immunology,,1,85.0,15.0,15.0,890.0,1.0
HOSP-1972,The Johns Hopkins Hospital,allergy and immunology,2022-06-21,1,11.0,60.0,10.0,1070.0,0.0
HOSP-1972,The Johns Hopkins Hospital,infectious disease or internal medicine,2020-12-15,1,6.0,90.0,14.0,1180.0,0.0
HOSP-1973,The Johns Hopkins Hospital,hepatology or gastroenterology,2021-12-18,1,93.0,120.0,10.0,280.0,1.0
HOSP-1974,The Johns Hopkins Hospital,hepatology or gastroenterology,2020-12-24,1,9.0,45.0,13.0,1560.0,1.0
HOSP-1974,The Johns Hopkins Hospital,pulmonology or allergy and immunology,,1,74.0,45.0,28.0,190.0,1.0
HOSP-1975,The Johns Hopkins Hospital,allergy and immunology,2023-05-17,1,17.0,30.0,4.0,1520.0,0.0
HOSP-1976,The Johns Hopkins Hospital,gastroenterology,2023-01-30,1,17.0,120.0,6.0,370.0,0.0
HOSP-1977,The Johns Hopkins Hospital,neurology,2024-06-19,1,35.0,75.0,11.0,160.0,1.0
HOSP-1979,The Johns Hopkins Hospital,rheumatology,,2,20.0,37.5,19.0,950.0,0.0
HOSP-1980,The Johns Hopkins Hospital,infectious disease,2020-12-27,1,35.0,120.0,11.0,700.0,1.0
HOSP-1980,The Johns Hopkins Hospital,neurology,2022-01-27,1,32.0,15.0,8.0,750.0,1.0
HOSP-1980,The Johns Hopkins Hospital,psychiatry,,1,0.0,45.0,28.0,200.0,0.0
HOSP-1981,The Johns Hopkins Hospital,rheumatology,,1,6.0,90.0,7.0,920.0,0.0
HOSP-1984,The Johns Hopkins Hospital,hepatology,2020-11-13,1,64.0,75.0,18.0,1250.0,0.0
HOSP-1986,The Johns Hopkins Hospital,neurology,,1,85.0,60.0,23.0,1560.0,0.0
HOSP-1986,The Johns Hopkins Hospital,pulmonology,2022-12-24,1,70.0,90.0,6.0,970.0,0.0
HOSP-1986,The Johns Hopkins Hospital,pulmonology or allergy and immunology,,1,61.0,105.0,27.0,330.0,0.0
HOSP-1987,The Johns Hopkins Hospital,infectious disease,,1,14.0,30.0,19.0,940.0,0.0
HOSP-1988,The Johns Hopkins Hospital,nephrology,,2,37.5,90.0,20.0,765.0,1.0
HOSP-1990,The Johns Hopkins Hospital,gastroenterology,2020-12-14,1,94.0,105.0,4.0,170.0,0.0
HOSP-1991,The Johns Hopkins Hospital,rheumatology,2024-02-13,1,5.0,60.0,11.0,760.0,0.0
HOSP-1992,The Johns Hopkins Hospital,cardiology,,1,60.0,90.0,8.0,650.0,0.0
HOSP-1994,The Johns Hopkins Hospital,dermatology,2021-11-22,1,83.0,60.0,8.0,970.0,0.0
HOSP-1994,The Johns Hopkins Hospital,endocrinology,2020-07-30,1,63.0,105.0,5.0,770.0,0.0
HOSP-1994,The Johns Hopkins Hospital,infectious disease,,1,8.0,15.0,9.0,1300.0,0.0
HOSP-1994,The Johns Hopkins Hospital,urology or nephrology,,1,54.0,45.0,12.0,480.0,1.0
HOSP-1995,The Johns Hopkins Hospital,hepatology or gastroenterology,2022-06-30,1,38.0,75.0,23.0,1240.0,0.0
HOSP-1995,The Johns Hopkins Hospital,infectious disease,2021-11-13,1,92.0,105.0,30.0,1260.0,0.0
HOSP-1996,The Johns Hopkins Hospital,gastroenterology,,1,59.0,75.0,1.0,1080.0,1.0
HOSP-1997,The Johns Hopkins Hospital,hepatology,2023-10-18,1,95.0,30.0,28.0,1400.0,1.0
HOSP-1998,The Johns Hopkins Hospital,hepatology or gastroenterology,,1,69.0,15.0,4.0,170.0,1.0
HOSP-1998,The Johns Hopkins Hospital,neurology,2022-07-14,1,0.0,30.0,23.0,1540.0,0.0
HOSP-1999,The Johns Hopkins Hospital,psychiatry,,1,29.0,60.0,24.0,420.0,0.0
HOSP-2000,The Johns Hopkins Hospital,gastroenterology,2020-09-26,1,34.0,60.0,5.0,900.0,0.0
HOSP-2001,The Johns Hopkins Hospital,neurology,2022-02-15,1,29.0,15.0,14.0,950.0,0.0
HOSP-2002,The Johns Hopkins Hospital,infectious disease or internal medicine,,1,79.0,105.0,15.0,270.0,0.0
HOSP-2003,The Johns Hopkins Hospital,dermatology,,1,22.0,30.0,27.0,730.0,0.0
HOSP-2004,The Johns Hopkins Hospital,neurology,,1,11.0,90.0,17.0,320.0,1.0
HOSP-2005,The Johns Hopkins Hospital,pulmonology or allergy and immunology,,1,32.0,30.0,4.0,1060.0,1.0
HOSP-2007,The Johns Hopkins Hospital,cardiology or internal medicine,2021-12-23,1,29.0,45.0,3.0,1030.0,0.0
HOSP-2008,The Johns Hopkins Hospital,psychiatry,,1,7.0,105.0,26.0,1250.0,0.0
HOSP-2009,The Johns Hopkins Hospital,oncology,2022-02-26,1,72.0,45.0,21.0,390.0,1.0
HOSP-2011,The Johns Hopkins Hospital,neurology,2021-08-20,1,59.0,30.0,10.0,230.0,1.0
HOSP-2011,The Johns Hopkins Hospital,neurology,2024-07-22,1,18.0,75.0,7.0,1250.0,0.0
HOSP-2011,The Johns Hopkins Hospital,pulmonology or allergy and immunology,2024-06-30,1,13.0,105.0,16.0,1350.0,0.0
HOSP-2011,The Johns Hopkins Hospital,urology or nephrology,2021-01-18,1,21.0,15.0,18.0,480.0,0.0
HOSP-2012,The Johns Hopkins Hospital,neurology,2022-06-14,1,56.0,60.0,30.0,580.0,1.0
HOSP-2012,The Johns Hopkins Hospital,oncology,2021-03-23,1,23.0,90.0,2.0,120.0,0.0
HOSP-2012,The Johns Hopkins Hospital,oncology,2024-05-25,1,57.0,45.0,22.0,1090.0,1.0
HOSP-2013,The Johns Hopkins Hospital,allergy and immunology,,1,32.0,60.0,28.0,630.0,0.0
HOSP-2013,The Johns Hopkins Hospital,infectious disease or internal medicine,2024-01-27,1,6.0,15.0,4.0,1240.0,1.0
HOSP-2015,The Johns Hopkins Hospital,neurology,2021-05-22,1,39.0,45.0,6.0,1600.0,0.0
HOSP-2016,The Johns Hopkins Hospital,dermatology,2021-08-17,1,80.0,60.0,29.0,1390.0,0.0
HOSP-2017,The Johns Hopkins Hospital,hepatology,,1,31.0,30.0,9.0,800.0,0.0
HOSP-2018,The Johns Hopkins Hospital,cardiology,,1,75.0,120.0,12.0,780.0,0.0
HOSP-2018,The Johns Hopkins Hospital,neurology,2020-09-26,1,48.0,120.0,24.0,180.0,0.0
HOSP-2018,The Johns Hopkins Hospital,urology or nephrology,2020-10-26,1,21.0,15.0,7.0,1210.0,0.0
HOSP-2019,The Johns Hopkins Hospital,pulmonology or allergy and immunology,2023-11-13,1,6.0,45.0,1.0,740.0,1.0
HOSP-2020,The Johns Hopkins Hospital,rheumatology,2021-05-31,1,12.0,30.0,29.0,1350.0,0.0
HOSP-2022,The Johns Hopkins Hospital,neurology,2024-06-24,1,72.0,60.0,25.0,550.0,0.0
HOSP-2024,The Johns Hopkins Hospital,pulmonology,2022-09-15,1,44.0,30.0,26.0,1560.0,0.0
HOSP-2024,The Johns Hopkins Hospital,pulmonology,,1,92.0,45.0,26.0,630.0,0.0
HOSP-2026,The Johns Hopkins Hospital,hepatology,,1,78.0,75.0,8.0,170.0,0.0
HOSP-2026,The Johns Hopkins Hospital,rheumatology,2023-06-30,1,43.0,105.0,14.0,370.0,0.0
HOSP-2030,The Johns Hopkins Hospital,gastroenterology,,1,73.0,15.0,10.0,1300.0,0.0
HOSP-2030,The Johns Hopkins Hospital,neurology,,1,55.0,75.0,1.0,510.0,0.0
HOSP-2032,The Johns Hopkins Hospital,neurology,2022-11-20,1,47.0,60.0,21.0,920.0,0.0
HOSP-2033,The Johns Hopkins Hospital,psychiatry,,1,0.0,75.0,26.0,200.0,1.0
HOSP-2034,The Johns Hopkins Hospital,infectious disease,2023-07-30,1,12.0,75.0,1.0,1350.0,0.0
HOSP-2034,The Johns Hopkins Hospital,psychiatry,,1,22.0,30.0,10.0,500.0,1.0
HOSP-2034,The Johns Hopkins Hospital,urology or nephrology,2023-12-18,1,45.0,75.0,13.0,320.0,0.0
HOSP-2035,The Johns Hopkins Hospital,neurology,2021-06-26,1,18.0,30.0,15.0,570.0,0.0
HOSP-2035,The Johns Hopkins Hospital,psychiatry,2024-02-17,1,62.0,90.0,28.0,1530.0,0.0
HOSP-2036,The Johns Hopkins Hospital,oncology,,1,88.0,105.0,23.0,510.0,0.0
HOSP-2036,The Johns Hopkins Hospital,pulmonology,2022-02-16,1,7.0,15.0,27.0,320.0,1.0
HOSP-2038,The Johns Hopkins Hospital,hepatology or gastroenterology,2022-09-18,1,26.0,105.0,4.0,1150.0,0.0
HOSP-2039,The Johns Hopkins Hospital,psychiatry,,1,84.0,15.0,2.0,810.0,1.0
HOSP-2040,The Johns Hopkins Hospital,nephrology,,1,69.0,30.0,29.0,1030.0,0.0
HOSP-2040,The Johns Hopkins Hospital,neurology,2021-06-19,1,47.0,30.0,26.0,1480.0,0.0
HOSP-2040,The Johns Hopkins Hospital,oncology,,1,61.0,120.0,15.0,920.0,0.0
HOSP-2041,The Johns Hopkins Hospital,gastroenterology,2021-01-19,1,22.0,75.0,28.0,240.0,0.0
HOSP-2042,The Johns Hopkins Hospital,dermatology,2024-07-17,1,8.0,45.0,29.0,510.0,1.0
HOSP-2042,The Johns Hopkins Hospital,infectious disease or internal medicine,2021-06-26,1,71.0,30.0,10.0,1530.0,0.0
HOSP-2042,The Johns Hopkins Hospital,pulmonology or infectious disease,,1,6.0,45.0,18.0,1460.0,0.0
HOSP-2045,The Johns Hopkins Hospital,endocrinology,2023-12-31,1,82.0,15.0,11.0,110.0,0.0
HOSP-2046,The Johns Hopkins Hospital,endocrinology,,1,91.0,30.0,21.0,1450.0,0.0
HOSP-2047,The Johns Hopkins Hospital,dermatology,2023-01-30,1,62.0,60.0,25.0,1560.0,1.0
HOSP-2048,The Johns Hopkins Hospital,endocrinology,,1,73.0,90.0,8.0,1250.0,0.0
HOSP-2048,The Johns Hopkins Hospital,hepatology or gastroenterology,2023-07-21,1,58.0,15.0,14.0,620.0,0.0
HOSP-2049,The Johns Hopkins Hospital,infectious disease or internal medicine,2022-02-20,1,26.0,60.0,25.0,910.0,0.0
HOSP-2049,The Johns Hopkins Hospital,urology or nephrology,,1,58.0,45.0,11.0,1310.0,0.0
HOSP-2051,The Johns Hopkins Hospital,neurology,,1,48.0,60.0,14.0,1500.0,1.0
HOSP-2053,The Johns Hopkins Hospital,oncology,,1,56.0,75.0,12.0,550.0,1.0
HOSP-2054,The Johns Hopkins Hospital,neurology,,1,32.0,90.0,11.0,390.0,1.0
HOSP-2055,The Johns Hopkins Hospital,gastroenterology,2024-05-29,1,60.0,15.0,13.0,180.0,0.0
HOSP-2055,The Johns Hopkins Hospital,infectious disease or internal medicine,,1,91.0,75.0,9.0,1240.0,0.0
HOSP-2060,The Johns Hopkins Hospital,dermatology,,1,43.0,90.0,8.0,1450.0,0.0
HOSP-2060,The Johns Hopkins Hospital,endocrinology,2022-12-20,1,83.0,60.0,12.0,1360.0,0.0
HOSP-2060,The Johns Hopkins Hospital,gastroenterology,,1,26.0,105.0,28.0,300.0,0.0
HOSP-2061,The Johns Hopkins Hospital,hepatology,2023-08-15,1,32.0,60.0,20.0,950.0,0.0
HOSP-2061,The Johns Hopkins Hospital,urology or nephrology,2021-09-27,1,34.0,45.0,6.0,940.0,1.0
HOSP-2064,The Johns Hopkins Hospital,hepatology,,1,78.0,105.0,24.0,1100.0,0.0
HOSP-2064,The Johns Hopkins Hospital,rheumatology,2022-03-20,1,21.0,75.0,14.0,1270.0,1.0
HOSP-2065,The Johns Hopkins Hospital,infectious disease or internal medicine,2023-12-30,1,3.0,45.0,19.0,1490.0,1.0
HOSP-2065,The Johns Hopkins Hospital,pulmonology or allergy and immunology,,1,51.0,120.0,6.0,1550.0,0.0
HOSP-2067,The Johns Hopkins Hospital,endocrinology,,1,71.0,15.0,13.0,920.0,0.0
HOSP-2067,The Johns Hopkins Hospital,infectious disease,,1,42.0,105.0,24.0,1170.0,0.0
HOSP-2069,The Johns Hopkins Hospital,cardiology or internal medicine,2024-02-19,1,52.0,90.0,29.0,1270.0,0.0
HOSP-2069,The Johns Hopkins Hospital,hepatology or gastroenterology,2022-05-19,1,10.0,15.0,15.0,1410.0,0.0
HOSP-2069,The Johns Hopkins Hospital,neurology,,1,86.0,90.0,5.0,750.0,0.0
HOSP-2070,The Johns Hopkins Hospital,endocrinology,2021-05-29,1,10.0,105.0,3.0,910.0,0.0
HOSP-2070,The Johns Hopkins Hospital,gastroenterology,,1,48.0,60.0,11.0,1590.0,0.0
HOSP-2070,The Johns Hopkins Hospital,neurology,,1,32.0,45.0,14.0,750.0,0.0
HOSP-2071,The Johns Hopkins Hospital,neurology,2024-06-20,1,66.0,90.0,10.0,840.0,1.0
HOSP-2071,The Johns Hopkins Hospital,pulmonology or infectious disease,,1,63.0,15.0,10.0,1000.0,1.0
HOSP-2072,The Johns Hopkins Hospital,allergy and immunology,2024-06-13,1,49.0,45.0,23.0,700.0,1.0
HOSP-2072,The Johns Hopkins Hospital,gastroenterology,2020-09-20,1,44.0,45.0,21.0,810.0,1.0
HOSP-2073,The Johns Hopkins Hospital,gastroenterology,2022-01-23,1,35.0,90.0,20.0,960.0,1.0
HOSP-2074,The Johns Hopkins Hospital,cardiology,,1,79.0,120.0,6.0,860.0,0.0
HOSP-2077,The Johns Hopkins Hospital,cardiology,2022-04-19,1,78.0,90.0,12.0,1370.0,1.0
HOSP-2077,The Johns Hopkins Hospital,pulmonology,,1,49.0,30.0,18.0,190.0,1.0
HOSP-2079,The Johns Hopkins Hospital,neurology,2022-02-21,1,41.0,45.0,23.0,1190.0,1.0
HOSP-2080,The Johns Hopkins Hospital,psychiatry,2021-07-22,1,75.0,105.0,26.0,780.0,1.0
HOSP-2081,The Johns Hopkins Hospital,infectious disease or internal medicine,2022-04-30,1,84.0,75.0,12.0,1530.0,1.0
HOSP-2083,The Johns Hopkins Hospital,psychiatry,,1,12.0,75.0,25.0,1300.0,1.0
HOSP-2084,The Johns Hopkins Hospital,infectious disease,,1,90.0,105.0,16.0,1430.0,0.0
HOSP-2085,The Johns Hopkins Hospital,neurology,,1,68.0,45.0,10.0,160.0,0.0
HOSP-2086,The Johns Hopkins Hospital,allergy and immunology,2023-09-17,1,59.0,75.0,21.0,970.0,1.0
HOSP-2086,The Johns Hopkins Hospital,oncology,,1,4.0,120.0,27.0,490.0,0.0
HOSP-2088,The Johns Hopkins Hospital,psychiatry,2022-10-25,1,48.0,120.0,10.0,920.0,0.0
HOSP-2089,The Johns Hopkins Hospital,dermatology,,1,13.0,75.0,11.0,1440.0,0.0
HOSP-2090,The Johns Hopkins Hospital,pulmonology or infectious disease,2022-10-30,1,89.0,60.0,15.0,440.0,0.0
HOSP-2094,The Johns Hopkins Hospital,dermatology,,1,24.0,45.0,27.0,310.0,1.0
HOSP-2094,The Johns Hopkins Hospital,urology or nephrology,2020-11-13,1,77.0,30.0,12.0,1290.0,0.0
HOSP-2095,The Johns Hopkins Hospital,gastroenterology,2021-04-16,1,91.0,30.0,2.0,620.0,1.0
HOSP-2097,The Johns Hopkins Hospital,neurology,2022-06-27,1,76.0,105.0,23.0,950.0,0.0
HOSP-2098,The Johns Hopkins Hospital,gastroenterology,2023-12-31,1,2.0,90.0,21.0,640.0,1.0
HOSP-2098,The Johns Hopkins Hospital,neurology,,1,25.0,45.0,26.0,1360.0,1.0
HOSP-2099,The Johns Hopkins Hospital,oncology,2022-01-18,1,84.0,120.0,1.0,320.0,1.0
HOSP-2099,The Johns Hopkins Hospital,psychiatry,2023-10-27,1,83.0,45.0,19.0,640.0,0.0
HOSP-2100,The Johns Hopkins Hospital,hepatology or gastroenterology,,1,90.0,15.0,29.0,1270.0,0.0
HOSP-2101,The Johns Hopkins Hospital,gastroenterology,2023-03-16,1,93.0,90.0,25.0,940.0,1.0
HOSP-2101,The Johns Hopkins Hospital,gastroenterology,,2,53.0,60.0,2.0,790.0,1.0
HOSP-2103,The Johns Hopkins Hospital,neurology,,2,35.5,112.5,17.5,1065.0,0.0
HOSP-2103,The Johns Hopkins Hospital,urology or nephrology,,1,81.0,120.0,12.0,420.0,1.0
HOSP-2104,The Johns Hopkins Hospital,neurology,2021-02-16,1,1.0,120.0,21.0,400.0,1.0
HOSP-2104,The Johns Hopkins Hospital,neurology,,1,48.0,105.0,28.0,580.0,1.0
HOSP-2104,The Johns Hopkins Hospital,urology or nephrology,,1,46.0,90.0,6.0,710.0,0.0
HOSP-2105,The Johns Hopkins Hospital,pulmonology,2024-05-21,1,81.0,75.0,28.0,110.0,0.0
HOSP-2109,The Johns Hopkins Hospital,hepatology,2022-03-23,1,6.0,30.0,8.0,810.0,0.0
HOSP-2109,The Johns Hopkins Hospital,neurology,,1,9.0,105.0,29.0,510.0,1.0
HOSP-2109,The Johns Hopkins Hospital,pulmonology or allergy and immunology,,1,91.0,105.0,26.0,300.0,0.0
HOSP-2111,The Johns Hopkins Hospital,infectious disease or internal medicine,2023-01-13,1,64.0,30.0,29.0,1300.0,1.0
HOSP-2111,The Johns Hopkins Hospital,oncology,2020-11-14,1,63.0,15.0,16.0,1190.0,0.0
HOSP-2114,The Johns Hopkins Hospital,gastroenterology,2022-01-26,1,80.0,90.0,21.0,1210.0,0.0
HOSP-2114,The Johns Hopkins Hospital,hepatology,2021-06-24,1,7.0,60.0,6.0,960.0,1.0
HOSP-2114,The Johns Hopkins Hospital,psychiatry,,1,83.0,75.0,15.0,640.0,1.0
HOSP-2115,The Johns Hopkins Hospital,gastroenterology,,1,92.0,90.0,9.0,140.0,0.0
HOSP-2115,The Johns Hopkins Hospital,psychiatry,2023-04-28,1,62.0,120.0,14.0,600.0,1.0
HOSP-2115,The Johns Hopkins Hospital,rheumatology,2023-02-19,1,20.0,15.0,6.0,1410.0,1.0
HOSP-2116,The Johns Hopkins Hospital,gastroenterology,,1,66.0,90.0,16.0,1160.0,0.0
HOSP-2116,The Johns Hopkins Hospital,hepatology,,1,56.0,75.0,7.0,1520.0,0.0
HOSP-2116,The Johns Hopkins Hospital,neurology,2022-12-28,1,30.0,75.0,22.0,210.0,0.0
HOSP-2118,The Johns Hopkins Hospital,endocrinology,2024-01-25,1,83.0,30.0,1.0,1300.0,0.0
HOSP-2119,The Johns Hopkins Hospital,endocrinology,,1,55.0,15.0,13.0,1460.0,1.0
HOSP-2120,The Johns Hopkins Hospital,gastroenterology,,1,33.0,15.0,18.0,1040.0,1.0
HOSP-2120,The Johns Hopkins Hospital,urology or nephrology,,1,88.0,15.0,20.0,750.0,0.0
HOSP-2121,The Johns Hopkins Hospital,oncology,2023-05-14,1,37.0,45.0,8.0,1470.0,0.0
HOSP-2122,The Johns Hopkins Hospital,infectious disease or internal medicine,2023-05-26,1,27.0,60.0,15.0,720.0,0.0
HOSP-2122,The Johns Hopkins Hospital,neurology,2022-08-21,1,9.0,30.0,24.0,650.0,0.0
HOSP-2124,The Johns Hopkins Hospital,neurology,2023-07-31,1,66.0,75.0,20.0,380.0,0.0
HOSP-2125,The Johns Hopkins Hospital,infectious disease or internal medicine,2022-01-16,1,45.0,15.0,19.0,1510.0,0.0
HOSP-2127,The Johns Hopkins Hospital,neurology,,1,48.0,105.0,23.0,720.0,1.0
HOSP-2129,The Johns Hopkins Hospital,neurology,2024-05-28,1,14.0,30.0,1.0,790.0,0.0
HOSP-2131,The Johns Hopkins Hospital,cardiology or internal medicine,2024-03-16,1,5.0,120.0,21.0,340.0,0.0
HOSP-2131,The Johns Hopkins Hospital,gastroenterology,,1,1.0,120.0,28.0,1060.0,0.0
HOSP-2131,The Johns Hopkins Hospital,infectious disease,,1,47.0,60.0,30.0,610.0,0.0
HOSP-2131,The Johns Hopkins Hospital,nephrology,2023-05-29,1,85.0,120.0,16.0,300.0,0.0
HOSP-2131,The Johns Hopkins Hospital,neurology,2022-09-25,1,27.0,15.0,29.0,770.0,0.0
HOSP-2135,The Johns Hopkins Hospital,gastroenterology,2022-01-21,1,59.0,45.0,28.0,320.0,1.0
HOSP-2137,The Johns Hopkins Hospital,cardiology,2020-09-22,1,68.0,105.0,27.0,280.0,0.0
HOSP-2137,The Johns Hopkins Hospital,gastroenterology,,1,35.0,15.0,26.0,370.0,0.0
HOSP-2137,The Johns Hopkins Hospital,neurology,,1,46.0,45.0,12.0,1140.0,0.0
HOSP-2138,The Johns Hopkins Hospital,urology or nephrology,2021-03-21,1,84.0,105.0,14.0,410.0,0.0
HOSP-2139,The Johns Hopkins Hospital,oncology,2024-02-20,1,67.0,45.0,26.0,1580.0,1.0
HOSP-2140,The Johns Hopkins Hospital,endocrinology,2020-07-29,1,77.0,60.0,18.0,430.0,0.0
HOSP-2143,The Johns Hopkins Hospital,hepatology,,1,73.0,90.0,20.0,1400.0,0.0
HOSP-2143,The Johns Hopkins Hospital,infectious disease or internal medicine,,1,12.0,60.0,2.0,430.0,0.0
HOSP-2144,The Johns Hopkins Hospital,gastroenterology,2021-01-29,1,42.0,105.0,21.0,1160.0,0.0
HOSP-2144,The Johns Hopkins Hospital,rheumatology,,1,57.0,90.0,11.0,1030.0,0.0
HOSP-2145,The Johns Hopkins Hospital,infectious disease or internal medicine,2022-09-16,1,68.0,30.0,27.0,630.0,1.0
HOSP-2145,The Johns Hopkins Hospital,neurology,2021-07-19,1,9.0,30.0,16.0,1510.0,0.0
HOSP-2150,The Johns Hopkins Hospital,neurology,2020-10-13,1,13.0,120.0,14.0,890.0,0.0
HOSP-2151,The Johns Hopkins Hospital,neurology,2024-05-22,1,60.0,45.0,15.0,710.0,0.0
HOSP-2152,The Johns Hopkins Hospital,neurology,2023-03-16,1,35.0,30.0,1.0,1080.0,0.0
HOSP-2153,The Johns Hopkins Hospital,cardiology or internal medicine,2023-03-27,1,3.0,45.0,8.0,960.0,0.0
HOSP-2153,The Johns Hopkins Hospital,nephrology,,1,51.0,60.0,4.0,350.0,0.0
HOSP-2154,The Johns Hopkins Hospital,dermatology,2024-02-17,1,82.0,75.0,28.0,1390.0,0.0
HOSP-2154,The Johns Hopkins Hospital,hepatology,2021-01-23,1,41.0,90.0,22.0,1060.0,1.0
HOSP-2154,The Johns Hopkins Hospital,pulmonology or infectious disease,2022-05-29,1,90.0,90.0,13.0,1320.0,0.0
HOSP-2155,The Johns Hopkins Hospital,infectious disease or internal medicine,,1,47.0,75.0,7.0,900.0,0.0
HOSP-2156,The Johns Hopkins Hospital,dermatology,,1,33.0,105.0,10.0,360.0,0.0
HOSP-2156,The Johns Hopkins Hospital,rheumatology,2021-10-25,1,80.0,105.0,21.0,440.0,1.0
HOSP-2157,The Johns Hopkins Hospital,infectious disease or internal medicine,2022-06-24,1,80.0,45.0,1.0,1250.0,1.0
HOSP-2161,The Johns Hopkins Hospital,dermatology,2020-10-20,1,8.0,60.0,28.0,1330.0,1.0
HOSP-2161,The Johns Hopkins Hospital,neurology,,1,76.0,60.0,5.0,1090.0,0.0
HOSP-2164,The Johns Hopkins Hospital,psychiatry,2021-10-20,1,92.0,30.0,15.0,1500.0,1.0
HOSP-2165,The Johns Hopkins Hospital,cardiology or internal medicine,2023-05-24,1,80.0,105.0,28.0,1050.0,0.0
HOSP-2165,The Johns Hopkins Hospital,endocrinology,2022-07-30,1,72.0,105.0,19.0,1210.0,0.0
HOSP-2166,The Johns Hopkins Hospital,cardiology,2022-08-15,1,5.0,15.0,5.0,1370.0,0.0
HOSP-2167,The Johns Hopkins Hospital,rheumatology,2023-03-20,1,82.0,105.0,14.0,320.0,0.0
HOSP-2168,The Johns Hopkins Hospital,hepatology or gastroenterology,2021-08-23,1,5.0,30.0,20.0,1530.0,0.0
HOSP-2169,The Johns Hopkins Hospital,infectious disease,2023-06-19,1,87.0,120.0,6.0,550.0,0.0
HOSP-2169,The Johns Hopkins Hospital,infectious disease or internal medicine,2022-09-19,1,9.0,75.0,22.0,1160.0,0.0
HOSP-2172,The Johns Hopkins Hospital,rheumatology,2020-11-23,1,64.0,60.0,11.0,1310.0,0.0
HOSP-2173,The Johns Hopkins Hospital,gastroenterology,,1,6.0,45.0,29.0,1500.0,0.0
HOSP-2173,The Johns Hopkins Hospital,nephrology,,1,9.0,30.0,17.0,110.0,0.0
HOSP-2174,The Johns Hopkins Hospital,endocrinology,2022-03-23,1,48.0,90.0,14.0,650.0,0.0
HOSP-2176,The Johns Hopkins Hospital,gastroenterology,2023-06-23,1,66.0,75.0,29.0,740.0,0.0
HOSP-2176,The Johns Hopkins Hospital,infectious disease or internal medicine,2023-12-16,1,71.0,30.0,13.0,390.0,0.0
HOSP-2176,The Johns Hopkins Hospital,neurology,2021-03-20,1,69.0,15.0,8.0,1040.0,1.0
HOSP-2177,The Johns Hopkins Hospital,hepatology or gastroenterology,2023-06-28,1,69.0,120.0,23.0,550.0,0.0
HOSP-2177,The Johns Hopkins Hospital,neurology,2020-11-13,1,55.0,60.0,3.0,760.0,0.0
HOSP-2177,The Johns Hopkins Hospital,rheumatology,,1,60.0,45.0,27.0,1580.0,1.0
HOSP-2178,The Johns Hopkins Hospital,neurology,2022-07-26,1,1.0,45.0,26.0,120.0,1.0
HOSP-2179,The Johns Hopkins Hospital,gastroenterology,2020-09-27,1,65.0,90.0,4.0,330.0,0.0
HOSP-2179,The Johns Hopkins Hospital,rheumatology,,1,48.0,75.0,18.0,1300.0,1.0
HOSP-2182,The Johns Hopkins Hospital,gastroenterology,2023-05-20,1,29.0,105.0,23.0,700.0,1.0
HOSP-2185,The Johns Hopkins Hospital,nephrology,2023-02-15,1,32.0,15.0,10.0,160.0,1.0
HOSP-2186,The Johns Hopkins Hospital,oncology,2020-08-25,1,30.0,120.0,12.0,100.0,1.0
HOSP-2188,The Johns Hopkins Hospital,pulmonology,,1,35.0,60.0,2.0,980.0,0.0
HOSP-2189,The Johns Hopkins Hospital,infectious disease,,1,39.0,105.0,5.0,1480.0,0.0
HOSP-2189,The Johns Hopkins Hospital,urology or nephrology,2023-08-27,1,48.0,30.0,6.0,190.0,0.0
HOSP-2190,The Johns Hopkins Hospital,nephrology,2022-05-19,1,10.0,60.0,16.0,910.0,0.0
HOSP-2191,The Johns Hopkins Hospital,infectious disease or internal medicine,,1,54.0,90.0,27.0,1250.0,0.0
HOSP-2191,The Johns Hopkins Hospital,neurology,2022-12-18,1,79.0,75.0,24.0,1450.0,1.0
HOSP-2191,The Johns Hopkins Hospital,neurology,,1,27.0,75.0,2.0,1030.0,0.0
HOSP-2194,The Johns Hopkins Hospital,infectious disease or internal medicine,2021-04-15,1,49.0,105.0,24.0,650.0,0.0
HOSP-2196,The Johns Hopkins Hospital,gastroenterology,2022-02-16,1,25.0,120.0,13.0,690.0,0.0
HOSP-2197,The Johns Hopkins Hospital,neurology,,1,53.0,15.0,25.0,560.0,1.0
HOSP-2197,The Johns Hopkins Hospital,urology or nephrology,,1,24.0,30.0,12.0,600.0,1.0
HOSP-2198,The Johns Hopkins Hospital,hepatology,,1,48.0,45.0,3.0,970.0,0.0
HOSP-2199,The Johns Hopkins Hospital,neurology,,1,7.0,75.0,13.0,830.0,1.0
HOSP-2199,The Johns Hopkins Hospital,psychiatry,2023-12-20,1,30.0,60.0,23.0,1280.0,1.0
HOSP-2200,The Johns Hopkins Hospital,cardiology,,1,92.0,60.0,16.0,1520.0,0.0
HOSP-2200,The Johns Hopkins Hospital,cardiology or internal medicine,,1,80.0,45.0,21.0,620.0,0.0
HOSP-2200,The Johns Hopkins Hospital,dermatology,2023-05-15,1,85.0,120.0,17.0,1060.0,0.0
HOSP-2200,The Johns Hopkins Hospital,infectious disease,,1,11.0,120.0,26.0,770.0,0.0
HOSP-2203,The Johns Hopkins Hospital,allergy and immunology,2020-09-22,1,60.0,60.0,24.0,1540.0,0.0
HOSP-2204,The Johns Hopkins Hospital,infectious disease or internal medicine,2022-03-26,1,28.0,75.0,27.0,560.0,0.0
HOSP-2205,The Johns Hopkins Hospital,psychiatry,,1,22.0,30.0,6.0,260.0,0.0
HOSP-2206,The Johns Hopkins Hospital,allergy and immunology,,1,13.0,60.0,2.0,400.0,0.0
HOSP-2206,The Johns Hopkins Hospital,neurology,,2,72.5,52.5,13.0,595.0,1.0
HOSP-2208,The Johns Hopkins Hospital,gastroenterology,2022-02-25,1,69.0,90.0,3.0,1060.0,1.0
HOSP-2209,The Johns Hopkins Hospital,psychiatry,2023-09-26,1,65.0,75.0,4.0,1550.0,1.0
HOSP-2209,The Johns Hopkins Hospital,psychiatry,,1,80.0,45.0,19.0,520.0,1.0
HOSP-2211,The Johns Hopkins Hospital,gastroenterology,2020-09-15,1,25.0,30.0,30.0,1450.0,0.0
HOSP-2211,The Johns Hopkins Hospital,gastroenterology,2022-01-25,1,37.0,30.0,28.0,700.0,0.0
HOSP-2211,The Johns Hopkins Hospital,neurology,2022-01-25,1,8.0,15.0,14.0,750.0,0.0
HOSP-2212,The Johns Hopkins Hospital,endocrinology,2021-11-22,1,16.0,120.0,10.0,1360.0,0.0
HOSP-2212,The Johns Hopkins Hospital,gastroenterology,2021-01-13,1,46.0,45.0,27.0,1080.0,0.0
HOSP-2212,The Johns Hopkins Hospital,hepatology,2021-05-29,1,22.0,45.0,13.0,450.0,1.0
HOSP-2213,The Johns Hopkins Hospital,psychiatry,,1,74.0,120.0,2.0,950.0,0.0
HOSP-2216,The Johns Hopkins Hospital,neurology,,1,47.0,45.0,7.0,200.0,0.0
HOSP-2216,The Johns Hopkins Hospital,urology or nephrology,,1,31.0,15.0,20.0,1210.0,1.0
HOSP-2217,The Johns Hopkins Hospital,neurology,,1,88.0,90.0,13.0,580.0,0.0
HOSP-2217,The Johns Hopkins Hospital,oncology,2023-03-18,1,80.0,105.0,13.0,1050.0,0.0
HOSP-2218,The Johns Hopkins Hospital,infectious disease or internal medicine,,1,92.0,105.0,1.0,1400.0,0.0
HOSP-2220,The Johns Hopkins Hospital,neurology,2022-10-21,1,65.0,30.0,9.0,1130.0,0.0
HOSP-2220,The Johns Hopkins Hospital,oncology,2023-05-28,1,20.0,60.0,18.0,320.0,1.0
HOSP-2220,The Johns Hopkins Hospital,oncology,,1,78.0,60.0,3.0,420.0,1.0
HOSP-2223,The Johns Hopkins Hospital,gastroenterology,2022-10-20,1,71.0,105.0,24.0,600.0,1.0
HOSP-2223,The Johns Hopkins Hospital,oncology,2021-05-30,1,15.0,75.0,20.0,1540.0,0.0
HOSP-2224,The Johns Hopkins Hospital,gastroenterology,,1,34.0,120.0,14.0,240.0,0.0
HOSP-2225,The Johns Hopkins Hospital,pulmonology or allergy and immunology,2023-08-30,1,30.0,30.0,16.0,1070.0,1.0
HOSP-2226,The Johns Hopkins Hospital,neurology,,1,25.0,30.0,15.0,190.0,0.0
HOSP-2226,The Johns Hopkins Hospital,pulmonology,2024-04-30,1,16.0,15.0,18.0,500.0,0.0
HOSP-2227,The Johns Hopkins Hospital,urology or nephrology,,1,47.0,45.0,5.0,440.0,1.0
HOSP-2228,The Johns Hopkins Hospital,endocrinology,,1,72.0,90.0,3.0,860.0,1.0
HOSP-2228,The Johns Hopkins Hospital,hepatology or gastroenterology,2021-07-29,1,41.0,120.0,27.0,770.0,0.0
HOSP-2228,The Johns Hopkins Hospital,neurology,2021-09-29,1,54.0,105.0,11.0,1200.0,0.0
HOSP-2228,The Johns Hopkins Hospital,neurology,2022-03-14,1,64.0,30.0,8.0,820.0,1.0
HOSP-2228,The Johns Hopkins Hospital,rheumatology,,1,51.0,60.0,24.0,960.0,0.0
HOSP-2230,The Johns Hopkins Hospital,infectious disease or internal medicine,2021-07-22,1,22.0,120.0,27.0,540.0,1.0
HOSP-2231,The Johns Hopkins Hospital,infectious disease,,1,76.0,30.0,10.0,1460.0,0.0
HOSP-2232,The Johns Hopkins Hospital,cardiology,2020-11-15,1,72.0,120.0,25.0,1100.0,1.0
HOSP-2233,The Johns Hopkins Hospital,neurology,,1,74.0,120.0,17.0,570.0,1.0
HOSP-2233,The Johns Hopkins Hospital,urology or nephrology,2023-05-20,1,20.0,15.0,17.0,1100.0,1.0
HOSP-2235,The Johns Hopkins Hospital,oncology,2022-07-19,1,32.0,75.0,25.0,920.0,1.0
HOSP-2236,The Johns Hopkins Hospital,endocrinology,2021-03-23,1,20.0,45.0,20.0,1260.0,0.0
HOSP-2237,The Johns Hopkins Hospital,rheumatology,2022-01-20,1,28.0,30.0,20.0,440.0,0.0
HOSP-2238,The Johns Hopkins Hospital,gastroenterology,,1,57.0,120.0,22.0,1160.0,0.0
HOSP-2238,The Johns Hopkins Hospital,infectious disease,2021-05-25,1,31.0,45.0,22.0,660.0,1.0
HOSP-2238,The Johns Hopkins Hospital,oncology,,1,34.0,45.0,21.0,830.0,0.0
HOSP-2239,The Johns Hopkins Hospital,allergy and immunology,2022-07-18,1,67.0,90.0,27.0,490.0,0.0
HOSP-2239,The Johns Hopkins Hospital,hepatology or gastroenterology,2023-09-13,1,18.0,75.0,5.0,510.0,0.0
HOSP-2239,The Johns Hopkins Hospital,infectious disease,2023-08-18,1,76.0,15.0,6.0,460.0,1.0
HOSP-2240,The Johns Hopkins Hospital,endocrinology,2023-01-13,1,24.0,60.0,8.0,810.0,1.0
HOSP-2240,The Johns Hopkins Hospital,pulmonology or allergy and immunology,,1,83.0,60.0,26.0,720.0,1.0
HOSP-2241,The Johns Hopkins Hospital,gastroenterology,,1,78.0,30.0,6.0,230.0,0.0
HOSP-2241,The Johns Hopkins Hospital,oncology,,1,22.0,30.0,5.0,1420.0,1.0
HOSP-2242,The Johns Hopkins Hospital,infectious disease,,1,16.0,105.0,19.0,200.0,1.0
HOSP-2242,The Johns Hopkins Hospital,nephrology,,1,9.0,60.0,6.0,1060.0,0.0
HOSP-2243,The Johns Hopkins Hospital,pulmonology,2023-04-18,1,89.0,75.0,23.0,990.0,0.0
HOSP-2243,The Johns Hopkins Hospital,pulmonology or infectious disease,2023-12-22,1,50.0,75.0,21.0,330.0,0.0
HOSP-2244,The Johns Hopkins Hospital,neurology,2023-01-19,1,23.0,105.0,13.0,1580.0,1.0
HOSP-2244,The Johns Hopkins Hospital,urology or nephrology,,1,69.0,90.0,21.0,1050.0,1.0
HOSP-2248,The Johns Hopkins Hospital,infectious disease,2022-02-16,1,47.0,30.0,17.0,1530.0,0.0
HOSP-2248,The Johns Hopkins Hospital,nephrology,,1,60.0,15.0,5.0,730.0,0.0
HOSP-2249,The Johns Hopkins Hospital,pulmonology or allergy and immunology,2021-06-28,1,5.0,120.0,6.0,260.0,1.0
HOSP-2250,The Johns Hopkins Hospital,nephrology,2021-06-16,1,8.0,75.0,17.0,1430.0,0.0
HOSP-2250,The Johns Hopkins Hospital,neurology,,1,41.0,90.0,10.0,290.0,0.0
HOSP-2251,The Johns Hopkins Hospital,dermatology,,1,16.0,120.0,26.0,1060.0,1.0
HOSP-2251,The Johns Hopkins Hospital,hepatology or gastroenterology,,1,92.0,120.0,16.0,860.0,1.0
HOSP-2252,The Johns Hopkins Hospital,neurology,2021-04-14,1,58.0,75.0,23.0,920.0,0.0
HOSP-2253,The Johns Hopkins Hospital,infectious disease,,1,0.0,75.0,10.0,1200.0,1.0
HOSP-2254,The Johns Hopkins Hospital,cardiology,2023-07-25,1,3.0,75.0,1.0,550.0,0.0
HOSP-2256,The Johns Hopkins Hospital,neurology,2021-12-26,1,14.0,90.0,8.0,1000.0,0.0
HOSP-2256,The Johns Hopkins Hospital,neurology,,1,53.0,75.0,6.0,630.0,0.0
HOSP-2257,The Johns Hopkins Hospital,neurology,2021-01-20,1,95.0,75.0,20.0,1030.0,0.0
HOSP-2259,The Johns Hopkins Hospital,oncology,,1,15.0,30.0,21.0,320.0,1.0
HOSP-2260,The Johns Hopkins Hospital,neurology,,1,46.0,75.0,22.0,610.0,0.0
HOSP-2261,The Johns Hopkins Hospital,dermatology,2024-03-22,1,50.0,30.0,13.0,1010.0,1.0
HOSP-2261,The Johns Hopkins Hospital,rheumatology,,1,47.0,30.0,9.0,590.0,0.0
HOSP-2262,The Johns Hopkins Hospital,infectious disease or internal medicine,2023-05-18,1,55.0,75.0,12.0,160.0,0.0
HOSP-2263,The Johns Hopkins Hospital,infectious disease,2023-04-18,1,34.0,15.0,26.0,1230.0,0.0
HOSP-2264,The Johns Hopkins Hospital,infectious disease or internal medicine,2020-10-18,1,40.0,15.0,4.0,300.0,0.0
HOSP-2265,The Johns Hopkins Hospital,neurology,2022-01-15,1,53.0,60.0,9.0,1580.0,1.0
HOSP-2265,The Johns Hopkins Hospital,rheumatology,2023-03-28,1,75.0,75.0,29.0,1360.0,1.0
HOSP-2266,The Johns Hopkins Hospital,rheumatology,2023-01-22,1,91.0,120.0,21.0,1330.0,1.0
HOSP-2267,The Johns Hopkins Hospital,neurology,2023-04-14,1,90.0,60.0,22.0,370.0,0.0
HOSP-2267,The Johns Hopkins Hospital,neurology,,1,72.0,75.0,16.0,820.0,0.0
HOSP-2268,The Johns Hopkins Hospital,infectious disease or internal medicine,,1,60.0,120.0,19.0,950.0,0.0
HOSP-2268,The Johns Hopkins Hospital,psychiatry,2023-07-25,1,42.0,15.0,16.0,150.0,0.0
HOSP-2269,The Johns Hopkins Hospital,psychiatry,2022-09-24,1,9.0,30.0,14.0,1290.0,1.0
HOSP-2271,The Johns Hopkins Hospital,psychiatry,,1,61.0,105.0,19.0,220.0,0.0
HOSP-2272,The Johns Hopkins Hospital,neurology,2023-03-26,1,50.0,30.0,7.0,1540.0,1.0
HOSP-2273,The Johns Hopkins Hospital,psychiatry,,1,25.0,90.0,9.0,640.0,0.0
HOSP-2274,The Johns Hopkins Hospital,cardiology or internal medicine,,1,59.0,30.0,5.0,1580.0,0.0
HOSP-2274,The Johns Hopkins Hospital,endocrinology,,1,44.0,15.0,30.0,1320.0,1.0
HOSP-2274,The Johns Hopkins Hospital,gastroenterology,2023-09-25,1,12.0,60.0,25.0,340.0,0.0
HOSP-2274,The Johns Hopkins Hospital,neurology,2021-09-18,1,95.0,75.0,15.0,1280.0,1.0
HOSP-2274,The Johns Hopkins Hospital,pulmonology,2023-06-26,1,95.0,30.0,11.0,300.0,1.0
HOSP-2276,The Johns Hopkins Hospital,neurology,2021-02-28,1,89.0,30.0,26.0,1500.0,0.0
HOSP-2277,The Johns Hopkins Hospital,gastroenterology,2023-09-17,1,54.0,120.0,28.0,1440.0,0.0
HOSP-2277,The Johns Hopkins Hospital,infectious disease or internal medicine,,1,47.0,90.0,23.0,590.0,0.0
HOSP-2277,The Johns Hopkins Hospital,neurology,2024-02-26,1,92.0,45.0,9.0,520.0,0.0
HOSP-2277,The Johns Hopkins Hospital,rheumatology,,1,29.0,30.0,6.0,1430.0,0.0
HOSP-2279,The Johns Hopkins Hospital,oncology,2021-11-26,1,83.0,90.0,18.0,140.0,0.0
HOSP-2280,The Johns Hopkins Hospital,endocrinology,,1,32.0,75.0,29.0,1590.0,0.0
HOSP-2280,The Johns Hopkins Hospital,rheumatology,,1,23.0,60.0,22.0,430.0,0.0
HOSP-2285,The Johns Hopkins Hospital,hepatology or gastroenterology,,1,83.0,105.0,4.0,1210.0,0.0
HOSP-2286,The Johns Hopkins Hospital,psychiatry,2022-09-23,1,83.0,15.0,9.0,1160.0,1.0
HOSP-2287,The Johns Hopkins Hospital,psychiatry,,1,81.0,60.0,8.0,1540.0,0.0
HOSP-2288,The Johns Hopkins Hospital,rheumatology,,1,60.0,60.0,1.0,630.0,0.0
HOSP-2289,The Johns Hopkins Hospital,gastroenterology,2023-06-22,1,6.0,15.0,13.0,1390.0,1.0
HOSP-2289,The Johns Hopkins Hospital,psychiatry,,1,94.0,75.0,1.0,1480.0,0.0
HOSP-2291,The Johns Hopkins Hospital,infectious disease,,1,9.0,45.0,12.0,700.0,0.0
HOSP-2291,The Johns Hopkins Hospital,neurology,2024-04-27,1,80.0,75.0,11.0,280.0,1.0
HOSP-2292,The Johns Hopkins Hospital,neurology,2021-08-26,1,10.0,45.0,7.0,1280.0,1.0
HOSP-2294,The Johns Hopkins Hospital,neurology,2021-07-27,1,15.0,30.0,15.0,300.0,0.0
HOSP-2294,The Johns Hopkins Hospital,pulmonology or allergy and immunology,,1,28.0,45.0,4.0,180.0,1.0
HOSP-2299,The Johns Hopkins Hospital,oncology,2023-10-26,1,33.0,30.0,21.0,870.0,1.0
HOSP-2301,The Johns Hopkins Hospital,gastroenterology,2021-08-24,1,56.0,105.0,20.0,1460.0,0.0
HOSP-2301,The Johns Hopkins Hospital,gastroenterology,2024-05-29,1,20.0,90.0,29.0,710.0,0.0
HOSP-2303,The Johns Hopkins Hospital,endocrinology,,1,81.0,30.0,2.0,210.0,1.0
HOSP-2303,The Johns Hopkins Hospital,neurology,2024-06-25,1,57.0,30.0,27.0,1160.0,0.0
HOSP-2305,The Johns Hopkins Hospital,gastroenterology,2023-02-13,1,3.0,30.0,27.0,1090.0,0.0
HOSP-2305,The Johns Hopkins Hospital,oncology,2023-09-13,1,46.0,105.0,1.0,1230.0,0.0
HOSP-2306,The Johns Hopkins Hospital,infectious disease or internal medicine,2023-07-22,1,11.0,30.0,18.0,840.0,0.0
HOSP-2307,The Johns Hopkins Hospital,neurology,,1,84.0,45.0,10.0,1490.0,1.0
HOSP-2309,The Johns Hopkins Hospital,pulmonology,2021-11-14,1,26.0,75.0,28.0,1540.0,0.0
HOSP-2311,The Johns Hopkins Hospital,dermatology,2024-03-20,1,6.0,120.0,13.0,1550.0,0.0
HOSP-2312,The Johns Hopkins Hospital,neurology,,1,33.0,120.0,18.0,190.0,1.0
HOSP-2313,The Johns Hopkins Hospital,oncology,2023-05-20,1,20.0,105.0,7.0,350.0,0.0
HOSP-2314,The Johns Hopkins Hospital,infectious disease or internal medicine,2021-04-15,1,65.0,60.0,23.0,1290.0,0.0
HOSP-2315,The Johns Hopkins Hospital,cardiology,2024-01-21,1,37.0,45.0,16.0,1170.0,1.0
HOSP-2315,The Johns Hopkins Hospital,hepatology or gastroenterology,,1,40.0,75.0,20.0,240.0,0.0
HOSP-2315,The Johns Hopkins Hospital,infectious disease,2024-06-30,1,57.0,90.0,15.0,1220.0,0.0
HOSP-2315,The Johns Hopkins Hospital,neurology,2020-12-21,1,33.0,45.0,8.0,1490.0,0.0
HOSP-2315,The Johns Hopkins Hospital,pulmonology or allergy and immunology,,1,32.0,30.0,27.0,260.0,1.0
HOSP-2317,The Johns Hopkins Hospital,infectious disease or internal medicine,2020-07-27,1,90.0,60.0,10.0,650.0,1.0
HOSP-2317,The Johns Hopkins Hospital,rheumatology,,1,40.0,30.0,4.0,840.0,1.0
HOSP-2318,The Johns Hopkins Hospital,urology or nephrology,2022-08-18,1,60.0,30.0,22.0,910.0,0.0
HOSP-2319,The Johns Hopkins Hospital,gastroenterology,,1,27.0,90.0,24.0,1430.0,0.0
HOSP-2319,The Johns Hopkins Hospital,infectious disease or internal medicine,,1,27.0,75.0,8.0,850.0,0.0
HOSP-2321,The Johns Hopkins Hospital,infectious disease,2021-12-26,1,23.0,45.0,22.0,800.0,0.0
HOSP-2322,The Johns Hopkins Hospital,allergy and immunology,2022-06-20,1,72.0,15.0,1.0,1600.0,1.0
HOSP-2323,The Johns Hopkins Hospital,allergy and immunology,2022-06-26,1,36.0,15.0,8.0,520.0,0.0
HOSP-2326,The Johns Hopkins Hospital,dermatology,,1,75.0,30.0,24.0,1010.0,0.0
HOSP-2326,The Johns Hopkins Hospital,infectious disease or internal medicine,2023-08-31,1,64.0,75.0,9.0,160.0,0.0
HOSP-2326,The Johns Hopkins Hospital,neurology,,1,56.0,90.0,15.0,1410.0,0.0
HOSP-2328,The Johns Hopkins Hospital,pulmonology or infectious disease,2023-09-16,1,53.0,120.0,11.0,940.0,0.0
HOSP-2330,The Johns Hopkins Hospital,cardiology or internal medicine,2023-03-13,1,18.0,90.0,16.0,400.0,0.0
HOSP-2330,The Johns Hopkins Hospital,infectious disease or internal medicine,2020-12-19,1,24.0,30.0,19.0,1410.0,0.0
HOSP-2330,The Johns Hopkins Hospital,neurology,2023-12-31,1,17.0,105.0,15.0,1330.0,0.0
HOSP-2330,The Johns Hopkins Hospital,pulmonology,,1,80.0,90.0,28.0,680.0,1.0
HOSP-2330,The Johns Hopkins Hospital,rheumatology,2022-10-19,1,82.0,45.0,17.0,1440.0,0.0
HOSP-2332,The Johns Hopkins Hospital,gastroenterology,2020-08-26,1,40.0,15.0,22.0,1580.0,0.0
HOSP-2333,The Johns Hopkins Hospital,infectious disease or internal medicine,2021-12-26,1,75.0,90.0,8.0,1320.0,1.0
HOSP-2334,The Johns Hopkins Hospital,cardiology,2024-05-14,1,36.0,105.0,17.0,1560.0,0.0
HOSP-2334,The Johns Hopkins Hospital,rheumatology,2023-12-21,1,2.0,105.0,13.0,830.0,0.0
HOSP-2334,The Johns Hopkins Hospital,urology or nephrology,2023-08-24,1,2.0,120.0,23.0,1160.0,0.0
HOSP-2335,The Johns Hopkins Hospital,gastroenterology,,1,19.0,60.0,13.0,1300.0,0.0
HOSP-2336,The Johns Hopkins Hospital,hepatology,,1,7.0,30.0,10.0,790.0,0.0
HOSP-2336,The Johns Hopkins Hospital,nephrology,,1,78.0,45.0,25.0,450.0,0.0
HOSP-2337,The Johns Hopkins Hospital,oncology,2023-01-26,1,48.0,45.0,4.0,1340.0,1.0
HOSP-2338,The Johns Hopkins Hospital,urology or nephrology,2023-02-22,1,13.0,60.0,2.0,1480.0,0.0
HOSP-2339,The Johns Hopkins Hospital,neurology,2023-05-25,1,35.0,75.0,5.0,370.0,1.0
HOSP-2339,The Johns Hopkins Hospital,pulmonology,,1,95.0,90.0,5.0,990.0,0.0
HOSP-2339,The Johns Hopkins Hospital,pulmonology or allergy and immunology,,1,3.0,75.0,15.0,1470.0,0.0
HOSP-2340,The Johns Hopkins Hospital,neurology,2024-06-28,1,6.0,15.0,3.0,370.0,0.0
HOSP-2340,The Johns Hopkins Hospital,rheumatology,2023-07-19,1,84.0,45.0,6.0,1320.0,0.0
HOSP-2341,The Johns Hopkins Hospital,neurology,,1,91.0,60.0,4.0,1330.0,1.0
HOSP-2342,The Johns Hopkins Hospital,gastroenterology,2020-12-14,1,80.0,15.0,26.0,520.0,0.0
HOSP-2344,The Johns Hopkins Hospital,infectious disease or internal medicine,,1,25.0,30.0,23.0,140.0,1.0
HOSP-2345,The Johns Hopkins Hospital,neurology,2020-07-27,1,92.0,105.0,26.0,860.0,0.0
HOSP-2345,The Johns Hopkins Hospital,urology or nephrology,2021-02-18,1,21.0,120.0,4.0,720.0,1.0
HOSP-2346,The Johns Hopkins Hospital,neurology,2024-06-27,1,76.0,30.0,21.0,1120.0,0.0
HOSP-2347,The Johns Hopkins Hospital,neurology,2020-08-29,1,18.0,30.0,3.0,970.0,1.0
HOSP-2347,The Johns Hopkins Hospital,neurology,,1,37.0,105.0,22.0,220.0,1.0
HOSP-2348,The Johns Hopkins Hospital,endocrinology,2022-06-30,1,50.0,105.0,5.0,270.0,1.0
HOSP-2348,The Johns Hopkins Hospital,gastroenterology,2024-01-27,1,75.0,15.0,16.0,1220.0,0.0
HOSP-2350,The Johns Hopkins Hospital,gastroenterology,2021-06-16,1,12.0,15.0,16.0,1280.0,0.0
HOSP-2351,The Johns Hopkins Hospital,gastroenterology,2022-11-17,1,19.0,45.0,16.0,1100.0,1.0
HOSP-2351,The Johns Hopkins Hospital,neurology,2022-01-21,1,30.0,75.0,30.0,1020.0,0.0
HOSP-2352,The Johns Hopkins Hospital,infectious disease,2023-03-15,1,4.0,90.0,6.0,1400.0,1.0
HOSP-2352,The Johns Hopkins Hospital,neurology,,1,26.0,60.0,16.0,1020.0,0.0
HOSP-2353,The Johns Hopkins Hospital,rheumatology,,1,74.0,30.0,17.0,940.0,0.0
HOSP-2354,The Johns Hopkins Hospital,pulmonology,,1,23.0,30.0,4.0,340.0,0.0
HOSP-2354,The Johns Hopkins Hospital,urology or nephrology,2020-09-14,1,77.0,90.0,19.0,190.0,1.0
HOSP-2355,The Johns Hopkins Hospital,allergy and immunology,2022-10-29,1,19.0,90.0,15.0,1350.0,0.0
HOSP-2356,The Johns Hopkins Hospital,allergy and immunology,2024-05-27,1,73.0,45.0,14.0,1220.0,1.0
HOSP-2356,The Johns Hopkins Hospital,gastroenterology,2021-12-30,1,30.0,75.0,15.0,950.0,0.0
HOSP-2357,The Johns Hopkins Hospital,gastroenterology,2021-08-23,1,30.0,15.0,23.0,1380.0,0.0
HOSP-2358,The Johns Hopkins Hospital,cardiology,2020-09-29,1,18.0,15.0,29.0,440.0,0.0
HOSP-2359,The Johns Hopkins Hospital,infectious disease or internal medicine,2023-12-31,1,95.0,15.0,11.0,1210.0,0.0
HOSP-2359,The Johns Hopkins Hospital,neurology,2024-03-21,1,34.0,105.0,21.0,300.0,0.0
HOSP-2359,The Johns Hopkins Hospital,rheumatology,2024-04-25,1,31.0,120.0,9.0,250.0,1.0
HOSP-2360,The Johns Hopkins Hospital,gastroenterology,,1,46.0,120.0,5.0,580.0,0.0
HOSP-2361,The Johns Hopkins Hospital,cardiology,2021-02-20,1,56.0,15.0,14.0,1020.0,0.0
HOSP-2362,The Johns Hopkins Hospital,neurology,2021-03-15,1,80.0,60.0,18.0,720.0,1.0
HOSP-2363,The Johns Hopkins Hospital,hepatology or gastroenterology,,1,77.0,30.0,3.0,1160.0,0.0
HOSP-2364,The Johns Hopkins Hospital,allergy and immunology,,1,28.0,120.0,26.0,570.0,1.0
HOSP-2365,The Johns Hopkins Hospital,neurology,2023-10-14,1,50.0,120.0,14.0,1470.0,1.0
HOSP-2365,The Johns Hopkins Hospital,oncology,,1,2.0,90.0,21.0,260.0,0.0
HOSP-2366,The Johns Hopkins Hospital,gastroenterology,,1,57.0,75.0,24.0,1300.0,0.0
HOSP-2367,The Johns Hopkins Hospital,hepatology or gastroenterology,2022-07-27,1,61.0,105.0,27.0,640.0,0.0
HOSP-2369,The Johns Hopkins Hospital,infectious disease,2024-02-21,1,65.0,60.0,11.0,120.0,0.0
HOSP-2371,The Johns Hopkins Hospital,hepatology or gastroenterology,2020-08-17,1,89.0,30.0,13.0,450.0,1.0
HOSP-2372,The Johns Hopkins Hospital,gastroenterology,2022-09-20,1,83.0,45.0,14.0,580.0,1.0
HOSP-2374,The Johns Hopkins Hospital,dermatology,,1,67.0,120.0,1.0,100.0,0.0
HOSP-2374,The Johns Hopkins Hospital,psychiatry,2023-12-13,1,40.0,120.0,17.0,220.0,1.0
HOSP-2375,The Johns Hopkins Hospital,neurology,2022-06-14,1,55.0,75.0,21.0,1200.0,0.0
HOSP-2378,The Johns Hopkins Hospital,cardiology or internal medicine,,1,65.0,30.0,13.0,150.0,1.0
HOSP-2378,The Johns Hopkins Hospital,neurology,2021-02-27,1,45.0,60.0,13.0,680.0,0.0
HOSP-2381,The Johns Hopkins Hospital,neurology,2023-03-19,1,64.0,75.0,29.0,610.0,0.0
HOSP-2383,The Johns Hopkins Hospital,infectious disease or internal medicine,,1,77.0,15.0,12.0,420.0,0.0
HOSP-2383,The Johns Hopkins Hospital,nephrology,,1,39.0,15.0,3.0,1130.0,0.0
HOSP-2383,The Johns Hopkins Hospital,pulmonology or infectious disease,2022-02-20,1,59.0,30.0,13.0,120.0,1.0
HOSP-2383,The Johns Hopkins Hospital,pulmonology or infectious disease,,1,10.0,90.0,19.0,340.0,0.0
HOSP-2387,The Johns Hopkins Hospital,urology or nephrology,,1,47.0,60.0,23.0,520.0,0.0
HOSP-2389,The Johns Hopkins Hospital,cardiology or internal medicine,,1,10.0,15.0,29.0,430.0,0.0
HOSP-2391,The Johns Hopkins Hospital,pulmonology or allergy and immunology,,1,68.0,120.0,7.0,340.0,0.0
HOSP-2393,The Johns Hopkins Hospital,nephrology,2021-01-20,1,48.0,45.0,24.0,680.0,1.0
HOSP-2395,The Johns Hopkins Hospital,hepatology,2021-06-20,1,47.0,120.0,16.0,970.0,1.0
HOSP-2395,The Johns Hopkins Hospital,infectious disease or internal medicine,,1,44.0,105.0,8.0,540.0,0.0
HOSP-2396,The Johns Hopkins Hospital,hepatology,2022-02-18,1,59.0,45.0,1.0,1140.0,0.0
HOSP-2397,The Johns Hopkins Hospital,hepatology,,1,28.0,15.0,30.0,430.0,1.0
HOSP-2398,The Johns Hopkins Hospital,neurology,2024-01-16,1,63.0,30.0,30.0,900.0,0.0
HOSP-2399,The Johns Hopkins Hospital,hepatology or gastroenterology,2024-01-31,1,45.0,60.0,21.0,1290.0,1.0
HOSP-2399,The Johns Hopkins Hospital,rheumatology,2020-11-23,1,10.0,60.0,10.0,430.0,0.0
HOSP-2406,The Johns Hopkins Hospital,rheumatology,,1,60.0,75.0,21.0,1490.0,0.0
HOSP-2407,The Johns Hopkins Hospital,allergy and immunology,2022-10-13,1,75.0,15.0,30.0,1490.0,1.0
HOSP-2407,The Johns Hopkins Hospital,infectious disease or internal medicine,2022-06-23,1,4.0,75.0,22.0,730.0,0.0
HOSP-2409,The Johns Hopkins Hospital,neurology,2023-07-24,1,21.0,30.0,29.0,1400.0,0.0
HOSP-2410,The Johns Hopkins Hospital,dermatology,2024-01-30,1,28.0,60.0,29.0,180.0,1.0
HOSP-2410,The Johns Hopkins Hospital,infectious disease or internal medicine,2024-04-20,1,79.0,45.0,28.0,1520.0,0.0
HOSP-2410,The Johns Hopkins Hospital,infectious disease or internal medicine,,1,31.0,60.0,3.0,1150.0,0.0
HOSP-2411,The Johns Hopkins Hospital,pulmonology or infectious disease,2020-11-28,1,21.0,105.0,28.0,240.0,1.0
HOSP-2413,The Johns Hopkins Hospital,gastroenterology,2023-07-21,1,26.0,90.0,7.0,570.0,1.0
HOSP-2413,The Johns Hopkins Hospital,neurology,2022-10-31,1,93.0,15.0,30.0,550.0,1.0
HOSP-2414,The Johns Hopkins Hospital,hepatology,2022-07-25,1,35.0,105.0,18.0,590.0,0.0
HOSP-2414,The Johns Hopkins Hospital,infectious disease or internal medicine,,1,63.0,75.0,21.0,130.0,1.0
HOSP-2415,The Johns Hopkins Hospital,cardiology or internal medicine,2022-11-13,1,46.0,60.0,25.0,970.0,1.0
HOSP-2415,The Johns Hopkins Hospital,gastroenterology,,1,15.0,120.0,4.0,560.0,0.0
HOSP-2415,The Johns Hopkins Hospital,psychiatry,2024-01-20,1,78.0,75.0,11.0,120.0,1.0
HOSP-2415,The Johns Hopkins Hospital,pulmonology or infectious disease,2023-08-20,1,88.0,15.0,26.0,660.0,0.0
HOSP-2419,The Johns Hopkins Hospital,allergy and immunology,2022-02-13,1,4.0,45.0,3.0,1200.0,0.0
HOSP-2419,The Johns Hopkins Hospital,neurology,,1,74.0,30.0,27.0,500.0,1.0
HOSP-2419,The Johns Hopkins Hospital,rheumatology,2021-05-24,1,15.0,60.0,16.0,1000.0,1.0
HOSP-2420,The Johns Hopkins Hospital,nephrology,2023-08-16,1,17.0,105.0,10.0,430.0,1.0
HOSP-2420,The Johns Hopkins Hospital,rheumatology,2020-11-28,1,72.0,45.0,25.0,700.0,1.0
HOSP-2421,The Johns Hopkins Hospital,neurology,2023-03-29,1,90.0,75.0,11.0,390.0,1.0
HOSP-2422,The Johns Hopkins Hospital,pulmonology or infectious disease,2023-04-18,1,37.0,30.0,15.0,1250.0,1.0
HOSP-2423,The Johns Hopkins Hospital,infectious disease or internal medicine,,1,31.0,45.0,9.0,1390.0,1.0
HOSP-2424,The Johns Hopkins Hospital,dermatology,,1,59.0,90.0,14.0,1310.0,1.0
HOSP-2425,The Johns Hopkins Hospital,gastroenterology,2023-03-31,1,87.0,90.0,6.0,980.0,0.0
HOSP-2425,The Johns Hopkins Hospital,neurology,,1,72.0,75.0,10.0,930.0,1.0
HOSP-2426,The Johns Hopkins Hospital,allergy and immunology,2021-10-21,1,67.0,75.0,27.0,1060.0,0.0
HOSP-2426,The Johns Hopkins Hospital,gastroenterology,2020-10-23,1,7.0,30.0,17.0,1300.0,1.0
HOSP-2426,The Johns Hopkins Hospital,rheumatology,2022-10-28,1,85.0,90.0,5.0,330.0,0.0
HOSP-2426,The Johns Hopkins Hospital,urology or nephrology,2022-12-30,1,35.0,45.0,11.0,920.0,0.0
HOSP-2428,The Johns Hopkins Hospital,pulmonology or infectious disease,,1,3.0,15.0,3.0,910.0,1.0
HOSP-2429,The Johns Hopkins Hospital,psychiatry,2020-08-27,1,21.0,15.0,20.0,290.0,1.0
HOSP-2430,The Johns Hopkins Hospital,infectious disease or internal medicine,2023-02-16,1,47.0,60.0,4.0,1530.0,0.0
HOSP-2430,The Johns Hopkins Hospital,infectious disease or internal medicine,,1,17.0,60.0,23.0,1210.0,0.0
HOSP-2430,The Johns Hopkins Hospital,pulmonology or allergy and immunology,2023-06-27,1,62.0,45.0,7.0,570.0,0.0
HOSP-2431,The Johns Hopkins Hospital,endocrinology,,1,92.0,45.0,18.0,1290.0,0.0
HOSP-2433,The Johns Hopkins Hospital,oncology,,1,41.0,60.0,21.0,1560.0,0.0
HOSP-2434,The Johns Hopkins Hospital,gastroenterology,,1,46.0,30.0,18.0,910.0,1.0
HOSP-2437,The Johns Hopkins Hospital,rheumatology,2021-11-13,1,37.0,120.0,2.0,150.0,0.0
HOSP-2438,The Johns Hopkins Hospital,gastroenterology,,1,49.0,30.0,7.0,540.0,0.0
HOSP-2439,The Johns Hopkins Hospital,gastroenterology,2024-06-14,1,36.0,120.0,21.0,1040.0,0.0
HOSP-2439,The Johns Hopkins Hospital,infectious disease,,1,88.0,30.0,10.0,1100.0,0.0
HOSP-2442,The Johns Hopkins Hospital,psychiatry,2020-07-31,1,39.0,90.0,6.0,1400.0,0.0
HOSP-2443,The Johns Hopkins Hospital,hepatology,2022-09-27,1,29.0,45.0,25.0,830.0,0.0
HOSP-2443,The Johns Hopkins Hospital,nephrology,2022-04-19,1,41.0,120.0,3.0,580.0,1.0
HOSP-2443,The Johns Hopkins Hospital,neurology,,1,24.0,120.0,16.0,1480.0,1.0
HOSP-2443,The Johns Hopkins Hospital,rheumatology,2021-09-30,1,59.0,60.0,6.0,1390.0,0.0
HOSP-2444,The Johns Hopkins Hospital,rheumatology,2023-10-25,1,95.0,90.0,20.0,840.0,0.0
HOSP-2446,The Johns Hopkins Hospital,endocrinology,2022-08-17,1,34.0,45.0,25.0,1410.0,1.0
HOSP-2447,The Johns Hopkins Hospital,neurology,2023-11-19,1,21.0,15.0,16.0,250.0,0.0
HOSP-2448,The Johns Hopkins Hospital,infectious disease,2022-11-26,1,7.0,30.0,3.0,460.0,1.0
HOSP-2451,The Johns Hopkins Hospital,infectious disease or internal medicine,,1,59.0,75.0,13.0,740.0,0.0
HOSP-2451,The Johns Hopkins Hospital,neurology,2022-08-16,1,38.0,45.0,25.0,640.0,0.0
HOSP-2453,The Johns Hopkins Hospital,hepatology,2020-09-20,1,38.0,45.0,28.0,1250.0,1.0
HOSP-2454,The Johns Hopkins Hospital,dermatology,,1,53.0,105.0,29.0,350.0,0.0
HOSP-2454,The Johns Hopkins Hospital,nephrology,2022-01-24,1,54.0,15.0,15.0,1470.0,0.0
HOSP-2454,The Johns Hopkins Hospital,pulmonology or infectious disease,2022-11-17,1,62.0,60.0,15.0,830.0,0.0
HOSP-2455,The Johns Hopkins Hospital,cardiology,2024-07-19,1,83.0,120.0,13.0,940.0,0.0
HOSP-2457,The Johns Hopkins Hospital,rheumatology,2021-06-29,1,59.0,45.0,23.0,580.0,0.0
HOSP-2458,The Johns Hopkins Hospital,nephrology,,1,89.0,30.0,28.0,740.0,1.0
HOSP-2458,The Johns Hopkins Hospital,neurology,,1,80.0,60.0,27.0,500.0,0.0
HOSP-2459,The Johns Hopkins Hospital,gastroenterology,,1,83.0,105.0,13.0,540.0,1.0
HOSP-2461,The Johns Hopkins Hospital,cardiology or internal medicine,2024-04-24,1,49.0,90.0,13.0,320.0,1.0
HOSP-2461,The Johns Hopkins Hospital,infectious disease,,1,38.0,60.0,24.0,340.0,0.0
HOSP-2462,The Johns Hopkins Hospital,infectious disease,2022-03-18,1,84.0,45.0,8.0,1210.0,0.0
HOSP-2466,The Johns Hopkins Hospital,gastroenterology,2021-01-26,1,82.0,75.0,28.0,1010.0,0.0
HOSP-2466,The Johns Hopkins Hospital,neurology,2022-08-21,1,49.0,45.0,24.0,600.0,0.0
HOSP-2467,The Johns Hopkins Hospital,infectious disease or internal medicine,2022-06-14,1,14.0,105.0,13.0,770.0,1.0
HOSP-2467,The Johns Hopkins Hospital,pulmonology or allergy and immunology,,1,29.0,30.0,21.0,610.0,1.0
HOSP-2469,The Johns Hopkins Hospital,psychiatry,2021-09-28,1,54.0,120.0,13.0,990.0,1.0
HOSP-2471,The Johns Hopkins Hospital,dermatology,,1,63.0,120.0,24.0,910.0,0.0
HOSP-2471,The Johns Hopkins Hospital,hepatology or gastroenterology,2024-07-16,1,85.0,60.0,21.0,570.0,0.0
HOSP-2472,The Johns Hopkins Hospital,pulmonology or infectious disease,,1,58.0,30.0,10.0,440.0,0.0
HOSP-2472,The Johns Hopkins Hospital,rheumatology,2021-06-19,1,27.0,120.0,11.0,980.0,1.0
HOSP-2473,The Johns Hopkins Hospital,gastroenterology,,1,82.0,90.0,24.0,310.0,1.0
HOSP-2474,The Johns Hopkins Hospital,cardiology,,1,81.0,30.0,10.0,380.0,0.0
HOSP-2474,The Johns Hopkins Hospital,neurology,2022-04-14,1,87.0,75.0,17.0,680.0,1.0
HOSP-2474,The Johns Hopkins Hospital,pulmonology,2023-07-23,1,43.0,15.0,4.0,230.0,1.0
HOSP-2474,The Johns Hopkins Hospital,pulmonology or allergy and immunology,2024-06-24,1,10.0,120.0,5.0,1460.0,0.0
HOSP-2474,The Johns Hopkins Hospital,pulmonology or infectious disease,,1,29.0,15.0,23.0,780.0,0.0
HOSP-2475,The Johns Hopkins Hospital,pulmonology or allergy and immunology,2023-01-15,1,30.0,120.0,18.0,120.0,1.0
HOSP-2477,The Johns Hopkins Hospital,hepatology,2020-08-31,1,88.0,105.0,8.0,1260.0,1.0
HOSP-2478,The Johns Hopkins Hospital,neurology,,1,44.0,120.0,9.0,1220.0,1.0
HOSP-2478,The Johns Hopkins Hospital,pulmonology or allergy and immunology,,1,62.0,15.0,29.0,430.0,1.0
HOSP-2478,The Johns Hopkins Hospital,pulmonology or infectious disease,2023-04-29,1,14.0,15.0,19.0,1130.0,1.0
HOSP-2479,The Johns Hopkins Hospital,psychiatry,,2,66.0,60.0,12.0,580.0,0.0
HOSP-2484,The Johns Hopkins Hospital,gastroenterology,2021-12-26,1,83.0,45.0,11.0,350.0,1.0
HOSP-2485,The Johns Hopkins Hospital,urology or nephrology,2020-11-18,1,70.0,75.0,26.0,360.0,0.0
HOSP-2486,The Johns Hopkins Hospital,dermatology,,1,0.0,105.0,4.0,730.0,1.0
HOSP-2486,The Johns Hopkins Hospital,psychiatry,,1,74.0,60.0,5.0,1510.0,1.0
HOSP-2487,The Johns Hopkins Hospital,nephrology,2022-06-27,1,55.0,105.0,19.0,1430.0,0.0
HOSP-2488,The Johns Hopkins Hospital,neurology,2024-02-19,1,68.0,15.0,30.0,1570.0,0.0
HOSP-2490,The Johns Hopkins Hospital,hepatology,2023-04-13,1,51.0,120.0,22.0,640.0,0.0
HOSP-2490,The Johns Hopkins Hospital,infectious disease or internal medicine,2023-10-20,1,66.0,90.0,10.0,560.0,1.0
HOSP-2491,The Johns Hopkins Hospital,gastroenterology,2022-12-15,1,66.0,75.0,7.0,1210.0,0.0
HOSP-2491,The Johns Hopkins Hospital,pulmonology,,1,55.0,90.0,30.0,110.0,1.0
HOSP-2493,The Johns Hopkins Hospital,infectious disease,2023-09-27,1,31.0,90.0,9.0,120.0,0.0
HOSP-2493,The Johns Hopkins Hospital,neurology,2021-11-15,1,47.0,75.0,27.0,120.0,1.0
HOSP-2495,The Johns Hopkins Hospital,rheumatology,2020-08-26,1,46.0,120.0,12.0,1390.0,1.0
HOSP-2496,The Johns Hopkins Hospital,gastroenterology,,1,37.0,15.0,19.0,1090.0,0.0
HOSP-2496,The Johns Hopkins Hospital,rheumatology,,1,66.0,90.0,10.0,740.0,0.0
HOSP-2498,The Johns Hopkins Hospital,cardiology or internal medicine,,1,38.0,75.0,15.0,570.0,0.0
HOSP-2500,The Johns Hopkins Hospital,gastroenterology,2021-03-27,1,2.0,45.0,29.0,840.0,0.0
HOSP-2500,The Johns Hopkins Hospital,neurology,2023-10-27,1,69.0,120.0,6.0,870.0,0.0
HOSP-2501,The Johns Hopkins Hospital,pulmonology,2023-02-18,1,55.0,90.0,7.0,1230.0,0.0
HOSP-2501,The Johns Hopkins Hospital,pulmonology or allergy and immunology,,1,16.0,15.0,3.0,950.0,0.0
HOSP-2502,The Johns Hopkins Hospital,pulmonology or allergy and immunology,2024-03-17,1,52.0,90.0,7.0,1550.0,1.0
HOSP-2503,The Johns Hopkins Hospital,cardiology or internal medicine,,1,28.0,105.0,4.0,330.0,0.0
HOSP-2503,The Johns Hopkins Hospital,gastroenterology,2024-06-27,1,66.0,30.0,25.0,1170.0,1.0
HOSP-2504,The Johns Hopkins Hospital,infectious disease,,1,65.0,15.0,12.0,1340.0,0.0
HOSP-2504,The Johns Hopkins Hospital,neurology,2022-07-26,1,63.0,45.0,11.0,480.0,1.0
HOSP-2504,The Johns Hopkins Hospital,psychiatry,2020-09-16,1,3.0,60.0,28.0,450.0,1.0
HOSP-2506,The Johns Hopkins Hospital,endocrinology,2023-04-29,1,3.0,105.0,15.0,930.0,1.0
HOSP-2506,The Johns Hopkins Hospital,infectious disease or internal medicine,2020-10-21,1,80.0,105.0,10.0,820.0,1.0
HOSP-2508,The Johns Hopkins Hospital,allergy and immunology,,1,32.0,15.0,20.0,310.0,1.0
HOSP-2508,The Johns Hopkins Hospital,neurology,2021-07-29,1,63.0,120.0,25.0,170.0,0.0
HOSP-2509,The Johns Hopkins Hospital,hepatology,2023-08-31,1,91.0,30.0,15.0,1260.0,1.0
HOSP-2509,The Johns Hopkins Hospital,hepatology or gastroenterology,2022-07-27,1,57.0,45.0,1.0,870.0,1.0
HOSP-2511,The Johns Hopkins Hospital,cardiology,,1,85.0,90.0,12.0,1310.0,1.0
HOSP-2512,The Johns Hopkins Hospital,neurology,2023-01-28,1,17.0,15.0,23.0,1220.0,1.0
HOSP-2513,The Johns Hopkins Hospital,psychiatry,,1,8.0,60.0,6.0,170.0,1.0
HOSP-2513,The Johns Hopkins Hospital,pulmonology or allergy and immunology,,1,8.0,75.0,4.0,850.0,1.0
HOSP-2514,The Johns Hopkins Hospital,infectious disease or internal medicine,,1,0.0,120.0,9.0,400.0,0.0
HOSP-2515,The Johns Hopkins Hospital,cardiology,2023-11-24,1,63.0,60.0,22.0,1120.0,0.0
HOSP-2521,The Johns Hopkins Hospital,gastroenterology,2021-05-15,1,75.0,120.0,5.0,1510.0,0.0
HOSP-2521,The Johns Hopkins Hospital,gastroenterology,2023-06-27,1,16.0,30.0,13.0,1390.0,0.0
HOSP-2521,The Johns Hopkins Hospital,infectious disease or internal medicine,2020-09-16,1,14.0,30.0,22.0,1050.0,0.0
HOSP-2522,The Johns Hopkins Hospital,hepatology,2023-05-18,1,22.0,60.0,15.0,400.0,0.0
HOSP-2522,The Johns Hopkins Hospital,infectious disease or internal medicine,,1,53.0,120.0,7.0,680.0,1.0
HOSP-2523,The Johns Hopkins Hospital,infectious disease or internal medicine,2021-06-22,1,19.0,120.0,21.0,360.0,1.0
HOSP-2524,The Johns Hopkins Hospital,hepatology or gastroenterology,,1,7.0,45.0,2.0,250.0,0.0
HOSP-2524,The Johns Hopkins Hospital,neurology,2023-04-17,1,9.0,60.0,24.0,180.0,0.0
HOSP-2525,The Johns Hopkins Hospital,neurology,,1,67.0,90.0,24.0,1420.0,1.0
HOSP-2527,The Johns Hopkins Hospital,neurology,2022-12-30,1,10.0,30.0,3.0,340.0,0.0
HOSP-2528,The Johns Hopkins Hospital,allergy and immunology,2023-06-29,1,94.0,60.0,3.0,120.0,0.0
HOSP-2528,The Johns Hopkins Hospital,hepatology or gastroenterology,2022-12-27,1,48.0,120.0,28.0,1060.0,0.0
HOSP-2528,The Johns Hopkins Hospital,neurology,,1,51.0,60.0,8.0,1140.0,0.0
HOSP-2529,The Johns Hopkins Hospital,gastroenterology,2024-04-15,1,71.0,105.0,1.0,400.0,1.0
HOSP-2529,The Johns Hopkins Hospital,hepatology,2024-01-30,1,85.0,60.0,19.0,170.0,1.0
HOSP-2529,The Johns Hopkins Hospital,infectious disease,2021-09-28,1,37.0,75.0,30.0,570.0,0.0
HOSP-2530,The Johns Hopkins Hospital,cardiology or internal medicine,,1,68.0,90.0,17.0,420.0,1.0
HOSP-2530,The Johns Hopkins Hospital,pulmonology,,1,51.0,120.0,6.0,1020.0,1.0
HOSP-2532,The Johns Hopkins Hospital,gastroenterology,2021-06-24,1,11.0,30.0,9.0,100.0,0.0
HOSP-2533,The Johns Hopkins Hospital,neurology,,1,23.0,75.0,24.0,270.0,1.0
HOSP-2534,The Johns Hopkins Hospital,gastroenterology,,1,47.0,30.0,11.0,760.0,0.0
HOSP-2534,The Johns Hopkins Hospital,neurology,,1,88.0,120.0,16.0,1300.0,0.0
HOSP-2535,The Johns Hopkins Hospital,allergy and immunology,,1,68.0,120.0,26.0,130.0,0.0
HOSP-2537,The Johns Hopkins Hospital,psychiatry,,1,4.0,15.0,8.0,900.0,0.0
HOSP-2539,The Johns Hopkins Hospital,cardiology or internal medicine,,1,4.0,120.0,12.0,1480.0,1.0
HOSP-2540,The Johns Hopkins Hospital,gastroenterology,2023-04-18,1,58.0,105.0,23.0,1120.0,0.0
HOSP-2540,The Johns Hopkins Hospital,infectious disease or internal medicine,,1,8.0,45.0,20.0,530.0,1.0
HOSP-2540,The Johns Hopkins Hospital,pulmonology,2021-03-29,1,57.0,90.0,3.0,700.0,1.0
HOSP-2541,The Johns Hopkins Hospital,psychiatry,2020-12-17,1,95.0,45.0,22.0,1550.0,0.0
HOSP-2542,The Johns Hopkins Hospital,rheumatology,,1,3.0,60.0,28.0,360.0,1.0
HOSP-2543,The Johns Hopkins Hospital,allergy and immunology,,1,24.0,120.0,18.0,220.0,1.0
HOSP-2543,The Johns Hopkins Hospital,cardiology or internal medicine,2024-05-27,1,81.0,15.0,11.0,520.0,1.0
HOSP-2543,The Johns Hopkins Hospital,dermatology,,1,75.0,120.0,14.0,360.0,1.0
HOSP-2543,The Johns Hopkins Hospital,neurology,2023-08-13,1,71.0,90.0,12.0,1560.0,0.0
HOSP-2544,The Johns Hopkins Hospital,cardiology,2022-02-15,1,63.0,120.0,20.0,1060.0,1.0
HOSP-2544,The Johns Hopkins Hospital,gastroenterology,2022-02-28,1,21.0,60.0,24.0,940.0,0.0
HOSP-2544,The Johns Hopkins Hospital,nephrology,,1,70.0,60.0,1.0,390.0,1.0
HOSP-2544,The Johns Hopkins Hospital,psychiatry,,1,50.0,15.0,24.0,1150.0,1.0
HOSP-2546,The Johns Hopkins Hospital,gastroenterology,2023-04-17,1,75.0,120.0,6.0,880.0,0.0
HOSP-2546,The Johns Hopkins Hospital,psychiatry,2022-11-17,1,61.0,105.0,13.0,460.0,0.0
HOSP-2547,The Johns Hopkins Hospital,allergy and immunology,2021-06-25,1,22.0,75.0,27.0,870.0,0.0
HOSP-2547,The Johns Hopkins Hospital,oncology,2021-03-23,1,51.0,90.0,28.0,870.0,0.0
HOSP-2549,The Johns Hopkins Hospital,infectious disease or internal medicine,,1,67.0,90.0,9.0,1080.0,0.0
HOSP-2549,The Johns Hopkins Hospital,nephrology,2024-06-16,1,67.0,75.0,27.0,450.0,0.0
HOSP-2550,The Johns Hopkins Hospital,urology or nephrology,2024-06-23,1,10.0,90.0,12.0,1480.0,0.0
HOSP-2551,The Johns Hopkins Hospital,neurology,2021-10-13,1,84.0,15.0,24.0,270.0,0.0
HOSP-2551,The Johns Hopkins Hospital,psychiatry,,1,63.0,45.0,17.0,430.0,0.0
HOSP-2552,The Johns Hopkins Hospital,hepatology,2024-07-15,1,69.0,75.0,16.0,1050.0,1.0
HOSP-2552,The Johns Hopkins Hospital,infectious disease or internal medicine,,1,35.0,30.0,24.0,1330.0,0.0
HOSP-2553,The Johns Hopkins Hospital,neurology,2021-07-29,1,3.0,60.0,28.0,1070.0,0.0
HOSP-2553,The Johns Hopkins Hospital,psychiatry,,1,94.0,105.0,3.0,980.0,0.0
HOSP-2555,The Johns Hopkins Hospital,cardiology,2022-10-20,1,82.0,90.0,27.0,1350.0,1.0
HOSP-2555,The Johns Hopkins Hospital,neurology,,1,33.0,90.0,17.0,1340.0,1.0
HOSP-2557,The Johns Hopkins Hospital,neurology,,1,37.0,30.0,5.0,1450.0,0.0
HOSP-2559,The Johns Hopkins Hospital,psychiatry,2023-08-16,1,16.0,45.0,3.0,130.0,0.0
HOSP-2561,The Johns Hopkins Hospital,cardiology or internal medicine,,1,28.0,120.0,30.0,1260.0,0.0
HOSP-2561,The Johns Hopkins Hospital,pulmonology or allergy and immunology,,1,67.0,15.0,24.0,310.0,1.0
HOSP-2562,The Johns Hopkins Hospital,cardiology or internal medicine,2020-11-18,1,38.0,120.0,16.0,430.0,1.0
HOSP-2562,The Johns Hopkins Hospital,gastroenterology,2023-08-18,1,17.0,45.0,5.0,1350.0,0.0
HOSP-2563,The Johns Hopkins Hospital,urology or nephrology,,1,75.0,75.0,9.0,490.0,0.0
HOSP-2564,The Johns Hopkins Hospital,cardiology,2023-10-16,1,33.0,45.0,15.0,990.0,1.0
HOSP-2564,The Johns Hopkins Hospital,rheumatology,2023-06-22,1,31.0,60.0,24.0,770.0,0.0
HOSP-2566,The Johns Hopkins Hospital,rheumatology,,1,10.0,60.0,28.0,910.0,0.0
HOSP-2567,The Johns Hopkins Hospital,pulmonology or allergy and immunology,2023-05-29,1,3.0,90.0,15.0,1440.0,1.0
HOSP-2567,The Johns Hopkins Hospital,urology or nephrology,,1,65.0,120.0,16.0,640.0,1.0
HOSP-2569,The Johns Hopkins Hospital,oncology,2022-11-21,1,81.0,120.0,19.0,720.0,0.0
HOSP-2570,The Johns Hopkins Hospital,pulmonology,,1,1.0,120.0,3.0,1060.0,0.0
HOSP-2572,The Johns Hopkins Hospital,allergy and immunology,2021-01-29,1,36.0,75.0,20.0,990.0,0.0
HOSP-2572,The Johns Hopkins Hospital,rheumatology,2023-10-14,1,56.0,30.0,29.0,290.0,0.0
HOSP-2572,The Johns Hopkins Hospital,urology or nephrology,,1,58.0,60.0,7.0,680.0,0.0
HOSP-2573,The Johns Hopkins Hospital,endocrinology,2021-08-20,1,76.0,120.0,22.0,510.0,0.0
HOSP-2574,The Johns Hopkins Hospital,cardiology,2024-04-14,1,41.0,45.0,20.0,520.0,1.0
HOSP-2574,The Johns Hopkins Hospital,cardiology,,1,87.0,90.0,20.0,1230.0,1.0
HOSP-2574,The Johns Hopkins Hospital,pulmonology or infectious disease,,1,49.0,45.0,24.0,180.0,0.0
HOSP-2576,The Johns Hopkins Hospital,neurology,2024-01-28,1,53.0,45.0,12.0,1480.0,0.0
HOSP-2577,The Johns Hopkins Hospital,pulmonology,2022-03-19,1,79.0,90.0,29.0,1360.0,0.0
HOSP-2577,The Johns Hopkins Hospital,rheumatology,2020-09-17,1,89.0,45.0,13.0,170.0,1.0
HOSP-2579,The Johns Hopkins Hospital,allergy and immunology,,1,56.0,30.0,4.0,1310.0,0.0
HOSP-2579,The Johns Hopkins Hospital,neurology,2022-01-22,1,26.0,120.0,25.0,1410.0,1.0
HOSP-2579,The Johns Hopkins Hospital,neurology,,1,63.0,120.0,28.0,760.0,1.0
HOSP-2584,The Johns Hopkins Hospital,neurology,,1,69.0,15.0,19.0,1440.0,1.0
HOSP-2584,The Johns Hopkins Hospital,pulmonology,2021-04-27,1,19.0,90.0,9.0,1060.0,0.0
HOSP-2584,The Johns Hopkins Hospital,pulmonology,2023-12-31,1,0.0,75.0,18.0,960.0,0.0
HOSP-2584,The Johns Hopkins Hospital,pulmonology or allergy and immunology,2024-04-17,1,70.0,120.0,12.0,1010.0,0.0
HOSP-2585,The Johns Hopkins Hospital,neurology,,1,13.0,30.0,16.0,1330.0,0.0
HOSP-2586,The Johns Hopkins Hospital,cardiology,2023-06-24,1,40.0,105.0,7.0,170.0,0.0
HOSP-2586,The Johns Hopkins Hospital,neurology,,1,31.0,120.0,14.0,660.0,1.0
HOSP-2587,The Johns Hopkins Hospital,pulmonology,2023-05-23,1,65.0,120.0,17.0,580.0,0.0
HOSP-2587,The Johns Hopkins Hospital,rheumatology,2022-10-30,1,68.0,60.0,15.0,1110.0,1.0
HOSP-2589,The Johns Hopkins Hospital,allergy and immunology,2022-12-25,1,68.0,45.0,13.0,1340.0,1.0
HOSP-2590,The Johns Hopkins Hospital,rheumatology,2021-10-14,1,35.0,120.0,1.0,720.0,0.0
HOSP-2591,The Johns Hopkins Hospital,dermatology,2023-02-27,1,58.0,75.0,20.0,1190.0,1.0
HOSP-2593,The Johns Hopkins Hospital,endocrinology,2022-01-31,1,9.0,75.0,10.0,1370.0,0.0
HOSP-2593,The Johns Hopkins Hospital,infectious disease or internal medicine,,1,32.0,120.0,16.0,340.0,1.0
HOSP-2593,The Johns Hopkins Hospital,rheumatology,2023-05-27,1,18.0,105.0,1.0,1010.0,0.0
HOSP-2594,The Johns Hopkins Hospital,neurology,,1,57.0,15.0,2.0,260.0,1.0
HOSP-2595,The Johns Hopkins Hospital,neurology,,1,73.0,120.0,30.0,570.0,1.0
HOSP-2595,The Johns Hopkins Hospital,urology or nephrology,2023-01-21,1,63.0,75.0,4.0,500.0,0.0
HOSP-2596,The Johns Hopkins Hospital,gastroenterology,,1,41.0,90.0,23.0,1200.0,1.0
HOSP-2596,The Johns Hopkins Hospital,hepatology,2024-03-31,1,0.0,120.0,6.0,970.0,1.0
HOSP-2596,The Johns Hopkins Hospital,infectious disease or internal medicine,2022-03-14,1,21.0,30.0,10.0,970.0,0.0
HOSP-2599,The Johns Hopkins Hospital,gastroenterology,2021-03-31,1,46.0,15.0,7.0,870.0,0.0
HOSP-2599,The Johns Hopkins Hospital,neurology,2021-07-22,1,65.0,15.0,21.0,1160.0,1.0
HOSP-2600,The Johns Hopkins Hospital,neurology,2023-09-21,1,12.0,90.0,14.0,1130.0,0.0
HOSP-2600,The Johns Hopkins Hospital,rheumatology,2021-07-16,1,60.0,105.0,14.0,810.0,1.0
HOSP-2601,The Johns Hopkins Hospital,allergy and immunology,,1,13.0,60.0,13.0,1260.0,1.0
HOSP-2605,The Johns Hopkins Hospital,gastroenterology,2022-08-14,1,91.0,15.0,21.0,940.0,1.0
HOSP-2605,The Johns Hopkins Hospital,urology or nephrology,,1,53.0,90.0,6.0,890.0,1.0
HOSP-2606,The Johns Hopkins Hospital,hepatology or gastroenterology,2022-04-17,1,54.0,90.0,5.0,1200.0,1.0
HOSP-2606,The Johns Hopkins Hospital,urology or nephrology,2022-02-27,1,69.0,75.0,17.0,780.0,0.0
HOSP-2607,The Johns Hopkins Hospital,hepatology,,1,80.0,90.0,14.0,1180.0,0.0
HOSP-2608,The Johns Hopkins Hospital,hepatology or gastroenterology,2021-09-27,1,18.0,75.0,29.0,400.0,0.0
HOSP-2608,The Johns Hopkins Hospital,infectious disease,2023-08-24,1,3.0,75.0,16.0,1490.0,0.0
HOSP-2608,The Johns Hopkins Hospital,psychiatry,,1,22.0,75.0,3.0,510.0,0.0
HOSP-2610,The Johns Hopkins Hospital,cardiology,2021-03-28,1,18.0,30.0,17.0,160.0,0.0
HOSP-2611,The Johns Hopkins Hospital,allergy and immunology,2021-01-27,1,73.0,105.0,24.0,1330.0,1.0
HOSP-2611,The Johns Hopkins Hospital,gastroenterology,2022-12-30,1,11.0,30.0,18.0,830.0,0.0
HOSP-2611,The Johns Hopkins Hospital,hepatology,2020-11-24,1,70.0,45.0,9.0,1290.0,1.0
HOSP-2611,The Johns Hopkins Hospital,rheumatology,,1,48.0,30.0,24.0,510.0,1.0
HOSP-2611,The Johns Hopkins Hospital,urology or nephrology,2023-03-16,1,15.0,30.0,25.0,1260.0,1.0
HOSP-2612,The Johns Hopkins Hospital,gastroenterology,,1,71.0,30.0,29.0,1260.0,0.0
HOSP-2612,The Johns Hopkins Hospital,neurology,,1,30.0,120.0,11.0,280.0,0.0
HOSP-2612,The Johns Hopkins Hospital,psychiatry,2024-02-20,1,83.0,15.0,19.0,560.0,1.0
HOSP-2613,The Johns Hopkins Hospital,cardiology or internal medicine,,1,19.0,60.0,11.0,390.0,1.0
HOSP-2613,The Johns Hopkins Hospital,neurology,2024-05-13,1,74.0,15.0,22.0,1470.0,1.0
HOSP-2614,The Johns Hopkins Hospital,gastroenterology,2021-08-27,1,39.0,105.0,21.0,1310.0,1.0
HOSP-2614,The Johns Hopkins Hospital,gastroenterology,,1,58.0,30.0,22.0,1000.0,0.0
HOSP-2614,The Johns Hopkins Hospital,neurology,2024-04-22,1,88.0,15.0,24.0,170.0,1.0
HOSP-2617,The Johns Hopkins Hospital,hepatology,2022-03-30,1,72.0,60.0,28.0,1350.0,0.0
HOSP-2618,The Johns Hopkins Hospital,hepatology or gastroenterology,2021-04-21,1,67.0,60.0,14.0,1460.0,0.0
HOSP-2620,The Johns Hopkins Hospital,urology or nephrology,2021-08-16,1,76.0,105.0,12.0,770.0,1.0
HOSP-2621,The Johns Hopkins Hospital,pulmonology,,1,74.0,30.0,16.0,830.0,0.0
HOSP-2621,The Johns Hopkins Hospital,pulmonology or infectious disease,,1,66.0,45.0,17.0,710.0,0.0
HOSP-2623,The Johns Hopkins Hospital,hepatology or gastroenterology,2022-12-13,1,21.0,60.0,2.0,1420.0,0.0
HOSP-2624,The Johns Hopkins Hospital,neurology,,1,39.0,60.0,20.0,480.0,0.0
HOSP-2625,The Johns Hopkins Hospital,pulmonology or infectious disease,2023-08-26,1,81.0,120.0,16.0,800.0,1.0
HOSP-2626,The Johns Hopkins Hospital,urology or nephrology,2020-12-14,1,72.0,120.0,14.0,940.0,1.0
HOSP-2628,The Johns Hopkins Hospital,allergy and immunology,2021-08-29,1,31.0,120.0,7.0,1180.0,0.0
HOSP-2629,The Johns Hopkins Hospital,cardiology or internal medicine,,1,51.0,60.0,10.0,450.0,1.0
HOSP-2629,The Johns Hopkins Hospital,dermatology,2022-05-29,1,15.0,105.0,19.0,1130.0,0.0
HOSP-2629,The Johns Hopkins Hospital,gastroenterology,,1,5.0,120.0,12.0,1070.0,0.0
HOSP-2629,The Johns Hopkins Hospital,psychiatry,2023-06-21,1,27.0,90.0,24.0,1310.0,0.0
HOSP-2629,The Johns Hopkins Hospital,pulmonology,,1,7.0,60.0,21.0,1060.0,1.0
HOSP-2629,The Johns Hopkins Hospital,rheumatology,2021-02-24,1,41.0,45.0,30.0,720.0,1.0
HOSP-2630,The Johns Hopkins Hospital,cardiology,2021-01-26,1,65.0,30.0,16.0,1450.0,1.0
HOSP-2630,The Johns Hopkins Hospital,cardiology,2022-06-18,1,80.0,120.0,3.0,120.0,0.0
HOSP-2630,The Johns Hopkins Hospital,neurology,,1,84.0,15.0,4.0,1380.0,0.0
HOSP-2631,The Johns Hopkins Hospital,gastroenterology,2021-10-22,1,39.0,15.0,19.0,1520.0,0.0
HOSP-2631,The Johns Hopkins Hospital,pulmonology,2023-07-25,1,39.0,30.0,3.0,880.0,0.0
HOSP-2632,The Johns Hopkins Hospital,dermatology,,1,5.0,45.0,4.0,190.0,1.0
HOSP-2632,The Johns Hopkins Hospital,endocrinology,2021-09-17,1,9.0,90.0,30.0,1230.0,0.0
HOSP-2632,The Johns Hopkins Hospital,psychiatry,,1,26.0,90.0,10.0,540.0,1.0
HOSP-2632,The Johns Hopkins Hospital,pulmonology,2022-08-22,1,54.0,105.0,3.0,1280.0,1.0
HOSP-2633,The Johns Hopkins Hospital,cardiology,,1,24.0,120.0,17.0,120.0,1.0
HOSP-2633,The Johns Hopkins Hospital,gastroenterology,2022-11-20,1,95.0,90.0,29.0,510.0,1.0
HOSP-2637,The Johns Hopkins Hospital,dermatology,2023-01-21,1,62.0,15.0,9.0,1130.0,1.0
HOSP-2637,The Johns Hopkins Hospital,neurology,2024-05-28,1,25.0,75.0,3.0,1260.0,0.0
HOSP-2638,The Johns Hopkins Hospital,rheumatology,,1,2.0,90.0,9.0,100.0,0.0
HOSP-2639,The Johns Hopkins Hospital,hepatology,2024-04-15,1,9.0,30.0,28.0,630.0,1.0
HOSP-2639,The Johns Hopkins Hospital,hepatology,,1,22.0,60.0,6.0,740.0,1.0
HOSP-2640,The Johns Hopkins Hospital,pulmonology,,1,10.0,120.0,22.0,560.0,0.0
HOSP-2643,The Johns Hopkins Hospital,infectious disease or internal medicine,,1,78.0,75.0,18.0,250.0,1.0
HOSP-2643,The Johns Hopkins Hospital,neurology,2024-04-20,1,21.0,105.0,11.0,1090.0,1.0
HOSP-2643,The Johns Hopkins Hospital,neurology,,1,63.0,60.0,1.0,1030.0,1.0
HOSP-2644,The Johns Hopkins Hospital,infectious disease or internal medicine,,1,46.0,75.0,15.0,1550.0,1.0
HOSP-2645,The Johns Hopkins Hospital,cardiology or internal medicine,2021-09-30,1,13.0,75.0,24.0,410.0,0.0
HOSP-2648,The Johns Hopkins Hospital,neurology,,1,67.0,90.0,11.0,630.0,0.0
HOSP-2648,The Johns Hopkins Hospital,rheumatology,2020-10-28,1,0.0,75.0,23.0,1510.0,0.0
HOSP-2649,The Johns Hopkins Hospital,hepatology or gastroenterology,,1,2.0,15.0,28.0,1390.0,0.0
HOSP-2649,The Johns Hopkins Hospital,infectious disease or internal medicine,,1,19.0,105.0,24.0,1450.0,0.0
HOSP-2649,The Johns Hopkins Hospital,neurology,2022-07-18,1,78.0,75.0,12.0,370.0,1.0
HOSP-2649,The Johns Hopkins Hospital,pulmonology,2021-10-23,1,84.0,45.0,6.0,1560.0,0.0
HOSP-2650,The Johns Hopkins Hospital,nephrology,2020-08-19,1,64.0,105.0,11.0,770.0,0.0
HOSP-2651,The Johns Hopkins Hospital,pulmonology or allergy and immunology,,1,64.0,45.0,12.0,650.0,0.0
HOSP-2656,The Johns Hopkins Hospital,gastroenterology,,1,79.0,30.0,28.0,1390.0,0.0
HOSP-2657,The Johns Hopkins Hospital,cardiology,,1,72.0,90.0,9.0,790.0,0.0
HOSP-2657,The Johns Hopkins Hospital,hepatology,,1,49.0,105.0,11.0,1240.0,0.0
HOSP-2659,The Johns Hopkins Hospital,infectious disease,,1,51.0,90.0,29.0,300.0,1.0
HOSP-2659,The Johns Hopkins Hospital,neurology,2023-07-14,1,38.0,75.0,2.0,1350.0,1.0
HOSP-2659,The Johns Hopkins Hospital,urology or nephrology,2023-01-21,1,86.0,30.0,5.0,1080.0,1.0
HOSP-2660,The Johns Hopkins Hospital,cardiology,2021-01-26,1,73.0,105.0,30.0,190.0,1.0
HOSP-2660,The Johns Hopkins Hospital,cardiology or internal medicine,2023-02-20,1,81.0,90.0,22.0,460.0,1.0
HOSP-2661,The Johns Hopkins Hospital,hepatology,2024-02-25,1,82.0,90.0,28.0,540.0,1.0
HOSP-2661,The Johns Hopkins Hospital,neurology,2024-02-23,1,61.0,15.0,19.0,1310.0,0.0
HOSP-2661,The Johns Hopkins Hospital,oncology,2023-11-24,1,15.0,45.0,7.0,1070.0,1.0
HOSP-2662,The Johns Hopkins Hospital,neurology,,1,28.0,75.0,13.0,1360.0,0.0
HOSP-2662,The Johns Hopkins Hospital,pulmonology,2021-01-24,1,53.0,120.0,3.0,1040.0,1.0
HOSP-2666,The Johns Hopkins Hospital,infectious disease,2022-03-29,1,37.0,120.0,5.0,650.0,0.0
HOSP-2668,The Johns Hopkins Hospital,infectious disease or internal medicine,,1,0.0,75.0,18.0,1500.0,1.0
HOSP-2670,The Johns Hopkins Hospital,dermatology,2020-11-13,1,50.0,60.0,18.0,820.0,0.0
HOSP-2670,The Johns Hopkins Hospital,nephrology,,1,52.0,90.0,2.0,420.0,1.0
HOSP-2670,The Johns Hopkins Hospital,neurology,2022-05-15,1,0.0,15.0,17.0,580.0,1.0
HOSP-2670,The Johns Hopkins Hospital,oncology,2021-10-24,1,94.0,15.0,7.0,170.0,0.0
HOSP-2674,The Johns Hopkins Hospital,cardiology,,1,45.0,75.0,5.0,940.0,1.0
HOSP-2674,The Johns Hopkins Hospital,dermatology,2024-02-14,1,48.0,90.0,18.0,1280.0,0.0
HOSP-2675,The Johns Hopkins Hospital,neurology,,2,36.5,82.5,13.0,1025.0,2.0
HOSP-2676,The Johns Hopkins Hospital,cardiology or internal medicine,,1,23.0,60.0,1.0,490.0,1.0
HOSP-2677,The Johns Hopkins Hospital,pulmonology,2024-06-27,1,23.0,90.0,21.0,360.0,1.0
HOSP-2679,The Johns Hopkins Hospital,neurology,2021-10-16,1,92.0,75.0,17.0,650.0,0.0
HOSP-2682,The Johns Hopkins Hospital,cardiology or internal medicine,2021-11-15,1,54.0,90.0,30.0,410.0,0.0
HOSP-2682,The Johns Hopkins Hospital,dermatology,2024-03-31,1,82.0,105.0,1.0,780.0,0.0
HOSP-2682,The Johns Hopkins Hospital,rheumatology,2021-12-24,1,45.0,90.0,8.0,370.0,0.0
HOSP-2683,The Johns Hopkins Hospital,infectious disease,2022-09-18,1,60.0,15.0,8.0,500.0,0.0
HOSP-2685,The Johns Hopkins Hospital,nephrology,2020-09-25,1,21.0,105.0,12.0,940.0,0.0
HOSP-2686,The Johns Hopkins Hospital,hepatology,,2,72.0,45.0,15.0,1400.0,2.0
HOSP-2686,The Johns Hopkins Hospital,pulmonology,,1,16.0,120.0,11.0,790.0,1.0
HOSP-2689,The Johns Hopkins Hospital,dermatology,2022-03-15,1,53.0,75.0,10.0,1580.0,0.0
HOSP-2691,The Johns Hopkins Hospital,gastroenterology,2021-02-13,1,81.0,15.0,13.0,510.0,0.0
HOSP-2691,The Johns Hopkins Hospital,infectious disease or internal medicine,2022-05-23,1,38.0,30.0,19.0,650.0,1.0
HOSP-2691,The Johns Hopkins Hospital,oncology,2021-10-24,1,58.0,15.0,29.0,510.0,0.0
HOSP-2692,The Johns Hopkins Hospital,endocrinology,2022-07-21,1,78.0,30.0,2.0,1590.0,1.0
HOSP-2692,The Johns Hopkins Hospital,infectious disease or internal medicine,,1,31.0,45.0,14.0,1580.0,1.0
HOSP-2693,The Johns Hopkins Hospital,rheumatology,2024-03-17,1,69.0,105.0,2.0,1590.0,0.0
HOSP-2694,The Johns Hopkins Hospital,rheumatology,2021-12-31,1,51.0,120.0,29.0,1530.0,1.0
HOSP-2695,The Johns Hopkins Hospital,endocrinology,2023-12-25,1,0.0,15.0,28.0,650.0,0.0
HOSP-2696,The Johns Hopkins Hospital,neurology,2020-09-22,1,81.0,105.0,9.0,210.0,0.0
HOSP-2696,The Johns Hopkins Hospital,neurology,2022-06-13,1,46.0,45.0,21.0,1510.0,1.0
HOSP-2697,The Johns Hopkins Hospital,pulmonology or infectious disease,,1,18.0,90.0,12.0,1390.0,1.0
HOSP-2699,The Johns Hopkins Hospital,gastroenterology,,1,37.0,105.0,21.0,180.0,1.0
HOSP-2701,The Johns Hopkins Hospital,cardiology,,1,37.0,75.0,12.0,390.0,1.0
HOSP-2701,The Johns Hopkins Hospital,pulmonology or allergy and immunology,,1,12.0,15.0,26.0,1400.0,0.0
HOSP-2703,The Johns Hopkins Hospital,endocrinology,2021-12-13,1,42.0,90.0,16.0,500.0,1.0
HOSP-2705,The Johns Hopkins Hospital,cardiology,2021-12-15,1,41.0,15.0,27.0,750.0,0.0
HOSP-2705,The Johns Hopkins Hospital,gastroenterology,2021-01-13,1,7.0,105.0,6.0,120.0,0.0
HOSP-2705,The Johns Hopkins Hospital,infectious disease or internal medicine,,1,25.0,30.0,4.0,430.0,0.0
HOSP-2705,The Johns Hopkins Hospital,pulmonology or infectious disease,,1,71.0,45.0,8.0,130.0,0.0
HOSP-2705,The Johns Hopkins Hospital,rheumatology,2021-12-14,1,39.0,120.0,28.0,650.0,1.0
HOSP-2706,The Johns Hopkins Hospital,hepatology or gastroenterology,2024-01-17,1,10.0,105.0,8.0,1390.0,0.0
HOSP-2706,The Johns Hopkins Hospital,infectious disease or internal medicine,,1,76.0,75.0,18.0,1090.0,1.0
HOSP-2706,The Johns Hopkins Hospital,rheumatology,2024-03-29,1,65.0,45.0,24.0,990.0,1.0
HOSP-2707,The Johns Hopkins Hospital,psychiatry,2021-03-15,1,12.0,45.0,19.0,1140.0,0.0
HOSP-2708,The Johns Hopkins Hospital,psychiatry,2022-10-28,1,42.0,75.0,8.0,1390.0,1.0
HOSP-2710,The Johns Hopkins Hospital,neurology,,1,42.0,90.0,22.0,1140.0,0.0
HOSP-2712,The Johns Hopkins Hospital,neurology,,1,40.0,30.0,13.0,860.0,0.0
HOSP-2713,The Johns Hopkins Hospital,psychiatry,,1,39.0,90.0,22.0,1020.0,0.0
HOSP-2715,The Johns Hopkins Hospital,gastroenterology,,1,85.0,105.0,22.0,1250.0,0.0
HOSP-2715,The Johns Hopkins Hospital,infectious disease,2022-02-15,1,48.0,120.0,11.0,1420.0,0.0
HOSP-2716,The Johns Hopkins Hospital,neurology,2024-04-26,1,57.0,105.0,1.0,1220.0,0.0
HOSP-2717,The Johns Hopkins Hospital,infectious disease,2022-12-17,1,45.0,75.0,27.0,1360.0,1.0
HOSP-2718,The Johns Hopkins Hospital,neurology,2020-12-23,1,7.0,60.0,9.0,640.0,0.0
HOSP-2721,The Johns Hopkins Hospital,neurology,2022-02-27,1,74.0,75.0,30.0,1350.0,0.0
HOSP-2724,The Johns Hopkins Hospital,neurology,2023-06-20,1,19.0,90.0,4.0,810.0,0.0
HOSP-2725,The Johns Hopkins Hospital,hepatology,2021-12-30,1,69.0,120.0,16.0,340.0,0.0
HOSP-2725,The Johns Hopkins Hospital,neurology,,1,20.0,90.0,21.0,590.0,0.0
HOSP-2727,The Johns Hopkins Hospital,hepatology,,1,14.0,60.0,19.0,1410.0,1.0
HOSP-2728,The Johns Hopkins Hospital,nephrology,,1,26.0,45.0,4.0,1420.0,0.0
HOSP-2728,The Johns Hopkins Hospital,neurology,,1,17.0,60.0,23.0,1210.0,1.0
HOSP-2729,The Johns Hopkins Hospital,endocrinology,,1,52.0,60.0,2.0,1540.0,1.0
HOSP-2729,The Johns Hopkins Hospital,gastroenterology,,1,27.0,75.0,22.0,920.0,1.0
HOSP-2729,The Johns Hopkins Hospital,neurology,,1,17.0,60.0,23.0,1360.0,1.0
HOSP-2730,The Johns Hopkins Hospital,neurology,2023-04-30,1,82.0,30.0,11.0,1600.0,1.0
HOSP-2732,The Johns Hopkins Hospital,pulmonology or allergy and immunology,2023-02-26,1,56.0,75.0,7.0,460.0,0.0
HOSP-2733,The Johns Hopkins Hospital,pulmonology or infectious disease,,1,6.0,105.0,24.0,1320.0,1.0
HOSP-2736,The Johns Hopkins Hospital,neurology,,1,34.0,45.0,27.0,1130.0,0.0
HOSP-2738,The Johns Hopkins Hospital,infectious disease,2022-07-24,1,6.0,15.0,21.0,1300.0,0.0
HOSP-2738,The Johns Hopkins Hospital,neurology,,1,75.0,90.0,13.0,670.0,1.0
HOSP-2739,The Johns Hopkins Hospital,hepatology or gastroenterology,2021-04-25,1,12.0,90.0,19.0,500.0,0.0
HOSP-2740,The Johns Hopkins Hospital,allergy and immunology,2022-05-20,1,82.0,60.0,29.0,530.0,1.0
HOSP-2741,The Johns Hopkins Hospital,neurology,2023-03-21,1,51.0,45.0,23.0,670.0,0.0
HOSP-2744,The Johns Hopkins Hospital,cardiology,,1,3.0,60.0,10.0,1290.0,0.0
HOSP-2745,The Johns Hopkins Hospital,gastroenterology,2024-04-16,1,39.0,60.0,17.0,490.0,1.0
HOSP-2746,The Johns Hopkins Hospital,infectious disease or internal medicine,2021-06-23,1,56.0,105.0,23.0,680.0,0.0
HOSP-2746,The Johns Hopkins Hospital,oncology,,1,2.0,90.0,30.0,930.0,0.0
HOSP-2747,The Johns Hopkins Hospital,allergy and immunology,2022-10-29,1,1.0,75.0,7.0,920.0,1.0
HOSP-2747,The Johns Hopkins Hospital,infectious disease or internal medicine,2022-07-26,1,55.0,60.0,26.0,930.0,1.0
HOSP-2748,The Johns Hopkins Hospital,gastroenterology,2021-08-21,1,76.0,60.0,24.0,920.0,0.0
HOSP-2750,The Johns Hopkins Hospital,cardiology or internal medicine,,1,47.0,120.0,5.0,490.0,1.0
HOSP-2750,The Johns Hopkins Hospital,nephrology,,1,94.0,60.0,5.0,770.0,1.0
HOSP-2752,The Johns Hopkins Hospital,neurology,,1,21.0,30.0,14.0,1200.0,1.0
HOSP-2753,The Johns Hopkins Hospital,neurology,,1,78.0,105.0,28.0,1020.0,1.0
HOSP-2753,The Johns Hopkins Hospital,pulmonology,2022-07-31,1,53.0,75.0,15.0,670.0,0.0
HOSP-2754,The Johns Hopkins Hospital,psychiatry,2022-06-28,1,59.0,90.0,24.0,550.0,0.0
HOSP-2754,The Johns Hopkins Hospital,pulmonology or infectious disease,,1,48.0,120.0,30.0,520.0,1.0
HOSP-2755,The Johns Hopkins Hospital,dermatology,2023-10-18,1,72.0,45.0,3.0,720.0,0.0
HOSP-2755,The Johns Hopkins Hospital,gastroenterology,,1,83.0,90.0,22.0,1200.0,0.0
HOSP-2756,The Johns Hopkins Hospital,neurology,,1,47.0,60.0,16.0,1570.0,0.0
HOSP-2758,The Johns Hopkins Hospital,nephrology,,1,7.0,120.0,9.0,430.0,0.0
HOSP-2759,The Johns Hopkins Hospital,dermatology,2020-10-21,1,51.0,45.0,15.0,1370.0,0.0
HOSP-2760,The Johns Hopkins Hospital,neurology,2023-04-17,1,1.0,75.0,12.0,440.0,0.0
HOSP-2761,The Johns Hopkins Hospital,neurology,2022-07-22,1,85.0,30.0,23.0,1420.0,1.0
HOSP-2763,The Johns Hopkins Hospital,hepatology or gastroenterology,2022-10-18,1,47.0,60.0,22.0,740.0,0.0
HOSP-2764,The Johns Hopkins Hospital,hepatology,2023-03-14,1,8.0,30.0,20.0,600.0,0.0
HOSP-2764,The Johns Hopkins Hospital,infectious disease or internal medicine,2023-02-25,1,91.0,45.0,3.0,700.0,0.0
HOSP-2765,The Johns Hopkins Hospital,neurology,2020-09-30,1,34.0,30.0,23.0,920.0,0.0
HOSP-2767,The Johns Hopkins Hospital,gastroenterology,2022-04-18,1,48.0,90.0,14.0,1380.0,1.0
HOSP-2769,The Johns Hopkins Hospital,rheumatology,2021-03-18,1,51.0,105.0,13.0,1280.0,0.0
HOSP-2770,The Johns Hopkins Hospital,gastroenterology,2024-02-13,1,69.0,45.0,6.0,1170.0,0.0
HOSP-2771,The Johns Hopkins Hospital,nephrology,,1,44.0,30.0,7.0,1430.0,1.0
HOSP-2772,The Johns Hopkins Hospital,infectious disease or internal medicine,2022-04-20,1,90.0,45.0,30.0,910.0,0.0
HOSP-2773,The Johns Hopkins Hospital,nephrology,2021-04-29,1,95.0,60.0,21.0,110.0,0.0
HOSP-2774,The Johns Hopkins Hospital,gastroenterology,,1,56.0,75.0,14.0,510.0,0.0
HOSP-2775,The Johns Hopkins Hospital,nephrology,,1,0.0,75.0,22.0,1040.0,1.0
HOSP-2778,The Johns Hopkins Hospital,neurology,2020-07-30,1,21.0,15.0,26.0,1210.0,1.0
HOSP-2778,The Johns Hopkins Hospital,rheumatology,2023-10-29,1,80.0,60.0,5.0,1400.0,0.0
HOSP-2780,The Johns Hopkins Hospital,cardiology or internal medicine,2021-10-25,1,12.0,30.0,30.0,900.0,0.0
HOSP-2780,The Johns Hopkins Hospital,gastroenterology,2022-06-19,1,25.0,105.0,13.0,450.0,1.0
HOSP-2780,The Johns Hopkins Hospital,infectious disease or internal medicine,2023-08-18,1,38.0,120.0,1.0,470.0,0.0
HOSP-2782,The Johns Hopkins Hospital,cardiology or internal medicine,2022-04-22,1,72.0,15.0,4.0,1500.0,1.0
HOSP-2782,The Johns Hopkins Hospital,neurology,2020-09-17,1,57.0,15.0,4.0,310.0,0.0
HOSP-2783,The Johns Hopkins Hospital,infectious disease,,1,20.0,90.0,21.0,1550.0,1.0
HOSP-2783,The Johns Hopkins Hospital,nephrology,2022-09-26,1,51.0,75.0,5.0,330.0,1.0
HOSP-2783,The Johns Hopkins Hospital,oncology,2023-09-16,1,82.0,30.0,30.0,130.0,0.0
HOSP-2783,The Johns Hopkins Hospital,pulmonology,2022-06-27,1,53.0,60.0,30.0,740.0,1.0
HOSP-2783,The Johns Hopkins Hospital,pulmonology or infectious disease,,1,37.0,30.0,11.0,870.0,1.0
HOSP-2785,The Johns Hopkins Hospital,cardiology or internal medicine,2023-02-27,1,84.0,90.0,10.0,910.0,1.0
HOSP-2785,The Johns Hopkins Hospital,pulmonology or allergy and immunology,2024-03-14,1,95.0,15.0,26.0,450.0,0.0
HOSP-2786,The Johns Hopkins Hospital,psychiatry,,1,20.0,90.0,16.0,1470.0,1.0
HOSP-2786,The Johns Hopkins Hospital,rheumatology,,1,71.0,45.0,6.0,1410.0,1.0
HOSP-2787,The Johns Hopkins Hospital,cardiology,2022-01-13,1,80.0,15.0,24.0,390.0,0.0
HOSP-2787,The Johns Hopkins Hospital,dermatology,,1,93.0,15.0,10.0,630.0,0.0
HOSP-2789,The Johns Hopkins Hospital,oncology,,1,60.0,15.0,5.0,1220.0,0.0
HOSP-2793,The Johns Hopkins Hospital,allergy and immunology,,1,31.0,30.0,28.0,800.0,1.0
HOSP-2793,The Johns Hopkins Hospital,endocrinology,2024-05-14,1,33.0,45.0,6.0,780.0,1.0
HOSP-2793,The Johns Hopkins Hospital,gastroenterology,,1,3.0,75.0,23.0,1160.0,0.0
HOSP-2793,The Johns Hopkins Hospital,psychiatry,2023-12-28,1,42.0,30.0,17.0,250.0,0.0
HOSP-2793,The Johns Hopkins Hospital,pulmonology or infectious disease,,1,89.0,15.0,22.0,460.0,0.0
HOSP-2794,The Johns Hopkins Hospital,allergy and immunology,2021-09-13,1,91.0,105.0,16.0,300.0,0.0
HOSP-2794,The Johns Hopkins Hospital,psychiatry,2023-02-15,1,39.0,75.0,8.0,1120.0,1.0
HOSP-2795,The Johns Hopkins Hospital,gastroenterology,2022-11-16,1,85.0,75.0,14.0,180.0,1.0
HOSP-2795,The Johns Hopkins Hospital,neurology,2023-08-18,1,44.0,15.0,26.0,1380.0,0.0
HOSP-2795,The Johns Hopkins Hospital,psychiatry,2020-09-30,1,4.0,30.0,15.0,1360.0,1.0
HOSP-2796,The Johns Hopkins Hospital,allergy and immunology,2021-10-29,1,47.0,90.0,25.0,1210.0,1.0
HOSP-2797,The Johns Hopkins Hospital,psychiatry,2022-12-23,1,29.0,30.0,12.0,1050.0,0.0
HOSP-2799,The Johns Hopkins Hospital,gastroenterology,2021-10-17,1,83.0,90.0,8.0,790.0,1.0
HOSP-2799,The Johns Hopkins Hospital,neurology,,1,42.0,15.0,4.0,1530.0,1.0
HOSP-2800,The Johns Hopkins Hospital,rheumatology,2022-12-28,1,92.0,105.0,28.0,920.0,0.0
HOSP-2801,The Johns Hopkins Hospital,urology or nephrology,2022-06-28,1,35.0,120.0,15.0,500.0,0.0
HOSP-2802,The Johns Hopkins Hospital,endocrinology,,1,0.0,90.0,22.0,1030.0,0.0
HOSP-2802,The Johns Hopkins Hospital,infectious disease,2021-04-19,1,55.0,90.0,17.0,720.0,1.0
HOSP-2802,The Johns Hopkins Hospital,infectious disease or internal medicine,2022-08-25,1,35.0,30.0,14.0,450.0,0.0
HOSP-2803,The Johns Hopkins Hospital,dermatology,,1,51.0,15.0,30.0,740.0,0.0
HOSP-2803,The Johns Hopkins Hospital,rheumatology,2022-10-18,1,34.0,120.0,2.0,1590.0,0.0
HOSP-2803,The Johns Hopkins Hospital,rheumatology,2023-02-21,1,75.0,105.0,26.0,220.0,0.0
HOSP-2804,The Johns Hopkins Hospital,hepatology or gastroenterology,,1,14.0,30.0,18.0,1210.0,1.0
HOSP-2804,The Johns Hopkins Hospital,infectious disease or internal medicine,2021-11-22,1,51.0,75.0,1.0,1530.0,0.0
HOSP-2805,The Johns Hopkins Hospital,cardiology,2023-05-14,1,52.0,105.0,13.0,140.0,0.0
HOSP-2805,The Johns Hopkins Hospital,hepatology,2024-07-14,1,19.0,75.0,21.0,380.0,1.0
HOSP-2805,The Johns Hopkins Hospital,neurology,,1,44.0,90.0,25.0,990.0,1.0
HOSP-2806,The Johns Hopkins Hospital,endocrinology,2023-08-30,1,63.0,120.0,18.0,1260.0,0.0
HOSP-2808,The Johns Hopkins Hospital,gastroenterology,,1,80.0,30.0,19.0,1250.0,1.0
HOSP-2808,The Johns Hopkins Hospital,oncology,2021-12-21,1,1.0,120.0,27.0,1120.0,0.0
HOSP-2809,The Johns Hopkins Hospital,infectious disease,,1,38.0,15.0,5.0,690.0,0.0
HOSP-2810,The Johns Hopkins Hospital,allergy and immunology,2021-05-18,1,21.0,105.0,15.0,870.0,1.0
HOSP-2811,The Johns Hopkins Hospital,gastroenterology,,1,73.0,75.0,17.0,600.0,0.0
HOSP-2811,The Johns Hopkins Hospital,hepatology or gastroenterology,2023-10-20,1,41.0,75.0,21.0,230.0,0.0
HOSP-2811,The Johns Hopkins Hospital,hepatology or gastroenterology,,1,78.0,30.0,20.0,610.0,1.0
HOSP-2812,The Johns Hopkins Hospital,hepatology,2024-06-22,1,44.0,105.0,17.0,1440.0,0.0
HOSP-2812,The Johns Hopkins Hospital,pulmonology,2023-07-27,1,60.0,60.0,21.0,440.0,0.0
HOSP-2813,The Johns Hopkins Hospital,hepatology,2024-06-26,1,12.0,120.0,22.0,1430.0,1.0
HOSP-2813,The Johns Hopkins Hospital,infectious disease or internal medicine,,1,46.0,15.0,2.0,510.0,1.0
HOSP-2815,The Johns Hopkins Hospital,gastroenterology,,1,57.0,75.0,12.0,1580.0,0.0
HOSP-2818,The Johns Hopkins Hospital,urology or nephrology,,1,0.0,30.0,12.0,1600.0,1.0
HOSP-2819,The Johns Hopkins Hospital,gastroenterology,2020-10-17,1,70.0,75.0,21.0,470.0,0.0
HOSP-2819,The Johns Hopkins Hospital,neurology,2021-01-14,1,68.0,105.0,29.0,650.0,1.0
HOSP-2820,The Johns Hopkins Hospital,gastroenterology,,1,16.0,90.0,25.0,540.0,1.0
HOSP-2820,The Johns Hopkins Hospital,psychiatry,,1,23.0,30.0,25.0,1330.0,1.0
HOSP-2820,The Johns Hopkins Hospital,pulmonology or allergy and immunology,2023-07-21,1,76.0,120.0,5.0,1160.0,0.0
HOSP-2821,The Johns Hopkins Hospital,hepatology or gastroenterology,,1,39.0,105.0,13.0,380.0,0.0
HOSP-2821,The Johns Hopkins Hospital,infectious disease or internal medicine,2021-08-20,1,5.0,45.0,16.0,1490.0,1.0
HOSP-2821,The Johns Hopkins Hospital,neurology,,1,11.0,45.0,20.0,830.0,0.0
HOSP-2821,The Johns Hopkins Hospital,pulmonology or allergy and immunology,2022-09-29,1,55.0,30.0,7.0,1590.0,0.0
HOSP-2822,The Johns Hopkins Hospital,gastroenterology,,1,57.0,120.0,19.0,330.0,0.0
HOSP-2823,The Johns Hopkins Hospital,infectious disease or internal medicine,2020-09-30,1,69.0,30.0,8.0,1380.0,0.0
HOSP-2824,The Johns Hopkins Hospital,psychiatry,2022-05-28,1,6.0,90.0,28.0,1470.0,1.0
HOSP-2827,The Johns Hopkins Hospital,psychiatry,2023-06-18,1,58.0,90.0,26.0,670.0,1.0
HOSP-2827,The Johns Hopkins Hospital,urology or nephrology,,1,42.0,90.0,21.0,1240.0,0.0
HOSP-2829,The Johns Hopkins Hospital,endocrinology,2022-12-16,1,53.0,120.0,6.0,1050.0,1.0
HOSP-2829,The Johns Hopkins Hospital,neurology,2022-05-21,1,58.0,90.0,11.0,180.0,0.0
HOSP-2830,The Johns Hopkins Hospital,neurology,2020-09-24,1,12.0,105.0,19.0,1370.0,0.0
HOSP-2831,The Johns Hopkins Hospital,psychiatry,2022-02-25,1,73.0,45.0,15.0,130.0,0.0
HOSP-2833,The Johns Hopkins Hospital,infectious disease or internal medicine,2022-01-16,1,75.0,120.0,30.0,850.0,0.0
HOSP-2833,The Johns Hopkins Hospital,neurology,2022-07-22,1,17.0,120.0,19.0,1390.0,0.0
HOSP-2835,The Johns Hopkins Hospital,hepatology or gastroenterology,2022-07-28,1,62.0,30.0,1.0,380.0,0.0
HOSP-2835,The Johns Hopkins Hospital,nephrology,2020-12-23,1,81.0,15.0,13.0,800.0,1.0
HOSP-2837,The Johns Hopkins Hospital,allergy and immunology,,1,21.0,105.0,13.0,1390.0,0.0
HOSP-2841,The Johns Hopkins Hospital,urology or nephrology,2023-07-30,1,82.0,120.0,16.0,960.0,1.0
HOSP-2843,The Johns Hopkins Hospital,gastroenterology,2024-01-18,1,84.0,15.0,6.0,850.0,0.0
HOSP-2843,The Johns Hopkins Hospital,infectious disease or internal medicine,,1,49.0,75.0,12.0,1330.0,0.0
HOSP-2844,The Johns Hopkins Hospital,cardiology,2022-09-27,1,81.0,75.0,15.0,1360.0,1.0
HOSP-2845,The Johns Hopkins Hospital,neurology,2022-12-30,1,79.0,45.0,10.0,380.0,0.0
HOSP-2846,The Johns Hopkins Hospital,cardiology or internal medicine,2021-02-19,1,13.0,90.0,27.0,1270.0,0.0
HOSP-2847,The Johns Hopkins Hospital,hepatology or gastroenterology,2024-01-22,1,13.0,45.0,20.0,370.0,0.0
HOSP-2849,The Johns Hopkins Hospital,allergy and immunology,2021-10-21,1,20.0,15.0,13.0,1570.0,0.0
HOSP-2849,The Johns Hopkins Hospital,pulmonology,,1,48.0,60.0,8.0,530.0,0.0
HOSP-2850,The Johns Hopkins Hospital,dermatology,,1,3.0,15.0,17.0,1280.0,1.0
HOSP-2850,The Johns Hopkins Hospital,hepatology,,1,8.0,30.0,2.0,810.0,0.0
HOSP-2850,The Johns Hopkins Hospital,hepatology or gastroenterology,,1,78.0,105.0,1.0,650.0,0.0
HOSP-2850,The Johns Hopkins Hospital,pulmonology or infectious disease,2024-05-14,1,20.0,15.0,24.0,820.0,0.0
HOSP-2852,The Johns Hopkins Hospital,rheumatology,,1,95.0,15.0,25.0,1090.0,1.0
HOSP-2853,The Johns Hopkins Hospital,cardiology,,1,89.0,120.0,9.0,1240.0,0.0
HOSP-2855,The Johns Hopkins Hospital,neurology,2024-05-13,1,41.0,30.0,11.0,640.0,1.0
HOSP-2858,The Johns Hopkins Hospital,hepatology,2022-10-29,1,14.0,30.0,21.0,190.0,0.0
HOSP-2858,The Johns Hopkins Hospital,nephrology,,1,88.0,45.0,25.0,710.0,1.0
HOSP-2861,The Johns Hopkins Hospital,neurology,2023-11-13,1,58.0,45.0,10.0,820.0,0.0
HOSP-2862,The Johns Hopkins Hospital,infectious disease,2021-04-27,1,37.0,15.0,30.0,250.0,1.0
HOSP-2862,The Johns Hopkins Hospital,neurology,2022-04-24,1,21.0,45.0,29.0,1070.0,0.0
HOSP-2863,The Johns Hopkins Hospital,gastroenterology,2020-10-21,1,89.0,15.0,16.0,1510.0,0.0
HOSP-2863,The Johns Hopkins Hospital,psychiatry,,1,65.0,120.0,26.0,710.0,1.0
HOSP-2863,The Johns Hopkins Hospital,pulmonology,2024-06-25,1,27.0,120.0,28.0,150.0,0.0
HOSP-2864,The Johns Hopkins Hospital,hepatology,,1,19.0,30.0,14.0,620.0,0.0
HOSP-2865,The Johns Hopkins Hospital,cardiology,,1,54.0,120.0,7.0,100.0,1.0
HOSP-2867,The Johns Hopkins Hospital,cardiology,2023-06-20,1,86.0,45.0,29.0,1330.0,1.0
HOSP-2867,The Johns Hopkins Hospital,neurology,2021-02-26,1,87.0,60.0,12.0,210.0,0.0
HOSP-2867,The Johns Hopkins Hospital,pulmonology or infectious disease,,1,9.0,105.0,18.0,740.0,1.0
HOSP-2868,The Johns Hopkins Hospital,infectious disease,2023-06-26,1,61.0,30.0,17.0,1510.0,0.0
HOSP-2869,The Johns Hopkins Hospital,nephrology,,1,49.0,120.0,25.0,1140.0,1.0
HOSP-2871,The Johns Hopkins Hospital,allergy and immunology,2021-11-23,1,81.0,45.0,13.0,110.0,1.0
HOSP-2871,The Johns Hopkins Hospital,hepatology or gastroenterology,2022-03-21,1,63.0,90.0,3.0,1210.0,0.0
HOSP-2871,The Johns Hopkins Hospital,oncology,2022-01-28,1,50.0,45.0,23.0,190.0,1.0
HOSP-2873,The Johns Hopkins Hospital,neurology,,1,29.0,45.0,30.0,1250.0,1.0
HOSP-2875,The Johns Hopkins Hospital,allergy and immunology,2020-11-16,1,37.0,105.0,28.0,660.0,0.0
HOSP-2876,The Johns Hopkins Hospital,endocrinology,2022-06-26,1,35.0,90.0,19.0,380.0,0.0
HOSP-2876,The Johns Hopkins Hospital,hepatology or gastroenterology,2024-03-26,1,38.0,45.0,24.0,520.0,0.0
HOSP-2876,The Johns Hopkins Hospital,pulmonology,2024-03-31,1,52.0,105.0,10.0,860.0,0.0
HOSP-2877,The Johns Hopkins Hospital,gastroenterology,2021-12-13,1,53.0,75.0,23.0,430.0,1.0
HOSP-2878,The Johns Hopkins Hospital,dermatology,2021-02-25,1,25.0,15.0,22.0,1120.0,1.0
HOSP-2879,The Johns Hopkins Hospital,neurology,2021-11-16,1,92.0,60.0,27.0,1450.0,0.0
HOSP-2880,The Johns Hopkins Hospital,cardiology,,1,60.0,30.0,24.0,940.0,0.0
HOSP-2881,The Johns Hopkins Hospital,pulmonology or allergy and immunology,2024-01-24,1,58.0,45.0,26.0,1580.0,1.0
HOSP-2885,The Johns Hopkins Hospital,neurology,2022-03-26,1,16.0,15.0,2.0,1450.0,0.0
HOSP-2886,The Johns Hopkins Hospital,gastroenterology,2021-02-20,1,12.0,105.0,7.0,1440.0,0.0
HOSP-2886,The Johns Hopkins Hospital,hepatology,,1,8.0,15.0,11.0,180.0,0.0
HOSP-2888,The Johns Hopkins Hospital,gastroenterology,,1,87.0,120.0,2.0,620.0,1.0
HOSP-2888,The Johns Hopkins Hospital,neurology,,1,21.0,105.0,3.0,100.0,0.0
HOSP-2889,The Johns Hopkins Hospital,hepatology or gastroenterology,2023-09-30,1,50.0,30.0,9.0,370.0,0.0
HOSP-2891,The Johns Hopkins Hospital,psychiatry,2021-11-22,1,95.0,60.0,3.0,240.0,1.0
HOSP-2891,The Johns Hopkins Hospital,pulmonology or allergy and immunology,2023-11-24,1,31.0,105.0,1.0,110.0,0.0
HOSP-2894,The Johns Hopkins Hospital,neurology,2022-12-28,1,42.0,30.0,30.0,900.0,0.0
HOSP-2896,The Johns Hopkins Hospital,neurology,2021-07-27,1,10.0,30.0,15.0,500.0,1.0
HOSP-2896,The Johns Hopkins Hospital,neurology,,1,31.0,105.0,27.0,430.0,1.0
HOSP-2896,The Johns Hopkins Hospital,pulmonology,2020-12-21,1,53.0,60.0,24.0,670.0,0.0
HOSP-2897,The Johns Hopkins Hospital,gastroenterology,,1,25.0,30.0,21.0,1500.0,0.0
HOSP-2898,The Johns Hopkins Hospital,infectious disease,,1,30.0,120.0,22.0,1380.0,0.0
HOSP-2899,The Johns Hopkins Hospital,cardiology or internal medicine,2021-06-19,1,35.0,30.0,2.0,300.0,0.0
HOSP-2899,The Johns Hopkins Hospital,pulmonology,,1,63.0,45.0,24.0,430.0,1.0
HOSP-2900,The Johns Hopkins Hospital,rheumatology,,1,41.0,15.0,15.0,1420.0,1.0
HOSP-2901,The Johns Hopkins Hospital,neurology,2023-06-29,1,66.0,105.0,18.0,150.0,0.0
HOSP-2901,The Johns Hopkins Hospital,neurology,,1,9.0,90.0,19.0,930.0,1.0
HOSP-2902,The Johns Hopkins Hospital,hepatology,2022-12-28,1,90.0,60.0,20.0,840.0,1.0
HOSP-2902,The Johns Hopkins Hospital,infectious disease or internal medicine,2021-05-18,1,8.0,75.0,25.0,1060.0,0.0
HOSP-2902,The Johns Hopkins Hospital,oncology,,1,3.0,30.0,13.0,710.0,0.0
HOSP-2903,The Johns Hopkins Hospital,pulmonology,2022-01-22,1,81.0,60.0,26.0,560.0,1.0
HOSP-2906,The Johns Hopkins Hospital,cardiology,2022-06-14,1,47.0,105.0,3.0,490.0,0.0
HOSP-2907,The Johns Hopkins Hospital,infectious disease,2020-12-29,1,50.0,30.0,21.0,1240.0,0.0
HOSP-2909,The Johns Hopkins Hospital,neurology,,2,31.0,30.0,12.0,1335.0,1.0
HOSP-2911,The Johns Hopkins Hospital,dermatology,2022-03-30,1,14.0,15.0,19.0,1200.0,0.0
HOSP-2911,The Johns Hopkins Hospital,infectious disease or internal medicine,2022-06-27,1,80.0,75.0,27.0,460.0,0.0
HOSP-2914,The Johns Hopkins Hospital,psychiatry,2020-07-25,1,92.0,105.0,19.0,770.0,1.0
HOSP-2916,The Johns Hopkins Hospital,pulmonology or allergy and immunology,2024-04-19,1,83.0,45.0,24.0,1600.0,0.0
HOSP-2917,The Johns Hopkins Hospital,infectious disease,2024-06-25,1,9.0,15.0,11.0,990.0,0.0
HOSP-2917,The Johns Hopkins Hospital,infectious disease or internal medicine,2023-12-29,1,71.0,30.0,8.0,1090.0,1.0
HOSP-2917,The Johns Hopkins Hospital,infectious disease or internal medicine,2024-01-23,1,55.0,45.0,4.0,480.0,0.0
HOSP-2917,The Johns Hopkins Hospital,neurology,2020-07-25,1,3.0,90.0,27.0,230.0,0.0
HOSP-2917,The Johns Hopkins Hospital,neurology,2021-06-16,1,34.0,105.0,12.0,1230.0,1.0
HOSP-2918,The Johns Hopkins Hospital,cardiology or internal medicine,2022-08-16,1,87.0,30.0,2.0,210.0,1.0
HOSP-2918,The Johns Hopkins Hospital,neurology,2021-07-13,1,26.0,90.0,8.0,300.0,0.0
HOSP-2920,The Johns Hopkins Hospital,pulmonology or allergy and immunology,2022-05-17,1,48.0,75.0,21.0,880.0,0.0
HOSP-2920,The Johns Hopkins Hospital,pulmonology or allergy and immunology,2023-08-21,1,85.0,90.0,3.0,770.0,0.0
HOSP-2920,The Johns Hopkins Hospital,pulmonology or infectious disease,2022-03-20,1,30.0,75.0,27.0,220.0,0.0
HOSP-2920,The Johns Hopkins Hospital,rheumatology,2022-02-19,1,53.0,15.0,11.0,740.0,1.0
HOSP-2921,The Johns Hopkins Hospital,oncology,2021-02-26,1,8.0,105.0,22.0,1440.0,0.0
HOSP-2922,The Johns Hopkins Hospital,urology or nephrology,2024-02-22,1,48.0,105.0,26.0,1040.0,0.0
HOSP-2923,The Johns Hopkins Hospital,neurology,,1,34.0,30.0,23.0,630.0,0.0
HOSP-2923,The Johns Hopkins Hospital,oncology,,1,16.0,15.0,2.0,570.0,0.0
HOSP-2924,The Johns Hopkins Hospital,neurology,2021-11-21,1,72.0,15.0,10.0,580.0,1.0
HOSP-2925,The Johns Hopkins Hospital,cardiology or internal medicine,2022-10-18,1,38.0,90.0,26.0,1390.0,1.0
HOSP-2926,The Johns Hopkins Hospital,nephrology,,1,55.0,90.0,26.0,220.0,0.0
HOSP-2926,The Johns Hopkins Hospital,psychiatry,2021-04-29,1,46.0,75.0,27.0,570.0,1.0
HOSP-2928,The Johns Hopkins Hospital,oncology,2022-03-14,1,64.0,30.0,22.0,960.0,1.0
HOSP-2929,The Johns Hopkins Hospital,rheumatology,2021-04-29,1,3.0,30.0,9.0,130.0,1.0
HOSP-2930,The Johns Hopkins Hospital,oncology,2021-06-19,1,33.0,60.0,20.0,1220.0,0.0
HOSP-2931,The Johns Hopkins Hospital,rheumatology,2021-03-21,1,7.0,75.0,18.0,310.0,1.0
HOSP-2932,The Johns Hopkins Hospital,neurology,,1,83.0,45.0,12.0,1070.0,0.0
HOSP-2935,The Johns Hopkins Hospital,pulmonology,,1,78.0,90.0,7.0,270.0,0.0
HOSP-2936,The Johns Hopkins Hospital,gastroenterology,2022-10-18,1,15.0,30.0,21.0,1020.0,0.0
HOSP-2937,The Johns Hopkins Hospital,endocrinology,,1,29.0,30.0,21.0,1070.0,0.0
HOSP-2939,The Johns Hopkins Hospital,infectious disease or internal medicine,2020-12-14,1,85.0,30.0,7.0,1420.0,1.0
HOSP-2940,The Johns Hopkins Hospital,cardiology,2023-07-27,1,0.0,90.0,9.0,1070.0,1.0
HOSP-2942,The Johns Hopkins Hospital,hepatology,,1,65.0,45.0,20.0,270.0,0.0
HOSP-2942,The Johns Hopkins Hospital,pulmonology,,1,14.0,30.0,23.0,760.0,1.0
HOSP-2943,The Johns Hopkins Hospital,neurology,,1,27.0,60.0,18.0,1440.0,0.0
HOSP-2946,The Johns Hopkins Hospital,hepatology or gastroenterology,2023-03-23,1,31.0,15.0,24.0,990.0,1.0
HOSP-2946,The Johns Hopkins Hospital,hepatology or gastroenterology,,1,10.0,105.0,11.0,800.0,1.0
HOSP-2948,The Johns Hopkins Hospital,psychiatry,2023-05-30,1,81.0,30.0,3.0,260.0,0.0
HOSP-2951,The Johns Hopkins Hospital,dermatology,2021-09-18,1,94.0,60.0,13.0,180.0,0.0
HOSP-2951,The Johns Hopkins Hospital,rheumatology,2024-05-14,1,45.0,90.0,14.0,1220.0,0.0
HOSP-2952,The Johns Hopkins Hospital,gastroenterology,2022-03-28,1,40.0,45.0,22.0,260.0,0.0
HOSP-2953,The Johns Hopkins Hospital,cardiology or internal medicine,,1,64.0,90.0,13.0,990.0,0.0
HOSP-2953,The Johns Hopkins Hospital,neurology,,1,70.0,60.0,25.0,130.0,0.0
HOSP-2954,The Johns Hopkins Hospital,endocrinology,2021-10-27,1,74.0,45.0,3.0,1040.0,1.0
HOSP-2954,The Johns Hopkins Hospital,hepatology,,1,81.0,45.0,12.0,1540.0,1.0
HOSP-2955,The Johns Hopkins Hospital,gastroenterology,2024-01-27,1,65.0,30.0,4.0,1150.0,1.0
HOSP-2955,The Johns Hopkins Hospital,infectious disease or internal medicine,,1,33.0,15.0,8.0,1480.0,0.0
HOSP-2959,The Johns Hopkins Hospital,hepatology,2024-04-13,1,38.0,90.0,24.0,1210.0,0.0
HOSP-2960,The Johns Hopkins Hospital,allergy and immunology,,1,86.0,15.0,27.0,630.0,1.0
HOSP-2963,The Johns Hopkins Hospital,gastroenterology,2021-12-31,1,82.0,105.0,5.0,1140.0,0.0
HOSP-2964,The Johns Hopkins Hospital,hepatology,2023-01-18,1,92.0,60.0,11.0,1210.0,1.0
HOSP-2964,The Johns Hopkins Hospital,psychiatry,2021-12-26,1,57.0,105.0,23.0,1590.0,1.0
HOSP-2966,The Johns Hopkins Hospital,infectious disease or internal medicine,,1,43.0,45.0,22.0,1480.0,1.0
HOSP-2967,The Johns Hopkins Hospital,infectious disease or internal medicine,2021-10-29,1,45.0,75.0,3.0,1090.0,0.0
HOSP-2967,The Johns Hopkins Hospital,rheumatology,2021-08-18,1,64.0,45.0,5.0,1530.0,1.0
HOSP-2967,The Johns Hopkins Hospital,urology or nephrology,2020-11-27,1,67.0,75.0,30.0,1010.0,0.0
HOSP-2970,The Johns Hopkins Hospital,endocrinology,2022-02-18,1,36.0,75.0,2.0,940.0,1.0
HOSP-2970,The Johns Hopkins Hospital,rheumatology,2022-09-27,1,36.0,105.0,14.0,330.0,0.0
HOSP-2970,The Johns Hopkins Hospital,rheumatology,,1,54.0,75.0,16.0,130.0,1.0
HOSP-2971,The Johns Hopkins Hospital,rheumatology,2023-08-13,1,62.0,75.0,20.0,1160.0,0.0
HOSP-2977,The Johns Hopkins Hospital,neurology,,1,11.0,90.0,13.0,260.0,0.0
HOSP-2978,The Johns Hopkins Hospital,hepatology,2020-12-18,1,27.0,45.0,15.0,900.0,1.0
HOSP-2978,The Johns Hopkins Hospital,pulmonology,2021-03-16,1,54.0,120.0,23.0,380.0,0.0
HOSP-2979,The Johns Hopkins Hospital,infectious disease,2023-01-25,1,63.0,15.0,8.0,270.0,0.0
HOSP-2979,The Johns Hopkins Hospital,urology or nephrology,2020-09-26,1,87.0,90.0,5.0,210.0,1.0
HOSP-2980,The Johns Hopkins Hospital,infectious disease or internal medicine,,1,81.0,120.0,17.0,870.0,0.0
HOSP-2981,The Johns Hopkins Hospital,rheumatology,,1,51.0,120.0,15.0,590.0,1.0
HOSP-2982,The Johns Hopkins Hospital,neurology,2023-06-22,1,52.0,120.0,4.0,340.0,1.0
HOSP-2983,The Johns Hopkins Hospital,infectious disease,2024-03-23,1,35.0,75.0,15.0,540.0,1.0
HOSP-2983,The Johns Hopkins Hospital,neurology,2023-09-26,1,8.0,15.0,28.0,800.0,0.0
HOSP-2984,The Johns Hopkins Hospital,neurology,2021-05-23,1,22.0,60.0,8.0,880.0,0.0
HOSP-2984,The Johns Hopkins Hospital,rheumatology,2020-11-16,1,13.0,45.0,11.0,1200.0,1.0
HOSP-2986,The Johns Hopkins Hospital,hepatology or gastroenterology,2023-01-20,1,73.0,90.0,9.0,1360.0,0.0
HOSP-2990,The Johns Hopkins Hospital,infectious disease,,1,19.0,45.0,20.0,280.0,1.0
HOSP-2990,The Johns Hopkins Hospital,neurology,2021-06-28,1,27.0,120.0,24.0,250.0,0.0
HOSP-2991,The Johns Hopkins Hospital,infectious disease or internal medicine,2023-11-14,1,79.0,45.0,23.0,1180.0,1.0
HOSP-2992,The Johns Hopkins Hospital,hepatology or gastroenterology,2022-09-25,1,55.0,90.0,29.0,1280.0,1.0
HOSP-2994,The Johns Hopkins Hospital,infectious disease or internal medicine,2021-05-15,1,77.0,60.0,23.0,200.0,1.0
HOSP-2994,The Johns Hopkins Hospital,neurology,2023-12-23,1,55.0,15.0,19.0,350.0,0.0
HOSP-2995,The Johns Hopkins Hospital,hepatology,2022-08-23,1,46.0,15.0,28.0,1560.0,0.0
HOSP-2996,The Johns Hopkins Hospital,gastroenterology,2022-06-21,1,72.0,90.0,11.0,130.0,0.0
HOSP-2996,The Johns Hopkins Hospital,neurology,2021-05-31,1,60.0,90.0,2.0,1360.0,0.0
HOSP-2996,The Johns Hopkins Hospital,neurology,,1,72.0,105.0,7.0,1240.0,1.0
HOSP-2996,The Johns Hopkins Hospital,pulmonology or allergy and immunology,2022-03-16,1,19.0,75.0,12.0,800.0,0.0
HOSP-2997,The Johns Hopkins Hospital,allergy and immunology,2024-04-23,1,83.0,120.0,9.0,880.0,0.0
HOSP-2997,The Johns Hopkins Hospital,psychiatry,2023-01-29,1,76.0,15.0,14.0,1180.0,1.0
HOSP-2998,The Johns Hopkins Hospital,hepatology or gastroenterology,2023-07-22,1,75.0,90.0,10.0,1090.0,1.0
HOSP-2998,The Johns Hopkins Hospital,psychiatry,2021-08-15,1,76.0,105.0,4.0,920.0,0.0
HOSP-2998,The Johns Hopkins Hospital,rheumatology,2021-06-19,1,47.0,75.0,14.0,850.0,1.0
HOSP-3000,The Johns Hopkins Hospital,neurology,2023-03-20,1,45.0,75.0,16.0,780.0,0.0
HOSP-3000,The Johns Hopkins Hospital,rheumatology,2020-12-14,1,42.0,30.0,13.0,1130.0,1.0
HOSP-3001,The Johns Hopkins Hospital,cardiology or internal medicine,,1,6.0,15.0,5.0,470.0,0.0
HOSP-3001,The Johns Hopkins Hospital,rheumatology,,1,57.0,90.0,20.0,790.0,0.0
HOSP-3002,The Johns Hopkins Hospital,cardiology,,1,26.0,30.0,6.0,140.0,1.0
HOSP-3002,The Johns Hopkins Hospital,cardiology or internal medicine,,1,78.0,30.0,6.0,1590.0,1.0
HOSP-3003,The Johns Hopkins Hospital,gastroenterology,2020-11-14,1,36.0,120.0,11.0,1300.0,1.0
HOSP-3006,The Johns Hopkins Hospital,hepatology or gastroenterology,2023-11-30,1,91.0,90.0,2.0,1170.0,0.0
HOSP-3006,The Johns Hopkins Hospital,neurology,2023-01-31,1,31.0,60.0,19.0,190.0,1.0
HOSP-3007,The Johns Hopkins Hospital,neurology,2022-07-21,1,31.0,30.0,20.0,640.0,0.0
HOSP-3007,The Johns Hopkins Hospital,oncology,,1,5.0,15.0,25.0,1140.0,1.0
HOSP-3008,The Johns Hopkins Hospital,cardiology or internal medicine,2021-02-28,1,72.0,120.0,13.0,1380.0,0.0
HOSP-3008,The Johns Hopkins Hospital,pulmonology or infectious disease,2024-05-28,1,30.0,90.0,5.0,380.0,1.0
HOSP-3008,The Johns Hopkins Hospital,pulmonology or infectious disease,,1,91.0,105.0,11.0,870.0,0.0
HOSP-3009,The Johns Hopkins Hospital,allergy and immunology,2021-02-14,1,19.0,60.0,23.0,1370.0,0.0
HOSP-3009,The Johns Hopkins Hospital,cardiology or internal medicine,2021-10-13,1,57.0,60.0,22.0,530.0,0.0
HOSP-3013,The Johns Hopkins Hospital,neurology,2023-10-23,1,36.0,60.0,4.0,1540.0,0.0
HOSP-3014,The Johns Hopkins Hospital,dermatology,,1,62.0,90.0,16.0,570.0,1.0
HOSP-3014,The Johns Hopkins Hospital,endocrinology,2023-11-24,1,92.0,90.0,9.0,510.0,0.0
HOSP-3014,The Johns Hopkins Hospital,nephrology,2021-07-23,1,23.0,45.0,11.0,130.0,0.0
HOSP-3014,The Johns Hopkins Hospital,psychiatry,,1,84.0,15.0,4.0,260.0,0.0
HOSP-3014,The Johns Hopkins Hospital,rheumatology,,1,8.0,90.0,29.0,870.0,0.0
HOSP-3015,The Johns Hopkins Hospital,infectious disease,,1,89.0,120.0,24.0,1120.0,1.0
HOSP-3015,The Johns Hopkins Hospital,urology or nephrology,2022-02-16,1,12.0,15.0,13.0,1020.0,0.0
HOSP-3016,The Johns Hopkins Hospital,psychiatry,2021-09-23,1,19.0,105.0,26.0,1140.0,0.0
HOSP-3018,The Johns Hopkins Hospital,oncology,2024-06-21,1,2.0,120.0,13.0,1490.0,0.0
HOSP-3019,The Johns Hopkins Hospital,dermatology,2022-01-17,1,36.0,120.0,2.0,1070.0,1.0
HOSP-3019,The Johns Hopkins Hospital,gastroenterology,2021-02-28,1,76.0,30.0,19.0,800.0,0.0
HOSP-3022,The Johns Hopkins Hospital,cardiology,2020-11-26,1,41.0,120.0,30.0,300.0,0.0
HOSP-3022,The Johns Hopkins Hospital,rheumatology,,1,0.0,120.0,4.0,1000.0,1.0
HOSP-3026,The Johns Hopkins Hospital,infectious disease,2022-09-28,1,26.0,105.0,18.0,220.0,0.0
HOSP-3026,The Johns Hopkins Hospital,rheumatology,2024-04-27,1,75.0,30.0,17.0,910.0,0.0
HOSP-3027,The Johns Hopkins Hospital,hepatology or gastroenterology,2020-07-29,1,8.0,75.0,4.0,1240.0,0.0
HOSP-3028,The Johns Hopkins Hospital,infectious disease,2024-04-27,1,23.0,120.0,23.0,1190.0,0.0
HOSP-3029,The Johns Hopkins Hospital,infectious disease or internal medicine,2022-06-16,1,21.0,45.0,4.0,1480.0,0.0
HOSP-3031,The Johns Hopkins Hospital,neurology,2021-03-30,1,32.0,15.0,24.0,1200.0,0.0
HOSP-3032,The Johns Hopkins Hospital,hepatology or gastroenterology,2023-10-19,1,18.0,15.0,30.0,470.0,1.0
HOSP-3035,The Johns Hopkins Hospital,psychiatry,2023-05-29,1,40.0,90.0,6.0,120.0,0.0
HOSP-3036,The Johns Hopkins Hospital,gastroenterology,,1,3.0,15.0,14.0,890.0,1.0
HOSP-3036,The Johns Hopkins Hospital,hepatology or gastroenterology,2020-10-25,1,11.0,15.0,18.0,830.0,1.0
HOSP-3036,The Johns Hopkins Hospital,hepatology or gastroenterology,,1,1.0,105.0,3.0,550.0,1.0
HOSP-3036,The Johns Hopkins Hospital,oncology,2022-05-23,1,60.0,120.0,22.0,1450.0,1.0
HOSP-3037,The Johns Hopkins Hospital,hepatology,2021-11-19,1,41.0,105.0,25.0,390.0,1.0
HOSP-3037,The Johns Hopkins Hospital,infectious disease or internal medicine,2020-09-13,1,91.0,120.0,14.0,1480.0,1.0
HOSP-3037,The Johns Hopkins Hospital,pulmonology or allergy and immunology,2022-11-18,1,48.0,90.0,2.0,1530.0,1.0
HOSP-3038,The Johns Hopkins Hospital,pulmonology,,1,13.0,30.0,8.0,160.0,0.0
HOSP-3040,The Johns Hopkins Hospital,hepatology or gastroenterology,2020-10-31,1,31.0,30.0,1.0,1100.0,1.0
HOSP-3040,The Johns Hopkins Hospital,pulmonology or allergy and immunology,2022-04-17,1,45.0,60.0,27.0,160.0,0.0
HOSP-3040,The Johns Hopkins Hospital,pulmonology or infectious disease,,1,17.0,75.0,27.0,190.0,0.0
HOSP-3042,The Johns Hopkins Hospital,infectious disease or internal medicine,2022-12-27,1,46.0,30.0,10.0,1280.0,1.0
HOSP-3043,The Johns Hopkins Hospital,cardiology,,1,27.0,30.0,19.0,250.0,1.0
HOSP-3043,The Johns Hopkins Hospital,hepatology,,1,11.0,45.0,5.0,660.0,0.0
HOSP-3043,The Johns Hopkins Hospital,neurology,,1,19.0,45.0,29.0,1140.0,1.0
HOSP-3044,The Johns Hopkins Hospital,cardiology,,1,68.0,15.0,13.0,100.0,0.0
HOSP-3044,The Johns Hopkins Hospital,pulmonology,,1,73.0,30.0,14.0,380.0,1.0
HOSP-3045,The Johns Hopkins Hospital,cardiology,2021-01-13,1,45.0,60.0,5.0,1530.0,0.0
HOSP-3051,The Johns Hopkins Hospital,rheumatology,2021-11-27,1,53.0,15.0,19.0,1490.0,0.0
HOSP-3054,The Johns Hopkins Hospital,pulmonology or allergy and immunology,2020-11-19,1,9.0,30.0,23.0,1090.0,0.0
HOSP-3055,The Johns Hopkins Hospital,cardiology or internal medicine,,1,63.0,45.0,26.0,1510.0,0.0
HOSP-3055,The Johns Hopkins Hospital,gastroenterology,,1,34.0,90.0,26.0,1580.0,0.0
HOSP-3055,The Johns Hopkins Hospital,hepatology,,1,36.0,15.0,16.0,660.0,1.0
HOSP-3055,The Johns Hopkins Hospital,nephrology,,1,26.0,75.0,3.0,1500.0,0.0
HOSP-3056,The Johns Hopkins Hospital,psychiatry,,1,74.0,120.0,8.0,1260.0,1.0
HOSP-3056,The Johns Hopkins Hospital,pulmonology or infectious disease,2023-03-31,1,48.0,45.0,10.0,1030.0,0.0
HOSP-3058,The Johns Hopkins Hospital,cardiology,2023-06-27,1,34.0,75.0,14.0,130.0,1.0
HOSP-3059,The Johns Hopkins Hospital,cardiology,2021-03-20,1,17.0,60.0,1.0,330.0,1.0
HOSP-3059,The Johns Hopkins Hospital,neurology,2022-09-24,1,63.0,105.0,27.0,1000.0,0.0
HOSP-3059,The Johns Hopkins Hospital,pulmonology or infectious disease,2022-10-23,1,57.0,30.0,26.0,870.0,1.0
HOSP-3060,The Johns Hopkins Hospital,pulmonology or allergy and immunology,2022-10-21,1,34.0,90.0,18.0,1520.0,0.0
HOSP-3062,The Johns Hopkins Hospital,endocrinology,,1,67.0,75.0,19.0,330.0,0.0
HOSP-3062,The Johns Hopkins Hospital,pulmonology or infectious disease,2021-11-19,1,21.0,90.0,20.0,430.0,0.0
HOSP-3064,The Johns Hopkins Hospital,pulmonology,,1,41.0,105.0,26.0,450.0,0.0
HOSP-3066,The Johns Hopkins Hospital,gastroenterology,,1,52.0,120.0,15.0,720.0,0.0
HOSP-3067,The Johns Hopkins Hospital,neurology,2023-12-23,1,33.0,90.0,30.0,340.0,0.0
HOSP-3070,The Johns Hopkins Hospital,pulmonology or infectious disease,2021-12-28,1,35.0,30.0,21.0,580.0,1.0
HOSP-3071,The Johns Hopkins Hospital,infectious disease or internal medicine,2023-03-17,1,76.0,15.0,2.0,780.0,1.0
HOSP-3071,The Johns Hopkins Hospital,oncology,2021-02-28,1,11.0,105.0,3.0,1300.0,0.0
HOSP-3072,The Johns Hopkins Hospital,hepatology,2020-12-26,1,19.0,30.0,26.0,1470.0,1.0
HOSP-3072,The Johns Hopkins Hospital,psychiatry,2021-07-20,1,74.0,15.0,20.0,580.0,0.0
HOSP-3074,The Johns Hopkins Hospital,gastroenterology,2024-07-22,1,79.0,45.0,7.0,640.0,0.0
HOSP-3075,The Johns Hopkins Hospital,infectious disease,,1,46.0,105.0,15.0,940.0,1.0
HOSP-3076,The Johns Hopkins Hospital,pulmonology,2022-06-28,1,56.0,60.0,4.0,1530.0,0.0
HOSP-3076,The Johns Hopkins Hospital,urology or nephrology,2024-05-14,1,21.0,45.0,27.0,1530.0,1.0
HOSP-3079,The Johns Hopkins Hospital,endocrinology,2022-01-29,1,41.0,30.0,20.0,1430.0,0.0
HOSP-3079,The Johns Hopkins Hospital,gastroenterology,2023-12-24,1,23.0,15.0,6.0,1120.0,0.0
HOSP-3079,The Johns Hopkins Hospital,neurology,2020-11-28,1,17.0,15.0,4.0,990.0,0.0
HOSP-3081,The Johns Hopkins Hospital,nephrology,2021-10-19,1,18.0,60.0,15.0,1570.0,0.0
HOSP-3081,The Johns Hopkins Hospital,rheumatology,2021-03-23,1,29.0,105.0,18.0,1450.0,1.0
HOSP-3082,The Johns Hopkins Hospital,hepatology or gastroenterology,2022-07-28,1,12.0,75.0,16.0,690.0,0.0
HOSP-3082,The Johns Hopkins Hospital,neurology,2021-09-18,1,95.0,60.0,11.0,1520.0,1.0
HOSP-3083,The Johns Hopkins Hospital,cardiology or internal medicine,,1,95.0,105.0,9.0,1440.0,0.0
HOSP-3083,The Johns Hopkins Hospital,hepatology or gastroenterology,2020-11-14,1,68.0,75.0,7.0,1010.0,0.0
HOSP-3083,The Johns Hopkins Hospital,infectious disease,2024-07-16,1,40.0,15.0,24.0,900.0,0.0
HOSP-3083,The Johns Hopkins Hospital,neurology,2024-06-29,1,80.0,75.0,27.0,1020.0,0.0
HOSP-3085,The Johns Hopkins Hospital,psychiatry,,1,40.0,45.0,19.0,440.0,1.0
HOSP-3085,The Johns Hopkins Hospital,rheumatology,,1,75.0,120.0,23.0,790.0,0.0
HOSP-3089,The Johns Hopkins Hospital,cardiology or internal medicine,,1,94.0,60.0,16.0,1540.0,0.0
HOSP-3089,The Johns Hopkins Hospital,infectious disease or internal medicine,,1,12.0,90.0,14.0,1190.0,1.0
HOSP-3089,The Johns Hopkins Hospital,neurology,,1,31.0,60.0,14.0,600.0,1.0
HOSP-3090,The Johns Hopkins Hospital,neurology,2024-01-14,1,55.0,15.0,28.0,930.0,0.0
HOSP-3091,The Johns Hopkins Hospital,pulmonology,2020-10-20,1,40.0,105.0,16.0,270.0,1.0
HOSP-3094,The Johns Hopkins Hospital,psychiatry,2022-03-26,1,48.0,75.0,10.0,1050.0,1.0
HOSP-3095,The Johns Hopkins Hospital,infectious disease or internal medicine,2023-09-19,1,9.0,15.0,10.0,920.0,1.0
HOSP-3095,The Johns Hopkins Hospital,psychiatry,,1,41.0,120.0,10.0,930.0,0.0
HOSP-3096,The Johns Hopkins Hospital,oncology,,1,75.0,15.0,23.0,1310.0,1.0
HOSP-3097,The Johns Hopkins Hospital,cardiology,,1,25.0,105.0,12.0,1380.0,0.0
HOSP-3097,The Johns Hopkins Hospital,infectious disease or internal medicine,2022-08-21,1,62.0,105.0,15.0,1170.0,1.0
HOSP-3100,The Johns Hopkins Hospital,gastroenterology,,1,83.0,120.0,24.0,940.0,1.0
HOSP-3100,The Johns Hopkins Hospital,neurology,2022-06-25,1,28.0,15.0,2.0,1450.0,1.0
HOSP-3101,The Johns Hopkins Hospital,gastroenterology,2021-05-27,1,62.0,105.0,9.0,280.0,0.0
HOSP-3101,The Johns Hopkins Hospital,gastroenterology,,1,61.0,75.0,15.0,1560.0,1.0
HOSP-3101,The Johns Hopkins Hospital,pulmonology or allergy and immunology,,1,52.0,120.0,8.0,1500.0,0.0
HOSP-3101,The Johns Hopkins Hospital,urology or nephrology,,1,61.0,60.0,10.0,290.0,1.0
HOSP-3102,The Johns Hopkins Hospital,oncology,,1,68.0,45.0,3.0,1480.0,1.0
HOSP-3103,The Johns Hopkins Hospital,pulmonology or infectious disease,,1,45.0,120.0,9.0,430.0,0.0
HOSP-3104,The Johns Hopkins Hospital,cardiology,2021-04-22,1,1.0,45.0,3.0,1060.0,0.0
HOSP-3105,The Johns Hopkins Hospital,hepatology or gastroenterology,,1,55.0,60.0,19.0,650.0,0.0
HOSP-3106,The Johns Hopkins Hospital,hepatology,,1,6.0,30.0,5.0,660.0,0.0
HOSP-3106,The Johns Hopkins Hospital,neurology,2022-11-24,1,78.0,120.0,5.0,310.0,1.0
HOSP-3106,The Johns Hopkins Hospital,pulmonology,2024-03-24,1,17.0,45.0,4.0,1130.0,0.0
HOSP-3106,The Johns Hopkins Hospital,pulmonology or allergy and immunology,,1,23.0,75.0,27.0,140.0,1.0
HOSP-3108,The Johns Hopkins Hospital,pulmonology,2021-07-26,1,7.0,105.0,21.0,1090.0,0.0
HOSP-3108,The Johns Hopkins Hospital,pulmonology,,1,51.0,45.0,3.0,510.0,0.0
HOSP-3109,The Johns Hopkins Hospital,cardiology,2021-08-16,1,57.0,60.0,8.0,1310.0,1.0
HOSP-3111,The Johns Hopkins Hospital,neurology,2021-08-26,1,7.0,105.0,7.0,650.0,0.0
HOSP-3112,The Johns Hopkins Hospital,psychiatry,,1,94.0,15.0,1.0,1450.0,0.0
HOSP-3112,The Johns Hopkins Hospital,pulmonology,2022-04-15,1,50.0,90.0,24.0,470.0,0.0
HOSP-3113,The Johns Hopkins Hospital,psychiatry,2021-02-15,1,14.0,90.0,18.0,850.0,0.0
HOSP-3114,The Johns Hopkins Hospital,oncology,,1,14.0,105.0,3.0,1600.0,1.0
HOSP-3115,The Johns Hopkins Hospital,nephrology,2021-09-27,1,34.0,105.0,1.0,230.0,0.0
HOSP-3115,The Johns Hopkins Hospital,pulmonology,,1,65.0,120.0,18.0,530.0,1.0
HOSP-3116,The Johns Hopkins Hospital,cardiology,,1,63.0,15.0,15.0,280.0,0.0
HOSP-3116,The Johns Hopkins Hospital,gastroenterology,2023-12-15,1,55.0,75.0,30.0,1560.0,1.0
HOSP-3116,The Johns Hopkins Hospital,neurology,2021-12-20,1,11.0,75.0,7.0,220.0,1.0
HOSP-3117,The Johns Hopkins Hospital,gastroenterology,,1,75.0,105.0,9.0,1080.0,1.0
HOSP-3117,The Johns Hopkins Hospital,neurology,2021-02-24,1,67.0,90.0,25.0,910.0,0.0
HOSP-3118,The Johns Hopkins Hospital,psychiatry,2020-09-14,1,52.0,120.0,7.0,690.0,0.0
HOSP-3119,The Johns Hopkins Hospital,allergy and immunology,2021-11-17,1,58.0,30.0,15.0,1510.0,1.0
HOSP-3119,The Johns Hopkins Hospital,nephrology,,1,6.0,45.0,15.0,1450.0,0.0
HOSP-3120,The Johns Hopkins Hospital,neurology,,2,58.0,82.5,13.0,245.0,1.0
HOSP-3120,The Johns Hopkins Hospital,pulmonology,2020-12-30,1,6.0,90.0,27.0,570.0,0.0
HOSP-3122,The Johns Hopkins Hospital,allergy and immunology,2023-02-26,1,44.0,60.0,28.0,990.0,1.0
HOSP-3122,The Johns Hopkins Hospital,dermatology,,1,20.0,75.0,10.0,1570.0,0.0
HOSP-3122,The Johns Hopkins Hospital,nephrology,2022-09-17,1,95.0,60.0,15.0,1540.0,1.0
HOSP-3123,The Johns Hopkins Hospital,infectious disease,2021-09-28,1,74.0,75.0,23.0,590.0,0.0
HOSP-3123,The Johns Hopkins Hospital,pulmonology or allergy and immunology,2022-03-16,1,34.0,15.0,23.0,150.0,0.0
HOSP-3124,The Johns Hopkins Hospital,psychiatry,,1,91.0,30.0,11.0,840.0,1.0
HOSP-3124,The Johns Hopkins Hospital,pulmonology,2022-11-29,1,60.0,90.0,11.0,1120.0,0.0
HOSP-3125,The Johns Hopkins Hospital,hepatology or gastroenterology,,1,84.0,90.0,4.0,650.0,0.0
HOSP-3125,The Johns Hopkins Hospital,neurology,2022-02-19,1,57.0,15.0,10.0,1380.0,1.0
HOSP-3126,The Johns Hopkins Hospital,endocrinology,2021-05-22,1,82.0,120.0,18.0,1240.0,1.0
HOSP-3129,The Johns Hopkins Hospital,infectious disease,2021-11-21,1,38.0,15.0,21.0,660.0,0.0
HOSP-3130,The Johns Hopkins Hospital,infectious disease or internal medicine,2022-02-18,1,37.0,60.0,24.0,310.0,0.0
HOSP-3130,The Johns Hopkins Hospital,psychiatry,,1,10.0,75.0,10.0,490.0,0.0
HOSP-3131,The Johns Hopkins Hospital,neurology,,1,68.0,105.0,9.0,210.0,0.0
HOSP-3133,The Johns Hopkins Hospital,rheumatology,,1,78.0,45.0,13.0,430.0,0.0
HOSP-3136,The Johns Hopkins Hospital,oncology,,1,93.0,75.0,25.0,960.0,1.0
HOSP-3137,The Johns Hopkins Hospital,gastroenterology,2023-01-17,1,93.0,60.0,13.0,780.0,0.0
HOSP-3138,The Johns Hopkins Hospital,infectious disease or internal medicine,2022-12-20,1,85.0,30.0,24.0,460.0,0.0
HOSP-3139,The Johns Hopkins Hospital,cardiology,2023-06-27,1,55.0,60.0,3.0,500.0,0.0
HOSP-3139,The Johns Hopkins Hospital,dermatology,,1,1.0,45.0,4.0,1360.0,1.0
HOSP-3144,The Johns Hopkins Hospital,dermatology,2020-09-19,1,44.0,90.0,25.0,1150.0,0.0
HOSP-3144,The Johns Hopkins Hospital,endocrinology,,1,46.0,30.0,10.0,1540.0,1.0
HOSP-3144,The Johns Hopkins Hospital,neurology,2022-06-23,1,64.0,90.0,13.0,250.0,1.0
HOSP-3145,The Johns Hopkins Hospital,gastroenterology,,1,66.0,90.0,1.0,720.0,0.0
HOSP-3145,The Johns Hopkins Hospital,neurology,,1,71.0,105.0,20.0,1300.0,0.0
HOSP-3146,The Johns Hopkins Hospital,gastroenterology,,1,70.0,75.0,29.0,310.0,0.0
HOSP-3147,The Johns Hopkins Hospital,cardiology or internal medicine,2024-07-17,1,89.0,30.0,21.0,1330.0,0.0
HOSP-3147,The Johns Hopkins Hospital,nephrology,2021-05-22,1,93.0,60.0,12.0,170.0,1.0
HOSP-3148,The Johns Hopkins Hospital,infectious disease,2024-01-13,1,94.0,15.0,21.0,1560.0,1.0
HOSP-3148,The Johns Hopkins Hospital,pulmonology or allergy and immunology,,1,3.0,30.0,26.0,1420.0,0.0
HOSP-3148,The Johns Hopkins Hospital,pulmonology or infectious disease,,1,19.0,45.0,15.0,860.0,0.0
HOSP-3150,The Johns Hopkins Hospital,urology or nephrology,,1,30.0,45.0,30.0,400.0,0.0
HOSP-3152,The Johns Hopkins Hospital,infectious disease,2022-03-21,1,7.0,30.0,21.0,1160.0,0.0
HOSP-3153,The Johns Hopkins Hospital,neurology,2023-08-26,1,82.0,60.0,14.0,1330.0,1.0
HOSP-3154,The Johns Hopkins Hospital,infectious disease or internal medicine,,1,29.0,45.0,6.0,520.0,1.0
HOSP-3155,The Johns Hopkins Hospital,endocrinology,2021-11-15,1,57.0,90.0,12.0,1460.0,0.0
HOSP-3155,The Johns Hopkins Hospital,psychiatry,2023-04-29,1,0.0,120.0,21.0,1480.0,0.0
HOSP-3157,The Johns Hopkins Hospital,nephrology,2023-12-29,1,94.0,30.0,6.0,1200.0,0.0
HOSP-3158,The Johns Hopkins Hospital,gastroenterology,2021-08-29,1,93.0,120.0,5.0,880.0,0.0
HOSP-3158,The Johns Hopkins Hospital,neurology,,1,38.0,75.0,11.0,920.0,1.0
HOSP-3158,The Johns Hopkins Hospital,pulmonology or infectious disease,2020-09-17,1,28.0,90.0,18.0,120.0,1.0
HOSP-3159,The Johns Hopkins Hospital,pulmonology or allergy and immunology,,1,78.0,90.0,27.0,640.0,1.0
HOSP-3160,The Johns Hopkins Hospital,cardiology or internal medicine,2023-01-20,1,67.0,15.0,18.0,120.0,1.0
HOSP-3160,The Johns Hopkins Hospital,gastroenterology,2022-02-18,1,41.0,15.0,17.0,1000.0,1.0
HOSP-3160,The Johns Hopkins Hospital,pulmonology,,1,41.0,120.0,14.0,120.0,0.0
HOSP-3161,The Johns Hopkins Hospital,hepatology,,1,83.0,105.0,12.0,800.0,1.0
HOSP-3162,The Johns Hopkins Hospital,neurology,2021-04-21,1,12.0,75.0,11.0,1480.0,1.0
HOSP-3163,The Johns Hopkins Hospital,allergy and immunology,2022-03-19,1,82.0,90.0,25.0,980.0,1.0
HOSP-3163,The Johns Hopkins Hospital,gastroenterology,2023-12-13,1,31.0,90.0,6.0,860.0,1.0
HOSP-3165,The Johns Hopkins Hospital,infectious disease,2020-12-21,1,14.0,60.0,28.0,680.0,0.0
HOSP-3171,The Johns Hopkins Hospital,gastroenterology,,1,69.0,90.0,20.0,520.0,0.0
HOSP-3172,The Johns Hopkins Hospital,cardiology or internal medicine,,1,26.0,60.0,10.0,1370.0,0.0
HOSP-3172,The Johns Hopkins Hospital,psychiatry,,1,41.0,90.0,11.0,750.0,0.0
HOSP-3173,The Johns Hopkins Hospital,psychiatry,,1,51.0,105.0,10.0,1100.0,0.0
HOSP-3174,The Johns Hopkins Hospital,pulmonology or infectious disease,2021-10-15,1,81.0,60.0,25.0,920.0,1.0
HOSP-3176,The Johns Hopkins Hospital,infectious disease or internal medicine,2023-09-29,1,38.0,120.0,6.0,1400.0,0.0
HOSP-3176,The Johns Hopkins Hospital,neurology,2021-07-25,1,15.0,90.0,6.0,490.0,0.0
HOSP-3178,The Johns Hopkins Hospital,gastroenterology,,1,94.0,90.0,14.0,1240.0,0.0
HOSP-3178,The Johns Hopkins Hospital,psychiatry,,1,80.0,45.0,10.0,600.0,0.0
HOSP-3179,The Johns Hopkins Hospital,neurology,,1,76.0,45.0,21.0,1100.0,0.0
HOSP-3180,The Johns Hopkins Hospital,cardiology,2024-01-26,1,7.0,105.0,8.0,1420.0,1.0
HOSP-3180,The Johns Hopkins Hospital,hepatology or gastroenterology,2020-09-17,1,83.0,75.0,19.0,1000.0,1.0
HOSP-3180,The Johns Hopkins Hospital,psychiatry,2020-12-19,1,42.0,120.0,13.0,1600.0,0.0
HOSP-3180,The Johns Hopkins Hospital,pulmonology or allergy and immunology,,1,65.0,45.0,4.0,500.0,1.0
HOSP-3181,The Johns Hopkins Hospital,rheumatology,,1,85.0,45.0,24.0,1070.0,1.0
HOSP-3183,The Johns Hopkins Hospital,gastroenterology,2021-06-29,1,38.0,90.0,30.0,480.0,0.0
HOSP-3183,The Johns Hopkins Hospital,neurology,2022-01-22,1,16.0,90.0,22.0,580.0,0.0
HOSP-3184,The Johns Hopkins Hospital,gastroenterology,,1,85.0,45.0,15.0,860.0,0.0
HOSP-3187,The Johns Hopkins Hospital,pulmonology or allergy and immunology,,1,81.0,15.0,7.0,1090.0,0.0
HOSP-3190,The Johns Hopkins Hospital,gastroenterology,,1,11.0,60.0,7.0,670.0,1.0
HOSP-3192,The Johns Hopkins Hospital,dermatology,,1,85.0,30.0,10.0,100.0,0.0
HOSP-3192,The Johns Hopkins Hospital,gastroenterology,2023-05-14,1,16.0,60.0,23.0,340.0,1.0
HOSP-3197,The Johns Hopkins Hospital,allergy and immunology,2021-09-23,1,44.0,45.0,30.0,1170.0,0.0
HOSP-3201,The Johns Hopkins Hospital,rheumatology,,1,29.0,60.0,29.0,1170.0,0.0
HOSP-3202,The Johns Hopkins Hospital,infectious disease or internal medicine,,1,71.0,105.0,30.0,260.0,1.0
HOSP-3203,The Johns Hopkins Hospital,gastroenterology,,1,73.0,75.0,22.0,1030.0,1.0
HOSP-3204,The Johns Hopkins Hospital,cardiology or internal medicine,2020-09-17,1,38.0,45.0,15.0,950.0,0.0
HOSP-3204,The Johns Hopkins Hospital,cardiology or internal medicine,,1,54.0,120.0,26.0,1360.0,0.0
HOSP-3208,The Johns Hopkins Hospital,neurology,2022-07-31,1,7.0,30.0,1.0,610.0,1.0
HOSP-3210,The Johns Hopkins Hospital,gastroenterology,,1,35.0,105.0,7.0,1480.0,1.0
HOSP-3210,The Johns Hopkins Hospital,nephrology,2021-06-20,1,84.0,120.0,23.0,780.0,0.0
HOSP-3211,The Johns Hopkins Hospital,cardiology,2022-04-19,1,31.0,105.0,23.0,690.0,0.0
HOSP-3211,The Johns Hopkins Hospital,neurology,2020-10-31,1,68.0,105.0,14.0,1330.0,0.0
HOSP-3215,The Johns Hopkins Hospital,cardiology,,1,58.0,60.0,24.0,270.0,0.0
HOSP-3215,The Johns Hopkins Hospital,infectious disease or internal medicine,2023-10-14,1,9.0,60.0,16.0,100.0,1.0
HOSP-3216,The Johns Hopkins Hospital,neurology,2023-07-21,1,92.0,120.0,20.0,620.0,0.0
HOSP-3221,The Johns Hopkins Hospital,cardiology,,1,34.0,105.0,8.0,140.0,0.0
HOSP-3221,The Johns Hopkins Hospital,psychiatry,,1,45.0,75.0,28.0,200.0,0.0
HOSP-3221,The Johns Hopkins Hospital,pulmonology or allergy and immunology,,1,84.0,30.0,30.0,580.0,0.0
HOSP-3222,The Johns Hopkins Hospital,allergy and immunology,2023-07-20,1,80.0,30.0,3.0,290.0,0.0
HOSP-3222,The Johns Hopkins Hospital,pulmonology,,1,57.0,45.0,27.0,140.0,1.0
HOSP-3223,The Johns Hopkins Hospital,psychiatry,,1,90.0,75.0,30.0,440.0,0.0
HOSP-3225,The Johns Hopkins Hospital,allergy and immunology,2023-10-21,1,69.0,15.0,21.0,1460.0,0.0
HOSP-3225,The Johns Hopkins Hospital,dermatology,,1,41.0,60.0,29.0,1320.0,0.0
HOSP-3226,The Johns Hopkins Hospital,cardiology,2023-04-18,1,44.0,105.0,1.0,620.0,1.0
HOSP-3228,The Johns Hopkins Hospital,pulmonology or allergy and immunology,2021-11-21,1,13.0,30.0,9.0,1260.0,1.0
HOSP-3230,The Johns Hopkins Hospital,neurology,,1,37.0,90.0,12.0,870.0,0.0
HOSP-3230,The Johns Hopkins Hospital,psychiatry,,1,82.0,60.0,1.0,960.0,0.0
HOSP-3230,The Johns Hopkins Hospital,rheumatology,,1,58.0,30.0,21.0,1210.0,1.0
HOSP-3231,The Johns Hopkins Hospital,rheumatology,2024-05-29,1,77.0,120.0,10.0,1220.0,0.0
HOSP-3233,The Johns Hopkins Hospital,dermatology,2022-10-30,1,90.0,45.0,24.0,200.0,0.0
HOSP-3233,The Johns Hopkins Hospital,infectious disease,,1,4.0,120.0,27.0,1550.0,0.0
HOSP-3234,The Johns Hopkins Hospital,neurology,,1,21.0,30.0,23.0,1080.0,0.0
HOSP-3236,The Johns Hopkins Hospital,allergy and immunology,,1,21.0,90.0,23.0,1100.0,1.0
HOSP-3236,The Johns Hopkins Hospital,infectious disease or internal medicine,2022-04-24,1,46.0,120.0,27.0,650.0,1.0
HOSP-3236,The Johns Hopkins Hospital,urology or nephrology,,1,50.0,120.0,8.0,630.0,0.0
HOSP-3238,The Johns Hopkins Hospital,allergy and immunology,2022-11-24,1,88.0,90.0,26.0,460.0,1.0
HOSP-3238,The Johns Hopkins Hospital,pulmonology or infectious disease,2020-07-29,1,2.0,75.0,12.0,1110.0,1.0
HOSP-3239,The Johns Hopkins Hospital,hepatology,2023-10-20,1,68.0,15.0,23.0,710.0,0.0
HOSP-3239,The Johns Hopkins Hospital,pulmonology or allergy and immunology,2023-02-24,1,81.0,105.0,27.0,1450.0,1.0
HOSP-3240,The Johns Hopkins Hospital,neurology,,1,68.0,30.0,11.0,640.0,0.0
HOSP-3242,The Johns Hopkins Hospital,cardiology,2022-10-22,1,9.0,105.0,27.0,320.0,1.0
HOSP-3245,The Johns Hopkins Hospital,dermatology,,1,71.0,45.0,27.0,1160.0,0.0
HOSP-3246,The Johns Hopkins Hospital,neurology,2023-09-27,1,69.0,120.0,18.0,1250.0,0.0
HOSP-3247,The Johns Hopkins Hospital,infectious disease,,1,65.0,45.0,26.0,1280.0,0.0
HOSP-3248,The Johns Hopkins Hospital,neurology,,1,42.0,60.0,28.0,880.0,1.0
HOSP-3249,The Johns Hopkins Hospital,hepatology,,1,26.0,60.0,4.0,1540.0,0.0
HOSP-3251,The Johns Hopkins Hospital,gastroenterology,2021-07-16,1,30.0,105.0,23.0,920.0,0.0
HOSP-3252,The Johns Hopkins Hospital,cardiology or internal medicine,2021-01-16,1,92.0,60.0,13.0,170.0,0.0
HOSP-3252,The Johns Hopkins Hospital,urology or nephrology,,1,89.0,75.0,17.0,310.0,1.0
HOSP-3253,The Johns Hopkins Hospital,infectious disease,,1,92.0,90.0,6.0,740.0,1.0
HOSP-3255,The Johns Hopkins Hospital,gastroenterology,2023-04-25,1,27.0,45.0,30.0,1450.0,1.0
HOSP-3255,The Johns Hopkins Hospital,rheumatology,2021-08-22,1,42.0,105.0,17.0,840.0,0.0
HOSP-3256,The Johns Hopkins Hospital,allergy and immunology,,1,22.0,60.0,5.0,750.0,1.0
HOSP-3256,The Johns Hopkins Hospital,gastroenterology,2021-09-25,1,45.0,75.0,12.0,1340.0,0.0
HOSP-3257,The Johns Hopkins Hospital,neurology,,1,26.0,75.0,6.0,1530.0,0.0
HOSP-3258,The Johns Hopkins Hospital,cardiology,,1,27.0,60.0,9.0,890.0,1.0
HOSP-3260,The Johns Hopkins Hospital,infectious disease,,1,34.0,45.0,23.0,1340.0,1.0
HOSP-3260,The Johns Hopkins Hospital,pulmonology,2022-05-23,1,56.0,105.0,9.0,1050.0,0.0
HOSP-3261,The Johns Hopkins Hospital,infectious disease,2021-01-22,1,19.0,120.0,22.0,310.0,1.0
HOSP-3263,The Johns Hopkins Hospital,infectious disease or internal medicine,2023-01-15,1,27.0,15.0,22.0,1510.0,1.0
HOSP-3263,The Johns Hopkins Hospital,psychiatry,,1,37.0,120.0,23.0,880.0,1.0
HOSP-3263,The Johns Hopkins Hospital,pulmonology,2024-01-30,1,55.0,75.0,29.0,1560.0,0.0
HOSP-3263,The Johns Hopkins Hospital,rheumatology,2021-03-28,1,61.0,105.0,4.0,740.0,1.0
HOSP-3264,The Johns Hopkins Hospital,infectious disease,2022-09-25,1,75.0,30.0,26.0,1520.0,0.0
HOSP-3265,The Johns Hopkins Hospital,infectious disease,,1,95.0,120.0,30.0,990.0,0.0
HOSP-3265,The Johns Hopkins Hospital,neurology,,1,41.0,75.0,21.0,1340.0,0.0
HOSP-3266,The Johns Hopkins Hospital,hepatology,2023-04-15,1,84.0,90.0,15.0,140.0,0.0
HOSP-3267,The Johns Hopkins Hospital,cardiology,2023-12-16,1,90.0,15.0,20.0,100.0,1.0
HOSP-3268,The Johns Hopkins Hospital,gastroenterology,2022-12-27,1,12.0,60.0,19.0,1260.0,0.0
HOSP-3268,The Johns Hopkins Hospital,psychiatry,,1,88.0,15.0,11.0,1070.0,0.0
HOSP-3269,The Johns Hopkins Hospital,cardiology or internal medicine,,1,8.0,45.0,21.0,150.0,0.0
HOSP-3270,The Johns Hopkins Hospital,dermatology,2023-06-26,1,29.0,45.0,5.0,370.0,0.0
HOSP-3271,The Johns Hopkins Hospital,urology or nephrology,2020-12-15,1,66.0,15.0,20.0,820.0,0.0
HOSP-3272,The Johns Hopkins Hospital,allergy and immunology,2022-03-28,1,11.0,60.0,14.0,1530.0,1.0
HOSP-3273,The Johns Hopkins Hospital,neurology,,1,52.0,15.0,21.0,870.0,0.0
HOSP-3274,The Johns Hopkins Hospital,infectious disease or internal medicine,,1,51.0,30.0,23.0,920.0,0.0
HOSP-3275,The Johns Hopkins Hospital,neurology,2021-09-20,1,42.0,90.0,3.0,1230.0,0.0
HOSP-3277,The Johns Hopkins Hospital,gastroenterology,2023-05-19,1,92.0,60.0,28.0,900.0,1.0
HOSP-3278,The Johns Hopkins Hospital,psychiatry,2021-11-15,1,6.0,30.0,16.0,1060.0,1.0
HOSP-3278,The Johns Hopkins Hospital,urology or nephrology,,1,82.0,30.0,30.0,960.0,1.0
HOSP-3279,The Johns Hopkins Hospital,cardiology,2022-02-24,1,40.0,75.0,13.0,1290.0,0.0
HOSP-3279,The Johns Hopkins Hospital,gastroenterology,,1,13.0,75.0,28.0,650.0,0.0
HOSP-3279,The Johns Hopkins Hospital,rheumatology,,1,25.0,60.0,6.0,1030.0,0.0
HOSP-3280,The Johns Hopkins Hospital,allergy and immunology,,1,65.0,90.0,6.0,290.0,1.0
HOSP-3282,The Johns Hopkins Hospital,neurology,2021-11-14,1,37.0,15.0,13.0,260.0,1.0
HOSP-3283,The Johns Hopkins Hospital,hepatology or gastroenterology,2021-01-28,1,59.0,90.0,16.0,1030.0,1.0
HOSP-3283,The Johns Hopkins Hospital,neurology,,1,3.0,45.0,19.0,1280.0,1.0
HOSP-3286,The Johns Hopkins Hospital,pulmonology,2022-02-18,1,39.0,15.0,21.0,1330.0,1.0
HOSP-3287,The Johns Hopkins Hospital,psychiatry,2023-01-26,1,1.0,90.0,2.0,1290.0,0.0
HOSP-3287,The Johns Hopkins Hospital,pulmonology or infectious disease,2022-11-25,1,28.0,30.0,17.0,790.0,0.0
HOSP-3288,The Johns Hopkins Hospital,dermatology,,1,15.0,30.0,14.0,790.0,0.0
HOSP-3288,The Johns Hopkins Hospital,neurology,2020-09-30,1,59.0,75.0,21.0,530.0,0.0
HOSP-3289,The Johns Hopkins Hospital,cardiology,2022-12-16,1,51.0,45.0,18.0,300.0,0.0
HOSP-3289,The Johns Hopkins Hospital,rheumatology,2022-08-30,1,26.0,90.0,22.0,1350.0,0.0
HOSP-3290,The Johns Hopkins Hospital,endocrinology,,1,33.0,75.0,5.0,1280.0,0.0
HOSP-3293,The Johns Hopkins Hospital,gastroenterology,2023-04-23,1,20.0,15.0,20.0,950.0,1.0
HOSP-3294,The Johns Hopkins Hospital,rheumatology,2021-12-23,1,51.0,105.0,8.0,1200.0,1.0
HOSP-3295,The Johns Hopkins Hospital,gastroenterology,2021-03-13,1,85.0,120.0,15.0,1020.0,0.0
HOSP-3295,The Johns Hopkins Hospital,neurology,,1,79.0,15.0,23.0,290.0,0.0
HOSP-3297,The Johns Hopkins Hospital,cardiology or internal medicine,,1,41.0,105.0,2.0,220.0,0.0
HOSP-3297,The Johns Hopkins Hospital,hepatology or gastroenterology,2021-06-23,1,5.0,120.0,18.0,710.0,0.0
HOSP-3298,The Johns Hopkins Hospital,neurology,2022-01-21,1,53.0,90.0,4.0,1400.0,0.0
HOSP-3300,The Johns Hopkins Hospital,hepatology,,1,40.0,60.0,8.0,360.0,0.0
HOSP-3301,The Johns Hopkins Hospital,hepatology,2020-08-17,1,33.0,90.0,11.0,170.0,0.0
HOSP-3303,The Johns Hopkins Hospital,pulmonology or allergy and immunology,2022-05-24,1,68.0,30.0,11.0,920.0,0.0
HOSP-3306,The Johns Hopkins Hospital,neurology,2023-03-20,1,41.0,60.0,11.0,1160.0,1.0
HOSP-3307,The Johns Hopkins Hospital,dermatology,2023-10-22,1,82.0,120.0,5.0,1570.0,1.0
HOSP-3308,The Johns Hopkins Hospital,gastroenterology,2020-12-16,1,8.0,90.0,12.0,500.0,1.0
HOSP-3309,The Johns Hopkins Hospital,cardiology or internal medicine,,1,49.0,90.0,6.0,1560.0,0.0
HOSP-3310,The Johns Hopkins Hospital,hepatology or gastroenterology,2023-09-13,1,51.0,60.0,22.0,100.0,1.0
HOSP-3311,The Johns Hopkins Hospital,gastroenterology,2024-03-25,1,7.0,15.0,8.0,800.0,1.0
HOSP-3311,The Johns Hopkins Hospital,neurology,,1,77.0,90.0,13.0,1340.0,1.0
HOSP-3312,The Johns Hopkins Hospital,hepatology,,1,56.0,30.0,18.0,250.0,0.0
HOSP-3313,The Johns Hopkins Hospital,neurology,,1,84.0,15.0,11.0,1260.0,0.0
HOSP-3315,The Johns Hopkins Hospital,rheumatology,2021-10-29,1,72.0,15.0,29.0,1540.0,0.0
HOSP-3316,The Johns Hopkins Hospital,gastroenterology,2022-09-25,1,35.0,105.0,8.0,750.0,0.0
HOSP-3316,The Johns Hopkins Hospital,psychiatry,2022-08-21,1,21.0,120.0,7.0,260.0,0.0
HOSP-3317,The Johns Hopkins Hospital,neurology,,1,23.0,45.0,26.0,1300.0,0.0
HOSP-3317,The Johns Hopkins Hospital,psychiatry,2022-04-28,1,6.0,60.0,19.0,1430.0,0.0
HOSP-3318,The Johns Hopkins Hospital,gastroenterology,2024-01-24,1,6.0,120.0,23.0,190.0,1.0
HOSP-3318,The Johns Hopkins Hospital,infectious disease,2021-06-25,1,13.0,30.0,21.0,180.0,0.0
HOSP-3318,The Johns Hopkins Hospital,oncology,2022-01-21,1,81.0,120.0,3.0,300.0,0.0
HOSP-3320,The Johns Hopkins Hospital,psychiatry,,1,29.0,120.0,6.0,700.0,1.0
HOSP-3321,The Johns Hopkins Hospital,cardiology,2021-03-28,1,94.0,90.0,18.0,670.0,1.0
HOSP-3321,The Johns Hopkins Hospital,gastroenterology,,1,23.0,90.0,7.0,1150.0,1.0
HOSP-3321,The Johns Hopkins Hospital,neurology,2021-08-23,1,26.0,60.0,12.0,390.0,1.0
HOSP-3321,The Johns Hopkins Hospital,oncology,2021-08-28,1,39.0,30.0,12.0,1130.0,1.0
HOSP-3322,The Johns Hopkins Hospital,cardiology,2023-07-20,1,78.0,60.0,10.0,1060.0,0.0
HOSP-3324,The Johns Hopkins Hospital,gastroenterology,2021-01-16,1,20.0,30.0,10.0,1530.0,1.0
HOSP-3327,The Johns Hopkins Hospital,neurology,2024-06-30,1,19.0,120.0,11.0,1110.0,0.0
HOSP-3327,The Johns Hopkins Hospital,pulmonology,,1,52.0,75.0,13.0,920.0,0.0
HOSP-3331,The Johns Hopkins Hospital,rheumatology,,1,60.0,60.0,26.0,1020.0,0.0
HOSP-3332,The Johns Hopkins Hospital,cardiology or internal medicine,2023-03-15,1,74.0,60.0,26.0,1140.0,0.0
HOSP-3332,The Johns Hopkins Hospital,oncology,2021-08-18,1,91.0,60.0,17.0,1300.0,0.0
HOSP-3334,The Johns Hopkins Hospital,dermatology,2022-08-16,1,48.0,75.0,10.0,1200.0,0.0
HOSP-3336,The Johns Hopkins Hospital,endocrinology,2023-10-19,1,23.0,30.0,6.0,950.0,0.0
HOSP-3336,The Johns Hopkins Hospital,oncology,2023-12-25,1,47.0,105.0,26.0,1330.0,1.0
HOSP-3338,The Johns Hopkins Hospital,infectious disease,2023-09-17,1,15.0,60.0,16.0,1200.0,0.0
HOSP-3338,The Johns Hopkins Hospital,nephrology,,1,71.0,30.0,11.0,1530.0,1.0
HOSP-3338,The Johns Hopkins Hospital,rheumatology,,1,64.0,75.0,22.0,430.0,1.0
HOSP-3339,The Johns Hopkins Hospital,psychiatry,2024-03-25,1,81.0,30.0,15.0,730.0,1.0
HOSP-3341,The Johns Hopkins Hospital,nephrology,,1,61.0,15.0,22.0,1490.0,0.0
HOSP-3342,The Johns Hopkins Hospital,hepatology,,1,14.0,120.0,27.0,1490.0,0.0
HOSP-3342,The Johns Hopkins Hospital,oncology,2021-07-16,1,54.0,30.0,14.0,1170.0,1.0
HOSP-3343,The Johns Hopkins Hospital,cardiology or internal medicine,,1,4.0,30.0,18.0,1170.0,1.0
HOSP-3343,The Johns Hopkins Hospital,rheumatology,,1,51.0,45.0,29.0,670.0,0.0
HOSP-3344,The Johns Hopkins Hospital,allergy and immunology,2023-07-27,1,1.0,120.0,7.0,770.0,0.0
HOSP-3344,The Johns Hopkins Hospital,nephrology,,1,91.0,90.0,11.0,580.0,1.0
HOSP-3344,The Johns Hopkins Hospital,rheumatology,,1,10.0,75.0,1.0,1050.0,1.0
HOSP-3347,The Johns Hopkins Hospital,nephrology,2020-12-15,1,95.0,105.0,15.0,1300.0,0.0
HOSP-3349,The Johns Hopkins Hospital,neurology,2021-02-28,1,82.0,105.0,16.0,320.0,0.0
HOSP-3350,The Johns Hopkins Hospital,cardiology,,1,23.0,90.0,17.0,990.0,1.0
HOSP-3350,The Johns Hopkins Hospital,neurology,,1,42.0,15.0,15.0,1480.0,1.0
HOSP-3351,The Johns Hopkins Hospital,gastroenterology,2022-12-24,1,85.0,75.0,30.0,130.0,0.0
HOSP-3354,The Johns Hopkins Hospital,gastroenterology,,1,4.0,90.0,4.0,260.0,0.0
HOSP-3354,The Johns Hopkins Hospital,hepatology,2021-11-18,1,7.0,120.0,15.0,1520.0,1.0
HOSP-3355,The Johns Hopkins Hospital,urology or nephrology,,1,16.0,120.0,27.0,880.0,0.0
HOSP-3356,The Johns Hopkins Hospital,gastroenterology,2020-08-27,1,40.0,60.0,20.0,190.0,0.0
HOSP-3356,The Johns Hopkins Hospital,hepatology or gastroenterology,,1,40.0,120.0,16.0,550.0,0.0
HOSP-3356,The Johns Hopkins Hospital,neurology,2021-07-21,1,4.0,60.0,21.0,1130.0,0.0
HOSP-3358,The Johns Hopkins Hospital,nephrology,,1,8.0,120.0,8.0,150.0,0.0
HOSP-3359,The Johns Hopkins Hospital,dermatology,2024-04-27,1,87.0,45.0,17.0,1040.0,0.0
HOSP-3360,The Johns Hopkins Hospital,infectious disease or internal medicine,2020-08-13,1,7.0,45.0,28.0,630.0,1.0
HOSP-3361,The Johns Hopkins Hospital,gastroenterology,,1,2.0,15.0,8.0,990.0,0.0
HOSP-3362,The Johns Hopkins Hospital,endocrinology,2024-06-15,1,91.0,30.0,26.0,200.0,0.0
HOSP-3362,The Johns Hopkins Hospital,gastroenterology,2022-01-19,1,15.0,90.0,6.0,1450.0,1.0
HOSP-3365,The Johns Hopkins Hospital,cardiology,,1,53.0,30.0,3.0,420.0,0.0
HOSP-3365,The Johns Hopkins Hospital,cardiology or internal medicine,,1,85.0,75.0,4.0,1050.0,1.0
HOSP-3365,The Johns Hopkins Hospital,oncology,2021-12-25,1,25.0,60.0,21.0,150.0,0.0
HOSP-3369,The Johns Hopkins Hospital,gastroenterology,,1,28.0,45.0,29.0,1010.0,1.0
HOSP-3370,The Johns Hopkins Hospital,endocrinology,2023-04-15,1,8.0,15.0,10.0,1000.0,1.0
HOSP-3371,The Johns Hopkins Hospital,infectious disease,2021-04-24,1,0.0,45.0,19.0,1220.0,0.0
HOSP-3372,The Johns Hopkins Hospital,nephrology,2022-06-14,1,29.0,90.0,17.0,1480.0,1.0
HOSP-3377,The Johns Hopkins Hospital,psychiatry,2022-04-26,1,25.0,75.0,14.0,1380.0,0.0
HOSP-3377,The Johns Hopkins Hospital,urology or nephrology,2021-07-24,1,72.0,60.0,11.0,960.0,0.0
HOSP-3382,The Johns Hopkins Hospital,oncology,2021-12-14,1,13.0,15.0,22.0,510.0,1.0
HOSP-3382,The Johns Hopkins Hospital,rheumatology,,1,5.0,90.0,24.0,1480.0,0.0
HOSP-3386,The Johns Hopkins Hospital,neurology,2021-12-27,1,21.0,60.0,10.0,1460.0,0.0
HOSP-3387,The Johns Hopkins Hospital,infectious disease or internal medicine,2022-06-28,1,86.0,60.0,5.0,540.0,1.0
HOSP-3389,The Johns Hopkins Hospital,hepatology,,1,88.0,45.0,16.0,210.0,1.0
HOSP-3390,The Johns Hopkins Hospital,gastroenterology,2023-08-18,1,49.0,60.0,26.0,780.0,0.0
HOSP-3392,The Johns Hopkins Hospital,allergy and immunology,,1,0.0,45.0,15.0,600.0,1.0
HOSP-3393,The Johns Hopkins Hospital,urology or nephrology,,1,85.0,30.0,1.0,660.0,0.0
HOSP-3394,The Johns Hopkins Hospital,dermatology,2024-01-16,1,9.0,75.0,9.0,190.0,1.0
HOSP-3394,The Johns Hopkins Hospital,pulmonology or infectious disease,2021-08-24,1,86.0,15.0,25.0,540.0,0.0
HOSP-3396,The Johns Hopkins Hospital,gastroenterology,,1,25.0,15.0,14.0,1550.0,0.0
HOSP-3396,The Johns Hopkins Hospital,hepatology or gastroenterology,2022-08-26,1,44.0,90.0,24.0,1410.0,1.0
HOSP-3396,The Johns Hopkins Hospital,pulmonology or infectious disease,2022-06-18,1,15.0,30.0,11.0,1000.0,1.0
HOSP-3397,The Johns Hopkins Hospital,cardiology or internal medicine,2022-02-27,1,58.0,30.0,22.0,1130.0,1.0
HOSP-3397,The Johns Hopkins Hospital,dermatology,2023-08-31,1,22.0,105.0,8.0,1080.0,1.0
HOSP-3397,The Johns Hopkins Hospital,neurology,2022-02-27,1,30.0,75.0,8.0,950.0,1.0
HOSP-3397,The Johns Hopkins Hospital,rheumatology,2022-10-18,1,49.0,105.0,6.0,1120.0,1.0
HOSP-3399,The Johns Hopkins Hospital,psychiatry,2022-04-27,1,93.0,30.0,11.0,310.0,1.0
HOSP-3400,The Johns Hopkins Hospital,gastroenterology,,1,65.0,90.0,23.0,230.0,1.0
HOSP-3402,The Johns Hopkins Hospital,endocrinology,2022-08-16,1,38.0,90.0,28.0,560.0,0.0
HOSP-3404,The Johns Hopkins Hospital,pulmonology or allergy and immunology,,1,26.0,45.0,11.0,1370.0,0.0
HOSP-3407,The Johns Hopkins Hospital,nephrology,,1,34.0,15.0,30.0,570.0,0.0
HOSP-3408,The Johns Hopkins Hospital,neurology,,1,56.0,90.0,12.0,240.0,1.0
HOSP-3412,The Johns Hopkins Hospital,neurology,2020-08-17,1,35.0,45.0,29.0,1600.0,0.0
HOSP-3412,The Johns Hopkins Hospital,rheumatology,2023-12-15,1,15.0,105.0,25.0,1190.0,0.0
HOSP-3417,The Johns Hopkins Hospital,neurology,,1,16.0,105.0,7.0,880.0,1.0
HOSP-3417,The Johns Hopkins Hospital,rheumatology,,1,11.0,60.0,3.0,640.0,1.0
HOSP-3419,The Johns Hopkins Hospital,cardiology or internal medicine,2022-08-30,1,10.0,90.0,14.0,1600.0,1.0
HOSP-3422,The Johns Hopkins Hospital,psychiatry,2022-02-23,1,89.0,75.0,2.0,870.0,0.0
HOSP-3423,The Johns Hopkins Hospital,infectious disease or internal medicine,2021-11-30,1,22.0,90.0,11.0,250.0,1.0
HOSP-3426,The Johns Hopkins Hospital,neurology,2022-09-27,1,75.0,120.0,30.0,720.0,1.0
HOSP-3427,The Johns Hopkins Hospital,infectious disease or internal medicine,2021-07-28,1,22.0,120.0,15.0,1430.0,1.0
HOSP-3427,The Johns Hopkins Hospital,pulmonology or infectious disease,2024-02-25,1,12.0,15.0,26.0,660.0,1.0
HOSP-3428,The Johns Hopkins Hospital,pulmonology or allergy and immunology,2023-10-17,1,43.0,105.0,10.0,1570.0,0.0
HOSP-3428,The Johns Hopkins Hospital,rheumatology,,1,51.0,45.0,30.0,310.0,0.0
HOSP-3429,The Johns Hopkins Hospital,infectious disease,,1,35.0,45.0,4.0,1030.0,0.0
HOSP-3429,The Johns Hopkins Hospital,oncology,,1,79.0,30.0,4.0,1210.0,0.0
HOSP-3430,The Johns Hopkins Hospital,infectious disease,,1,40.0,30.0,18.0,1370.0,1.0
HOSP-3431,The Johns Hopkins Hospital,pulmonology,2021-11-19,1,46.0,60.0,28.0,860.0,0.0
HOSP-3431,The Johns Hopkins Hospital,pulmonology or allergy and immunology,2022-06-26,1,10.0,90.0,5.0,260.0,0.0
HOSP-3433,The Johns Hopkins Hospital,endocrinology,2020-08-25,1,39.0,60.0,24.0,740.0,0.0
HOSP-3435,The Johns Hopkins Hospital,neurology,2020-10-23,1,0.0,75.0,28.0,760.0,1.0
HOSP-3436,The Johns Hopkins Hospital,infectious disease or internal medicine,2021-04-14,1,93.0,120.0,15.0,600.0,1.0
HOSP-3437,The Johns Hopkins Hospital,infectious disease or internal medicine,,1,77.0,75.0,7.0,790.0,0.0
HOSP-3439,The Johns Hopkins Hospital,gastroenterology,2023-01-18,1,28.0,60.0,3.0,1360.0,0.0
HOSP-3439,The Johns Hopkins Hospital,psychiatry,2021-11-19,1,38.0,120.0,10.0,560.0,1.0
HOSP-3440,The Johns Hopkins Hospital,gastroenterology,,1,35.0,15.0,27.0,1590.0,1.0
HOSP-3443,The Johns Hopkins Hospital,rheumatology,2024-01-16,1,94.0,60.0,2.0,780.0,0.0
HOSP-3445,The Johns Hopkins Hospital,cardiology,2022-01-23,1,24.0,30.0,23.0,160.0,1.0
HOSP-3445,The Johns Hopkins Hospital,neurology,2022-08-28,1,15.0,60.0,12.0,1590.0,0.0
HOSP-3446,The Johns Hopkins Hospital,neurology,2021-07-20,1,5.0,45.0,10.0,1230.0,1.0
HOSP-3447,The Johns Hopkins Hospital,endocrinology,,1,12.0,15.0,17.0,770.0,0.0
HOSP-3448,The Johns Hopkins Hospital,psychiatry,2022-03-22,1,78.0,105.0,11.0,250.0,0.0
HOSP-3449,The Johns Hopkins Hospital,pulmonology or allergy and immunology,2023-01-29,1,59.0,15.0,27.0,1080.0,1.0
HOSP-3452,The Johns Hopkins Hospital,cardiology or internal medicine,2022-03-21,1,2.0,60.0,6.0,1160.0,1.0
HOSP-3453,The Johns Hopkins Hospital,neurology,2020-12-13,1,15.0,15.0,4.0,1570.0,0.0
HOSP-3454,The Johns Hopkins Hospital,pulmonology or allergy and immunology,2024-04-28,1,49.0,75.0,30.0,380.0,1.0
HOSP-3455,The Johns Hopkins Hospital,nephrology,,1,85.0,45.0,5.0,510.0,1.0
HOSP-3456,The Johns Hopkins Hospital,allergy and immunology,2023-03-19,1,89.0,120.0,1.0,1230.0,0.0
HOSP-3456,The Johns Hopkins Hospital,hepatology or gastroenterology,,1,89.0,60.0,10.0,1140.0,0.0
HOSP-3456,The Johns Hopkins Hospital,nephrology,,1,62.0,45.0,1.0,650.0,1.0
HOSP-3457,The Johns Hopkins Hospital,cardiology or internal medicine,2020-08-26,1,5.0,45.0,27.0,150.0,0.0
HOSP-3458,The Johns Hopkins Hospital,neurology,2021-08-21,1,45.0,60.0,25.0,1520.0,0.0
HOSP-3459,The Johns Hopkins Hospital,neurology,2022-08-18,1,82.0,30.0,26.0,800.0,0.0
HOSP-3462,The Johns Hopkins Hospital,allergy and immunology,2024-01-16,1,62.0,75.0,28.0,300.0,0.0
HOSP-3462,The Johns Hopkins Hospital,rheumatology,2020-12-31,1,67.0,90.0,19.0,730.0,0.0
HOSP-3463,The Johns Hopkins Hospital,allergy and immunology,,1,1.0,60.0,4.0,1570.0,0.0
HOSP-3466,The Johns Hopkins Hospital,gastroenterology,2021-11-25,1,0.0,75.0,30.0,710.0,0.0
HOSP-3469,The Johns Hopkins Hospital,cardiology or internal medicine,2021-10-31,1,38.0,15.0,5.0,1150.0,1.0
HOSP-3469,The Johns Hopkins Hospital,cardiology or internal medicine,,1,23.0,120.0,16.0,770.0,0.0
HOSP-3469,The Johns Hopkins Hospital,gastroenterology,,1,41.0,60.0,30.0,310.0,0.0
HOSP-3469,The Johns Hopkins Hospital,psychiatry,2020-08-18,1,91.0,30.0,9.0,1230.0,0.0
HOSP-3469,The Johns Hopkins Hospital,rheumatology,2023-01-25,1,45.0,105.0,12.0,1300.0,1.0
HOSP-3470,The Johns Hopkins Hospital,endocrinology,,1,42.0,90.0,5.0,1430.0,0.0
HOSP-3472,The Johns Hopkins Hospital,infectious disease or internal medicine,,1,53.0,90.0,6.0,960.0,0.0
HOSP-3473,The Johns Hopkins Hospital,rheumatology,,1,61.0,105.0,14.0,850.0,1.0
HOSP-3475,The Johns Hopkins Hospital,allergy and immunology,,1,43.0,15.0,29.0,350.0,0.0
HOSP-3475,The Johns Hopkins Hospital,gastroenterology,2022-07-13,1,91.0,90.0,7.0,440.0,1.0
HOSP-3475,The Johns Hopkins Hospital,gastroenterology,,1,94.0,30.0,3.0,1180.0,0.0
HOSP-3475,The Johns Hopkins Hospital,neurology,2022-04-30,1,67.0,60.0,7.0,1220.0,1.0
HOSP-3475,The Johns Hopkins Hospital,oncology,2022-09-25,1,73.0,30.0,14.0,160.0,0.0
HOSP-3476,The Johns Hopkins Hospital,allergy and immunology,,1,57.0,15.0,24.0,1170.0,0.0
HOSP-3476,The Johns Hopkins Hospital,dermatology,2023-11-16,1,20.0,30.0,6.0,1410.0,1.0
HOSP-3476,The Johns Hopkins Hospital,hepatology or gastroenterology,2023-06-23,1,77.0,75.0,1.0,600.0,1.0
HOSP-3478,The Johns Hopkins Hospital,infectious disease,,1,21.0,105.0,13.0,870.0,0.0
HOSP-3479,The Johns Hopkins Hospital,allergy and immunology,2024-01-15,1,44.0,15.0,4.0,650.0,0.0
HOSP-3480,The Johns Hopkins Hospital,allergy and immunology,2021-11-14,1,46.0,75.0,25.0,570.0,1.0
HOSP-3480,The Johns Hopkins Hospital,neurology,,1,47.0,105.0,24.0,660.0,1.0
HOSP-3480,The Johns Hopkins Hospital,pulmonology or allergy and immunology,2021-12-26,1,28.0,60.0,6.0,1300.0,0.0
HOSP-3480,The Johns Hopkins Hospital,rheumatology,2021-01-18,1,18.0,120.0,20.0,1290.0,1.0
HOSP-3483,The Johns Hopkins Hospital,hepatology,2021-05-26,1,39.0,105.0,14.0,720.0,1.0
HOSP-3484,The Johns Hopkins Hospital,cardiology,,1,51.0,120.0,17.0,600.0,0.0
HOSP-3484,The Johns Hopkins Hospital,neurology,2021-07-22,1,38.0,45.0,20.0,1110.0,1.0
HOSP-3486,The Johns Hopkins Hospital,hepatology,2022-11-27,1,42.0,75.0,12.0,1480.0,0.0
HOSP-3486,The Johns Hopkins Hospital,rheumatology,,1,65.0,120.0,14.0,1240.0,0.0
HOSP-3488,The Johns Hopkins Hospital,endocrinology,2021-03-15,1,30.0,60.0,25.0,660.0,0.0
HOSP-3491,The Johns Hopkins Hospital,neurology,2023-02-14,1,72.0,60.0,19.0,1170.0,1.0
HOSP-3492,The Johns Hopkins Hospital,hepatology or gastroenterology,2021-08-19,1,77.0,120.0,20.0,1140.0,1.0
HOSP-3492,The Johns Hopkins Hospital,psychiatry,2024-07-17,1,9.0,30.0,12.0,680.0,1.0
HOSP-3493,The Johns Hopkins Hospital,gastroenterology,,1,34.0,30.0,9.0,1600.0,1.0
HOSP-3493,The Johns Hopkins Hospital,psychiatry,,1,47.0,120.0,3.0,1290.0,0.0
HOSP-3496,The Johns Hopkins Hospital,cardiology or internal medicine,2023-12-17,1,46.0,60.0,25.0,550.0,0.0
HOSP-3498,The Johns Hopkins Hospital,infectious disease,2023-02-27,1,84.0,105.0,8.0,210.0,0.0
HOSP-3498,The Johns Hopkins Hospital,infectious disease,,1,77.0,120.0,30.0,380.0,0.0
HOSP-3498,The Johns Hopkins Hospital,infectious disease or internal medicine,,1,23.0,120.0,13.0,1580.0,0.0
HOSP-3498,The Johns Hopkins Hospital,pulmonology or infectious disease,2023-04-21,1,74.0,45.0,26.0,1490.0,1.0
HOSP-3499,The Johns Hopkins Hospital,gastroenterology,,1,35.0,30.0,17.0,1240.0,0.0
HOSP-3499,The Johns Hopkins Hospital,neurology,2024-03-13,1,51.0,60.0,18.0,830.0,0.0
HOSP-3502,The Johns Hopkins Hospital,cardiology,2021-04-23,1,90.0,90.0,27.0,900.0,0.0
HOSP-3503,The Johns Hopkins Hospital,allergy and immunology,,1,56.0,30.0,24.0,150.0,0.0
HOSP-3503,The Johns Hopkins Hospital,dermatology,2021-05-20,1,24.0,15.0,11.0,470.0,1.0
HOSP-3503,The Johns Hopkins Hospital,pulmonology or infectious disease,2021-10-17,1,57.0,60.0,5.0,450.0,0.0
HOSP-3504,The Johns Hopkins Hospital,oncology,2022-10-25,1,54.0,75.0,12.0,1280.0,1.0
HOSP-3506,The Johns Hopkins Hospital,infectious disease,2022-06-19,1,67.0,60.0,28.0,1550.0,0.0
HOSP-3507,The Johns Hopkins Hospital,endocrinology,2022-12-18,1,44.0,60.0,27.0,450.0,0.0
HOSP-3508,The Johns Hopkins Hospital,infectious disease or internal medicine,,1,10.0,15.0,18.0,150.0,1.0
HOSP-3508,The Johns Hopkins Hospital,pulmonology or infectious disease,,1,42.0,60.0,12.0,660.0,0.0
HOSP-3509,The Johns Hopkins Hospital,infectious disease,2020-10-14,1,17.0,105.0,21.0,1470.0,0.0
HOSP-3509,The Johns Hopkins Hospital,infectious disease or internal medicine,,1,36.0,30.0,12.0,550.0,1.0
HOSP-3510,The Johns Hopkins Hospital,rheumatology,,1,21.0,45.0,15.0,840.0,0.0
HOSP-3512,The Johns Hopkins Hospital,hepatology,,1,16.0,105.0,28.0,500.0,0.0
HOSP-3513,The Johns Hopkins Hospital,pulmonology or allergy and immunology,2024-05-16,1,91.0,30.0,8.0,1440.0,0.0
HOSP-3515,The Johns Hopkins Hospital,infectious disease or internal medicine,,1,51.0,105.0,27.0,370.0,0.0
HOSP-3515,The Johns Hopkins Hospital,neurology,2021-01-18,1,71.0,30.0,16.0,1210.0,0.0
HOSP-3518,The Johns Hopkins Hospital,endocrinology,,1,84.0,105.0,12.0,260.0,0.0
HOSP-3519,The Johns Hopkins Hospital,neurology,2021-12-30,1,21.0,75.0,26.0,1560.0,0.0
HOSP-3519,The Johns Hopkins Hospital,rheumatology,2023-05-26,1,95.0,45.0,15.0,1120.0,0.0
HOSP-3520,The Johns Hopkins Hospital,hepatology or gastroenterology,2022-09-17,1,77.0,45.0,2.0,1280.0,1.0
HOSP-3520,The Johns Hopkins Hospital,oncology,2022-09-20,1,89.0,30.0,29.0,650.0,1.0
HOSP-3523,The Johns Hopkins Hospital,infectious disease,2022-02-21,1,55.0,60.0,5.0,1400.0,0.0
HOSP-3525,The Johns Hopkins Hospital,pulmonology or infectious disease,,1,2.0,105.0,25.0,470.0,1.0
HOSP-3527,The Johns Hopkins Hospital,infectious disease,,1,40.0,45.0,23.0,970.0,1.0
HOSP-3528,The Johns Hopkins Hospital,pulmonology or infectious disease,2023-12-22,1,92.0,75.0,27.0,1440.0,1.0
HOSP-3531,The Johns Hopkins Hospital,psychiatry,,1,20.0,105.0,4.0,200.0,0.0
HOSP-3531,The Johns Hopkins Hospital,rheumatology,2022-08-27,1,19.0,120.0,2.0,790.0,0.0
HOSP-3532,The Johns Hopkins Hospital,pulmonology,,1,3.0,105.0,30.0,1150.0,0.0
HOSP-3533,The Johns Hopkins Hospital,pulmonology or infectious disease,2020-10-15,1,93.0,60.0,19.0,920.0,0.0
HOSP-3534,The Johns Hopkins Hospital,infectious disease,,1,50.0,105.0,15.0,1010.0,0.0
HOSP-3534,The Johns Hopkins Hospital,nephrology,,1,5.0,90.0,10.0,1350.0,0.0
HOSP-3536,The Johns Hopkins Hospital,neurology,,2,73.0,52.5,5.5,690.0,2.0
HOSP-3538,The Johns Hopkins Hospital,nephrology,,1,14.0,75.0,11.0,940.0,1.0
HOSP-3538,The Johns Hopkins Hospital,psychiatry,2022-07-13,1,32.0,90.0,30.0,1200.0,0.0
HOSP-3540,The Johns Hopkins Hospital,hepatology or gastroenterology,,1,70.0,105.0,20.0,190.0,0.0
HOSP-3540,The Johns Hopkins Hospital,pulmonology or allergy and immunology,2022-01-24,1,48.0,30.0,20.0,590.0,0.0
HOSP-3541,The Johns Hopkins Hospital,allergy and immunology,,1,3.0,120.0,29.0,1220.0,0.0
HOSP-3544,The Johns Hopkins Hospital,dermatology,,1,57.0,120.0,16.0,1180.0,0.0
HOSP-3544,The Johns Hopkins Hospital,infectious disease or internal medicine,,1,71.0,60.0,2.0,570.0,1.0
HOSP-3544,The Johns Hopkins Hospital,pulmonology or infectious disease,2024-05-18,1,63.0,15.0,25.0,800.0,1.0
HOSP-3545,The Johns Hopkins Hospital,neurology,2022-05-15,1,50.0,15.0,26.0,500.0,0.0
HOSP-3546,The Johns Hopkins Hospital,endocrinology,2023-12-31,1,1.0,75.0,17.0,740.0,0.0
HOSP-3546,The Johns Hopkins Hospital,psychiatry,2020-12-14,1,73.0,120.0,3.0,870.0,1.0
HOSP-3547,The Johns Hopkins Hospital,gastroenterology,2020-11-15,1,25.0,30.0,13.0,420.0,0.0
HOSP-3548,The Johns Hopkins Hospital,allergy and immunology,2021-06-17,1,81.0,75.0,16.0,730.0,0.0
HOSP-3549,The Johns Hopkins Hospital,infectious disease,2023-04-21,1,29.0,45.0,7.0,150.0,0.0
HOSP-3550,The Johns Hopkins Hospital,endocrinology,,1,5.0,15.0,23.0,340.0,1.0
HOSP-3555,The Johns Hopkins Hospital,gastroenterology,,2,48.0,22.5,17.0,1385.0,2.0
HOSP-3555,The Johns Hopkins Hospital,neurology,2023-05-17,1,52.0,105.0,29.0,1330.0,1.0
HOSP-3556,The Johns Hopkins Hospital,endocrinology,2024-04-28,1,55.0,120.0,7.0,820.0,1.0
HOSP-3556,The Johns Hopkins Hospital,gastroenterology,2023-01-21,1,50.0,30.0,7.0,930.0,0.0
HOSP-3557,The Johns Hopkins Hospital,neurology,2022-06-14,1,53.0,105.0,3.0,480.0,0.0
HOSP-3558,The Johns Hopkins Hospital,dermatology,,1,77.0,15.0,8.0,1400.0,0.0
HOSP-3558,The Johns Hopkins Hospital,endocrinology,2024-05-23,1,10.0,60.0,7.0,1080.0,0.0
HOSP-3559,The Johns Hopkins Hospital,gastroenterology,2020-08-25,1,70.0,30.0,18.0,740.0,1.0
HOSP-3559,The Johns Hopkins Hospital,infectious disease or internal medicine,,1,87.0,45.0,15.0,720.0,0.0
HOSP-3560,The Johns Hopkins Hospital,pulmonology or infectious disease,,1,92.0,75.0,3.0,900.0,0.0
HOSP-3563,The Johns Hopkins Hospital,pulmonology or infectious disease,,1,21.0,90.0,2.0,1550.0,0.0
HOSP-3563,The Johns Hopkins Hospital,urology or nephrology,2023-04-18,1,30.0,15.0,30.0,1580.0,0.0
HOSP-3563,The Johns Hopkins Hospital,urology or nephrology,,1,72.0,75.0,27.0,740.0,0.0
HOSP-3564,The Johns Hopkins Hospital,hepatology or gastroenterology,,1,3.0,120.0,14.0,130.0,0.0
HOSP-3564,The Johns Hopkins Hospital,neurology,2023-03-19,1,56.0,45.0,10.0,700.0,1.0
HOSP-3565,The Johns Hopkins Hospital,rheumatology,2024-05-20,1,13.0,90.0,7.0,280.0,1.0
HOSP-3566,The Johns Hopkins Hospital,cardiology,2021-06-22,1,12.0,75.0,9.0,440.0,0.0
HOSP-3566,The Johns Hopkins Hospital,hepatology,,1,95.0,105.0,11.0,1120.0,1.0
HOSP-3566,The Johns Hopkins Hospital,oncology,,1,5.0,105.0,6.0,770.0,0.0
HOSP-3568,The Johns Hopkins Hospital,psychiatry,,1,81.0,75.0,11.0,1560.0,1.0
HOSP-3569,The Johns Hopkins Hospital,gastroenterology,,1,88.0,105.0,28.0,190.0,1.0
HOSP-3569,The Johns Hopkins Hospital,hepatology,2021-02-14,1,29.0,75.0,4.0,580.0,1.0
HOSP-3570,The Johns Hopkins Hospital,gastroenterology,2023-12-14,1,86.0,60.0,18.0,1240.0,1.0
HOSP-3570,The Johns Hopkins Hospital,hepatology,2021-04-17,1,73.0,45.0,21.0,220.0,1.0
HOSP-3570,The Johns Hopkins Hospital,neurology,2020-12-21,1,32.0,15.0,13.0,1320.0,1.0
HOSP-3570,The Johns Hopkins Hospital,pulmonology,2021-08-29,1,48.0,105.0,14.0,760.0,1.0
HOSP-3573,The Johns Hopkins Hospital,cardiology,2023-04-25,1,77.0,90.0,16.0,1490.0,0.0
HOSP-3574,The Johns Hopkins Hospital,gastroenterology,2022-01-15,1,20.0,75.0,12.0,950.0,1.0
HOSP-3577,The Johns Hopkins Hospital,rheumatology,,1,48.0,120.0,12.0,1550.0,0.0
HOSP-3578,The Johns Hopkins Hospital,gastroenterology,2023-09-18,1,81.0,30.0,11.0,340.0,0.0
HOSP-3580,The Johns Hopkins Hospital,gastroenterology,,1,36.0,105.0,29.0,1530.0,0.0
HOSP-3580,The Johns Hopkins Hospital,neurology,,1,70.0,45.0,12.0,400.0,1.0
HOSP-3581,The Johns Hopkins Hospital,gastroenterology,2023-08-23,1,82.0,15.0,3.0,290.0,1.0
HOSP-3582,The Johns Hopkins Hospital,neurology,2023-03-30,1,10.0,75.0,14.0,380.0,0.0
HOSP-3584,The Johns Hopkins Hospital,gastroenterology,2021-08-20,1,80.0,60.0,30.0,220.0,1.0
HOSP-3584,The Johns Hopkins Hospital,oncology,,1,65.0,105.0,17.0,550.0,0.0
HOSP-3585,The Johns Hopkins Hospital,allergy and immunology,2020-11-30,1,5.0,90.0,28.0,950.0,0.0
HOSP-3585,The Johns Hopkins Hospital,nephrology,2022-06-14,1,76.0,30.0,17.0,1510.0,0.0
HOSP-3585,The Johns Hopkins Hospital,rheumatology,2021-07-20,1,73.0,90.0,17.0,310.0,0.0
HOSP-3586,The Johns Hopkins Hospital,gastroenterology,2021-05-14,1,78.0,60.0,20.0,1330.0,1.0
HOSP-3586,The Johns Hopkins Hospital,oncology,,1,75.0,30.0,24.0,980.0,1.0
HOSP-3587,The Johns Hopkins Hospital,neurology,,1,6.0,45.0,17.0,170.0,0.0
HOSP-3588,The Johns Hopkins Hospital,neurology,,1,13.0,120.0,26.0,610.0,1.0
HOSP-3589,The Johns Hopkins Hospital,neurology,2022-10-31,1,8.0,90.0,7.0,230.0,0.0
HOSP-3590,The Johns Hopkins Hospital,urology or nephrology,,1,43.0,60.0,17.0,1010.0,1.0
HOSP-3591,The Johns Hopkins Hospital,neurology,,1,56.0,90.0,20.0,1120.0,0.0
HOSP-3591,The Johns Hopkins Hospital,pulmonology or allergy and immunology,,1,79.0,45.0,23.0,860.0,1.0
HOSP-3592,The Johns Hopkins Hospital,gastroenterology,2020-08-15,1,83.0,105.0,23.0,960.0,1.0
HOSP-3592,The Johns Hopkins Hospital,psychiatry,,1,91.0,60.0,6.0,1060.0,0.0
HOSP-3596,The Johns Hopkins Hospital,hepatology,,1,51.0,60.0,10.0,940.0,1.0
HOSP-3596,The Johns Hopkins Hospital,psychiatry,2023-03-30,1,37.0,45.0,9.0,310.0,0.0
HOSP-3597,The Johns Hopkins Hospital,urology or nephrology,,1,48.0,105.0,1.0,110.0,0.0
HOSP-3599,The Johns Hopkins Hospital,dermatology,,1,34.0,45.0,17.0,900.0,1.0
HOSP-3599,The Johns Hopkins Hospital,neurology,2024-04-20,1,93.0,60.0,22.0,880.0,0.0
HOSP-3600,The Johns Hopkins Hospital,endocrinology,,1,54.0,90.0,23.0,200.0,0.0
HOSP-3600,The Johns Hopkins Hospital,neurology,2024-05-13,1,91.0,90.0,10.0,740.0,0.0
HOSP-3600,The Johns Hopkins Hospital,neurology,,1,9.0,15.0,3.0,970.0,1.0
HOSP-3600,The Johns Hopkins Hospital,rheumatology,,2,32.5,45.0,10.5,285.0,1.0
HOSP-3601,The Johns Hopkins Hospital,pulmonology,2022-02-23,1,30.0,60.0,18.0,900.0,1.0
HOSP-3602,The Johns Hopkins Hospital,cardiology or internal medicine,2022-11-30,1,61.0,45.0,17.0,1070.0,1.0
HOSP-3602,The Johns Hopkins Hospital,endocrinology,,1,83.0,15.0,14.0,1420.0,1.0
HOSP-3602,The Johns Hopkins Hospital,neurology,2022-06-22,1,12.0,90.0,15.0,720.0,0.0
HOSP-3603,The Johns Hopkins Hospital,endocrinology,2024-03-19,1,62.0,15.0,29.0,950.0,0.0
HOSP-3604,The Johns Hopkins Hospital,allergy and immunology,2022-10-26,1,3.0,45.0,21.0,1140.0,0.0
HOSP-3604,The Johns Hopkins Hospital,urology or nephrology,2021-02-18,1,67.0,60.0,5.0,200.0,1.0
HOSP-3605,The Johns Hopkins Hospital,oncology,2022-12-24,1,77.0,15.0,29.0,1430.0,0.0
HOSP-3605,The Johns Hopkins Hospital,oncology,2024-03-27,1,6.0,15.0,10.0,1560.0,0.0
HOSP-3606,The Johns Hopkins Hospital,infectious disease or internal medicine,2021-08-14,1,71.0,120.0,10.0,270.0,0.0
HOSP-3606,The Johns Hopkins Hospital,urology or nephrology,2022-06-30,1,55.0,75.0,9.0,1500.0,0.0
HOSP-3607,The Johns Hopkins Hospital,pulmonology or allergy and immunology,2022-01-15,1,0.0,105.0,2.0,1180.0,0.0
HOSP-3608,The Johns Hopkins Hospital,cardiology,2021-08-25,1,53.0,45.0,6.0,190.0,0.0
HOSP-3608,The Johns Hopkins Hospital,cardiology or internal medicine,,1,43.0,45.0,6.0,540.0,1.0
HOSP-3608,The Johns Hopkins Hospital,neurology,2022-10-21,1,50.0,120.0,20.0,870.0,0.0
HOSP-3608,The Johns Hopkins Hospital,psychiatry,2022-10-13,1,33.0,30.0,6.0,520.0,0.0
HOSP-3609,The Johns Hopkins Hospital,allergy and immunology,,1,4.0,120.0,11.0,1070.0,0.0
HOSP-3609,The Johns Hopkins Hospital,cardiology,2021-07-15,1,85.0,30.0,8.0,750.0,0.0
HOSP-3609,The Johns Hopkins Hospital,hepatology,2022-03-16,1,81.0,45.0,7.0,270.0,0.0
HOSP-3609,The Johns Hopkins Hospital,hepatology,,1,0.0,75.0,27.0,1210.0,0.0
HOSP-3610,The Johns Hopkins Hospital,oncology,,1,60.0,120.0,29.0,1440.0,0.0
HOSP-3611,The Johns Hopkins Hospital,gastroenterology,2021-03-29,1,81.0,90.0,15.0,1010.0,0.0
HOSP-3611,The Johns Hopkins Hospital,infectious disease or internal medicine,,1,93.0,45.0,10.0,440.0,1.0
HOSP-3611,The Johns Hopkins Hospital,psychiatry,,1,66.0,105.0,14.0,790.0,0.0
HOSP-3611,The Johns Hopkins Hospital,rheumatology,2023-12-29,1,53.0,105.0,2.0,1020.0,1.0
HOSP-3613,The Johns Hopkins Hospital,rheumatology,2023-06-19,1,78.0,105.0,25.0,750.0,0.0
HOSP-3614,The Johns Hopkins Hospital,gastroenterology,,1,43.0,30.0,9.0,500.0,1.0
HOSP-3614,The Johns Hopkins Hospital,hepatology,2021-02-28,1,95.0,45.0,4.0,1020.0,0.0
HOSP-3617,The Johns Hopkins Hospital,endocrinology,,1,76.0,105.0,11.0,1550.0,1.0
HOSP-3617,The Johns Hopkins Hospital,gastroenterology,2022-05-29,1,86.0,15.0,29.0,710.0,1.0
HOSP-3619,The Johns Hopkins Hospital,hepatology or gastroenterology,,1,89.0,15.0,4.0,710.0,0.0
HOSP-3619,The Johns Hopkins Hospital,oncology,,1,93.0,120.0,21.0,1210.0,1.0
HOSP-3622,The Johns Hopkins Hospital,dermatology,,1,68.0,15.0,23.0,1300.0,0.0
HOSP-3623,The Johns Hopkins Hospital,hepatology or gastroenterology,,1,46.0,105.0,2.0,460.0,1.0
HOSP-3623,The Johns Hopkins Hospital,neurology,2021-03-14,1,91.0,60.0,28.0,270.0,0.0
HOSP-3623,The Johns Hopkins Hospital,neurology,,1,42.0,45.0,7.0,1410.0,1.0
HOSP-3624,The Johns Hopkins Hospital,infectious disease or internal medicine,2023-01-23,1,50.0,75.0,19.0,1050.0,0.0
HOSP-3624,The Johns Hopkins Hospital,nephrology,2020-10-24,1,79.0,90.0,15.0,530.0,0.0
HOSP-3624,The Johns Hopkins Hospital,rheumatology,,1,14.0,60.0,12.0,1240.0,1.0
HOSP-3625,The Johns Hopkins Hospital,psychiatry,2023-08-13,1,59.0,90.0,8.0,830.0,1.0
HOSP-3626,The Johns Hopkins Hospital,cardiology or internal medicine,,1,61.0,75.0,27.0,690.0,0.0
HOSP-3626,The Johns Hopkins Hospital,urology or nephrology,2022-09-18,1,85.0,15.0,21.0,270.0,1.0
HOSP-3629,The Johns Hopkins Hospital,oncology,2022-09-24,1,38.0,75.0,9.0,530.0,0.0
HOSP-3630,The Johns Hopkins Hospital,psychiatry,2021-06-30,1,52.0,60.0,10.0,1560.0,0.0
HOSP-3630,The Johns Hopkins Hospital,pulmonology or infectious disease,2023-11-23,1,11.0,15.0,16.0,340.0,0.0
HOSP-3635,The Johns Hopkins Hospital,pulmonology,2024-06-17,1,71.0,45.0,21.0,690.0,1.0
HOSP-3636,The Johns Hopkins Hospital,neurology,2020-10-29,1,57.0,30.0,8.0,100.0,0.0
HOSP-3636,The Johns Hopkins Hospital,neurology,,1,33.0,90.0,11.0,480.0,1.0
HOSP-3638,The Johns Hopkins Hospital,hepatology or gastroenterology,2024-04-17,1,88.0,105.0,10.0,370.0,1.0
HOSP-3638,The Johns Hopkins Hospital,neurology,2023-10-17,1,92.0,90.0,12.0,940.0,0.0
HOSP-3639,The Johns Hopkins Hospital,pulmonology,2024-02-13,1,37.0,75.0,25.0,1560.0,1.0
HOSP-3644,The Johns Hopkins Hospital,allergy and immunology,,1,74.0,75.0,14.0,630.0,0.0
HOSP-3644,The Johns Hopkins Hospital,nephrology,2021-02-16,1,78.0,120.0,25.0,1600.0,0.0
HOSP-3645,The Johns Hopkins Hospital,neurology,,1,78.0,105.0,15.0,1350.0,1.0
HOSP-3645,The Johns Hopkins Hospital,rheumatology,2023-02-28,1,83.0,15.0,26.0,490.0,0.0
HOSP-3647,The Johns Hopkins Hospital,infectious disease or internal medicine,2022-01-24,1,35.0,75.0,28.0,800.0,0.0
HOSP-3647,The Johns Hopkins Hospital,rheumatology,2022-10-18,1,13.0,90.0,19.0,110.0,0.0
HOSP-3647,The Johns Hopkins Hospital,urology or nephrology,2022-07-15,1,61.0,90.0,24.0,830.0,0.0
HOSP-3647,The Johns Hopkins Hospital,urology or nephrology,,1,87.0,15.0,9.0,1420.0,1.0
HOSP-3648,The Johns Hopkins Hospital,pulmonology or allergy and immunology,2022-10-15,1,76.0,15.0,23.0,460.0,1.0
HOSP-3649,The Johns Hopkins Hospital,hepatology,2022-01-20,1,65.0,120.0,20.0,1350.0,1.0
HOSP-3649,The Johns Hopkins Hospital,neurology,2024-03-26,1,35.0,105.0,18.0,380.0,1.0
HOSP-3651,The Johns Hopkins Hospital,infectious disease or internal medicine,2024-02-19,1,26.0,15.0,2.0,1590.0,1.0
HOSP-3651,The Johns Hopkins Hospital,neurology,2021-06-26,1,84.0,15.0,19.0,740.0,0.0
HOSP-3652,The Johns Hopkins Hospital,neurology,2022-10-28,1,95.0,60.0,27.0,1140.0,0.0
HOSP-3652,The Johns Hopkins Hospital,oncology,2023-05-28,1,39.0,60.0,9.0,1450.0,1.0
HOSP-3655,The Johns Hopkins Hospital,infectious disease,2020-10-17,1,1.0,30.0,10.0,1250.0,0.0
HOSP-3655,The Johns Hopkins Hospital,infectious disease,,1,17.0,60.0,15.0,1280.0,0.0
HOSP-3655,The Johns Hopkins Hospital,oncology,,1,38.0,75.0,14.0,270.0,0.0
HOSP-3655,The Johns Hopkins Hospital,pulmonology or infectious disease,2022-06-26,1,93.0,105.0,3.0,410.0,1.0
HOSP-3656,The Johns Hopkins Hospital,infectious disease,2020-07-31,1,39.0,90.0,23.0,1340.0,0.0
HOSP-3656,The Johns Hopkins Hospital,neurology,2023-07-21,1,66.0,45.0,24.0,320.0,0.0
HOSP-3656,The Johns Hopkins Hospital,oncology,,1,4.0,120.0,1.0,1280.0,0.0
HOSP-3658,The Johns Hopkins Hospital,infectious disease or internal medicine,,1,27.0,15.0,8.0,730.0,0.0
HOSP-3658,The Johns Hopkins Hospital,psychiatry,2023-06-17,1,6.0,90.0,12.0,1030.0,0.0
HOSP-3658,The Johns Hopkins Hospital,psychiatry,,1,72.0,75.0,7.0,780.0,1.0
HOSP-3659,The Johns Hopkins Hospital,pulmonology,2023-07-27,1,44.0,120.0,30.0,1350.0,1.0
HOSP-3661,The Johns Hopkins Hospital,infectious disease or internal medicine,2020-08-18,1,1.0,105.0,17.0,190.0,0.0
HOSP-3663,The Johns Hopkins Hospital,gastroenterology,2022-11-23,1,44.0,45.0,21.0,470.0,1.0
HOSP-3663,The Johns Hopkins Hospital,gastroenterology,,1,57.0,75.0,23.0,1560.0,1.0
HOSP-3665,The Johns Hopkins Hospital,infectious disease,2022-09-24,1,21.0,105.0,9.0,710.0,0.0
HOSP-3665,The Johns Hopkins Hospital,infectious disease or internal medicine,2022-06-30,1,21.0,60.0,6.0,610.0,1.0
HOSP-3666,The Johns Hopkins Hospital,endocrinology,,1,14.0,60.0,21.0,1530.0,1.0
HOSP-3666,The Johns Hopkins Hospital,psychiatry,2023-11-30,1,52.0,75.0,9.0,750.0,1.0
HOSP-3667,The Johns Hopkins Hospital,neurology,2023-04-14,1,39.0,15.0,5.0,100.0,1.0
HOSP-3667,The Johns Hopkins Hospital,pulmonology,,1,9.0,120.0,15.0,290.0,0.0
HOSP-3668,The Johns Hopkins Hospital,cardiology,2023-06-14,1,9.0,60.0,15.0,990.0,1.0
HOSP-3671,The Johns Hopkins Hospital,pulmonology or allergy and immunology,,1,47.0,75.0,20.0,320.0,0.0
HOSP-3673,The Johns Hopkins Hospital,dermatology,2024-05-14,1,24.0,45.0,15.0,1500.0,0.0
HOSP-3673,The Johns Hopkins Hospital,psychiatry,2020-11-28,1,27.0,90.0,11.0,300.0,1.0
HOSP-3674,The Johns Hopkins Hospital,infectious disease,,1,71.0,15.0,8.0,1000.0,0.0
HOSP-3674,The Johns Hopkins Hospital,pulmonology or infectious disease,,1,14.0,30.0,22.0,170.0,1.0
HOSP-3675,The Johns Hopkins Hospital,pulmonology,2020-08-26,1,34.0,15.0,8.0,1270.0,0.0
HOSP-3677,The Johns Hopkins Hospital,neurology,2022-06-23,1,7.0,75.0,8.0,790.0,0.0
HOSP-3678,The Johns Hopkins Hospital,dermatology,2022-02-20,1,51.0,120.0,13.0,900.0,0.0
HOSP-3678,The Johns Hopkins Hospital,hepatology or gastroenterology,,1,14.0,30.0,13.0,1370.0,1.0
HOSP-3679,The Johns Hopkins Hospital,oncology,2022-07-28,1,14.0,15.0,16.0,380.0,1.0
HOSP-3679,The Johns Hopkins Hospital,pulmonology or allergy and immunology,2021-08-31,1,20.0,30.0,15.0,910.0,0.0
HOSP-3680,The Johns Hopkins Hospital,neurology,,1,82.0,30.0,7.0,1180.0,0.0
HOSP-3681,The Johns Hopkins Hospital,psychiatry,2023-09-23,1,39.0,45.0,12.0,1590.0,0.0
HOSP-3682,The Johns Hopkins Hospital,psychiatry,2023-10-25,1,78.0,30.0,10.0,860.0,0.0
HOSP-3684,The Johns Hopkins Hospital,allergy and immunology,2022-07-23,1,16.0,90.0,4.0,830.0,1.0
HOSP-3687,The Johns Hopkins Hospital,endocrinology,,1,13.0,120.0,16.0,610.0,0.0
HOSP-3687,The Johns Hopkins Hospital,infectious disease,2023-03-28,1,76.0,90.0,17.0,490.0,0.0
HOSP-3692,The Johns Hopkins Hospital,infectious disease,2023-09-20,1,21.0,90.0,30.0,860.0,1.0
HOSP-3692,The Johns Hopkins Hospital,pulmonology or infectious disease,,1,67.0,60.0,16.0,840.0,0.0
HOSP-3693,The Johns Hopkins Hospital,infectious disease or internal medicine,,1,38.0,15.0,15.0,150.0,0.0
HOSP-3695,The Johns Hopkins Hospital,endocrinology,2024-02-24,1,54.0,120.0,18.0,420.0,1.0
HOSP-3695,The Johns Hopkins Hospital,oncology,,1,34.0,105.0,15.0,1330.0,0.0
HOSP-3696,The Johns Hopkins Hospital,allergy and immunology,2020-11-16,1,2.0,105.0,14.0,630.0,1.0
HOSP-3697,The Johns Hopkins Hospital,oncology,2021-05-28,1,73.0,105.0,17.0,1500.0,1.0
HOSP-3697,The Johns Hopkins Hospital,rheumatology,,1,19.0,30.0,3.0,900.0,0.0
HOSP-3700,The Johns Hopkins Hospital,cardiology,2023-01-23,1,78.0,60.0,19.0,960.0,0.0
HOSP-3700,The Johns Hopkins Hospital,gastroenterology,,1,67.0,60.0,12.0,830.0,1.0
HOSP-3700,The Johns Hopkins Hospital,infectious disease or internal medicine,,1,2.0,45.0,29.0,700.0,1.0
HOSP-3700,The Johns Hopkins Hospital,pulmonology or allergy and immunology,2021-02-18,1,37.0,105.0,3.0,330.0,0.0
HOSP-3701,The Johns Hopkins Hospital,hepatology or gastroenterology,,1,12.0,90.0,7.0,210.0,0.0
HOSP-3702,The Johns Hopkins Hospital,gastroenterology,,1,7.0,105.0,28.0,730.0,1.0
HOSP-3703,The Johns Hopkins Hospital,hepatology,2024-03-23,1,7.0,90.0,27.0,1070.0,0.0
HOSP-3704,The Johns Hopkins Hospital,neurology,,1,0.0,120.0,17.0,1050.0,0.0
HOSP-3704,The Johns Hopkins Hospital,pulmonology or infectious disease,,1,12.0,75.0,10.0,990.0,0.0
HOSP-3705,The Johns Hopkins Hospital,dermatology,2023-08-24,1,63.0,30.0,1.0,1330.0,0.0
HOSP-3706,The Johns Hopkins Hospital,endocrinology,2020-07-28,1,65.0,60.0,9.0,910.0,0.0
HOSP-3707,The Johns Hopkins Hospital,neurology,2022-08-13,1,10.0,120.0,5.0,860.0,1.0
HOSP-3707,The Johns Hopkins Hospital,urology or nephrology,2022-03-15,1,30.0,105.0,2.0,700.0,0.0
HOSP-3708,The Johns Hopkins Hospital,infectious disease or internal medicine,,1,54.0,105.0,20.0,620.0,0.0
HOSP-3708,The Johns Hopkins Hospital,neurology,,1,41.0,105.0,1.0,880.0,1.0
HOSP-3708,The Johns Hopkins Hospital,oncology,2023-12-15,1,80.0,60.0,28.0,890.0,0.0
HOSP-3709,The Johns Hopkins Hospital,infectious disease,,1,68.0,120.0,29.0,560.0,1.0
HOSP-3710,The Johns Hopkins Hospital,psychiatry,,1,46.0,45.0,27.0,1450.0,0.0
HOSP-3713,The Johns Hopkins Hospital,pulmonology or infectious disease,2022-03-15,1,88.0,45.0,1.0,190.0,0.0
HOSP-3715,The Johns Hopkins Hospital,psychiatry,2020-12-20,1,51.0,105.0,1.0,1360.0,1.0
HOSP-3715,The Johns Hopkins Hospital,rheumatology,2023-05-27,1,32.0,30.0,24.0,1230.0,0.0
HOSP-3715,The Johns Hopkins Hospital,rheumatology,,1,61.0,60.0,19.0,730.0,0.0
HOSP-3716,The Johns Hopkins Hospital,hepatology,2024-07-13,1,89.0,75.0,3.0,1330.0,1.0
HOSP-3716,The Johns Hopkins Hospital,neurology,2023-03-25,1,72.0,75.0,13.0,1520.0,1.0
HOSP-3717,The Johns Hopkins Hospital,infectious disease,2023-09-29,1,51.0,15.0,12.0,1590.0,1.0
HOSP-3718,The Johns Hopkins Hospital,neurology,2022-03-29,1,48.0,30.0,30.0,1130.0,0.0
HOSP-3721,The Johns Hopkins Hospital,endocrinology,2021-03-19,1,19.0,105.0,28.0,130.0,1.0
HOSP-3721,The Johns Hopkins Hospital,psychiatry,,1,54.0,120.0,14.0,620.0,0.0
HOSP-3722,The Johns Hopkins Hospital,hepatology or gastroenterology,,1,59.0,75.0,16.0,1210.0,1.0
HOSP-3723,The Johns Hopkins Hospital,neurology,,1,20.0,105.0,27.0,1390.0,1.0
HOSP-3723,The Johns Hopkins Hospital,psychiatry,,1,5.0,120.0,20.0,660.0,0.0
HOSP-3724,The Johns Hopkins Hospital,oncology,2020-10-19,1,49.0,105.0,23.0,500.0,1.0
HOSP-3725,The Johns Hopkins Hospital,dermatology,,1,82.0,120.0,5.0,520.0,0.0
HOSP-3726,The Johns Hopkins Hospital,cardiology or internal medicine,2022-07-20,1,61.0,90.0,19.0,320.0,0.0
HOSP-3727,The Johns Hopkins Hospital,hepatology,,1,6.0,45.0,9.0,790.0,0.0
HOSP-3728,The Johns Hopkins Hospital,hepatology or gastroenterology,,1,66.0,30.0,5.0,1360.0,1.0
HOSP-3729,The Johns Hopkins Hospital,neurology,2022-01-29,1,34.0,30.0,24.0,870.0,0.0
HOSP-3730,The Johns Hopkins Hospital,endocrinology,2023-02-24,1,85.0,75.0,17.0,1450.0,0.0
HOSP-3731,The Johns Hopkins Hospital,infectious disease or internal medicine,2023-04-18,1,57.0,45.0,25.0,960.0,0.0
HOSP-3731,The Johns Hopkins Hospital,oncology,2024-02-15,1,36.0,30.0,12.0,1010.0,0.0
HOSP-3731,The Johns Hopkins Hospital,psychiatry,2023-08-24,1,23.0,105.0,7.0,1280.0,0.0
HOSP-3732,The Johns Hopkins Hospital,nephrology,2021-01-18,1,15.0,120.0,28.0,1440.0,1.0
HOSP-3733,The Johns Hopkins Hospital,infectious disease or internal medicine,,1,90.0,15.0,2.0,1370.0,0.0
HOSP-3733,The Johns Hopkins Hospital,pulmonology or infectious disease,2022-10-29,1,81.0,30.0,12.0,620.0,1.0
HOSP-3734,The Johns Hopkins Hospital,gastroenterology,,1,9.0,30.0,1.0,1130.0,0.0
HOSP-3734,The Johns Hopkins Hospital,hepatology or gastroenterology,,1,25.0,75.0,19.0,430.0,0.0
HOSP-3735,The Johns Hopkins Hospital,psychiatry,2021-01-28,1,31.0,75.0,10.0,1480.0,0.0
HOSP-3736,The Johns Hopkins Hospital,rheumatology,,1,72.0,15.0,28.0,1360.0,0.0
HOSP-3737,The Johns Hopkins Hospital,psychiatry,2024-04-20,1,68.0,75.0,18.0,1110.0,1.0
HOSP-3738,The Johns Hopkins Hospital,neurology,2024-01-21,1,78.0,105.0,4.0,910.0,1.0
HOSP-3739,The Johns Hopkins Hospital,cardiology or internal medicine,,1,8.0,30.0,18.0,370.0,0.0
HOSP-3740,The Johns Hopkins Hospital,gastroenterology,2020-08-17,1,62.0,90.0,12.0,340.0,0.0
HOSP-3740,The Johns Hopkins Hospital,neurology,,1,30.0,15.0,23.0,730.0,1.0
HOSP-3741,The Johns Hopkins Hospital,pulmonology or allergy and immunology,,1,68.0,105.0,26.0,490.0,0.0
HOSP-3742,The Johns Hopkins Hospital,psychiatry,2021-07-16,1,56.0,75.0,17.0,1220.0,1.0
HOSP-3743,The Johns Hopkins Hospital,infectious disease or internal medicine,2022-06-20,1,89.0,120.0,30.0,1060.0,1.0
HOSP-3743,The Johns Hopkins Hospital,neurology,2022-06-16,1,62.0,120.0,12.0,850.0,1.0
HOSP-3744,The Johns Hopkins Hospital,cardiology,,1,64.0,60.0,10.0,560.0,1.0
HOSP-3745,The Johns Hopkins Hospital,neurology,,1,12.0,90.0,4.0,1220.0,0.0
HOSP-3746,The Johns Hopkins Hospital,pulmonology or infectious disease,2023-02-15,1,73.0,120.0,29.0,1420.0,1.0
HOSP-3748,The Johns Hopkins Hospital,allergy and immunology,2021-11-30,1,80.0,30.0,4.0,1130.0,0.0
HOSP-3748,The Johns Hopkins Hospital,allergy and immunology,2023-07-15,1,79.0,60.0,20.0,240.0,1.0
HOSP-3749,The Johns Hopkins Hospital,hepatology,2023-05-28,1,52.0,90.0,30.0,330.0,0.0
HOSP-3749,The Johns Hopkins Hospital,nephrology,,1,57.0,15.0,23.0,1210.0,0.0
HOSP-3749,The Johns Hopkins Hospital,neurology,2023-12-25,1,54.0,30.0,15.0,190.0,0.0
HOSP-3750,The Johns Hopkins Hospital,cardiology,,1,18.0,45.0,2.0,1600.0,0.0
HOSP-3750,The Johns Hopkins Hospital,gastroenterology,2021-10-26,1,93.0,90.0,18.0,1130.0,0.0
HOSP-3750,The Johns Hopkins Hospital,gastroenterology,2023-11-15,1,14.0,45.0,12.0,380.0,1.0
HOSP-3750,The Johns Hopkins Hospital,hepatology or gastroenterology,2022-09-26,1,87.0,15.0,13.0,1440.0,1.0
HOSP-3750,The Johns Hopkins Hospital,nephrology,2023-05-26,1,77.0,105.0,26.0,670.0,0.0
HOSP-3750,The Johns Hopkins Hospital,neurology,2021-11-20,1,27.0,75.0,30.0,660.0,0.0
HOSP-3750,The Johns Hopkins Hospital,neurology,,1,15.0,75.0,10.0,1010.0,0.0
HOSP-3751,The Johns Hopkins Hospital,infectious disease,2020-08-29,1,76.0,120.0,23.0,1210.0,0.0
HOSP-3751,The Johns Hopkins Hospital,pulmonology,2021-06-27,1,85.0,30.0,22.0,1260.0,0.0
HOSP-3752,The Johns Hopkins Hospital,pulmonology or infectious disease,,1,88.0,90.0,2.0,440.0,1.0
HOSP-3753,The Johns Hopkins Hospital,psychiatry,2020-11-17,1,10.0,30.0,4.0,1150.0,0.0
HOSP-3754,The Johns Hopkins Hospital,neurology,2023-11-25,1,60.0,75.0,28.0,360.0,0.0
HOSP-3755,The Johns Hopkins Hospital,infectious disease or internal medicine,,1,19.0,90.0,15.0,800.0,0.0
HOSP-3755,The Johns Hopkins Hospital,neurology,2022-08-15,1,59.0,60.0,5.0,1220.0,1.0
HOSP-3756,The Johns Hopkins Hospital,allergy and immunology,,1,89.0,105.0,9.0,970.0,0.0
HOSP-3756,The Johns Hopkins Hospital,pulmonology or infectious disease,2023-10-14,1,56.0,90.0,12.0,920.0,0.0
HOSP-3756,The Johns Hopkins Hospital,urology or nephrology,2022-08-14,1,10.0,45.0,23.0,980.0,1.0
HOSP-3757,The Johns Hopkins Hospital,infectious disease or internal medicine,2021-06-19,1,18.0,30.0,15.0,550.0,0.0
HOSP-3757,The Johns Hopkins Hospital,neurology,,1,2.0,45.0,2.0,1410.0,0.0
HOSP-3758,The Johns Hopkins Hospital,oncology,2021-08-18,1,42.0,90.0,5.0,1320.0,0.0
HOSP-3759,The Johns Hopkins Hospital,neurology,2022-09-18,1,40.0,15.0,5.0,1050.0,0.0
HOSP-3759,The Johns Hopkins Hospital,psychiatry,2020-12-20,1,81.0,60.0,24.0,1230.0,0.0
HOSP-3761,The Johns Hopkins Hospital,neurology,2021-11-28,1,57.0,105.0,26.0,180.0,1.0
HOSP-3761,The Johns Hopkins Hospital,neurology,,1,51.0,90.0,18.0,1120.0,0.0
HOSP-3762,The Johns Hopkins Hospital,cardiology,2022-06-30,1,91.0,120.0,5.0,1000.0,0.0
HOSP-3762,The Johns Hopkins Hospital,neurology,,1,43.0,30.0,4.0,660.0,0.0
HOSP-3762,The Johns Hopkins Hospital,psychiatry,2021-01-21,1,59.0,60.0,5.0,880.0,1.0
HOSP-3762,The Johns Hopkins Hospital,rheumatology,2022-05-28,1,13.0,30.0,13.0,520.0,1.0
HOSP-3763,The Johns Hopkins Hospital,gastroenterology,2020-08-16,1,73.0,90.0,25.0,380.0,1.0
HOSP-3764,The Johns Hopkins Hospital,cardiology or internal medicine,2022-07-24,1,72.0,105.0,5.0,1440.0,0.0
HOSP-3765,The Johns Hopkins Hospital,gastroenterology,,1,24.0,60.0,18.0,1550.0,0.0
HOSP-3765,The Johns Hopkins Hospital,neurology,2020-12-15,1,13.0,120.0,9.0,800.0,1.0
HOSP-3767,The Johns Hopkins Hospital,cardiology,,1,90.0,60.0,11.0,1480.0,1.0
HOSP-3768,The Johns Hopkins Hospital,hepatology,,1,93.0,75.0,27.0,1560.0,0.0
HOSP-3770,The Johns Hopkins Hospital,infectious disease or internal medicine,2023-10-28,1,36.0,60.0,18.0,1010.0,0.0
HOSP-3770,The Johns Hopkins Hospital,neurology,2023-03-24,1,42.0,75.0,3.0,130.0,1.0
HOSP-3772,The Johns Hopkins Hospital,infectious disease or internal medicine,,1,37.0,45.0,21.0,1590.0,1.0
HOSP-3773,The Johns Hopkins Hospital,neurology,2022-06-28,1,19.0,120.0,20.0,1200.0,0.0
HOSP-3774,The Johns Hopkins Hospital,gastroenterology,2022-03-17,1,10.0,90.0,17.0,530.0,1.0
HOSP-3774,The Johns Hopkins Hospital,infectious disease,2021-02-18,1,74.0,105.0,27.0,1530.0,0.0
HOSP-3774,The Johns Hopkins Hospital,neurology,2020-11-19,1,58.0,105.0,4.0,390.0,0.0
HOSP-3776,The Johns Hopkins Hospital,infectious disease or internal medicine,2022-11-20,1,8.0,60.0,17.0,320.0,0.0
HOSP-3776,The Johns Hopkins Hospital,neurology,,1,95.0,60.0,3.0,1250.0,0.0
HOSP-3776,The Johns Hopkins Hospital,rheumatology,,1,78.0,120.0,2.0,880.0,1.0
HOSP-3778,The Johns Hopkins Hospital,pulmonology,,1,8.0,45.0,28.0,910.0,1.0
HOSP-3780,The Johns Hopkins Hospital,infectious disease,,1,13.0,90.0,4.0,610.0,1.0
HOSP-3780,The Johns Hopkins Hospital,pulmonology,2023-01-26,1,39.0,90.0,3.0,1160.0,0.0
HOSP-3781,The Johns Hopkins Hospital,psychiatry,,1,36.0,105.0,21.0,810.0,1.0
HOSP-3781,The Johns Hopkins Hospital,pulmonology,,1,12.0,90.0,21.0,100.0,0.0
HOSP-3782,The Johns Hopkins Hospital,cardiology or internal medicine,2022-08-24,1,8.0,90.0,16.0,1060.0,0.0
HOSP-3783,The Johns Hopkins Hospital,hepatology or gastroenterology,2021-04-28,1,12.0,120.0,27.0,810.0,0.0
HOSP-3786,The Johns Hopkins Hospital,neurology,,1,27.0,120.0,30.0,1150.0,0.0
HOSP-3789,The Johns Hopkins Hospital,hepatology or gastroenterology,,1,57.0,60.0,5.0,1600.0,0.0
HOSP-3790,The Johns Hopkins Hospital,infectious disease,,1,90.0,75.0,2.0,620.0,0.0
HOSP-3790,The Johns Hopkins Hospital,infectious disease or internal medicine,2022-08-23,1,42.0,60.0,8.0,720.0,1.0
HOSP-3790,The Johns Hopkins Hospital,psychiatry,,1,76.0,15.0,12.0,760.0,0.0
HOSP-3791,The Johns Hopkins Hospital,neurology,,1,72.0,45.0,8.0,1450.0,0.0
HOSP-3792,The Johns Hopkins Hospital,cardiology,,1,51.0,120.0,20.0,220.0,1.0
HOSP-3793,The Johns Hopkins Hospital,allergy and immunology,2023-07-31,1,24.0,120.0,7.0,360.0,1.0
HOSP-3793,The Johns Hopkins Hospital,allergy and immunology,,1,21.0,120.0,14.0,1020.0,1.0
HOSP-3793,The Johns Hopkins Hospital,oncology,,1,95.0,120.0,6.0,1310.0,0.0
HOSP-3794,The Johns Hopkins Hospital,neurology,,1,2.0,120.0,9.0,160.0,1.0
HOSP-3795,The Johns Hopkins Hospital,infectious disease or internal medicine,2024-04-22,1,17.0,90.0,2.0,230.0,0.0
HOSP-3796,The Johns Hopkins Hospital,gastroenterology,,1,35.0,120.0,24.0,1300.0,1.0
HOSP-3798,The Johns Hopkins Hospital,gastroenterology,2022-01-22,1,66.0,45.0,29.0,620.0,0.0
HOSP-3798,The Johns Hopkins Hospital,neurology,,1,47.0,45.0,24.0,940.0,0.0
HOSP-3799,The Johns Hopkins Hospital,nephrology,2023-05-20,1,79.0,45.0,3.0,450.0,0.0
HOSP-3800,The Johns Hopkins Hospital,psychiatry,2020-09-22,1,83.0,90.0,4.0,1060.0,0.0
HOSP-3801,The Johns Hopkins Hospital,infectious disease or internal medicine,,1,22.0,60.0,18.0,930.0,0.0
HOSP-3802,The Johns Hopkins Hospital,endocrinology,,1,3.0,30.0,4.0,820.0,0.0
HOSP-3802,The Johns Hopkins Hospital,neurology,2024-06-28,1,70.0,15.0,15.0,1310.0,1.0
HOSP-3803,The Johns Hopkins Hospital,hepatology or gastroenterology,2023-04-13,1,87.0,60.0,16.0,1160.0,1.0
HOSP-3804,The Johns Hopkins Hospital,infectious disease,2024-01-31,1,23.0,120.0,21.0,1400.0,1.0
HOSP-3805,The Johns Hopkins Hospital,cardiology,,1,37.0,45.0,21.0,560.0,0.0
HOSP-3805,The Johns Hopkins Hospital,neurology,2022-06-29,1,5.0,90.0,12.0,1350.0,1.0
HOSP-3808,The Johns Hopkins Hospital,allergy and immunology,2022-08-30,1,88.0,105.0,11.0,950.0,1.0
HOSP-3808,The Johns Hopkins Hospital,allergy and immunology,2022-09-16,1,40.0,120.0,20.0,580.0,1.0
HOSP-3812,The Johns Hopkins Hospital,psychiatry,2023-10-26,1,72.0,120.0,27.0,230.0,0.0
HOSP-3813,The Johns Hopkins Hospital,gastroenterology,2022-07-31,1,29.0,45.0,4.0,300.0,0.0
HOSP-3814,The Johns Hopkins Hospital,dermatology,,1,5.0,90.0,18.0,1100.0,0.0
HOSP-3814,The Johns Hopkins Hospital,gastroenterology,2021-04-15,1,93.0,45.0,6.0,1540.0,0.0
HOSP-3814,The Johns Hopkins Hospital,gastroenterology,2021-09-18,1,23.0,120.0,1.0,750.0,0.0
HOSP-3815,The Johns Hopkins Hospital,hepatology or gastroenterology,2024-05-21,1,54.0,120.0,10.0,650.0,0.0
HOSP-3815,The Johns Hopkins Hospital,rheumatology,,1,40.0,75.0,19.0,1160.0,0.0
HOSP-3818,The Johns Hopkins Hospital,allergy and immunology,2021-02-27,1,1.0,60.0,23.0,410.0,0.0
HOSP-3819,The Johns Hopkins Hospital,psychiatry,,1,62.0,15.0,12.0,190.0,1.0
HOSP-3822,The Johns Hopkins Hospital,hepatology,,1,59.0,90.0,18.0,220.0,0.0
HOSP-3829,The Johns Hopkins Hospital,nephrology,2021-10-25,1,86.0,120.0,10.0,1020.0,1.0
HOSP-3832,The Johns Hopkins Hospital,rheumatology,,1,80.0,60.0,8.0,410.0,0.0
HOSP-3834,The Johns Hopkins Hospital,gastroenterology,2021-06-21,1,53.0,120.0,23.0,890.0,0.0
HOSP-3837,The Johns Hopkins Hospital,dermatology,2021-08-26,1,75.0,30.0,29.0,310.0,1.0
HOSP-3837,The Johns Hopkins Hospital,urology or nephrology,2024-04-23,1,38.0,90.0,7.0,1390.0,1.0
HOSP-3838,The Johns Hopkins Hospital,allergy and immunology,,1,57.0,90.0,1.0,260.0,0.0
HOSP-3838,The Johns Hopkins Hospital,neurology,2024-02-27,1,67.0,60.0,30.0,480.0,1.0
HOSP-3838,The Johns Hopkins Hospital,pulmonology or allergy and immunology,2020-11-25,1,19.0,105.0,13.0,970.0,1.0
HOSP-3839,The Johns Hopkins Hospital,gastroenterology,2020-11-16,1,78.0,15.0,11.0,120.0,1.0
HOSP-3839,The Johns Hopkins Hospital,gastroenterology,2021-06-24,1,89.0,120.0,11.0,1530.0,0.0
HOSP-3839,The Johns Hopkins Hospital,neurology,2021-07-19,1,40.0,45.0,18.0,100.0,1.0
HOSP-3840,The Johns Hopkins Hospital,neurology,,1,49.0,120.0,21.0,330.0,0.0
HOSP-3840,The Johns Hopkins Hospital,oncology,,1,80.0,120.0,15.0,170.0,0.0
HOSP-3842,The Johns Hopkins Hospital,cardiology or internal medicine,2023-01-15,1,91.0,15.0,3.0,950.0,1.0
HOSP-3842,The Johns Hopkins Hospital,hepatology or gastroenterology,2020-11-14,1,86.0,90.0,26.0,950.0,1.0
HOSP-3843,The Johns Hopkins Hospital,oncology,,1,90.0,90.0,23.0,860.0,1.0
HOSP-3844,The Johns Hopkins Hospital,gastroenterology,2024-02-26,1,78.0,105.0,8.0,1380.0,1.0
HOSP-3845,The Johns Hopkins Hospital,rheumatology,,1,2.0,60.0,4.0,190.0,1.0
HOSP-3846,The Johns Hopkins Hospital,allergy and immunology,,1,9.0,30.0,21.0,680.0,0.0
HOSP-3846,The Johns Hopkins Hospital,pulmonology or infectious disease,2024-01-23,1,8.0,75.0,1.0,190.0,1.0
HOSP-3847,The Johns Hopkins Hospital,allergy and immunology,,1,16.0,60.0,6.0,470.0,1.0
HOSP-3847,The Johns Hopkins Hospital,urology or nephrology,,1,28.0,15.0,3.0,1380.0,1.0
HOSP-3848,The Johns Hopkins Hospital,nephrology,,1,47.0,75.0,7.0,700.0,0.0
HOSP-3848,The Johns Hopkins Hospital,rheumatology,2022-03-18,1,89.0,60.0,3.0,450.0,0.0
HOSP-3849,The Johns Hopkins Hospital,gastroenterology,2020-12-13,1,61.0,30.0,17.0,350.0,0.0
HOSP-3849,The Johns Hopkins Hospital,rheumatology,2021-02-17,1,58.0,15.0,28.0,1480.0,0.0
HOSP-3850,The Johns Hopkins Hospital,hepatology or gastroenterology,2021-09-25,1,85.0,105.0,7.0,370.0,0.0
HOSP-3850,The Johns Hopkins Hospital,urology or nephrology,,1,54.0,105.0,9.0,1280.0,0.0
HOSP-3851,The Johns Hopkins Hospital,gastroenterology,2022-04-29,1,84.0,75.0,6.0,1120.0,1.0
HOSP-3852,The Johns Hopkins Hospital,pulmonology or infectious disease,2024-02-23,1,88.0,30.0,22.0,1360.0,0.0
HOSP-3853,The Johns Hopkins Hospital,nephrology,,1,32.0,15.0,11.0,870.0,1.0
HOSP-3854,The Johns Hopkins Hospital,infectious disease or internal medicine,2024-04-17,1,69.0,15.0,13.0,1410.0,0.0
HOSP-3855,The Johns Hopkins Hospital,pulmonology or infectious disease,2022-12-28,1,72.0,105.0,3.0,1590.0,0.0
HOSP-3858,The Johns Hopkins Hospital,psychiatry,,1,20.0,105.0,24.0,720.0,1.0
HOSP-3859,The Johns Hopkins Hospital,hepatology,2023-06-14,1,69.0,90.0,18.0,760.0,0.0
HOSP-3861,The Johns Hopkins Hospital,endocrinology,2020-08-14,1,65.0,120.0,19.0,260.0,1.0
HOSP-3861,The Johns Hopkins Hospital,neurology,2020-11-27,1,50.0,75.0,27.0,1450.0,0.0
HOSP-3861,The Johns Hopkins Hospital,neurology,,1,34.0,30.0,18.0,480.0,1.0
HOSP-3862,The Johns Hopkins Hospital,nephrology,2024-06-27,1,73.0,75.0,2.0,1500.0,0.0
HOSP-3863,The Johns Hopkins Hospital,hepatology,2024-01-19,1,84.0,120.0,28.0,100.0,1.0
HOSP-3863,The Johns Hopkins Hospital,neurology,2024-04-13,1,51.0,75.0,2.0,1210.0,0.0
HOSP-3863,The Johns Hopkins Hospital,psychiatry,2022-04-17,1,64.0,60.0,27.0,280.0,0.0
HOSP-3864,The Johns Hopkins Hospital,cardiology,,1,47.0,60.0,12.0,360.0,1.0
HOSP-3864,The Johns Hopkins Hospital,neurology,2021-06-22,1,76.0,75.0,2.0,280.0,0.0
HOSP-3866,The Johns Hopkins Hospital,infectious disease or internal medicine,,1,37.0,90.0,16.0,1430.0,0.0
HOSP-3867,The Johns Hopkins Hospital,infectious disease or internal medicine,,1,44.0,30.0,10.0,310.0,1.0
HOSP-3870,The Johns Hopkins Hospital,gastroenterology,,1,77.0,75.0,5.0,650.0,1.0
HOSP-3871,The Johns Hopkins Hospital,neurology,2023-07-19,1,17.0,60.0,24.0,820.0,1.0
HOSP-3872,The Johns Hopkins Hospital,rheumatology,,1,13.0,75.0,16.0,1120.0,1.0
HOSP-3873,The Johns Hopkins Hospital,dermatology,,1,90.0,120.0,30.0,1250.0,0.0
HOSP-3874,The Johns Hopkins Hospital,neurology,2021-09-13,1,22.0,105.0,11.0,200.0,0.0
HOSP-3875,The Johns Hopkins Hospital,allergy and immunology,,1,45.0,120.0,23.0,220.0,0.0
HOSP-3876,The Johns Hopkins Hospital,gastroenterology,,1,48.0,15.0,1.0,890.0,1.0
HOSP-3877,The Johns Hopkins Hospital,urology or nephrology,,1,83.0,90.0,9.0,280.0,0.0
HOSP-3878,The Johns Hopkins Hospital,neurology,,1,82.0,30.0,19.0,430.0,1.0
HOSP-3879,The Johns Hopkins Hospital,neurology,,1,77.0,90.0,6.0,190.0,0.0
HOSP-3882,The Johns Hopkins Hospital,gastroenterology,2022-12-31,1,20.0,120.0,3.0,590.0,0.0
HOSP-3882,The Johns Hopkins Hospital,nephrology,,1,66.0,60.0,19.0,1060.0,0.0
HOSP-3883,The Johns Hopkins Hospital,nephrology,,1,85.0,60.0,29.0,1240.0,1.0
HOSP-3883,The Johns Hopkins Hospital,neurology,2021-08-15,1,89.0,75.0,3.0,1530.0,0.0
HOSP-3884,The Johns Hopkins Hospital,endocrinology,2022-01-15,1,45.0,120.0,15.0,830.0,0.0
HOSP-3884,The Johns Hopkins Hospital,pulmonology or infectious disease,2024-04-23,1,45.0,30.0,1.0,410.0,1.0
HOSP-3885,The Johns Hopkins Hospital,dermatology,2022-10-18,1,51.0,120.0,12.0,490.0,0.0
HOSP-3886,The Johns Hopkins Hospital,psychiatry,2020-12-14,1,55.0,60.0,11.0,1600.0,0.0
HOSP-3887,The Johns Hopkins Hospital,hepatology or gastroenterology,,1,26.0,60.0,8.0,970.0,1.0
HOSP-3889,The Johns Hopkins Hospital,gastroenterology,2022-09-30,1,36.0,90.0,20.0,930.0,0.0
HOSP-3889,The Johns Hopkins Hospital,urology or nephrology,2023-03-27,1,24.0,90.0,8.0,1590.0,1.0
HOSP-3890,The Johns Hopkins Hospital,cardiology or internal medicine,,1,70.0,60.0,11.0,610.0,0.0
HOSP-3890,The Johns Hopkins Hospital,pulmonology or infectious disease,,1,72.0,90.0,16.0,220.0,0.0
HOSP-3891,The Johns Hopkins Hospital,dermatology,2023-11-25,1,90.0,75.0,2.0,710.0,1.0
HOSP-3892,The Johns Hopkins Hospital,cardiology,2022-10-16,1,42.0,15.0,16.0,590.0,0.0
HOSP-3893,The Johns Hopkins Hospital,endocrinology,2022-12-23,1,38.0,45.0,2.0,320.0,0.0
HOSP-3893,The Johns Hopkins Hospital,gastroenterology,2023-08-24,1,50.0,75.0,5.0,440.0,0.0
HOSP-3893,The Johns Hopkins Hospital,hepatology,2020-09-17,1,58.0,15.0,29.0,990.0,1.0
HOSP-3893,The Johns Hopkins Hospital,hepatology or gastroenterology,2021-10-22,1,25.0,90.0,27.0,1210.0,0.0
HOSP-3893,The Johns Hopkins Hospital,infectious disease or internal medicine,2023-01-16,1,10.0,60.0,1.0,360.0,1.0
HOSP-3893,The Johns Hopkins Hospital,rheumatology,,1,93.0,75.0,26.0,1210.0,1.0
HOSP-3894,The Johns Hopkins Hospital,psychiatry,,1,41.0,105.0,21.0,780.0,1.0
HOSP-3895,The Johns Hopkins Hospital,psychiatry,2022-02-20,1,29.0,105.0,2.0,680.0,0.0
HOSP-3896,The Johns Hopkins Hospital,gastroenterology,,1,35.0,90.0,11.0,380.0,1.0
HOSP-3896,The Johns Hopkins Hospital,oncology,,1,14.0,15.0,12.0,360.0,0.0
HOSP-3897,The Johns Hopkins Hospital,endocrinology,2022-07-24,1,14.0,75.0,6.0,1350.0,1.0
HOSP-3898,The Johns Hopkins Hospital,allergy and immunology,,1,87.0,120.0,8.0,830.0,0.0
HOSP-3899,The Johns Hopkins Hospital,neurology,,1,33.0,120.0,29.0,920.0,0.0
HOSP-3899,The Johns Hopkins Hospital,urology or nephrology,2024-02-17,1,73.0,30.0,24.0,650.0,0.0
HOSP-3900,The Johns Hopkins Hospital,pulmonology,2024-04-20,1,6.0,45.0,21.0,380.0,0.0
HOSP-3901,The Johns Hopkins Hospital,psychiatry,2022-05-14,1,26.0,15.0,21.0,680.0,0.0
HOSP-3902,The Johns Hopkins Hospital,gastroenterology,2020-12-21,1,93.0,60.0,27.0,1470.0,1.0
HOSP-3902,The Johns Hopkins Hospital,hepatology or gastroenterology,2020-12-27,1,94.0,105.0,3.0,1580.0,0.0
HOSP-3902,The Johns Hopkins Hospital,pulmonology,,1,12.0,105.0,3.0,840.0,0.0
HOSP-3903,The Johns Hopkins Hospital,pulmonology or allergy and immunology,2024-02-20,1,57.0,75.0,17.0,550.0,1.0
HOSP-3904,The Johns Hopkins Hospital,infectious disease,2022-05-16,1,2.0,105.0,12.0,240.0,0.0
HOSP-3906,The Johns Hopkins Hospital,pulmonology or infectious disease,2021-10-30,1,95.0,15.0,17.0,1560.0,1.0
HOSP-3907,The Johns Hopkins Hospital,allergy and immunology,2021-07-30,1,5.0,90.0,22.0,1320.0,0.0
HOSP-3910,The Johns Hopkins Hospital,endocrinology,2023-04-20,1,21.0,90.0,5.0,1120.0,1.0
HOSP-3910,The Johns Hopkins Hospital,neurology,2023-09-14,1,54.0,60.0,16.0,1440.0,0.0
HOSP-3913,The Johns Hopkins Hospital,cardiology,,1,10.0,45.0,25.0,1030.0,0.0
HOSP-3914,The Johns Hopkins Hospital,neurology,2020-09-29,1,17.0,30.0,24.0,870.0,1.0
HOSP-3914,The Johns Hopkins Hospital,neurology,,1,60.0,30.0,6.0,990.0,1.0
HOSP-3919,The Johns Hopkins Hospital,neurology,2024-04-21,1,88.0,90.0,13.0,740.0,1.0
HOSP-3922,The Johns Hopkins Hospital,gastroenterology,2022-12-20,1,13.0,75.0,19.0,550.0,0.0
HOSP-3922,The Johns Hopkins Hospital,oncology,,1,2.0,30.0,15.0,340.0,0.0
HOSP-3924,The Johns Hopkins Hospital,hepatology or gastroenterology,,1,53.0,120.0,4.0,900.0,0.0
HOSP-3925,The Johns Hopkins Hospital,infectious disease,,1,89.0,45.0,4.0,1190.0,0.0
HOSP-3926,The Johns Hopkins Hospital,gastroenterology,2021-03-16,1,12.0,105.0,1.0,1470.0,1.0
HOSP-3927,The Johns Hopkins Hospital,pulmonology,2022-08-15,1,57.0,30.0,23.0,1560.0,0.0
HOSP-3928,The Johns Hopkins Hospital,cardiology or internal medicine,2020-11-30,1,54.0,60.0,16.0,1210.0,1.0
HOSP-3929,The Johns Hopkins Hospital,urology or nephrology,2024-04-22,1,58.0,105.0,26.0,440.0,1.0
HOSP-3930,The Johns Hopkins Hospital,hepatology,2024-03-29,1,62.0,45.0,22.0,980.0,1.0
HOSP-3930,The Johns Hopkins Hospital,pulmonology or allergy and immunology,2023-07-16,1,38.0,45.0,22.0,560.0,0.0
HOSP-3931,The Johns Hopkins Hospital,infectious disease or internal medicine,2024-06-28,1,35.0,120.0,17.0,1040.0,0.0
HOSP-3932,The Johns Hopkins Hospital,infectious disease or internal medicine,2022-07-26,1,46.0,60.0,25.0,1530.0,1.0
HOSP-3933,The Johns Hopkins Hospital,neurology,2024-03-20,1,61.0,30.0,10.0,1240.0,0.0
HOSP-3933,The Johns Hopkins Hospital,neurology,,1,9.0,45.0,4.0,640.0,0.0
HOSP-3933,The Johns Hopkins Hospital,oncology,,1,49.0,120.0,20.0,1130.0,1.0
HOSP-3934,The Johns Hopkins Hospital,endocrinology,2022-02-28,1,5.0,120.0,14.0,1320.0,1.0
HOSP-3934,The Johns Hopkins Hospital,endocrinology,2023-09-18,1,30.0,120.0,19.0,480.0,0.0
HOSP-3936,The Johns Hopkins Hospital,psychiatry,2024-03-20,1,43.0,30.0,3.0,1470.0,0.0
HOSP-3939,The Johns Hopkins Hospital,infectious disease,2021-07-31,1,68.0,75.0,26.0,1150.0,0.0
HOSP-3940,The Johns Hopkins Hospital,infectious disease or internal medicine,,2,18.0,97.5,14.0,1495.0,1.0
HOSP-3942,The Johns Hopkins Hospital,neurology,2023-09-25,1,40.0,90.0,23.0,960.0,1.0
HOSP-3942,The Johns Hopkins Hospital,psychiatry,,1,31.0,120.0,17.0,990.0,1.0
HOSP-3942,The Johns Hopkins Hospital,rheumatology,,1,12.0,105.0,16.0,820.0,0.0
HOSP-3943,The Johns Hopkins Hospital,cardiology or internal medicine,,1,14.0,15.0,5.0,550.0,0.0
HOSP-3943,The Johns Hopkins Hospital,infectious disease,2023-12-25,1,1.0,105.0,27.0,600.0,1.0
HOSP-3944,The Johns Hopkins Hospital,hepatology or gastroenterology,,1,91.0,105.0,27.0,880.0,1.0
HOSP-3944,The Johns Hopkins Hospital,neurology,2023-07-13,1,3.0,60.0,2.0,910.0,1.0
HOSP-3945,The Johns Hopkins Hospital,neurology,2021-07-28,1,53.0,15.0,21.0,290.0,0.0
HOSP-3946,The Johns Hopkins Hospital,urology or nephrology,2024-01-30,1,48.0,120.0,6.0,490.0,1.0
HOSP-3947,The Johns Hopkins Hospital,pulmonology or infectious disease,2024-02-14,1,6.0,75.0,21.0,280.0,0.0
HOSP-3948,The Johns Hopkins Hospital,gastroenterology,2020-10-29,1,1.0,30.0,1.0,1310.0,0.0
HOSP-3953,The Johns Hopkins Hospital,gastroenterology,,1,0.0,60.0,22.0,1180.0,0.0
HOSP-3953,The Johns Hopkins Hospital,rheumatology,2023-05-27,1,85.0,90.0,29.0,960.0,1.0
HOSP-3955,The Johns Hopkins Hospital,endocrinology,2021-07-20,1,24.0,45.0,8.0,500.0,1.0
HOSP-3955,The Johns Hopkins Hospital,hepatology or gastroenterology,2023-12-23,1,61.0,105.0,26.0,530.0,0.0
HOSP-3955,The Johns Hopkins Hospital,oncology,,1,62.0,75.0,11.0,730.0,1.0
HOSP-3955,The Johns Hopkins Hospital,psychiatry,,1,81.0,45.0,30.0,1370.0,1.0
HOSP-3955,The Johns Hopkins Hospital,pulmonology or allergy and immunology,2023-06-23,1,39.0,30.0,16.0,1590.0,0.0
HOSP-3956,The Johns Hopkins Hospital,gastroenterology,2021-02-21,1,57.0,45.0,11.0,1350.0,1.0
HOSP-3956,The Johns Hopkins Hospital,oncology,,1,11.0,15.0,20.0,320.0,1.0
HOSP-3957,The Johns Hopkins Hospital,rheumatology,2020-08-26,1,37.0,90.0,29.0,1380.0,1.0
HOSP-3958,The Johns Hopkins Hospital,hepatology or gastroenterology,2022-12-28,1,2.0,120.0,9.0,1350.0,1.0
HOSP-3958,The Johns Hopkins Hospital,oncology,2023-01-26,1,47.0,75.0,13.0,120.0,0.0
HOSP-3960,The Johns Hopkins Hospital,neurology,2021-01-17,1,38.0,60.0,15.0,500.0,0.0
HOSP-3963,The Johns Hopkins Hospital,gastroenterology,,1,77.0,30.0,23.0,990.0,0.0
HOSP-3964,The Johns Hopkins Hospital,gastroenterology,,1,47.0,105.0,10.0,110.0,0.0
HOSP-3964,The Johns Hopkins Hospital,psychiatry,2022-04-23,1,58.0,15.0,12.0,790.0,1.0
HOSP-3964,The Johns Hopkins Hospital,pulmonology or infectious disease,,1,30.0,105.0,20.0,1120.0,1.0
HOSP-3966,The Johns Hopkins Hospital,hepatology or gastroenterology,,2,8.0,37.5,14.5,1325.0,2.0
HOSP-3966,The Johns Hopkins Hospital,oncology,,1,47.0,90.0,7.0,1310.0,0.0
HOSP-3966,The Johns Hopkins Hospital,pulmonology or allergy and immunology,2023-02-22,1,85.0,60.0,16.0,790.0,1.0
HOSP-3968,The Johns Hopkins Hospital,dermatology,,1,42.0,75.0,10.0,1120.0,1.0
HOSP-3968,The Johns Hopkins Hospital,neurology,2024-03-17,1,22.0,120.0,10.0,290.0,1.0
HOSP-3968,The Johns Hopkins Hospital,rheumatology,,1,15.0,45.0,24.0,1410.0,0.0
HOSP-3969,The Johns Hopkins Hospital,oncology,,1,10.0,120.0,13.0,550.0,0.0
HOSP-3971,The Johns Hopkins Hospital,gastroenterology,2023-01-16,1,26.0,60.0,30.0,440.0,0.0
HOSP-3973,The Johns Hopkins Hospital,hepatology or gastroenterology,,1,19.0,105.0,11.0,180.0,1.0
HOSP-3974,The Johns Hopkins Hospital,dermatology,2022-03-23,1,58.0,15.0,13.0,790.0,0.0
HOSP-3974,The Johns Hopkins Hospital,neurology,2021-10-13,1,23.0,45.0,13.0,1120.0,1.0
HOSP-3976,The Johns Hopkins Hospital,cardiology or internal medicine,2024-06-15,1,92.0,75.0,10.0,1360.0,0.0
HOSP-3976,The Johns Hopkins Hospital,neurology,2023-05-21,1,79.0,30.0,11.0,1140.0,0.0
HOSP-3979,The Johns Hopkins Hospital,neurology,2020-10-23,1,66.0,90.0,13.0,260.0,0.0
HOSP-3980,The Johns Hopkins Hospital,neurology,2023-09-19,1,95.0,75.0,5.0,400.0,0.0
HOSP-3982,The Johns Hopkins Hospital,urology or nephrology,2021-04-19,1,73.0,45.0,7.0,1260.0,1.0
HOSP-3984,The Johns Hopkins Hospital,infectious disease or internal medicine,,1,34.0,105.0,5.0,150.0,1.0
HOSP-3984,The Johns Hopkins Hospital,nephrology,2021-05-13,1,18.0,75.0,25.0,1600.0,0.0
HOSP-3985,The Johns Hopkins Hospital,rheumatology,,1,50.0,60.0,1.0,640.0,0.0
HOSP-3986,The Johns Hopkins Hospital,infectious disease or internal medicine,2021-10-16,1,72.0,90.0,16.0,810.0,0.0
HOSP-3988,The Johns Hopkins Hospital,cardiology or internal medicine,,1,86.0,15.0,23.0,1360.0,1.0
HOSP-3989,The Johns Hopkins Hospital,hepatology or gastroenterology,,1,54.0,15.0,17.0,1240.0,0.0
HOSP-3989,The Johns Hopkins Hospital,pulmonology or allergy and immunology,,1,92.0,15.0,5.0,1350.0,0.0
HOSP-3990,The Johns Hopkins Hospital,dermatology,,1,21.0,60.0,12.0,660.0,1.0
HOSP-3992,The Johns Hopkins Hospital,psychiatry,2020-11-29,1,46.0,105.0,7.0,1380.0,0.0
HOSP-3994,The Johns Hopkins Hospital,gastroenterology,2024-04-17,1,26.0,120.0,9.0,620.0,0.0
HOSP-3995,The Johns Hopkins Hospital,cardiology,,1,46.0,105.0,12.0,1290.0,0.0
HOSP-3996,The Johns Hopkins Hospital,oncology,2024-01-29,1,39.0,120.0,25.0,680.0,0.0
HOSP-3997,The Johns Hopkins Hospital,urology or nephrology,2024-05-25,1,57.0,105.0,30.0,1160.0,0.0
HOSP-4000,The Johns Hopkins Hospital,psychiatry,2021-04-26,1,29.0,90.0,30.0,1190.0,1.0
HOSP-4001,The Johns Hopkins Hospital,dermatology,,1,0.0,105.0,30.0,510.0,1.0
HOSP-4001,The Johns Hopkins Hospital,psychiatry,2020-07-26,1,83.0,30.0,29.0,630.0,0.0
HOSP-4002,The Johns Hopkins Hospital,pulmonology,,1,40.0,105.0,22.0,1160.0,1.0
HOSP-4002,The Johns Hopkins Hospital,urology or nephrology,,1,72.0,30.0,2.0,820.0,1.0
HOSP-4003,The Johns Hopkins Hospital,psychiatry,2021-08-16,1,71.0,60.0,16.0,1060.0,0.0
HOSP-4004,The Johns Hopkins Hospital,gastroenterology,2020-11-18,1,38.0,15.0,6.0,930.0,1.0
HOSP-4004,The Johns Hopkins Hospital,hepatology,,1,2.0,120.0,17.0,390.0,0.0
HOSP-4004,The Johns Hopkins Hospital,neurology,,1,11.0,60.0,12.0,280.0,1.0
HOSP-4006,The Johns Hopkins Hospital,gastroenterology,,1,57.0,90.0,20.0,450.0,1.0
HOSP-4007,The Johns Hopkins Hospital,allergy and immunology,2021-12-24,1,21.0,105.0,27.0,200.0,0.0
HOSP-4007,The Johns Hopkins Hospital,cardiology or internal medicine,,1,7.0,45.0,9.0,620.0,0.0
HOSP-4008,The Johns Hopkins Hospital,hepatology,2023-07-27,1,47.0,15.0,23.0,1440.0,1.0
HOSP-4008,The Johns Hopkins Hospital,oncology,,1,18.0,45.0,23.0,600.0,0.0
HOSP-4009,The Johns Hopkins Hospital,gastroenterology,,1,18.0,120.0,9.0,1580.0,0.0
HOSP-4011,The Johns Hopkins Hospital,infectious disease,,1,14.0,105.0,12.0,280.0,1.0
HOSP-4013,The Johns Hopkins Hospital,gastroenterology,2020-10-22,1,65.0,90.0,12.0,1400.0,1.0
HOSP-4013,The Johns Hopkins Hospital,gastroenterology,,1,34.0,15.0,8.0,950.0,1.0
HOSP-4013,The Johns Hopkins Hospital,hepatology,2020-07-28,1,44.0,120.0,14.0,1510.0,1.0
HOSP-4013,The Johns Hopkins Hospital,infectious disease,2020-08-14,1,32.0,15.0,16.0,1040.0,0.0
HOSP-4013,The Johns Hopkins Hospital,pulmonology,,1,33.0,45.0,27.0,1260.0,0.0
HOSP-4015,The Johns Hopkins Hospital,endocrinology,,1,32.0,120.0,4.0,1310.0,0.0
HOSP-4016,The Johns Hopkins Hospital,infectious disease,,1,36.0,105.0,1.0,1580.0,0.0
HOSP-4016,The Johns Hopkins Hospital,psychiatry,2021-03-22,1,46.0,60.0,11.0,410.0,0.0
HOSP-4017,The Johns Hopkins Hospital,endocrinology,2020-10-20,1,71.0,60.0,28.0,1310.0,1.0
HOSP-4018,The Johns Hopkins Hospital,dermatology,2022-05-31,1,64.0,120.0,9.0,240.0,0.0
HOSP-4018,The Johns Hopkins Hospital,neurology,,1,18.0,15.0,22.0,270.0,1.0
HOSP-4018,The Johns Hopkins Hospital,psychiatry,2022-05-18,1,59.0,105.0,21.0,1120.0,0.0
HOSP-4020,The Johns Hopkins Hospital,neurology,2021-10-16,1,93.0,60.0,27.0,1320.0,0.0
HOSP-4020,The Johns Hopkins Hospital,urology or nephrology,2022-03-23,1,85.0,30.0,28.0,1550.0,1.0
HOSP-4021,The Johns Hopkins Hospital,infectious disease or internal medicine,2023-07-30,1,51.0,30.0,12.0,960.0,1.0
HOSP-4022,The Johns Hopkins Hospital,endocrinology,2024-03-27,1,80.0,120.0,30.0,1590.0,1.0
HOSP-4022,The Johns Hopkins Hospital,gastroenterology,,1,74.0,30.0,17.0,820.0,1.0
HOSP-4022,The Johns Hopkins Hospital,neurology,,1,64.0,45.0,15.0,680.0,0.0
HOSP-4022,The Johns Hopkins Hospital,psychiatry,,1,89.0,75.0,29.0,1280.0,1.0
HOSP-4023,The Johns Hopkins Hospital,dermatology,2021-03-21,1,43.0,30.0,27.0,900.0,0.0
HOSP-4023,The Johns Hopkins Hospital,nephrology,2024-03-20,1,60.0,30.0,30.0,1450.0,0.0
HOSP-4024,The Johns Hopkins Hospital,dermatology,,1,46.0,120.0,12.0,1000.0,1.0
HOSP-4025,The Johns Hopkins Hospital,oncology,,1,42.0,105.0,15.0,720.0,1.0
HOSP-4026,The Johns Hopkins Hospital,gastroenterology,,1,10.0,90.0,6.0,200.0,1.0
HOSP-4026,The Johns Hopkins Hospital,neurology,2022-05-15,1,0.0,60.0,9.0,1460.0,0.0
HOSP-4026,The Johns Hopkins Hospital,psychiatry,,1,40.0,15.0,17.0,1320.0,0.0
HOSP-4027,The Johns Hopkins Hospital,psychiatry,2021-02-27,1,18.0,30.0,15.0,1050.0,0.0
HOSP-4030,The Johns Hopkins Hospital,rheumatology,2022-07-21,1,16.0,15.0,2.0,1170.0,1.0
HOSP-4032,The Johns Hopkins Hospital,cardiology or internal medicine,2024-01-18,1,54.0,75.0,5.0,300.0,1.0
HOSP-4034,The Johns Hopkins Hospital,infectious disease or internal medicine,2023-04-30,1,71.0,30.0,1.0,910.0,1.0
HOSP-4040,The Johns Hopkins Hospital,infectious disease,,1,47.0,15.0,1.0,350.0,0.0
HOSP-4040,The Johns Hopkins Hospital,rheumatology,,1,78.0,15.0,21.0,1550.0,0.0
HOSP-4041,The Johns Hopkins Hospital,endocrinology,2024-03-20,1,15.0,105.0,11.0,300.0,0.0
HOSP-4041,The Johns Hopkins Hospital,infectious disease or internal medicine,2023-11-26,1,58.0,75.0,16.0,690.0,0.0
HOSP-4043,The Johns Hopkins Hospital,neurology,2021-02-26,1,38.0,75.0,12.0,1540.0,0.0
HOSP-4044,The Johns Hopkins Hospital,infectious disease,2024-06-22,1,26.0,75.0,28.0,1490.0,0.0
HOSP-4044,The Johns Hopkins Hospital,urology or nephrology,,1,57.0,45.0,1.0,1350.0,1.0
HOSP-4045,The Johns Hopkins Hospital,infectious disease or internal medicine,2024-04-18,1,55.0,120.0,30.0,920.0,0.0
HOSP-4045,The Johns Hopkins Hospital,pulmonology or allergy and immunology,2022-06-13,1,82.0,30.0,19.0,1380.0,0.0
HOSP-4047,The Johns Hopkins Hospital,gastroenterology,,1,52.0,105.0,22.0,1340.0,1.0
HOSP-4047,The Johns Hopkins Hospital,neurology,2021-10-27,1,75.0,60.0,12.0,1180.0,0.0
HOSP-4048,The Johns Hopkins Hospital,cardiology,2023-05-23,1,39.0,15.0,17.0,870.0,0.0
HOSP-4048,The Johns Hopkins Hospital,pulmonology or infectious disease,2020-10-26,1,55.0,120.0,9.0,1120.0,0.0
HOSP-4049,The Johns Hopkins Hospital,infectious disease or internal medicine,,1,2.0,75.0,4.0,830.0,1.0
HOSP-4049,The Johns Hopkins Hospital,pulmonology or allergy and immunology,,1,77.0,105.0,26.0,410.0,1.0
HOSP-4049,The Johns Hopkins Hospital,pulmonology or infectious disease,,1,25.0,120.0,9.0,230.0,0.0
HOSP-4049,The Johns Hopkins Hospital,rheumatology,2023-12-31,1,26.0,120.0,8.0,540.0,0.0
HOSP-4051,The Johns Hopkins Hospital,cardiology,2024-05-17,1,46.0,60.0,9.0,1070.0,0.0
HOSP-4054,The Johns Hopkins Hospital,rheumatology,2022-09-19,1,94.0,120.0,24.0,890.0,0.0
HOSP-4057,The Johns Hopkins Hospital,neurology,2022-05-23,1,31.0,45.0,1.0,130.0,0.0
HOSP-4059,The Johns Hopkins Hospital,neurology,,1,84.0,15.0,24.0,690.0,1.0
HOSP-4059,The Johns Hopkins Hospital,pulmonology or allergy and immunology,,1,22.0,120.0,27.0,840.0,0.0
HOSP-4061,The Johns Hopkins Hospital,hepatology or gastroenterology,2021-07-26,1,17.0,30.0,1.0,690.0,0.0
HOSP-4061,The Johns Hopkins Hospital,oncology,,1,84.0,120.0,21.0,430.0,1.0
HOSP-4062,The Johns Hopkins Hospital,hepatology or gastroenterology,2020-08-18,1,20.0,120.0,11.0,970.0,1.0
HOSP-4062,The Johns Hopkins Hospital,neurology,2023-06-27,1,72.0,15.0,11.0,580.0,0.0
HOSP-4063,The Johns Hopkins Hospital,gastroenterology,2020-09-30,1,55.0,30.0,23.0,1350.0,0.0
HOSP-4063,The Johns Hopkins Hospital,infectious disease or internal medicine,,1,82.0,90.0,17.0,300.0,0.0
HOSP-4064,The Johns Hopkins Hospital,infectious disease or internal medicine,2021-10-26,1,33.0,60.0,30.0,320.0,1.0
HOSP-4064,The Johns Hopkins Hospital,neurology,,1,21.0,45.0,24.0,1350.0,0.0
HOSP-4064,The Johns Hopkins Hospital,psychiatry,2023-10-23,1,88.0,105.0,26.0,1180.0,0.0
HOSP-4065,The Johns Hopkins Hospital,cardiology,2022-05-23,1,60.0,30.0,2.0,120.0,0.0
HOSP-4065,The Johns Hopkins Hospital,endocrinology,,1,2.0,15.0,4.0,830.0,1.0
HOSP-4065,The Johns Hopkins Hospital,neurology,2022-02-18,1,94.0,60.0,13.0,660.0,1.0
HOSP-4065,The Johns Hopkins Hospital,psychiatry,2021-07-23,1,95.0,45.0,11.0,1150.0,1.0
HOSP-4067,The Johns Hopkins Hospital,neurology,,1,32.0,120.0,8.0,1540.0,0.0
HOSP-4067,The Johns Hopkins Hospital,rheumatology,,1,52.0,75.0,3.0,950.0,0.0
HOSP-4068,The Johns Hopkins Hospital,infectious disease,2023-07-29,1,27.0,15.0,18.0,540.0,1.0
HOSP-4068,The Johns Hopkins Hospital,oncology,,1,8.0,15.0,11.0,750.0,1.0
HOSP-4068,The Johns Hopkins Hospital,pulmonology,2021-09-27,1,35.0,45.0,22.0,520.0,1.0
HOSP-4068,The Johns Hopkins Hospital,rheumatology,2023-12-27,1,42.0,15.0,8.0,960.0,0.0
HOSP-4070,The Johns Hopkins Hospital,infectious disease,2021-08-27,1,36.0,45.0,24.0,220.0,1.0
HOSP-4071,The Johns Hopkins Hospital,cardiology,2022-10-27,1,26.0,120.0,2.0,1110.0,0.0
HOSP-4071,The Johns Hopkins Hospital,gastroenterology,2022-08-21,1,17.0,105.0,19.0,1550.0,1.0
HOSP-4071,The Johns Hopkins Hospital,rheumatology,,1,15.0,30.0,24.0,880.0,1.0
HOSP-4073,The Johns Hopkins Hospital,neurology,,1,48.0,120.0,15.0,1200.0,0.0
HOSP-4074,The Johns Hopkins Hospital,gastroenterology,,1,60.0,15.0,8.0,530.0,1.0
HOSP-4076,The Johns Hopkins Hospital,gastroenterology,2024-07-17,1,84.0,30.0,21.0,1070.0,1.0
HOSP-4076,The Johns Hopkins Hospital,rheumatology,,1,70.0,75.0,16.0,670.0,0.0
HOSP-4077,The Johns Hopkins Hospital,urology or nephrology,,1,3.0,75.0,12.0,1170.0,0.0
HOSP-4078,The Johns Hopkins Hospital,endocrinology,2023-03-19,1,89.0,105.0,13.0,190.0,0.0
HOSP-4078,The Johns Hopkins Hospital,psychiatry,2020-11-15,1,33.0,105.0,20.0,1280.0,0.0
HOSP-4080,The Johns Hopkins Hospital,rheumatology,2023-04-29,1,10.0,60.0,14.0,210.0,1.0
HOSP-4081,The Johns Hopkins Hospital,cardiology,2023-11-27,1,25.0,75.0,10.0,260.0,0.0
HOSP-4081,The Johns Hopkins Hospital,psychiatry,2023-12-13,1,42.0,45.0,25.0,520.0,1.0
HOSP-4083,The Johns Hopkins Hospital,endocrinology,2022-08-13,1,91.0,120.0,23.0,410.0,0.0
HOSP-4084,The Johns Hopkins Hospital,nephrology,2024-01-22,1,34.0,15.0,22.0,1000.0,1.0
HOSP-4085,The Johns Hopkins Hospital,neurology,2021-06-23,1,55.0,90.0,11.0,190.0,0.0
HOSP-4086,The Johns Hopkins Hospital,neurology,2024-02-29,1,93.0,120.0,13.0,500.0,0.0
HOSP-4088,The Johns Hopkins Hospital,endocrinology,,1,53.0,105.0,20.0,480.0,1.0
HOSP-4088,The Johns Hopkins Hospital,neurology,2024-02-15,1,10.0,45.0,13.0,430.0,1.0
HOSP-4092,The Johns Hopkins Hospital,nephrology,2022-01-29,1,46.0,120.0,16.0,790.0,1.0
HOSP-4093,The Johns Hopkins Hospital,neurology,,1,39.0,90.0,17.0,840.0,0.0
HOSP-4094,The Johns Hopkins Hospital,neurology,,1,11.0,15.0,26.0,1060.0,1.0
HOSP-4094,The Johns Hopkins Hospital,psychiatry,2021-09-25,1,91.0,120.0,25.0,910.0,1.0
HOSP-4099,The Johns Hopkins Hospital,psychiatry,,1,27.0,60.0,8.0,1020.0,1.0
HOSP-4102,The Johns Hopkins Hospital,infectious disease,2022-05-28,1,41.0,45.0,11.0,930.0,1.0
HOSP-4103,The Johns Hopkins Hospital,allergy and immunology,2024-05-21,1,71.0,105.0,10.0,370.0,0.0
HOSP-4103,The Johns Hopkins Hospital,cardiology or internal medicine,,1,47.0,15.0,9.0,900.0,1.0
HOSP-4106,The Johns Hopkins Hospital,gastroenterology,,1,92.0,105.0,16.0,420.0,0.0
HOSP-4106,The Johns Hopkins Hospital,psychiatry,,1,43.0,15.0,14.0,130.0,0.0
HOSP-4109,The Johns Hopkins Hospital,infectious disease,,1,45.0,75.0,29.0,1310.0,0.0
HOSP-4110,The Johns Hopkins Hospital,pulmonology or allergy and immunology,2021-06-21,1,6.0,90.0,24.0,1370.0,0.0
HOSP-4111,The Johns Hopkins Hospital,pulmonology or infectious disease,,1,42.0,90.0,15.0,390.0,0.0
HOSP-4112,The Johns Hopkins Hospital,pulmonology or infectious disease,2022-09-23,1,94.0,45.0,5.0,1250.0,0.0
HOSP-4114,The Johns Hopkins Hospital,cardiology or internal medicine,,1,84.0,45.0,21.0,210.0,0.0
HOSP-4115,The Johns Hopkins Hospital,gastroenterology,,1,3.0,120.0,15.0,1140.0,0.0
HOSP-4116,The Johns Hopkins Hospital,dermatology,,1,80.0,120.0,16.0,1270.0,1.0
HOSP-4118,The Johns Hopkins Hospital,dermatology,,1,47.0,90.0,26.0,500.0,1.0
HOSP-4118,The Johns Hopkins Hospital,gastroenterology,2023-12-23,1,18.0,120.0,10.0,480.0,0.0
HOSP-4120,The Johns Hopkins Hospital,infectious disease,,1,49.0,120.0,14.0,420.0,1.0
HOSP-4120,The Johns Hopkins Hospital,oncology,,1,40.0,15.0,20.0,210.0,0.0
HOSP-4121,The Johns Hopkins Hospital,infectious disease,,1,80.0,45.0,9.0,1000.0,0.0
HOSP-4123,The Johns Hopkins Hospital,gastroenterology,2023-05-22,1,63.0,120.0,10.0,870.0,0.0
HOSP-4126,The Johns Hopkins Hospital,infectious disease or internal medicine,2021-10-19,1,74.0,30.0,12.0,570.0,0.0
HOSP-4126,The Johns Hopkins Hospital,neurology,2021-02-14,1,5.0,60.0,21.0,920.0,0.0
HOSP-4127,The Johns Hopkins Hospital,pulmonology or infectious disease,2021-11-25,1,89.0,15.0,18.0,910.0,0.0
HOSP-4127,The Johns Hopkins Hospital,rheumatology,2020-09-24,1,93.0,30.0,6.0,1080.0,0.0
HOSP-4128,The Johns Hopkins Hospital,cardiology or internal medicine,2023-12-25,1,9.0,105.0,19.0,1110.0,1.0
HOSP-4128,The Johns Hopkins Hospital,infectious disease or internal medicine,2022-10-16,1,5.0,75.0,12.0,1000.0,1.0
HOSP-4130,The Johns Hopkins Hospital,hepatology,2021-08-31,1,17.0,120.0,17.0,820.0,0.0
HOSP-4132,The Johns Hopkins Hospital,pulmonology,2022-09-13,1,32.0,60.0,30.0,1290.0,1.0
HOSP-4133,The Johns Hopkins Hospital,allergy and immunology,,1,6.0,15.0,29.0,260.0,1.0
HOSP-4133,The Johns Hopkins Hospital,pulmonology or allergy and immunology,2021-02-28,1,20.0,30.0,29.0,1160.0,0.0
HOSP-4134,The Johns Hopkins Hospital,neurology,2021-03-23,1,83.0,60.0,8.0,170.0,0.0
HOSP-4136,The Johns Hopkins Hospital,rheumatology,,2,39.0,82.5,21.5,460.0,1.0
HOSP-4139,The Johns Hopkins Hospital,endocrinology,,1,7.0,60.0,13.0,340.0,1.0
HOSP-4139,The Johns Hopkins Hospital,neurology,2020-10-20,1,36.0,30.0,22.0,1360.0,1.0
HOSP-4141,The Johns Hopkins Hospital,psychiatry,,1,61.0,45.0,5.0,1140.0,0.0
HOSP-4141,The Johns Hopkins Hospital,pulmonology or infectious disease,2023-04-16,1,84.0,105.0,2.0,1570.0,0.0
HOSP-4143,The Johns Hopkins Hospital,gastroenterology,2021-08-20,1,7.0,105.0,3.0,920.0,1.0
HOSP-4143,The Johns Hopkins Hospital,rheumatology,2023-05-31,1,3.0,90.0,23.0,1210.0,0.0
HOSP-4144,The Johns Hopkins Hospital,cardiology or internal medicine,,1,95.0,105.0,29.0,510.0,0.0
HOSP-4144,The Johns Hopkins Hospital,pulmonology,2020-12-21,1,72.0,90.0,17.0,730.0,0.0
HOSP-4145,The Johns Hopkins Hospital,pulmonology,,1,81.0,45.0,1.0,1210.0,0.0
HOSP-4147,The Johns Hopkins Hospital,infectious disease or internal medicine,,1,47.0,60.0,14.0,1150.0,1.0
HOSP-4147,The Johns Hopkins Hospital,nephrology,,1,16.0,105.0,20.0,440.0,0.0
HOSP-4147,The Johns Hopkins Hospital,rheumatology,2024-02-15,1,56.0,30.0,4.0,840.0,0.0
HOSP-4148,The Johns Hopkins Hospital,gastroenterology,,1,11.0,15.0,25.0,1580.0,0.0
HOSP-4149,The Johns Hopkins Hospital,cardiology or internal medicine,2024-01-13,1,32.0,30.0,30.0,540.0,1.0
HOSP-4149,The Johns Hopkins Hospital,oncology,,1,72.0,45.0,23.0,1520.0,0.0
HOSP-4150,The Johns Hopkins Hospital,infectious disease or internal medicine,2022-01-26,1,85.0,60.0,24.0,960.0,0.0
HOSP-4151,The Johns Hopkins Hospital,nephrology,,1,90.0,75.0,24.0,310.0,0.0
HOSP-4151,The Johns Hopkins Hospital,rheumatology,,1,30.0,60.0,23.0,800.0,1.0
HOSP-4153,The Johns Hopkins Hospital,allergy and immunology,,1,74.0,90.0,28.0,740.0,1.0
HOSP-4154,The Johns Hopkins Hospital,hepatology,,1,73.0,120.0,23.0,280.0,1.0
HOSP-4155,The Johns Hopkins Hospital,infectious disease or internal medicine,2024-07-21,1,11.0,60.0,7.0,1110.0,0.0
HOSP-4156,The Johns Hopkins Hospital,gastroenterology,,1,37.0,75.0,15.0,900.0,1.0
HOSP-4156,The Johns Hopkins Hospital,nephrology,2021-06-29,1,63.0,120.0,25.0,1240.0,0.0
HOSP-4156,The Johns Hopkins Hospital,nephrology,2024-04-15,1,74.0,105.0,26.0,1180.0,0.0
HOSP-4157,The Johns Hopkins Hospital,gastroenterology,2023-05-16,1,31.0,45.0,9.0,960.0,0.0
HOSP-4159,The Johns Hopkins Hospital,hepatology or gastroenterology,2021-12-22,1,75.0,90.0,4.0,570.0,0.0
HOSP-4160,The Johns Hopkins Hospital,gastroenterology,,1,49.0,105.0,14.0,1600.0,1.0
HOSP-4160,The Johns Hopkins Hospital,neurology,2023-02-23,1,48.0,30.0,22.0,600.0,1.0
HOSP-4160,The Johns Hopkins Hospital,pulmonology,,1,58.0,60.0,3.0,950.0,1.0
HOSP-4161,The Johns Hopkins Hospital,pulmonology,2021-08-24,1,41.0,30.0,8.0,1300.0,1.0
HOSP-4165,The Johns Hopkins Hospital,pulmonology or infectious disease,,1,60.0,60.0,21.0,170.0,0.0
HOSP-4166,The Johns Hopkins Hospital,nephrology,2022-01-17,1,27.0,45.0,27.0,540.0,1.0
HOSP-4166,The Johns Hopkins Hospital,neurology,2023-08-31,1,67.0,60.0,21.0,1260.0,1.0
HOSP-4167,The Johns Hopkins Hospital,infectious disease,2021-08-16,1,88.0,15.0,6.0,610.0,0.0
HOSP-4167,The Johns Hopkins Hospital,oncology,2023-08-20,1,42.0,75.0,11.0,990.0,1.0
HOSP-4169,The Johns Hopkins Hospital,cardiology or internal medicine,,1,53.0,90.0,23.0,760.0,1.0
HOSP-4171,The Johns Hopkins Hospital,hepatology,2021-01-16,1,31.0,45.0,20.0,910.0,0.0
HOSP-4171,The Johns Hopkins Hospital,neurology,,1,92.0,120.0,2.0,1040.0,1.0
HOSP-4172,The Johns Hopkins Hospital,urology or nephrology,2022-12-23,1,65.0,120.0,19.0,1130.0,1.0
HOSP-4173,The Johns Hopkins Hospital,cardiology,,1,76.0,45.0,11.0,1370.0,0.0
HOSP-4173,The Johns Hopkins Hospital,urology or nephrology,2021-11-16,1,11.0,45.0,22.0,1200.0,1.0
HOSP-4174,The Johns Hopkins Hospital,cardiology,2024-05-23,1,19.0,15.0,17.0,200.0,0.0
HOSP-4174,The Johns Hopkins Hospital,neurology,2021-07-13,1,74.0,120.0,17.0,920.0,0.0
HOSP-4174,The Johns Hopkins Hospital,pulmonology or allergy and immunology,2023-11-13,1,31.0,120.0,13.0,430.0,0.0
HOSP-4174,The Johns Hopkins Hospital,rheumatology,2022-08-15,1,84.0,90.0,29.0,1280.0,1.0
HOSP-4175,The Johns Hopkins Hospital,psychiatry,2022-07-16,1,43.0,45.0,17.0,1000.0,0.0
HOSP-4176,The Johns Hopkins Hospital,allergy and immunology,2021-04-13,1,20.0,60.0,8.0,1450.0,1.0
HOSP-4176,The Johns Hopkins Hospital,cardiology or internal medicine,2023-11-15,1,90.0,60.0,9.0,720.0,0.0
HOSP-4176,The Johns Hopkins Hospital,gastroenterology,2024-03-15,1,52.0,30.0,24.0,100.0,1.0
HOSP-4177,The Johns Hopkins Hospital,allergy and immunology,2023-08-27,1,70.0,90.0,6.0,1330.0,0.0
HOSP-4177,The Johns Hopkins Hospital,neurology,2021-04-16,1,36.0,75.0,1.0,1370.0,0.0
HOSP-4178,The Johns Hopkins Hospital,pulmonology or allergy and immunology,2023-12-29,1,9.0,90.0,10.0,300.0,0.0
HOSP-4180,The Johns Hopkins Hospital,neurology,,1,47.0,60.0,23.0,1060.0,0.0
HOSP-4183,The Johns Hopkins Hospital,infectious disease or internal medicine,,1,77.0,90.0,19.0,1470.0,0.0
HOSP-4186,The Johns Hopkins Hospital,gastroenterology,2022-06-21,1,54.0,105.0,24.0,410.0,0.0
HOSP-4186,The Johns Hopkins Hospital,rheumatology,2024-03-16,1,17.0,15.0,2.0,400.0,1.0
HOSP-4187,The Johns Hopkins Hospital,endocrinology,2021-09-13,1,41.0,120.0,25.0,190.0,0.0
HOSP-4187,The Johns Hopkins Hospital,gastroenterology,2021-07-28,1,88.0,105.0,6.0,810.0,0.0
HOSP-4189,The Johns Hopkins Hospital,oncology,2023-08-20,1,35.0,15.0,6.0,1300.0,0.0
HOSP-4189,The Johns Hopkins Hospital,pulmonology or allergy and immunology,2023-01-14,1,1.0,120.0,19.0,970.0,0.0
HOSP-4190,The Johns Hopkins Hospital,neurology,,1,71.0,90.0,3.0,200.0,0.0
HOSP-4190,The Johns Hopkins Hospital,rheumatology,2020-12-19,1,3.0,45.0,22.0,1040.0,1.0
HOSP-4191,The Johns Hopkins Hospital,gastroenterology,2021-06-29,1,30.0,30.0,18.0,1230.0,1.0
HOSP-4191,The Johns Hopkins Hospital,pulmonology,2021-12-21,1,55.0,120.0,12.0,380.0,0.0
HOSP-4191,The Johns Hopkins Hospital,urology or nephrology,2020-10-13,1,12.0,90.0,9.0,990.0,0.0
HOSP-4192,The Johns Hopkins Hospital,endocrinology,2020-10-14,1,59.0,30.0,3.0,870.0,1.0
HOSP-4193,The Johns Hopkins Hospital,psychiatry,2024-04-24,1,16.0,120.0,1.0,1080.0,1.0
HOSP-4193,The Johns Hopkins Hospital,urology or nephrology,2020-11-23,1,5.0,120.0,18.0,560.0,0.0
HOSP-4194,The Johns Hopkins Hospital,neurology,2021-02-21,1,41.0,60.0,8.0,350.0,0.0
HOSP-4194,The Johns Hopkins Hospital,urology or nephrology,2024-03-24,1,8.0,75.0,26.0,840.0,1.0
HOSP-4195,The Johns Hopkins Hospital,endocrinology,,1,26.0,75.0,18.0,1310.0,0.0
HOSP-4196,The Johns Hopkins Hospital,rheumatology,2022-04-23,1,1.0,45.0,14.0,1500.0,0.0
HOSP-4198,The Johns Hopkins Hospital,cardiology or internal medicine,2021-06-18,1,95.0,90.0,14.0,120.0,1.0
HOSP-4198,The Johns Hopkins Hospital,nephrology,,1,44.0,105.0,8.0,1270.0,0.0
HOSP-4198,The Johns Hopkins Hospital,psychiatry,2023-04-25,1,49.0,105.0,13.0,1530.0,1.0
HOSP-4199,The Johns Hopkins Hospital,neurology,2023-09-29,1,10.0,75.0,5.0,310.0,0.0
HOSP-4199,The Johns Hopkins Hospital,neurology,2023-11-29,1,54.0,15.0,20.0,310.0,0.0
HOSP-4200,The Johns Hopkins Hospital,psychiatry,2021-03-18,1,18.0,75.0,19.0,1290.0,1.0
HOSP-4201,The Johns Hopkins Hospital,infectious disease or internal medicine,2022-07-31,1,84.0,75.0,4.0,1090.0,1.0
HOSP-4202,The Johns Hopkins Hospital,neurology,2023-09-21,1,81.0,30.0,28.0,700.0,0.0
HOSP-4202,The Johns Hopkins Hospital,urology or nephrology,2020-11-27,1,24.0,30.0,15.0,390.0,0.0
HOSP-4204,The Johns Hopkins Hospital,cardiology or internal medicine,,1,6.0,105.0,20.0,270.0,0.0
HOSP-4205,The Johns Hopkins Hospital,infectious disease,2021-08-13,1,15.0,90.0,9.0,190.0,0.0
HOSP-4205,The Johns Hopkins Hospital,neurology,2022-08-26,1,83.0,30.0,16.0,1090.0,0.0
HOSP-4205,The Johns Hopkins Hospital,neurology,,1,55.0,120.0,27.0,1360.0,1.0
HOSP-4205,The Johns Hopkins Hospital,pulmonology,2023-05-19,1,89.0,60.0,30.0,280.0,0.0
HOSP-4206,The Johns Hopkins Hospital,pulmonology,,1,34.0,90.0,20.0,230.0,1.0
HOSP-4207,The Johns Hopkins Hospital,neurology,2021-05-22,1,77.0,120.0,28.0,520.0,0.0
HOSP-4208,The Johns Hopkins Hospital,gastroenterology,2024-03-13,1,46.0,15.0,23.0,220.0,0.0
HOSP-4208,The Johns Hopkins Hospital,hepatology,2022-08-28,1,17.0,105.0,18.0,240.0,0.0
HOSP-4208,The Johns Hopkins Hospital,infectious disease or internal medicine,2020-11-29,1,46.0,60.0,17.0,610.0,0.0
HOSP-4209,The Johns Hopkins Hospital,psychiatry,,1,87.0,15.0,30.0,1310.0,1.0
HOSP-4209,The Johns Hopkins Hospital,rheumatology,2023-02-27,1,81.0,120.0,23.0,600.0,1.0
HOSP-4210,The Johns Hopkins Hospital,nephrology,2023-04-30,1,80.0,15.0,1.0,810.0,0.0
HOSP-4210,The Johns Hopkins Hospital,pulmonology or allergy and immunology,,1,15.0,60.0,14.0,1240.0,0.0
HOSP-4211,The Johns Hopkins Hospital,pulmonology,,1,1.0,30.0,19.0,1600.0,1.0
HOSP-4211,The Johns Hopkins Hospital,urology or nephrology,,1,60.0,90.0,5.0,1260.0,1.0
HOSP-4212,The Johns Hopkins Hospital,infectious disease,2024-05-23,1,91.0,60.0,28.0,370.0,1.0
HOSP-4214,The Johns Hopkins Hospital,infectious disease,,1,94.0,90.0,14.0,490.0,0.0
HOSP-4217,The Johns Hopkins Hospital,hepatology,2022-09-25,1,4.0,60.0,17.0,480.0,0.0
HOSP-4218,The Johns Hopkins Hospital,psychiatry,2021-02-18,1,49.0,30.0,1.0,1140.0,1.0
HOSP-4221,The Johns Hopkins Hospital,nephrology,,1,68.0,75.0,5.0,460.0,0.0
HOSP-4221,The Johns Hopkins Hospital,oncology,2023-08-27,1,72.0,60.0,11.0,1310.0,0.0
HOSP-4221,The Johns Hopkins Hospital,oncology,,1,67.0,75.0,26.0,360.0,1.0
HOSP-4222,The Johns Hopkins Hospital,psychiatry,2023-08-31,1,85.0,120.0,10.0,490.0,0.0
HOSP-4224,The Johns Hopkins Hospital,allergy and immunology,2020-11-21,1,70.0,30.0,9.0,1570.0,0.0
HOSP-4224,The Johns Hopkins Hospital,dermatology,2022-05-18,1,3.0,75.0,19.0,420.0,0.0
HOSP-4224,The Johns Hopkins Hospital,gastroenterology,2021-06-25,1,47.0,90.0,26.0,570.0,1.0
HOSP-4224,The Johns Hopkins Hospital,neurology,,2,64.5,82.5,10.5,385.0,2.0
HOSP-4224,The Johns Hopkins Hospital,urology or nephrology,,1,66.0,45.0,11.0,260.0,0.0
HOSP-4225,The Johns Hopkins Hospital,neurology,2023-11-21,1,49.0,60.0,10.0,1350.0,0.0
HOSP-4226,The Johns Hopkins Hospital,neurology,,1,91.0,90.0,26.0,530.0,0.0
HOSP-4229,The Johns Hopkins Hospital,neurology,2022-08-27,1,44.0,30.0,18.0,470.0,1.0
HOSP-4231,The Johns Hopkins Hospital,cardiology or internal medicine,,1,23.0,120.0,15.0,120.0,1.0
HOSP-4231,The Johns Hopkins Hospital,neurology,2021-08-15,1,92.0,45.0,23.0,1000.0,0.0
HOSP-4231,The Johns Hopkins Hospital,neurology,,1,22.0,120.0,5.0,1350.0,0.0
HOSP-4231,The Johns Hopkins Hospital,psychiatry,2022-01-13,1,58.0,60.0,16.0,590.0,0.0
HOSP-4232,The Johns Hopkins Hospital,neurology,,1,78.0,30.0,4.0,1560.0,0.0
HOSP-4233,The Johns Hopkins Hospital,pulmonology or infectious disease,,1,54.0,90.0,10.0,350.0,0.0
HOSP-4234,The Johns Hopkins Hospital,cardiology or internal medicine,2022-11-25,1,13.0,75.0,4.0,740.0,1.0
HOSP-4235,The Johns Hopkins Hospital,oncology,,1,3.0,45.0,18.0,360.0,1.0
HOSP-4236,The Johns Hopkins Hospital,psychiatry,,1,68.0,120.0,29.0,1460.0,1.0
HOSP-4236,The Johns Hopkins Hospital,pulmonology,2024-07-15,1,70.0,30.0,9.0,1240.0,1.0
HOSP-4237,The Johns Hopkins Hospital,neurology,2024-02-22,1,51.0,45.0,7.0,810.0,0.0
HOSP-4237,The Johns Hopkins Hospital,psychiatry,2021-09-29,1,86.0,90.0,15.0,210.0,0.0
HOSP-4238,The Johns Hopkins Hospital,cardiology,2022-04-28,1,48.0,45.0,29.0,700.0,0.0
HOSP-4238,The Johns Hopkins Hospital,pulmonology or infectious disease,,1,35.0,75.0,4.0,910.0,1.0
HOSP-4239,The Johns Hopkins Hospital,rheumatology,2021-12-21,1,61.0,60.0,10.0,1080.0,0.0
HOSP-4240,The Johns Hopkins Hospital,pulmonology,2022-03-31,1,21.0,30.0,29.0,140.0,0.0
HOSP-4242,The Johns Hopkins Hospital,neurology,,1,80.0,120.0,27.0,1480.0,1.0
HOSP-4243,The Johns Hopkins Hospital,cardiology,2021-05-21,1,78.0,120.0,8.0,1390.0,0.0
HOSP-4246,The Johns Hopkins Hospital,pulmonology or allergy and immunology,2021-12-16,1,75.0,30.0,16.0,520.0,1.0
HOSP-4247,The Johns Hopkins Hospital,hepatology,,1,69.0,90.0,20.0,200.0,1.0
HOSP-4247,The Johns Hopkins Hospital,infectious disease or internal medicine,2021-07-28,1,59.0,60.0,26.0,600.0,1.0
HOSP-4249,The Johns Hopkins Hospital,gastroenterology,2022-12-26,1,54.0,15.0,28.0,1090.0,1.0
HOSP-4250,The Johns Hopkins Hospital,neurology,,1,69.0,105.0,27.0,300.0,0.0
HOSP-4250,The Johns Hopkins Hospital,pulmonology or infectious disease,,1,62.0,75.0,5.0,1140.0,1.0
HOSP-4253,The Johns Hopkins Hospital,cardiology,,1,18.0,60.0,3.0,1040.0,0.0
HOSP-4253,The Johns Hopkins Hospital,neurology,,2,22.0,75.0,20.5,795.0,2.0
HOSP-4253,The Johns Hopkins Hospital,oncology,,1,29.0,75.0,2.0,1000.0,0.0
HOSP-4254,The Johns Hopkins Hospital,pulmonology or allergy and immunology,2023-03-16,1,57.0,45.0,3.0,1290.0,1.0
HOSP-4255,The Johns Hopkins Hospital,neurology,,1,52.0,15.0,14.0,1430.0,1.0
HOSP-4255,The Johns Hopkins Hospital,urology or nephrology,2022-07-18,1,52.0,75.0,9.0,630.0,1.0
HOSP-4256,The Johns Hopkins Hospital,psychiatry,2022-06-14,1,52.0,60.0,25.0,870.0,1.0
HOSP-4257,The Johns Hopkins Hospital,infectious disease,,1,23.0,120.0,27.0,570.0,1.0
HOSP-4260,The Johns Hopkins Hospital,infectious disease or internal medicine,,1,1.0,105.0,22.0,1390.0,0.0
HOSP-4260,The Johns Hopkins Hospital,urology or nephrology,2023-01-31,1,75.0,75.0,25.0,1450.0,0.0
HOSP-4261,The Johns Hopkins Hospital,neurology,2020-08-16,1,2.0,90.0,28.0,1410.0,0.0
HOSP-4261,The Johns Hopkins Hospital,rheumatology,,1,53.0,90.0,29.0,920.0,0.0
HOSP-4263,The Johns Hopkins Hospital,nephrology,,1,75.0,60.0,6.0,890.0,0.0
HOSP-4264,The Johns Hopkins Hospital,cardiology or internal medicine,,1,84.0,30.0,11.0,1410.0,0.0
HOSP-4266,The Johns Hopkins Hospital,oncology,,1,90.0,60.0,23.0,1080.0,1.0
HOSP-4266,The Johns Hopkins Hospital,psychiatry,2022-09-23,1,88.0,120.0,2.0,1020.0,0.0
HOSP-4267,The Johns Hopkins Hospital,gastroenterology,2022-12-26,1,75.0,60.0,12.0,500.0,1.0
HOSP-4267,The Johns Hopkins Hospital,neurology,2024-02-18,1,40.0,30.0,5.0,1130.0,1.0
HOSP-4268,The Johns Hopkins Hospital,neurology,2023-12-18,1,14.0,105.0,18.0,330.0,0.0
HOSP-4268,The Johns Hopkins Hospital,rheumatology,2023-07-27,1,64.0,45.0,16.0,540.0,0.0
HOSP-4270,The Johns Hopkins Hospital,cardiology,,1,56.0,45.0,2.0,310.0,0.0
HOSP-4270,The Johns Hopkins Hospital,gastroenterology,2022-02-28,1,67.0,120.0,15.0,1450.0,1.0
HOSP-4270,The Johns Hopkins Hospital,infectious disease or internal medicine,2021-03-17,1,84.0,75.0,18.0,280.0,1.0
HOSP-4270,The Johns Hopkins Hospital,oncology,,1,54.0,90.0,9.0,1130.0,0.0
HOSP-4273,The Johns Hopkins Hospital,gastroenterology,,1,70.0,75.0,10.0,270.0,1.0
HOSP-4273,The Johns Hopkins Hospital,urology or nephrology,,1,9.0,105.0,5.0,1550.0,0.0
HOSP-4274,The Johns Hopkins Hospital,nephrology,2021-11-14,1,19.0,75.0,1.0,1080.0,1.0
HOSP-4275,The Johns Hopkins Hospital,hepatology,2024-01-16,1,50.0,45.0,22.0,490.0,0.0
HOSP-4275,The Johns Hopkins Hospital,pulmonology or allergy and immunology,,1,59.0,30.0,15.0,300.0,1.0
HOSP-4277,The Johns Hopkins Hospital,cardiology,2021-09-23,1,46.0,75.0,27.0,1330.0,0.0
HOSP-4277,The Johns Hopkins Hospital,dermatology,2021-06-23,1,86.0,45.0,26.0,1480.0,0.0
HOSP-4278,The Johns Hopkins Hospital,infectious disease,,1,68.0,120.0,11.0,1160.0,0.0
HOSP-4279,The Johns Hopkins Hospital,rheumatology,2022-11-23,1,89.0,30.0,10.0,1530.0,1.0
HOSP-4280,The Johns Hopkins Hospital,nephrology,2024-02-18,1,88.0,45.0,14.0,1320.0,1.0
HOSP-4281,The Johns Hopkins Hospital,hepatology,2020-10-23,1,1.0,75.0,3.0,820.0,1.0
HOSP-4281,The Johns Hopkins Hospital,nephrology,2022-02-27,1,9.0,90.0,28.0,170.0,0.0
HOSP-4283,The Johns Hopkins Hospital,pulmonology,2023-04-19,1,87.0,105.0,22.0,1180.0,1.0
HOSP-4284,The Johns Hopkins Hospital,neurology,2022-12-23,1,41.0,90.0,26.0,670.0,0.0
HOSP-4284,The Johns Hopkins Hospital,pulmonology or infectious disease,2023-04-24,1,92.0,90.0,8.0,200.0,1.0
HOSP-4285,The Johns Hopkins Hospital,gastroenterology,,1,59.0,45.0,3.0,400.0,1.0
HOSP-4285,The Johns Hopkins Hospital,pulmonology or allergy and immunology,2024-06-17,1,89.0,15.0,30.0,540.0,1.0
HOSP-4286,The Johns Hopkins Hospital,neurology,,1,49.0,75.0,3.0,900.0,1.0
HOSP-4287,The Johns Hopkins Hospital,infectious disease,,1,74.0,75.0,20.0,840.0,1.0
HOSP-4288,The Johns Hopkins Hospital,oncology,,1,31.0,90.0,19.0,850.0,0.0
HOSP-4289,The Johns Hopkins Hospital,neurology,2020-12-22,1,19.0,60.0,9.0,1540.0,0.0
HOSP-4289,The Johns Hopkins Hospital,neurology,2022-01-14,1,13.0,105.0,28.0,900.0,0.0
HOSP-4289,The Johns Hopkins Hospital,neurology,,1,29.0,90.0,27.0,950.0,0.0
HOSP-4289,The Johns Hopkins Hospital,oncology,2022-11-22,1,50.0,105.0,26.0,790.0,0.0
HOSP-4290,The Johns Hopkins Hospital,neurology,2021-03-17,1,60.0,75.0,19.0,1500.0,0.0
HOSP-4291,The Johns Hopkins Hospital,dermatology,2021-07-20,1,42.0,15.0,22.0,210.0,0.0
HOSP-4292,The Johns Hopkins Hospital,oncology,2021-07-28,1,18.0,120.0,11.0,1300.0,1.0
HOSP-4292,The Johns Hopkins Hospital,psychiatry,,1,70.0,15.0,14.0,1450.0,1.0
HOSP-4294,The Johns Hopkins Hospital,neurology,,1,79.0,120.0,16.0,620.0,1.0
HOSP-4294,The Johns Hopkins Hospital,rheumatology,,1,94.0,60.0,24.0,820.0,0.0
HOSP-4296,The Johns Hopkins Hospital,hepatology,,1,69.0,30.0,5.0,870.0,0.0
HOSP-4296,The Johns Hopkins Hospital,neurology,2021-01-17,1,44.0,30.0,14.0,250.0,0.0
HOSP-4296,The Johns Hopkins Hospital,psychiatry,,1,71.0,120.0,2.0,840.0,0.0
HOSP-4297,The Johns Hopkins Hospital,hepatology or gastroenterology,2022-02-24,1,82.0,105.0,5.0,700.0,1.0
HOSP-4297,The Johns Hopkins Hospital,psychiatry,2021-02-26,1,64.0,75.0,23.0,450.0,1.0
HOSP-4298,The Johns Hopkins Hospital,neurology,2021-08-28,1,70.0,90.0,14.0,440.0,1.0
HOSP-4300,The Johns Hopkins Hospital,psychiatry,2020-09-17,1,93.0,15.0,21.0,290.0,1.0
HOSP-4301,The Johns Hopkins Hospital,neurology,2021-07-26,1,89.0,120.0,15.0,610.0,0.0
HOSP-4301,The Johns Hopkins Hospital,urology or nephrology,2021-05-20,1,37.0,15.0,27.0,340.0,1.0
HOSP-4302,The Johns Hopkins Hospital,neurology,2023-05-31,1,49.0,120.0,9.0,740.0,0.0
HOSP-4303,The Johns Hopkins Hospital,cardiology or internal medicine,,1,12.0,75.0,2.0,1380.0,0.0
HOSP-4304,The Johns Hopkins Hospital,neurology,2023-09-28,1,10.0,90.0,7.0,250.0,0.0
HOSP-4306,The Johns Hopkins Hospital,gastroenterology,2022-02-28,1,83.0,15.0,15.0,1360.0,0.0
HOSP-4306,The Johns Hopkins Hospital,hepatology,2022-05-29,1,24.0,105.0,10.0,360.0,1.0
HOSP-4306,The Johns Hopkins Hospital,pulmonology or infectious disease,2023-11-18,1,95.0,30.0,2.0,970.0,0.0
HOSP-4307,The Johns Hopkins Hospital,hepatology or gastroenterology,2021-12-18,1,93.0,75.0,20.0,1210.0,1.0
HOSP-4309,The Johns Hopkins Hospital,gastroenterology,2022-10-28,1,50.0,120.0,24.0,180.0,0.0
HOSP-4309,The Johns Hopkins Hospital,neurology,2022-02-16,1,34.0,90.0,19.0,1100.0,1.0
HOSP-4310,The Johns Hopkins Hospital,infectious disease,2023-11-17,1,10.0,90.0,17.0,370.0,0.0
HOSP-4313,The Johns Hopkins Hospital,gastroenterology,,1,73.0,120.0,18.0,550.0,0.0
HOSP-4314,The Johns Hopkins Hospital,infectious disease,2021-03-26,1,66.0,75.0,3.0,1480.0,1.0
HOSP-4314,The Johns Hopkins Hospital,neurology,2024-04-30,1,47.0,120.0,30.0,1010.0,1.0
HOSP-4315,The Johns Hopkins Hospital,neurology,,1,25.0,30.0,25.0,470.0,0.0
HOSP-4315,The Johns Hopkins Hospital,oncology,2020-08-28,1,92.0,15.0,15.0,390.0,1.0
HOSP-4316,The Johns Hopkins Hospital,cardiology,,1,33.0,15.0,3.0,1530.0,0.0
HOSP-4316,The Johns Hopkins Hospital,gastroenterology,,1,71.0,75.0,6.0,710.0,0.0
HOSP-4319,The Johns Hopkins Hospital,cardiology or internal medicine,,1,41.0,15.0,9.0,270.0,0.0
HOSP-4320,The Johns Hopkins Hospital,hepatology or gastroenterology,2023-05-17,1,63.0,90.0,29.0,210.0,0.0
HOSP-4321,The Johns Hopkins Hospital,cardiology,2023-03-21,1,68.0,120.0,22.0,140.0,1.0
HOSP-4322,The Johns Hopkins Hospital,neurology,2023-09-23,1,91.0,60.0,16.0,1120.0,1.0
HOSP-4323,The Johns Hopkins Hospital,allergy and immunology,2022-01-28,1,91.0,45.0,8.0,1570.0,1.0
HOSP-4323,The Johns Hopkins Hospital,cardiology,2021-11-26,1,56.0,90.0,11.0,1500.0,1.0
HOSP-4323,The Johns Hopkins Hospital,neurology,2023-07-13,1,28.0,30.0,21.0,680.0,0.0
HOSP-4324,The Johns Hopkins Hospital,neurology,2022-06-21,1,43.0,30.0,9.0,710.0,0.0
HOSP-4324,The Johns Hopkins Hospital,psychiatry,2022-03-18,1,82.0,45.0,25.0,1400.0,0.0
HOSP-4325,The Johns Hopkins Hospital,urology or nephrology,2022-05-29,1,71.0,90.0,26.0,950.0,1.0
HOSP-4327,The Johns Hopkins Hospital,gastroenterology,2020-11-15,1,59.0,30.0,18.0,520.0,0.0
HOSP-4327,The Johns Hopkins Hospital,gastroenterology,2023-02-27,1,11.0,60.0,15.0,1190.0,1.0
HOSP-4327,The Johns Hopkins Hospital,neurology,2020-12-31,1,75.0,15.0,24.0,1310.0,1.0
HOSP-4328,The Johns Hopkins Hospital,psychiatry,2022-10-24,1,62.0,75.0,16.0,680.0,1.0
HOSP-4331,The Johns Hopkins Hospital,infectious disease,,1,89.0,75.0,20.0,1100.0,1.0
HOSP-4332,The Johns Hopkins Hospital,neurology,2023-07-30,1,92.0,30.0,6.0,210.0,1.0
HOSP-4333,The Johns Hopkins Hospital,cardiology or internal medicine,2023-03-17,1,95.0,120.0,22.0,470.0,0.0
HOSP-4333,The Johns Hopkins Hospital,gastroenterology,2021-12-15,1,50.0,45.0,8.0,350.0,0.0
HOSP-4333,The Johns Hopkins Hospital,pulmonology or allergy and immunology,2023-07-22,1,68.0,120.0,4.0,180.0,1.0
HOSP-4334,The Johns Hopkins Hospital,infectious disease or internal medicine,2023-02-23,1,7.0,75.0,28.0,110.0,1.0
HOSP-4334,The Johns Hopkins Hospital,psychiatry,,1,23.0,90.0,3.0,1040.0,0.0
HOSP-4335,The Johns Hopkins Hospital,neurology,2022-11-16,1,18.0,60.0,11.0,420.0,0.0
HOSP-4335,The Johns Hopkins Hospital,neurology,,1,16.0,45.0,15.0,330.0,0.0
HOSP-4336,The Johns Hopkins Hospital,nephrology,2023-01-18,1,0.0,60.0,27.0,1130.0,0.0
HOSP-4337,The Johns Hopkins Hospital,infectious disease,,1,79.0,105.0,5.0,1210.0,0.0
HOSP-4337,The Johns Hopkins Hospital,urology or nephrology,2022-09-18,1,85.0,90.0,14.0,270.0,1.0
HOSP-4340,The Johns Hopkins Hospital,gastroenterology,,1,37.0,90.0,18.0,1600.0,0.0
HOSP-4340,The Johns Hopkins Hospital,rheumatology,,1,1.0,45.0,7.0,1380.0,1.0
HOSP-4341,The Johns Hopkins Hospital,gastroenterology,2024-04-23,1,93.0,90.0,21.0,320.0,1.0
HOSP-4342,The Johns Hopkins Hospital,infectious disease,2021-06-22,1,57.0,75.0,5.0,1350.0,1.0
HOSP-4342,The Johns Hopkins Hospital,neurology,2021-01-28,1,20.0,90.0,23.0,550.0,0.0
HOSP-4343,The Johns Hopkins Hospital,rheumatology,2023-06-27,1,17.0,75.0,19.0,1270.0,0.0
HOSP-4344,The Johns Hopkins Hospital,gastroenterology,2021-05-20,1,27.0,60.0,25.0,230.0,1.0
HOSP-4345,The Johns Hopkins Hospital,gastroenterology,2020-12-24,1,61.0,15.0,26.0,1110.0,1.0
HOSP-4345,The Johns Hopkins Hospital,neurology,,1,41.0,30.0,17.0,1400.0,0.0
HOSP-4345,The Johns Hopkins Hospital,pulmonology,2021-03-27,1,65.0,60.0,2.0,890.0,1.0
HOSP-4352,The Johns Hopkins Hospital,neurology,2023-08-17,1,60.0,15.0,16.0,1450.0,1.0
HOSP-4352,The Johns Hopkins Hospital,neurology,,1,32.0,45.0,25.0,810.0,0.0
HOSP-4353,The Johns Hopkins Hospital,oncology,,1,80.0,15.0,24.0,270.0,0.0
HOSP-4353,The Johns Hopkins Hospital,psychiatry,2023-02-19,1,49.0,90.0,24.0,1260.0,1.0
HOSP-4355,The Johns Hopkins Hospital,urology or nephrology,2021-03-22,1,66.0,105.0,13.0,170.0,0.0
HOSP-4356,The Johns Hopkins Hospital,allergy and immunology,,1,94.0,15.0,26.0,590.0,0.0
HOSP-4357,The Johns Hopkins Hospital,cardiology,2021-07-24,1,33.0,105.0,24.0,120.0,0.0
HOSP-4357,The Johns Hopkins Hospital,rheumatology,2021-01-21,1,71.0,15.0,22.0,920.0,1.0
HOSP-4359,The Johns Hopkins Hospital,cardiology or internal medicine,,1,20.0,30.0,17.0,1210.0,0.0
HOSP-4359,The Johns Hopkins Hospital,gastroenterology,2023-08-18,1,57.0,15.0,26.0,810.0,0.0
HOSP-4360,The Johns Hopkins Hospital,endocrinology,2021-07-19,1,70.0,90.0,10.0,710.0,1.0
HOSP-4362,The Johns Hopkins Hospital,hepatology,2022-12-14,1,60.0,30.0,16.0,1190.0,1.0
HOSP-4362,The Johns Hopkins Hospital,neurology,2021-01-24,1,59.0,30.0,30.0,1090.0,1.0
HOSP-4363,The Johns Hopkins Hospital,gastroenterology,,1,41.0,90.0,10.0,980.0,0.0
HOSP-4364,The Johns Hopkins Hospital,cardiology,2021-09-27,1,7.0,30.0,19.0,1490.0,0.0
HOSP-4364,The Johns Hopkins Hospital,neurology,,1,24.0,30.0,6.0,930.0,1.0
HOSP-4366,The Johns Hopkins Hospital,neurology,2022-01-22,1,66.0,120.0,17.0,520.0,0.0
HOSP-4366,The Johns Hopkins Hospital,pulmonology or infectious disease,,1,36.0,75.0,8.0,580.0,0.0
HOSP-4368,The Johns Hopkins Hospital,hepatology or gastroenterology,,1,90.0,120.0,7.0,790.0,1.0
HOSP-4369,The Johns Hopkins Hospital,rheumatology,2021-02-26,1,47.0,30.0,6.0,1400.0,1.0
HOSP-4371,The Johns Hopkins Hospital,cardiology or internal medicine,,1,33.0,15.0,7.0,560.0,0.0
HOSP-4371,The Johns Hopkins Hospital,neurology,,1,90.0,30.0,14.0,890.0,0.0
HOSP-4371,The Johns Hopkins Hospital,psychiatry,2022-07-21,1,14.0,60.0,22.0,750.0,0.0
HOSP-4371,The Johns Hopkins Hospital,pulmonology or allergy and immunology,,1,18.0,60.0,12.0,1270.0,0.0
HOSP-4372,The Johns Hopkins Hospital,infectious disease,,1,83.0,90.0,14.0,960.0,0.0
HOSP-4372,The Johns Hopkins Hospital,infectious disease or internal medicine,2021-06-20,1,43.0,60.0,1.0,1070.0,1.0
HOSP-4372,The Johns Hopkins Hospital,neurology,2023-03-29,1,23.0,75.0,27.0,1360.0,1.0
HOSP-4373,The Johns Hopkins Hospital,pulmonology,,1,73.0,120.0,11.0,570.0,0.0
HOSP-4373,The Johns Hopkins Hospital,rheumatology,2024-03-23,1,44.0,120.0,14.0,470.0,1.0
HOSP-4374,The Johns Hopkins Hospital,cardiology or internal medicine,,1,16.0,15.0,20.0,690.0,1.0
HOSP-4375,The Johns Hopkins Hospital,cardiology or internal medicine,,1,31.0,15.0,10.0,360.0,0.0
HOSP-4375,The Johns Hopkins Hospital,endocrinology,2022-06-14,1,77.0,75.0,9.0,890.0,1.0
HOSP-4375,The Johns Hopkins Hospital,neurology,2020-10-27,1,18.0,105.0,5.0,380.0,1.0
HOSP-4375,The Johns Hopkins Hospital,pulmonology,2023-10-15,1,92.0,105.0,5.0,990.0,0.0
HOSP-4376,The Johns Hopkins Hospital,gastroenterology,2020-08-18,1,28.0,60.0,12.0,360.0,0.0
HOSP-4376,The Johns Hopkins Hospital,neurology,2022-05-29,1,15.0,105.0,22.0,1560.0,0.0
HOSP-4376,The Johns Hopkins Hospital,neurology,2023-08-31,1,24.0,60.0,9.0,1440.0,1.0
HOSP-4379,The Johns Hopkins Hospital,dermatology,2024-04-23,1,57.0,45.0,29.0,1380.0,0.0
HOSP-4379,The Johns Hopkins Hospital,pulmonology,,1,74.0,105.0,16.0,470.0,0.0
HOSP-4380,The Johns Hopkins Hospital,rheumatology,,1,56.0,15.0,27.0,160.0,1.0
HOSP-4384,The Johns Hopkins Hospital,neurology,2022-12-30,1,68.0,15.0,9.0,1320.0,1.0
HOSP-4385,The Johns Hopkins Hospital,infectious disease or internal medicine,2022-04-21,1,33.0,45.0,25.0,1450.0,0.0
HOSP-4385,The Johns Hopkins Hospital,psychiatry,2022-05-18,1,2.0,60.0,3.0,580.0,0.0
HOSP-4385,The Johns Hopkins Hospital,pulmonology or allergy and immunology,2021-10-14,1,26.0,30.0,1.0,680.0,0.0
HOSP-4386,The Johns Hopkins Hospital,neurology,,1,70.0,75.0,19.0,1390.0,1.0
HOSP-4388,The Johns Hopkins Hospital,gastroenterology,2021-04-18,1,80.0,75.0,26.0,770.0,1.0
HOSP-4389,The Johns Hopkins Hospital,pulmonology or infectious disease,,1,43.0,90.0,1.0,1120.0,0.0
HOSP-4390,The Johns Hopkins Hospital,pulmonology or allergy and immunology,,1,79.0,90.0,4.0,1100.0,0.0
HOSP-4390,The Johns Hopkins Hospital,rheumatology,2024-04-18,1,65.0,90.0,26.0,1390.0,0.0
HOSP-4391,The Johns Hopkins Hospital,cardiology,,1,2.0,90.0,15.0,1490.0,1.0
HOSP-4391,The Johns Hopkins Hospital,rheumatology,2022-07-27,1,76.0,90.0,20.0,810.0,0.0
HOSP-4392,The Johns Hopkins Hospital,neurology,,1,54.0,120.0,7.0,810.0,0.0
HOSP-4394,The Johns Hopkins Hospital,rheumatology,,1,58.0,105.0,14.0,1580.0,0.0
HOSP-4397,The Johns Hopkins Hospital,hepatology,2023-05-31,1,13.0,90.0,16.0,1510.0,1.0
HOSP-4398,The Johns Hopkins Hospital,infectious disease or internal medicine,2022-04-20,1,87.0,90.0,8.0,300.0,0.0
HOSP-4400,The Johns Hopkins Hospital,psychiatry,2021-09-20,1,66.0,30.0,28.0,930.0,0.0
HOSP-4400,The Johns Hopkins Hospital,pulmonology,,1,83.0,15.0,19.0,1170.0,0.0
HOSP-4401,The Johns Hopkins Hospital,infectious disease or internal medicine,,1,90.0,60.0,16.0,700.0,0.0
HOSP-4402,The Johns Hopkins Hospital,psychiatry,2021-08-23,1,85.0,75.0,29.0,920.0,0.0
HOSP-4403,The Johns Hopkins Hospital,infectious disease or internal medicine,2021-03-19,1,27.0,105.0,11.0,1190.0,1.0
HOSP-4404,The Johns Hopkins Hospital,gastroenterology,2023-03-24,1,15.0,60.0,7.0,1280.0,0.0
HOSP-4404,The Johns Hopkins Hospital,hepatology or gastroenterology,2020-11-13,1,90.0,105.0,9.0,290.0,0.0
HOSP-4404,The Johns Hopkins Hospital,neurology,2022-09-24,1,45.0,105.0,8.0,780.0,1.0
HOSP-4405,The Johns Hopkins Hospital,oncology,,1,49.0,60.0,15.0,1580.0,0.0
HOSP-4406,The Johns Hopkins Hospital,psychiatry,,1,38.0,45.0,5.0,1360.0,0.0
HOSP-4407,The Johns Hopkins Hospital,rheumatology,2021-10-25,1,80.0,75.0,2.0,1410.0,0.0
HOSP-4410,The Johns Hopkins Hospital,cardiology or internal medicine,2021-02-24,1,10.0,75.0,18.0,510.0,1.0
HOSP-4410,The Johns Hopkins Hospital,neurology,2021-05-19,1,49.0,75.0,21.0,1080.0,1.0
HOSP-4410,The Johns Hopkins Hospital,neurology,2023-05-22,1,14.0,120.0,6.0,490.0,0.0
HOSP-4411,The Johns Hopkins Hospital,pulmonology,2022-01-16,1,65.0,30.0,17.0,1380.0,1.0
HOSP-4412,The Johns Hopkins Hospital,endocrinology,2023-05-30,1,65.0,45.0,25.0,320.0,0.0
HOSP-4412,The Johns Hopkins Hospital,gastroenterology,,1,81.0,75.0,16.0,660.0,0.0
HOSP-4413,The Johns Hopkins Hospital,gastroenterology,2021-09-22,1,12.0,90.0,15.0,940.0,0.0
HOSP-4413,The Johns Hopkins Hospital,neurology,,1,90.0,120.0,7.0,1430.0,1.0
HOSP-4413,The Johns Hopkins Hospital,pulmonology or allergy and immunology,,1,14.0,60.0,28.0,490.0,1.0
HOSP-4414,The Johns Hopkins Hospital,cardiology or internal medicine,2021-09-17,1,64.0,90.0,13.0,1330.0,1.0
HOSP-4417,The Johns Hopkins Hospital,gastroenterology,2021-03-18,1,21.0,30.0,18.0,970.0,0.0
HOSP-4417,The Johns Hopkins Hospital,gastroenterology,2022-10-13,1,18.0,75.0,2.0,460.0,1.0
HOSP-4418,The Johns Hopkins Hospital,neurology,2020-09-28,1,30.0,60.0,30.0,1520.0,0.0
HOSP-4418,The Johns Hopkins Hospital,pulmonology or allergy and immunology,2023-04-17,1,41.0,60.0,10.0,130.0,0.0
HOSP-4420,The Johns Hopkins Hospital,oncology,2021-10-14,1,9.0,120.0,2.0,790.0,0.0
HOSP-4421,The Johns Hopkins Hospital,infectious disease,,1,43.0,75.0,21.0,260.0,1.0
HOSP-4422,The Johns Hopkins Hospital,oncology,2022-01-26,1,50.0,45.0,14.0,670.0,1.0
HOSP-4424,The Johns Hopkins Hospital,infectious disease or internal medicine,,1,87.0,105.0,15.0,1080.0,0.0
HOSP-4425,The Johns Hopkins Hospital,allergy and immunology,2024-04-17,1,53.0,90.0,30.0,1370.0,0.0
HOSP-4425,The Johns Hopkins Hospital,cardiology,2020-11-16,1,42.0,30.0,18.0,210.0,1.0
HOSP-4426,The Johns Hopkins Hospital,allergy and immunology,2024-06-26,1,63.0,30.0,11.0,690.0,0.0
HOSP-4427,The Johns Hopkins Hospital,gastroenterology,2023-02-15,1,88.0,60.0,7.0,860.0,0.0
HOSP-4427,The Johns Hopkins Hospital,neurology,2020-11-23,1,66.0,45.0,21.0,480.0,0.0
HOSP-4430,The Johns Hopkins Hospital,psychiatry,,1,76.0,90.0,3.0,210.0,0.0
HOSP-4431,The Johns Hopkins Hospital,gastroenterology,2024-04-19,1,10.0,30.0,26.0,1420.0,0.0
HOSP-4432,The Johns Hopkins Hospital,psychiatry,,1,39.0,90.0,18.0,970.0,1.0
HOSP-4432,The Johns Hopkins Hospital,rheumatology,2023-07-22,1,46.0,60.0,8.0,1210.0,0.0
HOSP-4433,The Johns Hopkins Hospital,dermatology,2022-08-26,1,62.0,60.0,3.0,630.0,1.0
HOSP-4433,The Johns Hopkins Hospital,neurology,,1,82.0,15.0,15.0,1060.0,1.0
HOSP-4437,The Johns Hopkins Hospital,psychiatry,2021-07-30,1,26.0,15.0,22.0,940.0,0.0
HOSP-4438,The Johns Hopkins Hospital,nephrology,2022-06-18,1,52.0,105.0,1.0,1510.0,1.0
HOSP-4438,The Johns Hopkins Hospital,oncology,2020-11-17,1,58.0,75.0,4.0,920.0,0.0
HOSP-4440,The Johns Hopkins Hospital,cardiology,2020-08-30,1,27.0,30.0,20.0,290.0,0.0
HOSP-4440,The Johns Hopkins Hospital,cardiology or internal medicine,,1,65.0,30.0,2.0,570.0,1.0
HOSP-4440,The Johns Hopkins Hospital,gastroenterology,2023-03-23,1,4.0,60.0,11.0,320.0,1.0
HOSP-4441,The Johns Hopkins Hospital,endocrinology,,1,6.0,60.0,14.0,910.0,0.0
HOSP-4441,The Johns Hopkins Hospital,hepatology or gastroenterology,2020-11-20,1,41.0,120.0,1.0,1600.0,1.0
HOSP-4442,The Johns Hopkins Hospital,neurology,2020-12-22,1,1.0,120.0,6.0,270.0,1.0
HOSP-4443,The Johns Hopkins Hospital,psychiatry,,1,1.0,60.0,18.0,1260.0,0.0
HOSP-4443,The Johns Hopkins Hospital,urology or nephrology,,1,28.0,60.0,20.0,980.0,0.0
HOSP-4444,The Johns Hopkins Hospital,neurology,,1,89.0,90.0,11.0,180.0,0.0
HOSP-4447,The Johns Hopkins Hospital,hepatology,2021-10-22,1,95.0,15.0,16.0,1200.0,0.0
HOSP-4448,The Johns Hopkins Hospital,neurology,2021-10-31,1,52.0,60.0,22.0,540.0,0.0
HOSP-4450,The Johns Hopkins Hospital,cardiology,2023-03-25,1,79.0,30.0,4.0,1230.0,1.0
HOSP-4450,The Johns Hopkins Hospital,oncology,,1,42.0,75.0,5.0,540.0,0.0
HOSP-4451,The Johns Hopkins Hospital,dermatology,,1,18.0,15.0,5.0,1540.0,0.0
HOSP-4451,The Johns Hopkins Hospital,neurology,2023-09-28,1,41.0,30.0,12.0,190.0,0.0
HOSP-4453,The Johns Hopkins Hospital,cardiology,,1,22.0,45.0,28.0,380.0,0.0
HOSP-4453,The Johns Hopkins Hospital,hepatology or gastroenterology,,1,14.0,60.0,13.0,550.0,1.0
HOSP-4455,The Johns Hopkins Hospital,gastroenterology,2020-12-20,1,12.0,60.0,8.0,290.0,1.0
HOSP-4459,The Johns Hopkins Hospital,allergy and immunology,2023-06-13,1,47.0,60.0,2.0,760.0,1.0
HOSP-4461,The Johns Hopkins Hospital,allergy and immunology,2021-02-22,1,90.0,120.0,12.0,840.0,1.0
HOSP-4461,The Johns Hopkins Hospital,neurology,,1,32.0,45.0,18.0,730.0,1.0
HOSP-4462,The Johns Hopkins Hospital,pulmonology,2023-03-13,1,83.0,60.0,9.0,1410.0,1.0
HOSP-4464,The Johns Hopkins Hospital,allergy and immunology,,1,5.0,30.0,5.0,800.0,0.0
HOSP-4464,The Johns Hopkins Hospital,gastroenterology,2023-07-30,1,95.0,30.0,19.0,1440.0,1.0
HOSP-4464,The Johns Hopkins Hospital,pulmonology or infectious disease,2023-12-17,1,76.0,60.0,3.0,680.0,1.0
HOSP-4465,The Johns Hopkins Hospital,cardiology or internal medicine,2023-04-20,1,38.0,105.0,5.0,410.0,1.0
HOSP-4465,The Johns Hopkins Hospital,rheumatology,2021-08-30,1,77.0,75.0,7.0,1150.0,0.0
HOSP-4467,The Johns Hopkins Hospital,allergy and immunology,2021-03-30,1,90.0,45.0,22.0,1420.0,0.0
HOSP-4469,The Johns Hopkins Hospital,dermatology,2021-06-26,1,78.0,60.0,12.0,230.0,0.0
HOSP-4470,The Johns Hopkins Hospital,pulmonology or infectious disease,,1,15.0,120.0,14.0,230.0,0.0
HOSP-4472,The Johns Hopkins Hospital,gastroenterology,2024-05-28,1,65.0,30.0,3.0,870.0,0.0
HOSP-4473,The Johns Hopkins Hospital,endocrinology,,1,10.0,120.0,18.0,1040.0,1.0
HOSP-4473,The Johns Hopkins Hospital,pulmonology,2021-04-27,1,54.0,30.0,23.0,1220.0,1.0
HOSP-4475,The Johns Hopkins Hospital,cardiology or internal medicine,2021-04-26,1,85.0,90.0,14.0,940.0,0.0
HOSP-4475,The Johns Hopkins Hospital,infectious disease or internal medicine,2024-01-26,1,21.0,60.0,30.0,1130.0,1.0
HOSP-4476,The Johns Hopkins Hospital,gastroenterology,,1,42.0,30.0,5.0,1430.0,0.0
HOSP-4476,The Johns Hopkins Hospital,nephrology,2022-04-25,1,38.0,120.0,22.0,1090.0,0.0
HOSP-4480,The Johns Hopkins Hospital,pulmonology,2021-10-20,1,50.0,30.0,9.0,1080.0,0.0
HOSP-4481,The Johns Hopkins Hospital,pulmonology or infectious disease,2023-08-22,1,23.0,45.0,19.0,830.0,1.0
HOSP-4482,The Johns Hopkins Hospital,hepatology,2021-02-24,1,7.0,60.0,19.0,700.0,0.0
HOSP-4482,The Johns Hopkins Hospital,hepatology or gastroenterology,2022-07-13,1,63.0,120.0,21.0,210.0,0.0
HOSP-4482,The Johns Hopkins Hospital,neurology,,1,62.0,15.0,18.0,470.0,0.0
HOSP-4483,The Johns Hopkins Hospital,gastroenterology,2023-08-20,1,42.0,105.0,6.0,160.0,0.0
HOSP-4484,The Johns Hopkins Hospital,pulmonology or allergy and immunology,,1,71.0,15.0,24.0,130.0,0.0
HOSP-4485,The Johns Hopkins Hospital,infectious disease or internal medicine,,1,19.0,60.0,26.0,1130.0,1.0
HOSP-4485,The Johns Hopkins Hospital,urology or nephrology,,1,27.0,30.0,19.0,770.0,1.0
HOSP-4486,The Johns Hopkins Hospital,gastroenterology,2024-01-22,1,0.0,45.0,22.0,1180.0,0.0
HOSP-4490,The Johns Hopkins Hospital,endocrinology,2023-08-14,1,66.0,105.0,20.0,900.0,0.0
HOSP-4491,The Johns Hopkins Hospital,gastroenterology,,1,13.0,60.0,17.0,1070.0,1.0
HOSP-4492,The Johns Hopkins Hospital,hepatology,,1,20.0,15.0,25.0,1160.0,0.0
HOSP-4493,The Johns Hopkins Hospital,gastroenterology,,1,57.0,90.0,9.0,1530.0,1.0
HOSP-4495,The Johns Hopkins Hospital,neurology,,1,1.0,30.0,11.0,1540.0,1.0
HOSP-4495,The Johns Hopkins Hospital,psychiatry,2020-08-29,1,64.0,30.0,26.0,800.0,1.0
HOSP-4496,The Johns Hopkins Hospital,oncology,,1,10.0,75.0,11.0,1350.0,1.0
HOSP-4497,The Johns Hopkins Hospital,infectious disease or internal medicine,2022-02-28,1,65.0,30.0,30.0,680.0,0.0
HOSP-4498,The Johns Hopkins Hospital,allergy and immunology,2021-12-26,1,12.0,90.0,18.0,1090.0,0.0
HOSP-4499,The Johns Hopkins Hospital,neurology,,1,42.0,15.0,28.0,910.0,1.0
HOSP-4500,The Johns Hopkins Hospital,gastroenterology,2021-04-27,1,65.0,105.0,7.0,1420.0,0.0
HOSP-4500,The Johns Hopkins Hospital,neurology,2022-03-28,1,62.0,30.0,15.0,950.0,0.0
HOSP-4501,The Johns Hopkins Hospital,nephrology,2021-08-25,1,29.0,45.0,3.0,360.0,0.0
HOSP-4501,The Johns Hopkins Hospital,neurology,2024-01-13,1,49.0,60.0,3.0,390.0,1.0
HOSP-4502,The Johns Hopkins Hospital,psychiatry,2021-01-28,1,67.0,15.0,6.0,1450.0,1.0
HOSP-4505,The Johns Hopkins Hospital,pulmonology,2020-11-19,1,1.0,60.0,21.0,1370.0,1.0
HOSP-4505,The Johns Hopkins Hospital,pulmonology,2024-03-29,1,25.0,15.0,29.0,340.0,0.0
HOSP-4507,The Johns Hopkins Hospital,psychiatry,2023-11-30,1,15.0,45.0,9.0,870.0,1.0
HOSP-4507,The Johns Hopkins Hospital,pulmonology or infectious disease,2021-04-22,1,29.0,30.0,25.0,540.0,0.0
HOSP-4508,The Johns Hopkins Hospital,dermatology,,1,69.0,15.0,12.0,950.0,1.0
HOSP-4508,The Johns Hopkins Hospital,endocrinology,2021-06-21,1,42.0,30.0,24.0,1210.0,0.0
HOSP-4508,The Johns Hopkins Hospital,psychiatry,,1,85.0,15.0,6.0,1070.0,1.0
HOSP-4509,The Johns Hopkins Hospital,rheumatology,,1,9.0,75.0,20.0,1250.0,0.0
HOSP-4510,The Johns Hopkins Hospital,neurology,2023-02-20,1,77.0,60.0,30.0,110.0,0.0
HOSP-4510,The Johns Hopkins Hospital,neurology,,1,63.0,60.0,29.0,650.0,1.0
HOSP-4511,The Johns Hopkins Hospital,neurology,2022-08-14,1,21.0,75.0,13.0,240.0,0.0
HOSP-4512,The Johns Hopkins Hospital,hepatology or gastroenterology,2021-01-21,1,7.0,105.0,6.0,810.0,1.0
HOSP-4512,The Johns Hopkins Hospital,infectious disease or internal medicine,,1,9.0,60.0,2.0,700.0,0.0
HOSP-4513,The Johns Hopkins Hospital,neurology,2023-03-21,1,79.0,45.0,20.0,1180.0,1.0
HOSP-4515,The Johns Hopkins Hospital,hepatology or gastroenterology,2024-02-22,1,21.0,105.0,9.0,520.0,1.0
HOSP-4516,The Johns Hopkins Hospital,neurology,,1,47.0,45.0,11.0,510.0,1.0
HOSP-4517,The Johns Hopkins Hospital,endocrinology,2022-12-31,1,29.0,75.0,15.0,680.0,0.0
HOSP-4517,The Johns Hopkins Hospital,urology or nephrology,2022-06-14,1,87.0,120.0,17.0,1070.0,0.0
HOSP-4518,The Johns Hopkins Hospital,rheumatology,,1,46.0,120.0,14.0,1500.0,1.0
HOSP-4519,The Johns Hopkins Hospital,neurology,2023-08-13,1,33.0,45.0,19.0,580.0,0.0
HOSP-4520,The Johns Hopkins Hospital,gastroenterology,2023-04-28,1,75.0,60.0,14.0,100.0,1.0
HOSP-4522,The Johns Hopkins Hospital,dermatology,2023-01-29,1,16.0,90.0,18.0,490.0,0.0
HOSP-4522,The Johns Hopkins Hospital,rheumatology,2020-11-15,1,81.0,75.0,1.0,1340.0,0.0
HOSP-4522,The Johns Hopkins Hospital,rheumatology,,1,92.0,45.0,14.0,1130.0,1.0
HOSP-4523,The Johns Hopkins Hospital,cardiology,2023-12-24,1,34.0,105.0,14.0,130.0,0.0
HOSP-4524,The Johns Hopkins Hospital,dermatology,,1,26.0,60.0,25.0,660.0,1.0
HOSP-4524,The Johns Hopkins Hospital,infectious disease,,1,34.0,45.0,24.0,260.0,0.0
HOSP-4524,The Johns Hopkins Hospital,pulmonology or allergy and immunology,,1,74.0,15.0,3.0,810.0,0.0
HOSP-4525,The Johns Hopkins Hospital,oncology,2023-10-23,1,17.0,30.0,3.0,580.0,1.0
HOSP-4525,The Johns Hopkins Hospital,psychiatry,,1,16.0,60.0,25.0,1200.0,1.0
HOSP-4527,The Johns Hopkins Hospital,gastroenterology,2020-10-21,1,14.0,45.0,9.0,440.0,0.0
HOSP-4527,The Johns Hopkins Hospital,gastroenterology,,1,53.0,75.0,29.0,990.0,1.0
HOSP-4529,The Johns Hopkins Hospital,gastroenterology,2023-02-16,1,24.0,105.0,26.0,1510.0,0.0
HOSP-4529,The Johns Hopkins Hospital,urology or nephrology,2022-06-19,1,55.0,105.0,20.0,1520.0,0.0
HOSP-4531,The Johns Hopkins Hospital,cardiology,,1,21.0,60.0,10.0,790.0,1.0
HOSP-4532,The Johns Hopkins Hospital,dermatology,2020-12-14,1,75.0,90.0,18.0,1440.0,1.0
HOSP-4532,The Johns Hopkins Hospital,infectious disease or internal medicine,2023-12-28,1,9.0,30.0,5.0,1070.0,0.0
HOSP-4533,The Johns Hopkins Hospital,rheumatology,2023-11-18,1,32.0,15.0,4.0,830.0,1.0
HOSP-4535,The Johns Hopkins Hospital,endocrinology,2022-12-18,1,93.0,15.0,7.0,450.0,0.0
HOSP-4535,The Johns Hopkins Hospital,psychiatry,,1,5.0,90.0,28.0,410.0,0.0
HOSP-4535,The Johns Hopkins Hospital,urology or nephrology,2021-04-26,1,15.0,30.0,30.0,990.0,1.0
HOSP-4536,The Johns Hopkins Hospital,gastroenterology,,1,95.0,60.0,10.0,830.0,1.0
HOSP-4537,The Johns Hopkins Hospital,nephrology,,1,14.0,120.0,10.0,1360.0,0.0
HOSP-4539,The Johns Hopkins Hospital,infectious disease or internal medicine,2023-04-13,1,75.0,45.0,8.0,1230.0,0.0
HOSP-4539,The Johns Hopkins Hospital,rheumatology,2024-01-19,1,77.0,45.0,18.0,1040.0,1.0
HOSP-4540,The Johns Hopkins Hospital,infectious disease,2023-08-16,1,59.0,120.0,27.0,640.0,1.0
HOSP-4540,The Johns Hopkins Hospital,neurology,2021-11-29,1,64.0,105.0,29.0,680.0,0.0
HOSP-4540,The Johns Hopkins Hospital,neurology,,1,1.0,75.0,22.0,410.0,1.0
HOSP-4540,The Johns Hopkins Hospital,psychiatry,2023-09-18,1,46.0,30.0,14.0,970.0,1.0
HOSP-4540,The Johns Hopkins Hospital,urology or nephrology,,1,22.0,45.0,12.0,190.0,0.0
HOSP-4541,The Johns Hopkins Hospital,psychiatry,,1,47.0,90.0,25.0,1070.0,0.0
HOSP-4542,The Johns Hopkins Hospital,psychiatry,2023-07-22,1,85.0,45.0,19.0,120.0,0.0
HOSP-4542,The Johns Hopkins Hospital,pulmonology,,1,16.0,15.0,27.0,1060.0,1.0
HOSP-4543,The Johns Hopkins Hospital,gastroenterology,2021-07-13,1,17.0,105.0,20.0,520.0,0.0
HOSP-4545,The Johns Hopkins Hospital,gastroenterology,2022-12-29,1,8.0,45.0,8.0,1550.0,0.0
HOSP-4545,The Johns Hopkins Hospital,neurology,2021-09-30,1,77.0,90.0,23.0,920.0,0.0
HOSP-4547,The Johns Hopkins Hospital,hepatology,,1,80.0,15.0,9.0,1560.0,0.0
HOSP-4547,The Johns Hopkins Hospital,rheumatology,2022-10-23,1,85.0,15.0,15.0,550.0,1.0
HOSP-4548,The Johns Hopkins Hospital,neurology,,1,76.0,30.0,19.0,110.0,1.0
HOSP-4549,The Johns Hopkins Hospital,gastroenterology,,1,75.0,90.0,17.0,1050.0,0.0
HOSP-4549,The Johns Hopkins Hospital,rheumatology,2020-08-24,1,73.0,45.0,23.0,610.0,1.0
HOSP-4550,The Johns Hopkins Hospital,rheumatology,,1,8.0,45.0,3.0,700.0,0.0
HOSP-4551,The Johns Hopkins Hospital,gastroenterology,,1,36.0,45.0,18.0,210.0,0.0
HOSP-4552,The Johns Hopkins Hospital,psychiatry,,1,16.0,75.0,9.0,1010.0,0.0
HOSP-4553,The Johns Hopkins Hospital,infectious disease or internal medicine,2022-09-25,1,35.0,45.0,30.0,1170.0,0.0
HOSP-4553,The Johns Hopkins Hospital,oncology,,1,81.0,105.0,8.0,480.0,1.0
HOSP-4554,The Johns Hopkins Hospital,cardiology or internal medicine,,1,2.0,90.0,6.0,1320.0,0.0
HOSP-4554,The Johns Hopkins Hospital,rheumatology,2020-09-16,1,6.0,45.0,23.0,420.0,1.0
HOSP-4555,The Johns Hopkins Hospital,cardiology,2020-12-24,1,14.0,45.0,27.0,560.0,0.0
HOSP-4555,The Johns Hopkins Hospital,urology or nephrology,,1,84.0,45.0,19.0,520.0,0.0
HOSP-4556,The Johns Hopkins Hospital,infectious disease,,1,86.0,75.0,26.0,950.0,0.0
HOSP-4557,The Johns Hopkins Hospital,infectious disease,,1,76.0,105.0,27.0,800.0,0.0
HOSP-4557,The Johns Hopkins Hospital,rheumatology,,1,24.0,15.0,15.0,1530.0,1.0
HOSP-4558,The Johns Hopkins Hospital,nephrology,,1,90.0,90.0,29.0,1250.0,0.0
HOSP-4559,The Johns Hopkins Hospital,psychiatry,2020-11-29,1,46.0,75.0,24.0,420.0,0.0
HOSP-4561,The Johns Hopkins Hospital,neurology,2022-06-22,1,15.0,90.0,5.0,690.0,0.0
HOSP-4561,The Johns Hopkins Hospital,neurology,,1,79.0,120.0,13.0,600.0,0.0
HOSP-4562,The Johns Hopkins Hospital,cardiology or internal medicine,,1,36.0,75.0,15.0,1320.0,1.0
HOSP-4562,The Johns Hopkins Hospital,gastroenterology,,1,78.0,120.0,18.0,870.0,1.0
HOSP-4563,The Johns Hopkins Hospital,gastroenterology,2021-09-27,1,27.0,105.0,15.0,960.0,0.0
HOSP-4564,The Johns Hopkins Hospital,gastroenterology,2021-04-19,1,40.0,90.0,9.0,590.0,1.0
HOSP-4564,The Johns Hopkins Hospital,gastroenterology,,1,7.0,105.0,23.0,1350.0,1.0
HOSP-4566,The Johns Hopkins Hospital,cardiology or internal medicine,2020-08-30,1,31.0,105.0,19.0,1100.0,0.0
HOSP-4566,The Johns Hopkins Hospital,gastroenterology,2021-05-19,1,94.0,90.0,20.0,810.0,1.0
HOSP-4568,The Johns Hopkins Hospital,endocrinology,2024-04-22,1,84.0,45.0,6.0,730.0,0.0
HOSP-4572,The Johns Hopkins Hospital,gastroenterology,,1,28.0,30.0,18.0,1560.0,1.0
HOSP-4573,The Johns Hopkins Hospital,neurology,2021-08-26,1,55.0,60.0,12.0,400.0,0.0
HOSP-4574,The Johns Hopkins Hospital,endocrinology,2022-06-26,1,3.0,105.0,12.0,910.0,0.0
HOSP-4576,The Johns Hopkins Hospital,pulmonology,,1,54.0,45.0,5.0,1190.0,0.0
HOSP-4577,The Johns Hopkins Hospital,endocrinology,,1,33.0,75.0,29.0,1320.0,1.0
HOSP-4579,The Johns Hopkins Hospital,dermatology,2021-06-26,1,70.0,60.0,22.0,1040.0,1.0
HOSP-4579,The Johns Hopkins Hospital,pulmonology or infectious disease,,1,93.0,90.0,7.0,1020.0,0.0
HOSP-4580,The Johns Hopkins Hospital,nephrology,,1,20.0,120.0,16.0,420.0,1.0
HOSP-4581,The Johns Hopkins Hospital,neurology,2021-05-23,1,60.0,45.0,25.0,900.0,0.0
HOSP-4581,The Johns Hopkins Hospital,rheumatology,2021-12-31,1,9.0,45.0,1.0,1400.0,0.0
HOSP-4583,The Johns Hopkins Hospital,allergy and immunology,2024-03-19,1,5.0,75.0,24.0,720.0,1.0
HOSP-4583,The Johns Hopkins Hospital,rheumatology,2020-11-26,1,55.0,15.0,22.0,990.0,0.0
HOSP-4583,The Johns Hopkins Hospital,rheumatology,,1,87.0,105.0,25.0,1330.0,1.0
HOSP-4585,The Johns Hopkins Hospital,endocrinology,,1,75.0,120.0,15.0,430.0,0.0
HOSP-4585,The Johns Hopkins Hospital,pulmonology or infectious disease,2022-10-31,1,40.0,90.0,8.0,1480.0,0.0
HOSP-4586,The Johns Hopkins Hospital,cardiology,,1,54.0,60.0,27.0,1320.0,0.0
HOSP-4587,The Johns Hopkins Hospital,gastroenterology,,1,75.0,90.0,4.0,340.0,1.0
HOSP-4587,The Johns Hopkins Hospital,pulmonology,2021-11-14,1,85.0,45.0,7.0,270.0,0.0
HOSP-4588,The Johns Hopkins Hospital,cardiology,,1,36.0,15.0,6.0,230.0,0.0
HOSP-4588,The Johns Hopkins Hospital,gastroenterology,2020-08-20,1,77.0,45.0,4.0,450.0,0.0
HOSP-4589,The Johns Hopkins Hospital,cardiology,2022-06-13,1,35.0,90.0,3.0,1150.0,1.0
HOSP-4589,The Johns Hopkins Hospital,pulmonology or allergy and immunology,2020-08-31,1,24.0,15.0,7.0,370.0,1.0
HOSP-4591,The Johns Hopkins Hospital,urology or nephrology,2022-10-13,1,0.0,60.0,20.0,640.0,0.0
HOSP-4593,The Johns Hopkins Hospital,hepatology,2023-10-20,1,68.0,90.0,14.0,1520.0,1.0
HOSP-4593,The Johns Hopkins Hospital,rheumatology,2023-07-24,1,31.0,15.0,9.0,1580.0,1.0
HOSP-4595,The Johns Hopkins Hospital,infectious disease or internal medicine,,1,23.0,105.0,19.0,1330.0,0.0
HOSP-4596,The Johns Hopkins Hospital,neurology,,1,48.0,45.0,10.0,1180.0,0.0
HOSP-4597,The Johns Hopkins Hospital,cardiology,2022-08-13,1,46.0,45.0,7.0,800.0,0.0
HOSP-4597,The Johns Hopkins Hospital,urology or nephrology,2021-10-17,1,43.0,105.0,18.0,520.0,0.0
HOSP-4599,The Johns Hopkins Hospital,gastroenterology,2021-05-13,1,37.0,30.0,3.0,640.0,1.0
HOSP-4599,The Johns Hopkins Hospital,hepatology or gastroenterology,2020-08-19,1,32.0,105.0,28.0,1220.0,0.0
HOSP-4599,The Johns Hopkins Hospital,psychiatry,2021-04-24,1,10.0,75.0,1.0,1470.0,0.0
HOSP-4600,The Johns Hopkins Hospital,infectious disease,,1,13.0,30.0,26.0,1550.0,0.0
HOSP-4600,The Johns Hopkins Hospital,urology or nephrology,2023-11-26,1,33.0,120.0,11.0,1340.0,1.0
HOSP-4602,The Johns Hopkins Hospital,hepatology or gastroenterology,,1,42.0,120.0,5.0,760.0,0.0
HOSP-4603,The Johns Hopkins Hospital,infectious disease or internal medicine,2024-05-26,1,85.0,120.0,13.0,1050.0,0.0
HOSP-4605,The Johns Hopkins Hospital,psychiatry,2020-10-28,1,84.0,75.0,12.0,1480.0,1.0
HOSP-4606,The Johns Hopkins Hospital,neurology,2022-01-30,1,87.0,60.0,20.0,430.0,1.0
HOSP-4607,The Johns Hopkins Hospital,psychiatry,2024-05-17,1,19.0,30.0,12.0,660.0,0.0
HOSP-4608,The Johns Hopkins Hospital,infectious disease,2021-02-16,1,91.0,75.0,28.0,1530.0,1.0
HOSP-4611,The Johns Hopkins Hospital,cardiology,2021-04-23,1,10.0,45.0,14.0,1170.0,1.0
HOSP-4612,The Johns Hopkins Hospital,dermatology,,1,64.0,75.0,28.0,660.0,0.0
HOSP-4613,The Johns Hopkins Hospital,neurology,,1,94.0,30.0,19.0,870.0,1.0
HOSP-4613,The Johns Hopkins Hospital,psychiatry,2023-08-29,1,87.0,120.0,16.0,170.0,1.0
HOSP-4615,The Johns Hopkins Hospital,allergy and immunology,2020-10-29,1,10.0,60.0,19.0,1310.0,0.0
HOSP-4615,The Johns Hopkins Hospital,cardiology or internal medicine,,1,3.0,75.0,29.0,1380.0,1.0
HOSP-4616,The Johns Hopkins Hospital,pulmonology or infectious disease,,1,26.0,90.0,25.0,990.0,1.0
HOSP-4618,The Johns Hopkins Hospital,allergy and immunology,2022-07-21,1,48.0,105.0,15.0,570.0,1.0
HOSP-4618,The Johns Hopkins Hospital,endocrinology,2021-06-20,1,40.0,90.0,14.0,600.0,0.0
HOSP-4618,The Johns Hopkins Hospital,gastroenterology,2021-12-13,1,14.0,60.0,17.0,1070.0,0.0
HOSP-4618,The Johns Hopkins Hospital,rheumatology,2021-09-26,1,10.0,90.0,7.0,170.0,1.0
HOSP-4619,The Johns Hopkins Hospital,neurology,2024-06-13,1,10.0,15.0,6.0,120.0,0.0
HOSP-4621,The Johns Hopkins Hospital,gastroenterology,,1,55.0,30.0,26.0,1380.0,1.0
HOSP-4621,The Johns Hopkins Hospital,nephrology,2022-04-20,1,95.0,90.0,16.0,1600.0,1.0
HOSP-4621,The Johns Hopkins Hospital,neurology,2023-12-28,1,36.0,120.0,18.0,220.0,0.0
HOSP-4623,The Johns Hopkins Hospital,psychiatry,2022-01-19,1,84.0,75.0,26.0,950.0,1.0
HOSP-4623,The Johns Hopkins Hospital,urology or nephrology,2022-11-30,1,50.0,120.0,23.0,1120.0,0.0
HOSP-4624,The Johns Hopkins Hospital,neurology,,1,26.0,90.0,30.0,880.0,0.0
HOSP-4625,The Johns Hopkins Hospital,neurology,,1,70.0,30.0,19.0,790.0,0.0
HOSP-4626,The Johns Hopkins Hospital,neurology,,1,86.0,120.0,29.0,1160.0,1.0
HOSP-4626,The Johns Hopkins Hospital,pulmonology or allergy and immunology,2024-04-26,1,82.0,120.0,14.0,1190.0,0.0
HOSP-4630,The Johns Hopkins Hospital,psychiatry,2024-03-14,1,47.0,120.0,11.0,1400.0,0.0
HOSP-4630,The Johns Hopkins Hospital,psychiatry,,1,83.0,105.0,4.0,1210.0,0.0
HOSP-4630,The Johns Hopkins Hospital,pulmonology,,1,39.0,30.0,8.0,430.0,0.0
HOSP-4633,The Johns Hopkins Hospital,infectious disease or internal medicine,2023-05-25,1,60.0,120.0,22.0,960.0,1.0
HOSP-4633,The Johns Hopkins Hospital,nephrology,2024-05-14,1,78.0,90.0,22.0,720.0,1.0
HOSP-4633,The Johns Hopkins Hospital,rheumatology,2023-07-27,1,89.0,60.0,23.0,790.0,0.0
HOSP-4635,The Johns Hopkins Hospital,pulmonology,2022-06-20,1,5.0,90.0,21.0,360.0,1.0
HOSP-4638,The Johns Hopkins Hospital,hepatology or gastroenterology,2024-06-26,1,90.0,60.0,12.0,140.0,1.0
HOSP-4638,The Johns Hopkins Hospital,rheumatology,2022-11-14,1,92.0,90.0,15.0,770.0,0.0
HOSP-4640,The Johns Hopkins Hospital,dermatology,2024-05-16,1,36.0,75.0,1.0,790.0,0.0
HOSP-4640,The Johns Hopkins Hospital,neurology,,1,59.0,15.0,9.0,1370.0,1.0
HOSP-4640,The Johns Hopkins Hospital,pulmonology or allergy and immunology,,1,94.0,120.0,16.0,100.0,1.0
HOSP-4641,The Johns Hopkins Hospital,infectious disease or internal medicine,2023-08-16,1,27.0,90.0,1.0,940.0,1.0
HOSP-4642,The Johns Hopkins Hospital,rheumatology,2022-09-19,1,86.0,30.0,28.0,230.0,1.0
HOSP-4648,The Johns Hopkins Hospital,infectious disease or internal medicine,2022-02-13,1,71.0,120.0,6.0,790.0,0.0
HOSP-4648,The Johns Hopkins Hospital,neurology,2021-09-15,1,44.0,75.0,22.0,1350.0,1.0
HOSP-4648,The Johns Hopkins Hospital,oncology,2021-01-24,1,51.0,120.0,3.0,630.0,0.0
HOSP-4649,The Johns Hopkins Hospital,neurology,,1,81.0,105.0,10.0,1570.0,1.0
HOSP-4650,The Johns Hopkins Hospital,hepatology,,1,80.0,120.0,29.0,860.0,0.0
HOSP-4651,The Johns Hopkins Hospital,infectious disease or internal medicine,2021-04-15,1,58.0,30.0,12.0,1150.0,1.0
HOSP-4651,The Johns Hopkins Hospital,neurology,2021-11-21,1,91.0,75.0,19.0,1280.0,1.0
HOSP-4652,The Johns Hopkins Hospital,infectious disease or internal medicine,2023-05-14,1,56.0,30.0,22.0,740.0,0.0
HOSP-4652,The Johns Hopkins Hospital,nephrology,2022-08-26,1,27.0,15.0,26.0,1160.0,1.0
HOSP-4652,The Johns Hopkins Hospital,nephrology,,1,20.0,75.0,12.0,220.0,0.0
HOSP-4652,The Johns Hopkins Hospital,neurology,2020-08-30,1,2.0,45.0,18.0,230.0,0.0
HOSP-4652,The Johns Hopkins Hospital,urology or nephrology,,1,4.0,75.0,19.0,220.0,1.0
HOSP-4654,The Johns Hopkins Hospital,infectious disease or internal medicine,2024-04-19,1,48.0,120.0,27.0,180.0,1.0
HOSP-4655,The Johns Hopkins Hospital,dermatology,,1,2.0,90.0,28.0,610.0,0.0
HOSP-4657,The Johns Hopkins Hospital,neurology,,1,83.0,120.0,12.0,890.0,0.0
HOSP-4658,The Johns Hopkins Hospital,psychiatry,2023-05-19,1,7.0,75.0,12.0,1370.0,0.0
HOSP-4659,The Johns Hopkins Hospital,pulmonology,,1,63.0,15.0,2.0,510.0,0.0
HOSP-4660,The Johns Hopkins Hospital,allergy and immunology,,1,8.0,45.0,28.0,210.0,1.0
HOSP-4660,The Johns Hopkins Hospital,oncology,,1,31.0,60.0,21.0,930.0,0.0
HOSP-4662,The Johns Hopkins Hospital,endocrinology,2021-07-14,1,50.0,60.0,5.0,1160.0,1.0
HOSP-4663,The Johns Hopkins Hospital,rheumatology,2023-06-15,1,85.0,30.0,17.0,1310.0,1.0
HOSP-4664,The Johns Hopkins Hospital,cardiology or internal medicine,2022-03-13,1,10.0,90.0,7.0,160.0,1.0
HOSP-4665,The Johns Hopkins Hospital,infectious disease,,1,47.0,90.0,9.0,1500.0,1.0
HOSP-4665,The Johns Hopkins Hospital,psychiatry,2022-11-13,1,59.0,30.0,15.0,1060.0,0.0
HOSP-4666,The Johns Hopkins Hospital,allergy and immunology,,1,62.0,15.0,21.0,1450.0,0.0
HOSP-4667,The Johns Hopkins Hospital,neurology,2021-04-21,1,68.0,75.0,23.0,1370.0,0.0
HOSP-4668,The Johns Hopkins Hospital,cardiology,,1,44.0,30.0,25.0,450.0,0.0
HOSP-4668,The Johns Hopkins Hospital,hepatology,,1,26.0,105.0,11.0,1470.0,1.0
HOSP-4668,The Johns Hopkins Hospital,infectious disease or internal medicine,,1,87.0,105.0,12.0,940.0,0.0
HOSP-4668,The Johns Hopkins Hospital,oncology,,1,60.0,105.0,14.0,1330.0,0.0
HOSP-4669,The Johns Hopkins Hospital,cardiology,2021-03-14,1,14.0,105.0,30.0,880.0,0.0
HOSP-4669,The Johns Hopkins Hospital,dermatology,2020-08-16,1,19.0,60.0,12.0,170.0,0.0
HOSP-4670,The Johns Hopkins Hospital,endocrinology,2023-05-31,1,60.0,75.0,9.0,1100.0,0.0
HOSP-4670,The Johns Hopkins Hospital,neurology,2022-10-16,1,47.0,120.0,19.0,1580.0,0.0
HOSP-4671,The Johns Hopkins Hospital,cardiology or internal medicine,2020-11-13,1,12.0,90.0,29.0,740.0,1.0
HOSP-4671,The Johns Hopkins Hospital,gastroenterology,2022-02-20,1,59.0,30.0,3.0,480.0,1.0
HOSP-4671,The Johns Hopkins Hospital,gastroenterology,2023-04-29,1,38.0,75.0,5.0,1340.0,1.0
HOSP-4671,The Johns Hopkins Hospital,hepatology,,1,76.0,120.0,11.0,370.0,1.0
HOSP-4672,The Johns Hopkins Hospital,gastroenterology,2023-11-29,1,76.0,30.0,17.0,1300.0,1.0
HOSP-4672,The Johns Hopkins Hospital,psychiatry,2023-09-29,1,75.0,75.0,6.0,1400.0,1.0
HOSP-4673,The Johns Hopkins Hospital,endocrinology,2022-03-22,1,83.0,15.0,25.0,1220.0,1.0
HOSP-4674,The Johns Hopkins Hospital,urology or nephrology,,1,95.0,45.0,2.0,560.0,1.0
HOSP-4675,The Johns Hopkins Hospital,dermatology,,2,39.0,60.0,24.0,1030.0,1.0
HOSP-4675,The Johns Hopkins Hospital,pulmonology or allergy and immunology,2021-12-15,1,46.0,30.0,18.0,720.0,0.0
HOSP-4677,The Johns Hopkins Hospital,psychiatry,,1,55.0,60.0,5.0,900.0,1.0
HOSP-4680,The Johns Hopkins Hospital,rheumatology,,1,73.0,105.0,27.0,940.0,0.0
HOSP-4681,The Johns Hopkins Hospital,endocrinology,2023-03-22,1,71.0,75.0,5.0,770.0,1.0
HOSP-4681,The Johns Hopkins Hospital,hepatology or gastroenterology,,1,4.0,105.0,3.0,380.0,1.0
HOSP-4681,The Johns Hopkins Hospital,oncology,,1,49.0,30.0,26.0,430.0,1.0
HOSP-4683,The Johns Hopkins Hospital,cardiology or internal medicine,2023-06-22,1,57.0,45.0,24.0,1540.0,0.0
HOSP-4683,The Johns Hopkins Hospital,dermatology,2020-10-23,1,33.0,120.0,26.0,100.0,0.0
HOSP-4683,The Johns Hopkins Hospital,hepatology or gastroenterology,2022-04-15,1,93.0,30.0,26.0,750.0,0.0
HOSP-4683,The Johns Hopkins Hospital,oncology,,1,44.0,75.0,5.0,140.0,0.0
HOSP-4683,The Johns Hopkins Hospital,psychiatry,2021-09-26,1,82.0,15.0,23.0,1110.0,1.0
HOSP-4684,The Johns Hopkins Hospital,cardiology or internal medicine,,1,16.0,120.0,20.0,290.0,1.0
HOSP-4684,The Johns Hopkins Hospital,hepatology or gastroenterology,2022-03-27,1,88.0,30.0,6.0,880.0,0.0
HOSP-4685,The Johns Hopkins Hospital,cardiology,2023-09-29,1,13.0,120.0,7.0,500.0,0.0
HOSP-4686,The Johns Hopkins Hospital,allergy and immunology,2024-01-14,1,20.0,75.0,10.0,600.0,1.0
HOSP-4686,The Johns Hopkins Hospital,gastroenterology,2022-05-20,1,52.0,60.0,3.0,620.0,0.0
HOSP-4686,The Johns Hopkins Hospital,infectious disease or internal medicine,2022-05-21,1,92.0,15.0,23.0,1370.0,0.0
HOSP-4686,The Johns Hopkins Hospital,psychiatry,2023-11-15,1,12.0,60.0,23.0,1310.0,0.0
HOSP-4687,The Johns Hopkins Hospital,infectious disease or internal medicine,2022-01-31,1,84.0,105.0,15.0,260.0,1.0
HOSP-4687,The Johns Hopkins Hospital,psychiatry,2021-02-22,1,92.0,90.0,20.0,330.0,0.0
HOSP-4687,The Johns Hopkins Hospital,pulmonology or allergy and immunology,,1,90.0,30.0,15.0,580.0,0.0
HOSP-4688,The Johns Hopkins Hospital,neurology,2021-09-13,1,92.0,120.0,26.0,1210.0,0.0
HOSP-4689,The Johns Hopkins Hospital,neurology,2023-02-28,1,69.0,75.0,4.0,390.0,1.0
HOSP-4690,The Johns Hopkins Hospital,oncology,,1,58.0,30.0,5.0,700.0,0.0
HOSP-4691,The Johns Hopkins Hospital,dermatology,2023-02-27,1,23.0,15.0,28.0,1120.0,1.0
HOSP-4692,The Johns Hopkins Hospital,cardiology or internal medicine,2021-12-21,1,16.0,30.0,22.0,1030.0,0.0
HOSP-4692,The Johns Hopkins Hospital,neurology,2021-07-20,1,82.0,15.0,5.0,1190.0,1.0
HOSP-4695,The Johns Hopkins Hospital,gastroenterology,,1,85.0,105.0,29.0,350.0,1.0
HOSP-4697,The Johns Hopkins Hospital,nephrology,2021-12-13,1,36.0,105.0,21.0,1190.0,1.0
HOSP-4697,The Johns Hopkins Hospital,pulmonology,2021-08-31,1,45.0,120.0,29.0,500.0,0.0
HOSP-4698,The Johns Hopkins Hospital,gastroenterology,,1,15.0,105.0,7.0,510.0,0.0
HOSP-4699,The Johns Hopkins Hospital,pulmonology or infectious disease,2020-11-13,1,78.0,15.0,5.0,700.0,0.0
HOSP-4699,The Johns Hopkins Hospital,pulmonology or infectious disease,2021-08-28,1,42.0,15.0,22.0,650.0,0.0
HOSP-4701,The Johns Hopkins Hospital,dermatology,,1,72.0,105.0,18.0,670.0,0.0
HOSP-4701,The Johns Hopkins Hospital,gastroenterology,,1,31.0,15.0,18.0,760.0,1.0
HOSP-4701,The Johns Hopkins Hospital,neurology,2023-04-17,1,81.0,30.0,29.0,310.0,0.0
HOSP-4703,The Johns Hopkins Hospital,infectious disease or internal medicine,2022-10-13,1,27.0,75.0,4.0,1500.0,1.0
HOSP-4703,The Johns Hopkins Hospital,neurology,2023-08-31,1,48.0,90.0,24.0,670.0,0.0
HOSP-4705,The Johns Hopkins Hospital,cardiology or internal medicine,2023-06-18,1,9.0,75.0,5.0,1210.0,0.0
HOSP-4705,The Johns Hopkins Hospital,infectious disease or internal medicine,2022-05-25,1,11.0,15.0,8.0,780.0,1.0
HOSP-4706,The Johns Hopkins Hospital,nephrology,2021-09-15,1,40.0,90.0,12.0,330.0,1.0
HOSP-4707,The Johns Hopkins Hospital,neurology,,1,89.0,120.0,16.0,1190.0,1.0
HOSP-4708,The Johns Hopkins Hospital,rheumatology,,1,19.0,120.0,15.0,970.0,1.0
HOSP-4709,The Johns Hopkins Hospital,nephrology,,1,25.0,45.0,29.0,1230.0,1.0
HOSP-4711,The Johns Hopkins Hospital,psychiatry,,1,40.0,90.0,14.0,1050.0,0.0
HOSP-4713,The Johns Hopkins Hospital,neurology,,1,50.0,45.0,29.0,1330.0,0.0
HOSP-4714,The Johns Hopkins Hospital,cardiology or internal medicine,,1,60.0,30.0,11.0,510.0,1.0
HOSP-4716,The Johns Hopkins Hospital,neurology,,1,13.0,90.0,22.0,930.0,1.0
HOSP-4717,The Johns Hopkins Hospital,dermatology,,1,8.0,60.0,18.0,810.0,0.0
HOSP-4717,The Johns Hopkins Hospital,infectious disease or internal medicine,,1,89.0,120.0,8.0,390.0,0.0
HOSP-4718,The Johns Hopkins Hospital,dermatology,,1,94.0,120.0,29.0,300.0,0.0
HOSP-4719,The Johns Hopkins Hospital,gastroenterology,2021-04-21,1,40.0,60.0,25.0,510.0,1.0
HOSP-4719,The Johns Hopkins Hospital,nephrology,2022-10-24,1,81.0,120.0,16.0,370.0,0.0
HOSP-4720,The Johns Hopkins Hospital,allergy and immunology,2022-11-22,1,95.0,15.0,21.0,240.0,0.0
HOSP-4720,The Johns Hopkins Hospital,neurology,2022-10-15,1,14.0,45.0,5.0,400.0,0.0
HOSP-4720,The Johns Hopkins Hospital,pulmonology or infectious disease,2023-12-14,1,10.0,60.0,12.0,410.0,0.0
HOSP-4721,The Johns Hopkins Hospital,cardiology or internal medicine,,1,9.0,90.0,4.0,820.0,0.0
HOSP-4721,The Johns Hopkins Hospital,pulmonology or infectious disease,2024-01-25,1,94.0,60.0,12.0,350.0,0.0
HOSP-4722,The Johns Hopkins Hospital,cardiology,2021-09-23,1,45.0,105.0,17.0,1020.0,1.0
HOSP-4723,The Johns Hopkins Hospital,gastroenterology,,1,85.0,45.0,19.0,1150.0,0.0
HOSP-4724,The Johns Hopkins Hospital,urology or nephrology,,1,4.0,105.0,18.0,260.0,0.0
HOSP-4725,The Johns Hopkins Hospital,neurology,2024-06-20,1,45.0,60.0,25.0,1240.0,1.0
HOSP-4726,The Johns Hopkins Hospital,neurology,2024-06-25,1,85.0,75.0,17.0,1360.0,0.0
HOSP-4727,The Johns Hopkins Hospital,cardiology,2021-09-17,1,61.0,75.0,25.0,760.0,1.0
HOSP-4727,The Johns Hopkins Hospital,cardiology or internal medicine,,1,76.0,60.0,13.0,1300.0,0.0
HOSP-4727,The Johns Hopkins Hospital,hepatology,2023-05-26,1,43.0,45.0,16.0,1600.0,0.0
HOSP-4728,The Johns Hopkins Hospital,cardiology,,1,70.0,105.0,19.0,1310.0,1.0
HOSP-4728,The Johns Hopkins Hospital,pulmonology,2024-07-21,1,5.0,15.0,14.0,1010.0,0.0
HOSP-4731,The Johns Hopkins Hospital,gastroenterology,,1,65.0,45.0,14.0,710.0,0.0
HOSP-4731,The Johns Hopkins Hospital,rheumatology,,1,78.0,105.0,5.0,1560.0,1.0
HOSP-4734,The Johns Hopkins Hospital,hepatology,2022-10-22,1,60.0,60.0,11.0,480.0,0.0
HOSP-4734,The Johns Hopkins Hospital,neurology,2024-04-19,1,73.0,105.0,14.0,990.0,0.0
HOSP-4735,The Johns Hopkins Hospital,urology or nephrology,2020-08-29,1,4.0,15.0,5.0,1520.0,0.0
HOSP-4739,The Johns Hopkins Hospital,hepatology,2023-09-21,1,90.0,60.0,1.0,790.0,0.0
HOSP-4739,The Johns Hopkins Hospital,infectious disease,2020-09-17,1,37.0,90.0,25.0,1010.0,0.0
HOSP-4739,The Johns Hopkins Hospital,rheumatology,,1,92.0,30.0,18.0,1360.0,1.0
HOSP-4740,The Johns Hopkins Hospital,neurology,2022-03-18,1,93.0,15.0,11.0,1240.0,1.0
HOSP-4742,The Johns Hopkins Hospital,cardiology,2022-02-18,1,62.0,30.0,30.0,480.0,0.0
HOSP-4742,The Johns Hopkins Hospital,hepatology or gastroenterology,2024-01-30,1,12.0,60.0,14.0,230.0,1.0
HOSP-4742,The Johns Hopkins Hospital,oncology,,1,79.0,30.0,2.0,1230.0,1.0
HOSP-4743,The Johns Hopkins Hospital,rheumatology,,1,75.0,30.0,18.0,930.0,1.0
HOSP-4744,The Johns Hopkins Hospital,pulmonology or allergy and immunology,2020-11-19,1,4.0,90.0,10.0,1500.0,0.0
HOSP-4748,The Johns Hopkins Hospital,gastroenterology,2022-02-16,1,25.0,15.0,22.0,710.0,1.0
HOSP-4749,The Johns Hopkins Hospital,neurology,2021-04-21,1,43.0,45.0,26.0,430.0,0.0
HOSP-4755,The Johns Hopkins Hospital,infectious disease or internal medicine,2021-08-25,1,93.0,105.0,9.0,110.0,0.0
HOSP-4755,The Johns Hopkins Hospital,rheumatology,,1,95.0,75.0,4.0,130.0,1.0
HOSP-4756,The Johns Hopkins Hospital,dermatology,2024-02-25,1,74.0,30.0,4.0,1560.0,0.0
HOSP-4757,The Johns Hopkins Hospital,gastroenterology,2020-10-19,1,70.0,75.0,24.0,1460.0,1.0
HOSP-4758,The Johns Hopkins Hospital,neurology,2022-12-15,1,46.0,105.0,11.0,690.0,0.0
HOSP-4758,The Johns Hopkins Hospital,rheumatology,2022-08-29,1,37.0,30.0,4.0,1270.0,1.0
HOSP-4759,The Johns Hopkins Hospital,endocrinology,,1,7.0,105.0,24.0,1550.0,0.0
HOSP-4759,The Johns Hopkins Hospital,oncology,,1,39.0,60.0,11.0,720.0,1.0
HOSP-4759,The Johns Hopkins Hospital,pulmonology or allergy and immunology,2022-12-16,1,7.0,60.0,29.0,1000.0,1.0
HOSP-4759,The Johns Hopkins Hospital,urology or nephrology,2021-01-28,1,78.0,120.0,17.0,1100.0,1.0
HOSP-4760,The Johns Hopkins Hospital,neurology,2022-05-22,1,16.0,90.0,8.0,1290.0,0.0
HOSP-4761,The Johns Hopkins Hospital,gastroenterology,2022-07-23,1,23.0,120.0,10.0,210.0,1.0
HOSP-4762,The Johns Hopkins Hospital,neurology,,2,24.5,90.0,13.0,910.0,1.0
HOSP-4762,The Johns Hopkins Hospital,rheumatology,,1,84.0,30.0,26.0,1290.0,1.0
HOSP-4762,The Johns Hopkins Hospital,urology or nephrology,2023-10-24,1,54.0,15.0,23.0,970.0,1.0
HOSP-4763,The Johns Hopkins Hospital,rheumatology,2021-04-15,1,5.0,120.0,5.0,1110.0,0.0
HOSP-4766,The Johns Hopkins Hospital,neurology,,1,61.0,75.0,12.0,140.0,1.0
HOSP-4766,The Johns Hopkins Hospital,pulmonology,,1,58.0,60.0,16.0,870.0,1.0
HOSP-4767,The Johns Hopkins Hospital,cardiology or internal medicine,2021-03-31,1,62.0,30.0,21.0,610.0,1.0
HOSP-4767,The Johns Hopkins Hospital,oncology,2024-05-25,1,69.0,90.0,10.0,530.0,1.0
HOSP-4767,The Johns Hopkins Hospital,pulmonology,,1,47.0,120.0,28.0,1100.0,0.0
HOSP-4768,The Johns Hopkins Hospital,gastroenterology,,1,2.0,45.0,7.0,1120.0,0.0
HOSP-4768,The Johns Hopkins Hospital,pulmonology or allergy and immunology,2023-02-22,1,14.0,45.0,7.0,420.0,0.0
HOSP-4769,The Johns Hopkins Hospital,nephrology,,1,35.0,45.0,11.0,1050.0,1.0
HOSP-4769,The Johns Hopkins Hospital,neurology,2023-11-18,1,95.0,90.0,12.0,1030.0,0.0
HOSP-4769,The Johns Hopkins Hospital,rheumatology,2020-09-28,1,88.0,60.0,19.0,1290.0,0.0
HOSP-4769,The Johns Hopkins Hospital,rheumatology,2022-04-14,1,11.0,15.0,23.0,520.0,0.0
HOSP-4769,The Johns Hopkins Hospital,rheumatology,2022-10-26,1,65.0,120.0,20.0,680.0,1.0
HOSP-4770,The Johns Hopkins Hospital,dermatology,2021-01-22,1,80.0,75.0,2.0,290.0,0.0
HOSP-4770,The Johns Hopkins Hospital,infectious disease or internal medicine,,1,87.0,120.0,18.0,1030.0,1.0
HOSP-4772,The Johns Hopkins Hospital,infectious disease,2022-07-17,1,58.0,120.0,3.0,340.0,0.0
HOSP-4773,The Johns Hopkins Hospital,pulmonology or infectious disease,2022-11-29,1,71.0,15.0,25.0,1130.0,0.0
HOSP-4774,The Johns Hopkins Hospital,endocrinology,2024-03-26,1,63.0,60.0,20.0,470.0,1.0
HOSP-4776,The Johns Hopkins Hospital,infectious disease or internal medicine,2023-02-19,1,85.0,15.0,24.0,1090.0,0.0
HOSP-4776,The Johns Hopkins Hospital,pulmonology or infectious disease,2021-12-13,1,77.0,75.0,4.0,760.0,1.0
HOSP-4777,The Johns Hopkins Hospital,cardiology,2021-07-18,1,47.0,45.0,3.0,480.0,1.0
HOSP-4777,The Johns Hopkins Hospital,cardiology or internal medicine,2020-07-24,1,89.0,90.0,8.0,920.0,1.0
HOSP-4779,The Johns Hopkins Hospital,neurology,,1,37.0,30.0,10.0,820.0,1.0
HOSP-4780,The Johns Hopkins Hospital,neurology,2022-05-13,1,78.0,30.0,12.0,1350.0,0.0
HOSP-4782,The Johns Hopkins Hospital,hepatology or gastroenterology,,1,15.0,45.0,1.0,1390.0,0.0
HOSP-4783,The Johns Hopkins Hospital,nephrology,,1,59.0,90.0,13.0,570.0,0.0
HOSP-4784,The Johns Hopkins Hospital,cardiology,2021-02-23,1,91.0,90.0,24.0,1210.0,0.0
HOSP-4784,The Johns Hopkins Hospital,psychiatry,2023-12-26,1,39.0,15.0,8.0,1240.0,0.0
HOSP-4785,The Johns Hopkins Hospital,gastroenterology,2023-09-23,1,70.0,105.0,20.0,400.0,1.0
HOSP-4785,The Johns Hopkins Hospital,neurology,2021-08-23,1,45.0,75.0,10.0,820.0,1.0
HOSP-4787,The Johns Hopkins Hospital,infectious disease or internal medicine,2023-12-22,1,34.0,30.0,1.0,1090.0,0.0
HOSP-4788,The Johns Hopkins Hospital,hepatology,2023-01-27,1,18.0,105.0,20.0,1360.0,0.0
HOSP-4788,The Johns Hopkins Hospital,hepatology or gastroenterology,2023-08-22,1,34.0,75.0,12.0,230.0,0.0
HOSP-4788,The Johns Hopkins Hospital,infectious disease or internal medicine,2021-10-31,1,79.0,120.0,23.0,470.0,1.0
HOSP-4788,The Johns Hopkins Hospital,neurology,2023-03-30,1,47.0,75.0,6.0,1020.0,0.0
HOSP-4788,The Johns Hopkins Hospital,pulmonology or allergy and immunology,,1,61.0,105.0,1.0,400.0,0.0
HOSP-4791,The Johns Hopkins Hospital,dermatology,2020-08-26,1,13.0,75.0,29.0,350.0,1.0
HOSP-4791,The Johns Hopkins Hospital,endocrinology,,1,54.0,90.0,17.0,920.0,0.0
HOSP-4791,The Johns Hopkins Hospital,hepatology,2023-04-22,1,47.0,105.0,13.0,680.0,1.0
HOSP-4791,The Johns Hopkins Hospital,rheumatology,2020-12-19,1,4.0,105.0,21.0,530.0,0.0
HOSP-4793,The Johns Hopkins Hospital,pulmonology or allergy and immunology,2023-02-17,1,28.0,30.0,1.0,1550.0,1.0
HOSP-4794,The Johns Hopkins Hospital,psychiatry,2021-08-16,1,44.0,90.0,24.0,900.0,1.0
HOSP-4794,The Johns Hopkins Hospital,psychiatry,2022-02-20,1,38.0,30.0,12.0,160.0,0.0
HOSP-4795,The Johns Hopkins Hospital,gastroenterology,,1,48.0,15.0,16.0,770.0,1.0
HOSP-4796,The Johns Hopkins Hospital,pulmonology or allergy and immunology,2022-03-18,1,31.0,15.0,16.0,170.0,0.0
HOSP-4798,The Johns Hopkins Hospital,gastroenterology,,1,3.0,45.0,21.0,450.0,0.0
HOSP-4800,The Johns Hopkins Hospital,gastroenterology,2022-12-22,1,20.0,45.0,18.0,1040.0,0.0
HOSP-4800,The Johns Hopkins Hospital,gastroenterology,,1,20.0,120.0,6.0,1360.0,0.0
HOSP-4800,The Johns Hopkins Hospital,neurology,2024-05-24,1,22.0,75.0,30.0,1130.0,0.0
HOSP-4802,The Johns Hopkins Hospital,pulmonology,2020-11-17,1,8.0,30.0,17.0,1380.0,0.0
HOSP-4803,The Johns Hopkins Hospital,hepatology or gastroenterology,2024-02-20,1,38.0,90.0,7.0,1130.0,0.0
HOSP-4807,The Johns Hopkins Hospital,infectious disease,2024-01-31,1,25.0,90.0,24.0,1410.0,1.0
HOSP-4807,The Johns Hopkins Hospital,psychiatry,2022-08-26,1,87.0,60.0,22.0,170.0,0.0
HOSP-4812,The Johns Hopkins Hospital,gastroenterology,2021-01-31,1,25.0,105.0,11.0,1370.0,0.0
HOSP-4816,The Johns Hopkins Hospital,infectious disease,2023-12-28,1,13.0,45.0,24.0,1520.0,0.0
HOSP-4818,The Johns Hopkins Hospital,neurology,,1,6.0,45.0,15.0,490.0,0.0
HOSP-4818,The Johns Hopkins Hospital,oncology,2023-01-21,1,61.0,90.0,1.0,800.0,1.0
HOSP-4820,The Johns Hopkins Hospital,hepatology,2022-10-13,1,29.0,15.0,7.0,580.0,1.0
HOSP-4820,The Johns Hopkins Hospital,rheumatology,2023-04-18,1,15.0,90.0,29.0,460.0,1.0
HOSP-4821,The Johns Hopkins Hospital,gastroenterology,2023-04-14,1,66.0,120.0,20.0,1100.0,0.0
HOSP-4821,The Johns Hopkins Hospital,rheumatology,2021-07-22,1,19.0,30.0,29.0,810.0,1.0
HOSP-4822,The Johns Hopkins Hospital,dermatology,2021-10-18,1,28.0,60.0,5.0,1500.0,0.0
HOSP-4822,The Johns Hopkins Hospital,neurology,,1,38.0,60.0,30.0,920.0,1.0
HOSP-4823,The Johns Hopkins Hospital,oncology,,1,49.0,45.0,28.0,570.0,0.0
HOSP-4824,The Johns Hopkins Hospital,nephrology,2020-11-14,1,27.0,75.0,15.0,300.0,0.0
HOSP-4824,The Johns Hopkins Hospital,neurology,2020-08-19,1,12.0,75.0,2.0,1510.0,1.0
HOSP-4826,The Johns Hopkins Hospital,neurology,,1,21.0,45.0,12.0,820.0,0.0
HOSP-4827,The Johns Hopkins Hospital,pulmonology or allergy and immunology,,1,55.0,90.0,22.0,1460.0,0.0
HOSP-4828,The Johns Hopkins Hospital,psychiatry,,1,29.0,15.0,18.0,1190.0,0.0
HOSP-4829,The Johns Hopkins Hospital,endocrinology,,1,75.0,105.0,15.0,1000.0,0.0
HOSP-4831,The Johns Hopkins Hospital,pulmonology or allergy and immunology,2022-06-23,1,32.0,120.0,25.0,1300.0,1.0
HOSP-4832,The Johns Hopkins Hospital,cardiology or internal medicine,2022-05-17,1,44.0,60.0,13.0,780.0,1.0
HOSP-4832,The Johns Hopkins Hospital,gastroenterology,2021-07-29,1,28.0,75.0,30.0,1530.0,0.0
HOSP-4832,The Johns Hopkins Hospital,hepatology,2022-03-29,1,88.0,45.0,6.0,1330.0,1.0
HOSP-4832,The Johns Hopkins Hospital,infectious disease or internal medicine,2022-09-25,1,32.0,15.0,12.0,270.0,0.0
HOSP-4832,The Johns Hopkins Hospital,neurology,2020-12-27,1,88.0,15.0,6.0,1120.0,1.0
HOSP-4832,The Johns Hopkins Hospital,psychiatry,2022-04-29,1,5.0,75.0,25.0,1510.0,0.0
HOSP-4833,The Johns Hopkins Hospital,neurology,2024-01-29,1,2.0,15.0,30.0,1200.0,0.0
HOSP-4834,The Johns Hopkins Hospital,pulmonology,2021-08-17,1,62.0,90.0,30.0,240.0,0.0
HOSP-4835,The Johns Hopkins Hospital,infectious disease or internal medicine,,1,43.0,15.0,13.0,270.0,1.0
HOSP-4835,The Johns Hopkins Hospital,pulmonology or infectious disease,,1,60.0,75.0,9.0,1530.0,0.0
HOSP-4836,The Johns Hopkins Hospital,psychiatry,2021-10-28,1,49.0,15.0,7.0,990.0,1.0
HOSP-4838,The Johns Hopkins Hospital,infectious disease,,1,84.0,75.0,22.0,370.0,0.0
HOSP-4838,The Johns Hopkins Hospital,oncology,2021-03-15,1,8.0,90.0,22.0,400.0,0.0
HOSP-4838,The Johns Hopkins Hospital,pulmonology,2022-09-28,1,2.0,15.0,21.0,340.0,0.0
HOSP-4839,The Johns Hopkins Hospital,neurology,,1,81.0,75.0,24.0,810.0,1.0
HOSP-4840,The Johns Hopkins Hospital,psychiatry,2022-08-29,1,32.0,90.0,12.0,1030.0,1.0
HOSP-4841,The Johns Hopkins Hospital,infectious disease,,1,64.0,75.0,4.0,950.0,1.0
HOSP-4841,The Johns Hopkins Hospital,neurology,,1,47.0,75.0,4.0,1600.0,1.0
HOSP-4842,The Johns Hopkins Hospital,cardiology or internal medicine,,1,75.0,75.0,3.0,390.0,0.0
HOSP-4842,The Johns Hopkins Hospital,infectious disease or internal medicine,2023-06-21,1,91.0,30.0,28.0,1380.0,0.0
HOSP-4843,The Johns Hopkins Hospital,neurology,2024-06-30,1,77.0,75.0,20.0,1570.0,0.0
HOSP-4844,The Johns Hopkins Hospital,neurology,,1,48.0,90.0,29.0,1230.0,0.0
HOSP-4846,The Johns Hopkins Hospital,hepatology,2024-01-25,1,45.0,120.0,24.0,750.0,0.0
HOSP-4846,The Johns Hopkins Hospital,infectious disease or internal medicine,2021-01-27,1,67.0,60.0,18.0,1040.0,0.0
HOSP-4847,The Johns Hopkins Hospital,allergy and immunology,2023-02-23,1,27.0,45.0,5.0,1240.0,0.0
HOSP-4848,The Johns Hopkins Hospital,gastroenterology,2023-12-28,1,71.0,75.0,14.0,1400.0,1.0
HOSP-4849,The Johns Hopkins Hospital,infectious disease,2024-01-18,1,53.0,60.0,8.0,730.0,0.0
HOSP-4850,The Johns Hopkins Hospital,infectious disease,,1,8.0,60.0,8.0,110.0,0.0
HOSP-4850,The Johns Hopkins Hospital,neurology,2022-01-21,1,65.0,30.0,10.0,880.0,0.0
HOSP-4853,The Johns Hopkins Hospital,neurology,2023-04-25,1,49.0,45.0,26.0,170.0,0.0
HOSP-4854,The Johns Hopkins Hospital,endocrinology,2022-12-22,1,21.0,45.0,14.0,1240.0,1.0
HOSP-4854,The Johns Hopkins Hospital,endocrinology,,1,19.0,105.0,28.0,1190.0,0.0
HOSP-4854,The Johns Hopkins Hospital,nephrology,2020-11-18,1,57.0,120.0,3.0,1270.0,0.0
HOSP-4856,The Johns Hopkins Hospital,neurology,2024-03-18,1,25.0,45.0,10.0,250.0,0.0
HOSP-4858,The Johns Hopkins Hospital,neurology,,1,6.0,15.0,2.0,890.0,0.0
HOSP-4858,The Johns Hopkins Hospital,psychiatry,,1,15.0,15.0,9.0,1330.0,1.0
HOSP-4859,The Johns Hopkins Hospital,gastroenterology,,1,27.0,60.0,21.0,140.0,0.0
HOSP-4859,The Johns Hopkins Hospital,urology or nephrology,,1,78.0,90.0,3.0,690.0,0.0
HOSP-4862,The Johns Hopkins Hospital,nephrology,2023-04-16,1,23.0,30.0,28.0,1010.0,0.0
HOSP-4864,The Johns Hopkins Hospital,infectious disease or internal medicine,2021-03-17,1,5.0,90.0,13.0,510.0,1.0
HOSP-4865,The Johns Hopkins Hospital,pulmonology,,1,94.0,15.0,16.0,1210.0,1.0
HOSP-4866,The Johns Hopkins Hospital,gastroenterology,,1,67.0,90.0,4.0,620.0,1.0
HOSP-4866,The Johns Hopkins Hospital,pulmonology or allergy and immunology,2021-11-15,1,38.0,30.0,9.0,630.0,1.0
HOSP-4867,The Johns Hopkins Hospital,hepatology,,1,35.0,105.0,15.0,890.0,0.0
HOSP-4869,The Johns Hopkins Hospital,gastroenterology,2022-09-13,1,28.0,90.0,16.0,170.0,0.0
HOSP-4870,The Johns Hopkins Hospital,gastroenterology,2022-02-22,1,72.0,90.0,5.0,950.0,0.0
HOSP-4871,The Johns Hopkins Hospital,neurology,2022-09-23,1,70.0,120.0,25.0,1040.0,0.0
HOSP-4872,The Johns Hopkins Hospital,cardiology or internal medicine,,1,68.0,15.0,26.0,1190.0,1.0
HOSP-4872,The Johns Hopkins Hospital,hepatology,,1,13.0,75.0,7.0,880.0,0.0
HOSP-4872,The Johns Hopkins Hospital,neurology,2023-01-14,1,45.0,30.0,26.0,1220.0,1.0
HOSP-4872,The Johns Hopkins Hospital,neurology,2024-03-29,1,86.0,30.0,29.0,790.0,1.0
HOSP-4872,The Johns Hopkins Hospital,pulmonology,2022-05-29,1,54.0,105.0,6.0,820.0,0.0
HOSP-4873,The Johns Hopkins Hospital,rheumatology,2024-03-13,1,66.0,75.0,25.0,890.0,0.0
HOSP-4878,The Johns Hopkins Hospital,cardiology,2021-10-13,1,93.0,90.0,15.0,1590.0,1.0
HOSP-4878,The Johns Hopkins Hospital,oncology,2022-09-29,1,60.0,30.0,18.0,1440.0,1.0
HOSP-4880,The Johns Hopkins Hospital,neurology,2020-09-21,1,82.0,90.0,21.0,1200.0,0.0
HOSP-4881,The Johns Hopkins Hospital,rheumatology,2021-10-13,1,14.0,90.0,23.0,990.0,0.0
HOSP-4882,The Johns Hopkins Hospital,endocrinology,2021-11-24,1,36.0,90.0,8.0,1530.0,0.0
HOSP-4883,The Johns Hopkins Hospital,rheumatology,,1,50.0,30.0,3.0,1020.0,1.0
HOSP-4883,The Johns Hopkins Hospital,urology or nephrology,,1,36.0,45.0,3.0,410.0,0.0
HOSP-4884,The Johns Hopkins Hospital,endocrinology,,1,54.0,75.0,23.0,380.0,0.0
HOSP-4885,The Johns Hopkins Hospital,neurology,,1,21.0,90.0,18.0,880.0,0.0
HOSP-4886,The Johns Hopkins Hospital,infectious disease or internal medicine,,1,69.0,90.0,28.0,1470.0,0.0
HOSP-4888,The Johns Hopkins Hospital,rheumatology,2023-04-28,1,25.0,15.0,20.0,1470.0,0.0
HOSP-4890,The Johns Hopkins Hospital,neurology,2023-12-31,1,10.0,30.0,8.0,950.0,1.0
HOSP-4890,The Johns Hopkins Hospital,psychiatry,,1,49.0,105.0,13.0,100.0,0.0
HOSP-4891,The Johns Hopkins Hospital,neurology,2020-09-27,1,9.0,45.0,6.0,480.0,1.0
HOSP-4892,The Johns Hopkins Hospital,dermatology,2024-04-13,1,2.0,60.0,7.0,850.0,0.0
HOSP-4892,The Johns Hopkins Hospital,gastroenterology,2021-07-13,1,81.0,15.0,30.0,1270.0,0.0
HOSP-4893,The Johns Hopkins Hospital,gastroenterology,2023-05-14,1,23.0,60.0,13.0,910.0,1.0
HOSP-4894,The Johns Hopkins Hospital,oncology,,1,39.0,90.0,17.0,1500.0,0.0
HOSP-4894,The Johns Hopkins Hospital,urology or nephrology,,1,0.0,15.0,25.0,1070.0,0.0
HOSP-4895,The Johns Hopkins Hospital,pulmonology or allergy and immunology,2023-12-20,1,25.0,30.0,25.0,1420.0,0.0
HOSP-4896,The Johns Hopkins Hospital,gastroenterology,,1,58.0,60.0,29.0,350.0,1.0
HOSP-4897,The Johns Hopkins Hospital,pulmonology or allergy and immunology,,1,82.0,120.0,15.0,830.0,1.0
HOSP-4903,The Johns Hopkins Hospital,infectious disease or internal medicine,2022-04-14,1,3.0,90.0,5.0,670.0,1.0
HOSP-4904,The Johns Hopkins Hospital,nephrology,2020-11-13,1,44.0,15.0,5.0,590.0,1.0
HOSP-4905,The Johns Hopkins Hospital,gastroenterology,,1,88.0,105.0,24.0,1510.0,0.0
HOSP-4905,The Johns Hopkins Hospital,hepatology,,1,30.0,15.0,5.0,390.0,1.0
HOSP-4905,The Johns Hopkins Hospital,neurology,2021-10-16,1,19.0,45.0,19.0,640.0,1.0
HOSP-4909,The Johns Hopkins Hospital,pulmonology or infectious disease,2022-07-22,1,63.0,45.0,25.0,150.0,1.0
HOSP-4910,The Johns Hopkins Hospital,infectious disease or internal medicine,2021-04-16,1,85.0,90.0,12.0,230.0,0.0
HOSP-4910,The Johns Hopkins Hospital,pulmonology or infectious disease,,1,12.0,30.0,13.0,340.0,1.0
HOSP-4911,The Johns Hopkins Hospital,rheumatology,2023-09-19,1,33.0,30.0,15.0,870.0,0.0
HOSP-4912,The Johns Hopkins Hospital,hepatology or gastroenterology,,1,90.0,120.0,8.0,1320.0,1.0
HOSP-4913,The Johns Hopkins Hospital,cardiology or internal medicine,2023-08-30,1,23.0,105.0,12.0,550.0,0.0
HOSP-4914,The Johns Hopkins Hospital,hepatology,2021-10-16,1,61.0,90.0,12.0,660.0,0.0
HOSP-4914,The Johns Hopkins Hospital,rheumatology,2020-10-22,1,74.0,75.0,7.0,540.0,1.0
HOSP-4916,The Johns Hopkins Hospital,cardiology or internal medicine,2022-03-19,1,10.0,30.0,7.0,220.0,1.0
HOSP-4918,The Johns Hopkins Hospital,gastroenterology,2021-06-21,1,39.0,75.0,25.0,180.0,0.0
HOSP-4921,The Johns Hopkins Hospital,gastroenterology,,1,53.0,90.0,24.0,1590.0,1.0
HOSP-4921,The Johns Hopkins Hospital,infectious disease or internal medicine,,1,40.0,60.0,3.0,570.0,1.0
HOSP-4923,The Johns Hopkins Hospital,hepatology,,1,3.0,60.0,1.0,860.0,1.0
HOSP-4925,The Johns Hopkins Hospital,neurology,,1,31.0,15.0,9.0,810.0,1.0
HOSP-4926,The Johns Hopkins Hospital,hepatology or gastroenterology,,1,77.0,120.0,12.0,1300.0,0.0
HOSP-4927,The Johns Hopkins Hospital,gastroenterology,,1,71.0,120.0,21.0,970.0,0.0
HOSP-4927,The Johns Hopkins Hospital,hepatology or gastroenterology,2021-03-24,1,44.0,45.0,15.0,960.0,0.0
HOSP-4927,The Johns Hopkins Hospital,neurology,2021-08-20,1,40.0,90.0,11.0,1090.0,0.0
HOSP-4927,The Johns Hopkins Hospital,neurology,2022-08-13,1,51.0,30.0,14.0,570.0,1.0
HOSP-4927,The Johns Hopkins Hospital,pulmonology or infectious disease,,1,8.0,90.0,12.0,390.0,1.0
HOSP-4931,The Johns Hopkins Hospital,cardiology,2022-07-20,1,85.0,75.0,25.0,580.0,1.0
HOSP-4933,The Johns Hopkins Hospital,nephrology,,1,89.0,45.0,25.0,960.0,0.0
HOSP-4935,The Johns Hopkins Hospital,psychiatry,,1,54.0,30.0,18.0,500.0,0.0
HOSP-4937,The Johns Hopkins Hospital,nephrology,2022-06-21,1,17.0,15.0,15.0,1270.0,0.0
HOSP-4941,The Johns Hopkins Hospital,hepatology,,1,57.0,30.0,17.0,1030.0,0.0
HOSP-4942,The Johns Hopkins Hospital,psychiatry,2021-05-13,1,37.0,105.0,24.0,740.0,0.0
HOSP-4942,The Johns Hopkins Hospital,psychiatry,,1,40.0,60.0,12.0,470.0,1.0
HOSP-4943,The Johns Hopkins Hospital,endocrinology,,1,64.0,45.0,3.0,670.0,1.0
HOSP-4944,The Johns Hopkins Hospital,gastroenterology,2021-05-30,1,66.0,90.0,7.0,1090.0,0.0
HOSP-4944,The Johns Hopkins Hospital,gastroenterology,,1,93.0,60.0,28.0,1580.0,0.0
HOSP-4944,The Johns Hopkins Hospital,neurology,2021-01-22,1,84.0,105.0,27.0,180.0,0.0
HOSP-4944,The Johns Hopkins Hospital,psychiatry,2022-12-19,1,87.0,30.0,19.0,1370.0,1.0
HOSP-4946,The Johns Hopkins Hospital,neurology,2022-03-25,1,50.0,105.0,17.0,1520.0,0.0
HOSP-4946,The Johns Hopkins Hospital,oncology,2024-01-31,1,18.0,45.0,23.0,320.0,0.0
HOSP-4947,The Johns Hopkins Hospital,dermatology,2022-10-29,1,83.0,60.0,29.0,940.0,0.0
HOSP-4949,The Johns Hopkins Hospital,neurology,2020-11-22,1,88.0,75.0,29.0,460.0,0.0
HOSP-4952,The Johns Hopkins Hospital,gastroenterology,,1,79.0,90.0,17.0,1300.0,0.0
HOSP-4952,The Johns Hopkins Hospital,hepatology or gastroenterology,,1,89.0,105.0,28.0,1290.0,0.0
HOSP-4952,The Johns Hopkins Hospital,urology or nephrology,2022-05-31,1,78.0,15.0,30.0,500.0,1.0
HOSP-4953,The Johns Hopkins Hospital,pulmonology or allergy and immunology,2022-02-20,1,54.0,105.0,18.0,200.0,0.0
HOSP-4955,The Johns Hopkins Hospital,rheumatology,2022-11-14,1,30.0,90.0,11.0,1350.0,0.0
HOSP-4956,The Johns Hopkins Hospital,gastroenterology,,1,33.0,75.0,4.0,560.0,1.0
HOSP-4956,The Johns Hopkins Hospital,psychiatry,2020-08-14,1,71.0,15.0,18.0,290.0,0.0
HOSP-4957,The Johns Hopkins Hospital,allergy and immunology,2021-12-20,1,59.0,60.0,11.0,490.0,0.0
HOSP-4958,The Johns Hopkins Hospital,dermatology,2023-04-28,1,40.0,105.0,22.0,230.0,0.0
HOSP-4958,The Johns Hopkins Hospital,pulmonology or infectious disease,2024-01-18,1,75.0,105.0,6.0,720.0,0.0
HOSP-4959,The Johns Hopkins Hospital,nephrology,,1,26.0,15.0,15.0,380.0,0.0
HOSP-4963,The Johns Hopkins Hospital,dermatology,2020-12-30,1,30.0,90.0,1.0,280.0,1.0
HOSP-4963,The Johns Hopkins Hospital,endocrinology,2020-11-15,1,7.0,30.0,5.0,1580.0,0.0
HOSP-4964,The Johns Hopkins Hospital,urology or nephrology,2023-09-16,1,24.0,45.0,28.0,1600.0,0.0
HOSP-4966,The Johns Hopkins Hospital,pulmonology or allergy and immunology,2022-05-19,1,78.0,15.0,14.0,220.0,0.0
HOSP-4967,The Johns Hopkins Hospital,infectious disease or internal medicine,,1,50.0,75.0,27.0,1590.0,1.0
HOSP-4968,The Johns Hopkins Hospital,infectious disease,,1,41.0,105.0,10.0,1380.0,0.0
HOSP-4968,The Johns Hopkins Hospital,neurology,2021-12-15,1,9.0,30.0,21.0,1100.0,0.0
HOSP-4968,The Johns Hopkins Hospital,neurology,,1,6.0,75.0,9.0,280.0,1.0
HOSP-4968,The Johns Hopkins Hospital,oncology,2020-10-19,1,30.0,60.0,18.0,900.0,0.0
HOSP-4970,The Johns Hopkins Hospital,hepatology,,1,65.0,45.0,21.0,680.0,0.0
HOSP-4971,The Johns Hopkins Hospital,rheumatology,,1,89.0,75.0,14.0,1370.0,1.0
HOSP-4972,The Johns Hopkins Hospital,infectious disease or internal medicine,,1,50.0,120.0,19.0,280.0,0.0
HOSP-4973,The Johns Hopkins Hospital,hepatology or gastroenterology,2023-03-24,1,72.0,60.0,18.0,880.0,0.0
HOSP-4973,The Johns Hopkins Hospital,infectious disease or internal medicine,,1,9.0,120.0,19.0,630.0,0.0
HOSP-4975,The Johns Hopkins Hospital,gastroenterology,2022-09-15,1,66.0,75.0,5.0,1560.0,0.0
HOSP-4975,The Johns Hopkins Hospital,infectious disease or internal medicine,2023-09-30,1,65.0,105.0,16.0,860.0,0.0
HOSP-4976,The Johns Hopkins Hospital,neurology,,1,73.0,90.0,23.0,320.0,0.0
HOSP-4979,The Johns Hopkins Hospital,infectious disease or internal medicine,2021-02-18,1,40.0,105.0,23.0,670.0,0.0
HOSP-4979,The Johns Hopkins Hospital,pulmonology or infectious disease,,1,77.0,120.0,12.0,1320.0,0.0
HOSP-4981,The Johns Hopkins Hospital,allergy and immunology,,1,75.0,75.0,4.0,1480.0,0.0
HOSP-4981,The Johns Hopkins Hospital,cardiology or internal medicine,2024-03-25,1,18.0,105.0,3.0,100.0,0.0
HOSP-4981,The Johns Hopkins Hospital,psychiatry,2021-04-19,1,90.0,60.0,24.0,530.0,0.0
HOSP-4982,The Johns Hopkins Hospital,gastroenterology,2024-05-21,1,48.0,120.0,18.0,360.0,0.0
HOSP-4984,The Johns Hopkins Hospital,psychiatry,2024-07-18,1,75.0,120.0,19.0,940.0,1.0
HOSP-4984,The Johns Hopkins Hospital,rheumatology,2023-01-30,1,58.0,75.0,17.0,1510.0,1.0
HOSP-4985,The Johns Hopkins Hospital,pulmonology,2023-07-27,1,48.0,30.0,1.0,980.0,0.0
HOSP-4987,The Johns Hopkins Hospital,allergy and immunology,2022-10-19,1,53.0,90.0,26.0,1230.0,0.0
HOSP-4987,The Johns Hopkins Hospital,hepatology,,1,2.0,60.0,20.0,440.0,0.0
HOSP-4989,The Johns Hopkins Hospital,neurology,2021-07-29,1,65.0,120.0,29.0,870.0,1.0
HOSP-4989,The Johns Hopkins Hospital,psychiatry,2024-01-14,1,3.0,30.0,22.0,880.0,1.0
HOSP-4989,The Johns Hopkins Hospital,pulmonology or infectious disease,2023-06-16,1,60.0,15.0,9.0,800.0,1.0
HOSP-4990,The Johns Hopkins Hospital,infectious disease or internal medicine,2021-12-22,1,77.0,105.0,26.0,1140.0,0.0
HOSP-4990,The Johns Hopkins Hospital,rheumatology,2023-02-26,1,34.0,90.0,28.0,720.0,1.0
HOSP-4991,The Johns Hopkins Hospital,infectious disease or internal medicine,2023-07-24,1,8.0,45.0,17.0,1180.0,0.0
HOSP-4991,The Johns Hopkins Hospital,pulmonology or allergy and immunology,,1,74.0,75.0,23.0,860.0,1.0
HOSP-4991,The Johns Hopkins Hospital,pulmonology or infectious disease,,1,70.0,75.0,28.0,1100.0,1.0
HOSP-4992,The Johns Hopkins Hospital,cardiology,2020-08-23,1,1.0,45.0,1.0,1510.0,0.0
HOSP-4992,The Johns Hopkins Hospital,pulmonology or allergy and immunology,2024-02-16,1,45.0,15.0,24.0,340.0,0.0
HOSP-4992,The Johns Hopkins Hospital,rheumatology,,1,66.0,75.0,27.0,530.0,0.0
HOSP-4993,The Johns Hopkins Hospital,cardiology or internal medicine,,1,40.0,120.0,21.0,980.0,0.0
HOSP-4994,The Johns Hopkins Hospital,rheumatology,2022-08-25,1,92.0,15.0,16.0,1420.0,0.0
HOSP-4995,The Johns Hopkins Hospital,allergy and immunology,2021-04-15,1,13.0,120.0,7.0,690.0,1.0
HOSP-4996,The Johns Hopkins Hospital,hepatology or gastroenterology,,1,78.0,90.0,23.0,350.0,0.0
HOSP-4997,The Johns Hopkins Hospital,neurology,,1,49.0,30.0,19.0,1030.0,0.0
HOSP-4998,The Johns Hopkins Hospital,pulmonology or infectious disease,2022-12-16,1,86.0,90.0,10.0,1340.0,1.0
HOSP-5001,The Johns Hopkins Hospital,neurology,,1,60.0,45.0,3.0,340.0,1.0
HOSP-5002,The Johns Hopkins Hospital,infectious disease,2023-03-16,1,44.0,90.0,2.0,220.0,0.0
HOSP-5002,The Johns Hopkins Hospital,nephrology,2023-07-23,1,22.0,15.0,14.0,1560.0,0.0
HOSP-5002,The Johns Hopkins Hospital,rheumatology,2023-07-25,1,59.0,45.0,28.0,570.0,0.0
HOSP-5003,The Johns Hopkins Hospital,dermatology,2020-09-20,1,48.0,75.0,18.0,220.0,0.0
HOSP-5003,The Johns Hopkins Hospital,gastroenterology,2023-09-16,1,90.0,105.0,14.0,100.0,1.0
HOSP-5004,The Johns Hopkins Hospital,neurology,2020-09-22,1,59.0,45.0,30.0,730.0,0.0
HOSP-5006,The Johns Hopkins Hospital,rheumatology,2021-10-22,1,41.0,15.0,21.0,1530.0,0.0
HOSP-5008,The Johns Hopkins Hospital,neurology,2021-07-18,1,10.0,75.0,16.0,130.0,1.0
HOSP-5008,The Johns Hopkins Hospital,rheumatology,2021-08-16,1,35.0,120.0,24.0,450.0,1.0
HOSP-5009,The Johns Hopkins Hospital,cardiology or internal medicine,,1,24.0,45.0,4.0,1440.0,0.0
HOSP-5009,The Johns Hopkins Hospital,oncology,2024-06-28,1,72.0,30.0,19.0,720.0,1.0
HOSP-5010,The Johns Hopkins Hospital,endocrinology,,1,37.0,105.0,18.0,890.0,0.0
HOSP-5011,The Johns Hopkins Hospital,allergy and immunology,,1,89.0,45.0,18.0,660.0,0.0
HOSP-5012,The Johns Hopkins Hospital,infectious disease or internal medicine,2021-07-16,1,60.0,15.0,29.0,1410.0,1.0
HOSP-5016,The Johns Hopkins Hospital,infectious disease or internal medicine,2021-01-25,1,3.0,45.0,14.0,480.0,1.0
HOSP-5018,The Johns Hopkins Hospital,psychiatry,,1,69.0,120.0,2.0,1240.0,0.0
HOSP-5019,The Johns Hopkins Hospital,oncology,2021-06-30,1,79.0,120.0,14.0,460.0,0.0
HOSP-5020,The Johns Hopkins Hospital,neurology,,1,33.0,45.0,21.0,950.0,0.0
HOSP-5021,The Johns Hopkins Hospital,pulmonology or allergy and immunology,,1,38.0,45.0,20.0,770.0,0.0
HOSP-5023,The Johns Hopkins Hospital,hepatology or gastroenterology,2020-09-13,1,17.0,90.0,6.0,1030.0,0.0
HOSP-5023,The Johns Hopkins Hospital,hepatology or gastroenterology,,1,24.0,30.0,20.0,890.0,1.0
HOSP-5023,The Johns Hopkins Hospital,infectious disease,2021-04-22,1,27.0,45.0,4.0,200.0,0.0
HOSP-5023,The Johns Hopkins Hospital,neurology,2024-03-18,1,68.0,15.0,26.0,1560.0,0.0
HOSP-5023,The Johns Hopkins Hospital,neurology,,1,49.0,105.0,26.0,1010.0,1.0
HOSP-5023,The Johns Hopkins Hospital,pulmonology or allergy and immunology,,1,23.0,15.0,10.0,620.0,0.0
HOSP-5024,The Johns Hopkins Hospital,endocrinology,2023-02-19,1,23.0,105.0,20.0,1110.0,1.0
HOSP-5024,The Johns Hopkins Hospital,hepatology or gastroenterology,,1,48.0,15.0,2.0,320.0,0.0
HOSP-5027,The Johns Hopkins Hospital,neurology,2022-08-31,1,63.0,45.0,19.0,1420.0,0.0
HOSP-5028,The Johns Hopkins Hospital,gastroenterology,,1,7.0,15.0,8.0,280.0,0.0
HOSP-5028,The Johns Hopkins Hospital,infectious disease,2022-05-28,1,23.0,45.0,11.0,140.0,0.0
HOSP-5028,The Johns Hopkins Hospital,rheumatology,2020-08-18,1,84.0,75.0,25.0,230.0,0.0
HOSP-5029,The Johns Hopkins Hospital,cardiology,2022-05-14,1,78.0,75.0,4.0,790.0,1.0
HOSP-5030,The Johns Hopkins Hospital,neurology,2022-09-28,1,26.0,15.0,15.0,300.0,0.0
HOSP-5031,The Johns Hopkins Hospital,rheumatology,,1,78.0,30.0,5.0,250.0,1.0
HOSP-5032,The Johns Hopkins Hospital,gastroenterology,,1,38.0,45.0,28.0,1590.0,0.0
HOSP-5032,The Johns Hopkins Hospital,neurology,2023-01-17,1,56.0,15.0,13.0,530.0,0.0
HOSP-5033,The Johns Hopkins Hospital,rheumatology,2024-03-28,1,5.0,15.0,14.0,960.0,1.0
HOSP-5034,The Johns Hopkins Hospital,pulmonology,2021-10-20,1,86.0,75.0,25.0,550.0,1.0
HOSP-5035,The Johns Hopkins Hospital,hepatology,,1,63.0,45.0,12.0,530.0,1.0
HOSP-5035,The Johns Hopkins Hospital,neurology,2023-11-21,1,85.0,30.0,20.0,910.0,0.0
HOSP-5038,The Johns Hopkins Hospital,hepatology,2020-12-15,1,2.0,45.0,4.0,460.0,1.0
HOSP-5038,The Johns Hopkins Hospital,neurology,2022-02-27,1,55.0,120.0,29.0,1170.0,0.0
HOSP-5039,The Johns Hopkins Hospital,gastroenterology,,1,9.0,90.0,7.0,430.0,0.0
HOSP-5039,The Johns Hopkins Hospital,hepatology,2023-06-23,1,6.0,75.0,24.0,580.0,1.0
HOSP-5039,The Johns Hopkins Hospital,infectious disease or internal medicine,2023-02-24,1,52.0,75.0,9.0,200.0,0.0
HOSP-5040,The Johns Hopkins Hospital,gastroenterology,2022-06-30,1,21.0,60.0,12.0,770.0,0.0
HOSP-5041,The Johns Hopkins Hospital,pulmonology,,1,22.0,120.0,28.0,450.0,1.0
HOSP-5043,The Johns Hopkins Hospital,infectious disease or internal medicine,2022-02-24,1,71.0,75.0,29.0,1050.0,0.0
HOSP-5043,The Johns Hopkins Hospital,pulmonology or infectious disease,,1,61.0,120.0,27.0,1410.0,0.0
HOSP-5043,The Johns Hopkins Hospital,rheumatology,2023-12-16,1,69.0,45.0,9.0,350.0,0.0
HOSP-5044,The Johns Hopkins Hospital,endocrinology,,1,82.0,105.0,12.0,440.0,1.0
HOSP-5044,The Johns Hopkins Hospital,gastroenterology,2021-10-13,1,71.0,90.0,8.0,620.0,1.0
HOSP-5044,The Johns Hopkins Hospital,psychiatry,,1,38.0,30.0,25.0,1370.0,1.0
HOSP-5045,The Johns Hopkins Hospital,cardiology,2023-07-16,1,26.0,30.0,22.0,1450.0,1.0
HOSP-5047,The Johns Hopkins Hospital,pulmonology or allergy and immunology,2021-02-23,1,12.0,105.0,5.0,230.0,1.0
HOSP-5047,The Johns Hopkins Hospital,pulmonology or allergy and immunology,,1,53.0,30.0,18.0,1440.0,0.0
HOSP-5048,The Johns Hopkins Hospital,psychiatry,2024-02-27,1,71.0,120.0,27.0,510.0,1.0
HOSP-5048,The Johns Hopkins Hospital,pulmonology or allergy and immunology,2021-06-30,1,38.0,90.0,13.0,170.0,1.0
HOSP-5050,The Johns Hopkins Hospital,allergy and immunology,2021-12-21,1,71.0,60.0,29.0,360.0,0.0
HOSP-5050,The Johns Hopkins Hospital,allergy and immunology,,1,88.0,30.0,8.0,330.0,0.0
HOSP-5050,The Johns Hopkins Hospital,psychiatry,,1,35.0,120.0,4.0,1110.0,0.0
HOSP-5052,The Johns Hopkins Hospital,gastroenterology,2023-02-16,1,78.0,90.0,18.0,570.0,1.0
HOSP-5052,The Johns Hopkins Hospital,infectious disease or internal medicine,,1,66.0,120.0,30.0,1440.0,0.0
HOSP-5053,The Johns Hopkins Hospital,nephrology,2024-01-28,1,67.0,75.0,27.0,1310.0,1.0
HOSP-5054,The Johns Hopkins Hospital,cardiology or internal medicine,2021-12-14,1,34.0,120.0,4.0,960.0,0.0
HOSP-5057,The Johns Hopkins Hospital,hepatology,,1,50.0,30.0,30.0,1520.0,0.0
HOSP-5060,The Johns Hopkins Hospital,nephrology,2023-07-14,1,94.0,120.0,8.0,440.0,0.0
HOSP-5064,The Johns Hopkins Hospital,cardiology,2023-07-17,1,37.0,105.0,24.0,1180.0,1.0
HOSP-5067,The Johns Hopkins Hospital,gastroenterology,2023-12-19,1,10.0,75.0,25.0,180.0,1.0
HOSP-5068,The Johns Hopkins Hospital,infectious disease or internal medicine,2023-12-23,1,75.0,90.0,7.0,930.0,1.0
HOSP-5068,The Johns Hopkins Hospital,neurology,2023-06-30,1,43.0,45.0,29.0,1140.0,0.0
HOSP-5069,The Johns Hopkins Hospital,pulmonology or infectious disease,,1,63.0,75.0,6.0,860.0,0.0
HOSP-5070,The Johns Hopkins Hospital,hepatology or gastroenterology,2024-01-13,1,23.0,90.0,23.0,1600.0,1.0
HOSP-5070,The Johns Hopkins Hospital,pulmonology or allergy and immunology,2021-09-18,1,86.0,75.0,10.0,160.0,1.0
HOSP-5071,The Johns Hopkins Hospital,infectious disease or internal medicine,2021-11-18,1,52.0,105.0,30.0,550.0,1.0
HOSP-5071,The Johns Hopkins Hospital,rheumatology,,1,42.0,45.0,22.0,570.0,0.0
HOSP-5072,The Johns Hopkins Hospital,nephrology,,1,45.0,15.0,9.0,1160.0,0.0
HOSP-5073,The Johns Hopkins Hospital,hepatology,,1,12.0,105.0,27.0,640.0,1.0
HOSP-5074,The Johns Hopkins Hospital,oncology,2020-12-19,1,4.0,90.0,25.0,590.0,0.0
HOSP-5076,The Johns Hopkins Hospital,rheumatology,,1,76.0,105.0,3.0,110.0,1.0
HOSP-5077,The Johns Hopkins Hospital,rheumatology,2021-04-16,1,38.0,120.0,19.0,1130.0,1.0
HOSP-5078,The Johns Hopkins Hospital,neurology,,1,93.0,30.0,21.0,940.0,1.0
HOSP-5080,The Johns Hopkins Hospital,neurology,,1,81.0,30.0,23.0,980.0,1.0
HOSP-5081,The Johns Hopkins Hospital,endocrinology,2024-03-15,1,83.0,15.0,22.0,1390.0,1.0
HOSP-5081,The Johns Hopkins Hospital,infectious disease or internal medicine,,1,3.0,45.0,9.0,1420.0,0.0
HOSP-5081,The Johns Hopkins Hospital,pulmonology or allergy and immunology,,1,40.0,75.0,26.0,1040.0,0.0
HOSP-5082,The Johns Hopkins Hospital,urology or nephrology,2024-04-30,1,50.0,120.0,3.0,180.0,0.0
HOSP-5085,The Johns Hopkins Hospital,gastroenterology,2023-01-24,1,75.0,15.0,4.0,730.0,0.0
HOSP-5085,The Johns Hopkins Hospital,hepatology or gastroenterology,2023-03-27,1,18.0,30.0,10.0,460.0,0.0
HOSP-5085,The Johns Hopkins Hospital,neurology,2022-11-20,1,7.0,60.0,18.0,1010.0,1.0
HOSP-5086,The Johns Hopkins Hospital,allergy and immunology,2023-01-16,1,86.0,120.0,28.0,850.0,0.0
HOSP-5088,The Johns Hopkins Hospital,allergy and immunology,2024-01-27,1,11.0,45.0,14.0,460.0,0.0
HOSP-5088,The Johns Hopkins Hospital,cardiology or internal medicine,2020-12-31,1,23.0,120.0,22.0,1140.0,0.0
HOSP-5090,The Johns Hopkins Hospital,neurology,,1,39.0,75.0,2.0,610.0,0.0
HOSP-5091,The Johns Hopkins Hospital,hepatology or gastroenterology,2021-03-22,1,90.0,75.0,10.0,660.0,0.0
HOSP-5092,The Johns Hopkins Hospital,cardiology,2024-01-17,1,69.0,60.0,18.0,600.0,1.0
HOSP-5092,The Johns Hopkins Hospital,neurology,2023-01-30,1,5.0,15.0,10.0,480.0,0.0
HOSP-5092,The Johns Hopkins Hospital,pulmonology or allergy and immunology,2023-01-17,1,51.0,45.0,26.0,990.0,0.0
HOSP-5094,The Johns Hopkins Hospital,infectious disease or internal medicine,2024-04-15,1,28.0,90.0,30.0,850.0,0.0
HOSP-5095,The Johns Hopkins Hospital,allergy and immunology,,1,80.0,105.0,4.0,140.0,1.0
HOSP-5096,The Johns Hopkins Hospital,urology or nephrology,2023-01-20,1,71.0,105.0,7.0,230.0,0.0
HOSP-5097,The Johns Hopkins Hospital,neurology,,1,66.0,75.0,6.0,980.0,0.0
HOSP-5097,The Johns Hopkins Hospital,psychiatry,,1,61.0,120.0,16.0,140.0,1.0
HOSP-5098,The Johns Hopkins Hospital,pulmonology,2021-03-26,1,63.0,105.0,17.0,150.0,0.0
HOSP-5098,The Johns Hopkins Hospital,rheumatology,,1,13.0,105.0,17.0,490.0,1.0
HOSP-5100,The Johns Hopkins Hospital,infectious disease or internal medicine,2024-03-18,1,29.0,30.0,2.0,1160.0,1.0
HOSP-5100,The Johns Hopkins Hospital,nephrology,2022-04-28,1,77.0,15.0,12.0,210.0,0.0
HOSP-5101,The Johns Hopkins Hospital,hepatology or gastroenterology,2024-07-17,1,88.0,45.0,29.0,440.0,0.0
HOSP-5101,The Johns Hopkins Hospital,infectious disease or internal medicine,2022-02-14,1,58.0,120.0,2.0,990.0,0.0
HOSP-5101,The Johns Hopkins Hospital,neurology,,1,57.0,90.0,5.0,1240.0,0.0
HOSP-5103,The Johns Hopkins Hospital,gastroenterology,2022-07-17,1,22.0,45.0,8.0,410.0,1.0
HOSP-5104,The Johns Hopkins Hospital,allergy and immunology,2024-06-13,1,78.0,90.0,7.0,1020.0,1.0
HOSP-5105,The Johns Hopkins Hospital,allergy and immunology,2022-02-27,1,49.0,75.0,20.0,640.0,0.0
HOSP-5105,The Johns Hopkins Hospital,gastroenterology,,1,79.0,105.0,24.0,1210.0,1.0
HOSP-5105,The Johns Hopkins Hospital,rheumatology,,1,31.0,105.0,25.0,1280.0,0.0
HOSP-5108,The Johns Hopkins Hospital,infectious disease or internal medicine,2023-11-26,1,72.0,45.0,27.0,420.0,0.0
HOSP-5108,The Johns Hopkins Hospital,rheumatology,,1,58.0,90.0,21.0,930.0,1.0
HOSP-5110,The Johns Hopkins Hospital,gastroenterology,,1,32.0,75.0,20.0,1110.0,1.0
HOSP-5111,The Johns Hopkins Hospital,gastroenterology,2021-02-20,1,23.0,90.0,20.0,1170.0,0.0
HOSP-5112,The Johns Hopkins Hospital,hepatology or gastroenterology,2021-10-19,1,12.0,30.0,11.0,580.0,0.0
HOSP-5112,The Johns Hopkins Hospital,neurology,2023-02-15,1,55.0,75.0,5.0,430.0,1.0
HOSP-5113,The Johns Hopkins Hospital,neurology,,1,30.0,15.0,9.0,1540.0,0.0
HOSP-5114,The Johns Hopkins Hospital,oncology,2021-08-20,1,86.0,120.0,19.0,1390.0,1.0
HOSP-5114,The Johns Hopkins Hospital,pulmonology,,1,10.0,75.0,25.0,1470.0,0.0
HOSP-5116,The Johns Hopkins Hospital,allergy and immunology,2021-06-21,1,32.0,90.0,27.0,400.0,0.0
HOSP-5116,The Johns Hopkins Hospital,gastroenterology,2020-12-18,1,53.0,45.0,12.0,830.0,0.0
HOSP-5116,The Johns Hopkins Hospital,neurology,2022-01-26,1,19.0,105.0,20.0,1380.0,0.0
HOSP-5117,The Johns Hopkins Hospital,rheumatology,,1,47.0,105.0,1.0,610.0,1.0
HOSP-5119,The Johns Hopkins Hospital,gastroenterology,,1,15.0,15.0,8.0,510.0,1.0
HOSP-5119,The Johns Hopkins Hospital,neurology,2022-06-17,1,4.0,105.0,23.0,1320.0,1.0
HOSP-5119,The Johns Hopkins Hospital,neurology,2022-09-20,1,6.0,30.0,6.0,1310.0,1.0
HOSP-5120,The Johns Hopkins Hospital,infectious disease or internal medicine,2024-05-29,1,47.0,15.0,28.0,500.0,1.0
HOSP-5120,The Johns Hopkins Hospital,pulmonology or allergy and immunology,,1,6.0,60.0,30.0,360.0,0.0
HOSP-5121,The Johns Hopkins Hospital,cardiology,,1,54.0,120.0,13.0,680.0,0.0
HOSP-5121,The Johns Hopkins Hospital,pulmonology,2021-12-19,1,46.0,45.0,22.0,1520.0,1.0
HOSP-5123,The Johns Hopkins Hospital,pulmonology,2021-10-31,1,75.0,15.0,18.0,1160.0,0.0
HOSP-5125,The Johns Hopkins Hospital,hepatology or gastroenterology,,1,38.0,60.0,7.0,1310.0,0.0
HOSP-5125,The Johns Hopkins Hospital,psychiatry,2022-06-29,1,2.0,120.0,26.0,1040.0,0.0
HOSP-5126,The Johns Hopkins Hospital,cardiology,2023-07-20,1,18.0,90.0,25.0,1060.0,0.0
HOSP-5126,The Johns Hopkins Hospital,neurology,2023-02-27,1,37.0,60.0,1.0,570.0,1.0
HOSP-5126,The Johns Hopkins Hospital,neurology,,1,72.0,75.0,5.0,1390.0,0.0
HOSP-5126,The Johns Hopkins Hospital,pulmonology or allergy and immunology,2020-08-27,1,30.0,90.0,25.0,1520.0,1.0
HOSP-5127,The Johns Hopkins Hospital,psychiatry,,1,1.0,45.0,14.0,1210.0,1.0
HOSP-5127,The Johns Hopkins Hospital,rheumatology,2023-02-28,1,66.0,15.0,9.0,760.0,0.0
HOSP-5127,The Johns Hopkins Hospital,urology or nephrology,2023-04-23,1,94.0,45.0,16.0,100.0,1.0
HOSP-5129,The Johns Hopkins Hospital,gastroenterology,,1,11.0,45.0,26.0,1060.0,1.0
HOSP-5132,The Johns Hopkins Hospital,allergy and immunology,2022-08-19,1,78.0,105.0,1.0,1490.0,0.0
HOSP-5132,The Johns Hopkins Hospital,hepatology,2023-01-31,1,64.0,60.0,3.0,920.0,1.0
HOSP-5132,The Johns Hopkins Hospital,pulmonology or infectious disease,2022-05-13,1,42.0,75.0,22.0,1210.0,0.0
HOSP-5133,The Johns Hopkins Hospital,psychiatry,2021-03-16,1,64.0,75.0,6.0,1210.0,1.0
HOSP-5133,The Johns Hopkins Hospital,rheumatology,2024-03-28,1,82.0,60.0,18.0,200.0,0.0
HOSP-5134,The Johns Hopkins Hospital,endocrinology,,1,36.0,45.0,4.0,1200.0,1.0
HOSP-5135,The Johns Hopkins Hospital,gastroenterology,2024-06-30,1,9.0,75.0,24.0,1450.0,0.0
HOSP-5136,The Johns Hopkins Hospital,cardiology or internal medicine,,1,48.0,120.0,15.0,1250.0,1.0
HOSP-5136,The Johns Hopkins Hospital,infectious disease,2021-12-17,1,58.0,120.0,30.0,500.0,1.0
HOSP-5136,The Johns Hopkins Hospital,neurology,2022-11-30,1,43.0,105.0,12.0,1470.0,1.0
HOSP-5136,The Johns Hopkins Hospital,neurology,,1,29.0,105.0,15.0,1290.0,0.0
HOSP-5138,The Johns Hopkins Hospital,infectious disease,2020-08-30,1,73.0,30.0,19.0,470.0,1.0
HOSP-5139,The Johns Hopkins Hospital,gastroenterology,,1,20.0,30.0,28.0,280.0,0.0
HOSP-5139,The Johns Hopkins Hospital,neurology,2021-12-16,1,6.0,120.0,24.0,1500.0,0.0
HOSP-5139,The Johns Hopkins Hospital,urology or nephrology,,1,76.0,45.0,4.0,1020.0,0.0
HOSP-5140,The Johns Hopkins Hospital,cardiology,,1,57.0,30.0,9.0,1520.0,1.0
HOSP-5140,The Johns Hopkins Hospital,gastroenterology,,1,35.0,60.0,2.0,610.0,0.0
HOSP-5141,The Johns Hopkins Hospital,infectious disease or internal medicine,2024-03-20,1,33.0,120.0,17.0,1020.0,1.0
HOSP-5141,The Johns Hopkins Hospital,neurology,2021-06-25,1,84.0,75.0,29.0,810.0,1.0
HOSP-5141,The Johns Hopkins Hospital,oncology,2022-10-19,1,49.0,105.0,2.0,140.0,1.0
HOSP-5142,The Johns Hopkins Hospital,hepatology,2023-10-16,1,79.0,15.0,27.0,590.0,1.0
HOSP-5142,The Johns Hopkins Hospital,pulmonology,2022-01-13,1,82.0,30.0,7.0,660.0,0.0
HOSP-5143,The Johns Hopkins Hospital,psychiatry,,1,23.0,75.0,16.0,1020.0,0.0
HOSP-5144,The Johns Hopkins Hospital,hepatology or gastroenterology,2023-11-15,1,85.0,15.0,5.0,790.0,0.0
HOSP-5144,The Johns Hopkins Hospital,infectious disease or internal medicine,,1,80.0,105.0,21.0,320.0,1.0
HOSP-5144,The Johns Hopkins Hospital,pulmonology or allergy and immunology,2021-04-17,1,12.0,45.0,15.0,430.0,0.0
HOSP-5144,The Johns Hopkins Hospital,pulmonology or infectious disease,2021-10-28,1,32.0,60.0,17.0,910.0,1.0
HOSP-5144,The Johns Hopkins Hospital,rheumatology,,1,27.0,15.0,27.0,700.0,0.0
HOSP-5145,The Johns Hopkins Hospital,gastroenterology,,1,27.0,120.0,3.0,860.0,1.0
HOSP-5147,The Johns Hopkins Hospital,hepatology or gastroenterology,2024-02-25,1,65.0,45.0,23.0,110.0,1.0
HOSP-5148,The Johns Hopkins Hospital,allergy and immunology,2024-01-24,1,43.0,60.0,14.0,280.0,1.0
HOSP-5152,The Johns Hopkins Hospital,pulmonology or infectious disease,2023-03-21,1,62.0,60.0,25.0,700.0,0.0
HOSP-5153,The Johns Hopkins Hospital,cardiology or internal medicine,,1,39.0,30.0,3.0,310.0,1.0
HOSP-5153,The Johns Hopkins Hospital,gastroenterology,2021-03-20,1,28.0,45.0,27.0,1380.0,0.0
HOSP-5154,The Johns Hopkins Hospital,pulmonology or infectious disease,,1,82.0,75.0,26.0,1170.0,0.0
HOSP-5155,The Johns Hopkins Hospital,gastroenterology,2021-08-21,1,84.0,45.0,14.0,170.0,1.0
HOSP-5155,The Johns Hopkins Hospital,infectious disease,,1,62.0,60.0,8.0,1040.0,1.0
HOSP-5156,The Johns Hopkins Hospital,nephrology,,1,93.0,105.0,28.0,340.0,0.0
HOSP-5159,The Johns Hopkins Hospital,infectious disease or internal medicine,,2,71.0,67.5,15.5,1040.0,0.0
HOSP-5161,The Johns Hopkins Hospital,allergy and immunology,2021-08-28,1,24.0,120.0,3.0,530.0,1.0
HOSP-5161,The Johns Hopkins Hospital,nephrology,2021-11-26,1,43.0,105.0,27.0,1550.0,0.0
HOSP-5161,The Johns Hopkins Hospital,neurology,,1,75.0,45.0,13.0,990.0,1.0
HOSP-5163,The Johns Hopkins Hospital,psychiatry,,1,85.0,15.0,19.0,360.0,0.0
HOSP-5163,The Johns Hopkins Hospital,pulmonology or infectious disease,2021-07-31,1,52.0,15.0,21.0,510.0,0.0
HOSP-5165,The Johns Hopkins Hospital,infectious disease,,1,1.0,45.0,1.0,1570.0,0.0
HOSP-5165,The Johns Hopkins Hospital,psychiatry,2024-01-26,1,71.0,105.0,29.0,550.0,0.0
HOSP-5166,The Johns Hopkins Hospital,neurology,2020-12-20,1,52.0,105.0,20.0,1120.0,1.0
HOSP-5166,The Johns Hopkins Hospital,psychiatry,2022-10-14,1,57.0,75.0,1.0,640.0,0.0
HOSP-5167,The Johns Hopkins Hospital,allergy and immunology,2023-02-14,1,0.0,120.0,8.0,700.0,1.0
HOSP-5167,The Johns Hopkins Hospital,gastroenterology,,1,48.0,90.0,28.0,710.0,0.0
HOSP-5167,The Johns Hopkins Hospital,infectious disease,,1,57.0,30.0,30.0,1520.0,0.0
HOSP-5168,The Johns Hopkins Hospital,hepatology or gastroenterology,,1,84.0,30.0,19.0,1460.0,0.0
HOSP-5169,The Johns Hopkins Hospital,pulmonology,2024-05-30,1,68.0,90.0,14.0,1180.0,0.0
HOSP-5170,The Johns Hopkins Hospital,neurology,,1,15.0,60.0,4.0,370.0,0.0
HOSP-5171,The Johns Hopkins Hospital,infectious disease or internal medicine,2024-03-14,1,36.0,90.0,11.0,750.0,0.0
HOSP-5171,The Johns Hopkins Hospital,oncology,2021-04-29,1,11.0,120.0,4.0,980.0,0.0
HOSP-5171,The Johns Hopkins Hospital,rheumatology,2024-04-21,1,34.0,15.0,5.0,930.0,1.0
HOSP-5172,The Johns Hopkins Hospital,dermatology,2023-12-20,1,75.0,45.0,13.0,1560.0,0.0
HOSP-5173,The Johns Hopkins Hospital,gastroenterology,2021-05-19,1,21.0,90.0,18.0,1400.0,1.0
HOSP-5174,The Johns Hopkins Hospital,nephrology,,1,80.0,90.0,12.0,990.0,0.0
HOSP-5174,The Johns Hopkins Hospital,neurology,2021-07-18,1,31.0,90.0,9.0,1270.0,0.0
HOSP-5178,The Johns Hopkins Hospital,pulmonology or allergy and immunology,2023-11-18,1,37.0,75.0,10.0,760.0,1.0
HOSP-5180,The Johns Hopkins Hospital,allergy and immunology,2022-02-27,1,23.0,15.0,12.0,380.0,1.0
HOSP-5180,The Johns Hopkins Hospital,cardiology,,1,22.0,60.0,6.0,1070.0,0.0
HOSP-5180,The Johns Hopkins Hospital,gastroenterology,,1,12.0,60.0,19.0,770.0,0.0
HOSP-5180,The Johns Hopkins Hospital,neurology,2023-04-17,1,94.0,30.0,11.0,1350.0,0.0
HOSP-5180,The Johns Hopkins Hospital,oncology,,1,87.0,45.0,20.0,1310.0,1.0
HOSP-5181,The Johns Hopkins Hospital,pulmonology,,1,46.0,60.0,4.0,830.0,1.0
HOSP-5184,The Johns Hopkins Hospital,psychiatry,2023-02-23,1,25.0,120.0,4.0,660.0,1.0
HOSP-5184,The Johns Hopkins Hospital,rheumatology,,1,32.0,105.0,21.0,640.0,1.0
HOSP-5185,The Johns Hopkins Hospital,infectious disease or internal medicine,2020-08-25,1,11.0,30.0,2.0,160.0,0.0
HOSP-5186,The Johns Hopkins Hospital,gastroenterology,2022-07-28,1,36.0,120.0,21.0,560.0,0.0
HOSP-5187,The Johns Hopkins Hospital,hepatology or gastroenterology,,1,56.0,120.0,20.0,1490.0,1.0
HOSP-5191,The Johns Hopkins Hospital,hepatology,2021-12-29,1,20.0,105.0,5.0,420.0,0.0
HOSP-5191,The Johns Hopkins Hospital,urology or nephrology,,1,3.0,45.0,5.0,530.0,0.0
HOSP-5192,The Johns Hopkins Hospital,infectious disease,,1,68.0,30.0,15.0,1380.0,0.0
HOSP-5192,The Johns Hopkins Hospital,oncology,2021-06-28,1,29.0,60.0,2.0,380.0,0.0
HOSP-5193,The Johns Hopkins Hospital,infectious disease,,1,51.0,90.0,11.0,190.0,0.0
HOSP-5195,The Johns Hopkins Hospital,cardiology or internal medicine,2023-07-26,1,49.0,105.0,7.0,1390.0,1.0
HOSP-5195,The Johns Hopkins Hospital,nephrology,2024-02-13,1,29.0,15.0,4.0,1040.0,0.0
HOSP-5195,The Johns Hopkins Hospital,pulmonology or infectious disease,,1,82.0,105.0,8.0,620.0,0.0
HOSP-5195,The Johns Hopkins Hospital,urology or nephrology,2023-03-29,1,38.0,120.0,26.0,1120.0,0.0
HOSP-5196,The Johns Hopkins Hospital,neurology,,1,63.0,30.0,30.0,720.0,0.0
HOSP-5197,The Johns Hopkins Hospital,neurology,2023-12-23,1,92.0,30.0,30.0,370.0,1.0
HOSP-5198,The Johns Hopkins Hospital,infectious disease or internal medicine,2023-08-16,1,12.0,30.0,7.0,140.0,0.0
HOSP-5198,The Johns Hopkins Hospital,rheumatology,2021-09-16,1,47.0,105.0,11.0,460.0,0.0
HOSP-5200,The Johns Hopkins Hospital,cardiology,,1,38.0,15.0,1.0,310.0,0.0
HOSP-5200,The Johns Hopkins Hospital,hepatology or gastroenterology,,1,26.0,60.0,12.0,1330.0,0.0
HOSP-5200,The Johns Hopkins Hospital,pulmonology,,1,26.0,30.0,16.0,710.0,0.0
HOSP-5201,The Johns Hopkins Hospital,pulmonology,2024-03-18,1,95.0,45.0,9.0,530.0,0.0
HOSP-5205,The Johns Hopkins Hospital,neurology,2021-11-27,1,62.0,120.0,27.0,1560.0,0.0
HOSP-5205,The Johns Hopkins Hospital,psychiatry,,1,46.0,105.0,3.0,1440.0,0.0
HOSP-5206,The Johns Hopkins Hospital,rheumatology,,1,46.0,60.0,27.0,1070.0,0.0
HOSP-5208,The Johns Hopkins Hospital,hepatology or gastroenterology,2022-11-29,1,45.0,75.0,15.0,900.0,1.0
HOSP-5208,The Johns Hopkins Hospital,neurology,2020-09-13,1,8.0,105.0,26.0,350.0,1.0
HOSP-5209,The Johns Hopkins Hospital,cardiology or internal medicine,,1,87.0,105.0,2.0,780.0,1.0
HOSP-5209,The Johns Hopkins Hospital,psychiatry,,1,69.0,15.0,26.0,440.0,1.0
HOSP-5210,The Johns Hopkins Hospital,infectious disease or internal medicine,,1,92.0,30.0,25.0,500.0,0.0
HOSP-5210,The Johns Hopkins Hospital,neurology,2022-06-20,1,70.0,15.0,11.0,1470.0,0.0
HOSP-5210,The Johns Hopkins Hospital,pulmonology,,1,24.0,75.0,24.0,1520.0,1.0
HOSP-5211,The Johns Hopkins Hospital,neurology,2022-06-18,1,60.0,105.0,24.0,590.0,0.0
HOSP-5213,The Johns Hopkins Hospital,gastroenterology,2023-05-25,1,0.0,120.0,27.0,1550.0,0.0
HOSP-5213,The Johns Hopkins Hospital,psychiatry,2021-09-20,1,44.0,60.0,27.0,1480.0,1.0
HOSP-5213,The Johns Hopkins Hospital,psychiatry,2021-11-19,1,46.0,45.0,13.0,1460.0,0.0
HOSP-5214,The Johns Hopkins Hospital,gastroenterology,2024-04-18,1,61.0,45.0,4.0,1490.0,1.0
HOSP-5214,The Johns Hopkins Hospital,infectious disease or internal medicine,2021-12-17,1,18.0,45.0,2.0,1390.0,1.0
HOSP-5214,The Johns Hopkins Hospital,infectious disease or internal medicine,,1,81.0,15.0,16.0,190.0,0.0
HOSP-5214,The Johns Hopkins Hospital,psychiatry,,1,43.0,45.0,21.0,240.0,0.0
HOSP-5214,The Johns Hopkins Hospital,pulmonology or infectious disease,2022-01-31,1,45.0,15.0,11.0,480.0,0.0
HOSP-5215,The Johns Hopkins Hospital,gastroenterology,,1,70.0,90.0,21.0,1020.0,1.0
HOSP-5215,The Johns Hopkins Hospital,infectious disease or internal medicine,2020-08-22,1,80.0,45.0,20.0,870.0,0.0
HOSP-5217,The Johns Hopkins Hospital,infectious disease,2022-09-27,1,6.0,45.0,12.0,590.0,1.0
HOSP-5218,The Johns Hopkins Hospital,dermatology,2024-05-18,1,24.0,15.0,18.0,1520.0,1.0
HOSP-5218,The Johns Hopkins Hospital,gastroenterology,,1,12.0,105.0,17.0,650.0,1.0
HOSP-5218,The Johns Hopkins Hospital,psychiatry,2023-11-25,1,77.0,60.0,20.0,180.0,0.0
HOSP-5219,The Johns Hopkins Hospital,gastroenterology,,1,70.0,105.0,26.0,1420.0,0.0
HOSP-5219,The Johns Hopkins Hospital,infectious disease or internal medicine,,1,67.0,45.0,3.0,1020.0,1.0
HOSP-5220,The Johns Hopkins Hospital,pulmonology,2022-05-19,1,77.0,15.0,23.0,790.0,0.0
HOSP-5220,The Johns Hopkins Hospital,urology or nephrology,,2,64.5,22.5,6.5,1250.0,2.0
HOSP-5222,The Johns Hopkins Hospital,hepatology or gastroenterology,,1,61.0,30.0,20.0,1070.0,0.0
HOSP-5222,The Johns Hopkins Hospital,nephrology,2021-08-18,1,26.0,105.0,30.0,920.0,0.0
HOSP-5222,The Johns Hopkins Hospital,pulmonology or infectious disease,2023-05-19,1,76.0,90.0,24.0,1430.0,1.0
HOSP-5223,The Johns Hopkins Hospital,endocrinology,2023-04-23,1,92.0,45.0,22.0,440.0,1.0
HOSP-5223,The Johns Hopkins Hospital,pulmonology or infectious disease,2022-04-27,1,0.0,60.0,25.0,240.0,0.0
HOSP-5225,The Johns Hopkins Hospital,rheumatology,,1,57.0,45.0,26.0,850.0,1.0
HOSP-5226,The Johns Hopkins Hospital,psychiatry,,1,64.0,60.0,29.0,1020.0,1.0
HOSP-5226,The Johns Hopkins Hospital,urology or nephrology,2024-07-16,1,63.0,90.0,26.0,1020.0,0.0
HOSP-5227,The Johns Hopkins Hospital,cardiology or internal medicine,2021-02-23,1,15.0,30.0,12.0,390.0,1.0
HOSP-5227,The Johns Hopkins Hospital,neurology,2023-09-16,1,41.0,90.0,24.0,1240.0,1.0
HOSP-5227,The Johns Hopkins Hospital,neurology,,1,8.0,30.0,7.0,1090.0,0.0
HOSP-5228,The Johns Hopkins Hospital,infectious disease or internal medicine,2021-06-27,1,48.0,120.0,3.0,1270.0,0.0
HOSP-5229,The Johns Hopkins Hospital,neurology,2023-02-20,1,32.0,30.0,15.0,1530.0,0.0
HOSP-5229,The Johns Hopkins Hospital,psychiatry,2023-07-16,1,60.0,45.0,8.0,950.0,1.0
HOSP-5230,The Johns Hopkins Hospital,cardiology or internal medicine,2021-02-18,1,79.0,30.0,1.0,1520.0,0.0
HOSP-5230,The Johns Hopkins Hospital,nephrology,,1,33.0,60.0,6.0,1150.0,1.0
HOSP-5234,The Johns Hopkins Hospital,allergy and immunology,,1,46.0,120.0,3.0,550.0,0.0
HOSP-5234,The Johns Hopkins Hospital,neurology,,1,53.0,120.0,11.0,1130.0,1.0
HOSP-5234,The Johns Hopkins Hospital,urology or nephrology,,1,54.0,45.0,8.0,770.0,1.0
HOSP-5235,The Johns Hopkins Hospital,neurology,,1,5.0,15.0,1.0,950.0,1.0
HOSP-5236,The Johns Hopkins Hospital,endocrinology,2021-10-25,1,86.0,120.0,26.0,1060.0,0.0
HOSP-5237,The Johns Hopkins Hospital,neurology,2023-07-20,1,57.0,75.0,24.0,1030.0,1.0
HOSP-5239,The Johns Hopkins Hospital,neurology,2020-07-30,1,44.0,90.0,27.0,1060.0,0.0
HOSP-5240,The Johns Hopkins Hospital,endocrinology,,1,32.0,30.0,23.0,1400.0,0.0
HOSP-5240,The Johns Hopkins Hospital,oncology,2022-05-23,1,11.0,60.0,20.0,1340.0,0.0
HOSP-5241,The Johns Hopkins Hospital,cardiology or internal medicine,,1,2.0,90.0,14.0,1160.0,1.0
HOSP-5241,The Johns Hopkins Hospital,hepatology or gastroenterology,2022-11-29,1,45.0,120.0,21.0,1150.0,1.0
HOSP-5241,The Johns Hopkins Hospital,infectious disease or internal medicine,2021-02-17,1,79.0,60.0,25.0,670.0,0.0
HOSP-5242,The Johns Hopkins Hospital,pulmonology or allergy and immunology,,1,50.0,60.0,27.0,800.0,1.0
HOSP-5243,The Johns Hopkins Hospital,gastroenterology,2021-10-15,1,51.0,15.0,1.0,1420.0,0.0
HOSP-5243,The Johns Hopkins Hospital,infectious disease or internal medicine,2022-10-14,1,5.0,75.0,27.0,1130.0,0.0
HOSP-5243,The Johns Hopkins Hospital,neurology,2022-05-27,1,54.0,15.0,7.0,1250.0,0.0
HOSP-5245,The Johns Hopkins Hospital,gastroenterology,2021-11-17,1,26.0,90.0,3.0,1070.0,0.0
HOSP-5245,The Johns Hopkins Hospital,gastroenterology,2023-08-26,1,48.0,45.0,26.0,1180.0,1.0
HOSP-5245,The Johns Hopkins Hospital,infectious disease or internal medicine,,1,9.0,45.0,9.0,1500.0,0.0
HOSP-5245,The Johns Hopkins Hospital,psychiatry,2023-11-29,1,79.0,75.0,13.0,1270.0,1.0
HOSP-5246,The Johns Hopkins Hospital,hepatology,2020-10-22,1,0.0,90.0,11.0,260.0,0.0
HOSP-5246,The Johns Hopkins Hospital,pulmonology,2023-08-28,1,58.0,120.0,15.0,470.0,0.0
HOSP-5246,The Johns Hopkins Hospital,urology or nephrology,,1,38.0,45.0,15.0,440.0,0.0
HOSP-5247,The Johns Hopkins Hospital,neurology,2020-08-17,1,72.0,105.0,29.0,560.0,1.0
HOSP-5248,The Johns Hopkins Hospital,hepatology or gastroenterology,,1,42.0,120.0,11.0,200.0,0.0
HOSP-5248,The Johns Hopkins Hospital,pulmonology,2021-12-20,1,25.0,60.0,27.0,530.0,0.0
HOSP-5249,The Johns Hopkins Hospital,gastroenterology,2022-07-26,1,36.0,120.0,6.0,120.0,1.0
HOSP-5249,The Johns Hopkins Hospital,infectious disease or internal medicine,2021-06-30,1,80.0,120.0,9.0,920.0,1.0
HOSP-5249,The Johns Hopkins Hospital,pulmonology,2023-06-23,1,63.0,60.0,27.0,1160.0,0.0
HOSP-5251,The Johns Hopkins Hospital,neurology,2024-04-26,1,62.0,30.0,7.0,890.0,1.0
HOSP-5252,The Johns Hopkins Hospital,neurology,2024-01-20,1,58.0,15.0,14.0,1400.0,0.0
HOSP-5253,The Johns Hopkins Hospital,cardiology,2023-01-26,1,33.0,120.0,14.0,820.0,0.0
HOSP-5254,The Johns Hopkins Hospital,hepatology,2021-07-31,1,51.0,60.0,12.0,1030.0,0.0
HOSP-5257,The Johns Hopkins Hospital,cardiology or internal medicine,2021-03-20,1,88.0,90.0,5.0,1150.0,1.0
HOSP-5257,The Johns Hopkins Hospital,infectious disease or internal medicine,,1,46.0,45.0,22.0,1140.0,0.0
HOSP-5257,The Johns Hopkins Hospital,oncology,,1,50.0,60.0,28.0,1060.0,0.0
HOSP-5258,The Johns Hopkins Hospital,neurology,,1,51.0,60.0,22.0,850.0,0.0
HOSP-5258,The Johns Hopkins Hospital,pulmonology or infectious disease,2023-10-28,1,52.0,105.0,26.0,340.0,1.0
HOSP-5259,The Johns Hopkins Hospital,psychiatry,2021-04-30,1,16.0,105.0,24.0,1040.0,1.0
HOSP-5263,The Johns Hopkins Hospital,psychiatry,2023-02-16,1,80.0,30.0,12.0,1350.0,1.0
HOSP-5266,The Johns Hopkins Hospital,hepatology or gastroenterology,2020-08-16,1,8.0,30.0,18.0,1230.0,1.0
HOSP-5266,The Johns Hopkins Hospital,nephrology,2023-12-14,1,16.0,30.0,22.0,1100.0,0.0
HOSP-5267,The Johns Hopkins Hospital,infectious disease or internal medicine,,1,81.0,120.0,12.0,1060.0,0.0
HOSP-5268,The Johns Hopkins Hospital,neurology,2020-11-20,1,62.0,105.0,1.0,270.0,1.0
HOSP-5269,The Johns Hopkins Hospital,gastroenterology,2021-11-18,1,17.0,90.0,8.0,1270.0,0.0
HOSP-5269,The Johns Hopkins Hospital,pulmonology,,1,3.0,105.0,23.0,290.0,1.0
HOSP-5270,The Johns Hopkins Hospital,pulmonology or infectious disease,,1,55.0,30.0,2.0,1230.0,1.0
HOSP-5271,The Johns Hopkins Hospital,neurology,,1,37.0,15.0,25.0,890.0,0.0
HOSP-5272,The Johns Hopkins Hospital,infectious disease or internal medicine,2020-12-30,1,89.0,30.0,21.0,1220.0,0.0
HOSP-5272,The Johns Hopkins Hospital,infectious disease or internal medicine,2023-06-18,1,55.0,105.0,8.0,1540.0,1.0
HOSP-5273,The Johns Hopkins Hospital,allergy and immunology,,1,33.0,30.0,20.0,1160.0,0.0
HOSP-5274,The Johns Hopkins Hospital,cardiology,2021-07-16,1,43.0,30.0,28.0,560.0,1.0
HOSP-5274,The Johns Hopkins Hospital,cardiology,2022-02-18,1,91.0,105.0,17.0,990.0,0.0
HOSP-5275,The Johns Hopkins Hospital,neurology,2024-03-15,1,8.0,30.0,6.0,1600.0,0.0
HOSP-5275,The Johns Hopkins Hospital,rheumatology,,1,32.0,45.0,12.0,760.0,0.0
HOSP-5276,The Johns Hopkins Hospital,neurology,2023-01-20,1,63.0,45.0,12.0,1250.0,0.0
HOSP-5276,The Johns Hopkins Hospital,neurology,2023-03-24,1,45.0,30.0,24.0,680.0,1.0
HOSP-5276,The Johns Hopkins Hospital,psychiatry,,1,55.0,60.0,1.0,1120.0,1.0
HOSP-5277,The Johns Hopkins Hospital,allergy and immunology,,1,13.0,120.0,27.0,780.0,1.0
HOSP-5277,The Johns Hopkins Hospital,gastroenterology,2021-07-21,1,3.0,30.0,7.0,1350.0,0.0
HOSP-5278,The Johns Hopkins Hospital,hepatology or gastroenterology,2021-01-18,1,44.0,75.0,9.0,960.0,0.0
HOSP-5279,The Johns Hopkins Hospital,psychiatry,2021-07-25,1,92.0,15.0,4.0,130.0,0.0
HOSP-5283,The Johns Hopkins Hospital,hepatology or gastroenterology,2021-05-22,1,88.0,120.0,27.0,690.0,0.0
HOSP-5283,The Johns Hopkins Hospital,infectious disease,2021-06-14,1,38.0,75.0,29.0,1110.0,0.0
HOSP-5284,The Johns Hopkins Hospital,gastroenterology,,1,45.0,105.0,17.0,760.0,1.0
HOSP-5284,The Johns Hopkins Hospital,hepatology,2023-11-18,1,19.0,15.0,17.0,1000.0,0.0
HOSP-5285,The Johns Hopkins Hospital,allergy and immunology,,1,68.0,120.0,6.0,1220.0,1.0
HOSP-5285,The Johns Hopkins Hospital,infectious disease or internal medicine,,1,20.0,105.0,16.0,1080.0,0.0
HOSP-5286,The Johns Hopkins Hospital,neurology,2022-04-25,1,86.0,45.0,13.0,370.0,1.0
HOSP-5286,The Johns Hopkins Hospital,pulmonology or allergy and immunology,2023-01-20,1,57.0,105.0,17.0,1500.0,1.0
HOSP-5288,The Johns Hopkins Hospital,cardiology or internal medicine,,1,33.0,90.0,26.0,580.0,1.0
HOSP-5288,The Johns Hopkins Hospital,gastroenterology,2022-09-18,1,21.0,120.0,5.0,510.0,1.0
HOSP-5288,The Johns Hopkins Hospital,pulmonology or allergy and immunology,,1,63.0,90.0,11.0,180.0,1.0
HOSP-5291,The Johns Hopkins Hospital,allergy and immunology,2022-04-17,1,39.0,30.0,28.0,230.0,0.0
HOSP-5292,The Johns Hopkins Hospital,hepatology or gastroenterology,2021-06-17,1,30.0,75.0,29.0,760.0,0.0
HOSP-5292,The Johns Hopkins Hospital,pulmonology or infectious disease,,1,90.0,105.0,15.0,1140.0,1.0
HOSP-5293,The Johns Hopkins Hospital,gastroenterology,2022-05-16,1,53.0,15.0,30.0,1490.0,1.0
HOSP-5293,The Johns Hopkins Hospital,infectious disease or internal medicine,2022-02-26,1,82.0,90.0,8.0,1550.0,0.0
HOSP-5293,The Johns Hopkins Hospital,infectious disease or internal medicine,,1,52.0,60.0,1.0,440.0,1.0
HOSP-5294,The Johns Hopkins Hospital,hepatology,2024-06-22,1,63.0,105.0,4.0,780.0,1.0
HOSP-5294,The Johns Hopkins Hospital,infectious disease or internal medicine,,1,82.0,75.0,28.0,680.0,1.0
HOSP-5296,The Johns Hopkins Hospital,rheumatology,2024-07-13,1,88.0,75.0,15.0,1270.0,1.0
HOSP-5298,The Johns Hopkins Hospital,gastroenterology,2024-01-15,1,59.0,15.0,11.0,1530.0,0.0
HOSP-5299,The Johns Hopkins Hospital,neurology,2024-04-22,1,95.0,15.0,21.0,1430.0,1.0
HOSP-5300,The Johns Hopkins Hospital,psychiatry,2023-03-18,1,1.0,90.0,2.0,1600.0,1.0
HOSP-5300,The Johns Hopkins Hospital,pulmonology or infectious disease,2023-09-27,1,36.0,30.0,30.0,740.0,1.0
HOSP-5301,The Johns Hopkins Hospital,neurology,2024-02-25,1,36.0,90.0,4.0,1260.0,0.0
HOSP-5301,The Johns Hopkins Hospital,psychiatry,,1,58.0,120.0,25.0,1120.0,1.0
HOSP-5303,The Johns Hopkins Hospital,infectious disease or internal medicine,2021-06-19,1,63.0,90.0,7.0,1000.0,1.0
HOSP-5306,The Johns Hopkins Hospital,gastroenterology,2023-12-28,1,40.0,105.0,27.0,1060.0,0.0
HOSP-5306,The Johns Hopkins Hospital,hepatology or gastroenterology,2022-08-17,1,67.0,105.0,30.0,840.0,0.0
HOSP-5307,The Johns Hopkins Hospital,infectious disease or internal medicine,2022-06-28,1,80.0,60.0,17.0,1500.0,1.0
HOSP-5308,The Johns Hopkins Hospital,neurology,,1,6.0,30.0,24.0,750.0,0.0
HOSP-5308,The Johns Hopkins Hospital,oncology,,1,2.0,60.0,18.0,1110.0,0.0
HOSP-5311,The Johns Hopkins Hospital,gastroenterology,2021-10-13,1,69.0,120.0,4.0,980.0,0.0
HOSP-5312,The Johns Hopkins Hospital,neurology,2023-01-29,1,57.0,45.0,10.0,1170.0,1.0
HOSP-5312,The Johns Hopkins Hospital,neurology,,1,28.0,105.0,17.0,990.0,0.0
HOSP-5312,The Johns Hopkins Hospital,oncology,2020-10-31,1,20.0,30.0,30.0,1140.0,0.0
HOSP-5312,The Johns Hopkins Hospital,pulmonology,2024-05-18,1,60.0,60.0,4.0,1470.0,0.0
HOSP-5312,The Johns Hopkins Hospital,rheumatology,,1,28.0,15.0,27.0,780.0,0.0
HOSP-5313,The Johns Hopkins Hospital,pulmonology or infectious disease,2020-10-22,1,47.0,120.0,6.0,1310.0,0.0
HOSP-5313,The Johns Hopkins Hospital,urology or nephrology,,1,25.0,90.0,4.0,1470.0,0.0
HOSP-5314,The Johns Hopkins Hospital,infectious disease,2022-12-15,1,16.0,120.0,28.0,1460.0,0.0
HOSP-5314,The Johns Hopkins Hospital,infectious disease or internal medicine,2021-10-22,1,31.0,45.0,30.0,920.0,0.0
HOSP-5314,The Johns Hopkins Hospital,neurology,2021-06-23,1,49.0,75.0,23.0,1470.0,0.0
HOSP-5315,The Johns Hopkins Hospital,gastroenterology,2022-08-30,1,85.0,75.0,12.0,1040.0,1.0
HOSP-5316,The Johns Hopkins Hospital,gastroenterology,2021-07-20,1,18.0,75.0,5.0,1090.0,0.0
HOSP-5316,The Johns Hopkins Hospital,psychiatry,,1,10.0,45.0,22.0,1400.0,1.0
HOSP-5317,The Johns Hopkins Hospital,dermatology,2022-01-20,1,84.0,75.0,17.0,790.0,1.0
HOSP-5320,The Johns Hopkins Hospital,cardiology,,1,44.0,120.0,25.0,490.0,0.0
HOSP-5322,The Johns Hopkins Hospital,cardiology or internal medicine,,1,42.0,75.0,22.0,160.0,0.0
HOSP-5322,The Johns Hopkins Hospital,hepatology,,1,11.0,120.0,2.0,810.0,0.0
HOSP-5325,The Johns Hopkins Hospital,rheumatology,,1,79.0,75.0,27.0,730.0,0.0
HOSP-5329,The Johns Hopkins Hospital,hepatology or gastroenterology,,1,24.0,105.0,10.0,1160.0,1.0
HOSP-5329,The Johns Hopkins Hospital,oncology,2020-12-17,1,6.0,75.0,7.0,790.0,1.0
HOSP-5330,The Johns Hopkins Hospital,psychiatry,2022-05-20,1,82.0,75.0,19.0,1470.0,0.0
HOSP-5332,The Johns Hopkins Hospital,dermatology,2020-11-13,1,53.0,60.0,5.0,420.0,0.0
HOSP-5332,The Johns Hopkins Hospital,hepatology,2020-10-19,1,6.0,75.0,18.0,1250.0,1.0
HOSP-5335,The Johns Hopkins Hospital,neurology,,1,21.0,30.0,14.0,620.0,0.0
HOSP-5335,The Johns Hopkins Hospital,psychiatry,2023-08-17,1,62.0,45.0,29.0,1000.0,1.0
HOSP-5336,The Johns Hopkins Hospital,endocrinology,2022-03-26,1,26.0,75.0,26.0,1570.0,1.0
HOSP-5337,The Johns Hopkins Hospital,dermatology,,1,51.0,75.0,18.0,670.0,0.0
HOSP-5338,The Johns Hopkins Hospital,neurology,2024-04-18,1,22.0,45.0,27.0,670.0,0.0
HOSP-5338,The Johns Hopkins Hospital,psychiatry,,1,21.0,120.0,6.0,910.0,0.0
HOSP-5339,The Johns Hopkins Hospital,infectious disease or internal medicine,,1,41.0,90.0,7.0,1530.0,0.0
HOSP-5340,The Johns Hopkins Hospital,urology or nephrology,2022-03-25,1,44.0,45.0,1.0,830.0,1.0
HOSP-5341,The Johns Hopkins Hospital,infectious disease or internal medicine,2023-07-30,1,50.0,120.0,14.0,300.0,0.0
HOSP-5341,The Johns Hopkins Hospital,pulmonology,,1,3.0,45.0,28.0,510.0,1.0
HOSP-5341,The Johns Hopkins Hospital,pulmonology or infectious disease,2024-06-16,1,41.0,30.0,28.0,120.0,0.0
HOSP-5342,The Johns Hopkins Hospital,rheumatology,2020-10-27,1,44.0,105.0,11.0,390.0,0.0
HOSP-5343,The Johns Hopkins Hospital,gastroenterology,2023-08-17,1,77.0,45.0,5.0,480.0,1.0
HOSP-5343,The Johns Hopkins Hospital,gastroenterology,,1,83.0,120.0,5.0,630.0,0.0
HOSP-5343,The Johns Hopkins Hospital,infectious disease or internal medicine,2023-11-29,1,8.0,30.0,13.0,1160.0,0.0
HOSP-5343,The Johns Hopkins Hospital,psychiatry,2021-04-13,1,51.0,30.0,17.0,190.0,0.0
HOSP-5344,The Johns Hopkins Hospital,hepatology or gastroenterology,,1,58.0,60.0,13.0,400.0,0.0
HOSP-5344,The Johns Hopkins Hospital,neurology,2023-03-27,1,4.0,15.0,18.0,370.0,0.0
HOSP-5349,The Johns Hopkins Hospital,infectious disease or internal medicine,,2,43.5,82.5,11.0,780.0,1.0
HOSP-5352,The Johns Hopkins Hospital,neurology,,1,63.0,75.0,3.0,1590.0,0.0
HOSP-5353,The Johns Hopkins Hospital,hepatology,2022-11-23,1,95.0,90.0,18.0,1200.0,1.0
HOSP-5353,The Johns Hopkins Hospital,nephrology,,1,28.0,60.0,3.0,1550.0,1.0
HOSP-5354,The Johns Hopkins Hospital,neurology,,1,29.0,15.0,21.0,930.0,1.0
HOSP-5354,The Johns Hopkins Hospital,pulmonology or allergy and immunology,,1,13.0,45.0,5.0,990.0,1.0
HOSP-5355,The Johns Hopkins Hospital,psychiatry,,1,48.0,15.0,17.0,1460.0,0.0
HOSP-5355,The Johns Hopkins Hospital,rheumatology,,1,39.0,75.0,12.0,1100.0,1.0
HOSP-5356,The Johns Hopkins Hospital,hepatology,2021-02-19,1,82.0,60.0,18.0,1330.0,0.0
HOSP-5356,The Johns Hopkins Hospital,urology or nephrology,2022-08-30,1,75.0,105.0,8.0,830.0,0.0
HOSP-5357,The Johns Hopkins Hospital,hepatology or gastroenterology,,1,11.0,15.0,15.0,810.0,0.0
HOSP-5358,The Johns Hopkins Hospital,hepatology,,1,92.0,75.0,16.0,1140.0,0.0
HOSP-5364,The Johns Hopkins Hospital,infectious disease or internal medicine,2022-12-13,1,85.0,45.0,15.0,1140.0,0.0
HOSP-5365,The Johns Hopkins Hospital,dermatology,,1,86.0,60.0,7.0,990.0,0.0
HOSP-5365,The Johns Hopkins Hospital,pulmonology or infectious disease,2023-11-22,1,24.0,60.0,3.0,1320.0,0.0
HOSP-5367,The Johns Hopkins Hospital,neurology,2024-06-21,1,50.0,30.0,16.0,1040.0,1.0
HOSP-5368,The Johns Hopkins Hospital,nephrology,2023-09-28,1,56.0,120.0,5.0,590.0,1.0
HOSP-5369,The Johns Hopkins Hospital,dermatology,2022-12-17,1,16.0,75.0,7.0,200.0,1.0
HOSP-5369,The Johns Hopkins Hospital,neurology,,1,27.0,30.0,17.0,260.0,1.0
HOSP-5372,The Johns Hopkins Hospital,hepatology or gastroenterology,2020-08-26,1,28.0,105.0,13.0,960.0,1.0
HOSP-5372,The Johns Hopkins Hospital,urology or nephrology,2021-08-23,1,93.0,15.0,19.0,1110.0,0.0
HOSP-5373,The Johns Hopkins Hospital,cardiology or internal medicine,2022-10-22,1,32.0,30.0,22.0,1300.0,1.0
HOSP-5374,The Johns Hopkins Hospital,infectious disease,,1,22.0,105.0,28.0,690.0,0.0
HOSP-5374,The Johns Hopkins Hospital,psychiatry,2021-04-15,1,69.0,105.0,25.0,1060.0,0.0
HOSP-5376,The Johns Hopkins Hospital,allergy and immunology,,1,92.0,30.0,3.0,820.0,1.0
HOSP-5376,The Johns Hopkins Hospital,hepatology or gastroenterology,,1,38.0,15.0,24.0,1320.0,0.0
HOSP-5376,The Johns Hopkins Hospital,infectious disease or internal medicine,,1,44.0,30.0,26.0,610.0,1.0
HOSP-5377,The Johns Hopkins Hospital,neurology,2022-12-30,1,3.0,120.0,24.0,260.0,1.0
HOSP-5378,The Johns Hopkins Hospital,endocrinology,,1,34.0,120.0,19.0,840.0,0.0
HOSP-5378,The Johns Hopkins Hospital,psychiatry,2023-01-15,1,4.0,30.0,4.0,1440.0,0.0
HOSP-5379,The Johns Hopkins Hospital,infectious disease,,1,74.0,120.0,13.0,300.0,0.0
HOSP-5380,The Johns Hopkins Hospital,neurology,2024-01-26,1,71.0,30.0,14.0,810.0,0.0
HOSP-5380,The Johns Hopkins Hospital,pulmonology or allergy and immunology,2023-05-26,1,84.0,15.0,3.0,860.0,0.0
HOSP-5380,The Johns Hopkins Hospital,pulmonology or allergy and immunology,,1,41.0,75.0,5.0,430.0,0.0
HOSP-5381,The Johns Hopkins Hospital,allergy and immunology,,1,36.0,60.0,8.0,1420.0,0.0
HOSP-5381,The Johns Hopkins Hospital,hepatology,2021-01-15,1,66.0,15.0,16.0,190.0,0.0
HOSP-5381,The Johns Hopkins Hospital,neurology,2023-03-28,1,12.0,45.0,14.0,570.0,1.0
HOSP-5381,The Johns Hopkins Hospital,psychiatry,2024-03-27,1,19.0,15.0,4.0,1200.0,1.0
HOSP-5383,The Johns Hopkins Hospital,infectious disease or internal medicine,,1,84.0,30.0,13.0,500.0,1.0
HOSP-5383,The Johns Hopkins Hospital,pulmonology,2021-05-30,1,41.0,75.0,22.0,420.0,0.0
HOSP-5384,The Johns Hopkins Hospital,gastroenterology,,1,22.0,15.0,4.0,310.0,0.0
HOSP-5384,The Johns Hopkins Hospital,neurology,,1,69.0,15.0,1.0,980.0,0.0
HOSP-5384,The Johns Hopkins Hospital,oncology,2021-08-19,1,94.0,45.0,1.0,920.0,1.0
HOSP-5385,The Johns Hopkins Hospital,gastroenterology,2024-05-17,1,63.0,45.0,22.0,680.0,1.0
HOSP-5385,The Johns Hopkins Hospital,pulmonology,2020-10-16,1,87.0,105.0,13.0,510.0,0.0
HOSP-5385,The Johns Hopkins Hospital,pulmonology or allergy and immunology,2023-01-16,1,60.0,60.0,6.0,1310.0,1.0
HOSP-5387,The Johns Hopkins Hospital,gastroenterology,,1,4.0,75.0,2.0,660.0,1.0
HOSP-5388,The Johns Hopkins Hospital,psychiatry,2023-04-13,1,34.0,60.0,7.0,330.0,0.0
HOSP-5389,The Johns Hopkins Hospital,nephrology,2024-04-14,1,58.0,120.0,18.0,370.0,0.0
HOSP-5389,The Johns Hopkins Hospital,neurology,2023-04-22,1,5.0,45.0,21.0,360.0,0.0
HOSP-5390,The Johns Hopkins Hospital,endocrinology,2022-11-30,1,80.0,90.0,21.0,620.0,0.0
HOSP-5392,The Johns Hopkins Hospital,allergy and immunology,,1,8.0,30.0,2.0,1430.0,1.0
HOSP-5393,The Johns Hopkins Hospital,allergy and immunology,2024-01-31,1,37.0,90.0,6.0,1470.0,0.0
HOSP-5393,The Johns Hopkins Hospital,infectious disease or internal medicine,,1,41.0,90.0,19.0,550.0,0.0
HOSP-5394,The Johns Hopkins Hospital,gastroenterology,,1,77.0,105.0,1.0,950.0,0.0
HOSP-5394,The Johns Hopkins Hospital,neurology,,1,61.0,120.0,15.0,1300.0,0.0
HOSP-5394,The Johns Hopkins Hospital,psychiatry,,1,27.0,15.0,20.0,680.0,1.0
HOSP-5395,The Johns Hopkins Hospital,hepatology or gastroenterology,2022-03-17,1,33.0,30.0,14.0,210.0,0.0
HOSP-5397,The Johns Hopkins Hospital,psychiatry,2021-07-25,1,57.0,90.0,10.0,1220.0,0.0
HOSP-5398,The Johns Hopkins Hospital,gastroenterology,2020-08-19,1,89.0,105.0,8.0,620.0,0.0
HOSP-5402,The Johns Hopkins Hospital,allergy and immunology,2024-02-21,1,10.0,30.0,14.0,350.0,1.0
HOSP-5402,The Johns Hopkins Hospital,endocrinology,,1,95.0,15.0,7.0,1350.0,0.0
HOSP-5403,The Johns Hopkins Hospital,gastroenterology,,1,15.0,75.0,6.0,650.0,0.0
HOSP-5404,The Johns Hopkins Hospital,gastroenterology,2024-02-28,1,20.0,60.0,21.0,460.0,1.0
HOSP-5404,The Johns Hopkins Hospital,neurology,,1,14.0,15.0,18.0,1280.0,0.0
HOSP-5406,The Johns Hopkins Hospital,dermatology,2021-05-15,1,5.0,75.0,1.0,870.0,1.0
HOSP-5406,The Johns Hopkins Hospital,neurology,2020-12-13,1,12.0,30.0,30.0,240.0,0.0
HOSP-5410,The Johns Hopkins Hospital,oncology,2024-01-29,1,89.0,75.0,14.0,960.0,0.0
HOSP-5410,The Johns Hopkins Hospital,pulmonology or infectious disease,,1,14.0,120.0,3.0,240.0,0.0
HOSP-5411,The Johns Hopkins Hospital,pulmonology or allergy and immunology,2023-06-30,1,4.0,45.0,21.0,150.0,0.0
HOSP-5411,The Johns Hopkins Hospital,pulmonology or allergy and immunology,,1,95.0,90.0,20.0,470.0,0.0
HOSP-5413,The Johns Hopkins Hospital,gastroenterology,2023-05-13,1,73.0,90.0,25.0,860.0,1.0
HOSP-5413,The Johns Hopkins Hospital,nephrology,2022-11-16,1,7.0,105.0,1.0,430.0,0.0
HOSP-5413,The Johns Hopkins Hospital,neurology,2021-05-13,1,13.0,105.0,6.0,1500.0,0.0
HOSP-5414,The Johns Hopkins Hospital,gastroenterology,2021-07-25,1,22.0,15.0,11.0,430.0,0.0
HOSP-5414,The Johns Hopkins Hospital,nephrology,2022-05-31,1,70.0,30.0,2.0,1370.0,0.0
HOSP-5414,The Johns Hopkins Hospital,pulmonology,2023-04-26,1,59.0,30.0,5.0,1050.0,1.0
HOSP-5416,The Johns Hopkins Hospital,gastroenterology,,1,21.0,60.0,2.0,880.0,0.0
HOSP-5416,The Johns Hopkins Hospital,neurology,2020-11-13,1,19.0,120.0,8.0,510.0,1.0
HOSP-5417,The Johns Hopkins Hospital,dermatology,,1,24.0,15.0,27.0,900.0,1.0
HOSP-5418,The Johns Hopkins Hospital,psychiatry,,1,15.0,15.0,16.0,1380.0,0.0
HOSP-5418,The Johns Hopkins Hospital,pulmonology,,1,85.0,45.0,17.0,640.0,1.0
HOSP-5420,The Johns Hopkins Hospital,pulmonology,2020-07-25,1,79.0,15.0,20.0,470.0,0.0
HOSP-5420,The Johns Hopkins Hospital,pulmonology or infectious disease,2020-08-26,1,76.0,15.0,22.0,1590.0,1.0
HOSP-5421,The Johns Hopkins Hospital,nephrology,2021-01-24,1,63.0,120.0,24.0,1580.0,0.0
HOSP-5422,The Johns Hopkins Hospital,hepatology,2021-10-20,1,84.0,90.0,13.0,1270.0,1.0
HOSP-5422,The Johns Hopkins Hospital,rheumatology,2022-02-25,1,39.0,90.0,2.0,1380.0,0.0
HOSP-5424,The Johns Hopkins Hospital,infectious disease or internal medicine,2021-06-19,1,24.0,75.0,3.0,900.0,1.0
HOSP-5424,The Johns Hopkins Hospital,psychiatry,2023-03-23,1,16.0,90.0,26.0,1260.0,1.0
HOSP-5425,The Johns Hopkins Hospital,cardiology or internal medicine,,1,75.0,90.0,4.0,240.0,1.0
HOSP-5425,The Johns Hopkins Hospital,infectious disease or internal medicine,2024-03-15,1,87.0,105.0,10.0,790.0,0.0
HOSP-5425,The Johns Hopkins Hospital,neurology,2021-03-13,1,12.0,75.0,24.0,1260.0,0.0
HOSP-5426,The Johns Hopkins Hospital,allergy and immunology,,1,37.0,15.0,17.0,420.0,0.0
HOSP-5426,The Johns Hopkins Hospital,infectious disease or internal medicine,2021-04-29,1,89.0,15.0,16.0,670.0,1.0
HOSP-5427,The Johns Hopkins Hospital,gastroenterology,2022-10-24,1,4.0,60.0,24.0,1420.0,1.0
HOSP-5429,The Johns Hopkins Hospital,cardiology,2020-11-13,1,19.0,75.0,10.0,310.0,0.0
HOSP-5429,The Johns Hopkins Hospital,endocrinology,,1,59.0,90.0,27.0,300.0,1.0
HOSP-5429,The Johns Hopkins Hospital,pulmonology,2022-01-28,1,18.0,75.0,2.0,590.0,1.0
HOSP-5429,The Johns Hopkins Hospital,rheumatology,,1,78.0,15.0,16.0,890.0,1.0
HOSP-5430,The Johns Hopkins Hospital,hepatology,,1,45.0,120.0,25.0,1230.0,1.0
HOSP-5430,The Johns Hopkins Hospital,psychiatry,2021-05-30,1,69.0,45.0,9.0,1090.0,1.0
HOSP-5431,The Johns Hopkins Hospital,infectious disease or internal medicine,2021-07-21,1,2.0,60.0,2.0,1400.0,1.0
HOSP-5432,The Johns Hopkins Hospital,hepatology or gastroenterology,2022-01-14,1,30.0,120.0,22.0,430.0,1.0
HOSP-5432,The Johns Hopkins Hospital,pulmonology or allergy and immunology,2021-05-31,1,78.0,90.0,17.0,730.0,1.0
HOSP-5432,The Johns Hopkins Hospital,rheumatology,2024-02-14,1,58.0,90.0,5.0,970.0,0.0
HOSP-5433,The Johns Hopkins Hospital,hepatology,,1,17.0,105.0,10.0,1080.0,1.0
HOSP-5433,The Johns Hopkins Hospital,infectious disease,2020-09-17,1,12.0,75.0,10.0,420.0,0.0
HOSP-5434,The Johns Hopkins Hospital,neurology,2022-01-13,1,89.0,45.0,19.0,1010.0,0.0
HOSP-5434,The Johns Hopkins Hospital,psychiatry,,1,68.0,30.0,14.0,1530.0,1.0
HOSP-5435,The Johns Hopkins Hospital,pulmonology,2022-01-18,1,38.0,75.0,13.0,480.0,0.0
HOSP-5436,The Johns Hopkins Hospital,allergy and immunology,2023-09-28,1,66.0,15.0,17.0,1040.0,0.0
HOSP-5438,The Johns Hopkins Hospital,neurology,,1,90.0,15.0,24.0,480.0,0.0
HOSP-5438,The Johns Hopkins Hospital,psychiatry,,1,14.0,60.0,2.0,1430.0,0.0
HOSP-5439,The Johns Hopkins Hospital,rheumatology,2024-05-16,1,46.0,75.0,19.0,110.0,0.0
HOSP-5441,The Johns Hopkins Hospital,cardiology or internal medicine,2023-11-14,1,23.0,75.0,19.0,150.0,1.0
HOSP-5441,The Johns Hopkins Hospital,neurology,2021-11-21,1,55.0,120.0,27.0,650.0,1.0
HOSP-5443,The Johns Hopkins Hospital,nephrology,2021-07-29,1,50.0,105.0,27.0,1060.0,1.0
HOSP-5444,The Johns Hopkins Hospital,infectious disease,2023-09-14,1,77.0,90.0,4.0,1060.0,1.0
HOSP-5444,The Johns Hopkins Hospital,infectious disease or internal medicine,2021-07-23,1,80.0,120.0,7.0,1560.0,0.0
HOSP-5445,The Johns Hopkins Hospital,psychiatry,2021-11-21,1,92.0,15.0,7.0,1420.0,0.0
HOSP-5445,The Johns Hopkins Hospital,pulmonology or infectious disease,2021-12-31,1,11.0,90.0,25.0,1500.0,0.0
HOSP-5448,The Johns Hopkins Hospital,endocrinology,2023-06-21,1,74.0,120.0,26.0,110.0,1.0
HOSP-5450,The Johns Hopkins Hospital,neurology,2023-09-22,1,92.0,105.0,3.0,300.0,0.0
HOSP-5450,The Johns Hopkins Hospital,pulmonology,2020-08-19,1,11.0,105.0,10.0,1090.0,0.0
HOSP-5451,The Johns Hopkins Hospital,allergy and immunology,,1,55.0,60.0,18.0,1140.0,0.0
HOSP-5452,The Johns Hopkins Hospital,dermatology,,1,29.0,30.0,10.0,1510.0,0.0
HOSP-5452,The Johns Hopkins Hospital,nephrology,2023-11-19,1,71.0,105.0,4.0,1090.0,0.0
HOSP-5452,The Johns Hopkins Hospital,neurology,,1,70.0,90.0,26.0,620.0,0.0
HOSP-5453,The Johns Hopkins Hospital,neurology,2022-08-25,1,11.0,120.0,7.0,250.0,0.0
HOSP-5453,The Johns Hopkins Hospital,neurology,2023-12-21,1,56.0,75.0,19.0,200.0,0.0
HOSP-5454,The Johns Hopkins Hospital,gastroenterology,,1,85.0,90.0,3.0,1070.0,0.0
HOSP-5455,The Johns Hopkins Hospital,hepatology,2023-04-17,1,12.0,120.0,27.0,750.0,0.0
HOSP-5456,The Johns Hopkins Hospital,neurology,2020-10-30,1,88.0,105.0,29.0,1580.0,0.0
HOSP-5456,The Johns Hopkins Hospital,pulmonology or allergy and immunology,2023-11-18,1,3.0,75.0,23.0,1110.0,1.0
HOSP-5457,The Johns Hopkins Hospital,urology or nephrology,,1,58.0,120.0,19.0,830.0,0.0
HOSP-5458,The Johns Hopkins Hospital,hepatology or gastroenterology,,1,74.0,105.0,14.0,540.0,0.0
HOSP-5458,The Johns Hopkins Hospital,oncology,,1,26.0,120.0,1.0,130.0,0.0
HOSP-5459,The Johns Hopkins Hospital,neurology,2020-12-21,1,67.0,15.0,21.0,1180.0,0.0
HOSP-5461,The Johns Hopkins Hospital,psychiatry,2022-02-27,1,92.0,15.0,18.0,500.0,0.0
HOSP-5462,The Johns Hopkins Hospital,gastroenterology,,1,83.0,75.0,13.0,1550.0,0.0
HOSP-5463,The Johns Hopkins Hospital,neurology,2023-03-28,1,4.0,90.0,12.0,710.0,0.0
HOSP-5464,The Johns Hopkins Hospital,cardiology,,1,89.0,75.0,6.0,1160.0,1.0
HOSP-5464,The Johns Hopkins Hospital,psychiatry,2022-08-18,1,31.0,15.0,16.0,1290.0,0.0
HOSP-5465,The Johns Hopkins Hospital,neurology,,2,29.5,75.0,22.5,570.0,1.0
HOSP-5467,The Johns Hopkins Hospital,neurology,2024-01-22,1,10.0,90.0,21.0,980.0,0.0
HOSP-5467,The Johns Hopkins Hospital,pulmonology,2024-01-18,1,42.0,45.0,23.0,160.0,1.0
HOSP-5470,The Johns Hopkins Hospital,pulmonology,2020-11-20,1,48.0,15.0,16.0,270.0,1.0
HOSP-5471,The Johns Hopkins Hospital,gastroenterology,2022-12-31,1,71.0,15.0,19.0,1370.0,0.0
HOSP-5471,The Johns Hopkins Hospital,neurology,2022-10-17,1,32.0,60.0,10.0,740.0,0.0
HOSP-5474,The Johns Hopkins Hospital,gastroenterology,2021-07-21,1,23.0,75.0,4.0,1060.0,0.0
HOSP-5474,The Johns Hopkins Hospital,pulmonology or infectious disease,2024-06-13,1,7.0,75.0,23.0,800.0,1.0
HOSP-5475,The Johns Hopkins Hospital,gastroenterology,,1,76.0,75.0,21.0,1170.0,1.0
HOSP-5477,The Johns Hopkins Hospital,gastroenterology,2020-09-29,1,69.0,45.0,6.0,240.0,0.0
HOSP-5477,The Johns Hopkins Hospital,nephrology,2022-02-15,1,46.0,105.0,23.0,210.0,0.0
HOSP-5477,The Johns Hopkins Hospital,neurology,,1,56.0,15.0,12.0,1200.0,0.0
HOSP-5479,The Johns Hopkins Hospital,dermatology,,1,33.0,45.0,13.0,860.0,1.0
HOSP-5481,The Johns Hopkins Hospital,nephrology,2021-01-30,1,65.0,75.0,1.0,160.0,1.0
HOSP-5482,The Johns Hopkins Hospital,gastroenterology,2021-11-13,1,16.0,45.0,30.0,200.0,0.0
HOSP-5482,The Johns Hopkins Hospital,infectious disease,,2,33.5,60.0,18.0,625.0,1.0
HOSP-5484,The Johns Hopkins Hospital,hepatology,2023-04-27,1,54.0,120.0,15.0,260.0,0.0
HOSP-5486,The Johns Hopkins Hospital,cardiology,2021-12-26,1,91.0,30.0,26.0,1480.0,1.0
HOSP-5486,The Johns Hopkins Hospital,gastroenterology,2023-02-16,1,79.0,90.0,7.0,1200.0,1.0
HOSP-5486,The Johns Hopkins Hospital,infectious disease or internal medicine,2024-04-19,1,4.0,75.0,22.0,1370.0,0.0
HOSP-5487,The Johns Hopkins Hospital,gastroenterology,2023-06-18,1,64.0,120.0,1.0,100.0,1.0
HOSP-5488,The Johns Hopkins Hospital,cardiology,2020-08-26,1,94.0,120.0,29.0,1400.0,0.0
HOSP-5489,The Johns Hopkins Hospital,cardiology,2021-08-25,1,92.0,30.0,5.0,1300.0,0.0
HOSP-5489,The Johns Hopkins Hospital,nephrology,,1,94.0,75.0,18.0,1310.0,0.0
HOSP-5489,The Johns Hopkins Hospital,neurology,2023-04-20,1,26.0,60.0,26.0,1420.0,1.0
HOSP-5490,The Johns Hopkins Hospital,infectious disease,2023-11-22,1,6.0,45.0,6.0,1450.0,1.0
HOSP-5491,The Johns Hopkins Hospital,infectious disease,2024-05-24,1,30.0,60.0,21.0,340.0,0.0
HOSP-5494,The Johns Hopkins Hospital,oncology,,1,58.0,120.0,19.0,580.0,0.0
HOSP-5494,The Johns Hopkins Hospital,rheumatology,,1,23.0,105.0,20.0,1260.0,1.0
HOSP-5496,The Johns Hopkins Hospital,infectious disease or internal medicine,2024-04-17,1,44.0,60.0,14.0,1030.0,1.0
HOSP-5497,The Johns Hopkins Hospital,neurology,,1,14.0,120.0,25.0,1460.0,1.0
HOSP-5499,The Johns Hopkins Hospital,gastroenterology,,1,95.0,30.0,4.0,860.0,1.0
HOSP-5500,The Johns Hopkins Hospital,pulmonology or infectious disease,,1,23.0,75.0,18.0,1440.0,0.0
HOSP-5501,The Johns Hopkins Hospital,rheumatology,2023-10-20,1,13.0,30.0,14.0,1320.0,0.0
HOSP-5503,The Johns Hopkins Hospital,gastroenterology,,1,70.0,105.0,1.0,1600.0,1.0
HOSP-5503,The Johns Hopkins Hospital,infectious disease or internal medicine,,1,5.0,105.0,10.0,450.0,0.0
HOSP-5505,The Johns Hopkins Hospital,pulmonology,2020-12-19,1,39.0,45.0,6.0,100.0,1.0
HOSP-5505,The Johns Hopkins Hospital,pulmonology or infectious disease,2021-09-26,1,86.0,120.0,8.0,510.0,0.0
HOSP-5507,The Johns Hopkins Hospital,neurology,2023-07-29,1,10.0,105.0,24.0,470.0,1.0
HOSP-5508,The Johns Hopkins Hospital,gastroenterology,2023-05-15,1,82.0,120.0,17.0,350.0,0.0
HOSP-5509,The Johns Hopkins Hospital,psychiatry,2023-08-21,1,40.0,75.0,17.0,310.0,1.0
HOSP-5511,The Johns Hopkins Hospital,hepatology or gastroenterology,2022-08-29,1,49.0,30.0,23.0,1590.0,1.0
HOSP-5512,The Johns Hopkins Hospital,pulmonology or infectious disease,,1,82.0,45.0,23.0,330.0,0.0
HOSP-5514,The Johns Hopkins Hospital,nephrology,,1,84.0,75.0,26.0,870.0,0.0
HOSP-5515,The Johns Hopkins Hospital,cardiology,2023-02-24,1,40.0,45.0,3.0,1550.0,1.0
HOSP-5515,The Johns Hopkins Hospital,infectious disease,,1,76.0,45.0,30.0,1430.0,0.0
HOSP-5516,The Johns Hopkins Hospital,gastroenterology,2021-01-17,1,1.0,45.0,5.0,570.0,0.0
HOSP-5517,The Johns Hopkins Hospital,hepatology,2023-05-23,1,81.0,120.0,8.0,300.0,0.0
HOSP-5517,The Johns Hopkins Hospital,neurology,2021-09-25,1,49.0,15.0,18.0,150.0,0.0
HOSP-5517,The Johns Hopkins Hospital,pulmonology,2020-08-24,1,47.0,105.0,27.0,360.0,1.0
HOSP-5517,The Johns Hopkins Hospital,pulmonology or allergy and immunology,2021-07-13,1,64.0,120.0,23.0,180.0,1.0
HOSP-5517,The Johns Hopkins Hospital,pulmonology or infectious disease,,1,23.0,90.0,3.0,520.0,0.0
HOSP-5518,The Johns Hopkins Hospital,dermatology,2022-10-24,1,12.0,15.0,22.0,940.0,0.0
HOSP-5518,The Johns Hopkins Hospital,rheumatology,,1,44.0,120.0,5.0,260.0,1.0
HOSP-5519,The Johns Hopkins Hospital,dermatology,,1,3.0,60.0,15.0,680.0,1.0
HOSP-5520,The Johns Hopkins Hospital,hepatology or gastroenterology,2020-08-28,1,11.0,15.0,14.0,240.0,1.0
HOSP-5520,The Johns Hopkins Hospital,psychiatry,,1,46.0,75.0,10.0,1150.0,1.0
HOSP-5524,The Johns Hopkins Hospital,infectious disease or internal medicine,2022-07-20,1,23.0,15.0,27.0,1040.0,1.0
HOSP-5525,The Johns Hopkins Hospital,gastroenterology,2022-08-23,1,57.0,90.0,16.0,230.0,0.0
HOSP-5525,The Johns Hopkins Hospital,psychiatry,,1,86.0,75.0,2.0,1000.0,1.0
HOSP-5527,The Johns Hopkins Hospital,endocrinology,2024-05-13,1,8.0,90.0,2.0,960.0,0.0
HOSP-5528,The Johns Hopkins Hospital,allergy and immunology,,1,14.0,30.0,25.0,490.0,1.0
HOSP-5528,The Johns Hopkins Hospital,gastroenterology,2022-05-27,1,93.0,120.0,1.0,1020.0,1.0
HOSP-5529,The Johns Hopkins Hospital,infectious disease or internal medicine,2021-03-30,1,15.0,120.0,2.0,1110.0,0.0
HOSP-5529,The Johns Hopkins Hospital,pulmonology,,1,38.0,30.0,14.0,1600.0,1.0
HOSP-5530,The Johns Hopkins Hospital,neurology,,1,24.0,75.0,18.0,1570.0,1.0
HOSP-5533,The Johns Hopkins Hospital,pulmonology or allergy and immunology,2020-11-13,1,49.0,45.0,11.0,230.0,0.0
HOSP-5534,The Johns Hopkins Hospital,dermatology,2022-09-26,1,51.0,45.0,19.0,500.0,0.0
HOSP-5534,The Johns Hopkins Hospital,oncology,2020-10-18,1,39.0,45.0,27.0,1440.0,0.0
HOSP-5535,The Johns Hopkins Hospital,gastroenterology,2021-04-21,1,87.0,105.0,28.0,360.0,0.0
HOSP-5535,The Johns Hopkins Hospital,gastroenterology,,1,67.0,45.0,3.0,1530.0,0.0
HOSP-5537,The Johns Hopkins Hospital,infectious disease or internal medicine,,1,16.0,45.0,6.0,1570.0,0.0
HOSP-5541,The Johns Hopkins Hospital,neurology,2024-03-26,1,66.0,30.0,17.0,370.0,0.0
HOSP-5541,The Johns Hopkins Hospital,pulmonology or infectious disease,2024-03-20,1,45.0,45.0,6.0,790.0,0.0
HOSP-5542,The Johns Hopkins Hospital,pulmonology or infectious disease,2022-10-22,1,81.0,45.0,27.0,1170.0,0.0
HOSP-5544,The Johns Hopkins Hospital,neurology,2021-05-30,1,7.0,45.0,3.0,1420.0,0.0
HOSP-5546,The Johns Hopkins Hospital,hepatology,2023-09-19,1,25.0,15.0,22.0,920.0,1.0
HOSP-5546,The Johns Hopkins Hospital,psychiatry,,1,59.0,15.0,29.0,700.0,0.0
HOSP-5547,The Johns Hopkins Hospital,infectious disease,2022-12-25,1,93.0,15.0,5.0,260.0,0.0
HOSP-5547,The Johns Hopkins Hospital,neurology,,1,18.0,105.0,11.0,440.0,0.0
HOSP-5548,The Johns Hopkins Hospital,hepatology or gastroenterology,2024-05-17,1,85.0,120.0,22.0,300.0,1.0
HOSP-5548,The Johns Hopkins Hospital,pulmonology or infectious disease,,1,7.0,120.0,8.0,1320.0,0.0
HOSP-5549,The Johns Hopkins Hospital,neurology,,1,39.0,15.0,21.0,1240.0,0.0
HOSP-5551,The Johns Hopkins Hospital,psychiatry,,1,83.0,105.0,22.0,1380.0,0.0
HOSP-5554,The Johns Hopkins Hospital,urology or nephrology,2023-01-24,1,62.0,15.0,8.0,340.0,1.0
HOSP-5554,The Johns Hopkins Hospital,urology or nephrology,2024-02-16,1,47.0,15.0,29.0,150.0,1.0
HOSP-5555,The Johns Hopkins Hospital,neurology,,1,47.0,60.0,6.0,930.0,0.0
HOSP-5557,The Johns Hopkins Hospital,hepatology,2023-07-24,1,34.0,60.0,22.0,740.0,1.0
HOSP-5557,The Johns Hopkins Hospital,hepatology or gastroenterology,,1,65.0,120.0,15.0,590.0,0.0
HOSP-5558,The Johns Hopkins Hospital,hepatology,2021-10-14,1,43.0,75.0,25.0,300.0,1.0
HOSP-5558,The Johns Hopkins Hospital,nephrology,2021-11-24,1,65.0,60.0,18.0,1240.0,0.0
HOSP-5559,The Johns Hopkins Hospital,gastroenterology,2022-12-20,1,59.0,60.0,29.0,1430.0,0.0
HOSP-5561,The Johns Hopkins Hospital,cardiology or internal medicine,2023-10-30,1,9.0,90.0,29.0,280.0,0.0
HOSP-5561,The Johns Hopkins Hospital,cardiology or internal medicine,,1,23.0,120.0,29.0,310.0,1.0
HOSP-5562,The Johns Hopkins Hospital,infectious disease or internal medicine,,1,95.0,105.0,20.0,710.0,1.0
HOSP-5562,The Johns Hopkins Hospital,neurology,2023-07-13,1,29.0,120.0,28.0,590.0,0.0
HOSP-5563,The Johns Hopkins Hospital,gastroenterology,,1,37.0,30.0,22.0,1110.0,1.0
HOSP-5563,The Johns Hopkins Hospital,oncology,2023-08-29,1,64.0,15.0,27.0,910.0,0.0
HOSP-5563,The Johns Hopkins Hospital,urology or nephrology,2024-02-14,1,65.0,120.0,10.0,1060.0,1.0
HOSP-5565,The Johns Hopkins Hospital,urology or nephrology,2023-08-20,1,25.0,45.0,1.0,1600.0,0.0
HOSP-5566,The Johns Hopkins Hospital,neurology,,1,72.0,30.0,29.0,520.0,1.0
HOSP-5567,The Johns Hopkins Hospital,cardiology,,1,57.0,90.0,7.0,460.0,1.0
HOSP-5567,The Johns Hopkins Hospital,rheumatology,2021-06-16,1,26.0,30.0,22.0,270.0,0.0
HOSP-5569,The Johns Hopkins Hospital,infectious disease,2024-02-19,1,5.0,90.0,16.0,590.0,0.0
HOSP-5570,The Johns Hopkins Hospital,gastroenterology,,1,38.0,15.0,4.0,1180.0,0.0
HOSP-5571,The Johns Hopkins Hospital,urology or nephrology,2021-04-30,1,86.0,105.0,10.0,1540.0,0.0
HOSP-5572,The Johns Hopkins Hospital,neurology,2022-04-19,1,66.0,120.0,2.0,1120.0,0.0
HOSP-5572,The Johns Hopkins Hospital,neurology,,1,83.0,45.0,29.0,460.0,0.0
HOSP-5573,The Johns Hopkins Hospital,cardiology,,1,10.0,45.0,26.0,450.0,0.0
HOSP-5573,The Johns Hopkins Hospital,infectious disease or internal medicine,2021-01-18,1,71.0,75.0,10.0,1310.0,0.0
HOSP-5574,The Johns Hopkins Hospital,cardiology,,1,92.0,45.0,14.0,970.0,0.0
HOSP-5576,The Johns Hopkins Hospital,infectious disease,,1,28.0,45.0,27.0,1420.0,0.0
HOSP-5576,The Johns Hopkins Hospital,nephrology,2022-12-14,1,22.0,90.0,22.0,850.0,1.0
HOSP-5577,The Johns Hopkins Hospital,psychiatry,,1,74.0,105.0,12.0,470.0,0.0
HOSP-5578,The Johns Hopkins Hospital,neurology,2022-12-15,1,45.0,30.0,14.0,1600.0,1.0
HOSP-5578,The Johns Hopkins Hospital,rheumatology,2022-10-27,1,63.0,30.0,17.0,1200.0,0.0
HOSP-5579,The Johns Hopkins Hospital,allergy and immunology,2022-12-24,1,3.0,105.0,10.0,430.0,1.0
HOSP-5579,The Johns Hopkins Hospital,neurology,,1,40.0,15.0,21.0,1520.0,0.0
HOSP-5581,The Johns Hopkins Hospital,infectious disease,2024-06-14,1,15.0,90.0,28.0,1230.0,0.0
HOSP-5581,The Johns Hopkins Hospital,neurology,2022-05-27,1,23.0,105.0,28.0,460.0,0.0
HOSP-5581,The Johns Hopkins Hospital,oncology,2023-08-23,1,34.0,75.0,4.0,350.0,0.0
HOSP-5581,The Johns Hopkins Hospital,rheumatology,2021-09-19,1,40.0,90.0,8.0,1150.0,0.0
HOSP-5584,The Johns Hopkins Hospital,neurology,,1,19.0,75.0,7.0,910.0,0.0
HOSP-5587,The Johns Hopkins Hospital,dermatology,,1,80.0,105.0,26.0,1400.0,0.0
HOSP-5588,The Johns Hopkins Hospital,psychiatry,2024-05-27,1,36.0,120.0,26.0,150.0,1.0
HOSP-5589,The Johns Hopkins Hospital,gastroenterology,,1,35.0,15.0,30.0,330.0,1.0
HOSP-5589,The Johns Hopkins Hospital,psychiatry,,1,11.0,45.0,14.0,320.0,0.0
HOSP-5591,The Johns Hopkins Hospital,psychiatry,,1,29.0,105.0,18.0,1390.0,0.0
HOSP-5593,The Johns Hopkins Hospital,infectious disease or internal medicine,2023-08-28,1,45.0,60.0,3.0,230.0,0.0
HOSP-5595,The Johns Hopkins Hospital,endocrinology,2022-10-30,1,67.0,15.0,10.0,560.0,0.0
HOSP-5595,The Johns Hopkins Hospital,neurology,2023-10-24,1,80.0,45.0,17.0,880.0,0.0
HOSP-5597,The Johns Hopkins Hospital,psychiatry,2022-09-28,1,25.0,90.0,23.0,240.0,1.0
HOSP-5598,The Johns Hopkins Hospital,dermatology,,1,31.0,60.0,27.0,1240.0,0.0
HOSP-5599,The Johns Hopkins Hospital,cardiology or internal medicine,2020-10-22,1,14.0,75.0,14.0,360.0,0.0
HOSP-5599,The Johns Hopkins Hospital,cardiology or internal medicine,2024-02-18,1,14.0,15.0,7.0,900.0,1.0
HOSP-5599,The Johns Hopkins Hospital,rheumatology,2021-09-28,1,65.0,90.0,23.0,330.0,0.0
HOSP-5600,The Johns Hopkins Hospital,infectious disease or internal medicine,2021-03-27,1,61.0,60.0,8.0,110.0,1.0
HOSP-5601,The Johns Hopkins Hospital,hepatology,2021-03-20,1,30.0,60.0,22.0,110.0,0.0
HOSP-5601,The Johns Hopkins Hospital,urology or nephrology,,1,20.0,75.0,13.0,880.0,0.0
HOSP-5602,The Johns Hopkins Hospital,allergy and immunology,,1,45.0,15.0,22.0,970.0,0.0
HOSP-5604,The Johns Hopkins Hospital,gastroenterology,,1,72.0,60.0,2.0,1270.0,1.0
HOSP-5605,The Johns Hopkins Hospital,nephrology,2024-02-23,1,8.0,60.0,28.0,910.0,0.0
HOSP-5605,The Johns Hopkins Hospital,pulmonology or allergy and immunology,,1,79.0,60.0,23.0,1530.0,0.0
HOSP-5606,The Johns Hopkins Hospital,allergy and immunology,2022-01-16,1,41.0,120.0,4.0,250.0,0.0
HOSP-5606,The Johns Hopkins Hospital,cardiology,2024-03-17,1,83.0,45.0,29.0,340.0,1.0
HOSP-5606,The Johns Hopkins Hospital,neurology,2021-08-28,1,30.0,60.0,22.0,310.0,1.0
HOSP-5607,The Johns Hopkins Hospital,gastroenterology,2021-06-14,1,47.0,90.0,29.0,410.0,1.0
HOSP-5607,The Johns Hopkins Hospital,neurology,,1,64.0,120.0,9.0,670.0,1.0
HOSP-5609,The Johns Hopkins Hospital,nephrology,2021-05-17,1,75.0,30.0,27.0,280.0,1.0
HOSP-5609,The Johns Hopkins Hospital,pulmonology or allergy and immunology,,1,51.0,90.0,9.0,1390.0,0.0
HOSP-5610,The Johns Hopkins Hospital,hepatology,,1,65.0,90.0,6.0,640.0,1.0
HOSP-5610,The Johns Hopkins Hospital,neurology,2021-12-30,1,4.0,60.0,26.0,1280.0,1.0
HOSP-5612,The Johns Hopkins Hospital,psychiatry,,1,4.0,60.0,1.0,1100.0,0.0
HOSP-5613,The Johns Hopkins Hospital,psychiatry,2024-03-30,1,73.0,90.0,6.0,670.0,1.0
HOSP-5614,The Johns Hopkins Hospital,neurology,2021-01-27,1,8.0,45.0,14.0,710.0,1.0
HOSP-5614,The Johns Hopkins Hospital,urology or nephrology,,1,90.0,90.0,7.0,1040.0,0.0
HOSP-5616,The Johns Hopkins Hospital,psychiatry,,1,26.0,45.0,29.0,200.0,1.0
HOSP-5617,The Johns Hopkins Hospital,endocrinology,2022-02-22,1,41.0,105.0,2.0,1450.0,1.0
HOSP-5617,The Johns Hopkins Hospital,neurology,2021-11-15,1,63.0,45.0,24.0,700.0,0.0
HOSP-5617,The Johns Hopkins Hospital,neurology,2022-09-16,1,34.0,90.0,14.0,280.0,1.0
HOSP-5620,The Johns Hopkins Hospital,neurology,2023-01-17,1,44.0,60.0,26.0,1360.0,0.0
HOSP-5621,The Johns Hopkins Hospital,neurology,2021-12-15,1,75.0,15.0,2.0,490.0,0.0
HOSP-5621,The Johns Hopkins Hospital,pulmonology or allergy and immunology,2022-11-24,1,55.0,45.0,22.0,730.0,0.0
HOSP-5622,The Johns Hopkins Hospital,neurology,,1,3.0,15.0,11.0,710.0,0.0
HOSP-5624,The Johns Hopkins Hospital,neurology,,1,75.0,105.0,24.0,1450.0,1.0
HOSP-5626,The Johns Hopkins Hospital,infectious disease,2023-01-22,1,84.0,60.0,30.0,980.0,0.0
HOSP-5626,The Johns Hopkins Hospital,nephrology,2022-07-20,1,69.0,120.0,29.0,300.0,0.0
HOSP-5626,The Johns Hopkins Hospital,neurology,,1,20.0,30.0,17.0,840.0,0.0
HOSP-5627,The Johns Hopkins Hospital,pulmonology or infectious disease,2022-10-23,1,67.0,120.0,1.0,1010.0,0.0
HOSP-5629,The Johns Hopkins Hospital,infectious disease or internal medicine,,1,0.0,75.0,4.0,840.0,1.0
HOSP-5629,The Johns Hopkins Hospital,rheumatology,2023-02-18,1,79.0,120.0,14.0,190.0,0.0
HOSP-5630,The Johns Hopkins Hospital,dermatology,2022-08-15,1,66.0,60.0,4.0,340.0,1.0
HOSP-5630,The Johns Hopkins Hospital,rheumatology,,1,44.0,15.0,10.0,850.0,1.0
HOSP-5631,The Johns Hopkins Hospital,infectious disease,2024-01-24,1,90.0,75.0,8.0,1310.0,0.0
HOSP-5631,The Johns Hopkins Hospital,neurology,2021-11-26,1,16.0,75.0,7.0,1270.0,1.0
HOSP-5632,The Johns Hopkins Hospital,cardiology or internal medicine,2020-09-23,1,85.0,15.0,2.0,1520.0,0.0
HOSP-5632,The Johns Hopkins Hospital,rheumatology,2024-07-22,1,90.0,60.0,14.0,1220.0,0.0
HOSP-5633,The Johns Hopkins Hospital,infectious disease or internal medicine,,1,54.0,120.0,27.0,1390.0,0.0
HOSP-5633,The Johns Hopkins Hospital,neurology,,1,43.0,105.0,6.0,600.0,0.0
HOSP-5635,The Johns Hopkins Hospital,neurology,2024-05-21,1,70.0,45.0,13.0,1210.0,1.0
HOSP-5637,The Johns Hopkins Hospital,cardiology,2024-06-18,1,47.0,90.0,4.0,240.0,1.0
HOSP-5637,The Johns Hopkins Hospital,gastroenterology,2021-02-17,1,60.0,15.0,21.0,370.0,0.0
HOSP-5637,The Johns Hopkins Hospital,hepatology or gastroenterology,2021-12-22,1,4.0,90.0,18.0,1360.0,0.0
HOSP-5638,The Johns Hopkins Hospital,hepatology or gastroenterology,,1,39.0,105.0,1.0,1180.0,0.0
HOSP-5638,The Johns Hopkins Hospital,neurology,2023-05-23,1,51.0,105.0,27.0,940.0,0.0
HOSP-5639,The Johns Hopkins Hospital,allergy and immunology,2023-12-28,1,60.0,75.0,28.0,990.0,1.0
HOSP-5639,The Johns Hopkins Hospital,pulmonology or infectious disease,2021-03-20,1,20.0,105.0,22.0,390.0,1.0
HOSP-5641,The Johns Hopkins Hospital,neurology,2020-12-25,1,45.0,120.0,4.0,1440.0,1.0
HOSP-5641,The Johns Hopkins Hospital,psychiatry,,1,2.0,75.0,29.0,480.0,0.0
HOSP-5642,The Johns Hopkins Hospital,allergy and immunology,2022-01-28,1,35.0,105.0,13.0,1540.0,1.0
HOSP-5642,The Johns Hopkins Hospital,neurology,,2,49.0,67.5,13.5,770.0,1.0
HOSP-5643,The Johns Hopkins Hospital,pulmonology or allergy and immunology,2023-10-28,1,54.0,75.0,24.0,410.0,1.0
HOSP-5644,The Johns Hopkins Hospital,neurology,,1,73.0,30.0,10.0,1160.0,0.0
HOSP-5645,The Johns Hopkins Hospital,neurology,2023-11-13,1,87.0,105.0,5.0,790.0,1.0
HOSP-5645,The Johns Hopkins Hospital,psychiatry,,1,47.0,45.0,2.0,920.0,0.0
HOSP-5647,The Johns Hopkins Hospital,pulmonology or infectious disease,2023-11-19,1,3.0,75.0,13.0,230.0,0.0
HOSP-5648,The Johns Hopkins Hospital,neurology,2023-03-25,1,5.0,120.0,3.0,1270.0,0.0
HOSP-5648,The Johns Hopkins Hospital,urology or nephrology,,1,54.0,60.0,15.0,1050.0,1.0
HOSP-5651,The Johns Hopkins Hospital,gastroenterology,2020-08-16,1,14.0,15.0,17.0,480.0,1.0
HOSP-5651,The Johns Hopkins Hospital,infectious disease or internal medicine,,1,47.0,60.0,14.0,1540.0,1.0
HOSP-5651,The Johns Hopkins Hospital,rheumatology,2020-10-21,1,61.0,120.0,5.0,1110.0,0.0
HOSP-5651,The Johns Hopkins Hospital,urology or nephrology,2024-01-14,1,3.0,15.0,19.0,480.0,0.0
HOSP-5654,The Johns Hopkins Hospital,cardiology,,1,38.0,75.0,18.0,1030.0,1.0
HOSP-5654,The Johns Hopkins Hospital,rheumatology,,1,62.0,90.0,23.0,1320.0,1.0
HOSP-5657,The Johns Hopkins Hospital,gastroenterology,2024-06-27,1,55.0,60.0,30.0,410.0,1.0
HOSP-5657,The Johns Hopkins Hospital,neurology,2023-08-13,1,50.0,105.0,20.0,240.0,0.0
HOSP-5657,The Johns Hopkins Hospital,psychiatry,2022-06-19,1,68.0,105.0,14.0,1270.0,1.0
HOSP-5658,The Johns Hopkins Hospital,oncology,2020-11-24,1,92.0,60.0,1.0,490.0,0.0
HOSP-5658,The Johns Hopkins Hospital,urology or nephrology,2024-04-17,1,17.0,90.0,20.0,1520.0,1.0
HOSP-5659,The Johns Hopkins Hospital,cardiology or internal medicine,,1,81.0,120.0,19.0,1390.0,0.0
HOSP-5660,The Johns Hopkins Hospital,infectious disease or internal medicine,,1,36.0,30.0,12.0,420.0,0.0
HOSP-5661,The Johns Hopkins Hospital,endocrinology,2024-06-13,1,44.0,30.0,5.0,990.0,1.0
HOSP-5661,The Johns Hopkins Hospital,neurology,2021-06-18,1,0.0,105.0,19.0,260.0,1.0
HOSP-5662,The Johns Hopkins Hospital,neurology,2021-09-22,1,88.0,90.0,12.0,440.0,1.0
HOSP-5663,The Johns Hopkins Hospital,cardiology or internal medicine,2024-05-26,1,63.0,45.0,22.0,1250.0,1.0
HOSP-5664,The Johns Hopkins Hospital,cardiology or internal medicine,2021-01-24,1,55.0,45.0,12.0,660.0,0.0
HOSP-5665,The Johns Hopkins Hospital,hepatology or gastroenterology,,1,74.0,75.0,9.0,240.0,1.0
HOSP-5665,The Johns Hopkins Hospital,pulmonology or infectious disease,,1,52.0,30.0,4.0,1300.0,0.0
HOSP-5666,The Johns Hopkins Hospital,infectious disease or internal medicine,,1,82.0,105.0,6.0,1530.0,1.0
HOSP-5667,The Johns Hopkins Hospital,hepatology,,1,84.0,105.0,13.0,1500.0,0.0
HOSP-5669,The Johns Hopkins Hospital,hepatology,2023-02-27,1,84.0,15.0,13.0,670.0,1.0
HOSP-5670,The Johns Hopkins Hospital,dermatology,2024-05-18,1,60.0,90.0,26.0,590.0,0.0
HOSP-5670,The Johns Hopkins Hospital,hepatology,,1,32.0,120.0,27.0,940.0,0.0
HOSP-5671,The Johns Hopkins Hospital,endocrinology,2021-06-13,1,11.0,60.0,29.0,1560.0,1.0
HOSP-5672,The Johns Hopkins Hospital,neurology,2022-08-31,1,88.0,60.0,8.0,750.0,1.0
HOSP-5672,The Johns Hopkins Hospital,neurology,,1,8.0,45.0,16.0,1000.0,0.0
HOSP-5674,The Johns Hopkins Hospital,dermatology,,1,59.0,75.0,26.0,990.0,0.0
HOSP-5674,The Johns Hopkins Hospital,endocrinology,2022-09-13,1,56.0,30.0,29.0,1250.0,1.0
HOSP-5675,The Johns Hopkins Hospital,pulmonology,2021-10-26,1,76.0,75.0,26.0,1230.0,0.0
HOSP-5676,The Johns Hopkins Hospital,rheumatology,,1,36.0,90.0,23.0,930.0,0.0
HOSP-5678,The Johns Hopkins Hospital,cardiology,2022-09-28,1,20.0,45.0,30.0,560.0,0.0
HOSP-5678,The Johns Hopkins Hospital,dermatology,2020-10-17,1,15.0,75.0,27.0,680.0,1.0
HOSP-5678,The Johns Hopkins Hospital,psychiatry,,1,73.0,75.0,26.0,810.0,0.0
HOSP-5680,The Johns Hopkins Hospital,allergy and immunology,,1,33.0,75.0,29.0,1160.0,1.0
HOSP-5680,The Johns Hopkins Hospital,infectious disease or internal medicine,2023-05-24,1,49.0,105.0,10.0,1530.0,1.0
HOSP-5682,The Johns Hopkins Hospital,dermatology,,1,81.0,120.0,4.0,1290.0,1.0
HOSP-5682,The Johns Hopkins Hospital,hepatology,,1,62.0,75.0,15.0,1260.0,0.0
HOSP-5683,The Johns Hopkins Hospital,neurology,2021-08-13,1,87.0,75.0,21.0,1380.0,1.0
HOSP-5684,The Johns Hopkins Hospital,dermatology,2023-06-23,1,59.0,30.0,30.0,1500.0,0.0
HOSP-5685,The Johns Hopkins Hospital,rheumatology,2023-07-14,1,72.0,120.0,28.0,1420.0,0.0
HOSP-5686,The Johns Hopkins Hospital,cardiology,2024-05-16,1,32.0,30.0,20.0,600.0,1.0
HOSP-5686,The Johns Hopkins Hospital,cardiology or internal medicine,2024-06-21,1,27.0,15.0,11.0,750.0,0.0
HOSP-5687,The Johns Hopkins Hospital,dermatology,,1,36.0,45.0,6.0,310.0,0.0
HOSP-5689,The Johns Hopkins Hospital,pulmonology or infectious disease,2021-06-29,1,4.0,90.0,18.0,690.0,1.0
HOSP-5690,The Johns Hopkins Hospital,neurology,,1,16.0,75.0,5.0,1210.0,0.0
HOSP-5691,The Johns Hopkins Hospital,pulmonology or infectious disease,,1,53.0,30.0,2.0,930.0,1.0
HOSP-5693,The Johns Hopkins Hospital,endocrinology,,1,52.0,15.0,11.0,220.0,0.0
HOSP-5693,The Johns Hopkins Hospital,gastroenterology,,1,54.0,60.0,28.0,240.0,0.0
HOSP-5693,The Johns Hopkins Hospital,infectious disease or internal medicine,,1,15.0,90.0,9.0,430.0,0.0
HOSP-5693,The Johns Hopkins Hospital,oncology,,1,71.0,90.0,20.0,1500.0,0.0
HOSP-5694,The Johns Hopkins Hospital,hepatology,2020-08-15,1,13.0,105.0,29.0,740.0,0.0
HOSP-5694,The Johns Hopkins Hospital,hepatology or gastroenterology,2023-06-18,1,30.0,45.0,1.0,590.0,1.0
HOSP-5694,The Johns Hopkins Hospital,infectious disease or internal medicine,,2,54.5,120.0,14.0,1190.0,1.0
HOSP-5695,The Johns Hopkins Hospital,infectious disease or internal medicine,,1,90.0,105.0,1.0,300.0,0.0
HOSP-5696,The Johns Hopkins Hospital,endocrinology,,1,48.0,30.0,28.0,1460.0,0.0
HOSP-5696,The Johns Hopkins Hospital,neurology,,1,34.0,15.0,25.0,470.0,0.0
HOSP-5696,The Johns Hopkins Hospital,pulmonology,2022-01-18,1,82.0,120.0,6.0,1230.0,1.0
HOSP-5697,The Johns Hopkins Hospital,hepatology or gastroenterology,2021-12-19,1,43.0,90.0,26.0,1210.0,0.0
HOSP-5698,The Johns Hopkins Hospital,endocrinology,2023-06-20,1,41.0,90.0,25.0,340.0,0.0
HOSP-5699,The Johns Hopkins Hospital,nephrology,,1,34.0,60.0,5.0,1000.0,1.0
HOSP-5702,The Johns Hopkins Hospital,infectious disease or internal medicine,2021-11-16,1,89.0,75.0,13.0,520.0,0.0
HOSP-5703,The Johns Hopkins Hospital,neurology,,1,77.0,105.0,18.0,540.0,0.0
HOSP-5705,The Johns Hopkins Hospital,cardiology or internal medicine,,1,4.0,15.0,19.0,1450.0,0.0
HOSP-5706,The Johns Hopkins Hospital,gastroenterology,,1,30.0,105.0,5.0,840.0,0.0
HOSP-5706,The Johns Hopkins Hospital,pulmonology or allergy and immunology,,1,15.0,60.0,24.0,1010.0,0.0
HOSP-5707,The Johns Hopkins Hospital,allergy and immunology,,1,10.0,45.0,16.0,190.0,0.0
HOSP-5707,The Johns Hopkins Hospital,dermatology,,1,51.0,120.0,7.0,520.0,0.0
HOSP-5707,The Johns Hopkins Hospital,hepatology,2021-10-30,1,76.0,120.0,24.0,1150.0,1.0
HOSP-5708,The Johns Hopkins Hospital,neurology,,1,53.0,15.0,12.0,270.0,0.0
HOSP-5709,The Johns Hopkins Hospital,gastroenterology,2021-10-30,1,14.0,90.0,26.0,1290.0,0.0
HOSP-5711,The Johns Hopkins Hospital,gastroenterology,2020-10-29,1,6.0,120.0,4.0,440.0,1.0
HOSP-5711,The Johns Hopkins Hospital,infectious disease or internal medicine,,1,28.0,75.0,11.0,350.0,0.0
HOSP-5713,The Johns Hopkins Hospital,infectious disease,2021-03-15,1,75.0,60.0,6.0,920.0,1.0
HOSP-5716,The Johns Hopkins Hospital,pulmonology or allergy and immunology,2024-06-27,1,4.0,45.0,11.0,500.0,0.0
HOSP-5716,The Johns Hopkins Hospital,rheumatology,,1,43.0,90.0,8.0,870.0,1.0
HOSP-5717,The Johns Hopkins Hospital,rheumatology,2020-10-15,1,63.0,30.0,18.0,390.0,0.0
HOSP-5718,The Johns Hopkins Hospital,neurology,,1,82.0,90.0,20.0,730.0,1.0
HOSP-5718,The Johns Hopkins Hospital,pulmonology or allergy and immunology,2023-04-13,1,56.0,90.0,28.0,1370.0,0.0
HOSP-5719,The Johns Hopkins Hospital,neurology,2024-06-28,1,95.0,90.0,20.0,270.0,1.0
HOSP-5720,The Johns Hopkins Hospital,rheumatology,2023-12-27,1,84.0,45.0,19.0,1380.0,0.0
HOSP-5721,The Johns Hopkins Hospital,rheumatology,,1,11.0,60.0,12.0,200.0,1.0
HOSP-5722,The Johns Hopkins Hospital,rheumatology,2022-09-19,1,1.0,60.0,16.0,1250.0,1.0
HOSP-5723,The Johns Hopkins Hospital,gastroenterology,,1,89.0,120.0,13.0,1250.0,0.0
HOSP-5724,The Johns Hopkins Hospital,dermatology,2021-12-25,1,24.0,15.0,21.0,380.0,0.0
HOSP-5724,The Johns Hopkins Hospital,gastroenterology,,1,82.0,45.0,28.0,840.0,1.0
HOSP-5724,The Johns Hopkins Hospital,nephrology,,1,56.0,30.0,8.0,160.0,1.0
HOSP-5725,The Johns Hopkins Hospital,gastroenterology,2021-03-19,1,49.0,45.0,16.0,970.0,0.0
HOSP-5726,The Johns Hopkins Hospital,hepatology,2022-12-31,1,21.0,105.0,7.0,880.0,1.0
HOSP-5726,The Johns Hopkins Hospital,urology or nephrology,2020-09-18,1,94.0,75.0,19.0,1020.0,0.0
HOSP-5727,The Johns Hopkins Hospital,endocrinology,,1,82.0,60.0,13.0,1110.0,0.0
HOSP-5728,The Johns Hopkins Hospital,neurology,2022-08-27,1,79.0,90.0,8.0,740.0,1.0
HOSP-5728,The Johns Hopkins Hospital,pulmonology,2024-04-30,1,30.0,60.0,30.0,150.0,0.0
HOSP-5730,The Johns Hopkins Hospital,hepatology,,1,54.0,75.0,19.0,990.0,0.0
HOSP-5731,The Johns Hopkins Hospital,cardiology or internal medicine,2020-12-22,1,86.0,60.0,3.0,1560.0,0.0
HOSP-5732,The Johns Hopkins Hospital,psychiatry,2024-06-26,1,83.0,45.0,13.0,270.0,1.0
HOSP-5734,The Johns Hopkins Hospital,psychiatry,2024-01-21,1,13.0,15.0,6.0,480.0,0.0
HOSP-5735,The Johns Hopkins Hospital,cardiology,2024-03-28,1,75.0,120.0,28.0,430.0,1.0
HOSP-5737,The Johns Hopkins Hospital,gastroenterology,2020-10-26,1,16.0,75.0,22.0,500.0,1.0
HOSP-5738,The Johns Hopkins Hospital,hepatology,,1,52.0,15.0,29.0,1570.0,1.0
HOSP-5742,The Johns Hopkins Hospital,neurology,,1,41.0,90.0,6.0,640.0,0.0
HOSP-5743,The Johns Hopkins Hospital,infectious disease or internal medicine,2023-12-22,1,86.0,60.0,5.0,120.0,0.0
HOSP-5745,The Johns Hopkins Hospital,endocrinology,2020-07-26,1,62.0,105.0,27.0,490.0,0.0
HOSP-5745,The Johns Hopkins Hospital,rheumatology,2023-05-17,1,16.0,45.0,27.0,910.0,0.0
HOSP-5747,The Johns Hopkins Hospital,hepatology,2022-09-25,1,65.0,75.0,7.0,580.0,0.0
HOSP-5747,The Johns Hopkins Hospital,psychiatry,2024-04-22,1,33.0,45.0,17.0,650.0,1.0
HOSP-5748,The Johns Hopkins Hospital,infectious disease or internal medicine,,1,45.0,15.0,6.0,210.0,1.0
HOSP-5748,The Johns Hopkins Hospital,urology or nephrology,2021-01-25,1,19.0,90.0,5.0,920.0,1.0
HOSP-5750,The Johns Hopkins Hospital,neurology,,1,43.0,15.0,6.0,370.0,1.0
HOSP-5755,The Johns Hopkins Hospital,infectious disease,,1,21.0,30.0,28.0,960.0,0.0
HOSP-5756,The Johns Hopkins Hospital,dermatology,2024-03-20,1,11.0,30.0,14.0,1600.0,1.0
HOSP-5756,The Johns Hopkins Hospital,pulmonology or allergy and immunology,2020-12-15,1,44.0,105.0,26.0,370.0,0.0
HOSP-5757,The Johns Hopkins Hospital,allergy and immunology,,1,61.0,30.0,27.0,1580.0,0.0
HOSP-5758,The Johns Hopkins Hospital,cardiology,,1,80.0,15.0,6.0,1030.0,0.0
HOSP-5759,The Johns Hopkins Hospital,dermatology,,1,92.0,90.0,30.0,1030.0,0.0
HOSP-5760,The Johns Hopkins Hospital,neurology,2022-08-18,1,51.0,30.0,3.0,500.0,0.0
HOSP-5761,The Johns Hopkins Hospital,allergy and immunology,2022-09-16,1,21.0,15.0,6.0,1170.0,0.0
HOSP-5763,The Johns Hopkins Hospital,neurology,,1,94.0,45.0,20.0,410.0,0.0
HOSP-5764,The Johns Hopkins Hospital,neurology,2020-09-14,1,80.0,120.0,4.0,520.0,0.0
HOSP-5764,The Johns Hopkins Hospital,neurology,,1,12.0,75.0,11.0,850.0,1.0
HOSP-5768,The Johns Hopkins Hospital,infectious disease,,1,6.0,105.0,24.0,120.0,0.0
HOSP-5768,The Johns Hopkins Hospital,rheumatology,,1,18.0,60.0,27.0,390.0,1.0
HOSP-5771,The Johns Hopkins Hospital,neurology,,1,20.0,90.0,27.0,420.0,1.0
HOSP-5772,The Johns Hopkins Hospital,gastroenterology,2024-05-20,1,58.0,120.0,16.0,750.0,1.0
HOSP-5773,The Johns Hopkins Hospital,gastroenterology,,1,55.0,30.0,11.0,930.0,0.0
HOSP-5773,The Johns Hopkins Hospital,urology or nephrology,2021-01-15,1,41.0,75.0,16.0,1520.0,0.0
HOSP-5774,The Johns Hopkins Hospital,allergy and immunology,,1,28.0,60.0,17.0,820.0,1.0
HOSP-5775,The Johns Hopkins Hospital,neurology,,1,71.0,105.0,28.0,250.0,0.0
HOSP-5776,The Johns Hopkins Hospital,infectious disease,,1,44.0,45.0,29.0,1420.0,0.0
HOSP-5778,The Johns Hopkins Hospital,neurology,2023-01-13,1,6.0,15.0,7.0,410.0,0.0
HOSP-5779,The Johns Hopkins Hospital,infectious disease or internal medicine,2021-05-21,1,88.0,45.0,11.0,1040.0,1.0
HOSP-5780,The Johns Hopkins Hospital,urology or nephrology,2022-05-23,1,80.0,75.0,16.0,660.0,0.0
HOSP-5781,The Johns Hopkins Hospital,gastroenterology,2024-03-13,1,69.0,75.0,17.0,1340.0,1.0
HOSP-5781,The Johns Hopkins Hospital,neurology,,1,46.0,75.0,11.0,1290.0,0.0
HOSP-5783,The Johns Hopkins Hospital,cardiology,2022-10-19,1,57.0,45.0,28.0,1110.0,0.0
HOSP-5784,The Johns Hopkins Hospital,infectious disease or internal medicine,,1,62.0,15.0,15.0,910.0,0.0
HOSP-5785,The Johns Hopkins Hospital,neurology,,1,73.0,75.0,10.0,150.0,1.0
HOSP-5786,The Johns Hopkins Hospital,pulmonology or allergy and immunology,2023-08-18,1,16.0,60.0,30.0,390.0,0.0
HOSP-5787,The Johns Hopkins Hospital,hepatology or gastroenterology,,1,78.0,45.0,9.0,1380.0,1.0
HOSP-5789,The Johns Hopkins Hospital,neurology,2021-02-26,1,66.0,15.0,11.0,1380.0,0.0
HOSP-5791,The Johns Hopkins Hospital,allergy and immunology,2021-01-15,1,51.0,105.0,6.0,1460.0,1.0
HOSP-5792,The Johns Hopkins Hospital,cardiology,2021-01-25,1,38.0,90.0,26.0,1120.0,1.0
HOSP-5793,The Johns Hopkins Hospital,pulmonology or infectious disease,2023-12-25,1,20.0,105.0,21.0,1210.0,1.0
HOSP-5794,The Johns Hopkins Hospital,neurology,,1,80.0,105.0,25.0,1010.0,1.0
HOSP-5796,The Johns Hopkins Hospital,gastroenterology,2021-05-24,1,60.0,120.0,28.0,530.0,1.0
HOSP-5796,The Johns Hopkins Hospital,infectious disease or internal medicine,,1,93.0,15.0,30.0,1390.0,0.0
HOSP-5796,The Johns Hopkins Hospital,neurology,2024-05-15,1,1.0,45.0,5.0,450.0,0.0
HOSP-5796,The Johns Hopkins Hospital,neurology,2024-07-15,1,35.0,60.0,11.0,520.0,0.0
HOSP-5797,The Johns Hopkins Hospital,gastroenterology,2022-12-27,1,86.0,75.0,7.0,190.0,0.0
HOSP-5797,The Johns Hopkins Hospital,neurology,2023-07-13,1,22.0,15.0,27.0,1590.0,0.0
HOSP-5797,The Johns Hopkins Hospital,rheumatology,2024-04-29,1,63.0,75.0,22.0,1250.0,0.0
HOSP-5799,The Johns Hopkins Hospital,infectious disease or internal medicine,,1,81.0,30.0,9.0,460.0,1.0
HOSP-5800,The Johns Hopkins Hospital,hepatology or gastroenterology,2024-01-29,1,61.0,30.0,5.0,560.0,0.0
HOSP-5802,The Johns Hopkins Hospital,urology or nephrology,,1,89.0,120.0,16.0,720.0,1.0
HOSP-5803,The Johns Hopkins Hospital,hepatology or gastroenterology,2024-05-24,1,60.0,45.0,25.0,870.0,0.0
HOSP-5804,The Johns Hopkins Hospital,gastroenterology,,1,55.0,60.0,2.0,900.0,1.0
HOSP-5805,The Johns Hopkins Hospital,gastroenterology,,1,5.0,45.0,13.0,520.0,0.0
HOSP-5806,The Johns Hopkins Hospital,urology or nephrology,2024-03-13,1,57.0,75.0,27.0,1260.0,0.0
HOSP-5808,The Johns Hopkins Hospital,gastroenterology,2023-01-17,1,33.0,120.0,18.0,1600.0,0.0
HOSP-5808,The Johns Hopkins Hospital,neurology,2024-02-29,1,28.0,75.0,13.0,390.0,1.0
HOSP-5808,The Johns Hopkins Hospital,neurology,,1,68.0,105.0,23.0,460.0,1.0
HOSP-5809,The Johns Hopkins Hospital,oncology,2022-02-15,1,74.0,30.0,22.0,590.0,0.0
HOSP-5810,The Johns Hopkins Hospital,oncology,,1,37.0,30.0,28.0,440.0,1.0
HOSP-5811,The Johns Hopkins Hospital,neurology,,1,22.0,90.0,4.0,1240.0,0.0
HOSP-5812,The Johns Hopkins Hospital,pulmonology,,1,48.0,45.0,11.0,160.0,1.0
HOSP-5812,The Johns Hopkins Hospital,rheumatology,,1,7.0,120.0,22.0,340.0,1.0
HOSP-5813,The Johns Hopkins Hospital,oncology,,1,45.0,90.0,26.0,960.0,1.0
HOSP-5813,The Johns Hopkins Hospital,psychiatry,2022-08-17,1,50.0,75.0,12.0,1090.0,0.0
HOSP-5815,The Johns Hopkins Hospital,cardiology,2024-03-22,1,44.0,90.0,15.0,1100.0,0.0
HOSP-5815,The Johns Hopkins Hospital,gastroenterology,2020-12-17,1,64.0,45.0,29.0,490.0,0.0
HOSP-5815,The Johns Hopkins Hospital,oncology,2023-03-26,1,21.0,75.0,13.0,820.0,0.0
HOSP-5817,The Johns Hopkins Hospital,pulmonology,2021-05-28,1,81.0,60.0,19.0,860.0,0.0
HOSP-5818,The Johns Hopkins Hospital,neurology,2021-09-17,1,19.0,120.0,26.0,1090.0,1.0
HOSP-5819,The Johns Hopkins Hospital,oncology,2021-06-26,1,93.0,45.0,16.0,1540.0,1.0
HOSP-5821,The Johns Hopkins Hospital,infectious disease,,1,29.0,120.0,9.0,1330.0,1.0
HOSP-5822,The Johns Hopkins Hospital,gastroenterology,2023-03-14,1,1.0,90.0,12.0,1210.0,0.0
HOSP-5822,The Johns Hopkins Hospital,neurology,,1,22.0,15.0,7.0,1060.0,0.0
HOSP-5824,The Johns Hopkins Hospital,urology or nephrology,2023-10-25,1,81.0,90.0,11.0,1220.0,0.0
HOSP-5825,The Johns Hopkins Hospital,dermatology,,1,45.0,45.0,2.0,1580.0,0.0
HOSP-5825,The Johns Hopkins Hospital,neurology,2024-01-19,1,63.0,105.0,14.0,1530.0,0.0
HOSP-5825,The Johns Hopkins Hospital,neurology,,1,70.0,105.0,11.0,700.0,1.0
HOSP-5826,The Johns Hopkins Hospital,infectious disease or internal medicine,,1,37.0,60.0,29.0,200.0,1.0
HOSP-5827,The Johns Hopkins Hospital,gastroenterology,2021-05-30,1,68.0,105.0,18.0,910.0,1.0
HOSP-5828,The Johns Hopkins Hospital,infectious disease,2022-04-15,1,17.0,30.0,30.0,660.0,0.0
HOSP-5830,The Johns Hopkins Hospital,infectious disease or internal medicine,,1,13.0,15.0,24.0,1090.0,0.0
HOSP-5830,The Johns Hopkins Hospital,psychiatry,2021-08-16,1,60.0,60.0,28.0,660.0,1.0
HOSP-5831,The Johns Hopkins Hospital,infectious disease,,1,84.0,120.0,29.0,720.0,1.0
HOSP-5831,The Johns Hopkins Hospital,urology or nephrology,,1,66.0,105.0,21.0,1110.0,0.0
HOSP-5833,The Johns Hopkins Hospital,gastroenterology,2024-05-28,1,81.0,90.0,26.0,1160.0,0.0
HOSP-5833,The Johns Hopkins Hospital,gastroenterology,,1,69.0,45.0,13.0,410.0,1.0
HOSP-5835,The Johns Hopkins Hospital,hepatology or gastroenterology,2020-09-14,1,50.0,15.0,5.0,570.0,1.0
HOSP-5835,The Johns Hopkins Hospital,hepatology or gastroenterology,2020-12-27,1,76.0,60.0,21.0,400.0,0.0
HOSP-5838,The Johns Hopkins Hospital,neurology,,1,56.0,90.0,7.0,820.0,1.0
HOSP-5838,The Johns Hopkins Hospital,psychiatry,2023-11-16,1,9.0,120.0,2.0,780.0,0.0
HOSP-5840,The Johns Hopkins Hospital,hepatology or gastroenterology,,1,79.0,60.0,25.0,1280.0,0.0
HOSP-5840,The Johns Hopkins Hospital,rheumatology,,1,42.0,45.0,8.0,1080.0,1.0
HOSP-5841,The Johns Hopkins Hospital,dermatology,,1,39.0,15.0,2.0,1470.0,0.0
HOSP-5843,The Johns Hopkins Hospital,neurology,2022-01-19,1,34.0,15.0,28.0,1170.0,0.0
HOSP-5844,The Johns Hopkins Hospital,pulmonology or allergy and immunology,2024-04-17,1,89.0,120.0,5.0,700.0,1.0
HOSP-5846,The Johns Hopkins Hospital,cardiology or internal medicine,,1,88.0,90.0,4.0,1180.0,1.0
HOSP-5846,The Johns Hopkins Hospital,gastroenterology,2022-06-30,1,71.0,75.0,13.0,860.0,0.0
HOSP-5846,The Johns Hopkins Hospital,infectious disease or internal medicine,,1,86.0,120.0,13.0,310.0,0.0
HOSP-5847,The Johns Hopkins Hospital,neurology,2022-07-13,1,67.0,45.0,19.0,1310.0,1.0
HOSP-5848,The Johns Hopkins Hospital,infectious disease,2021-10-23,1,21.0,120.0,14.0,590.0,1.0
HOSP-5849,The Johns Hopkins Hospital,infectious disease or internal medicine,2022-10-15,1,22.0,15.0,12.0,1380.0,0.0
HOSP-5849,The Johns Hopkins Hospital,oncology,2021-12-24,1,2.0,60.0,19.0,790.0,1.0
HOSP-5849,The Johns Hopkins Hospital,rheumatology,,1,26.0,105.0,29.0,1460.0,0.0
HOSP-5850,The Johns Hopkins Hospital,allergy and immunology,2022-10-15,1,74.0,45.0,17.0,720.0,1.0
HOSP-5850,The Johns Hopkins Hospital,infectious disease or internal medicine,,1,19.0,90.0,21.0,1470.0,0.0
HOSP-5850,The Johns Hopkins Hospital,rheumatology,2024-02-25,1,28.0,90.0,9.0,1300.0,0.0
HOSP-5852,The Johns Hopkins Hospital,hepatology,,1,67.0,15.0,5.0,650.0,0.0
HOSP-5852,The Johns Hopkins Hospital,infectious disease or internal medicine,,1,5.0,90.0,16.0,130.0,1.0
HOSP-5852,The Johns Hopkins Hospital,urology or nephrology,2023-09-26,1,43.0,105.0,21.0,530.0,0.0
HOSP-5853,The Johns Hopkins Hospital,pulmonology or allergy and immunology,2022-10-31,1,16.0,75.0,24.0,1470.0,1.0
HOSP-5853,The Johns Hopkins Hospital,pulmonology or allergy and immunology,2023-12-18,1,20.0,30.0,16.0,1590.0,1.0
HOSP-5854,The Johns Hopkins Hospital,infectious disease,2023-09-13,1,63.0,45.0,19.0,870.0,0.0
HOSP-5855,The Johns Hopkins Hospital,pulmonology or allergy and immunology,,1,36.0,120.0,25.0,1590.0,0.0
HOSP-5856,The Johns Hopkins Hospital,dermatology,,1,43.0,60.0,19.0,450.0,1.0
HOSP-5858,The Johns Hopkins Hospital,gastroenterology,,1,45.0,15.0,1.0,1310.0,1.0
HOSP-5858,The Johns Hopkins Hospital,neurology,,1,88.0,90.0,4.0,670.0,0.0
HOSP-5858,The Johns Hopkins Hospital,pulmonology or allergy and immunology,2023-05-16,1,49.0,75.0,7.0,720.0,1.0
HOSP-5860,The Johns Hopkins Hospital,infectious disease,,1,64.0,45.0,11.0,310.0,0.0
HOSP-5861,The Johns Hopkins Hospital,gastroenterology,2023-10-27,1,25.0,60.0,28.0,1390.0,0.0
HOSP-5861,The Johns Hopkins Hospital,pulmonology or infectious disease,,1,33.0,45.0,23.0,1560.0,0.0
HOSP-5862,The Johns Hopkins Hospital,psychiatry,,1,44.0,90.0,17.0,1170.0,1.0
HOSP-5863,The Johns Hopkins Hospital,neurology,2021-10-27,1,69.0,120.0,6.0,1320.0,1.0
HOSP-5864,The Johns Hopkins Hospital,urology or nephrology,2024-04-24,1,52.0,45.0,21.0,910.0,1.0
HOSP-5866,The Johns Hopkins Hospital,infectious disease or internal medicine,,1,45.0,15.0,18.0,790.0,0.0
HOSP-5868,The Johns Hopkins Hospital,allergy and immunology,2022-07-14,1,64.0,45.0,12.0,1390.0,0.0
HOSP-5868,The Johns Hopkins Hospital,infectious disease or internal medicine,2020-08-16,1,84.0,105.0,5.0,530.0,0.0
HOSP-5869,The Johns Hopkins Hospital,hepatology,,1,1.0,105.0,1.0,960.0,0.0
HOSP-5870,The Johns Hopkins Hospital,cardiology,2020-07-30,1,30.0,120.0,11.0,520.0,0.0
HOSP-5870,The Johns Hopkins Hospital,neurology,,1,6.0,90.0,10.0,730.0,1.0
HOSP-5871,The Johns Hopkins Hospital,hepatology,2021-08-15,1,24.0,60.0,3.0,1540.0,0.0
HOSP-5872,The Johns Hopkins Hospital,gastroenterology,2020-10-24,1,30.0,30.0,24.0,1400.0,0.0
HOSP-5872,The Johns Hopkins Hospital,hepatology or gastroenterology,2021-03-18,1,63.0,30.0,14.0,1010.0,1.0
HOSP-5874,The Johns Hopkins Hospital,endocrinology,,1,66.0,120.0,18.0,1050.0,1.0
HOSP-5875,The Johns Hopkins Hospital,dermatology,,1,80.0,105.0,7.0,560.0,1.0
HOSP-5876,The Johns Hopkins Hospital,gastroenterology,,1,36.0,15.0,13.0,1480.0,0.0
HOSP-5876,The Johns Hopkins Hospital,neurology,,1,5.0,30.0,27.0,670.0,0.0
HOSP-5876,The Johns Hopkins Hospital,psychiatry,2021-10-22,1,60.0,30.0,17.0,330.0,1.0
HOSP-5879,The Johns Hopkins Hospital,gastroenterology,2023-08-30,1,42.0,30.0,21.0,420.0,0.0
HOSP-5881,The Johns Hopkins Hospital,neurology,,1,78.0,105.0,27.0,430.0,1.0
HOSP-5882,The Johns Hopkins Hospital,infectious disease,2020-08-19,1,47.0,45.0,25.0,830.0,1.0
HOSP-5882,The Johns Hopkins Hospital,neurology,2021-04-15,1,65.0,90.0,29.0,720.0,0.0
HOSP-5882,The Johns Hopkins Hospital,pulmonology or allergy and immunology,2020-10-13,1,6.0,45.0,19.0,780.0,0.0
HOSP-5883,The Johns Hopkins Hospital,neurology,2022-02-26,1,53.0,30.0,6.0,280.0,0.0
HOSP-5883,The Johns Hopkins Hospital,rheumatology,2022-02-20,1,89.0,105.0,28.0,450.0,0.0
HOSP-5884,The Johns Hopkins Hospital,dermatology,,1,56.0,60.0,19.0,630.0,0.0
HOSP-5886,The Johns Hopkins Hospital,dermatology,,1,85.0,15.0,26.0,1500.0,1.0
HOSP-5886,The Johns Hopkins Hospital,infectious disease,2021-05-16,1,39.0,75.0,20.0,430.0,0.0
HOSP-5886,The Johns Hopkins Hospital,psychiatry,2020-09-25,1,13.0,15.0,6.0,820.0,1.0
HOSP-5887,The Johns Hopkins Hospital,neurology,2023-03-17,1,22.0,105.0,7.0,400.0,0.0
HOSP-5888,The Johns Hopkins Hospital,dermatology,2022-07-23,1,79.0,75.0,6.0,430.0,1.0
HOSP-5889,The Johns Hopkins Hospital,neurology,,1,50.0,60.0,27.0,1160.0,1.0
HOSP-5891,The Johns Hopkins Hospital,neurology,2021-08-16,1,63.0,30.0,13.0,1030.0,0.0
HOSP-5891,The Johns Hopkins Hospital,psychiatry,2023-09-17,1,3.0,30.0,22.0,1320.0,1.0
HOSP-5892,The Johns Hopkins Hospital,gastroenterology,2021-03-25,1,13.0,105.0,26.0,220.0,1.0
HOSP-5892,The Johns Hopkins Hospital,neurology,2021-12-18,1,20.0,15.0,7.0,1030.0,0.0
HOSP-5898,The Johns Hopkins Hospital,cardiology,2021-10-30,1,42.0,30.0,2.0,460.0,0.0
HOSP-5898,The Johns Hopkins Hospital,pulmonology,2023-06-20,1,35.0,60.0,4.0,1100.0,1.0
HOSP-5899,The Johns Hopkins Hospital,urology or nephrology,2023-11-19,1,83.0,90.0,15.0,360.0,0.0
HOSP-5899,The Johns Hopkins Hospital,urology or nephrology,,1,81.0,15.0,13.0,180.0,1.0
HOSP-5900,The Johns Hopkins Hospital,pulmonology,,1,13.0,120.0,25.0,1570.0,0.0
HOSP-5901,The Johns Hopkins Hospital,infectious disease or internal medicine,2024-01-18,1,44.0,120.0,10.0,1570.0,0.0
HOSP-5901,The Johns Hopkins Hospital,infectious disease or internal medicine,,1,79.0,30.0,7.0,860.0,0.0
HOSP-5901,The Johns Hopkins Hospital,psychiatry,,1,69.0,75.0,27.0,130.0,0.0
HOSP-5902,The Johns Hopkins Hospital,gastroenterology,2022-02-23,1,11.0,90.0,26.0,1140.0,0.0
HOSP-5903,The Johns Hopkins Hospital,urology or nephrology,,1,46.0,15.0,14.0,290.0,0.0
HOSP-5904,The Johns Hopkins Hospital,infectious disease or internal medicine,2023-08-29,1,42.0,120.0,26.0,310.0,1.0
HOSP-5904,The Johns Hopkins Hospital,pulmonology or infectious disease,,1,85.0,15.0,26.0,120.0,0.0
HOSP-5905,The Johns Hopkins Hospital,pulmonology or infectious disease,,1,38.0,120.0,10.0,1330.0,0.0
HOSP-5906,The Johns Hopkins Hospital,gastroenterology,2023-09-13,1,86.0,60.0,18.0,1060.0,1.0
HOSP-5911,The Johns Hopkins Hospital,neurology,,1,50.0,90.0,17.0,1260.0,1.0
HOSP-5913,The Johns Hopkins Hospital,rheumatology,2024-04-27,1,55.0,120.0,3.0,1360.0,0.0
HOSP-5915,The Johns Hopkins Hospital,neurology,2023-05-21,1,61.0,30.0,17.0,330.0,0.0
HOSP-5916,The Johns Hopkins Hospital,neurology,,1,16.0,60.0,20.0,670.0,0.0
HOSP-5917,The Johns Hopkins Hospital,nephrology,,1,11.0,90.0,6.0,1170.0,1.0
HOSP-5917,The Johns Hopkins Hospital,psychiatry,,1,16.0,15.0,17.0,1450.0,1.0
HOSP-5918,The Johns Hopkins Hospital,neurology,,1,46.0,105.0,2.0,640.0,1.0
HOSP-5918,The Johns Hopkins Hospital,psychiatry,2023-03-25,1,24.0,120.0,25.0,1540.0,0.0
HOSP-5919,The Johns Hopkins Hospital,endocrinology,,1,41.0,75.0,20.0,490.0,0.0
HOSP-5920,The Johns Hopkins Hospital,infectious disease,,1,42.0,60.0,9.0,920.0,1.0
HOSP-5921,The Johns Hopkins Hospital,infectious disease or internal medicine,2022-03-27,1,15.0,90.0,2.0,820.0,0.0
HOSP-5921,The Johns Hopkins Hospital,psychiatry,,1,29.0,120.0,1.0,740.0,1.0
HOSP-5922,The Johns Hopkins Hospital,psychiatry,,1,5.0,30.0,20.0,980.0,1.0
HOSP-5922,The Johns Hopkins Hospital,pulmonology,,1,93.0,90.0,18.0,260.0,1.0
HOSP-5924,The Johns Hopkins Hospital,neurology,2023-05-17,1,48.0,90.0,19.0,330.0,1.0
HOSP-5924,The Johns Hopkins Hospital,neurology,2024-06-14,1,31.0,30.0,5.0,500.0,0.0
HOSP-5925,The Johns Hopkins Hospital,pulmonology or infectious disease,,1,44.0,90.0,16.0,300.0,1.0
HOSP-5926,The Johns Hopkins Hospital,psychiatry,2024-02-16,1,15.0,30.0,27.0,340.0,1.0
HOSP-5926,The Johns Hopkins Hospital,pulmonology or allergy and immunology,,1,67.0,120.0,10.0,240.0,0.0
HOSP-5927,The Johns Hopkins Hospital,endocrinology,,1,51.0,120.0,13.0,1150.0,0.0
HOSP-5927,The Johns Hopkins Hospital,infectious disease or internal medicine,,1,82.0,60.0,21.0,510.0,0.0
HOSP-5928,The Johns Hopkins Hospital,dermatology,2020-12-23,1,69.0,75.0,13.0,130.0,1.0
HOSP-5928,The Johns Hopkins Hospital,rheumatology,,1,79.0,75.0,12.0,740.0,1.0
HOSP-5931,The Johns Hopkins Hospital,hepatology or gastroenterology,2021-04-20,1,73.0,105.0,20.0,700.0,0.0
HOSP-5931,The Johns Hopkins Hospital,psychiatry,2023-05-18,1,77.0,60.0,6.0,650.0,0.0
HOSP-5934,The Johns Hopkins Hospital,neurology,2022-06-22,1,39.0,60.0,1.0,1420.0,1.0
HOSP-5934,The Johns Hopkins Hospital,neurology,2023-02-27,1,63.0,60.0,3.0,910.0,1.0
HOSP-5936,The Johns Hopkins Hospital,urology or nephrology,2023-09-27,1,35.0,75.0,23.0,1010.0,1.0
HOSP-5938,The Johns Hopkins Hospital,infectious disease or internal medicine,,1,72.0,30.0,6.0,750.0,1.0
HOSP-5938,The Johns Hopkins Hospital,pulmonology,,1,91.0,60.0,27.0,990.0,0.0
HOSP-5939,The Johns Hopkins Hospital,neurology,,1,21.0,30.0,8.0,900.0,1.0
HOSP-5939,The Johns Hopkins Hospital,psychiatry,,1,16.0,75.0,8.0,1000.0,1.0
HOSP-5940,The Johns Hopkins Hospital,gastroenterology,,1,82.0,75.0,15.0,1480.0,1.0
HOSP-5940,The Johns Hopkins Hospital,nephrology,,1,77.0,60.0,17.0,880.0,1.0
HOSP-5940,The Johns Hopkins Hospital,pulmonology or allergy and immunology,2021-01-18,1,38.0,90.0,23.0,1550.0,0.0
HOSP-5941,The Johns Hopkins Hospital,gastroenterology,,1,31.0,45.0,7.0,1340.0,0.0
HOSP-5941,The Johns Hopkins Hospital,oncology,2020-09-13,1,49.0,45.0,11.0,190.0,1.0
HOSP-5941,The Johns Hopkins Hospital,urology or nephrology,,1,12.0,75.0,29.0,670.0,0.0
HOSP-5942,The Johns Hopkins Hospital,dermatology,2020-12-29,1,63.0,15.0,22.0,420.0,0.0
HOSP-5943,The Johns Hopkins Hospital,endocrinology,,1,35.0,120.0,14.0,600.0,1.0
HOSP-5944,The Johns Hopkins Hospital,infectious disease,,1,11.0,30.0,7.0,410.0,0.0
HOSP-5944,The Johns Hopkins Hospital,oncology,2021-08-17,1,76.0,30.0,9.0,680.0,0.0
HOSP-5946,The Johns Hopkins Hospital,hepatology,2020-07-25,1,9.0,45.0,23.0,940.0,0.0
HOSP-5947,The Johns Hopkins Hospital,gastroenterology,2021-10-14,1,68.0,75.0,6.0,350.0,0.0
HOSP-5948,The Johns Hopkins Hospital,allergy and immunology,,1,0.0,120.0,8.0,880.0,1.0
HOSP-5948,The Johns Hopkins Hospital,gastroenterology,2021-07-21,1,84.0,30.0,7.0,490.0,1.0
HOSP-5948,The Johns Hopkins Hospital,infectious disease or internal medicine,,1,44.0,75.0,27.0,1220.0,0.0
HOSP-5948,The Johns Hopkins Hospital,rheumatology,2020-12-17,1,3.0,90.0,5.0,940.0,0.0
HOSP-5949,The Johns Hopkins Hospital,gastroenterology,,1,14.0,30.0,28.0,1490.0,1.0
HOSP-5949,The Johns Hopkins Hospital,nephrology,2023-01-26,1,88.0,15.0,22.0,550.0,0.0
HOSP-5949,The Johns Hopkins Hospital,pulmonology or infectious disease,,1,8.0,75.0,2.0,1350.0,0.0
HOSP-5951,The Johns Hopkins Hospital,infectious disease,,1,68.0,30.0,6.0,860.0,1.0
HOSP-5952,The Johns Hopkins Hospital,neurology,2023-03-16,1,16.0,30.0,26.0,720.0,0.0
HOSP-5953,The Johns Hopkins Hospital,cardiology or internal medicine,2021-09-13,1,92.0,30.0,3.0,750.0,0.0
HOSP-5953,The Johns Hopkins Hospital,gastroenterology,2024-05-22,1,10.0,60.0,26.0,550.0,1.0
HOSP-5953,The Johns Hopkins Hospital,infectious disease or internal medicine,,1,78.0,60.0,17.0,820.0,1.0
HOSP-5954,The Johns Hopkins Hospital,gastroenterology,2021-10-29,1,90.0,105.0,18.0,690.0,0.0
HOSP-5954,The Johns Hopkins Hospital,neurology,,1,17.0,45.0,23.0,950.0,1.0
HOSP-5955,The Johns Hopkins Hospital,infectious disease or internal medicine,2022-03-16,1,81.0,60.0,9.0,440.0,1.0
HOSP-5955,The Johns Hopkins Hospital,neurology,2021-03-29,1,79.0,45.0,23.0,860.0,0.0
HOSP-5955,The Johns Hopkins Hospital,neurology,2023-06-22,1,3.0,105.0,22.0,1390.0,0.0
HOSP-5956,The Johns Hopkins Hospital,gastroenterology,2023-06-25,1,66.0,15.0,7.0,1470.0,0.0
HOSP-5959,The Johns Hopkins Hospital,urology or nephrology,2022-09-13,1,5.0,60.0,16.0,930.0,0.0
HOSP-5960,The Johns Hopkins Hospital,gastroenterology,,1,58.0,105.0,15.0,480.0,1.0
HOSP-5960,The Johns Hopkins Hospital,psychiatry,2024-03-25,1,67.0,30.0,1.0,1470.0,1.0
HOSP-5964,The Johns Hopkins Hospital,rheumatology,2021-07-27,1,35.0,105.0,8.0,1440.0,0.0
HOSP-5964,The Johns Hopkins Hospital,urology or nephrology,2022-01-18,1,13.0,60.0,21.0,970.0,0.0
HOSP-5966,The Johns Hopkins Hospital,allergy and immunology,,1,93.0,75.0,21.0,920.0,0.0
HOSP-5966,The Johns Hopkins Hospital,pulmonology,2023-04-20,1,33.0,15.0,27.0,170.0,1.0
HOSP-5967,The Johns Hopkins Hospital,endocrinology,2020-08-25,1,21.0,15.0,1.0,1490.0,0.0
HOSP-5968,The Johns Hopkins Hospital,cardiology,,1,21.0,15.0,2.0,380.0,0.0
HOSP-5969,The Johns Hopkins Hospital,rheumatology,2022-01-17,1,65.0,30.0,10.0,1440.0,0.0
HOSP-5971,The Johns Hopkins Hospital,rheumatology,2020-10-23,1,45.0,90.0,26.0,1110.0,1.0
HOSP-5972,The Johns Hopkins Hospital,gastroenterology,2021-03-17,1,69.0,45.0,9.0,410.0,0.0
HOSP-5972,The Johns Hopkins Hospital,gastroenterology,2024-06-17,1,10.0,60.0,12.0,1490.0,1.0
HOSP-5972,The Johns Hopkins Hospital,infectious disease or internal medicine,2021-05-25,1,59.0,105.0,10.0,600.0,0.0
HOSP-5972,The Johns Hopkins Hospital,rheumatology,,1,60.0,75.0,17.0,500.0,1.0
HOSP-5975,The Johns Hopkins Hospital,cardiology or internal medicine,2022-10-15,1,57.0,105.0,19.0,1140.0,0.0
HOSP-5975,The Johns Hopkins Hospital,psychiatry,,1,33.0,30.0,3.0,1240.0,1.0
HOSP-5976,The Johns Hopkins Hospital,gastroenterology,,1,20.0,15.0,10.0,1030.0,0.0
HOSP-5976,The Johns Hopkins Hospital,infectious disease or internal medicine,2024-03-15,1,48.0,120.0,23.0,640.0,0.0
HOSP-5977,The Johns Hopkins Hospital,cardiology or internal medicine,2024-05-28,1,85.0,60.0,25.0,1590.0,0.0
HOSP-5977,The Johns Hopkins Hospital,neurology,,1,43.0,60.0,3.0,960.0,0.0
HOSP-5980,The Johns Hopkins Hospital,gastroenterology,,1,79.0,75.0,17.0,160.0,1.0
HOSP-5982,The Johns Hopkins Hospital,gastroenterology,2022-06-19,1,9.0,105.0,30.0,280.0,1.0
HOSP-5982,The Johns Hopkins Hospital,nephrology,,1,3.0,15.0,4.0,1500.0,1.0
HOSP-5982,The Johns Hopkins Hospital,neurology,,1,45.0,120.0,15.0,460.0,1.0
HOSP-5983,The Johns Hopkins Hospital,urology or nephrology,2022-01-27,1,3.0,15.0,30.0,1320.0,1.0
HOSP-5988,The Johns Hopkins Hospital,hepatology,,1,13.0,30.0,2.0,1160.0,0.0
HOSP-5988,The Johns Hopkins Hospital,hepatology or gastroenterology,,1,70.0,60.0,24.0,1460.0,1.0
HOSP-5989,The Johns Hopkins Hospital,pulmonology,,1,32.0,105.0,25.0,1030.0,0.0
HOSP-5990,The Johns Hopkins Hospital,psychiatry,2022-11-14,1,28.0,60.0,1.0,1000.0,0.0
HOSP-5991,The Johns Hopkins Hospital,cardiology,2021-03-27,1,10.0,45.0,28.0,230.0,0.0
HOSP-5991,The Johns Hopkins Hospital,infectious disease or internal medicine,2020-10-15,1,0.0,75.0,9.0,1190.0,1.0
HOSP-5992,The Johns Hopkins Hospital,rheumatology,,1,71.0,90.0,1.0,1160.0,1.0
HOSP-5994,The Johns Hopkins Hospital,cardiology,2021-01-30,1,95.0,120.0,28.0,1290.0,0.0
HOSP-5994,The Johns Hopkins Hospital,cardiology,,1,66.0,30.0,30.0,1150.0,0.0
HOSP-5994,The Johns Hopkins Hospital,psychiatry,,1,85.0,75.0,18.0,1440.0,0.0
HOSP-5997,The Johns Hopkins Hospital,neurology,,1,14.0,75.0,20.0,340.0,1.0
HOSP-5998,The Johns Hopkins Hospital,pulmonology,,1,38.0,90.0,9.0,1380.0,0.0
HOSP-6000,The Johns Hopkins Hospital,infectious disease or internal medicine,2024-05-29,1,84.0,15.0,15.0,690.0,0.0
HOSP-6000,The Johns Hopkins Hospital,neurology,2023-10-18,1,33.0,60.0,28.0,320.0,0.0
HOSP-6002,The Johns Hopkins Hospital,neurology,2021-06-19,1,28.0,60.0,21.0,830.0,0.0
HOSP-6002,The Johns Hopkins Hospital,neurology,,1,61.0,105.0,7.0,320.0,0.0
HOSP-6004,The Johns Hopkins Hospital,infectious disease,2024-01-31,1,78.0,90.0,7.0,1080.0,0.0
HOSP-6004,The Johns Hopkins Hospital,neurology,2021-07-28,1,58.0,60.0,22.0,880.0,0.0
HOSP-6004,The Johns Hopkins Hospital,psychiatry,2023-06-15,1,53.0,75.0,11.0,810.0,1.0
HOSP-6006,The Johns Hopkins Hospital,nephrology,2020-08-23,1,8.0,60.0,1.0,1530.0,1.0
HOSP-6006,The Johns Hopkins Hospital,neurology,,1,28.0,120.0,11.0,1520.0,0.0
HOSP-6007,The Johns Hopkins Hospital,infectious disease,2022-05-26,1,86.0,90.0,10.0,870.0,1.0
HOSP-6007,The Johns Hopkins Hospital,nephrology,2021-11-26,1,91.0,45.0,8.0,1080.0,0.0
HOSP-6009,The Johns Hopkins Hospital,nephrology,,1,19.0,45.0,10.0,1250.0,0.0
HOSP-6010,The Johns Hopkins Hospital,neurology,,1,68.0,60.0,7.0,1510.0,1.0
HOSP-6012,The Johns Hopkins Hospital,oncology,2021-12-23,1,16.0,60.0,23.0,130.0,1.0
HOSP-6013,The Johns Hopkins Hospital,gastroenterology,,1,49.0,15.0,19.0,1440.0,0.0
HOSP-6014,The Johns Hopkins Hospital,pulmonology or infectious disease,2022-01-19,1,41.0,60.0,11.0,890.0,0.0
HOSP-6017,The Johns Hopkins Hospital,gastroenterology,2021-04-26,1,73.0,75.0,17.0,240.0,0.0
HOSP-6018,The Johns Hopkins Hospital,infectious disease or internal medicine,,1,11.0,45.0,29.0,510.0,1.0
HOSP-6021,The Johns Hopkins Hospital,pulmonology or infectious disease,2021-07-18,1,74.0,105.0,14.0,170.0,0.0
HOSP-6023,The Johns Hopkins Hospital,urology or nephrology,2022-02-16,1,61.0,60.0,22.0,680.0,0.0
HOSP-6024,The Johns Hopkins Hospital,rheumatology,,1,6.0,60.0,28.0,330.0,0.0
HOSP-6026,The Johns Hopkins Hospital,hepatology,2022-11-28,1,68.0,90.0,9.0,690.0,1.0
HOSP-6026,The Johns Hopkins Hospital,pulmonology,2023-05-23,1,30.0,105.0,19.0,1510.0,0.0
HOSP-6026,The Johns Hopkins Hospital,pulmonology or allergy and immunology,2021-12-29,1,48.0,120.0,23.0,320.0,1.0
HOSP-6027,The Johns Hopkins Hospital,endocrinology,2023-04-15,1,60.0,75.0,4.0,1430.0,1.0
HOSP-6027,The Johns Hopkins Hospital,hepatology,2022-03-24,1,58.0,105.0,20.0,1230.0,0.0
HOSP-6028,The Johns Hopkins Hospital,dermatology,2023-02-24,1,70.0,15.0,25.0,350.0,0.0
HOSP-6030,The Johns Hopkins Hospital,infectious disease or internal medicine,2022-05-20,1,50.0,90.0,6.0,1540.0,0.0
HOSP-6030,The Johns Hopkins Hospital,nephrology,,1,57.0,120.0,7.0,410.0,0.0
HOSP-6030,The Johns Hopkins Hospital,neurology,,1,56.0,60.0,13.0,1270.0,1.0
HOSP-6030,The Johns Hopkins Hospital,rheumatology,2023-09-23,1,85.0,15.0,27.0,1270.0,0.0
HOSP-6031,The Johns Hopkins Hospital,neurology,2023-04-14,1,59.0,75.0,4.0,340.0,0.0
HOSP-6035,The Johns Hopkins Hospital,gastroenterology,,1,84.0,45.0,25.0,640.0,1.0
HOSP-6036,The Johns Hopkins Hospital,nephrology,,1,62.0,45.0,14.0,1160.0,0.0
HOSP-6036,The Johns Hopkins Hospital,urology or nephrology,2023-03-16,1,74.0,15.0,21.0,890.0,0.0
HOSP-6037,The Johns Hopkins Hospital,infectious disease,,1,88.0,90.0,10.0,170.0,1.0
HOSP-6037,The Johns Hopkins Hospital,neurology,,1,27.0,60.0,12.0,300.0,0.0
HOSP-6038,The Johns Hopkins Hospital,neurology,,1,36.0,105.0,17.0,600.0,0.0
HOSP-6039,The Johns Hopkins Hospital,endocrinology,,1,74.0,30.0,9.0,1090.0,0.0
HOSP-6039,The Johns Hopkins Hospital,neurology,2021-02-22,1,85.0,120.0,8.0,400.0,1.0
HOSP-6040,The Johns Hopkins Hospital,allergy and immunology,2023-10-18,1,91.0,120.0,22.0,550.0,1.0
HOSP-6041,The Johns Hopkins Hospital,psychiatry,,1,95.0,120.0,6.0,520.0,0.0
HOSP-6043,The Johns Hopkins Hospital,neurology,2023-05-23,1,24.0,15.0,10.0,840.0,0.0
HOSP-6045,The Johns Hopkins Hospital,pulmonology,,1,75.0,90.0,20.0,1110.0,0.0
HOSP-6048,The Johns Hopkins Hospital,nephrology,2023-10-25,1,58.0,105.0,25.0,250.0,0.0
HOSP-6049,The Johns Hopkins Hospital,hepatology or gastroenterology,,1,71.0,30.0,12.0,1140.0,0.0
HOSP-6050,The Johns Hopkins Hospital,pulmonology,2020-08-28,1,77.0,90.0,17.0,670.0,0.0
HOSP-6050,The Johns Hopkins Hospital,rheumatology,2021-05-18,1,28.0,30.0,2.0,870.0,0.0
HOSP-6052,The Johns Hopkins Hospital,gastroenterology,,1,20.0,30.0,24.0,1600.0,1.0
HOSP-6052,The Johns Hopkins Hospital,psychiatry,2021-01-23,1,1.0,105.0,23.0,840.0,1.0
HOSP-6053,The Johns Hopkins Hospital,neurology,2020-09-21,1,89.0,120.0,22.0,970.0,1.0
HOSP-6054,The Johns Hopkins Hospital,pulmonology,2021-01-28,1,53.0,30.0,10.0,1270.0,1.0
HOSP-6055,The Johns Hopkins Hospital,nephrology,2022-12-14,1,6.0,30.0,23.0,790.0,0.0
HOSP-6056,The Johns Hopkins Hospital,dermatology,2024-04-29,1,11.0,90.0,16.0,1230.0,1.0
HOSP-6056,The Johns Hopkins Hospital,hepatology or gastroenterology,2022-03-20,1,20.0,75.0,30.0,340.0,0.0
HOSP-6058,The Johns Hopkins Hospital,endocrinology,2023-09-16,1,63.0,15.0,12.0,310.0,0.0
HOSP-6058,The Johns Hopkins Hospital,nephrology,2023-05-30,1,33.0,30.0,16.0,1380.0,0.0
HOSP-6058,The Johns Hopkins Hospital,neurology,,1,21.0,60.0,27.0,910.0,0.0
HOSP-6059,The Johns Hopkins Hospital,neurology,2022-04-18,1,5.0,15.0,21.0,1490.0,1.0
HOSP-6059,The Johns Hopkins Hospital,pulmonology or infectious disease,,1,23.0,105.0,1.0,1140.0,1.0
HOSP-6059,The Johns Hopkins Hospital,rheumatology,2020-07-31,1,82.0,105.0,22.0,1000.0,0.0
HOSP-6061,The Johns Hopkins Hospital,neurology,,1,50.0,75.0,13.0,1170.0,0.0
HOSP-6063,The Johns Hopkins Hospital,allergy and immunology,2023-11-19,1,33.0,105.0,16.0,1130.0,0.0
HOSP-6063,The Johns Hopkins Hospital,psychiatry,2020-11-28,1,1.0,45.0,12.0,1450.0,0.0
HOSP-6063,The Johns Hopkins Hospital,psychiatry,,1,54.0,60.0,23.0,710.0,0.0
HOSP-6064,The Johns Hopkins Hospital,neurology,2022-03-17,1,14.0,45.0,13.0,1570.0,1.0
HOSP-6066,The Johns Hopkins Hospital,pulmonology,2024-06-19,1,15.0,75.0,8.0,700.0,0.0
HOSP-6066,The Johns Hopkins Hospital,pulmonology,,1,70.0,120.0,9.0,880.0,0.0
HOSP-6068,The Johns Hopkins Hospital,infectious disease or internal medicine,2024-03-15,1,61.0,75.0,19.0,860.0,1.0
HOSP-6069,The Johns Hopkins Hospital,gastroenterology,2023-07-24,1,51.0,120.0,26.0,1480.0,0.0
HOSP-6071,The Johns Hopkins Hospital,infectious disease,2020-09-25,1,78.0,120.0,19.0,500.0,0.0
HOSP-6071,The Johns Hopkins Hospital,infectious disease or internal medicine,2020-11-27,1,72.0,15.0,11.0,550.0,1.0
HOSP-6071,The Johns Hopkins Hospital,psychiatry,,1,78.0,90.0,26.0,610.0,1.0
HOSP-6072,The Johns Hopkins Hospital,cardiology or internal medicine,,1,66.0,15.0,18.0,770.0,1.0
HOSP-6073,The Johns Hopkins Hospital,hepatology,2021-01-23,1,23.0,60.0,18.0,550.0,1.0
HOSP-6074,The Johns Hopkins Hospital,gastroenterology,,1,73.0,15.0,21.0,1090.0,0.0
HOSP-6074,The Johns Hopkins Hospital,neurology,2023-08-21,1,24.0,45.0,4.0,340.0,0.0
HOSP-6075,The Johns Hopkins Hospital,infectious disease or internal medicine,2021-12-29,1,78.0,45.0,23.0,120.0,0.0
HOSP-6076,The Johns Hopkins Hospital,cardiology or internal medicine,2021-01-18,1,88.0,60.0,15.0,1320.0,1.0
HOSP-6079,The Johns Hopkins Hospital,dermatology,2021-03-16,1,59.0,75.0,10.0,970.0,1.0
HOSP-6080,The Johns Hopkins Hospital,dermatology,,1,57.0,45.0,17.0,950.0,0.0
HOSP-6080,The Johns Hopkins Hospital,oncology,2020-08-18,1,36.0,15.0,19.0,1300.0,0.0
HOSP-6080,The Johns Hopkins Hospital,pulmonology or allergy and immunology,,1,40.0,60.0,19.0,660.0,1.0
HOSP-6080,The Johns Hopkins Hospital,rheumatology,2023-12-27,1,20.0,60.0,7.0,110.0,0.0
HOSP-6082,The Johns Hopkins Hospital,psychiatry,,1,7.0,105.0,9.0,300.0,0.0
HOSP-6082,The Johns Hopkins Hospital,pulmonology or allergy and immunology,,1,39.0,90.0,25.0,510.0,0.0
HOSP-6083,The Johns Hopkins Hospital,endocrinology,2021-05-15,1,8.0,60.0,22.0,220.0,0.0
HOSP-6083,The Johns Hopkins Hospital,psychiatry,2022-06-18,1,6.0,120.0,8.0,700.0,0.0
HOSP-6084,The Johns Hopkins Hospital,pulmonology,2021-05-18,1,2.0,75.0,17.0,970.0,0.0
HOSP-6085,The Johns Hopkins Hospital,infectious disease,2023-07-25,1,37.0,120.0,21.0,990.0,1.0
HOSP-6085,The Johns Hopkins Hospital,pulmonology or allergy and immunology,,1,75.0,120.0,27.0,1440.0,0.0
HOSP-6087,The Johns Hopkins Hospital,cardiology,2021-01-28,1,80.0,30.0,3.0,430.0,0.0
HOSP-6089,The Johns Hopkins Hospital,pulmonology or infectious disease,,1,60.0,105.0,8.0,990.0,1.0
HOSP-6089,The Johns Hopkins Hospital,rheumatology,2023-07-14,1,17.0,15.0,6.0,380.0,1.0
HOSP-6091,The Johns Hopkins Hospital,infectious disease,2023-09-25,1,82.0,105.0,28.0,590.0,0.0
HOSP-6091,The Johns Hopkins Hospital,oncology,,1,15.0,90.0,10.0,1410.0,0.0
HOSP-6093,The Johns Hopkins Hospital,infectious disease,,1,15.0,120.0,1.0,730.0,1.0
HOSP-6093,The Johns Hopkins Hospital,psychiatry,2021-10-13,1,69.0,120.0,7.0,750.0,1.0
HOSP-6095,The Johns Hopkins Hospital,gastroenterology,,1,65.0,60.0,11.0,170.0,0.0
HOSP-6095,The Johns Hopkins Hospital,infectious disease,2022-12-31,1,24.0,60.0,17.0,370.0,0.0
HOSP-6097,The Johns Hopkins Hospital,urology or nephrology,,1,53.0,30.0,26.0,1190.0,0.0
HOSP-6099,The Johns Hopkins Hospital,nephrology,2023-03-29,1,51.0,90.0,4.0,320.0,0.0
HOSP-6100,The Johns Hopkins Hospital,dermatology,,1,51.0,105.0,3.0,330.0,1.0
HOSP-6100,The Johns Hopkins Hospital,psychiatry,2024-05-20,1,20.0,60.0,30.0,1280.0,0.0
HOSP-6101,The Johns Hopkins Hospital,dermatology,2024-05-30,1,65.0,15.0,4.0,1130.0,1.0
HOSP-6103,The Johns Hopkins Hospital,psychiatry,2021-05-25,1,59.0,30.0,11.0,890.0,1.0
HOSP-6104,The Johns Hopkins Hospital,dermatology,,1,52.0,105.0,25.0,1100.0,1.0
HOSP-6106,The Johns Hopkins Hospital,infectious disease or internal medicine,,1,8.0,105.0,12.0,120.0,0.0
HOSP-6107,The Johns Hopkins Hospital,neurology,,1,65.0,30.0,1.0,960.0,0.0
HOSP-6108,The Johns Hopkins Hospital,allergy and immunology,2023-11-25,1,84.0,75.0,12.0,1560.0,0.0
HOSP-6108,The Johns Hopkins Hospital,allergy and immunology,,1,13.0,120.0,20.0,710.0,0.0
HOSP-6108,The Johns Hopkins Hospital,hepatology,,1,73.0,60.0,16.0,1570.0,0.0
HOSP-6108,The Johns Hopkins Hospital,oncology,2021-09-24,1,7.0,30.0,20.0,1440.0,0.0
HOSP-6109,The Johns Hopkins Hospital,infectious disease,2022-09-21,1,36.0,90.0,19.0,1250.0,0.0
HOSP-6111,The Johns Hopkins Hospital,endocrinology,2021-01-21,1,48.0,90.0,3.0,140.0,0.0
HOSP-6111,The Johns Hopkins Hospital,rheumatology,,1,77.0,75.0,13.0,370.0,1.0
HOSP-6113,The Johns Hopkins Hospital,cardiology or internal medicine,,1,87.0,120.0,15.0,510.0,1.0
HOSP-6113,The Johns Hopkins Hospital,neurology,2023-05-24,1,51.0,90.0,16.0,1410.0,0.0
HOSP-6114,The Johns Hopkins Hospital,pulmonology or allergy and immunology,,2,91.0,60.0,27.5,1515.0,1.0
HOSP-6117,The Johns Hopkins Hospital,nephrology,2024-03-31,1,10.0,75.0,15.0,880.0,0.0
HOSP-6120,The Johns Hopkins Hospital,infectious disease,2021-08-25,1,57.0,105.0,9.0,1280.0,0.0
HOSP-6120,The Johns Hopkins Hospital,infectious disease or internal medicine,2022-03-30,1,58.0,75.0,24.0,230.0,0.0
HOSP-6120,The Johns Hopkins Hospital,infectious disease or internal medicine,2023-02-16,1,79.0,75.0,27.0,730.0,1.0
HOSP-6120,The Johns Hopkins Hospital,neurology,,1,39.0,75.0,5.0,1350.0,0.0
HOSP-6121,The Johns Hopkins Hospital,nephrology,,1,92.0,120.0,3.0,1430.0,0.0
HOSP-6123,The Johns Hopkins Hospital,gastroenterology,2023-10-17,1,27.0,45.0,7.0,1420.0,0.0
HOSP-6124,The Johns Hopkins Hospital,cardiology,2024-04-20,1,31.0,30.0,1.0,850.0,0.0
HOSP-6124,The Johns Hopkins Hospital,infectious disease or internal medicine,,1,91.0,45.0,16.0,230.0,1.0
HOSP-6124,The Johns Hopkins Hospital,neurology,,1,81.0,15.0,11.0,1230.0,1.0
HOSP-6128,The Johns Hopkins Hospital,gastroenterology,2023-07-23,1,81.0,60.0,13.0,1100.0,1.0
HOSP-6132,The Johns Hopkins Hospital,urology or nephrology,2021-06-26,1,59.0,90.0,3.0,1020.0,0.0
HOSP-6133,The Johns Hopkins Hospital,allergy and immunology,,1,51.0,90.0,5.0,330.0,1.0
HOSP-6133,The Johns Hopkins Hospital,hepatology,,1,7.0,105.0,15.0,530.0,0.0
HOSP-6134,The Johns Hopkins Hospital,cardiology or internal medicine,2022-11-20,1,51.0,30.0,6.0,1010.0,0.0
HOSP-6134,The Johns Hopkins Hospital,gastroenterology,2023-02-27,1,21.0,45.0,9.0,1050.0,1.0
HOSP-6134,The Johns Hopkins Hospital,neurology,2021-03-21,1,57.0,105.0,15.0,1130.0,1.0
HOSP-6135,The Johns Hopkins Hospital,neurology,2023-08-18,1,24.0,30.0,29.0,710.0,1.0
HOSP-6135,The Johns Hopkins Hospital,neurology,2024-01-31,1,57.0,15.0,9.0,1550.0,0.0
HOSP-6137,The Johns Hopkins Hospital,endocrinology,2021-02-27,1,2.0,90.0,27.0,920.0,1.0
HOSP-6137,The Johns Hopkins Hospital,hepatology or gastroenterology,2021-12-19,1,1.0,75.0,5.0,1570.0,0.0
HOSP-6138,The Johns Hopkins Hospital,pulmonology or allergy and immunology,,1,39.0,75.0,27.0,720.0,0.0
HOSP-6140,The Johns Hopkins Hospital,hepatology or gastroenterology,2022-04-14,1,12.0,45.0,29.0,270.0,0.0
HOSP-6140,The Johns Hopkins Hospital,rheumatology,,1,19.0,45.0,15.0,640.0,0.0
HOSP-6141,The Johns Hopkins Hospital,pulmonology,2023-08-14,1,46.0,90.0,16.0,1580.0,1.0
HOSP-6142,The Johns Hopkins Hospital,rheumatology,2022-10-17,1,44.0,45.0,24.0,1310.0,1.0
HOSP-6143,The Johns Hopkins Hospital,psychiatry,2021-01-21,1,61.0,60.0,1.0,540.0,0.0
HOSP-6143,The Johns Hopkins Hospital,pulmonology or allergy and immunology,,1,26.0,105.0,9.0,570.0,0.0
HOSP-6144,The Johns Hopkins Hospital,infectious disease or internal medicine,2020-10-24,1,21.0,90.0,12.0,1080.0,0.0
HOSP-6146,The Johns Hopkins Hospital,gastroenterology,2021-04-23,1,63.0,120.0,25.0,200.0,0.0
HOSP-6147,The Johns Hopkins Hospital,neurology,2021-11-20,1,85.0,90.0,28.0,670.0,1.0
HOSP-6147,The Johns Hopkins Hospital,neurology,,1,17.0,15.0,22.0,1560.0,0.0
HOSP-6147,The Johns Hopkins Hospital,pulmonology or infectious disease,,1,53.0,45.0,29.0,1570.0,0.0
HOSP-6148,The Johns Hopkins Hospital,gastroenterology,2024-02-23,1,68.0,90.0,16.0,200.0,1.0
HOSP-6149,The Johns Hopkins Hospital,psychiatry,,1,64.0,15.0,7.0,730.0,1.0
HOSP-6149,The Johns Hopkins Hospital,urology or nephrology,2020-08-19,1,51.0,15.0,2.0,1160.0,0.0
HOSP-6150,The Johns Hopkins Hospital,dermatology,2023-07-27,1,79.0,15.0,30.0,1010.0,1.0
HOSP-6151,The Johns Hopkins Hospital,pulmonology or infectious disease,,1,89.0,45.0,11.0,1140.0,0.0
HOSP-6154,The Johns Hopkins Hospital,pulmonology or infectious disease,2024-03-18,1,89.0,105.0,14.0,730.0,0.0
HOSP-6154,The Johns Hopkins Hospital,urology or nephrology,2023-08-13,1,44.0,75.0,21.0,1500.0,0.0
HOSP-6155,The Johns Hopkins Hospital,neurology,2020-09-22,1,73.0,30.0,21.0,880.0,0.0
HOSP-6155,The Johns Hopkins Hospital,neurology,2022-04-26,1,74.0,60.0,21.0,270.0,1.0
HOSP-6155,The Johns Hopkins Hospital,pulmonology or allergy and immunology,,1,32.0,75.0,20.0,1190.0,1.0
HOSP-6156,The Johns Hopkins Hospital,cardiology or internal medicine,,1,42.0,105.0,17.0,290.0,0.0
HOSP-6156,The Johns Hopkins Hospital,rheumatology,2024-06-17,1,3.0,120.0,24.0,1520.0,1.0
HOSP-6157,The Johns Hopkins Hospital,hepatology or gastroenterology,,1,34.0,120.0,5.0,1290.0,1.0
HOSP-6159,The Johns Hopkins Hospital,pulmonology,2024-03-19,1,32.0,45.0,3.0,240.0,0.0
HOSP-6160,The Johns Hopkins Hospital,nephrology,,1,8.0,75.0,12.0,1240.0,0.0
HOSP-6160,The Johns Hopkins Hospital,psychiatry,2024-02-21,1,41.0,120.0,30.0,1090.0,1.0
HOSP-6163,The Johns Hopkins Hospital,neurology,2023-12-26,1,60.0,120.0,8.0,240.0,0.0
HOSP-6166,The Johns Hopkins Hospital,endocrinology,2022-09-23,1,0.0,105.0,17.0,600.0,0.0
HOSP-6167,The Johns Hopkins Hospital,neurology,2021-04-30,1,60.0,75.0,9.0,1580.0,0.0
HOSP-6167,The Johns Hopkins Hospital,psychiatry,2021-04-26,1,12.0,90.0,2.0,690.0,1.0
HOSP-6169,The Johns Hopkins Hospital,cardiology,,1,0.0,120.0,11.0,600.0,0.0
HOSP-6169,The Johns Hopkins Hospital,endocrinology,2021-08-15,1,61.0,120.0,19.0,1110.0,0.0
HOSP-6169,The Johns Hopkins Hospital,neurology,2021-08-29,1,25.0,60.0,20.0,430.0,1.0
HOSP-6170,The Johns Hopkins Hospital,nephrology,,1,5.0,105.0,27.0,420.0,1.0
HOSP-6170,The Johns Hopkins Hospital,pulmonology or allergy and immunology,,1,77.0,15.0,24.0,970.0,0.0
HOSP-6172,The Johns Hopkins Hospital,neurology,,1,73.0,60.0,27.0,1510.0,0.0
HOSP-6173,The Johns Hopkins Hospital,neurology,,1,8.0,15.0,19.0,140.0,0.0
HOSP-6175,The Johns Hopkins Hospital,neurology,2022-06-16,1,15.0,75.0,17.0,340.0,0.0
HOSP-6177,The Johns Hopkins Hospital,gastroenterology,2021-08-20,1,22.0,15.0,12.0,940.0,1.0
HOSP-6178,The Johns Hopkins Hospital,oncology,,1,4.0,75.0,8.0,950.0,1.0
HOSP-6179,The Johns Hopkins Hospital,infectious disease,,1,12.0,120.0,13.0,1430.0,0.0
HOSP-6180,The Johns Hopkins Hospital,neurology,2021-06-29,1,54.0,105.0,27.0,980.0,0.0
HOSP-6180,The Johns Hopkins Hospital,psychiatry,,1,61.0,30.0,8.0,670.0,0.0
HOSP-6181,The Johns Hopkins Hospital,infectious disease,,1,75.0,15.0,10.0,520.0,1.0
HOSP-6181,The Johns Hopkins Hospital,neurology,2023-03-19,1,16.0,45.0,26.0,440.0,1.0
HOSP-6181,The Johns Hopkins Hospital,psychiatry,2020-08-16,1,71.0,90.0,1.0,730.0,1.0
HOSP-6182,The Johns Hopkins Hospital,gastroenterology,2023-06-13,1,48.0,15.0,28.0,420.0,0.0
HOSP-6183,The Johns Hopkins Hospital,gastroenterology,,1,35.0,60.0,4.0,750.0,0.0
HOSP-6185,The Johns Hopkins Hospital,allergy and immunology,2022-04-18,1,91.0,105.0,16.0,320.0,1.0
HOSP-6185,The Johns Hopkins Hospital,allergy and immunology,2024-04-27,1,28.0,15.0,3.0,440.0,1.0
HOSP-6187,The Johns Hopkins Hospital,pulmonology,,1,52.0,15.0,8.0,400.0,0.0
HOSP-6188,The Johns Hopkins Hospital,neurology,2022-11-24,1,80.0,30.0,8.0,1510.0,0.0
HOSP-6190,The Johns Hopkins Hospital,neurology,2023-02-20,1,72.0,45.0,28.0,1150.0,0.0
HOSP-6194,The Johns Hopkins Hospital,rheumatology,2023-12-30,1,32.0,90.0,26.0,420.0,1.0
HOSP-6194,The Johns Hopkins Hospital,urology or nephrology,2023-04-26,1,88.0,15.0,4.0,240.0,0.0
HOSP-6195,The Johns Hopkins Hospital,neurology,2024-04-29,1,41.0,105.0,19.0,750.0,0.0
HOSP-6196,The Johns Hopkins Hospital,endocrinology,2023-11-27,1,65.0,75.0,23.0,920.0,0.0
HOSP-6196,The Johns Hopkins Hospital,hepatology,2024-06-27,1,2.0,15.0,5.0,540.0,1.0
HOSP-6201,The Johns Hopkins Hospital,hepatology,,1,77.0,120.0,12.0,150.0,0.0
HOSP-6201,The Johns Hopkins Hospital,pulmonology,2021-02-16,1,32.0,90.0,2.0,860.0,1.0
HOSP-6202,The Johns Hopkins Hospital,pulmonology or allergy and immunology,2022-07-31,1,95.0,120.0,6.0,420.0,0.0
HOSP-6203,The Johns Hopkins Hospital,neurology,2021-08-17,1,36.0,15.0,13.0,1110.0,0.0
HOSP-6204,The Johns Hopkins Hospital,infectious disease,2022-07-21,1,4.0,105.0,5.0,690.0,1.0
HOSP-6205,The Johns Hopkins Hospital,rheumatology,2022-01-14,1,17.0,75.0,23.0,1590.0,1.0
HOSP-6207,The Johns Hopkins Hospital,infectious disease or internal medicine,2022-01-14,1,36.0,105.0,8.0,730.0,0.0
HOSP-6208,The Johns Hopkins Hospital,infectious disease or internal medicine,,1,66.0,75.0,12.0,1090.0,0.0
HOSP-6216,The Johns Hopkins Hospital,infectious disease or internal medicine,2021-07-17,1,39.0,105.0,15.0,240.0,0.0
HOSP-6217,The Johns Hopkins Hospital,infectious disease,2021-10-20,1,36.0,120.0,4.0,1340.0,1.0
HOSP-6217,The Johns Hopkins Hospital,infectious disease or internal medicine,,1,21.0,120.0,29.0,990.0,0.0
HOSP-6217,The Johns Hopkins Hospital,neurology,2023-09-17,1,55.0,30.0,2.0,480.0,0.0
HOSP-6217,The Johns Hopkins Hospital,rheumatology,,1,74.0,60.0,28.0,1360.0,0.0
HOSP-6218,The Johns Hopkins Hospital,neurology,2021-09-29,1,38.0,45.0,16.0,1350.0,0.0
HOSP-6219,The Johns Hopkins Hospital,infectious disease or internal medicine,,1,33.0,45.0,30.0,540.0,0.0
HOSP-6219,The Johns Hopkins Hospital,pulmonology or allergy and immunology,2023-05-31,1,2.0,120.0,21.0,550.0,0.0
HOSP-6220,The Johns Hopkins Hospital,nephrology,2021-07-16,1,44.0,90.0,1.0,210.0,1.0
HOSP-6222,The Johns Hopkins Hospital,dermatology,,1,24.0,15.0,11.0,250.0,1.0
HOSP-6222,The Johns Hopkins Hospital,rheumatology,,1,12.0,30.0,14.0,930.0,1.0
HOSP-6223,The Johns Hopkins Hospital,endocrinology,2021-08-31,1,93.0,75.0,2.0,610.0,1.0
HOSP-6223,The Johns Hopkins Hospital,neurology,2024-05-21,1,29.0,15.0,6.0,760.0,1.0
HOSP-6226,The Johns Hopkins Hospital,neurology,2022-09-29,1,70.0,90.0,15.0,1030.0,1.0
HOSP-6226,The Johns Hopkins Hospital,pulmonology or infectious disease,2022-11-13,1,81.0,120.0,26.0,440.0,0.0
HOSP-6228,The Johns Hopkins Hospital,hepatology or gastroenterology,2021-12-27,1,34.0,15.0,16.0,510.0,0.0
HOSP-6228,The Johns Hopkins Hospital,pulmonology or infectious disease,2023-09-17,1,26.0,30.0,18.0,1080.0,0.0
HOSP-6228,The Johns Hopkins Hospital,rheumatology,,1,86.0,60.0,12.0,390.0,1.0
HOSP-6229,The Johns Hopkins Hospital,dermatology,2023-06-14,1,33.0,60.0,21.0,1040.0,0.0
HOSP-6229,The Johns Hopkins Hospital,nephrology,,1,72.0,75.0,17.0,450.0,0.0
HOSP-6229,The Johns Hopkins Hospital,urology or nephrology,2022-04-26,1,31.0,105.0,12.0,960.0,0.0
HOSP-6231,The Johns Hopkins Hospital,neurology,2023-03-21,1,20.0,120.0,26.0,820.0,1.0
HOSP-6232,The Johns Hopkins Hospital,rheumatology,2023-06-15,1,84.0,105.0,5.0,880.0,0.0
HOSP-6234,The Johns Hopkins Hospital,pulmonology or allergy and immunology,2024-02-24,1,56.0,75.0,21.0,1500.0,1.0
HOSP-6236,The Johns Hopkins Hospital,pulmonology,2023-02-28,1,75.0,90.0,26.0,1040.0,0.0
HOSP-6238,The Johns Hopkins Hospital,nephrology,,1,10.0,60.0,19.0,990.0,0.0
HOSP-6239,The Johns Hopkins Hospital,pulmonology or allergy and immunology,,1,73.0,30.0,22.0,920.0,0.0
HOSP-6241,The Johns Hopkins Hospital,neurology,2023-01-31,1,88.0,45.0,23.0,670.0,0.0
HOSP-6244,The Johns Hopkins Hospital,cardiology,2020-11-23,1,81.0,120.0,14.0,700.0,0.0
HOSP-6244,The Johns Hopkins Hospital,neurology,2021-04-26,1,29.0,30.0,11.0,870.0,1.0
HOSP-6246,The Johns Hopkins Hospital,gastroenterology,2021-05-29,1,35.0,60.0,18.0,1410.0,0.0
HOSP-6246,The Johns Hopkins Hospital,pulmonology or allergy and immunology,2023-03-20,1,60.0,15.0,11.0,1480.0,0.0
HOSP-6251,The Johns Hopkins Hospital,nephrology,2024-04-19,1,28.0,15.0,17.0,1040.0,0.0
HOSP-6251,The Johns Hopkins Hospital,neurology,,1,53.0,45.0,13.0,210.0,1.0
HOSP-6252,The Johns Hopkins Hospital,rheumatology,,1,61.0,90.0,27.0,450.0,0.0
HOSP-6253,The Johns Hopkins Hospital,nephrology,2023-02-25,1,45.0,75.0,1.0,1210.0,1.0
HOSP-6253,The Johns Hopkins Hospital,psychiatry,,1,78.0,75.0,3.0,1150.0,0.0
HOSP-6255,The Johns Hopkins Hospital,rheumatology,2022-09-20,1,41.0,45.0,17.0,1260.0,0.0
HOSP-6256,The Johns Hopkins Hospital,nephrology,2023-01-29,1,22.0,45.0,18.0,1020.0,0.0
HOSP-6257,The Johns Hopkins Hospital,rheumatology,2024-06-22,1,41.0,75.0,8.0,760.0,1.0
HOSP-6258,The Johns Hopkins Hospital,endocrinology,,1,68.0,30.0,28.0,540.0,0.0
HOSP-6258,The Johns Hopkins Hospital,pulmonology or allergy and immunology,2021-03-19,1,3.0,120.0,5.0,1580.0,0.0
HOSP-6259,The Johns Hopkins Hospital,neurology,2021-08-22,1,15.0,105.0,25.0,410.0,1.0
HOSP-6262,The Johns Hopkins Hospital,gastroenterology,2020-12-18,1,83.0,90.0,9.0,220.0,0.0
HOSP-6262,The Johns Hopkins Hospital,hepatology,2022-01-24,1,46.0,45.0,12.0,1330.0,0.0
HOSP-6263,The Johns Hopkins Hospital,gastroenterology,,1,93.0,90.0,26.0,550.0,0.0
HOSP-6265,The Johns Hopkins Hospital,endocrinology,2021-09-23,1,90.0,75.0,22.0,500.0,1.0
HOSP-6266,The Johns Hopkins Hospital,cardiology,,1,9.0,120.0,20.0,870.0,0.0
HOSP-6268,The Johns Hopkins Hospital,dermatology,2024-07-21,1,32.0,105.0,30.0,190.0,0.0
HOSP-6269,The Johns Hopkins Hospital,infectious disease or internal medicine,2021-03-23,1,52.0,30.0,4.0,720.0,0.0
HOSP-6269,The Johns Hopkins Hospital,neurology,2024-03-16,1,15.0,15.0,14.0,640.0,0.0
HOSP-6271,The Johns Hopkins Hospital,gastroenterology,,1,74.0,60.0,21.0,1270.0,1.0
HOSP-6271,The Johns Hopkins Hospital,urology or nephrology,,1,21.0,75.0,30.0,1550.0,1.0
HOSP-6272,The Johns Hopkins Hospital,neurology,2021-12-22,1,73.0,105.0,8.0,960.0,1.0
HOSP-6273,The Johns Hopkins Hospital,dermatology,2023-12-18,1,16.0,30.0,26.0,410.0,1.0
HOSP-6273,The Johns Hopkins Hospital,infectious disease or internal medicine,2020-12-24,1,49.0,105.0,13.0,930.0,0.0
HOSP-6274,The Johns Hopkins Hospital,gastroenterology,2021-08-19,1,80.0,120.0,2.0,340.0,0.0
HOSP-6274,The Johns Hopkins Hospital,infectious disease,2024-02-17,1,91.0,75.0,6.0,780.0,0.0
HOSP-6277,The Johns Hopkins Hospital,gastroenterology,2022-08-31,1,12.0,30.0,23.0,1050.0,0.0
HOSP-6277,The Johns Hopkins Hospital,neurology,,1,7.0,15.0,27.0,260.0,0.0
HOSP-6277,The Johns Hopkins Hospital,psychiatry,2021-07-22,1,18.0,75.0,20.0,1180.0,0.0
HOSP-6279,The Johns Hopkins Hospital,hepatology or gastroenterology,,1,86.0,120.0,16.0,630.0,0.0
HOSP-6280,The Johns Hopkins Hospital,neurology,2022-06-13,1,67.0,30.0,3.0,1490.0,1.0
HOSP-6280,The Johns Hopkins Hospital,neurology,2023-10-16,1,67.0,60.0,26.0,440.0,0.0
HOSP-6280,The Johns Hopkins Hospital,neurology,2024-03-30,1,14.0,120.0,15.0,420.0,1.0
HOSP-6280,The Johns Hopkins Hospital,neurology,,1,52.0,45.0,16.0,420.0,0.0
HOSP-6281,The Johns Hopkins Hospital,neurology,2023-11-26,1,27.0,90.0,14.0,280.0,1.0
HOSP-6282,The Johns Hopkins Hospital,allergy and immunology,2021-10-21,1,13.0,105.0,14.0,290.0,1.0
HOSP-6282,The Johns Hopkins Hospital,neurology,,1,20.0,90.0,26.0,470.0,0.0
HOSP-6282,The Johns Hopkins Hospital,pulmonology or allergy and immunology,2024-02-22,1,76.0,105.0,19.0,940.0,1.0
HOSP-6283,The Johns Hopkins Hospital,neurology,,1,86.0,90.0,11.0,1310.0,0.0
HOSP-6283,The Johns Hopkins Hospital,psychiatry,,1,9.0,60.0,16.0,840.0,0.0
HOSP-6285,The Johns Hopkins Hospital,hepatology or gastroenterology,2022-04-18,1,9.0,60.0,8.0,300.0,1.0
HOSP-6287,The Johns Hopkins Hospital,cardiology or internal medicine,,1,94.0,30.0,17.0,500.0,1.0
HOSP-6287,The Johns Hopkins Hospital,hepatology,2024-04-14,1,70.0,120.0,10.0,370.0,0.0
HOSP-6288,The Johns Hopkins Hospital,pulmonology or allergy and immunology,,1,15.0,15.0,27.0,870.0,0.0
HOSP-6288,The Johns Hopkins Hospital,rheumatology,,1,16.0,90.0,14.0,1460.0,1.0
HOSP-6289,The Johns Hopkins Hospital,nephrology,,1,75.0,60.0,13.0,1490.0,0.0
HOSP-6290,The Johns Hopkins Hospital,hepatology,2021-07-13,1,95.0,90.0,25.0,1320.0,0.0
HOSP-6290,The Johns Hopkins Hospital,neurology,2020-09-26,1,10.0,45.0,22.0,340.0,1.0
HOSP-6291,The Johns Hopkins Hospital,oncology,2023-03-29,1,82.0,30.0,13.0,310.0,0.0
HOSP-6292,The Johns Hopkins Hospital,neurology,2022-11-19,1,47.0,45.0,9.0,830.0,1.0
HOSP-6295,The Johns Hopkins Hospital,rheumatology,,1,3.0,15.0,11.0,1260.0,0.0
HOSP-6295,The Johns Hopkins Hospital,urology or nephrology,2023-05-26,1,28.0,60.0,19.0,1000.0,0.0
HOSP-6297,The Johns Hopkins Hospital,neurology,,1,63.0,75.0,2.0,170.0,0.0
HOSP-6299,The Johns Hopkins Hospital,psychiatry,,1,79.0,90.0,20.0,1550.0,0.0
HOSP-6299,The Johns Hopkins Hospital,pulmonology or infectious disease,,1,5.0,60.0,27.0,1370.0,0.0
HOSP-6300,The Johns Hopkins Hospital,gastroenterology,2022-08-25,1,53.0,30.0,28.0,600.0,1.0
HOSP-6300,The Johns Hopkins Hospital,neurology,2020-07-26,1,38.0,45.0,6.0,1290.0,1.0
HOSP-6301,The Johns Hopkins Hospital,cardiology or internal medicine,,1,88.0,60.0,12.0,1310.0,0.0
HOSP-6302,The Johns Hopkins Hospital,allergy and immunology,,1,42.0,90.0,8.0,1170.0,1.0
HOSP-6302,The Johns Hopkins Hospital,urology or nephrology,2021-01-30,1,8.0,15.0,23.0,530.0,0.0
HOSP-6304,The Johns Hopkins Hospital,neurology,2023-09-25,1,42.0,15.0,10.0,340.0,1.0
HOSP-6305,The Johns Hopkins Hospital,dermatology,2022-12-30,1,13.0,45.0,4.0,1060.0,1.0
HOSP-6305,The Johns Hopkins Hospital,dermatology,2023-09-16,1,33.0,30.0,3.0,240.0,1.0
HOSP-6306,The Johns Hopkins Hospital,gastroenterology,2022-05-29,1,77.0,15.0,16.0,680.0,0.0
HOSP-6307,The Johns Hopkins Hospital,cardiology or internal medicine,2024-07-17,1,75.0,120.0,22.0,1000.0,0.0
HOSP-6307,The Johns Hopkins Hospital,pulmonology or infectious disease,,1,65.0,105.0,28.0,1190.0,1.0
HOSP-6309,The Johns Hopkins Hospital,hepatology,,1,42.0,105.0,5.0,410.0,1.0
HOSP-6309,The Johns Hopkins Hospital,nephrology,2022-08-15,1,16.0,75.0,30.0,360.0,1.0
HOSP-6310,The Johns Hopkins Hospital,allergy and immunology,2023-11-25,1,75.0,60.0,30.0,460.0,1.0
HOSP-6315,The Johns Hopkins Hospital,allergy and immunology,,1,0.0,45.0,11.0,1070.0,1.0
HOSP-6318,The Johns Hopkins Hospital,gastroenterology,,1,69.0,75.0,27.0,1490.0,0.0
HOSP-6319,The Johns Hopkins Hospital,infectious disease or internal medicine,2022-07-26,1,3.0,15.0,28.0,660.0,0.0
HOSP-6320,The Johns Hopkins Hospital,infectious disease or internal medicine,2020-12-16,1,16.0,15.0,29.0,560.0,1.0
HOSP-6320,The Johns Hopkins Hospital,infectious disease or internal medicine,2022-07-18,1,2.0,75.0,21.0,1190.0,0.0
HOSP-6321,The Johns Hopkins Hospital,pulmonology,2022-08-28,1,50.0,30.0,10.0,990.0,0.0
HOSP-6321,The Johns Hopkins Hospital,rheumatology,,1,84.0,60.0,11.0,1280.0,0.0
HOSP-6322,The Johns Hopkins Hospital,gastroenterology,2021-08-22,1,59.0,90.0,24.0,300.0,0.0
HOSP-6322,The Johns Hopkins Hospital,gastroenterology,2023-06-19,1,56.0,45.0,26.0,810.0,1.0
HOSP-6325,The Johns Hopkins Hospital,cardiology or internal medicine,2023-04-22,1,62.0,75.0,2.0,750.0,0.0
HOSP-6325,The Johns Hopkins Hospital,endocrinology,,1,16.0,90.0,8.0,1410.0,0.0
HOSP-6326,The Johns Hopkins Hospital,rheumatology,2020-09-22,1,91.0,75.0,20.0,110.0,1.0
HOSP-6327,The Johns Hopkins Hospital,endocrinology,2023-05-28,1,32.0,30.0,3.0,1230.0,1.0
HOSP-6327,The Johns Hopkins Hospital,neurology,,1,0.0,15.0,13.0,330.0,1.0
HOSP-6329,The Johns Hopkins Hospital,endocrinology,2020-08-24,1,84.0,120.0,29.0,700.0,1.0
HOSP-6329,The Johns Hopkins Hospital,gastroenterology,2021-04-26,1,11.0,90.0,28.0,830.0,0.0
HOSP-6329,The Johns Hopkins Hospital,neurology,2024-01-15,1,75.0,105.0,27.0,160.0,0.0
HOSP-6330,The Johns Hopkins Hospital,nephrology,,1,83.0,105.0,19.0,210.0,0.0
HOSP-6330,The Johns Hopkins Hospital,oncology,,1,12.0,120.0,14.0,1060.0,0.0
HOSP-6331,The Johns Hopkins Hospital,infectious disease or internal medicine,,1,15.0,75.0,13.0,570.0,0.0
HOSP-6332,The Johns Hopkins Hospital,infectious disease,2020-09-26,1,30.0,60.0,28.0,1410.0,1.0
HOSP-6332,The Johns Hopkins Hospital,oncology,2021-03-18,1,7.0,75.0,8.0,990.0,0.0
HOSP-6333,The Johns Hopkins Hospital,infectious disease or internal medicine,2021-02-25,1,26.0,45.0,27.0,1100.0,1.0
HOSP-6333,The Johns Hopkins Hospital,neurology,2022-09-23,1,80.0,90.0,16.0,540.0,1.0
HOSP-6336,The Johns Hopkins Hospital,hepatology,2022-10-29,1,92.0,75.0,24.0,360.0,0.0
HOSP-6336,The Johns Hopkins Hospital,infectious disease or internal medicine,,1,75.0,15.0,17.0,720.0,1.0
HOSP-6336,The Johns Hopkins Hospital,oncology,2023-08-22,1,95.0,75.0,12.0,1410.0,1.0
HOSP-6338,The Johns Hopkins Hospital,cardiology,2021-06-26,1,55.0,15.0,4.0,120.0,0.0
HOSP-6339,The Johns Hopkins Hospital,gastroenterology,,1,17.0,15.0,15.0,690.0,1.0
HOSP-6341,The Johns Hopkins Hospital,hepatology,,1,65.0,105.0,4.0,650.0,0.0
HOSP-6341,The Johns Hopkins Hospital,pulmonology,,1,52.0,90.0,4.0,870.0,1.0
HOSP-6341,The Johns Hopkins Hospital,rheumatology,2020-12-19,1,79.0,105.0,20.0,830.0,0.0
HOSP-6342,The Johns Hopkins Hospital,hepatology or gastroenterology,2023-08-29,1,6.0,15.0,17.0,260.0,0.0
HOSP-6342,The Johns Hopkins Hospital,urology or nephrology,,1,2.0,75.0,5.0,440.0,0.0
HOSP-6345,The Johns Hopkins Hospital,allergy and immunology,2022-02-13,1,36.0,105.0,9.0,700.0,1.0
HOSP-6345,The Johns Hopkins Hospital,cardiology or internal medicine,2021-03-21,1,85.0,30.0,30.0,1310.0,0.0
HOSP-6345,The Johns Hopkins Hospital,endocrinology,2022-09-25,1,9.0,75.0,4.0,440.0,1.0
HOSP-6345,The Johns Hopkins Hospital,infectious disease or internal medicine,,1,17.0,75.0,13.0,860.0,1.0
HOSP-6346,The Johns Hopkins Hospital,rheumatology,2020-08-23,1,7.0,75.0,27.0,150.0,1.0
HOSP-6348,The Johns Hopkins Hospital,rheumatology,2023-04-21,1,54.0,60.0,19.0,740.0,1.0
HOSP-6348,The Johns Hopkins Hospital,urology or nephrology,2021-08-16,1,24.0,30.0,7.0,810.0,1.0
HOSP-6349,The Johns Hopkins Hospital,allergy and immunology,,1,80.0,105.0,3.0,990.0,0.0
HOSP-6349,The Johns Hopkins Hospital,infectious disease or internal medicine,,1,25.0,15.0,5.0,820.0,0.0
HOSP-6350,The Johns Hopkins Hospital,allergy and immunology,2021-11-19,1,68.0,105.0,13.0,1490.0,0.0
HOSP-6354,The Johns Hopkins Hospital,gastroenterology,2022-12-21,1,52.0,30.0,13.0,390.0,1.0
HOSP-6354,The Johns Hopkins Hospital,nephrology,,1,48.0,15.0,6.0,480.0,1.0
HOSP-6355,The Johns Hopkins Hospital,neurology,2024-05-29,1,73.0,90.0,9.0,1200.0,1.0
HOSP-6355,The Johns Hopkins Hospital,rheumatology,,1,30.0,90.0,11.0,1320.0,0.0
HOSP-6356,The Johns Hopkins Hospital,hepatology,2021-06-24,1,80.0,90.0,3.0,610.0,0.0
HOSP-6356,The Johns Hopkins Hospital,pulmonology,,1,68.0,30.0,15.0,540.0,1.0
HOSP-6356,The Johns Hopkins Hospital,rheumatology,2023-09-22,1,90.0,60.0,23.0,790.0,1.0
HOSP-6356,The Johns Hopkins Hospital,urology or nephrology,2021-08-15,1,21.0,15.0,16.0,920.0,0.0
HOSP-6359,The Johns Hopkins Hospital,dermatology,2024-06-18,1,75.0,75.0,28.0,200.0,0.0
HOSP-6361,The Johns Hopkins Hospital,rheumatology,,1,84.0,15.0,30.0,1480.0,0.0
HOSP-6363,The Johns Hopkins Hospital,infectious disease or internal medicine,2024-03-30,1,21.0,30.0,9.0,230.0,1.0
HOSP-6363,The Johns Hopkins Hospital,psychiatry,,1,93.0,45.0,16.0,1000.0,0.0
HOSP-6363,The Johns Hopkins Hospital,rheumatology,,1,2.0,105.0,3.0,180.0,0.0
HOSP-6364,The Johns Hopkins Hospital,dermatology,,1,47.0,120.0,5.0,1050.0,0.0
HOSP-6364,The Johns Hopkins Hospital,infectious disease or internal medicine,2022-09-23,1,30.0,105.0,4.0,400.0,0.0
HOSP-6364,The Johns Hopkins Hospital,neurology,2020-08-14,1,24.0,105.0,25.0,230.0,0.0
HOSP-6365,The Johns Hopkins Hospital,gastroenterology,2022-02-26,1,86.0,15.0,9.0,940.0,0.0
HOSP-6365,The Johns Hopkins Hospital,infectious disease or internal medicine,,1,66.0,60.0,29.0,220.0,1.0
HOSP-6368,The Johns Hopkins Hospital,pulmonology,,1,74.0,15.0,14.0,640.0,0.0
HOSP-6369,The Johns Hopkins Hospital,endocrinology,2024-03-22,1,25.0,90.0,1.0,1420.0,0.0
HOSP-6369,The Johns Hopkins Hospital,neurology,2021-08-25,1,10.0,75.0,5.0,600.0,0.0
HOSP-6369,The Johns Hopkins Hospital,pulmonology or allergy and immunology,,1,84.0,30.0,14.0,110.0,1.0
HOSP-6369,The Johns Hopkins Hospital,rheumatology,2021-08-31,1,52.0,120.0,15.0,890.0,1.0
HOSP-6370,The Johns Hopkins Hospital,gastroenterology,2020-12-24,1,68.0,120.0,28.0,1050.0,1.0
HOSP-6370,The Johns Hopkins Hospital,nephrology,2020-07-29,1,48.0,105.0,8.0,720.0,0.0
HOSP-6371,The Johns Hopkins Hospital,psychiatry,2023-12-17,1,57.0,105.0,7.0,780.0,0.0
HOSP-6372,The Johns Hopkins Hospital,nephrology,,1,90.0,60.0,14.0,1290.0,0.0
HOSP-6373,The Johns Hopkins Hospital,psychiatry,,1,39.0,120.0,16.0,850.0,1.0
HOSP-6374,The Johns Hopkins Hospital,cardiology,2020-11-29,1,20.0,15.0,17.0,690.0,1.0
HOSP-6374,The Johns Hopkins Hospital,hepatology or gastroenterology,,1,33.0,90.0,30.0,1260.0,0.0
HOSP-6374,The Johns Hopkins Hospital,neurology,2021-06-16,1,40.0,90.0,20.0,800.0,1.0
HOSP-6374,The Johns Hopkins Hospital,neurology,2022-01-24,1,41.0,60.0,8.0,190.0,0.0
HOSP-6374,The Johns Hopkins Hospital,rheumatology,2020-08-17,1,75.0,75.0,6.0,1320.0,0.0
HOSP-6375,The Johns Hopkins Hospital,nephrology,,1,93.0,30.0,20.0,140.0,1.0
HOSP-6379,The Johns Hopkins Hospital,gastroenterology,2021-05-26,1,88.0,45.0,19.0,460.0,0.0
HOSP-6379,The Johns Hopkins Hospital,pulmonology,,1,38.0,120.0,12.0,400.0,0.0
HOSP-6379,The Johns Hopkins Hospital,rheumatology,2024-02-27,1,66.0,60.0,27.0,370.0,1.0
HOSP-6380,The Johns Hopkins Hospital,allergy and immunology,,1,69.0,75.0,14.0,1560.0,1.0
HOSP-6380,The Johns Hopkins Hospital,dermatology,2023-06-19,1,88.0,60.0,4.0,1130.0,1.0
HOSP-6380,The Johns Hopkins Hospital,infectious disease,,1,30.0,15.0,30.0,1460.0,1.0
HOSP-6380,The Johns Hopkins Hospital,neurology,,1,12.0,75.0,12.0,100.0,0.0
HOSP-6380,The Johns Hopkins Hospital,rheumatology,2023-08-14,1,29.0,105.0,1.0,400.0,0.0
HOSP-6381,The Johns Hopkins Hospital,hepatology,,1,47.0,75.0,9.0,1070.0,0.0
HOSP-6382,The Johns Hopkins Hospital,cardiology,,1,17.0,60.0,6.0,500.0,1.0
HOSP-6382,The Johns Hopkins Hospital,dermatology,2021-06-15,1,32.0,75.0,30.0,680.0,0.0
HOSP-6383,The Johns Hopkins Hospital,infectious disease or internal medicine,2023-10-25,1,86.0,90.0,11.0,720.0,0.0
HOSP-6384,The Johns Hopkins Hospital,dermatology,,1,6.0,30.0,2.0,710.0,1.0
HOSP-6384,The Johns Hopkins Hospital,oncology,2024-01-25,1,9.0,90.0,17.0,280.0,1.0
HOSP-6384,The Johns Hopkins Hospital,pulmonology or allergy and immunology,,1,33.0,60.0,25.0,1290.0,1.0
HOSP-6385,The Johns Hopkins Hospital,rheumatology,2024-05-17,1,3.0,15.0,1.0,1420.0,1.0
HOSP-6385,The Johns Hopkins Hospital,urology or nephrology,2022-03-16,1,81.0,75.0,3.0,1060.0,0.0
HOSP-6387,The Johns Hopkins Hospital,gastroenterology,,1,41.0,90.0,8.0,740.0,0.0
HOSP-6391,The Johns Hopkins Hospital,neurology,2021-06-16,1,92.0,75.0,20.0,1170.0,1.0
HOSP-6392,The Johns Hopkins Hospital,cardiology or internal medicine,2023-01-26,1,17.0,90.0,6.0,990.0,0.0
HOSP-6396,The Johns Hopkins Hospital,gastroenterology,2020-09-18,1,2.0,45.0,30.0,840.0,0.0
HOSP-6396,The Johns Hopkins Hospital,gastroenterology,2022-03-28,1,60.0,15.0,13.0,1590.0,0.0
HOSP-6396,The Johns Hopkins Hospital,hepatology or gastroenterology,2023-12-14,1,43.0,30.0,30.0,410.0,0.0
HOSP-6401,The Johns Hopkins Hospital,hepatology,2022-01-24,1,23.0,45.0,22.0,550.0,0.0
HOSP-6401,The Johns Hopkins Hospital,hepatology,,1,54.0,15.0,12.0,1280.0,1.0
HOSP-6402,The Johns Hopkins Hospital,rheumatology,2021-01-21,1,56.0,30.0,21.0,1450.0,0.0
HOSP-6404,The Johns Hopkins Hospital,infectious disease or internal medicine,2023-12-28,1,45.0,45.0,18.0,1420.0,1.0
HOSP-6404,The Johns Hopkins Hospital,pulmonology or allergy and immunology,2023-11-28,1,52.0,120.0,2.0,270.0,0.0
HOSP-6405,The Johns Hopkins Hospital,dermatology,,1,47.0,105.0,5.0,1600.0,0.0
HOSP-6405,The Johns Hopkins Hospital,oncology,,1,15.0,60.0,12.0,900.0,0.0
HOSP-6406,The Johns Hopkins Hospital,psychiatry,,1,38.0,105.0,11.0,1510.0,1.0
HOSP-6407,The Johns Hopkins Hospital,gastroenterology,,1,36.0,15.0,2.0,540.0,0.0
HOSP-6408,The Johns Hopkins Hospital,hepatology or gastroenterology,,1,87.0,90.0,12.0,1210.0,0.0
HOSP-6408,The Johns Hopkins Hospital,urology or nephrology,2024-05-17,1,44.0,90.0,6.0,1560.0,0.0
HOSP-6409,The Johns Hopkins Hospital,cardiology,,1,90.0,105.0,24.0,1480.0,0.0
HOSP-6409,The Johns Hopkins Hospital,urology or nephrology,2021-01-26,1,16.0,30.0,12.0,1290.0,1.0
HOSP-6410,The Johns Hopkins Hospital,allergy and immunology,2023-08-19,1,14.0,75.0,11.0,600.0,0.0
HOSP-6411,The Johns Hopkins Hospital,oncology,2024-06-22,1,12.0,30.0,21.0,1150.0,0.0
HOSP-6411,The Johns Hopkins Hospital,pulmonology or allergy and immunology,2021-06-29,1,19.0,105.0,22.0,350.0,1.0
HOSP-6413,The Johns Hopkins Hospital,neurology,2024-02-29,1,59.0,75.0,15.0,550.0,1.0
HOSP-6415,The Johns Hopkins Hospital,urology or nephrology,,1,81.0,105.0,10.0,240.0,1.0
HOSP-6416,The Johns Hopkins Hospital,psychiatry,,1,58.0,60.0,27.0,1510.0,0.0
HOSP-6417,The Johns Hopkins Hospital,hepatology,2023-02-15,1,47.0,45.0,4.0,1010.0,0.0
HOSP-6417,The Johns Hopkins Hospital,hepatology or gastroenterology,,1,75.0,75.0,24.0,1530.0,1.0
HOSP-6418,The Johns Hopkins Hospital,cardiology,2024-01-14,1,69.0,105.0,26.0,830.0,1.0
HOSP-6419,The Johns Hopkins Hospital,dermatology,,1,20.0,15.0,9.0,1470.0,0.0
HOSP-6419,The Johns Hopkins Hospital,neurology,,1,29.0,120.0,10.0,1390.0,1.0
HOSP-6420,The Johns Hopkins Hospital,allergy and immunology,2021-07-28,1,74.0,45.0,2.0,440.0,1.0
HOSP-6420,The Johns Hopkins Hospital,pulmonology,,1,2.0,30.0,21.0,1400.0,0.0
HOSP-6422,The Johns Hopkins Hospital,hepatology,2021-11-25,1,58.0,105.0,28.0,1210.0,0.0
HOSP-6423,The Johns Hopkins Hospital,infectious disease or internal medicine,2024-05-19,1,67.0,30.0,11.0,1130.0,0.0
HOSP-6423,The Johns Hopkins Hospital,pulmonology or allergy and immunology,2022-04-30,1,8.0,90.0,1.0,910.0,0.0
HOSP-6424,The Johns Hopkins Hospital,pulmonology or infectious disease,2020-12-20,1,13.0,45.0,29.0,980.0,1.0
HOSP-6425,The Johns Hopkins Hospital,urology or nephrology,,1,24.0,45.0,14.0,1600.0,1.0
HOSP-6426,The Johns Hopkins Hospital,gastroenterology,2022-06-19,1,79.0,105.0,22.0,570.0,0.0
HOSP-6427,The Johns Hopkins Hospital,gastroenterology,2024-04-26,1,38.0,75.0,5.0,1270.0,0.0
HOSP-6428,The Johns Hopkins Hospital,gastroenterology,,1,89.0,105.0,22.0,770.0,0.0
HOSP-6429,The Johns Hopkins Hospital,urology or nephrology,2022-02-19,1,7.0,120.0,1.0,560.0,1.0
HOSP-6430,The Johns Hopkins Hospital,psychiatry,,1,59.0,30.0,23.0,990.0,0.0
HOSP-6434,The Johns Hopkins Hospital,neurology,2023-10-19,1,48.0,75.0,5.0,1590.0,1.0
HOSP-6434,The Johns Hopkins Hospital,rheumatology,2021-11-27,1,13.0,120.0,16.0,1060.0,1.0
HOSP-6435,The Johns Hopkins Hospital,gastroenterology,2020-07-24,1,17.0,30.0,30.0,1090.0,0.0
HOSP-6436,The Johns Hopkins Hospital,dermatology,2023-02-19,1,86.0,15.0,25.0,620.0,0.0
HOSP-6436,The Johns Hopkins Hospital,hepatology or gastroenterology,2022-12-17,1,70.0,120.0,14.0,750.0,0.0
HOSP-6437,The Johns Hopkins Hospital,cardiology,,1,78.0,105.0,20.0,1320.0,0.0
HOSP-6437,The Johns Hopkins Hospital,neurology,2023-11-30,1,29.0,120.0,2.0,490.0,1.0
HOSP-6439,The Johns Hopkins Hospital,gastroenterology,,1,19.0,75.0,24.0,650.0,0.0
HOSP-6440,The Johns Hopkins Hospital,gastroenterology,2023-07-20,1,81.0,45.0,25.0,220.0,0.0
HOSP-6440,The Johns Hopkins Hospital,gastroenterology,2024-05-22,1,79.0,120.0,29.0,1560.0,1.0
HOSP-6440,The Johns Hopkins Hospital,infectious disease,,1,84.0,90.0,8.0,760.0,0.0
HOSP-6441,The Johns Hopkins Hospital,gastroenterology,,1,53.0,45.0,7.0,260.0,0.0
HOSP-6441,The Johns Hopkins Hospital,infectious disease or internal medicine,,1,94.0,45.0,7.0,1260.0,1.0
HOSP-6442,The Johns Hopkins Hospital,allergy and immunology,,1,7.0,45.0,26.0,1030.0,0.0
HOSP-6442,The Johns Hopkins Hospital,nephrology,2024-06-30,1,20.0,120.0,26.0,420.0,0.0
HOSP-6444,The Johns Hopkins Hospital,neurology,,1,11.0,90.0,28.0,800.0,1.0
HOSP-6444,The Johns Hopkins Hospital,psychiatry,2021-08-19,1,59.0,60.0,3.0,850.0,0.0
HOSP-6445,The Johns Hopkins Hospital,nephrology,2023-03-25,1,50.0,75.0,18.0,220.0,1.0
HOSP-6446,The Johns Hopkins Hospital,allergy and immunology,2023-04-22,1,13.0,30.0,19.0,830.0,1.0
HOSP-6447,The Johns Hopkins Hospital,urology or nephrology,,1,58.0,90.0,10.0,1310.0,0.0
HOSP-6448,The Johns Hopkins Hospital,infectious disease or internal medicine,,1,84.0,105.0,5.0,1460.0,0.0
HOSP-6449,The Johns Hopkins Hospital,dermatology,2020-10-20,1,38.0,105.0,15.0,1250.0,0.0
HOSP-6450,The Johns Hopkins Hospital,hepatology or gastroenterology,,1,18.0,120.0,4.0,450.0,0.0
HOSP-6451,The Johns Hopkins Hospital,infectious disease,2022-12-23,1,15.0,120.0,5.0,890.0,1.0
HOSP-6452,The Johns Hopkins Hospital,gastroenterology,2021-01-24,1,79.0,30.0,15.0,700.0,0.0
HOSP-6452,The Johns Hopkins Hospital,oncology,,1,69.0,60.0,19.0,1490.0,0.0
HOSP-6454,The Johns Hopkins Hospital,infectious disease or internal medicine,2021-09-20,1,72.0,75.0,14.0,510.0,1.0
HOSP-6454,The Johns Hopkins Hospital,oncology,,1,11.0,45.0,13.0,700.0,0.0
HOSP-6456,The Johns Hopkins Hospital,oncology,2021-07-16,1,40.0,30.0,4.0,660.0,1.0
HOSP-6457,The Johns Hopkins Hospital,infectious disease,2023-05-19,1,80.0,75.0,16.0,400.0,1.0
HOSP-6459,The Johns Hopkins Hospital,infectious disease or internal medicine,2024-03-29,1,83.0,60.0,21.0,870.0,1.0
HOSP-6462,The Johns Hopkins Hospital,infectious disease or internal medicine,,1,8.0,75.0,6.0,670.0,0.0
HOSP-6462,The Johns Hopkins Hospital,neurology,2020-10-20,1,10.0,45.0,3.0,660.0,0.0
HOSP-6462,The Johns Hopkins Hospital,pulmonology,2021-06-16,1,18.0,75.0,10.0,100.0,0.0
HOSP-6464,The Johns Hopkins Hospital,dermatology,2022-07-15,1,21.0,30.0,22.0,360.0,1.0
HOSP-6464,The Johns Hopkins Hospital,infectious disease,2021-03-24,1,58.0,30.0,17.0,540.0,1.0
HOSP-6465,The Johns Hopkins Hospital,infectious disease,2022-03-26,1,31.0,75.0,9.0,200.0,0.0
HOSP-6465,The Johns Hopkins Hospital,infectious disease,,1,33.0,90.0,28.0,580.0,1.0
HOSP-6467,The Johns Hopkins Hospital,endocrinology,2020-09-25,1,2.0,15.0,2.0,260.0,0.0
HOSP-6468,The Johns Hopkins Hospital,infectious disease or internal medicine,,1,3.0,120.0,6.0,760.0,0.0
HOSP-6468,The Johns Hopkins Hospital,neurology,,1,64.0,105.0,17.0,180.0,0.0
HOSP-6468,The Johns Hopkins Hospital,pulmonology or infectious disease,2021-05-17,1,33.0,15.0,12.0,290.0,0.0
HOSP-6469,The Johns Hopkins Hospital,cardiology,2022-07-23,1,24.0,15.0,25.0,1350.0,1.0
HOSP-6470,The Johns Hopkins Hospital,infectious disease or internal medicine,,1,93.0,90.0,3.0,710.0,0.0
HOSP-6471,The Johns Hopkins Hospital,infectious disease or internal medicine,2020-12-16,1,85.0,120.0,29.0,130.0,1.0
HOSP-6473,The Johns Hopkins Hospital,neurology,2023-09-20,1,3.0,105.0,23.0,1440.0,0.0
HOSP-6473,The Johns Hopkins Hospital,urology or nephrology,2021-11-15,1,39.0,105.0,28.0,570.0,0.0
HOSP-6475,The Johns Hopkins Hospital,psychiatry,2023-06-14,1,71.0,120.0,15.0,1170.0,0.0
HOSP-6477,The Johns Hopkins Hospital,hepatology or gastroenterology,,1,19.0,105.0,2.0,1490.0,0.0
HOSP-6477,The Johns Hopkins Hospital,infectious disease or internal medicine,2020-12-13,1,29.0,30.0,27.0,660.0,1.0
HOSP-6478,The Johns Hopkins Hospital,psychiatry,2021-01-26,1,22.0,120.0,17.0,120.0,0.0
HOSP-6479,The Johns Hopkins Hospital,pulmonology or infectious disease,2021-03-21,1,70.0,120.0,13.0,1150.0,0.0
HOSP-6480,The Johns Hopkins Hospital,pulmonology,2024-01-27,1,65.0,120.0,11.0,590.0,1.0
HOSP-6481,The Johns Hopkins Hospital,neurology,2023-05-20,1,93.0,45.0,9.0,1510.0,0.0
HOSP-6482,The Johns Hopkins Hospital,infectious disease,2023-01-27,1,7.0,105.0,20.0,320.0,1.0
HOSP-6484,The Johns Hopkins Hospital,cardiology or internal medicine,,1,74.0,105.0,2.0,710.0,0.0
HOSP-6484,The Johns Hopkins Hospital,oncology,,1,95.0,30.0,12.0,1200.0,0.0
HOSP-6485,The Johns Hopkins Hospital,psychiatry,2024-03-27,1,27.0,120.0,18.0,680.0,0.0
HOSP-6487,The Johns Hopkins Hospital,pulmonology or infectious disease,2023-02-19,1,15.0,30.0,29.0,1430.0,0.0
HOSP-6488,The Johns Hopkins Hospital,gastroenterology,,1,80.0,45.0,10.0,830.0,0.0
HOSP-6489,The Johns Hopkins Hospital,infectious disease or internal medicine,2021-09-18,1,22.0,105.0,23.0,1600.0,0.0
HOSP-6493,The Johns Hopkins Hospital,neurology,2020-08-18,1,4.0,60.0,17.0,1080.0,1.0
HOSP-6493,The Johns Hopkins Hospital,oncology,,1,13.0,30.0,15.0,720.0,1.0
HOSP-6495,The Johns Hopkins Hospital,gastroenterology,,1,33.0,105.0,2.0,1490.0,0.0
HOSP-6495,The Johns Hopkins Hospital,rheumatology,2024-02-24,1,20.0,60.0,8.0,550.0,0.0
HOSP-6497,The Johns Hopkins Hospital,psychiatry,2023-03-24,1,54.0,90.0,11.0,270.0,0.0
HOSP-6497,The Johns Hopkins Hospital,urology or nephrology,2021-07-18,1,3.0,90.0,10.0,300.0,1.0
HOSP-6498,The Johns Hopkins Hospital,gastroenterology,,1,3.0,105.0,11.0,1330.0,1.0
HOSP-6498,The Johns Hopkins Hospital,infectious disease or internal medicine,2020-10-20,1,86.0,120.0,28.0,130.0,1.0
HOSP-6498,The Johns Hopkins Hospital,neurology,2021-03-28,1,94.0,30.0,29.0,520.0,1.0
HOSP-6498,The Johns Hopkins Hospital,neurology,,1,51.0,105.0,22.0,300.0,0.0
HOSP-6500,The Johns Hopkins Hospital,oncology,,1,54.0,30.0,15.0,760.0,0.0
HOSP-6501,The Johns Hopkins Hospital,infectious disease or internal medicine,,1,1.0,120.0,12.0,1530.0,0.0
HOSP-6501,The Johns Hopkins Hospital,neurology,2021-05-16,1,9.0,90.0,29.0,580.0,1.0
HOSP-6502,The Johns Hopkins Hospital,hepatology,,1,68.0,45.0,14.0,1550.0,1.0
HOSP-6503,The Johns Hopkins Hospital,pulmonology,2022-07-25,1,72.0,105.0,5.0,630.0,0.0
HOSP-6505,The Johns Hopkins Hospital,hepatology or gastroenterology,2023-10-23,1,94.0,120.0,27.0,1490.0,1.0
HOSP-6507,The Johns Hopkins Hospital,urology or nephrology,2022-06-27,1,7.0,75.0,14.0,170.0,0.0
HOSP-6508,The Johns Hopkins Hospital,allergy and immunology,,1,87.0,60.0,9.0,150.0,0.0
HOSP-6508,The Johns Hopkins Hospital,gastroenterology,2023-12-22,1,46.0,15.0,19.0,1200.0,1.0
HOSP-6508,The Johns Hopkins Hospital,psychiatry,,1,38.0,90.0,28.0,1410.0,0.0
HOSP-6512,The Johns Hopkins Hospital,endocrinology,,1,72.0,30.0,6.0,200.0,0.0
HOSP-6513,The Johns Hopkins Hospital,neurology,,1,30.0,105.0,16.0,360.0,0.0
HOSP-6514,The Johns Hopkins Hospital,endocrinology,2022-10-25,1,76.0,45.0,25.0,970.0,0.0
HOSP-6515,The Johns Hopkins Hospital,rheumatology,2021-04-28,1,94.0,15.0,20.0,1410.0,0.0
HOSP-6517,The Johns Hopkins Hospital,gastroenterology,,1,17.0,75.0,25.0,580.0,0.0
HOSP-6517,The Johns Hopkins Hospital,infectious disease or internal medicine,,1,80.0,45.0,12.0,160.0,0.0
HOSP-6520,The Johns Hopkins Hospital,cardiology,2021-08-19,1,26.0,15.0,18.0,510.0,0.0
HOSP-6521,The Johns Hopkins Hospital,nephrology,2020-09-17,1,66.0,60.0,5.0,260.0,0.0
HOSP-6522,The Johns Hopkins Hospital,infectious disease,2021-08-27,1,56.0,105.0,9.0,310.0,0.0
HOSP-6522,The Johns Hopkins Hospital,pulmonology or infectious disease,2021-06-21,1,30.0,75.0,29.0,1470.0,0.0
HOSP-6524,The Johns Hopkins Hospital,neurology,2021-02-13,1,15.0,15.0,26.0,730.0,0.0
HOSP-6524,The Johns Hopkins Hospital,pulmonology or allergy and immunology,2022-06-20,1,14.0,15.0,7.0,1360.0,0.0
HOSP-6525,The Johns Hopkins Hospital,gastroenterology,2023-05-31,1,55.0,90.0,1.0,370.0,0.0
HOSP-6525,The Johns Hopkins Hospital,pulmonology,2022-03-24,1,14.0,90.0,4.0,260.0,1.0
HOSP-6526,The Johns Hopkins Hospital,cardiology,2022-12-22,1,38.0,90.0,8.0,840.0,1.0
HOSP-6526,The Johns Hopkins Hospital,endocrinology,2021-05-28,1,29.0,75.0,24.0,1540.0,0.0
HOSP-6527,The Johns Hopkins Hospital,hepatology or gastroenterology,2021-05-17,1,59.0,45.0,18.0,1480.0,0.0
HOSP-6528,The Johns Hopkins Hospital,gastroenterology,2021-08-26,1,48.0,120.0,22.0,340.0,1.0
HOSP-6528,The Johns Hopkins Hospital,pulmonology or infectious disease,2021-05-22,1,57.0,45.0,2.0,220.0,1.0
HOSP-6528,The Johns Hopkins Hospital,rheumatology,2023-08-27,1,0.0,75.0,24.0,1600.0,1.0
HOSP-6528,The Johns Hopkins Hospital,urology or nephrology,2022-02-27,1,70.0,60.0,18.0,680.0,0.0
HOSP-6529,The Johns Hopkins Hospital,cardiology or internal medicine,2024-07-15,1,76.0,30.0,19.0,860.0,0.0
HOSP-6530,The Johns Hopkins Hospital,gastroenterology,2021-10-21,1,55.0,60.0,20.0,570.0,1.0
HOSP-6530,The Johns Hopkins Hospital,oncology,2024-02-27,1,23.0,30.0,29.0,1340.0,0.0
HOSP-6531,The Johns Hopkins Hospital,hepatology,2022-11-28,1,13.0,45.0,8.0,1090.0,1.0
HOSP-6532,The Johns Hopkins Hospital,cardiology,2021-09-22,1,71.0,45.0,30.0,580.0,1.0
HOSP-6532,The Johns Hopkins Hospital,gastroenterology,,1,59.0,90.0,30.0,1440.0,0.0
HOSP-6532,The Johns Hopkins Hospital,neurology,2024-06-24,1,29.0,105.0,11.0,500.0,1.0
HOSP-6533,The Johns Hopkins Hospital,neurology,2022-10-16,1,47.0,75.0,2.0,460.0,0.0
HOSP-6533,The Johns Hopkins Hospital,urology or nephrology,2023-04-24,1,26.0,120.0,14.0,790.0,1.0
HOSP-6534,The Johns Hopkins Hospital,hepatology or gastroenterology,,1,33.0,120.0,2.0,230.0,0.0
HOSP-6535,The Johns Hopkins Hospital,endocrinology,,1,40.0,105.0,30.0,650.0,1.0
HOSP-6537,The Johns Hopkins Hospital,endocrinology,2021-10-17,1,32.0,120.0,22.0,280.0,0.0
HOSP-6537,The Johns Hopkins Hospital,neurology,2023-03-26,1,52.0,90.0,12.0,1520.0,0.0
HOSP-6537,The Johns Hopkins Hospital,oncology,,1,44.0,60.0,21.0,940.0,1.0
HOSP-6538,The Johns Hopkins Hospital,infectious disease,2021-04-25,1,50.0,30.0,24.0,1300.0,0.0
HOSP-6540,The Johns Hopkins Hospital,pulmonology or infectious disease,,1,55.0,120.0,12.0,1540.0,0.0
HOSP-6541,The Johns Hopkins Hospital,nephrology,2020-09-17,1,15.0,45.0,18.0,490.0,1.0
HOSP-6544,The Johns Hopkins Hospital,infectious disease or internal medicine,2024-01-14,1,47.0,105.0,11.0,1050.0,1.0
HOSP-6544,The Johns Hopkins Hospital,neurology,,1,75.0,45.0,6.0,830.0,1.0
HOSP-6544,The Johns Hopkins Hospital,rheumatology,,1,22.0,15.0,14.0,180.0,0.0
HOSP-6546,The Johns Hopkins Hospital,pulmonology or infectious disease,,1,74.0,90.0,12.0,590.0,1.0
HOSP-6547,The Johns Hopkins Hospital,dermatology,2021-09-18,1,76.0,30.0,6.0,900.0,1.0
HOSP-6547,The Johns Hopkins Hospital,neurology,2022-11-14,1,40.0,45.0,2.0,1580.0,0.0
HOSP-6548,The Johns Hopkins Hospital,neurology,2021-08-28,1,35.0,75.0,5.0,1220.0,1.0
HOSP-6549,The Johns Hopkins Hospital,rheumatology,2021-01-30,1,87.0,15.0,17.0,1160.0,1.0
HOSP-6551,The Johns Hopkins Hospital,gastroenterology,,1,57.0,75.0,5.0,740.0,1.0
HOSP-6551,The Johns Hopkins Hospital,infectious disease or internal medicine,2021-07-18,1,46.0,75.0,2.0,1130.0,0.0
HOSP-6553,The Johns Hopkins Hospital,gastroenterology,2023-10-31,1,80.0,105.0,11.0,140.0,0.0
HOSP-6555,The Johns Hopkins Hospital,neurology,,1,73.0,90.0,13.0,340.0,0.0
HOSP-6558,The Johns Hopkins Hospital,dermatology,2020-10-17,1,5.0,90.0,6.0,500.0,1.0
HOSP-6559,The Johns Hopkins Hospital,gastroenterology,,1,83.0,60.0,9.0,970.0,0.0
HOSP-6559,The Johns Hopkins Hospital,rheumatology,2022-03-26,1,36.0,90.0,23.0,1510.0,1.0
HOSP-6562,The Johns Hopkins Hospital,infectious disease,2021-01-27,1,83.0,75.0,10.0,790.0,0.0
HOSP-6563,The Johns Hopkins Hospital,cardiology,2020-12-31,1,61.0,30.0,9.0,1470.0,0.0
HOSP-6564,The Johns Hopkins Hospital,rheumatology,,1,29.0,105.0,22.0,940.0,1.0
HOSP-6565,The Johns Hopkins Hospital,infectious disease or internal medicine,,1,81.0,30.0,5.0,830.0,1.0
HOSP-6567,The Johns Hopkins Hospital,oncology,2023-10-15,1,25.0,90.0,22.0,540.0,0.0
HOSP-6567,The Johns Hopkins Hospital,oncology,,1,90.0,120.0,15.0,1350.0,0.0
HOSP-6568,The Johns Hopkins Hospital,infectious disease or internal medicine,2022-12-30,1,73.0,120.0,28.0,890.0,0.0
HOSP-6569,The Johns Hopkins Hospital,gastroenterology,,1,40.0,30.0,4.0,110.0,0.0
HOSP-6569,The Johns Hopkins Hospital,nephrology,,1,7.0,60.0,2.0,1340.0,1.0
HOSP-6570,The Johns Hopkins Hospital,gastroenterology,2021-02-27,1,85.0,90.0,6.0,960.0,1.0
HOSP-6573,The Johns Hopkins Hospital,oncology,,1,39.0,45.0,15.0,1500.0,1.0
HOSP-6574,The Johns Hopkins Hospital,dermatology,,1,49.0,75.0,22.0,1500.0,0.0
HOSP-6576,The Johns Hopkins Hospital,infectious disease,2021-04-16,1,92.0,30.0,8.0,320.0,0.0
HOSP-6578,The Johns Hopkins Hospital,rheumatology,,1,54.0,60.0,5.0,790.0,0.0
HOSP-6578,The Johns Hopkins Hospital,urology or nephrology,2022-02-18,1,61.0,15.0,11.0,260.0,0.0
HOSP-6579,The Johns Hopkins Hospital,pulmonology or infectious disease,,1,6.0,90.0,24.0,990.0,0.0
HOSP-6580,The Johns Hopkins Hospital,neurology,,1,88.0,15.0,2.0,1480.0,0.0
HOSP-6581,The Johns Hopkins Hospital,hepatology or gastroenterology,,1,2.0,15.0,18.0,1550.0,0.0
HOSP-6584,The Johns Hopkins Hospital,endocrinology,2021-08-24,1,44.0,75.0,25.0,380.0,0.0
HOSP-6585,The Johns Hopkins Hospital,neurology,2021-08-22,1,67.0,15.0,5.0,450.0,1.0
HOSP-6585,The Johns Hopkins Hospital,neurology,,1,9.0,105.0,18.0,1240.0,0.0
HOSP-6585,The Johns Hopkins Hospital,rheumatology,2023-01-24,1,0.0,105.0,6.0,590.0,1.0
HOSP-6586,The Johns Hopkins Hospital,rheumatology,2023-10-30,1,7.0,90.0,7.0,590.0,1.0
HOSP-6587,The Johns Hopkins Hospital,psychiatry,,1,67.0,45.0,21.0,910.0,1.0
HOSP-6587,The Johns Hopkins Hospital,pulmonology,2021-12-22,1,71.0,75.0,19.0,1540.0,0.0
HOSP-6588,The Johns Hopkins Hospital,rheumatology,2021-03-15,1,7.0,120.0,7.0,780.0,0.0
HOSP-6591,The Johns Hopkins Hospital,oncology,,1,93.0,30.0,30.0,1510.0,0.0
HOSP-6591,The Johns Hopkins Hospital,pulmonology or infectious disease,,1,75.0,75.0,5.0,1470.0,0.0
HOSP-6594,The Johns Hopkins Hospital,dermatology,,1,70.0,30.0,28.0,1530.0,1.0
HOSP-6595,The Johns Hopkins Hospital,neurology,,1,78.0,45.0,13.0,330.0,0.0
HOSP-6598,The Johns Hopkins Hospital,gastroenterology,2022-08-23,1,24.0,60.0,24.0,690.0,1.0
HOSP-6599,The Johns Hopkins Hospital,cardiology,2020-12-24,1,28.0,105.0,8.0,470.0,1.0
HOSP-6599,The Johns Hopkins Hospital,cardiology or internal medicine,2024-04-15,1,77.0,15.0,12.0,560.0,1.0
HOSP-6599,The Johns Hopkins Hospital,psychiatry,2021-06-15,1,47.0,45.0,5.0,820.0,1.0
HOSP-6600,The Johns Hopkins Hospital,allergy and immunology,2020-08-26,1,77.0,75.0,12.0,710.0,0.0
HOSP-6600,The Johns Hopkins Hospital,hepatology or gastroenterology,2023-09-23,1,49.0,120.0,26.0,850.0,1.0
HOSP-6601,The Johns Hopkins Hospital,neurology,2022-12-22,1,35.0,15.0,1.0,990.0,1.0
HOSP-6601,The Johns Hopkins Hospital,pulmonology or allergy and immunology,2021-04-25,1,12.0,15.0,18.0,620.0,0.0
HOSP-6602,The Johns Hopkins Hospital,gastroenterology,2021-10-19,1,75.0,30.0,4.0,480.0,1.0
HOSP-6603,The Johns Hopkins Hospital,gastroenterology,2023-08-31,1,61.0,45.0,3.0,230.0,0.0
HOSP-6603,The Johns Hopkins Hospital,rheumatology,,1,73.0,105.0,28.0,360.0,0.0
HOSP-6604,The Johns Hopkins Hospital,pulmonology,,1,87.0,30.0,2.0,340.0,0.0
HOSP-6606,The Johns Hopkins Hospital,endocrinology,,1,28.0,60.0,29.0,1600.0,1.0
HOSP-6607,The Johns Hopkins Hospital,gastroenterology,,1,72.0,30.0,29.0,440.0,0.0
HOSP-6607,The Johns Hopkins Hospital,hepatology,2021-01-30,1,94.0,30.0,10.0,980.0,0.0
HOSP-6607,The Johns Hopkins Hospital,hepatology,,1,40.0,120.0,27.0,1170.0,1.0
HOSP-6607,The Johns Hopkins Hospital,rheumatology,2021-07-16,1,90.0,120.0,1.0,800.0,0.0
HOSP-6608,The Johns Hopkins Hospital,pulmonology,,1,64.0,105.0,27.0,1550.0,0.0
HOSP-6609,The Johns Hopkins Hospital,cardiology or internal medicine,2023-05-31,1,49.0,45.0,3.0,1410.0,1.0
HOSP-6609,The Johns Hopkins Hospital,psychiatry,2024-06-25,1,65.0,105.0,14.0,840.0,0.0
HOSP-6610,The Johns Hopkins Hospital,neurology,2021-08-23,1,46.0,60.0,27.0,240.0,0.0
HOSP-6610,The Johns Hopkins Hospital,pulmonology,,1,75.0,30.0,29.0,1340.0,1.0
HOSP-6611,The Johns Hopkins Hospital,neurology,2020-10-29,1,15.0,120.0,12.0,610.0,0.0
HOSP-6612,The Johns Hopkins Hospital,neurology,,1,26.0,45.0,15.0,1390.0,1.0
HOSP-6612,The Johns Hopkins Hospital,pulmonology,2022-12-26,1,91.0,45.0,26.0,170.0,0.0
HOSP-6613,The Johns Hopkins Hospital,neurology,2021-02-23,1,0.0,105.0,26.0,210.0,0.0
HOSP-6613,The Johns Hopkins Hospital,neurology,2023-04-29,1,80.0,105.0,25.0,1010.0,0.0
HOSP-6614,The Johns Hopkins Hospital,infectious disease,2022-08-22,1,73.0,15.0,18.0,930.0,1.0
HOSP-6614,The Johns Hopkins Hospital,neurology,,1,66.0,30.0,6.0,830.0,1.0
HOSP-6614,The Johns Hopkins Hospital,oncology,2021-09-27,1,82.0,45.0,11.0,830.0,0.0
HOSP-6616,The Johns Hopkins Hospital,hepatology,2023-09-16,1,31.0,90.0,4.0,1420.0,0.0
HOSP-6616,The Johns Hopkins Hospital,psychiatry,,1,90.0,120.0,20.0,1240.0,0.0
HOSP-6617,The Johns Hopkins Hospital,infectious disease or internal medicine,,1,91.0,90.0,22.0,640.0,0.0
HOSP-6617,The Johns Hopkins Hospital,neurology,2021-11-25,1,6.0,30.0,2.0,470.0,1.0
HOSP-6618,The Johns Hopkins Hospital,cardiology,2021-01-16,1,24.0,30.0,4.0,1250.0,0.0
HOSP-6619,The Johns Hopkins Hospital,pulmonology or infectious disease,,1,23.0,75.0,7.0,210.0,0.0
HOSP-6619,The Johns Hopkins Hospital,urology or nephrology,2023-03-17,1,40.0,15.0,4.0,1310.0,0.0
HOSP-6620,The Johns Hopkins Hospital,oncology,2023-10-27,1,92.0,120.0,9.0,330.0,0.0
HOSP-6622,The Johns Hopkins Hospital,neurology,2022-01-15,1,76.0,30.0,16.0,370.0,0.0
HOSP-6624,The Johns Hopkins Hospital,infectious disease,,1,75.0,60.0,4.0,1460.0,0.0
HOSP-6626,The Johns Hopkins Hospital,pulmonology,2021-05-25,1,63.0,75.0,10.0,1220.0,0.0
HOSP-6627,The Johns Hopkins Hospital,endocrinology,2020-08-22,1,70.0,120.0,25.0,450.0,1.0
HOSP-6628,The Johns Hopkins Hospital,cardiology or internal medicine,,1,33.0,75.0,7.0,930.0,0.0
HOSP-6628,The Johns Hopkins Hospital,gastroenterology,2020-09-19,1,2.0,45.0,14.0,1070.0,0.0
HOSP-6629,The Johns Hopkins Hospital,gastroenterology,2022-06-19,1,74.0,90.0,18.0,1540.0,0.0
HOSP-6629,The Johns Hopkins Hospital,neurology,2022-12-22,1,5.0,75.0,3.0,130.0,0.0
HOSP-6630,The Johns Hopkins Hospital,neurology,2021-12-22,1,42.0,60.0,17.0,240.0,0.0
HOSP-6630,The Johns Hopkins Hospital,psychiatry,2022-01-24,1,16.0,105.0,1.0,1450.0,1.0
HOSP-6630,The Johns Hopkins Hospital,pulmonology or infectious disease,2024-07-16,1,15.0,15.0,7.0,950.0,0.0
HOSP-6631,The Johns Hopkins Hospital,endocrinology,2023-01-30,1,28.0,30.0,3.0,240.0,0.0
HOSP-6631,The Johns Hopkins Hospital,hepatology,,1,60.0,45.0,16.0,1140.0,1.0
HOSP-6631,The Johns Hopkins Hospital,rheumatology,,1,22.0,45.0,18.0,1460.0,0.0
HOSP-6632,The Johns Hopkins Hospital,oncology,,1,17.0,15.0,9.0,1330.0,1.0
HOSP-6633,The Johns Hopkins Hospital,dermatology,2022-03-26,1,55.0,30.0,17.0,1360.0,0.0
HOSP-6635,The Johns Hopkins Hospital,gastroenterology,2023-10-17,1,49.0,120.0,23.0,100.0,0.0
HOSP-6635,The Johns Hopkins Hospital,rheumatology,2023-09-27,1,57.0,105.0,1.0,870.0,0.0
HOSP-6637,The Johns Hopkins Hospital,psychiatry,2023-07-19,1,3.0,105.0,16.0,170.0,0.0
HOSP-6638,The Johns Hopkins Hospital,neurology,2022-09-21,1,50.0,90.0,11.0,1510.0,1.0
HOSP-6639,The Johns Hopkins Hospital,rheumatology,,1,70.0,60.0,17.0,1250.0,0.0
HOSP-6640,The Johns Hopkins Hospital,cardiology,2023-03-17,1,7.0,45.0,1.0,970.0,0.0
HOSP-6641,The Johns Hopkins Hospital,neurology,,2,46.5,82.5,12.5,825.0,1.0
HOSP-6641,The Johns Hopkins Hospital,psychiatry,2021-07-14,1,15.0,15.0,11.0,1550.0,0.0
HOSP-6642,The Johns Hopkins Hospital,pulmonology or allergy and immunology,2024-05-15,1,63.0,90.0,15.0,620.0,1.0
HOSP-6646,The Johns Hopkins Hospital,gastroenterology,,1,46.0,60.0,25.0,830.0,0.0
HOSP-6646,The Johns Hopkins Hospital,psychiatry,2022-09-15,1,32.0,45.0,3.0,460.0,0.0
HOSP-6646,The Johns Hopkins Hospital,rheumatology,,1,11.0,90.0,3.0,580.0,0.0
HOSP-6647,The Johns Hopkins Hospital,rheumatology,,1,75.0,90.0,9.0,380.0,1.0
HOSP-6648,The Johns Hopkins Hospital,gastroenterology,2022-01-21,1,22.0,90.0,27.0,140.0,1.0
HOSP-6649,The Johns Hopkins Hospital,cardiology,,1,56.0,15.0,3.0,270.0,0.0
HOSP-6649,The Johns Hopkins Hospital,gastroenterology,2022-04-16,1,77.0,30.0,5.0,1360.0,0.0
HOSP-6649,The Johns Hopkins Hospital,gastroenterology,,1,1.0,60.0,23.0,540.0,0.0
HOSP-6650,The Johns Hopkins Hospital,neurology,2024-06-21,1,25.0,105.0,26.0,1270.0,0.0
HOSP-6654,The Johns Hopkins Hospital,pulmonology,,1,21.0,45.0,27.0,580.0,0.0
HOSP-6654,The Johns Hopkins Hospital,urology or nephrology,2022-03-17,1,74.0,60.0,19.0,1510.0,1.0
HOSP-6655,The Johns Hopkins Hospital,pulmonology,2020-11-17,1,30.0,15.0,11.0,1020.0,0.0
HOSP-6657,The Johns Hopkins Hospital,endocrinology,2024-05-16,1,90.0,45.0,20.0,1090.0,0.0
HOSP-6657,The Johns Hopkins Hospital,neurology,2023-02-14,1,35.0,45.0,8.0,300.0,1.0
HOSP-6658,The Johns Hopkins Hospital,cardiology,2021-10-24,1,47.0,15.0,24.0,1140.0,0.0
HOSP-6658,The Johns Hopkins Hospital,neurology,2024-01-16,1,10.0,75.0,5.0,710.0,0.0
HOSP-6658,The Johns Hopkins Hospital,pulmonology or infectious disease,2023-04-15,1,78.0,15.0,4.0,1550.0,0.0
HOSP-6659,The Johns Hopkins Hospital,neurology,2022-04-15,1,85.0,105.0,25.0,1540.0,0.0
HOSP-6660,The Johns Hopkins Hospital,cardiology or internal medicine,,1,94.0,60.0,26.0,640.0,1.0
HOSP-6661,The Johns Hopkins Hospital,gastroenterology,2023-11-17,1,19.0,60.0,10.0,870.0,1.0
HOSP-6661,The Johns Hopkins Hospital,gastroenterology,,1,43.0,45.0,9.0,470.0,1.0
HOSP-6661,The Johns Hopkins Hospital,pulmonology,2023-05-29,1,36.0,45.0,20.0,1360.0,0.0
HOSP-6662,The Johns Hopkins Hospital,neurology,,1,39.0,60.0,19.0,1490.0,0.0
HOSP-6662,The Johns Hopkins Hospital,pulmonology or allergy and immunology,2023-07-15,1,25.0,45.0,5.0,150.0,1.0
HOSP-6664,The Johns Hopkins Hospital,hepatology or gastroenterology,2023-03-25,1,61.0,15.0,7.0,130.0,0.0
HOSP-6664,The Johns Hopkins Hospital,neurology,2024-05-28,1,84.0,60.0,24.0,480.0,1.0
HOSP-6666,The Johns Hopkins Hospital,hepatology or gastroenterology,2023-04-18,1,21.0,15.0,28.0,1410.0,1.0
HOSP-6668,The Johns Hopkins Hospital,neurology,,1,15.0,105.0,15.0,760.0,0.0
HOSP-6669,The Johns Hopkins Hospital,gastroenterology,2021-06-23,1,26.0,105.0,15.0,500.0,1.0
HOSP-6669,The Johns Hopkins Hospital,psychiatry,,1,82.0,105.0,19.0,1550.0,1.0
HOSP-6673,The Johns Hopkins Hospital,pulmonology or infectious disease,2024-02-22,1,2.0,90.0,4.0,630.0,1.0
HOSP-6674,The Johns Hopkins Hospital,pulmonology,2021-09-18,1,22.0,45.0,28.0,1280.0,0.0
HOSP-6677,The Johns Hopkins Hospital,psychiatry,,1,66.0,75.0,11.0,370.0,0.0
HOSP-6679,The Johns Hopkins Hospital,cardiology,2020-08-14,1,21.0,60.0,13.0,1340.0,1.0
HOSP-6679,The Johns Hopkins Hospital,neurology,,1,40.0,75.0,20.0,750.0,0.0
HOSP-6680,The Johns Hopkins Hospital,pulmonology,,1,89.0,15.0,21.0,350.0,1.0
HOSP-6680,The Johns Hopkins Hospital,pulmonology or infectious disease,,1,46.0,90.0,10.0,710.0,1.0
HOSP-6681,The Johns Hopkins Hospital,neurology,2024-03-13,1,60.0,105.0,4.0,900.0,1.0
HOSP-6681,The Johns Hopkins Hospital,psychiatry,2023-08-13,1,67.0,90.0,6.0,1260.0,0.0
HOSP-6682,The Johns Hopkins Hospital,rheumatology,,1,33.0,90.0,27.0,360.0,0.0
HOSP-6684,The Johns Hopkins Hospital,gastroenterology,,1,94.0,60.0,27.0,490.0,0.0
HOSP-6684,The Johns Hopkins Hospital,hepatology,2023-12-28,1,31.0,60.0,17.0,1040.0,1.0
HOSP-6684,The Johns Hopkins Hospital,neurology,2020-09-17,1,61.0,90.0,1.0,1010.0,0.0
HOSP-6685,The Johns Hopkins Hospital,infectious disease or internal medicine,2023-10-28,1,40.0,105.0,21.0,1240.0,1.0
HOSP-6685,The Johns Hopkins Hospital,psychiatry,2024-01-16,1,82.0,30.0,26.0,1370.0,1.0
HOSP-6686,The Johns Hopkins Hospital,cardiology,2021-03-26,1,16.0,60.0,14.0,690.0,0.0
HOSP-6686,The Johns Hopkins Hospital,gastroenterology,2022-05-26,1,63.0,45.0,20.0,1540.0,1.0
HOSP-6686,The Johns Hopkins Hospital,rheumatology,2024-04-18,1,64.0,15.0,29.0,160.0,1.0
HOSP-6687,The Johns Hopkins Hospital,endocrinology,2024-05-19,1,58.0,75.0,27.0,100.0,0.0
HOSP-6689,The Johns Hopkins Hospital,neurology,,1,90.0,120.0,6.0,760.0,1.0
HOSP-6690,The Johns Hopkins Hospital,gastroenterology,,1,82.0,105.0,28.0,510.0,1.0
HOSP-6690,The Johns Hopkins Hospital,neurology,2020-07-31,1,35.0,45.0,2.0,480.0,0.0
HOSP-6692,The Johns Hopkins Hospital,neurology,,1,82.0,45.0,30.0,1390.0,0.0
HOSP-6694,The Johns Hopkins Hospital,infectious disease or internal medicine,2021-07-22,1,14.0,75.0,11.0,590.0,1.0
HOSP-6694,The Johns Hopkins Hospital,neurology,,1,36.0,105.0,2.0,860.0,0.0
HOSP-6696,The Johns Hopkins Hospital,neurology,2020-12-24,1,13.0,45.0,5.0,880.0,1.0
HOSP-6697,The Johns Hopkins Hospital,urology or nephrology,2021-02-24,1,57.0,120.0,10.0,310.0,1.0
HOSP-6697,The Johns Hopkins Hospital,urology or nephrology,2023-07-15,1,91.0,120.0,9.0,1110.0,1.0
HOSP-6698,The Johns Hopkins Hospital,cardiology,,1,32.0,30.0,2.0,1120.0,0.0
HOSP-6698,The Johns Hopkins Hospital,gastroenterology,2021-08-24,1,32.0,15.0,11.0,790.0,1.0
HOSP-6699,The Johns Hopkins Hospital,dermatology,,1,80.0,120.0,8.0,1300.0,0.0
HOSP-6700,The Johns Hopkins Hospital,infectious disease or internal medicine,2023-04-30,1,88.0,90.0,9.0,160.0,1.0
HOSP-6700,The Johns Hopkins Hospital,neurology,2021-09-18,1,87.0,105.0,13.0,640.0,1.0
HOSP-6701,The Johns Hopkins Hospital,gastroenterology,,1,83.0,120.0,6.0,360.0,0.0
HOSP-6701,The Johns Hopkins Hospital,oncology,,1,62.0,15.0,1.0,690.0,1.0
HOSP-6701,The Johns Hopkins Hospital,rheumatology,,1,94.0,15.0,29.0,1080.0,1.0
HOSP-6702,The Johns Hopkins Hospital,neurology,2022-04-16,1,56.0,30.0,20.0,1570.0,0.0
HOSP-6703,The Johns Hopkins Hospital,pulmonology or infectious disease,,1,57.0,30.0,3.0,750.0,1.0
HOSP-6704,The Johns Hopkins Hospital,infectious disease or internal medicine,,1,55.0,90.0,4.0,540.0,1.0
HOSP-6704,The Johns Hopkins Hospital,neurology,2022-05-19,1,8.0,75.0,12.0,100.0,0.0
HOSP-6704,The Johns Hopkins Hospital,psychiatry,,1,74.0,120.0,29.0,800.0,0.0
HOSP-6705,The Johns Hopkins Hospital,neurology,2022-09-30,1,91.0,105.0,9.0,500.0,0.0
HOSP-6705,The Johns Hopkins Hospital,rheumatology,2021-06-15,1,2.0,15.0,17.0,1200.0,0.0
HOSP-6706,The Johns Hopkins Hospital,infectious disease or internal medicine,2021-05-14,1,17.0,45.0,16.0,220.0,0.0
HOSP-6706,The Johns Hopkins Hospital,pulmonology,2023-03-26,1,51.0,60.0,11.0,1150.0,0.0
HOSP-6707,The Johns Hopkins Hospital,oncology,,1,55.0,105.0,29.0,910.0,0.0
HOSP-6707,The Johns Hopkins Hospital,rheumatology,,1,8.0,15.0,17.0,160.0,0.0
HOSP-6708,The Johns Hopkins Hospital,infectious disease or internal medicine,2023-06-21,1,95.0,15.0,11.0,1170.0,1.0
HOSP-6709,The Johns Hopkins Hospital,allergy and immunology,2023-04-16,1,60.0,75.0,20.0,380.0,0.0
HOSP-6709,The Johns Hopkins Hospital,nephrology,2022-01-16,1,55.0,75.0,23.0,500.0,1.0
HOSP-6710,The Johns Hopkins Hospital,pulmonology or infectious disease,,1,63.0,120.0,12.0,1440.0,0.0
HOSP-6711,The Johns Hopkins Hospital,neurology,,1,32.0,30.0,19.0,560.0,1.0
HOSP-6712,The Johns Hopkins Hospital,dermatology,2021-06-28,1,35.0,30.0,10.0,1110.0,0.0
HOSP-6712,The Johns Hopkins Hospital,neurology,,1,95.0,30.0,9.0,550.0,0.0
HOSP-6713,The Johns Hopkins Hospital,nephrology,2020-09-21,1,1.0,15.0,16.0,1270.0,0.0
HOSP-6713,The Johns Hopkins Hospital,nephrology,2024-06-13,1,42.0,105.0,12.0,170.0,0.0
HOSP-6713,The Johns Hopkins Hospital,oncology,2024-04-24,1,32.0,105.0,1.0,100.0,1.0
HOSP-6713,The Johns Hopkins Hospital,pulmonology,2022-11-28,1,51.0,120.0,11.0,840.0,0.0
HOSP-6715,The Johns Hopkins Hospital,gastroenterology,2023-10-27,1,51.0,30.0,19.0,210.0,0.0
HOSP-6716,The Johns Hopkins Hospital,neurology,2023-04-26,1,40.0,60.0,22.0,430.0,1.0
HOSP-6717,The Johns Hopkins Hospital,rheumatology,2021-03-25,1,74.0,105.0,14.0,100.0,1.0
HOSP-6720,The Johns Hopkins Hospital,pulmonology or infectious disease,2021-04-23,1,8.0,30.0,6.0,130.0,0.0
HOSP-6721,The Johns Hopkins Hospital,gastroenterology,2023-02-13,1,87.0,75.0,22.0,380.0,0.0
HOSP-6722,The Johns Hopkins Hospital,gastroenterology,2022-09-13,1,68.0,15.0,3.0,1400.0,0.0
HOSP-6722,The Johns Hopkins Hospital,neurology,2023-01-25,1,35.0,15.0,16.0,1390.0,0.0
HOSP-6723,The Johns Hopkins Hospital,gastroenterology,2021-06-14,1,12.0,90.0,16.0,560.0,1.0
HOSP-6723,The Johns Hopkins Hospital,gastroenterology,2022-09-30,1,21.0,120.0,10.0,880.0,1.0
HOSP-6725,The Johns Hopkins Hospital,cardiology,2022-01-29,1,95.0,15.0,7.0,1160.0,1.0
HOSP-6728,The Johns Hopkins Hospital,neurology,2023-09-21,1,26.0,120.0,25.0,820.0,1.0
HOSP-6729,The Johns Hopkins Hospital,rheumatology,,1,18.0,90.0,4.0,560.0,1.0
HOSP-6730,The Johns Hopkins Hospital,oncology,2021-01-14,1,39.0,75.0,6.0,820.0,1.0
HOSP-6732,The Johns Hopkins Hospital,allergy and immunology,,1,71.0,60.0,16.0,1040.0,0.0
HOSP-6732,The Johns Hopkins Hospital,cardiology or internal medicine,2023-10-26,1,85.0,105.0,18.0,1440.0,1.0
HOSP-6732,The Johns Hopkins Hospital,neurology,2024-02-16,1,29.0,15.0,13.0,630.0,0.0
HOSP-6733,The Johns Hopkins Hospital,psychiatry,,1,73.0,45.0,26.0,590.0,1.0
HOSP-6734,The Johns Hopkins Hospital,infectious disease or internal medicine,,1,23.0,75.0,2.0,960.0,0.0
HOSP-6735,The Johns Hopkins Hospital,cardiology,,1,61.0,105.0,10.0,810.0,0.0
HOSP-6738,The Johns Hopkins Hospital,pulmonology,,1,28.0,60.0,21.0,1000.0,0.0
HOSP-6738,The Johns Hopkins Hospital,urology or nephrology,,1,80.0,30.0,17.0,510.0,0.0
HOSP-6741,The Johns Hopkins Hospital,infectious disease,,1,14.0,30.0,16.0,530.0,0.0
HOSP-6742,The Johns Hopkins Hospital,neurology,2022-10-16,1,62.0,15.0,6.0,300.0,0.0
HOSP-6742,The Johns Hopkins Hospital,pulmonology or allergy and immunology,,1,39.0,45.0,25.0,630.0,1.0
HOSP-6743,The Johns Hopkins Hospital,neurology,2020-09-18,1,84.0,90.0,24.0,590.0,0.0
HOSP-6744,The Johns Hopkins Hospital,cardiology,2023-07-16,1,58.0,75.0,5.0,640.0,0.0
HOSP-6744,The Johns Hopkins Hospital,infectious disease or internal medicine,,2,50.5,82.5,14.0,1125.0,1.0
HOSP-6744,The Johns Hopkins Hospital,oncology,,1,8.0,120.0,5.0,1570.0,0.0
HOSP-6745,The Johns Hopkins Hospital,neurology,2022-04-29,1,18.0,120.0,14.0,1180.0,0.0
HOSP-6747,The Johns Hopkins Hospital,gastroenterology,,1,61.0,120.0,16.0,610.0,0.0
HOSP-6750,The Johns Hopkins Hospital,rheumatology,2021-12-13,1,80.0,30.0,27.0,440.0,0.0
HOSP-6752,The Johns Hopkins Hospital,neurology,,1,57.0,45.0,25.0,820.0,0.0
HOSP-6752,The Johns Hopkins Hospital,psychiatry,2024-07-13,1,35.0,30.0,9.0,580.0,0.0
HOSP-6752,The Johns Hopkins Hospital,psychiatry,,1,28.0,15.0,6.0,640.0,1.0
HOSP-6753,The Johns Hopkins Hospital,neurology,2022-08-27,1,73.0,75.0,9.0,1250.0,1.0
HOSP-6753,The Johns Hopkins Hospital,rheumatology,2022-07-29,1,15.0,90.0,18.0,1340.0,0.0
HOSP-6753,The Johns Hopkins Hospital,rheumatology,,1,82.0,75.0,8.0,940.0,0.0
HOSP-6755,The Johns Hopkins Hospital,gastroenterology,,1,40.0,60.0,5.0,1500.0,0.0
HOSP-6756,The Johns Hopkins Hospital,allergy and immunology,,1,75.0,90.0,10.0,810.0,0.0
HOSP-6757,The Johns Hopkins Hospital,gastroenterology,,1,23.0,105.0,13.0,1030.0,0.0
HOSP-6757,The Johns Hopkins Hospital,neurology,2023-01-18,1,27.0,75.0,12.0,490.0,1.0
HOSP-6758,The Johns Hopkins Hospital,hepatology or gastroenterology,2023-11-14,1,83.0,15.0,21.0,1210.0,1.0
HOSP-6759,The Johns Hopkins Hospital,gastroenterology,2021-09-17,1,88.0,105.0,3.0,770.0,1.0
HOSP-6759,The Johns Hopkins Hospital,nephrology,2023-02-14,1,57.0,15.0,12.0,1320.0,1.0
HOSP-6759,The Johns Hopkins Hospital,oncology,,1,79.0,90.0,20.0,170.0,1.0
HOSP-6759,The Johns Hopkins Hospital,pulmonology,2024-04-30,1,43.0,120.0,22.0,620.0,0.0
HOSP-6760,The Johns Hopkins Hospital,cardiology,2022-03-24,1,6.0,75.0,30.0,870.0,1.0
HOSP-6760,The Johns Hopkins Hospital,gastroenterology,2021-12-16,1,22.0,15.0,21.0,880.0,0.0
HOSP-6760,The Johns Hopkins Hospital,hepatology,2022-01-14,1,79.0,15.0,1.0,1510.0,0.0
HOSP-6760,The Johns Hopkins Hospital,pulmonology or infectious disease,,1,11.0,15.0,5.0,1570.0,0.0
HOSP-6761,The Johns Hopkins Hospital,neurology,,1,75.0,45.0,6.0,330.0,0.0
HOSP-6762,The Johns Hopkins Hospital,cardiology,2022-08-20,1,27.0,105.0,28.0,460.0,1.0
HOSP-6762,The Johns Hopkins Hospital,neurology,2021-10-26,1,31.0,30.0,16.0,440.0,0.0
HOSP-6763,The Johns Hopkins Hospital,nephrology,2023-07-20,1,50.0,120.0,16.0,1330.0,1.0
HOSP-6763,The Johns Hopkins Hospital,nephrology,,1,53.0,15.0,25.0,450.0,0.0
HOSP-6763,The Johns Hopkins Hospital,neurology,2024-05-15,1,43.0,90.0,19.0,1580.0,1.0
HOSP-6763,The Johns Hopkins Hospital,rheumatology,,1,91.0,15.0,26.0,300.0,0.0
HOSP-6764,The Johns Hopkins Hospital,rheumatology,,1,52.0,60.0,8.0,1530.0,1.0
HOSP-6765,The Johns Hopkins Hospital,gastroenterology,2022-12-28,1,17.0,60.0,1.0,1360.0,0.0
HOSP-6765,The Johns Hopkins Hospital,gastroenterology,,1,19.0,15.0,4.0,460.0,1.0
HOSP-6765,The Johns Hopkins Hospital,infectious disease or internal medicine,2021-11-27,1,1.0,120.0,23.0,1400.0,0.0
HOSP-6766,The Johns Hopkins Hospital,gastroenterology,,1,1.0,30.0,16.0,890.0,0.0
HOSP-6771,The Johns Hopkins Hospital,allergy and immunology,,1,5.0,60.0,20.0,890.0,1.0
HOSP-6771,The Johns Hopkins Hospital,psychiatry,2023-05-18,1,84.0,120.0,30.0,660.0,1.0
HOSP-6772,The Johns Hopkins Hospital,gastroenterology,2022-10-18,1,66.0,105.0,23.0,520.0,1.0
HOSP-6772,The Johns Hopkins Hospital,neurology,,1,65.0,45.0,19.0,220.0,1.0
HOSP-6773,The Johns Hopkins Hospital,pulmonology or allergy and immunology,2020-12-29,1,24.0,45.0,1.0,170.0,0.0
HOSP-6773,The Johns Hopkins Hospital,pulmonology or infectious disease,,1,24.0,30.0,4.0,1010.0,1.0
HOSP-6773,The Johns Hopkins Hospital,rheumatology,2021-05-25,1,70.0,15.0,28.0,160.0,0.0
HOSP-6774,The Johns Hopkins Hospital,gastroenterology,,1,57.0,45.0,18.0,760.0,0.0
HOSP-6775,The Johns Hopkins Hospital,hepatology or gastroenterology,2021-12-16,1,46.0,120.0,27.0,1550.0,1.0
HOSP-6775,The Johns Hopkins Hospital,psychiatry,,1,55.0,30.0,6.0,1360.0,0.0
HOSP-6776,The Johns Hopkins Hospital,neurology,2021-11-16,1,26.0,75.0,16.0,160.0,1.0
HOSP-6777,The Johns Hopkins Hospital,cardiology,2023-06-19,1,44.0,45.0,21.0,630.0,1.0
HOSP-6777,The Johns Hopkins Hospital,neurology,2021-09-19,1,13.0,15.0,16.0,570.0,0.0
HOSP-6777,The Johns Hopkins Hospital,psychiatry,2023-06-18,1,16.0,15.0,9.0,360.0,1.0
HOSP-6778,The Johns Hopkins Hospital,oncology,,1,64.0,75.0,5.0,130.0,0.0
HOSP-6779,The Johns Hopkins Hospital,oncology,2021-05-20,1,32.0,15.0,24.0,170.0,1.0
HOSP-6779,The Johns Hopkins Hospital,pulmonology,2021-07-18,1,75.0,45.0,2.0,1180.0,1.0
HOSP-6779,The Johns Hopkins Hospital,pulmonology or infectious disease,2021-09-27,1,73.0,105.0,16.0,1170.0,0.0
HOSP-6779,The Johns Hopkins Hospital,pulmonology or infectious disease,2023-07-29,1,60.0,90.0,29.0,890.0,1.0
HOSP-6780,The Johns Hopkins Hospital,allergy and immunology,,1,37.0,45.0,14.0,320.0,0.0
HOSP-6781,The Johns Hopkins Hospital,gastroenterology,2021-08-22,1,10.0,45.0,19.0,550.0,0.0
HOSP-6782,The Johns Hopkins Hospital,cardiology,2020-12-27,1,36.0,75.0,1.0,790.0,1.0
HOSP-6782,The Johns Hopkins Hospital,gastroenterology,,1,28.0,60.0,10.0,790.0,0.0
HOSP-6783,The Johns Hopkins Hospital,dermatology,,1,3.0,120.0,26.0,1040.0,0.0
HOSP-6784,The Johns Hopkins Hospital,hepatology,2021-08-24,1,34.0,90.0,13.0,720.0,0.0
HOSP-6784,The Johns Hopkins Hospital,nephrology,,1,4.0,15.0,23.0,310.0,1.0
HOSP-6785,The Johns Hopkins Hospital,gastroenterology,,1,28.0,105.0,14.0,110.0,1.0
HOSP-6785,The Johns Hopkins Hospital,infectious disease,2023-06-18,1,47.0,105.0,8.0,1100.0,1.0
HOSP-6786,The Johns Hopkins Hospital,hepatology,2024-04-14,1,80.0,45.0,5.0,170.0,0.0
HOSP-6787,The Johns Hopkins Hospital,endocrinology,2021-08-21,1,8.0,120.0,22.0,420.0,0.0
HOSP-6787,The Johns Hopkins Hospital,hepatology,2020-11-17,1,29.0,75.0,10.0,630.0,0.0
HOSP-6788,The Johns Hopkins Hospital,nephrology,2021-03-15,1,55.0,30.0,28.0,1240.0,1.0
HOSP-6791,The Johns Hopkins Hospital,hepatology,,1,29.0,120.0,24.0,300.0,1.0
HOSP-6792,The Johns Hopkins Hospital,gastroenterology,2023-07-20,1,26.0,75.0,14.0,850.0,1.0
HOSP-6794,The Johns Hopkins Hospital,hepatology,,1,41.0,75.0,3.0,440.0,1.0
HOSP-6794,The Johns Hopkins Hospital,neurology,2023-06-14,1,70.0,15.0,25.0,930.0,0.0
HOSP-6795,The Johns Hopkins Hospital,psychiatry,2023-08-29,1,48.0,105.0,13.0,740.0,1.0
HOSP-6797,The Johns Hopkins Hospital,gastroenterology,,1,75.0,15.0,3.0,290.0,0.0
HOSP-6798,The Johns Hopkins Hospital,infectious disease or internal medicine,,1,1.0,90.0,24.0,690.0,1.0
HOSP-6799,The Johns Hopkins Hospital,neurology,2024-03-23,1,59.0,120.0,11.0,1070.0,0.0
HOSP-6799,The Johns Hopkins Hospital,urology or nephrology,2023-03-23,1,46.0,15.0,15.0,1100.0,0.0
HOSP-6800,The Johns Hopkins Hospital,pulmonology or allergy and immunology,2020-10-19,1,33.0,105.0,14.0,860.0,1.0
HOSP-6803,The Johns Hopkins Hospital,gastroenterology,,1,69.0,90.0,30.0,560.0,0.0
HOSP-6803,The Johns Hopkins Hospital,infectious disease or internal medicine,2021-12-20,1,91.0,45.0,15.0,410.0,1.0
HOSP-6803,The Johns Hopkins Hospital,neurology,,1,30.0,30.0,27.0,1140.0,1.0
HOSP-6804,The Johns Hopkins Hospital,endocrinology,2023-02-19,1,83.0,105.0,2.0,480.0,0.0
HOSP-6804,The Johns Hopkins Hospital,neurology,,1,85.0,15.0,5.0,290.0,1.0
HOSP-6804,The Johns Hopkins Hospital,rheumatology,,1,65.0,30.0,14.0,850.0,0.0
HOSP-6805,The Johns Hopkins Hospital,gastroenterology,2020-12-28,1,55.0,60.0,10.0,140.0,0.0
HOSP-6805,The Johns Hopkins Hospital,rheumatology,,1,7.0,90.0,24.0,460.0,0.0
HOSP-6806,The Johns Hopkins Hospital,gastroenterology,,1,63.0,60.0,23.0,600.0,0.0
HOSP-6807,The Johns Hopkins Hospital,neurology,,1,66.0,30.0,10.0,1000.0,1.0
HOSP-6808,The Johns Hopkins Hospital,dermatology,,1,5.0,90.0,11.0,1010.0,0.0
HOSP-6808,The Johns Hopkins Hospital,hepatology or gastroenterology,,1,31.0,15.0,6.0,290.0,1.0
HOSP-6808,The Johns Hopkins Hospital,rheumatology,,1,18.0,45.0,23.0,570.0,0.0
HOSP-6809,The Johns Hopkins Hospital,hepatology or gastroenterology,,1,38.0,120.0,29.0,760.0,1.0
HOSP-6811,The Johns Hopkins Hospital,cardiology,2022-02-21,1,39.0,60.0,3.0,1100.0,0.0
HOSP-6811,The Johns Hopkins Hospital,hepatology or gastroenterology,2023-09-29,1,36.0,105.0,8.0,100.0,0.0
HOSP-6811,The Johns Hopkins Hospital,neurology,2021-05-17,1,94.0,30.0,4.0,800.0,0.0
HOSP-6812,The Johns Hopkins Hospital,infectious disease or internal medicine,,1,17.0,30.0,22.0,700.0,1.0
HOSP-6814,The Johns Hopkins Hospital,cardiology,2021-04-26,1,18.0,15.0,30.0,110.0,0.0
HOSP-6815,The Johns Hopkins Hospital,infectious disease,2020-11-20,1,64.0,90.0,14.0,770.0,1.0
HOSP-6816,The Johns Hopkins Hospital,neurology,,1,29.0,120.0,6.0,710.0,0.0
HOSP-6817,The Johns Hopkins Hospital,cardiology,2021-07-27,1,55.0,120.0,1.0,190.0,0.0
HOSP-6819,The Johns Hopkins Hospital,infectious disease or internal medicine,,1,53.0,90.0,4.0,1160.0,0.0
HOSP-6819,The Johns Hopkins Hospital,pulmonology or infectious disease,2020-08-21,1,80.0,30.0,13.0,800.0,0.0
HOSP-6820,The Johns Hopkins Hospital,neurology,2022-08-27,1,49.0,30.0,5.0,1300.0,1.0
HOSP-6820,The Johns Hopkins Hospital,psychiatry,,1,49.0,90.0,25.0,120.0,0.0
HOSP-6821,The Johns Hopkins Hospital,dermatology,2021-06-29,1,92.0,105.0,25.0,1310.0,0.0
HOSP-6822,The Johns Hopkins Hospital,allergy and immunology,2022-08-24,1,48.0,15.0,4.0,1050.0,0.0
HOSP-6822,The Johns Hopkins Hospital,cardiology or internal medicine,,1,7.0,120.0,8.0,330.0,0.0
HOSP-6822,The Johns Hopkins Hospital,infectious disease or internal medicine,,1,33.0,120.0,24.0,260.0,0.0
HOSP-6822,The Johns Hopkins Hospital,neurology,,1,92.0,45.0,26.0,260.0,0.0
HOSP-6824,The Johns Hopkins Hospital,psychiatry,2021-01-24,1,86.0,60.0,1.0,290.0,1.0
HOSP-6827,The Johns Hopkins Hospital,dermatology,2020-10-14,1,14.0,60.0,30.0,1150.0,1.0
HOSP-6828,The Johns Hopkins Hospital,neurology,2021-04-22,1,68.0,15.0,15.0,1260.0,1.0
HOSP-6829,The Johns Hopkins Hospital,neurology,,1,17.0,75.0,21.0,870.0,1.0
HOSP-6830,The Johns Hopkins Hospital,nephrology,2022-04-16,1,60.0,15.0,4.0,790.0,0.0
HOSP-6830,The Johns Hopkins Hospital,neurology,2023-11-29,1,79.0,60.0,8.0,1390.0,0.0
HOSP-6830,The Johns Hopkins Hospital,pulmonology or infectious disease,2022-04-19,1,48.0,90.0,16.0,980.0,1.0
HOSP-6831,The Johns Hopkins Hospital,infectious disease or internal medicine,,1,63.0,45.0,17.0,630.0,0.0
HOSP-6831,The Johns Hopkins Hospital,neurology,,1,66.0,90.0,11.0,1130.0,0.0
HOSP-6832,The Johns Hopkins Hospital,oncology,2024-01-19,1,77.0,75.0,11.0,1480.0,0.0
HOSP-6833,The Johns Hopkins Hospital,rheumatology,2024-06-29,1,55.0,120.0,15.0,870.0,1.0
HOSP-6834,The Johns Hopkins Hospital,gastroenterology,2022-11-26,1,9.0,15.0,29.0,1200.0,1.0
HOSP-6834,The Johns Hopkins Hospital,rheumatology,2020-10-31,1,50.0,105.0,1.0,220.0,0.0
HOSP-6834,The Johns Hopkins Hospital,rheumatology,2023-07-20,1,55.0,75.0,21.0,360.0,0.0
HOSP-6836,The Johns Hopkins Hospital,oncology,2020-09-13,1,56.0,45.0,22.0,1540.0,1.0
HOSP-6837,The Johns Hopkins Hospital,neurology,,1,84.0,60.0,29.0,1450.0,0.0
HOSP-6839,The Johns Hopkins Hospital,gastroenterology,2020-09-17,1,27.0,60.0,14.0,1540.0,1.0
HOSP-6840,The Johns Hopkins Hospital,allergy and immunology,2020-12-19,1,84.0,120.0,3.0,310.0,1.0
HOSP-6840,The Johns Hopkins Hospital,neurology,2021-11-20,1,61.0,60.0,20.0,1250.0,1.0
HOSP-6841,The Johns Hopkins Hospital,cardiology or internal medicine,,1,62.0,15.0,8.0,1380.0,0.0
HOSP-6841,The Johns Hopkins Hospital,pulmonology,2023-10-27,1,89.0,45.0,16.0,1470.0,1.0
HOSP-6842,The Johns Hopkins Hospital,cardiology or internal medicine,2022-11-13,1,6.0,120.0,1.0,1470.0,0.0
HOSP-6846,The Johns Hopkins Hospital,endocrinology,2022-03-24,1,44.0,15.0,30.0,230.0,0.0
HOSP-6846,The Johns Hopkins Hospital,nephrology,,1,4.0,75.0,10.0,1590.0,0.0
HOSP-6846,The Johns Hopkins Hospital,neurology,,1,23.0,105.0,25.0,380.0,1.0
HOSP-6848,The Johns Hopkins Hospital,infectious disease or internal medicine,,1,26.0,105.0,21.0,730.0,0.0
HOSP-6851,The Johns Hopkins Hospital,hepatology,2021-08-15,1,17.0,75.0,18.0,940.0,1.0
HOSP-6851,The Johns Hopkins Hospital,neurology,2023-10-21,1,84.0,105.0,4.0,580.0,0.0
HOSP-6854,The Johns Hopkins Hospital,urology or nephrology,2023-01-17,1,93.0,45.0,23.0,360.0,0.0
HOSP-6855,The Johns Hopkins Hospital,pulmonology or infectious disease,2022-12-29,1,47.0,105.0,3.0,700.0,1.0
HOSP-6856,The Johns Hopkins Hospital,infectious disease or internal medicine,2022-11-20,1,57.0,15.0,19.0,680.0,0.0
HOSP-6856,The Johns Hopkins Hospital,neurology,2022-05-18,1,14.0,15.0,7.0,1580.0,0.0
HOSP-6856,The Johns Hopkins Hospital,neurology,,1,0.0,45.0,13.0,1230.0,0.0
HOSP-6857,The Johns Hopkins Hospital,rheumatology,2022-07-26,1,19.0,75.0,20.0,1160.0,0.0
HOSP-6858,The Johns Hopkins Hospital,neurology,,1,63.0,30.0,17.0,820.0,1.0
HOSP-6858,The Johns Hopkins Hospital,rheumatology,,1,32.0,75.0,12.0,1600.0,0.0
HOSP-6859,The Johns Hopkins Hospital,oncology,2023-09-22,1,53.0,105.0,27.0,980.0,0.0
HOSP-6860,The Johns Hopkins Hospital,neurology,,2,72.0,45.0,24.5,785.0,0.0
HOSP-6861,The Johns Hopkins Hospital,pulmonology or allergy and immunology,2023-01-15,1,41.0,45.0,9.0,800.0,1.0
HOSP-6862,The Johns Hopkins Hospital,neurology,,1,27.0,75.0,7.0,790.0,0.0
HOSP-6863,The Johns Hopkins Hospital,infectious disease or internal medicine,,1,13.0,120.0,23.0,1020.0,0.0
HOSP-6864,The Johns Hopkins Hospital,gastroenterology,2022-07-15,1,4.0,60.0,1.0,630.0,1.0
HOSP-6864,The Johns Hopkins Hospital,infectious disease or internal medicine,2021-01-18,1,69.0,75.0,15.0,1130.0,0.0
HOSP-6865,The Johns Hopkins Hospital,infectious disease or internal medicine,2022-07-19,1,74.0,75.0,23.0,640.0,1.0
HOSP-6866,The Johns Hopkins Hospital,pulmonology or infectious disease,2024-03-28,1,9.0,120.0,26.0,1110.0,1.0
HOSP-6869,The Johns Hopkins Hospital,urology or nephrology,,1,55.0,75.0,17.0,1040.0,0.0
HOSP-6871,The Johns Hopkins Hospital,cardiology or internal medicine,2023-07-21,1,67.0,90.0,12.0,1200.0,1.0
HOSP-6871,The Johns Hopkins Hospital,gastroenterology,2021-10-22,1,3.0,30.0,14.0,1390.0,1.0
HOSP-6871,The Johns Hopkins Hospital,gastroenterology,2022-08-24,1,66.0,30.0,3.0,860.0,1.0
HOSP-6871,The Johns Hopkins Hospital,hepatology,,1,48.0,120.0,12.0,1160.0,0.0
HOSP-6872,The Johns Hopkins Hospital,cardiology,,1,2.0,60.0,7.0,1360.0,1.0
HOSP-6874,The Johns Hopkins Hospital,gastroenterology,2022-08-17,1,72.0,30.0,9.0,220.0,1.0
HOSP-6876,The Johns Hopkins Hospital,dermatology,2022-12-26,1,11.0,75.0,9.0,1010.0,1.0
HOSP-6876,The Johns Hopkins Hospital,gastroenterology,2023-10-21,1,21.0,105.0,26.0,160.0,1.0
HOSP-6878,The Johns Hopkins Hospital,pulmonology,,1,61.0,45.0,18.0,1290.0,1.0
HOSP-6880,The Johns Hopkins Hospital,dermatology,2024-05-26,1,56.0,105.0,20.0,300.0,1.0
HOSP-6880,The Johns Hopkins Hospital,neurology,2023-06-26,1,16.0,30.0,18.0,1040.0,0.0
HOSP-6882,The Johns Hopkins Hospital,hepatology,2020-09-18,1,1.0,105.0,5.0,450.0,0.0
HOSP-6883,The Johns Hopkins Hospital,infectious disease or internal medicine,2023-10-19,1,29.0,45.0,8.0,380.0,1.0
HOSP-6883,The Johns Hopkins Hospital,pulmonology,2024-07-19,1,63.0,90.0,12.0,450.0,0.0
HOSP-6883,The Johns Hopkins Hospital,rheumatology,2022-10-29,1,83.0,30.0,23.0,1600.0,0.0
HOSP-6886,The Johns Hopkins Hospital,hepatology,2023-01-28,1,42.0,75.0,27.0,700.0,1.0
HOSP-6888,The Johns Hopkins Hospital,allergy and immunology,2021-07-15,1,60.0,60.0,30.0,1040.0,1.0
HOSP-6888,The Johns Hopkins Hospital,hepatology or gastroenterology,,1,60.0,60.0,2.0,1070.0,0.0
HOSP-6890,The Johns Hopkins Hospital,gastroenterology,,1,36.0,105.0,11.0,770.0,1.0
HOSP-6890,The Johns Hopkins Hospital,pulmonology,,1,57.0,120.0,10.0,1260.0,0.0
HOSP-6891,The Johns Hopkins Hospital,neurology,2023-05-31,1,89.0,60.0,8.0,410.0,1.0
HOSP-6892,The Johns Hopkins Hospital,cardiology,2023-06-28,1,3.0,60.0,5.0,960.0,1.0
HOSP-6892,The Johns Hopkins Hospital,hepatology or gastroenterology,,1,12.0,30.0,30.0,500.0,0.0
HOSP-6892,The Johns Hopkins Hospital,neurology,2022-05-13,1,71.0,30.0,18.0,1450.0,1.0
HOSP-6893,The Johns Hopkins Hospital,infectious disease or internal medicine,,1,13.0,120.0,3.0,410.0,1.0
HOSP-6894,The Johns Hopkins Hospital,neurology,,1,44.0,30.0,28.0,790.0,1.0
HOSP-6896,The Johns Hopkins Hospital,gastroenterology,,1,93.0,60.0,4.0,810.0,1.0
HOSP-6896,The Johns Hopkins Hospital,nephrology,,1,26.0,60.0,9.0,650.0,1.0
HOSP-6896,The Johns Hopkins Hospital,urology or nephrology,2023-03-29,1,77.0,75.0,17.0,1370.0,1.0
HOSP-6897,The Johns Hopkins Hospital,infectious disease or internal medicine,2022-04-17,1,67.0,105.0,26.0,710.0,1.0
HOSP-6897,The Johns Hopkins Hospital,neurology,,1,42.0,105.0,17.0,1260.0,1.0
HOSP-6897,The Johns Hopkins Hospital,rheumatology,,1,72.0,15.0,10.0,1330.0,1.0
HOSP-6898,The Johns Hopkins Hospital,hepatology,2024-01-31,1,37.0,105.0,29.0,340.0,0.0
HOSP-6900,The Johns Hopkins Hospital,gastroenterology,2022-12-17,1,2.0,75.0,6.0,440.0,0.0
HOSP-6900,The Johns Hopkins Hospital,neurology,2021-08-14,1,88.0,105.0,12.0,740.0,1.0
HOSP-6900,The Johns Hopkins Hospital,neurology,2022-06-21,1,33.0,75.0,3.0,880.0,0.0
HOSP-6900,The Johns Hopkins Hospital,neurology,2023-08-14,1,27.0,15.0,16.0,730.0,0.0
HOSP-6901,The Johns Hopkins Hospital,infectious disease or internal medicine,2023-08-19,1,2.0,60.0,4.0,550.0,1.0
HOSP-6902,The Johns Hopkins Hospital,infectious disease or internal medicine,2022-03-18,1,54.0,105.0,11.0,1390.0,0.0
HOSP-6902,The Johns Hopkins Hospital,oncology,,1,33.0,90.0,19.0,1530.0,0.0
HOSP-6903,The Johns Hopkins Hospital,psychiatry,2020-11-27,1,57.0,120.0,17.0,1030.0,1.0
HOSP-6905,The Johns Hopkins Hospital,psychiatry,2021-12-23,1,46.0,60.0,20.0,770.0,1.0
HOSP-6907,The Johns Hopkins Hospital,neurology,2022-02-24,1,64.0,15.0,27.0,1400.0,0.0
HOSP-6907,The Johns Hopkins Hospital,neurology,,1,81.0,75.0,25.0,1310.0,0.0
HOSP-6909,The Johns Hopkins Hospital,cardiology,2021-10-13,1,76.0,75.0,21.0,750.0,1.0
HOSP-6909,The Johns Hopkins Hospital,endocrinology,2021-01-27,1,77.0,120.0,29.0,1190.0,0.0
HOSP-6914,The Johns Hopkins Hospital,urology or nephrology,,1,50.0,120.0,11.0,880.0,1.0
HOSP-6916,The Johns Hopkins Hospital,gastroenterology,2021-06-13,1,94.0,60.0,16.0,1020.0,0.0
HOSP-6917,The Johns Hopkins Hospital,oncology,,1,51.0,120.0,1.0,1330.0,0.0
HOSP-6918,The Johns Hopkins Hospital,cardiology,2020-10-14,1,18.0,45.0,20.0,140.0,0.0
HOSP-6918,The Johns Hopkins Hospital,gastroenterology,2021-05-31,1,11.0,75.0,2.0,150.0,0.0
HOSP-6918,The Johns Hopkins Hospital,neurology,,1,72.0,90.0,2.0,980.0,0.0
HOSP-6918,The Johns Hopkins Hospital,pulmonology or infectious disease,,1,1.0,15.0,27.0,560.0,1.0
HOSP-6920,The Johns Hopkins Hospital,cardiology or internal medicine,2021-03-16,1,92.0,15.0,23.0,310.0,1.0
HOSP-6922,The Johns Hopkins Hospital,psychiatry,2022-02-21,1,83.0,75.0,18.0,700.0,0.0
HOSP-6922,The Johns Hopkins Hospital,pulmonology,2020-07-31,1,31.0,60.0,14.0,1380.0,1.0
HOSP-6923,The Johns Hopkins Hospital,gastroenterology,2023-08-20,1,75.0,30.0,25.0,800.0,1.0
HOSP-6923,The Johns Hopkins Hospital,neurology,,1,14.0,45.0,25.0,220.0,1.0
HOSP-6923,The Johns Hopkins Hospital,pulmonology,2023-08-22,1,40.0,120.0,19.0,810.0,0.0
HOSP-6924,The Johns Hopkins Hospital,hepatology or gastroenterology,,1,53.0,60.0,12.0,540.0,0.0
HOSP-6925,The Johns Hopkins Hospital,cardiology or internal medicine,,1,89.0,120.0,28.0,840.0,0.0
HOSP-6926,The Johns Hopkins Hospital,endocrinology,,1,0.0,90.0,28.0,1520.0,0.0
HOSP-6927,The Johns Hopkins Hospital,dermatology,2023-01-13,1,12.0,30.0,20.0,200.0,0.0
HOSP-6928,The Johns Hopkins Hospital,pulmonology,2023-02-18,1,46.0,75.0,19.0,290.0,0.0
HOSP-6929,The Johns Hopkins Hospital,gastroenterology,2022-03-30,1,74.0,75.0,24.0,1280.0,1.0
HOSP-6929,The Johns Hopkins Hospital,infectious disease or internal medicine,,1,81.0,45.0,26.0,700.0,1.0
HOSP-6929,The Johns Hopkins Hospital,neurology,2020-10-26,1,26.0,30.0,11.0,1050.0,1.0
HOSP-6929,The Johns Hopkins Hospital,neurology,,1,4.0,15.0,26.0,1570.0,0.0
HOSP-6931,The Johns Hopkins Hospital,cardiology or internal medicine,,1,10.0,60.0,11.0,400.0,0.0
HOSP-6931,The Johns Hopkins Hospital,hepatology or gastroenterology,2021-02-15,1,4.0,75.0,14.0,760.0,1.0
HOSP-6932,The Johns Hopkins Hospital,infectious disease,,1,21.0,105.0,18.0,1350.0,0.0
HOSP-6932,The Johns Hopkins Hospital,neurology,,1,66.0,75.0,9.0,370.0,1.0
HOSP-6934,The Johns Hopkins Hospital,endocrinology,,1,7.0,105.0,19.0,1560.0,0.0
HOSP-6935,The Johns Hopkins Hospital,urology or nephrology,2021-07-24,1,61.0,105.0,1.0,900.0,0.0
HOSP-6936,The Johns Hopkins Hospital,oncology,2020-12-22,1,8.0,105.0,5.0,480.0,1.0
HOSP-6937,The Johns Hopkins Hospital,neurology,2021-05-29,1,29.0,120.0,6.0,1460.0,0.0
HOSP-6939,The Johns Hopkins Hospital,rheumatology,,1,27.0,15.0,30.0,740.0,0.0
HOSP-6940,The Johns Hopkins Hospital,gastroenterology,2020-10-25,1,27.0,75.0,29.0,590.0,1.0
HOSP-6940,The Johns Hopkins Hospital,rheumatology,2023-08-22,1,33.0,105.0,13.0,1250.0,1.0
HOSP-6941,The Johns Hopkins Hospital,neurology,2024-06-13,1,29.0,90.0,6.0,750.0,1.0
HOSP-6945,The Johns Hopkins Hospital,infectious disease or internal medicine,,1,30.0,75.0,22.0,760.0,1.0
HOSP-6945,The Johns Hopkins Hospital,pulmonology or allergy and immunology,,1,8.0,45.0,1.0,1060.0,0.0
HOSP-6947,The Johns Hopkins Hospital,allergy and immunology,,1,30.0,75.0,6.0,780.0,0.0
HOSP-6947,The Johns Hopkins Hospital,infectious disease or internal medicine,2021-07-23,1,7.0,60.0,27.0,450.0,1.0
HOSP-6947,The Johns Hopkins Hospital,pulmonology or infectious disease,2022-08-22,1,45.0,120.0,7.0,1190.0,1.0
HOSP-6948,The Johns Hopkins Hospital,dermatology,2022-01-19,1,29.0,90.0,20.0,230.0,0.0
HOSP-6949,The Johns Hopkins Hospital,rheumatology,2020-11-18,1,64.0,75.0,29.0,1000.0,1.0
HOSP-6950,The Johns Hopkins Hospital,rheumatology,2021-06-22,1,77.0,120.0,9.0,1380.0,0.0
HOSP-6952,The Johns Hopkins Hospital,hepatology or gastroenterology,,1,2.0,30.0,24.0,1480.0,1.0
HOSP-6953,The Johns Hopkins Hospital,hepatology,2021-06-28,1,63.0,60.0,20.0,320.0,1.0
HOSP-6954,The Johns Hopkins Hospital,pulmonology,2023-03-17,1,91.0,60.0,21.0,670.0,1.0
HOSP-6956,The Johns Hopkins Hospital,dermatology,2021-05-30,1,0.0,90.0,4.0,1260.0,0.0
HOSP-6957,The Johns Hopkins Hospital,gastroenterology,2023-12-18,1,51.0,30.0,9.0,1130.0,0.0
HOSP-6957,The Johns Hopkins Hospital,gastroenterology,,1,41.0,90.0,18.0,1330.0,1.0
HOSP-6957,The Johns Hopkins Hospital,neurology,,1,57.0,45.0,8.0,560.0,1.0
HOSP-6959,The Johns Hopkins Hospital,rheumatology,,1,93.0,120.0,28.0,630.0,0.0
HOSP-6960,The Johns Hopkins Hospital,cardiology,,1,7.0,45.0,22.0,180.0,1.0
HOSP-6960,The Johns Hopkins Hospital,infectious disease or internal medicine,,1,67.0,30.0,24.0,770.0,1.0
HOSP-6962,The Johns Hopkins Hospital,neurology,2022-06-20,1,52.0,45.0,26.0,830.0,0.0
HOSP-6963,The Johns Hopkins Hospital,dermatology,2021-08-29,1,59.0,105.0,4.0,1350.0,0.0
HOSP-6965,The Johns Hopkins Hospital,neurology,2023-11-21,1,6.0,90.0,18.0,1260.0,0.0
HOSP-6965,The Johns Hopkins Hospital,neurology,,1,29.0,90.0,22.0,1460.0,0.0
HOSP-6965,The Johns Hopkins Hospital,psychiatry,2022-10-24,1,94.0,105.0,10.0,1470.0,1.0
HOSP-6966,The Johns Hopkins Hospital,infectious disease,2020-10-18,1,14.0,120.0,22.0,740.0,1.0
HOSP-6966,The Johns Hopkins Hospital,psychiatry,2020-08-20,1,44.0,30.0,16.0,1450.0,1.0
HOSP-6968,The Johns Hopkins Hospital,gastroenterology,2021-12-26,1,22.0,120.0,28.0,1390.0,0.0
HOSP-6968,The Johns Hopkins Hospital,psychiatry,2022-07-16,1,67.0,30.0,10.0,1300.0,0.0
HOSP-6971,The Johns Hopkins Hospital,nephrology,2022-01-31,1,52.0,15.0,24.0,330.0,0.0
HOSP-6972,The Johns Hopkins Hospital,infectious disease,2023-12-26,1,54.0,15.0,15.0,790.0,0.0
HOSP-6972,The Johns Hopkins Hospital,psychiatry,,1,17.0,120.0,25.0,690.0,1.0
HOSP-6973,The Johns Hopkins Hospital,psychiatry,,1,22.0,15.0,3.0,970.0,1.0
HOSP-6974,The Johns Hopkins Hospital,neurology,2022-12-20,1,60.0,15.0,21.0,1330.0,0.0
HOSP-6974,The Johns Hopkins Hospital,neurology,,2,49.5,82.5,16.0,700.0,1.0
HOSP-6974,The Johns Hopkins Hospital,urology or nephrology,2020-07-24,1,9.0,105.0,23.0,1130.0,0.0
HOSP-6975,The Johns Hopkins Hospital,rheumatology,,1,54.0,15.0,15.0,570.0,0.0
HOSP-6976,The Johns Hopkins Hospital,hepatology or gastroenterology,2021-01-26,1,27.0,105.0,13.0,610.0,1.0
HOSP-6977,The Johns Hopkins Hospital,endocrinology,,1,26.0,60.0,20.0,190.0,0.0
HOSP-6978,The Johns Hopkins Hospital,infectious disease or internal medicine,,1,31.0,75.0,11.0,730.0,1.0
HOSP-6979,The Johns Hopkins Hospital,gastroenterology,,1,32.0,15.0,8.0,640.0,0.0
HOSP-6980,The Johns Hopkins Hospital,allergy and immunology,,1,79.0,105.0,26.0,1500.0,1.0
HOSP-6980,The Johns Hopkins Hospital,neurology,2022-02-14,1,29.0,105.0,17.0,1340.0,0.0
HOSP-6980,The Johns Hopkins Hospital,neurology,,1,4.0,75.0,2.0,1200.0,0.0
HOSP-6981,The Johns Hopkins Hospital,psychiatry,2020-10-19,1,78.0,30.0,18.0,980.0,1.0
HOSP-6983,The Johns Hopkins Hospital,gastroenterology,2021-04-25,1,20.0,120.0,28.0,1520.0,0.0
HOSP-6983,The Johns Hopkins Hospital,neurology,,1,46.0,15.0,7.0,1480.0,0.0
HOSP-6984,The Johns Hopkins Hospital,gastroenterology,2022-11-26,1,80.0,30.0,25.0,860.0,1.0
HOSP-6986,The Johns Hopkins Hospital,neurology,2023-01-24,1,10.0,120.0,30.0,880.0,0.0
HOSP-6986,The Johns Hopkins Hospital,psychiatry,2023-08-25,1,90.0,105.0,7.0,170.0,0.0
HOSP-6987,The Johns Hopkins Hospital,hepatology,2023-04-14,1,25.0,105.0,28.0,600.0,0.0
HOSP-6987,The Johns Hopkins Hospital,neurology,2023-10-13,1,28.0,120.0,22.0,500.0,0.0
HOSP-6988,The Johns Hopkins Hospital,neurology,,1,75.0,90.0,6.0,1060.0,0.0
HOSP-6991,The Johns Hopkins Hospital,allergy and immunology,2021-11-25,1,39.0,15.0,23.0,420.0,0.0
HOSP-6991,The Johns Hopkins Hospital,nephrology,,1,46.0,60.0,16.0,450.0,1.0
HOSP-6991,The Johns Hopkins Hospital,neurology,,2,47.5,75.0,13.0,810.0,1.0
HOSP-6992,The Johns Hopkins Hospital,psychiatry,2021-06-15,1,35.0,75.0,25.0,610.0,1.0
HOSP-6993,The Johns Hopkins Hospital,allergy and immunology,2020-10-25,1,72.0,30.0,21.0,1450.0,1.0
HOSP-6994,The Johns Hopkins Hospital,hepatology,,1,22.0,45.0,11.0,390.0,0.0
HOSP-6996,The Johns Hopkins Hospital,neurology,,1,49.0,60.0,2.0,690.0,0.0
HOSP-6997,The Johns Hopkins Hospital,neurology,2022-08-18,1,56.0,120.0,13.0,1380.0,0.0
HOSP-6997,The Johns Hopkins Hospital,pulmonology or infectious disease,,1,74.0,45.0,22.0,700.0,0.0
HOSP-6999,The Johns Hopkins Hospital,rheumatology,2023-04-28,1,13.0,30.0,19.0,260.0,1.0
HOSP-7004,The Johns Hopkins Hospital,nephrology,,1,22.0,15.0,9.0,1310.0,0.0
HOSP-7008,The Johns Hopkins Hospital,neurology,,1,75.0,45.0,19.0,730.0,1.0
HOSP-7008,The Johns Hopkins Hospital,pulmonology or infectious disease,2023-06-23,1,20.0,120.0,24.0,690.0,0.0
HOSP-7010,The Johns Hopkins Hospital,oncology,2022-04-26,1,12.0,75.0,18.0,900.0,0.0
HOSP-7011,The Johns Hopkins Hospital,cardiology or internal medicine,2021-02-13,1,57.0,90.0,11.0,210.0,0.0
HOSP-7011,The Johns Hopkins Hospital,gastroenterology,2022-07-24,1,67.0,120.0,23.0,1210.0,1.0
HOSP-7013,The Johns Hopkins Hospital,gastroenterology,2021-12-20,1,87.0,45.0,15.0,320.0,1.0
HOSP-7013,The Johns Hopkins Hospital,infectious disease or internal medicine,2021-07-21,1,13.0,15.0,4.0,1540.0,1.0
HOSP-7015,The Johns Hopkins Hospital,gastroenterology,2020-08-28,1,36.0,120.0,14.0,1580.0,1.0
HOSP-7015,The Johns Hopkins Hospital,hepatology or gastroenterology,2022-03-27,1,53.0,45.0,29.0,560.0,0.0
HOSP-7016,The Johns Hopkins Hospital,dermatology,,1,74.0,120.0,25.0,1370.0,1.0
HOSP-7016,The Johns Hopkins Hospital,rheumatology,2021-06-30,1,94.0,75.0,19.0,820.0,0.0
HOSP-7016,The Johns Hopkins Hospital,urology or nephrology,,1,17.0,45.0,5.0,680.0,0.0
HOSP-7017,The Johns Hopkins Hospital,neurology,2022-10-24,1,14.0,105.0,4.0,1450.0,0.0
HOSP-7020,The Johns Hopkins Hospital,hepatology,,1,47.0,15.0,16.0,1210.0,0.0
HOSP-7022,The Johns Hopkins Hospital,oncology,2022-04-19,1,61.0,60.0,28.0,1240.0,0.0
HOSP-7023,The Johns Hopkins Hospital,cardiology,2024-01-20,1,1.0,15.0,8.0,1420.0,0.0
HOSP-7023,The Johns Hopkins Hospital,gastroenterology,,1,84.0,45.0,3.0,830.0,1.0
HOSP-7024,The Johns Hopkins Hospital,neurology,2021-11-27,1,79.0,120.0,1.0,310.0,1.0
HOSP-7025,The Johns Hopkins Hospital,neurology,2020-09-20,1,46.0,90.0,5.0,1050.0,0.0
HOSP-7025,The Johns Hopkins Hospital,pulmonology,2021-01-27,1,42.0,75.0,28.0,780.0,1.0
HOSP-7026,The Johns Hopkins Hospital,gastroenterology,2023-02-27,1,36.0,60.0,16.0,1340.0,1.0
HOSP-7026,The Johns Hopkins Hospital,neurology,2021-01-21,1,36.0,90.0,29.0,210.0,1.0
HOSP-7027,The Johns Hopkins Hospital,gastroenterology,2024-05-31,1,11.0,75.0,28.0,760.0,0.0
HOSP-7027,The Johns Hopkins Hospital,gastroenterology,,1,42.0,90.0,4.0,1230.0,0.0
HOSP-7028,The Johns Hopkins Hospital,cardiology,2024-04-25,1,8.0,15.0,17.0,270.0,1.0
HOSP-7028,The Johns Hopkins Hospital,neurology,2023-09-15,1,30.0,15.0,8.0,1140.0,1.0
HOSP-7028,The Johns Hopkins Hospital,psychiatry,2021-02-17,1,60.0,120.0,13.0,1210.0,1.0
HOSP-7029,The Johns Hopkins Hospital,gastroenterology,,1,71.0,105.0,15.0,1510.0,0.0
HOSP-7029,The Johns Hopkins Hospital,infectious disease or internal medicine,2021-04-23,1,76.0,105.0,2.0,1430.0,1.0
HOSP-7030,The Johns Hopkins Hospital,endocrinology,2021-06-14,1,43.0,45.0,15.0,230.0,1.0
HOSP-7030,The Johns Hopkins Hospital,urology or nephrology,2021-04-25,1,14.0,45.0,28.0,780.0,0.0
HOSP-7031,The Johns Hopkins Hospital,endocrinology,2023-11-24,1,61.0,75.0,9.0,1100.0,1.0
HOSP-7032,The Johns Hopkins Hospital,infectious disease or internal medicine,,1,59.0,60.0,6.0,780.0,0.0
HOSP-7033,The Johns Hopkins Hospital,hepatology or gastroenterology,2023-10-31,1,24.0,105.0,20.0,280.0,0.0
HOSP-7033,The Johns Hopkins Hospital,hepatology or gastroenterology,,1,53.0,75.0,11.0,890.0,1.0
HOSP-7033,The Johns Hopkins Hospital,pulmonology or allergy and immunology,,1,8.0,120.0,2.0,1470.0,1.0
HOSP-7034,The Johns Hopkins Hospital,infectious disease or internal medicine,,1,21.0,45.0,6.0,1080.0,1.0
HOSP-7036,The Johns Hopkins Hospital,hepatology or gastroenterology,,1,87.0,75.0,4.0,1020.0,1.0
HOSP-7036,The Johns Hopkins Hospital,neurology,,1,71.0,120.0,13.0,690.0,0.0
HOSP-7037,The Johns Hopkins Hospital,cardiology or internal medicine,2023-09-14,1,26.0,60.0,18.0,420.0,1.0
HOSP-7037,The Johns Hopkins Hospital,neurology,,1,27.0,90.0,4.0,1270.0,1.0
HOSP-7039,The Johns Hopkins Hospital,cardiology or internal medicine,2021-01-19,1,16.0,120.0,19.0,1430.0,0.0
HOSP-7039,The Johns Hopkins Hospital,neurology,2021-01-20,1,8.0,60.0,18.0,840.0,0.0
HOSP-7040,The Johns Hopkins Hospital,pulmonology or allergy and immunology,2021-07-27,1,54.0,45.0,29.0,1460.0,0.0
HOSP-7041,The Johns Hopkins Hospital,neurology,2023-08-30,1,37.0,15.0,8.0,1230.0,0.0
HOSP-7042,The Johns Hopkins Hospital,neurology,2023-10-30,1,61.0,90.0,24.0,300.0,0.0
HOSP-7043,The Johns Hopkins Hospital,allergy and immunology,2023-08-29,1,65.0,30.0,22.0,190.0,0.0
HOSP-7043,The Johns Hopkins Hospital,cardiology,,1,33.0,45.0,13.0,240.0,0.0
HOSP-7045,The Johns Hopkins Hospital,cardiology,2023-12-28,1,41.0,105.0,21.0,490.0,0.0
HOSP-7047,The Johns Hopkins Hospital,pulmonology or allergy and immunology,,1,73.0,15.0,2.0,1520.0,0.0
HOSP-7050,The Johns Hopkins Hospital,gastroenterology,2022-03-14,1,19.0,75.0,11.0,480.0,0.0
HOSP-7051,The Johns Hopkins Hospital,infectious disease or internal medicine,2023-11-17,1,2.0,15.0,3.0,1140.0,0.0
HOSP-7052,The Johns Hopkins Hospital,hepatology or gastroenterology,2022-01-21,1,0.0,15.0,14.0,1150.0,0.0
HOSP-7054,The Johns Hopkins Hospital,oncology,,1,29.0,90.0,22.0,1600.0,0.0
HOSP-7056,The Johns Hopkins Hospital,infectious disease or internal medicine,,1,94.0,75.0,30.0,700.0,1.0
HOSP-7058,The Johns Hopkins Hospital,allergy and immunology,,1,26.0,45.0,6.0,690.0,1.0
HOSP-7059,The Johns Hopkins Hospital,infectious disease or internal medicine,2021-05-27,1,93.0,120.0,26.0,500.0,0.0
HOSP-7061,The Johns Hopkins Hospital,gastroenterology,2024-03-30,1,30.0,60.0,24.0,1270.0,0.0
HOSP-7061,The Johns Hopkins Hospital,neurology,,1,93.0,90.0,9.0,850.0,1.0
HOSP-7061,The Johns Hopkins Hospital,urology or nephrology,2024-05-27,1,49.0,90.0,10.0,190.0,0.0
HOSP-7063,The Johns Hopkins Hospital,neurology,2024-03-15,1,54.0,75.0,18.0,570.0,0.0
HOSP-7064,The Johns Hopkins Hospital,pulmonology or infectious disease,,1,34.0,30.0,9.0,390.0,0.0
HOSP-7065,The Johns Hopkins Hospital,cardiology,,1,56.0,30.0,18.0,510.0,1.0
HOSP-7065,The Johns Hopkins Hospital,psychiatry,2022-11-14,1,68.0,15.0,18.0,630.0,0.0
HOSP-7067,The Johns Hopkins Hospital,pulmonology or infectious disease,,1,48.0,90.0,27.0,980.0,1.0
HOSP-7068,The Johns Hopkins Hospital,neurology,2021-07-28,1,33.0,30.0,18.0,1140.0,1.0
HOSP-7069,The Johns Hopkins Hospital,hepatology,2022-05-14,1,23.0,105.0,1.0,1230.0,1.0
HOSP-7069,The Johns Hopkins Hospital,hepatology or gastroenterology,,1,41.0,30.0,12.0,500.0,0.0
HOSP-7070,The Johns Hopkins Hospital,dermatology,,1,52.0,75.0,8.0,210.0,0.0
HOSP-7071,The Johns Hopkins Hospital,psychiatry,2021-12-13,1,47.0,105.0,14.0,1210.0,1.0
HOSP-7072,The Johns Hopkins Hospital,neurology,,1,37.0,45.0,27.0,950.0,0.0
HOSP-7073,The Johns Hopkins Hospital,gastroenterology,2022-02-15,1,40.0,105.0,8.0,1180.0,0.0
HOSP-7073,The Johns Hopkins Hospital,neurology,2023-08-31,1,87.0,60.0,24.0,1240.0,0.0
HOSP-7073,The Johns Hopkins Hospital,psychiatry,2023-09-28,1,62.0,90.0,11.0,130.0,0.0
HOSP-7074,The Johns Hopkins Hospital,infectious disease or internal medicine,,1,30.0,15.0,16.0,1230.0,1.0
HOSP-7074,The Johns Hopkins Hospital,pulmonology,2023-12-26,1,15.0,45.0,22.0,500.0,0.0
HOSP-7075,The Johns Hopkins Hospital,gastroenterology,2020-12-19,1,19.0,45.0,22.0,680.0,1.0
HOSP-7075,The Johns Hopkins Hospital,pulmonology or infectious disease,2021-06-16,1,42.0,75.0,14.0,1110.0,1.0
HOSP-7076,The Johns Hopkins Hospital,pulmonology or allergy and immunology,2020-08-17,1,80.0,60.0,30.0,900.0,1.0
HOSP-7078,The Johns Hopkins Hospital,gastroenterology,2022-01-16,1,85.0,60.0,23.0,230.0,1.0
HOSP-7079,The Johns Hopkins Hospital,psychiatry,2020-12-16,1,77.0,120.0,7.0,450.0,0.0
HOSP-7082,The Johns Hopkins Hospital,psychiatry,,1,20.0,105.0,1.0,150.0,0.0
HOSP-7082,The Johns Hopkins Hospital,pulmonology or allergy and immunology,,1,72.0,45.0,16.0,860.0,1.0
HOSP-7084,The Johns Hopkins Hospital,cardiology,2021-04-25,1,16.0,45.0,8.0,620.0,1.0
HOSP-7085,The Johns Hopkins Hospital,pulmonology or infectious disease,2022-11-14,1,29.0,15.0,23.0,570.0,0.0
HOSP-7086,The Johns Hopkins Hospital,hepatology or gastroenterology,,1,48.0,120.0,19.0,100.0,0.0
HOSP-7087,The Johns Hopkins Hospital,psychiatry,,1,89.0,60.0,6.0,1520.0,1.0
HOSP-7088,The Johns Hopkins Hospital,gastroenterology,2022-04-19,1,43.0,15.0,2.0,1020.0,0.0
HOSP-7089,The Johns Hopkins Hospital,neurology,2024-05-29,1,67.0,45.0,29.0,820.0,1.0
HOSP-7090,The Johns Hopkins Hospital,nephrology,2022-06-14,1,74.0,105.0,26.0,1420.0,0.0
HOSP-7091,The Johns Hopkins Hospital,infectious disease or internal medicine,2022-05-17,1,81.0,60.0,6.0,1510.0,0.0
HOSP-7092,The Johns Hopkins Hospital,cardiology or internal medicine,,1,61.0,15.0,26.0,180.0,1.0
HOSP-7093,The Johns Hopkins Hospital,neurology,2022-05-20,1,5.0,45.0,29.0,410.0,0.0
HOSP-7093,The Johns Hopkins Hospital,oncology,2023-11-15,1,12.0,75.0,23.0,340.0,0.0
HOSP-7094,The Johns Hopkins Hospital,pulmonology or infectious disease,2020-10-29,1,39.0,60.0,9.0,510.0,1.0
HOSP-7096,The Johns Hopkins Hospital,cardiology or internal medicine,2022-01-26,1,73.0,15.0,12.0,140.0,0.0
HOSP-7097,The Johns Hopkins Hospital,neurology,2021-08-27,1,40.0,30.0,13.0,1220.0,0.0
HOSP-7098,The Johns Hopkins Hospital,neurology,2024-04-17,1,68.0,120.0,4.0,540.0,0.0
HOSP-7100,The Johns Hopkins Hospital,cardiology,,1,28.0,30.0,15.0,920.0,1.0
HOSP-7100,The Johns Hopkins Hospital,neurology,2022-12-31,1,30.0,60.0,3.0,510.0,0.0
HOSP-7102,The Johns Hopkins Hospital,pulmonology or allergy and immunology,2023-05-14,1,57.0,45.0,16.0,360.0,0.0
HOSP-7103,The Johns Hopkins Hospital,cardiology or internal medicine,2021-07-18,1,85.0,15.0,10.0,1320.0,0.0
HOSP-7106,The Johns Hopkins Hospital,cardiology or internal medicine,2020-11-27,1,2.0,90.0,1.0,610.0,0.0
HOSP-7107,The Johns Hopkins Hospital,hepatology or gastroenterology,2022-03-27,1,77.0,120.0,22.0,1080.0,0.0
HOSP-7107,The Johns Hopkins Hospital,infectious disease or internal medicine,2022-11-15,1,60.0,60.0,20.0,1150.0,0.0
HOSP-7108,The Johns Hopkins Hospital,psychiatry,,1,79.0,60.0,25.0,640.0,1.0
HOSP-7108,The Johns Hopkins Hospital,urology or nephrology,2022-01-27,1,68.0,60.0,24.0,710.0,1.0
HOSP-7109,The Johns Hopkins Hospital,neurology,2022-09-13,1,12.0,30.0,15.0,1560.0,1.0
HOSP-7109,The Johns Hopkins Hospital,psychiatry,2021-06-22,1,14.0,15.0,1.0,1160.0,0.0
HOSP-7110,The Johns Hopkins Hospital,neurology,2024-05-15,1,50.0,120.0,11.0,1570.0,0.0
HOSP-7111,The Johns Hopkins Hospital,endocrinology,2022-10-28,1,36.0,105.0,24.0,1010.0,1.0
HOSP-7111,The Johns Hopkins Hospital,rheumatology,2023-07-29,1,63.0,120.0,24.0,660.0,1.0
HOSP-7112,The Johns Hopkins Hospital,hepatology or gastroenterology,2022-08-15,1,48.0,90.0,29.0,1550.0,0.0
HOSP-7113,The Johns Hopkins Hospital,cardiology,2021-12-22,1,83.0,60.0,15.0,790.0,0.0
HOSP-7113,The Johns Hopkins Hospital,neurology,2022-11-30,1,24.0,105.0,18.0,310.0,1.0
HOSP-7114,The Johns Hopkins Hospital,neurology,2022-01-31,1,50.0,45.0,1.0,930.0,1.0
HOSP-7114,The Johns Hopkins Hospital,neurology,2023-06-29,1,0.0,60.0,26.0,730.0,0.0
HOSP-7114,The Johns Hopkins Hospital,neurology,,1,19.0,45.0,1.0,530.0,0.0
HOSP-7115,The Johns Hopkins Hospital,hepatology,2020-08-31,1,83.0,45.0,28.0,1340.0,1.0
HOSP-7116,The Johns Hopkins Hospital,infectious disease or internal medicine,,1,5.0,120.0,26.0,390.0,1.0
HOSP-7117,The Johns Hopkins Hospital,cardiology,,1,50.0,30.0,11.0,1050.0,1.0
HOSP-7119,The Johns Hopkins Hospital,infectious disease or internal medicine,,1,53.0,60.0,13.0,460.0,0.0
HOSP-7120,The Johns Hopkins Hospital,nephrology,,1,22.0,120.0,10.0,1330.0,0.0
HOSP-7121,The Johns Hopkins Hospital,hepatology or gastroenterology,,1,33.0,60.0,4.0,540.0,1.0
HOSP-7122,The Johns Hopkins Hospital,pulmonology or infectious disease,2023-12-23,1,54.0,120.0,29.0,1290.0,1.0
HOSP-7123,The Johns Hopkins Hospital,neurology,2022-09-16,1,49.0,30.0,15.0,730.0,1.0
HOSP-7123,The Johns Hopkins Hospital,pulmonology or allergy and immunology,2020-10-18,1,45.0,30.0,18.0,1060.0,0.0
HOSP-7124,The Johns Hopkins Hospital,pulmonology,,1,68.0,60.0,30.0,560.0,0.0
HOSP-7125,The Johns Hopkins Hospital,oncology,2022-01-23,1,18.0,120.0,12.0,680.0,1.0
HOSP-7126,The Johns Hopkins Hospital,hepatology,,1,73.0,45.0,6.0,1550.0,0.0
HOSP-7126,The Johns Hopkins Hospital,infectious disease or internal medicine,,1,59.0,15.0,23.0,160.0,1.0
HOSP-7127,The Johns Hopkins Hospital,gastroenterology,2021-05-14,1,74.0,30.0,18.0,1290.0,1.0
HOSP-7127,The Johns Hopkins Hospital,infectious disease,,1,57.0,15.0,11.0,1000.0,0.0
HOSP-7129,The Johns Hopkins Hospital,cardiology,2023-01-29,1,39.0,105.0,29.0,1240.0,1.0
HOSP-7130,The Johns Hopkins Hospital,neurology,,1,6.0,30.0,10.0,790.0,0.0
HOSP-7131,The Johns Hopkins Hospital,hepatology or gastroenterology,2021-04-26,1,43.0,90.0,15.0,1000.0,0.0
HOSP-7131,The Johns Hopkins Hospital,neurology,2021-09-26,1,20.0,90.0,21.0,430.0,0.0
HOSP-7131,The Johns Hopkins Hospital,urology or nephrology,,1,55.0,90.0,10.0,650.0,1.0
HOSP-7133,The Johns Hopkins Hospital,infectious disease or internal medicine,2024-01-15,1,48.0,105.0,21.0,280.0,1.0
HOSP-7133,The Johns Hopkins Hospital,pulmonology or allergy and immunology,2022-09-14,1,83.0,75.0,7.0,1220.0,1.0
HOSP-7134,The Johns Hopkins Hospital,gastroenterology,2021-01-14,1,42.0,60.0,29.0,1320.0,0.0
HOSP-7135,The Johns Hopkins Hospital,cardiology,2023-03-20,1,64.0,60.0,28.0,1350.0,0.0
HOSP-7136,The Johns Hopkins Hospital,pulmonology,,1,39.0,30.0,10.0,1160.0,0.0
HOSP-7136,The Johns Hopkins Hospital,pulmonology or allergy and immunology,,1,10.0,120.0,3.0,860.0,0.0
HOSP-7137,The Johns Hopkins Hospital,cardiology,2023-01-18,1,28.0,75.0,2.0,400.0,0.0
HOSP-7137,The Johns Hopkins Hospital,hepatology or gastroenterology,2023-06-16,1,41.0,45.0,1.0,1430.0,0.0
HOSP-7137,The Johns Hopkins Hospital,nephrology,,1,73.0,75.0,13.0,1480.0,0.0
HOSP-7138,The Johns Hopkins Hospital,pulmonology or infectious disease,2023-02-14,1,74.0,60.0,9.0,120.0,0.0
HOSP-7139,The Johns Hopkins Hospital,neurology,2022-08-31,1,63.0,45.0,30.0,830.0,0.0
HOSP-7140,The Johns Hopkins Hospital,endocrinology,2020-12-20,1,7.0,30.0,22.0,1000.0,1.0
HOSP-7141,The Johns Hopkins Hospital,dermatology,2022-05-17,1,86.0,60.0,24.0,1570.0,1.0
HOSP-7141,The Johns Hopkins Hospital,endocrinology,2020-10-18,1,62.0,45.0,4.0,570.0,1.0
HOSP-7142,The Johns Hopkins Hospital,infectious disease or internal medicine,,1,6.0,105.0,20.0,940.0,0.0
HOSP-7142,The Johns Hopkins Hospital,nephrology,2021-10-14,1,47.0,60.0,19.0,520.0,1.0
HOSP-7143,The Johns Hopkins Hospital,rheumatology,2023-03-26,1,22.0,120.0,29.0,260.0,1.0
HOSP-7145,The Johns Hopkins Hospital,neurology,2022-03-18,1,82.0,120.0,19.0,330.0,0.0
HOSP-7145,The Johns Hopkins Hospital,neurology,,1,46.0,45.0,22.0,410.0,0.0
HOSP-7147,The Johns Hopkins Hospital,gastroenterology,2024-06-27,1,48.0,105.0,21.0,670.0,1.0
HOSP-7147,The Johns Hopkins Hospital,neurology,2022-03-20,1,40.0,60.0,2.0,1210.0,1.0
HOSP-7148,The Johns Hopkins Hospital,oncology,2020-10-14,1,78.0,105.0,8.0,660.0,1.0
HOSP-7148,The Johns Hopkins Hospital,rheumatology,,1,6.0,105.0,10.0,390.0,0.0
HOSP-7151,The Johns Hopkins Hospital,hepatology or gastroenterology,2022-09-27,1,12.0,30.0,27.0,1250.0,1.0
HOSP-7154,The Johns Hopkins Hospital,gastroenterology,2022-03-18,1,15.0,120.0,17.0,620.0,0.0
HOSP-7154,The Johns Hopkins Hospital,hepatology or gastroenterology,2021-07-26,1,56.0,90.0,3.0,1260.0,0.0
HOSP-7157,The Johns Hopkins Hospital,neurology,2022-02-25,1,52.0,30.0,19.0,1190.0,1.0
HOSP-7159,The Johns Hopkins Hospital,infectious disease or internal medicine,,1,92.0,90.0,10.0,1370.0,1.0
HOSP-7161,The Johns Hopkins Hospital,endocrinology,,1,43.0,45.0,7.0,1540.0,1.0
HOSP-7162,The Johns Hopkins Hospital,gastroenterology,2021-06-16,1,83.0,75.0,15.0,940.0,1.0
HOSP-7165,The Johns Hopkins Hospital,neurology,,1,11.0,30.0,21.0,480.0,0.0
HOSP-7165,The Johns Hopkins Hospital,rheumatology,2022-02-28,1,18.0,15.0,3.0,1600.0,1.0
HOSP-7167,The Johns Hopkins Hospital,pulmonology,,1,43.0,105.0,19.0,130.0,0.0
HOSP-7169,The Johns Hopkins Hospital,gastroenterology,,1,89.0,105.0,27.0,310.0,1.0
HOSP-7170,The Johns Hopkins Hospital,pulmonology,2020-10-23,1,17.0,120.0,7.0,1230.0,1.0
HOSP-7170,The Johns Hopkins Hospital,pulmonology or allergy and immunology,,1,7.0,15.0,4.0,710.0,1.0
HOSP-7171,The Johns Hopkins Hospital,neurology,,1,21.0,75.0,12.0,370.0,0.0
HOSP-7171,The Johns Hopkins Hospital,pulmonology or allergy and immunology,2022-07-27,1,63.0,90.0,22.0,750.0,0.0
HOSP-7173,The Johns Hopkins Hospital,pulmonology or allergy and immunology,,1,16.0,60.0,16.0,530.0,1.0
HOSP-7174,The Johns Hopkins Hospital,endocrinology,2023-01-27,1,76.0,120.0,17.0,1170.0,0.0
HOSP-7174,The Johns Hopkins Hospital,hepatology or gastroenterology,2023-03-29,1,10.0,30.0,2.0,860.0,1.0
HOSP-7175,The Johns Hopkins Hospital,rheumatology,2021-12-20,1,36.0,15.0,22.0,700.0,0.0
HOSP-7176,The Johns Hopkins Hospital,hepatology or gastroenterology,2022-11-24,1,73.0,60.0,19.0,910.0,0.0
HOSP-7178,The Johns Hopkins Hospital,urology or nephrology,,1,52.0,75.0,17.0,310.0,0.0
HOSP-7179,The Johns Hopkins Hospital,infectious disease,,1,54.0,30.0,22.0,830.0,1.0
HOSP-7180,The Johns Hopkins Hospital,endocrinology,,1,88.0,45.0,19.0,690.0,0.0
HOSP-7180,The Johns Hopkins Hospital,psychiatry,2024-02-23,1,49.0,75.0,28.0,310.0,0.0
HOSP-7181,The Johns Hopkins Hospital,psychiatry,2022-03-31,1,70.0,30.0,8.0,1350.0,0.0
HOSP-7182,The Johns Hopkins Hospital,gastroenterology,,1,79.0,90.0,4.0,970.0,1.0
HOSP-7183,The Johns Hopkins Hospital,endocrinology,2024-03-21,1,21.0,75.0,18.0,720.0,0.0
HOSP-7183,The Johns Hopkins Hospital,gastroenterology,2022-07-14,1,91.0,30.0,25.0,1310.0,1.0
HOSP-7183,The Johns Hopkins Hospital,gastroenterology,,1,71.0,120.0,29.0,1570.0,0.0
HOSP-7185,The Johns Hopkins Hospital,neurology,2023-02-22,1,53.0,15.0,8.0,210.0,1.0
HOSP-7186,The Johns Hopkins Hospital,gastroenterology,,1,34.0,120.0,30.0,1190.0,0.0
HOSP-7186,The Johns Hopkins Hospital,urology or nephrology,2024-01-31,1,6.0,75.0,22.0,1250.0,0.0
HOSP-7187,The Johns Hopkins Hospital,gastroenterology,,1,35.0,90.0,3.0,1210.0,1.0
HOSP-7188,The Johns Hopkins Hospital,dermatology,2022-12-22,1,89.0,105.0,30.0,440.0,1.0
HOSP-7188,The Johns Hopkins Hospital,oncology,2020-11-17,1,60.0,30.0,27.0,380.0,0.0
HOSP-7188,The Johns Hopkins Hospital,pulmonology,2020-08-23,1,41.0,90.0,16.0,770.0,1.0
HOSP-7189,The Johns Hopkins Hospital,neurology,,2,43.0,112.5,19.0,790.0,1.0
HOSP-7190,The Johns Hopkins Hospital,gastroenterology,2022-04-15,1,1.0,60.0,26.0,280.0,0.0
HOSP-7190,The Johns Hopkins Hospital,gastroenterology,,1,34.0,90.0,20.0,980.0,1.0
HOSP-7190,The Johns Hopkins Hospital,infectious disease or internal medicine,2022-06-18,1,60.0,30.0,23.0,1500.0,0.0
HOSP-7190,The Johns Hopkins Hospital,neurology,2022-11-21,1,73.0,15.0,19.0,1130.0,0.0
HOSP-7191,The Johns Hopkins Hospital,gastroenterology,2023-07-14,1,41.0,105.0,14.0,960.0,0.0
HOSP-7191,The Johns Hopkins Hospital,gastroenterology,,1,93.0,90.0,10.0,920.0,0.0
HOSP-7191,The Johns Hopkins Hospital,hepatology or gastroenterology,,1,44.0,105.0,19.0,1070.0,0.0
HOSP-7192,The Johns Hopkins Hospital,gastroenterology,2021-03-25,1,21.0,105.0,25.0,1160.0,0.0
HOSP-7192,The Johns Hopkins Hospital,hepatology or gastroenterology,2022-05-28,1,66.0,60.0,11.0,1080.0,1.0
HOSP-7192,The Johns Hopkins Hospital,neurology,,1,63.0,105.0,20.0,1520.0,1.0
HOSP-7194,The Johns Hopkins Hospital,allergy and immunology,2024-01-16,1,32.0,45.0,5.0,1520.0,0.0
HOSP-7194,The Johns Hopkins Hospital,urology or nephrology,2021-10-18,1,29.0,60.0,17.0,710.0,0.0
HOSP-7195,The Johns Hopkins Hospital,cardiology,2022-01-22,1,86.0,15.0,21.0,1510.0,0.0
HOSP-7197,The Johns Hopkins Hospital,cardiology,,1,61.0,105.0,30.0,140.0,1.0
HOSP-7197,The Johns Hopkins Hospital,dermatology,2021-04-29,1,58.0,75.0,25.0,420.0,1.0
HOSP-7197,The Johns Hopkins Hospital,gastroenterology,2021-09-24,1,37.0,15.0,18.0,130.0,0.0
HOSP-7197,The Johns Hopkins Hospital,hepatology,,1,40.0,30.0,11.0,630.0,0.0
HOSP-7197,The Johns Hopkins Hospital,neurology,,1,59.0,60.0,29.0,1240.0,0.0
HOSP-7197,The Johns Hopkins Hospital,oncology,,1,38.0,90.0,29.0,580.0,0.0
HOSP-7197,The Johns Hopkins Hospital,psychiatry,2023-09-13,1,37.0,120.0,4.0,390.0,0.0
HOSP-7199,The Johns Hopkins Hospital,gastroenterology,,1,10.0,15.0,14.0,620.0,1.0
HOSP-7200,The Johns Hopkins Hospital,gastroenterology,,1,63.0,45.0,10.0,620.0,1.0
HOSP-7200,The Johns Hopkins Hospital,pulmonology or allergy and immunology,2020-10-27,1,89.0,75.0,29.0,680.0,0.0
HOSP-7201,The Johns Hopkins Hospital,gastroenterology,2021-01-25,1,31.0,75.0,30.0,380.0,0.0
HOSP-7202,The Johns Hopkins Hospital,nephrology,,1,49.0,105.0,10.0,1390.0,0.0
HOSP-7202,The Johns Hopkins Hospital,psychiatry,,1,9.0,30.0,16.0,1110.0,1.0
HOSP-7203,The Johns Hopkins Hospital,pulmonology or allergy and immunology,2021-09-27,1,59.0,75.0,29.0,1000.0,0.0
HOSP-7206,The Johns Hopkins Hospital,psychiatry,2022-06-22,1,8.0,60.0,16.0,580.0,1.0
HOSP-7206,The Johns Hopkins Hospital,pulmonology,2023-11-15,1,43.0,30.0,13.0,1110.0,0.0
HOSP-7206,The Johns Hopkins Hospital,pulmonology,,1,71.0,105.0,20.0,180.0,1.0
HOSP-7207,The Johns Hopkins Hospital,cardiology,2023-07-31,1,31.0,90.0,29.0,590.0,0.0
HOSP-7207,The Johns Hopkins Hospital,infectious disease or internal medicine,2023-06-30,1,7.0,90.0,8.0,280.0,0.0
HOSP-7208,The Johns Hopkins Hospital,gastroenterology,,1,6.0,105.0,26.0,1220.0,0.0
HOSP-7208,The Johns Hopkins Hospital,pulmonology or infectious disease,2024-07-15,1,45.0,75.0,4.0,940.0,0.0
HOSP-7209,The Johns Hopkins Hospital,allergy and immunology,,1,24.0,60.0,28.0,550.0,1.0
HOSP-7209,The Johns Hopkins Hospital,gastroenterology,,1,12.0,45.0,14.0,420.0,0.0
HOSP-7210,The Johns Hopkins Hospital,gastroenterology,2023-03-13,1,67.0,75.0,7.0,920.0,1.0
HOSP-7211,The Johns Hopkins Hospital,cardiology,,1,66.0,120.0,16.0,520.0,0.0
HOSP-7212,The Johns Hopkins Hospital,cardiology,2023-10-21,1,94.0,45.0,26.0,210.0,1.0
HOSP-7212,The Johns Hopkins Hospital,rheumatology,2022-11-18,1,0.0,105.0,26.0,270.0,1.0
HOSP-7214,The Johns Hopkins Hospital,urology or nephrology,2023-01-29,1,73.0,90.0,11.0,220.0,0.0
HOSP-7216,The Johns Hopkins Hospital,pulmonology or allergy and immunology,,1,91.0,15.0,26.0,740.0,1.0
HOSP-7216,The Johns Hopkins Hospital,urology or nephrology,,1,39.0,15.0,11.0,1400.0,0.0
HOSP-7217,The Johns Hopkins Hospital,urology or nephrology,,1,66.0,45.0,22.0,200.0,0.0
HOSP-7218,The Johns Hopkins Hospital,neurology,,1,15.0,90.0,20.0,1440.0,0.0
HOSP-7220,The Johns Hopkins Hospital,neurology,2024-03-23,1,28.0,105.0,14.0,530.0,1.0
HOSP-7220,The Johns Hopkins Hospital,rheumatology,,1,60.0,75.0,7.0,670.0,0.0
HOSP-7221,The Johns Hopkins Hospital,neurology,2022-02-20,1,86.0,30.0,6.0,1300.0,1.0
HOSP-7221,The Johns Hopkins Hospital,psychiatry,2021-05-13,1,75.0,45.0,3.0,340.0,1.0
HOSP-7223,The Johns Hopkins Hospital,gastroenterology,2020-11-15,1,3.0,120.0,2.0,810.0,0.0
HOSP-7226,The Johns Hopkins Hospital,cardiology,2023-01-23,1,23.0,75.0,7.0,470.0,0.0
HOSP-7227,The Johns Hopkins Hospital,cardiology,,1,20.0,30.0,1.0,690.0,0.0
HOSP-7228,The Johns Hopkins Hospital,oncology,2023-10-25,1,39.0,15.0,24.0,620.0,0.0
HOSP-7231,The Johns Hopkins Hospital,endocrinology,,1,4.0,105.0,18.0,100.0,1.0
HOSP-7233,The Johns Hopkins Hospital,gastroenterology,2024-06-23,1,83.0,30.0,5.0,1160.0,0.0
HOSP-7233,The Johns Hopkins Hospital,neurology,2020-09-19,1,40.0,105.0,9.0,1270.0,0.0
HOSP-7233,The Johns Hopkins Hospital,neurology,2022-09-19,1,12.0,45.0,29.0,1320.0,0.0
HOSP-7234,The Johns Hopkins Hospital,gastroenterology,2024-01-19,1,55.0,15.0,17.0,770.0,0.0
HOSP-7234,The Johns Hopkins Hospital,rheumatology,,1,0.0,15.0,19.0,810.0,1.0
HOSP-7240,The Johns Hopkins Hospital,endocrinology,,1,30.0,105.0,22.0,270.0,1.0
HOSP-7240,The Johns Hopkins Hospital,neurology,2022-09-23,1,93.0,75.0,25.0,1160.0,0.0
HOSP-7240,The Johns Hopkins Hospital,neurology,,1,5.0,45.0,15.0,1540.0,0.0
HOSP-7241,The Johns Hopkins Hospital,hepatology,2020-12-31,1,88.0,60.0,27.0,820.0,0.0
HOSP-7242,The Johns Hopkins Hospital,nephrology,2023-12-16,1,12.0,30.0,22.0,580.0,0.0
HOSP-7242,The Johns Hopkins Hospital,neurology,2021-08-21,1,80.0,30.0,1.0,600.0,0.0
HOSP-7242,The Johns Hopkins Hospital,neurology,2024-03-18,1,12.0,90.0,26.0,170.0,1.0
HOSP-7243,The Johns Hopkins Hospital,gastroenterology,,1,46.0,105.0,22.0,300.0,0.0
HOSP-7243,The Johns Hopkins Hospital,infectious disease,,1,82.0,15.0,22.0,380.0,0.0
HOSP-7244,The Johns Hopkins Hospital,cardiology or internal medicine,2023-08-18,1,30.0,105.0,1.0,520.0,1.0
HOSP-7244,The Johns Hopkins Hospital,gastroenterology,,1,47.0,45.0,30.0,580.0,0.0
HOSP-7245,The Johns Hopkins Hospital,gastroenterology,,1,44.0,120.0,21.0,1180.0,0.0
HOSP-7247,The Johns Hopkins Hospital,oncology,,1,77.0,75.0,20.0,1450.0,1.0
HOSP-7248,The Johns Hopkins Hospital,neurology,,1,46.0,30.0,30.0,730.0,0.0
HOSP-7249,The Johns Hopkins Hospital,endocrinology,2022-03-21,1,69.0,30.0,10.0,970.0,0.0
HOSP-7250,The Johns Hopkins Hospital,cardiology or internal medicine,2023-05-25,1,87.0,60.0,19.0,820.0,1.0
HOSP-7250,The Johns Hopkins Hospital,infectious disease or internal medicine,,1,44.0,120.0,30.0,210.0,1.0
HOSP-7250,The Johns Hopkins Hospital,oncology,2024-07-14,1,94.0,15.0,2.0,1220.0,1.0
HOSP-7250,The Johns Hopkins Hospital,pulmonology or allergy and immunology,2022-09-24,1,70.0,45.0,15.0,1570.0,0.0
HOSP-7251,The Johns Hopkins Hospital,neurology,,1,12.0,30.0,21.0,500.0,0.0
HOSP-7251,The Johns Hopkins Hospital,rheumatology,,1,62.0,75.0,26.0,1290.0,1.0
HOSP-7251,The Johns Hopkins Hospital,urology or nephrology,2021-04-25,1,92.0,15.0,1.0,1050.0,1.0
HOSP-7252,The Johns Hopkins Hospital,hepatology or gastroenterology,2024-07-13,1,60.0,75.0,21.0,120.0,1.0
HOSP-7253,The Johns Hopkins Hospital,allergy and immunology,,1,72.0,120.0,4.0,860.0,0.0
HOSP-7253,The Johns Hopkins Hospital,neurology,2022-05-23,1,79.0,30.0,28.0,1170.0,0.0
HOSP-7254,The Johns Hopkins Hospital,infectious disease,2023-12-21,1,73.0,30.0,11.0,870.0,0.0
HOSP-7254,The Johns Hopkins Hospital,psychiatry,2023-05-25,1,42.0,30.0,2.0,1030.0,1.0
HOSP-7254,The Johns Hopkins Hospital,rheumatology,2023-11-15,1,62.0,30.0,10.0,110.0,1.0
HOSP-7257,The Johns Hopkins Hospital,hepatology,2023-12-26,1,81.0,120.0,7.0,580.0,0.0
HOSP-7257,The Johns Hopkins Hospital,infectious disease or internal medicine,,1,12.0,30.0,19.0,530.0,1.0
HOSP-7258,The Johns Hopkins Hospital,allergy and immunology,,1,63.0,105.0,2.0,1470.0,0.0
HOSP-7258,The Johns Hopkins Hospital,gastroenterology,,1,68.0,15.0,8.0,370.0,0.0
HOSP-7258,The Johns Hopkins Hospital,hepatology,,1,53.0,105.0,26.0,730.0,0.0
HOSP-7258,The Johns Hopkins Hospital,neurology,,1,92.0,90.0,7.0,1150.0,1.0
HOSP-7258,The Johns Hopkins Hospital,pulmonology,,1,78.0,90.0,8.0,1050.0,1.0
HOSP-7258,The Johns Hopkins Hospital,rheumatology,,1,76.0,90.0,14.0,590.0,0.0
HOSP-7259,The Johns Hopkins Hospital,neurology,,1,87.0,90.0,10.0,730.0,0.0
HOSP-7261,The Johns Hopkins Hospital,infectious disease,,1,48.0,60.0,16.0,1060.0,1.0
HOSP-7264,The Johns Hopkins Hospital,pulmonology or allergy and immunology,2022-11-13,1,39.0,45.0,22.0,1310.0,1.0
HOSP-7264,The Johns Hopkins Hospital,rheumatology,,1,44.0,15.0,17.0,320.0,1.0
HOSP-7265,The Johns Hopkins Hospital,oncology,2021-03-19,1,47.0,105.0,27.0,370.0,0.0
HOSP-7266,The Johns Hopkins Hospital,nephrology,,1,82.0,75.0,21.0,1550.0,1.0
HOSP-7266,The Johns Hopkins Hospital,neurology,,1,71.0,30.0,4.0,1130.0,1.0
HOSP-7266,The Johns Hopkins Hospital,oncology,,1,13.0,60.0,2.0,640.0,0.0
HOSP-7267,The Johns Hopkins Hospital,infectious disease or internal medicine,2023-11-29,1,10.0,45.0,29.0,290.0,1.0
HOSP-7267,The Johns Hopkins Hospital,neurology,,1,87.0,75.0,21.0,180.0,1.0
HOSP-7268,The Johns Hopkins Hospital,neurology,2023-04-24,1,18.0,15.0,10.0,770.0,0.0
HOSP-7269,The Johns Hopkins Hospital,gastroenterology,,1,2.0,15.0,22.0,980.0,0.0
HOSP-7270,The Johns Hopkins Hospital,rheumatology,,1,57.0,120.0,29.0,380.0,0.0
HOSP-7271,The Johns Hopkins Hospital,oncology,,1,12.0,30.0,7.0,1210.0,0.0
HOSP-7271,The Johns Hopkins Hospital,pulmonology or allergy and immunology,,1,46.0,120.0,6.0,790.0,1.0
HOSP-7272,The Johns Hopkins Hospital,pulmonology or allergy and immunology,,1,38.0,75.0,15.0,880.0,0.0
HOSP-7273,The Johns Hopkins Hospital,infectious disease,,1,9.0,60.0,29.0,210.0,1.0
HOSP-7274,The Johns Hopkins Hospital,gastroenterology,2021-09-18,1,42.0,120.0,21.0,960.0,0.0
HOSP-7276,The Johns Hopkins Hospital,endocrinology,2023-02-25,1,9.0,105.0,21.0,160.0,0.0
HOSP-7276,The Johns Hopkins Hospital,gastroenterology,,1,52.0,60.0,4.0,640.0,0.0
HOSP-7277,The Johns Hopkins Hospital,infectious disease or internal medicine,,1,53.0,120.0,14.0,1370.0,1.0
HOSP-7277,The Johns Hopkins Hospital,pulmonology or infectious disease,,1,64.0,15.0,22.0,950.0,0.0
HOSP-7278,The Johns Hopkins Hospital,infectious disease or internal medicine,,1,82.0,90.0,30.0,710.0,1.0
HOSP-7278,The Johns Hopkins Hospital,pulmonology or allergy and immunology,2021-01-26,1,60.0,45.0,15.0,1170.0,1.0
HOSP-7278,The Johns Hopkins Hospital,rheumatology,2022-04-23,1,31.0,120.0,22.0,1410.0,1.0
HOSP-7281,The Johns Hopkins Hospital,neurology,2020-12-20,1,30.0,120.0,8.0,1410.0,0.0
HOSP-7282,The Johns Hopkins Hospital,cardiology or internal medicine,,1,72.0,105.0,6.0,120.0,0.0
HOSP-7283,The Johns Hopkins Hospital,nephrology,2022-04-13,1,46.0,45.0,13.0,630.0,1.0
HOSP-7284,The Johns Hopkins Hospital,rheumatology,,1,44.0,45.0,29.0,910.0,0.0
HOSP-7285,The Johns Hopkins Hospital,psychiatry,,1,82.0,105.0,9.0,1420.0,0.0
HOSP-7286,The Johns Hopkins Hospital,psychiatry,,1,79.0,90.0,1.0,1340.0,1.0
HOSP-7289,The Johns Hopkins Hospital,infectious disease or internal medicine,2020-12-18,1,15.0,120.0,15.0,1460.0,1.0
HOSP-7290,The Johns Hopkins Hospital,urology or nephrology,,1,28.0,60.0,25.0,440.0,1.0
HOSP-7292,The Johns Hopkins Hospital,neurology,,1,32.0,120.0,23.0,1530.0,0.0
HOSP-7294,The Johns Hopkins Hospital,psychiatry,2024-04-23,1,93.0,75.0,8.0,1110.0,0.0
HOSP-7294,The Johns Hopkins Hospital,pulmonology or allergy and immunology,,1,85.0,60.0,3.0,410.0,1.0
HOSP-7295,The Johns Hopkins Hospital,endocrinology,2023-02-19,1,36.0,105.0,14.0,1250.0,0.0
HOSP-7296,The Johns Hopkins Hospital,cardiology,2022-02-17,1,24.0,45.0,2.0,810.0,0.0
HOSP-7296,The Johns Hopkins Hospital,infectious disease or internal medicine,,1,70.0,105.0,10.0,1070.0,0.0
HOSP-7296,The Johns Hopkins Hospital,neurology,2022-06-27,1,25.0,30.0,25.0,270.0,0.0
HOSP-7299,The Johns Hopkins Hospital,hepatology or gastroenterology,2024-06-18,1,31.0,45.0,19.0,380.0,1.0
HOSP-7300,The Johns Hopkins Hospital,cardiology,,1,73.0,30.0,19.0,760.0,1.0
HOSP-7302,The Johns Hopkins Hospital,gastroenterology,,1,40.0,15.0,12.0,720.0,0.0
HOSP-7302,The Johns Hopkins Hospital,rheumatology,,1,74.0,60.0,6.0,550.0,0.0
HOSP-7305,The Johns Hopkins Hospital,dermatology,2021-07-13,1,62.0,60.0,4.0,1270.0,0.0
HOSP-7305,The Johns Hopkins Hospital,infectious disease,2021-08-25,1,51.0,75.0,29.0,1570.0,0.0
HOSP-7306,The Johns Hopkins Hospital,rheumatology,2024-03-24,1,68.0,90.0,27.0,380.0,1.0
HOSP-7308,The Johns Hopkins Hospital,cardiology or internal medicine,2023-04-14,1,66.0,45.0,28.0,1050.0,0.0
HOSP-7308,The Johns Hopkins Hospital,pulmonology or allergy and immunology,2021-01-21,1,78.0,75.0,10.0,490.0,1.0
HOSP-7309,The Johns Hopkins Hospital,allergy and immunology,2023-05-19,1,0.0,75.0,18.0,1560.0,0.0
HOSP-7309,The Johns Hopkins Hospital,urology or nephrology,,1,33.0,45.0,8.0,1060.0,0.0
HOSP-7310,The Johns Hopkins Hospital,cardiology,2022-08-16,1,0.0,120.0,19.0,1260.0,0.0
HOSP-7310,The Johns Hopkins Hospital,hepatology or gastroenterology,2023-09-21,1,26.0,120.0,18.0,780.0,1.0
HOSP-7310,The Johns Hopkins Hospital,infectious disease or internal medicine,2022-11-28,1,48.0,15.0,25.0,1260.0,0.0
HOSP-7310,The Johns Hopkins Hospital,urology or nephrology,2021-03-27,1,61.0,30.0,12.0,630.0,0.0
HOSP-7313,The Johns Hopkins Hospital,neurology,2023-09-13,1,85.0,15.0,30.0,290.0,0.0
HOSP-7316,The Johns Hopkins Hospital,nephrology,,1,82.0,60.0,24.0,1450.0,0.0
HOSP-7316,The Johns Hopkins Hospital,rheumatology,,1,35.0,120.0,22.0,310.0,1.0
HOSP-7317,The Johns Hopkins Hospital,pulmonology or infectious disease,2021-10-14,1,19.0,90.0,5.0,890.0,1.0
HOSP-7317,The Johns Hopkins Hospital,rheumatology,,1,55.0,45.0,5.0,270.0,1.0
HOSP-7318,The Johns Hopkins Hospital,psychiatry,2021-04-20,1,7.0,105.0,24.0,830.0,1.0
HOSP-7318,The Johns Hopkins Hospital,pulmonology or allergy and immunology,2023-04-16,1,12.0,75.0,26.0,1080.0,1.0
HOSP-7319,The Johns Hopkins Hospital,pulmonology,,1,3.0,30.0,19.0,610.0,0.0
HOSP-7320,The Johns Hopkins Hospital,dermatology,2023-01-19,1,91.0,15.0,2.0,1350.0,1.0
HOSP-7320,The Johns Hopkins Hospital,nephrology,,1,89.0,105.0,25.0,1090.0,0.0
HOSP-7323,The Johns Hopkins Hospital,gastroenterology,2023-08-31,1,28.0,75.0,22.0,870.0,0.0
HOSP-7323,The Johns Hopkins Hospital,gastroenterology,,1,25.0,75.0,19.0,190.0,1.0
HOSP-7323,The Johns Hopkins Hospital,neurology,2022-01-29,1,69.0,45.0,12.0,1160.0,0.0
HOSP-7324,The Johns Hopkins Hospital,neurology,2020-07-28,1,22.0,120.0,14.0,340.0,0.0
HOSP-7324,The Johns Hopkins Hospital,pulmonology or infectious disease,,1,55.0,120.0,1.0,220.0,0.0
HOSP-7327,The Johns Hopkins Hospital,infectious disease or internal medicine,2023-07-19,1,88.0,105.0,28.0,590.0,0.0
HOSP-7327,The Johns Hopkins Hospital,neurology,2023-01-27,1,3.0,105.0,29.0,1490.0,0.0
HOSP-7327,The Johns Hopkins Hospital,neurology,,1,75.0,90.0,24.0,630.0,1.0
HOSP-7327,The Johns Hopkins Hospital,psychiatry,2024-04-26,1,30.0,90.0,23.0,1590.0,0.0
HOSP-7328,The Johns Hopkins Hospital,endocrinology,,1,91.0,60.0,11.0,1600.0,1.0
HOSP-7328,The Johns Hopkins Hospital,pulmonology or allergy and immunology,2020-10-23,1,38.0,105.0,5.0,1480.0,0.0
HOSP-7328,The Johns Hopkins Hospital,pulmonology or infectious disease,2023-12-21,1,49.0,60.0,29.0,1050.0,0.0
HOSP-7329,The Johns Hopkins Hospital,psychiatry,2023-10-30,1,71.0,45.0,4.0,1580.0,1.0
HOSP-7330,The Johns Hopkins Hospital,gastroenterology,2021-12-15,1,45.0,75.0,8.0,790.0,1.0
HOSP-7330,The Johns Hopkins Hospital,pulmonology,2024-01-27,1,1.0,75.0,21.0,1300.0,0.0
HOSP-7332,The Johns Hopkins Hospital,gastroenterology,2022-11-28,1,1.0,60.0,25.0,1200.0,0.0
HOSP-7332,The Johns Hopkins Hospital,gastroenterology,2023-05-16,1,71.0,30.0,16.0,310.0,0.0
HOSP-7333,The Johns Hopkins Hospital,oncology,2024-04-25,1,42.0,90.0,7.0,220.0,0.0
HOSP-7334,The Johns Hopkins Hospital,endocrinology,,1,39.0,45.0,2.0,100.0,0.0
HOSP-7334,The Johns Hopkins Hospital,rheumatology,,1,77.0,120.0,1.0,450.0,1.0
HOSP-7335,The Johns Hopkins Hospital,endocrinology,,1,52.0,120.0,30.0,1070.0,1.0
HOSP-7336,The Johns Hopkins Hospital,neurology,2022-11-25,1,60.0,75.0,21.0,300.0,0.0
HOSP-7336,The Johns Hopkins Hospital,urology or nephrology,2022-05-25,1,66.0,90.0,23.0,130.0,1.0
HOSP-7337,The Johns Hopkins Hospital,oncology,,1,84.0,30.0,9.0,420.0,0.0
HOSP-7337,The Johns Hopkins Hospital,pulmonology or allergy and immunology,2023-12-21,1,45.0,105.0,14.0,1370.0,0.0
HOSP-7338,The Johns Hopkins Hospital,cardiology or internal medicine,2023-02-17,1,9.0,45.0,28.0,1580.0,1.0
HOSP-7339,The Johns Hopkins Hospital,hepatology or gastroenterology,,1,89.0,105.0,17.0,1150.0,0.0
HOSP-7339,The Johns Hopkins Hospital,nephrology,2022-06-13,1,11.0,75.0,12.0,610.0,0.0
HOSP-7340,The Johns Hopkins Hospital,cardiology,2023-12-24,1,8.0,90.0,14.0,1340.0,1.0
HOSP-7340,The Johns Hopkins Hospital,pulmonology or allergy and immunology,,1,61.0,90.0,21.0,860.0,1.0
HOSP-7340,The Johns Hopkins Hospital,rheumatology,2020-12-21,1,55.0,120.0,3.0,890.0,0.0
HOSP-7341,The Johns Hopkins Hospital,endocrinology,2021-11-22,1,84.0,15.0,20.0,640.0,1.0
HOSP-7342,The Johns Hopkins Hospital,psychiatry,2021-03-18,1,22.0,60.0,21.0,160.0,0.0
HOSP-7345,The Johns Hopkins Hospital,hepatology,,1,6.0,75.0,12.0,830.0,1.0
HOSP-7345,The Johns Hopkins Hospital,neurology,2021-03-31,1,21.0,30.0,1.0,510.0,0.0
HOSP-7345,The Johns Hopkins Hospital,neurology,2023-02-23,1,63.0,120.0,14.0,890.0,0.0
HOSP-7349,The Johns Hopkins Hospital,psychiatry,,1,63.0,60.0,28.0,1430.0,1.0
HOSP-7351,The Johns Hopkins Hospital,cardiology,,1,2.0,105.0,27.0,790.0,0.0
HOSP-7353,The Johns Hopkins Hospital,gastroenterology,2021-02-21,1,91.0,15.0,20.0,380.0,0.0
HOSP-7353,The Johns Hopkins Hospital,gastroenterology,,1,75.0,60.0,13.0,1180.0,0.0
HOSP-7354,The Johns Hopkins Hospital,gastroenterology,2020-10-16,1,27.0,30.0,1.0,1390.0,1.0
HOSP-7355,The Johns Hopkins Hospital,hepatology or gastroenterology,2024-02-28,1,86.0,120.0,27.0,1520.0,0.0
HOSP-7357,The Johns Hopkins Hospital,neurology,,1,15.0,60.0,9.0,580.0,1.0
HOSP-7357,The Johns Hopkins Hospital,psychiatry,,1,54.0,90.0,12.0,280.0,1.0
HOSP-7358,The Johns Hopkins Hospital,neurology,2020-09-18,1,48.0,15.0,6.0,860.0,0.0
HOSP-7358,The Johns Hopkins Hospital,rheumatology,,1,5.0,105.0,16.0,1520.0,0.0
HOSP-7359,The Johns Hopkins Hospital,endocrinology,,1,80.0,105.0,29.0,1350.0,1.0
HOSP-7362,The Johns Hopkins Hospital,neurology,2021-05-29,1,12.0,105.0,12.0,1110.0,0.0
HOSP-7363,The Johns Hopkins Hospital,hepatology,2023-07-19,1,62.0,60.0,4.0,750.0,0.0
HOSP-7365,The Johns Hopkins Hospital,infectious disease or internal medicine,2023-05-26,1,60.0,30.0,14.0,1310.0,1.0
HOSP-7367,The Johns Hopkins Hospital,rheumatology,2021-10-17,1,3.0,105.0,10.0,1450.0,0.0
HOSP-7369,The Johns Hopkins Hospital,allergy and immunology,2021-07-23,1,60.0,90.0,14.0,240.0,0.0
HOSP-7369,The Johns Hopkins Hospital,endocrinology,,1,58.0,105.0,7.0,1480.0,1.0
HOSP-7371,The Johns Hopkins Hospital,neurology,,1,91.0,15.0,9.0,170.0,1.0
HOSP-7372,The Johns Hopkins Hospital,neurology,2022-02-14,1,8.0,15.0,27.0,1090.0,1.0
HOSP-7372,The Johns Hopkins Hospital,neurology,2023-03-24,1,60.0,30.0,18.0,780.0,1.0
HOSP-7372,The Johns Hopkins Hospital,neurology,,1,36.0,120.0,20.0,570.0,0.0
HOSP-7373,The Johns Hopkins Hospital,psychiatry,,1,89.0,90.0,30.0,760.0,0.0
HOSP-7374,The Johns Hopkins Hospital,gastroenterology,,1,87.0,30.0,30.0,1390.0,1.0
HOSP-7374,The Johns Hopkins Hospital,neurology,,1,90.0,30.0,2.0,1430.0,0.0
HOSP-7375,The Johns Hopkins Hospital,pulmonology,2022-07-25,1,23.0,90.0,30.0,960.0,1.0
HOSP-7377,The Johns Hopkins Hospital,hepatology,2020-07-29,1,28.0,120.0,21.0,850.0,0.0
HOSP-7378,The Johns Hopkins Hospital,psychiatry,2021-10-21,1,60.0,45.0,15.0,660.0,0.0
HOSP-7380,The Johns Hopkins Hospital,allergy and immunology,,1,29.0,30.0,6.0,1080.0,0.0
HOSP-7380,The Johns Hopkins Hospital,infectious disease or internal medicine,2021-07-22,1,6.0,30.0,13.0,1110.0,0.0
HOSP-7380,The Johns Hopkins Hospital,rheumatology,2022-12-21,1,13.0,30.0,6.0,510.0,0.0
HOSP-7382,The Johns Hopkins Hospital,cardiology,,1,40.0,105.0,1.0,710.0,1.0
HOSP-7383,The Johns Hopkins Hospital,psychiatry,,1,22.0,120.0,8.0,1120.0,0.0
HOSP-7384,The Johns Hopkins Hospital,allergy and immunology,,1,43.0,15.0,16.0,1510.0,0.0
HOSP-7384,The Johns Hopkins Hospital,cardiology,,1,5.0,75.0,20.0,200.0,1.0
HOSP-7384,The Johns Hopkins Hospital,rheumatology,2024-07-16,1,56.0,120.0,6.0,790.0,1.0
HOSP-7385,The Johns Hopkins Hospital,endocrinology,2022-03-27,1,71.0,75.0,25.0,650.0,1.0
HOSP-7386,The Johns Hopkins Hospital,gastroenterology,2021-11-21,1,51.0,15.0,20.0,1320.0,0.0
HOSP-7386,The Johns Hopkins Hospital,neurology,,1,45.0,60.0,30.0,460.0,0.0
HOSP-7386,The Johns Hopkins Hospital,psychiatry,2022-08-17,1,61.0,15.0,15.0,190.0,0.0
HOSP-7387,The Johns Hopkins Hospital,neurology,2021-04-30,1,57.0,15.0,5.0,720.0,0.0
HOSP-7388,The Johns Hopkins Hospital,gastroenterology,2022-08-18,1,66.0,120.0,8.0,1140.0,0.0
HOSP-7388,The Johns Hopkins Hospital,neurology,2021-05-13,1,44.0,120.0,11.0,550.0,1.0
HOSP-7388,The Johns Hopkins Hospital,rheumatology,2022-07-16,1,30.0,30.0,29.0,150.0,1.0
HOSP-7389,The Johns Hopkins Hospital,allergy and immunology,2021-06-24,1,52.0,15.0,4.0,1480.0,0.0
HOSP-7389,The Johns Hopkins Hospital,psychiatry,,1,25.0,45.0,6.0,710.0,1.0
HOSP-7392,The Johns Hopkins Hospital,psychiatry,,1,40.0,60.0,13.0,620.0,1.0
HOSP-7393,The Johns Hopkins Hospital,dermatology,2023-12-24,1,65.0,120.0,25.0,150.0,0.0
HOSP-7393,The Johns Hopkins Hospital,oncology,2023-11-21,1,47.0,75.0,13.0,640.0,1.0
HOSP-7393,The Johns Hopkins Hospital,pulmonology or allergy and immunology,2021-04-26,1,77.0,45.0,25.0,1280.0,0.0
HOSP-7394,The Johns Hopkins Hospital,cardiology,2021-07-22,1,51.0,120.0,19.0,990.0,1.0
HOSP-7395,The Johns Hopkins Hospital,allergy and immunology,2021-03-25,1,39.0,75.0,3.0,800.0,1.0
HOSP-7395,The Johns Hopkins Hospital,hepatology or gastroenterology,2022-02-28,1,87.0,45.0,25.0,710.0,0.0
HOSP-7396,The Johns Hopkins Hospital,neurology,2023-02-24,1,54.0,75.0,9.0,860.0,0.0
HOSP-7397,The Johns Hopkins Hospital,cardiology or internal medicine,2023-04-14,1,52.0,90.0,22.0,1170.0,0.0
HOSP-7397,The Johns Hopkins Hospital,gastroenterology,,1,41.0,120.0,20.0,100.0,1.0
HOSP-7397,The Johns Hopkins Hospital,pulmonology,,1,44.0,45.0,20.0,1540.0,1.0
HOSP-7399,The Johns Hopkins Hospital,infectious disease or internal medicine,2021-10-13,1,63.0,90.0,8.0,880.0,1.0
HOSP-7399,The Johns Hopkins Hospital,infectious disease or internal medicine,,1,4.0,120.0,8.0,580.0,0.0
HOSP-7399,The Johns Hopkins Hospital,psychiatry,2023-06-23,1,47.0,45.0,27.0,180.0,1.0
HOSP-7400,The Johns Hopkins Hospital,dermatology,,1,51.0,30.0,9.0,580.0,0.0
HOSP-7407,The Johns Hopkins Hospital,dermatology,,1,60.0,15.0,7.0,210.0,1.0
HOSP-7407,The Johns Hopkins Hospital,hepatology,2023-03-25,1,34.0,90.0,13.0,950.0,0.0
HOSP-7409,The Johns Hopkins Hospital,gastroenterology,,1,36.0,90.0,23.0,160.0,0.0
HOSP-7411,The Johns Hopkins Hospital,neurology,2021-09-20,1,84.0,45.0,5.0,1530.0,0.0
HOSP-7412,The Johns Hopkins Hospital,psychiatry,,1,55.0,90.0,4.0,1330.0,0.0
HOSP-7413,The Johns Hopkins Hospital,oncology,,1,69.0,75.0,1.0,260.0,1.0
HOSP-7415,The Johns Hopkins Hospital,dermatology,,1,44.0,30.0,4.0,1170.0,1.0
HOSP-7415,The Johns Hopkins Hospital,gastroenterology,2020-10-28,1,92.0,75.0,16.0,660.0,0.0
HOSP-7417,The Johns Hopkins Hospital,neurology,,1,71.0,30.0,11.0,390.0,0.0
HOSP-7417,The Johns Hopkins Hospital,oncology,2021-08-20,1,41.0,105.0,27.0,1530.0,1.0
HOSP-7417,The Johns Hopkins Hospital,psychiatry,,1,42.0,120.0,5.0,800.0,0.0
HOSP-7418,The Johns Hopkins Hospital,allergy and immunology,2021-05-28,1,9.0,75.0,6.0,1010.0,0.0
HOSP-7418,The Johns Hopkins Hospital,rheumatology,,1,30.0,90.0,1.0,1220.0,1.0
HOSP-7419,The Johns Hopkins Hospital,allergy and immunology,2021-12-24,1,92.0,15.0,7.0,1010.0,1.0
HOSP-7419,The Johns Hopkins Hospital,neurology,2022-09-30,1,33.0,75.0,20.0,1220.0,0.0
HOSP-7419,The Johns Hopkins Hospital,urology or nephrology,2020-09-20,1,43.0,90.0,19.0,1450.0,1.0
HOSP-7421,The Johns Hopkins Hospital,neurology,,1,91.0,120.0,19.0,1030.0,0.0
HOSP-7425,The Johns Hopkins Hospital,infectious disease,,1,35.0,15.0,1.0,1500.0,0.0
HOSP-7426,The Johns Hopkins Hospital,urology or nephrology,2021-01-20,1,51.0,75.0,12.0,1010.0,0.0
HOSP-7428,The Johns Hopkins Hospital,dermatology,2021-11-16,1,59.0,105.0,20.0,1050.0,1.0
HOSP-7429,The Johns Hopkins Hospital,pulmonology or infectious disease,2023-04-21,1,68.0,60.0,29.0,1190.0,1.0
HOSP-7430,The Johns Hopkins Hospital,infectious disease,2023-08-15,1,82.0,75.0,4.0,950.0,0.0
HOSP-7431,The Johns Hopkins Hospital,gastroenterology,,1,17.0,75.0,21.0,110.0,0.0
HOSP-7432,The Johns Hopkins Hospital,gastroenterology,,1,18.0,15.0,6.0,710.0,0.0
HOSP-7433,The Johns Hopkins Hospital,cardiology or internal medicine,,1,94.0,45.0,28.0,170.0,1.0
HOSP-7438,The Johns Hopkins Hospital,allergy and immunology,,1,89.0,120.0,30.0,890.0,0.0
HOSP-7438,The Johns Hopkins Hospital,dermatology,2021-04-15,1,28.0,105.0,6.0,1120.0,0.0
HOSP-7439,The Johns Hopkins Hospital,urology or nephrology,2021-05-21,1,56.0,120.0,16.0,620.0,0.0
HOSP-7441,The Johns Hopkins Hospital,hepatology,2020-08-20,1,85.0,15.0,30.0,880.0,1.0
HOSP-7442,The Johns Hopkins Hospital,allergy and immunology,,1,12.0,15.0,18.0,720.0,0.0
HOSP-7442,The Johns Hopkins Hospital,endocrinology,,1,28.0,15.0,7.0,620.0,0.0
HOSP-7442,The Johns Hopkins Hospital,hepatology,2023-06-28,1,36.0,90.0,5.0,490.0,1.0
HOSP-7443,The Johns Hopkins Hospital,dermatology,,1,70.0,45.0,9.0,730.0,0.0
HOSP-7443,The Johns Hopkins Hospital,pulmonology or allergy and immunology,2023-04-17,1,45.0,105.0,24.0,500.0,0.0
HOSP-7444,The Johns Hopkins Hospital,allergy and immunology,2022-08-20,1,71.0,90.0,18.0,990.0,0.0
HOSP-7444,The Johns Hopkins Hospital,neurology,2022-05-24,1,66.0,30.0,13.0,830.0,1.0
HOSP-7445,The Johns Hopkins Hospital,neurology,2023-02-28,1,11.0,30.0,10.0,570.0,0.0
HOSP-7447,The Johns Hopkins Hospital,pulmonology or infectious disease,,1,8.0,45.0,5.0,1450.0,0.0
HOSP-7449,The Johns Hopkins Hospital,infectious disease,2024-04-15,1,26.0,60.0,14.0,940.0,1.0
HOSP-7451,The Johns Hopkins Hospital,psychiatry,2022-02-27,1,21.0,105.0,2.0,1070.0,0.0
HOSP-7455,The Johns Hopkins Hospital,neurology,,1,65.0,30.0,7.0,1240.0,0.0
HOSP-7456,The Johns Hopkins Hospital,hepatology,2024-03-21,1,17.0,60.0,11.0,110.0,0.0
HOSP-7458,The Johns Hopkins Hospital,cardiology,,1,82.0,75.0,20.0,1350.0,0.0
HOSP-7459,The Johns Hopkins Hospital,hepatology or gastroenterology,2023-07-29,1,64.0,45.0,29.0,350.0,0.0
HOSP-7459,The Johns Hopkins Hospital,infectious disease,2021-04-28,1,37.0,120.0,25.0,840.0,0.0
HOSP-7459,The Johns Hopkins Hospital,infectious disease or internal medicine,,1,9.0,15.0,4.0,1130.0,1.0
HOSP-7459,The Johns Hopkins Hospital,pulmonology or infectious disease,2021-04-28,1,65.0,75.0,11.0,390.0,1.0
HOSP-7460,The Johns Hopkins Hospital,nephrology,2023-03-27,1,45.0,60.0,20.0,250.0,0.0
HOSP-7460,The Johns Hopkins Hospital,pulmonology,,1,8.0,105.0,19.0,1050.0,0.0
HOSP-7461,The Johns Hopkins Hospital,infectious disease,2021-06-25,1,90.0,105.0,19.0,640.0,0.0
HOSP-7462,The Johns Hopkins Hospital,allergy and immunology,2021-10-28,1,34.0,90.0,14.0,1070.0,1.0
HOSP-7464,The Johns Hopkins Hospital,endocrinology,2021-10-16,1,57.0,105.0,29.0,380.0,0.0
HOSP-7464,The Johns Hopkins Hospital,endocrinology,2024-07-14,1,67.0,75.0,2.0,1470.0,0.0
HOSP-7465,The Johns Hopkins Hospital,neurology,2022-02-13,1,29.0,75.0,22.0,810.0,1.0
HOSP-7465,The Johns Hopkins Hospital,psychiatry,2023-06-16,1,50.0,15.0,3.0,420.0,0.0
HOSP-7466,The Johns Hopkins Hospital,gastroenterology,,1,74.0,15.0,5.0,360.0,0.0
HOSP-7467,The Johns Hopkins Hospital,psychiatry,,1,34.0,105.0,22.0,200.0,0.0
HOSP-7467,The Johns Hopkins Hospital,pulmonology or infectious disease,2023-03-23,1,32.0,75.0,28.0,400.0,0.0
HOSP-7468,The Johns Hopkins Hospital,infectious disease,2023-07-30,1,12.0,105.0,2.0,1540.0,0.0
HOSP-7470,The Johns Hopkins Hospital,infectious disease or internal medicine,2022-04-24,1,54.0,90.0,24.0,1290.0,0.0
HOSP-7470,The Johns Hopkins Hospital,pulmonology or infectious disease,2023-12-31,1,44.0,15.0,14.0,800.0,0.0
HOSP-7471,The Johns Hopkins Hospital,hepatology,2022-10-28,1,76.0,30.0,8.0,280.0,1.0
HOSP-7471,The Johns Hopkins Hospital,rheumatology,2020-08-25,1,28.0,105.0,3.0,1130.0,0.0
HOSP-7471,The Johns Hopkins Hospital,urology or nephrology,,1,62.0,45.0,3.0,490.0,0.0
HOSP-7472,The Johns Hopkins Hospital,hepatology or gastroenterology,2023-12-25,1,70.0,90.0,18.0,1410.0,0.0
HOSP-7472,The Johns Hopkins Hospital,nephrology,,1,79.0,90.0,10.0,190.0,0.0
HOSP-7472,The Johns Hopkins Hospital,psychiatry,2023-07-14,1,25.0,105.0,26.0,310.0,1.0
HOSP-7473,The Johns Hopkins Hospital,cardiology,2021-09-29,1,34.0,90.0,26.0,1420.0,0.0
HOSP-7473,The Johns Hopkins Hospital,gastroenterology,,1,43.0,60.0,30.0,420.0,1.0
HOSP-7473,The Johns Hopkins Hospital,neurology,2023-07-16,1,91.0,75.0,27.0,1510.0,0.0
HOSP-7475,The Johns Hopkins Hospital,allergy and immunology,,1,51.0,15.0,22.0,1250.0,0.0
HOSP-7476,The Johns Hopkins Hospital,pulmonology,,1,14.0,105.0,23.0,1050.0,1.0
HOSP-7477,The Johns Hopkins Hospital,cardiology or internal medicine,,1,69.0,30.0,21.0,760.0,0.0
HOSP-7479,The Johns Hopkins Hospital,rheumatology,2024-04-24,1,3.0,60.0,17.0,1330.0,0.0
HOSP-7480,The Johns Hopkins Hospital,endocrinology,,1,30.0,30.0,18.0,1370.0,0.0
HOSP-7482,The Johns Hopkins Hospital,hepatology or gastroenterology,2024-03-22,1,24.0,120.0,16.0,600.0,0.0
HOSP-7482,The Johns Hopkins Hospital,urology or nephrology,2022-01-29,1,73.0,90.0,11.0,1200.0,0.0
HOSP-7483,The Johns Hopkins Hospital,cardiology or internal medicine,2020-10-25,1,74.0,120.0,30.0,1200.0,0.0
HOSP-7483,The Johns Hopkins Hospital,hepatology,,1,43.0,15.0,30.0,1520.0,0.0
HOSP-7483,The Johns Hopkins Hospital,neurology,,1,59.0,120.0,5.0,1190.0,0.0
HOSP-7484,The Johns Hopkins Hospital,cardiology,,1,92.0,15.0,16.0,1520.0,0.0
HOSP-7484,The Johns Hopkins Hospital,urology or nephrology,,1,84.0,105.0,4.0,570.0,0.0
HOSP-7487,The Johns Hopkins Hospital,psychiatry,,1,26.0,30.0,13.0,730.0,0.0
HOSP-7488,The Johns Hopkins Hospital,infectious disease,,1,58.0,75.0,11.0,800.0,0.0
HOSP-7488,The Johns Hopkins Hospital,neurology,,1,88.0,90.0,29.0,750.0,0.0
HOSP-7490,The Johns Hopkins Hospital,neurology,,1,54.0,75.0,20.0,1570.0,0.0
HOSP-7490,The Johns Hopkins Hospital,pulmonology,2024-03-23,1,64.0,120.0,21.0,740.0,0.0
HOSP-7491,The Johns Hopkins Hospital,neurology,,1,82.0,60.0,18.0,870.0,1.0
HOSP-7493,The Johns Hopkins Hospital,oncology,,1,11.0,75.0,6.0,780.0,1.0
HOSP-7494,The Johns Hopkins Hospital,hepatology or gastroenterology,2023-09-14,1,16.0,60.0,1.0,1520.0,0.0
HOSP-7494,The Johns Hopkins Hospital,neurology,2021-05-31,1,83.0,105.0,3.0,650.0,1.0
HOSP-7495,The Johns Hopkins Hospital,pulmonology,2022-03-20,1,78.0,30.0,8.0,1280.0,1.0
HOSP-7497,The Johns Hopkins Hospital,infectious disease or internal medicine,,1,45.0,60.0,3.0,1250.0,0.0
HOSP-7499,The Johns Hopkins Hospital,cardiology,,1,53.0,90.0,20.0,700.0,0.0
HOSP-7499,The Johns Hopkins Hospital,gastroenterology,2021-05-13,1,4.0,30.0,2.0,1330.0,0.0
HOSP-7500,The Johns Hopkins Hospital,oncology,,1,13.0,30.0,5.0,1580.0,1.0
HOSP-7501,The Johns Hopkins Hospital,infectious disease or internal medicine,,1,51.0,15.0,22.0,600.0,1.0
HOSP-7502,The Johns Hopkins Hospital,neurology,2020-12-20,1,64.0,105.0,10.0,460.0,0.0
HOSP-7503,The Johns Hopkins Hospital,psychiatry,,1,78.0,120.0,2.0,830.0,0.0
HOSP-7503,The Johns Hopkins Hospital,urology or nephrology,,1,36.0,60.0,16.0,1530.0,1.0
HOSP-7504,The Johns Hopkins Hospital,cardiology,,1,88.0,60.0,22.0,1270.0,1.0
HOSP-7505,The Johns Hopkins Hospital,gastroenterology,,1,11.0,60.0,28.0,670.0,0.0
HOSP-7505,The Johns Hopkins Hospital,pulmonology or allergy and immunology,2021-07-14,1,60.0,15.0,2.0,140.0,0.0
HOSP-7506,The Johns Hopkins Hospital,hepatology,2021-01-19,1,4.0,15.0,18.0,260.0,0.0
HOSP-7506,The Johns Hopkins Hospital,rheumatology,2023-11-26,1,89.0,90.0,4.0,1400.0,1.0
HOSP-7511,The Johns Hopkins Hospital,allergy and immunology,2022-11-19,1,95.0,60.0,16.0,360.0,1.0
HOSP-7512,The Johns Hopkins Hospital,endocrinology,,2,42.0,75.0,19.5,960.0,0.0
HOSP-7513,The Johns Hopkins Hospital,gastroenterology,,1,59.0,105.0,4.0,190.0,0.0
HOSP-7514,The Johns Hopkins Hospital,infectious disease or internal medicine,,1,86.0,15.0,4.0,810.0,0.0
HOSP-7515,The Johns Hopkins Hospital,pulmonology,2021-10-27,1,84.0,90.0,17.0,1490.0,1.0
HOSP-7516,The Johns Hopkins Hospital,gastroenterology,,1,34.0,90.0,26.0,1370.0,1.0
HOSP-7518,The Johns Hopkins Hospital,gastroenterology,,1,62.0,90.0,18.0,520.0,1.0
HOSP-7518,The Johns Hopkins Hospital,neurology,,1,50.0,60.0,7.0,1320.0,1.0
HOSP-7518,The Johns Hopkins Hospital,psychiatry,,1,17.0,90.0,15.0,650.0,0.0
HOSP-7519,The Johns Hopkins Hospital,gastroenterology,,1,35.0,120.0,29.0,1570.0,1.0
HOSP-7520,The Johns Hopkins Hospital,oncology,,1,9.0,120.0,2.0,350.0,1.0
HOSP-7521,The Johns Hopkins Hospital,infectious disease or internal medicine,2021-08-14,1,32.0,105.0,29.0,1270.0,0.0
HOSP-7526,The Johns Hopkins Hospital,rheumatology,2020-08-13,1,17.0,105.0,11.0,1520.0,0.0
HOSP-7526,The Johns Hopkins Hospital,rheumatology,2021-12-13,1,26.0,90.0,3.0,660.0,1.0
HOSP-7527,The Johns Hopkins Hospital,infectious disease,2023-06-13,1,48.0,120.0,22.0,1410.0,0.0
HOSP-7528,The Johns Hopkins Hospital,infectious disease or internal medicine,,1,74.0,75.0,13.0,840.0,0.0
HOSP-7528,The Johns Hopkins Hospital,pulmonology or allergy and immunology,,1,52.0,105.0,7.0,580.0,0.0
HOSP-7528,The Johns Hopkins Hospital,rheumatology,2022-04-13,1,22.0,30.0,11.0,850.0,0.0
HOSP-7531,The Johns Hopkins Hospital,allergy and immunology,2023-11-21,1,3.0,120.0,12.0,410.0,0.0
HOSP-7531,The Johns Hopkins Hospital,hepatology,,1,66.0,60.0,20.0,550.0,0.0
HOSP-7531,The Johns Hopkins Hospital,pulmonology or allergy and immunology,2023-06-21,1,13.0,90.0,15.0,710.0,0.0
HOSP-7533,The Johns Hopkins Hospital,cardiology or internal medicine,,1,67.0,45.0,14.0,200.0,0.0
HOSP-7533,The Johns Hopkins Hospital,pulmonology or allergy and immunology,2021-07-24,1,42.0,30.0,26.0,1480.0,0.0
HOSP-7534,The Johns Hopkins Hospital,cardiology,,1,89.0,75.0,2.0,170.0,1.0
HOSP-7534,The Johns Hopkins Hospital,infectious disease or internal medicine,2023-04-25,1,68.0,105.0,28.0,420.0,0.0
HOSP-7535,The Johns Hopkins Hospital,gastroenterology,2020-10-30,1,1.0,45.0,14.0,1050.0,1.0
HOSP-7535,The Johns Hopkins Hospital,hepatology or gastroenterology,2023-12-17,1,36.0,60.0,15.0,780.0,1.0
HOSP-7536,The Johns Hopkins Hospital,gastroenterology,,1,45.0,15.0,5.0,940.0,0.0
HOSP-7537,The Johns Hopkins Hospital,allergy and immunology,,1,87.0,75.0,25.0,1040.0,0.0
HOSP-7537,The Johns Hopkins Hospital,nephrology,,1,89.0,15.0,26.0,350.0,0.0
HOSP-7537,The Johns Hopkins Hospital,psychiatry,2022-12-20,1,23.0,105.0,18.0,900.0,1.0
HOSP-7538,The Johns Hopkins Hospital,neurology,2022-03-19,1,42.0,105.0,14.0,540.0,0.0
HOSP-7538,The Johns Hopkins Hospital,psychiatry,2021-12-14,1,54.0,75.0,8.0,1090.0,0.0
HOSP-7539,The Johns Hopkins Hospital,hepatology or gastroenterology,,1,36.0,90.0,29.0,610.0,0.0
HOSP-7540,The Johns Hopkins Hospital,urology or nephrology,2020-07-24,1,36.0,75.0,26.0,640.0,1.0
HOSP-7541,The Johns Hopkins Hospital,neurology,,1,58.0,90.0,8.0,780.0,1.0
HOSP-7542,The Johns Hopkins Hospital,neurology,2022-10-20,1,12.0,30.0,13.0,940.0,1.0
HOSP-7542,The Johns Hopkins Hospital,psychiatry,2022-05-25,1,89.0,75.0,17.0,610.0,1.0
HOSP-7543,The Johns Hopkins Hospital,endocrinology,,1,11.0,90.0,1.0,580.0,0.0
HOSP-7543,The Johns Hopkins Hospital,pulmonology,,1,0.0,105.0,23.0,900.0,0.0
HOSP-7545,The Johns Hopkins Hospital,rheumatology,,1,59.0,45.0,21.0,540.0,0.0
HOSP-7547,The Johns Hopkins Hospital,neurology,2021-02-15,1,60.0,45.0,24.0,460.0,1.0
HOSP-7550,The Johns Hopkins Hospital,oncology,2024-02-21,1,26.0,15.0,17.0,1110.0,0.0
HOSP-7551,The Johns Hopkins Hospital,hepatology,2022-03-26,1,13.0,105.0,29.0,1100.0,1.0
HOSP-7551,The Johns Hopkins Hospital,nephrology,,1,21.0,60.0,27.0,480.0,0.0
HOSP-7551,The Johns Hopkins Hospital,neurology,,1,44.0,15.0,25.0,240.0,0.0
HOSP-7553,The Johns Hopkins Hospital,allergy and immunology,,1,36.0,120.0,2.0,1580.0,0.0
HOSP-7553,The Johns Hopkins Hospital,urology or nephrology,,1,82.0,120.0,20.0,1110.0,1.0
HOSP-7554,The Johns Hopkins Hospital,dermatology,2022-04-21,1,69.0,15.0,18.0,1420.0,1.0
HOSP-7555,The Johns Hopkins Hospital,gastroenterology,,1,26.0,30.0,26.0,140.0,0.0
HOSP-7555,The Johns Hopkins Hospital,oncology,,1,53.0,60.0,27.0,780.0,0.0
HOSP-7555,The Johns Hopkins Hospital,rheumatology,2023-11-30,1,46.0,30.0,10.0,650.0,1.0
HOSP-7560,The Johns Hopkins Hospital,infectious disease or internal medicine,,1,72.0,90.0,6.0,1260.0,1.0
HOSP-7561,The Johns Hopkins Hospital,oncology,,1,36.0,60.0,27.0,1150.0,1.0
HOSP-7562,The Johns Hopkins Hospital,gastroenterology,2020-09-28,1,23.0,120.0,22.0,430.0,0.0
HOSP-7562,The Johns Hopkins Hospital,infectious disease,2023-07-14,1,5.0,30.0,8.0,240.0,0.0
HOSP-7562,The Johns Hopkins Hospital,infectious disease or internal medicine,2022-12-21,1,83.0,60.0,17.0,730.0,1.0
HOSP-7564,The Johns Hopkins Hospital,cardiology,2020-09-28,1,34.0,90.0,24.0,230.0,1.0
HOSP-7564,The Johns Hopkins Hospital,hepatology or gastroenterology,,1,66.0,105.0,20.0,360.0,0.0
HOSP-7566,The Johns Hopkins Hospital,endocrinology,2024-03-15,1,14.0,105.0,25.0,610.0,1.0
HOSP-7567,The Johns Hopkins Hospital,urology or nephrology,,1,70.0,45.0,30.0,260.0,1.0
HOSP-7570,The Johns Hopkins Hospital,endocrinology,2020-10-21,1,58.0,120.0,19.0,1340.0,1.0
HOSP-7571,The Johns Hopkins Hospital,cardiology or internal medicine,2022-08-14,1,25.0,30.0,14.0,230.0,0.0
HOSP-7571,The Johns Hopkins Hospital,psychiatry,,1,38.0,60.0,21.0,690.0,0.0
HOSP-7572,The Johns Hopkins Hospital,psychiatry,,1,77.0,45.0,13.0,280.0,0.0
HOSP-7572,The Johns Hopkins Hospital,urology or nephrology,2020-09-15,1,46.0,105.0,13.0,210.0,0.0
HOSP-7575,The Johns Hopkins Hospital,cardiology or internal medicine,2021-11-21,1,29.0,75.0,13.0,380.0,0.0
HOSP-7575,The Johns Hopkins Hospital,gastroenterology,2022-05-13,1,1.0,105.0,22.0,130.0,1.0
HOSP-7575,The Johns Hopkins Hospital,gastroenterology,2023-05-30,1,84.0,90.0,6.0,320.0,1.0
HOSP-7576,The Johns Hopkins Hospital,neurology,2023-05-13,1,45.0,90.0,24.0,620.0,1.0
HOSP-7577,The Johns Hopkins Hospital,cardiology or internal medicine,2021-04-21,1,43.0,105.0,16.0,1050.0,1.0
HOSP-7577,The Johns Hopkins Hospital,infectious disease,,1,8.0,60.0,24.0,470.0,0.0
HOSP-7579,The Johns Hopkins Hospital,infectious disease or internal medicine,2024-03-13,1,5.0,90.0,29.0,1470.0,0.0
HOSP-7579,The Johns Hopkins Hospital,oncology,2021-11-27,1,93.0,15.0,24.0,140.0,0.0
HOSP-7579,The Johns Hopkins Hospital,oncology,,1,30.0,60.0,19.0,1380.0,0.0
HOSP-7579,The Johns Hopkins Hospital,urology or nephrology,,1,83.0,60.0,22.0,130.0,0.0
HOSP-7580,The Johns Hopkins Hospital,oncology,,1,16.0,60.0,8.0,610.0,0.0
HOSP-7581,The Johns Hopkins Hospital,rheumatology,2020-12-31,1,81.0,45.0,10.0,270.0,0.0
HOSP-7584,The Johns Hopkins Hospital,rheumatology,2023-02-18,1,93.0,90.0,23.0,1280.0,1.0
HOSP-7585,The Johns Hopkins Hospital,urology or nephrology,,1,50.0,45.0,15.0,660.0,0.0
HOSP-7588,The Johns Hopkins Hospital,pulmonology or allergy and immunology,2021-12-25,1,15.0,45.0,15.0,370.0,0.0
HOSP-7588,The Johns Hopkins Hospital,pulmonology or allergy and immunology,2024-07-22,1,42.0,45.0,1.0,560.0,0.0
HOSP-7589,The Johns Hopkins Hospital,cardiology or internal medicine,2022-07-18,1,68.0,90.0,6.0,1110.0,0.0
HOSP-7589,The Johns Hopkins Hospital,psychiatry,,1,29.0,105.0,22.0,230.0,1.0
HOSP-7590,The Johns Hopkins Hospital,gastroenterology,2020-10-19,1,15.0,75.0,24.0,1520.0,0.0
HOSP-7591,The Johns Hopkins Hospital,gastroenterology,2020-08-27,1,46.0,90.0,9.0,380.0,1.0
HOSP-7591,The Johns Hopkins Hospital,infectious disease or internal medicine,,1,47.0,30.0,18.0,910.0,1.0
HOSP-7591,The Johns Hopkins Hospital,nephrology,2020-10-22,1,23.0,105.0,6.0,820.0,0.0
HOSP-7594,The Johns Hopkins Hospital,dermatology,2021-11-27,1,47.0,75.0,5.0,380.0,1.0
HOSP-7596,The Johns Hopkins Hospital,allergy and immunology,2021-05-30,1,16.0,30.0,19.0,1020.0,1.0
HOSP-7597,The Johns Hopkins Hospital,neurology,2022-06-13,1,18.0,60.0,24.0,530.0,1.0
HOSP-7598,The Johns Hopkins Hospital,endocrinology,2021-01-20,1,53.0,45.0,19.0,800.0,1.0
HOSP-7598,The Johns Hopkins Hospital,rheumatology,,1,39.0,45.0,30.0,840.0,0.0
HOSP-7599,The Johns Hopkins Hospital,dermatology,2024-06-18,1,71.0,90.0,10.0,180.0,0.0
HOSP-7600,The Johns Hopkins Hospital,infectious disease,2022-05-13,1,40.0,105.0,25.0,1030.0,0.0
HOSP-7601,The Johns Hopkins Hospital,neurology,2021-12-29,1,66.0,45.0,25.0,1440.0,0.0
HOSP-7602,The Johns Hopkins Hospital,gastroenterology,,1,86.0,60.0,23.0,870.0,1.0
HOSP-7602,The Johns Hopkins Hospital,infectious disease or internal medicine,2023-02-23,1,13.0,105.0,2.0,1080.0,0.0
HOSP-7604,The Johns Hopkins Hospital,hepatology or gastroenterology,,1,25.0,75.0,23.0,1470.0,0.0
HOSP-7604,The Johns Hopkins Hospital,pulmonology or infectious disease,2023-09-30,1,46.0,105.0,19.0,730.0,0.0
HOSP-7605,The Johns Hopkins Hospital,cardiology or internal medicine,,1,81.0,45.0,27.0,610.0,1.0
HOSP-7606,The Johns Hopkins Hospital,endocrinology,2020-09-22,1,35.0,75.0,11.0,730.0,0.0
HOSP-7606,The Johns Hopkins Hospital,neurology,2020-07-27,1,52.0,45.0,26.0,630.0,0.0
HOSP-7611,The Johns Hopkins Hospital,hepatology,,1,13.0,120.0,29.0,560.0,1.0
HOSP-7611,The Johns Hopkins Hospital,oncology,2021-03-18,1,79.0,30.0,9.0,1120.0,0.0
HOSP-7612,The Johns Hopkins Hospital,rheumatology,2023-09-23,1,95.0,45.0,13.0,210.0,1.0
HOSP-7613,The Johns Hopkins Hospital,hepatology or gastroenterology,,1,41.0,90.0,18.0,1190.0,0.0
HOSP-7613,The Johns Hopkins Hospital,neurology,,1,62.0,15.0,18.0,1530.0,1.0
HOSP-7614,The Johns Hopkins Hospital,infectious disease or internal medicine,2024-01-19,1,69.0,120.0,10.0,1500.0,0.0
HOSP-7616,The Johns Hopkins Hospital,infectious disease or internal medicine,2022-09-27,1,61.0,75.0,5.0,610.0,0.0
HOSP-7616,The Johns Hopkins Hospital,infectious disease or internal medicine,,1,6.0,75.0,12.0,1030.0,0.0
HOSP-7616,The Johns Hopkins Hospital,rheumatology,2021-09-21,1,14.0,75.0,11.0,650.0,1.0
HOSP-7619,The Johns Hopkins Hospital,gastroenterology,2024-07-22,1,70.0,105.0,21.0,990.0,0.0
HOSP-7619,The Johns Hopkins Hospital,infectious disease,2022-02-21,1,58.0,45.0,12.0,880.0,1.0
HOSP-7619,The Johns Hopkins Hospital,pulmonology or allergy and immunology,,1,57.0,60.0,7.0,1100.0,0.0
HOSP-7621,The Johns Hopkins Hospital,pulmonology or allergy and immunology,,1,6.0,105.0,2.0,940.0,0.0
HOSP-7622,The Johns Hopkins Hospital,infectious disease or internal medicine,2023-04-18,1,5.0,90.0,3.0,310.0,0.0
HOSP-7623,The Johns Hopkins Hospital,psychiatry,,1,66.0,120.0,4.0,1180.0,0.0
HOSP-7625,The Johns Hopkins Hospital,infectious disease,,1,5.0,120.0,21.0,180.0,0.0
HOSP-7626,The Johns Hopkins Hospital,cardiology,2022-10-23,1,89.0,60.0,4.0,1270.0,0.0
HOSP-7626,The Johns Hopkins Hospital,pulmonology or allergy and immunology,2020-08-15,1,7.0,75.0,9.0,900.0,0.0
HOSP-7626,The Johns Hopkins Hospital,rheumatology,2022-04-23,1,59.0,30.0,22.0,1290.0,1.0
HOSP-7627,The Johns Hopkins Hospital,gastroenterology,,1,56.0,30.0,29.0,550.0,1.0
HOSP-7627,The Johns Hopkins Hospital,hepatology or gastroenterology,2021-06-27,1,5.0,120.0,3.0,1540.0,1.0
HOSP-7627,The Johns Hopkins Hospital,pulmonology or allergy and immunology,2020-10-29,1,47.0,120.0,26.0,170.0,0.0
HOSP-7627,The Johns Hopkins Hospital,pulmonology or infectious disease,2023-01-15,1,7.0,15.0,9.0,170.0,0.0
HOSP-7628,The Johns Hopkins Hospital,gastroenterology,2021-03-17,1,4.0,105.0,5.0,1220.0,1.0
HOSP-7628,The Johns Hopkins Hospital,rheumatology,2022-01-18,1,11.0,75.0,13.0,290.0,0.0
HOSP-7631,The Johns Hopkins Hospital,neurology,2020-12-13,1,75.0,105.0,6.0,1030.0,0.0
HOSP-7633,The Johns Hopkins Hospital,gastroenterology,2021-02-16,1,94.0,90.0,22.0,1280.0,1.0
HOSP-7633,The Johns Hopkins Hospital,neurology,2022-06-14,1,77.0,60.0,9.0,1370.0,1.0
HOSP-7634,The Johns Hopkins Hospital,hepatology or gastroenterology,,1,61.0,90.0,24.0,350.0,0.0
HOSP-7635,The Johns Hopkins Hospital,hepatology,2023-12-19,1,2.0,15.0,13.0,280.0,1.0
HOSP-7635,The Johns Hopkins Hospital,pulmonology or allergy and immunology,2021-02-25,1,72.0,15.0,11.0,1180.0,0.0
HOSP-7636,The Johns Hopkins Hospital,gastroenterology,2023-01-21,1,53.0,15.0,9.0,780.0,0.0
HOSP-7636,The Johns Hopkins Hospital,hepatology,,1,31.0,45.0,13.0,820.0,1.0
HOSP-7637,The Johns Hopkins Hospital,endocrinology,,1,43.0,90.0,30.0,1110.0,1.0
HOSP-7637,The Johns Hopkins Hospital,pulmonology or allergy and immunology,2020-12-26,1,5.0,120.0,13.0,1270.0,1.0
HOSP-7638,The Johns Hopkins Hospital,nephrology,2021-12-16,1,88.0,60.0,30.0,480.0,0.0
HOSP-7639,The Johns Hopkins Hospital,psychiatry,2024-06-21,1,82.0,90.0,13.0,1490.0,1.0
HOSP-7640,The Johns Hopkins Hospital,endocrinology,,1,3.0,30.0,26.0,630.0,1.0
HOSP-7642,The Johns Hopkins Hospital,dermatology,,1,32.0,15.0,29.0,630.0,0.0
HOSP-7642,The Johns Hopkins Hospital,psychiatry,2021-11-27,1,87.0,90.0,25.0,830.0,0.0
HOSP-7643,The Johns Hopkins Hospital,hepatology,2021-06-29,1,60.0,45.0,15.0,660.0,0.0
HOSP-7644,The Johns Hopkins Hospital,oncology,,1,4.0,30.0,22.0,1500.0,0.0
HOSP-7646,The Johns Hopkins Hospital,endocrinology,2024-03-22,1,79.0,90.0,21.0,310.0,1.0
HOSP-7647,The Johns Hopkins Hospital,neurology,2020-10-21,1,66.0,90.0,7.0,1540.0,0.0
HOSP-7647,The Johns Hopkins Hospital,pulmonology or infectious disease,2020-09-17,1,61.0,15.0,24.0,580.0,1.0
HOSP-7648,The Johns Hopkins Hospital,neurology,2021-06-16,1,62.0,120.0,18.0,1360.0,0.0
HOSP-7648,The Johns Hopkins Hospital,psychiatry,,1,42.0,75.0,14.0,770.0,0.0
HOSP-7649,The Johns Hopkins Hospital,pulmonology or allergy and immunology,2023-12-16,1,84.0,75.0,25.0,680.0,1.0
HOSP-7651,The Johns Hopkins Hospital,endocrinology,2023-01-23,1,56.0,45.0,22.0,670.0,0.0
HOSP-7652,The Johns Hopkins Hospital,psychiatry,2024-03-30,1,0.0,60.0,30.0,420.0,1.0
HOSP-7654,The Johns Hopkins Hospital,gastroenterology,2020-09-14,1,15.0,60.0,26.0,480.0,1.0
HOSP-7654,The Johns Hopkins Hospital,infectious disease,,1,42.0,60.0,30.0,660.0,0.0
HOSP-7654,The Johns Hopkins Hospital,infectious disease or internal medicine,2022-10-31,1,23.0,60.0,30.0,660.0,1.0
HOSP-7655,The Johns Hopkins Hospital,infectious disease,,1,77.0,105.0,23.0,1380.0,1.0
HOSP-7655,The Johns Hopkins Hospital,nephrology,,1,14.0,60.0,21.0,460.0,1.0
HOSP-7655,The Johns Hopkins Hospital,pulmonology,2022-11-17,1,59.0,60.0,30.0,220.0,0.0
HOSP-7655,The Johns Hopkins Hospital,urology or nephrology,2023-03-26,1,24.0,75.0,27.0,680.0,1.0
HOSP-7656,The Johns Hopkins Hospital,nephrology,,1,33.0,120.0,12.0,610.0,1.0
HOSP-7657,The Johns Hopkins Hospital,endocrinology,2021-09-25,1,78.0,75.0,13.0,770.0,0.0
HOSP-7657,The Johns Hopkins Hospital,pulmonology,2020-08-15,1,21.0,15.0,17.0,360.0,1.0
HOSP-7658,The Johns Hopkins Hospital,pulmonology,2020-08-19,1,14.0,45.0,9.0,180.0,0.0
HOSP-7659,The Johns Hopkins Hospital,dermatology,2023-10-20,1,27.0,30.0,7.0,1120.0,0.0
HOSP-7659,The Johns Hopkins Hospital,pulmonology or infectious disease,,1,2.0,120.0,14.0,1120.0,0.0
HOSP-7660,The Johns Hopkins Hospital,neurology,2023-10-24,1,68.0,105.0,13.0,690.0,0.0
HOSP-7663,The Johns Hopkins Hospital,gastroenterology,2020-08-16,1,43.0,75.0,17.0,1180.0,1.0
HOSP-7665,The Johns Hopkins Hospital,pulmonology or allergy and immunology,2021-08-16,1,60.0,60.0,22.0,890.0,0.0
HOSP-7665,The Johns Hopkins Hospital,pulmonology or infectious disease,,1,90.0,60.0,13.0,470.0,0.0
HOSP-7666,The Johns Hopkins Hospital,neurology,2024-01-20,1,92.0,105.0,25.0,1250.0,0.0
HOSP-7669,The Johns Hopkins Hospital,pulmonology or infectious disease,,1,45.0,15.0,10.0,410.0,1.0
HOSP-7671,The Johns Hopkins Hospital,infectious disease or internal medicine,,1,85.0,75.0,5.0,1000.0,0.0
HOSP-7673,The Johns Hopkins Hospital,neurology,2020-09-13,1,10.0,75.0,25.0,460.0,0.0
HOSP-7676,The Johns Hopkins Hospital,dermatology,,1,83.0,30.0,15.0,710.0,0.0
HOSP-7676,The Johns Hopkins Hospital,neurology,2022-01-26,1,28.0,30.0,1.0,570.0,1.0
HOSP-7677,The Johns Hopkins Hospital,psychiatry,2023-01-18,1,86.0,60.0,9.0,1360.0,1.0
HOSP-7678,The Johns Hopkins Hospital,hepatology,,1,47.0,60.0,10.0,260.0,0.0
HOSP-7678,The Johns Hopkins Hospital,infectious disease or internal medicine,,1,57.0,75.0,12.0,840.0,0.0
HOSP-7680,The Johns Hopkins Hospital,urology or nephrology,2024-05-31,1,54.0,45.0,29.0,1510.0,1.0
HOSP-7681,The Johns Hopkins Hospital,gastroenterology,2023-08-13,1,34.0,120.0,9.0,870.0,0.0
HOSP-7681,The Johns Hopkins Hospital,hepatology or gastroenterology,2020-08-26,1,83.0,90.0,19.0,550.0,0.0
HOSP-7682,The Johns Hopkins Hospital,neurology,,1,57.0,120.0,23.0,650.0,1.0
HOSP-7683,The Johns Hopkins Hospital,psychiatry,2022-05-20,1,87.0,75.0,9.0,1540.0,0.0
HOSP-7684,The Johns Hopkins Hospital,cardiology,2022-07-21,1,70.0,120.0,15.0,310.0,0.0
HOSP-7684,The Johns Hopkins Hospital,hepatology,,1,45.0,120.0,10.0,1110.0,0.0
HOSP-7684,The Johns Hopkins Hospital,infectious disease or internal medicine,2020-10-30,1,67.0,30.0,16.0,530.0,1.0
HOSP-7684,The Johns Hopkins Hospital,psychiatry,2021-10-17,1,65.0,15.0,22.0,960.0,0.0
HOSP-7685,The Johns Hopkins Hospital,nephrology,,1,46.0,60.0,25.0,890.0,0.0
HOSP-7687,The Johns Hopkins Hospital,cardiology or internal medicine,,1,54.0,30.0,26.0,110.0,1.0
HOSP-7687,The Johns Hopkins Hospital,psychiatry,2021-06-13,1,29.0,30.0,25.0,1070.0,0.0
HOSP-7688,The Johns Hopkins Hospital,gastroenterology,,1,93.0,15.0,2.0,820.0,0.0
HOSP-7688,The Johns Hopkins Hospital,pulmonology or infectious disease,2021-07-17,1,32.0,120.0,29.0,900.0,1.0
HOSP-7691,The Johns Hopkins Hospital,infectious disease,,1,85.0,105.0,4.0,430.0,1.0
HOSP-7691,The Johns Hopkins Hospital,neurology,2023-10-24,1,18.0,60.0,22.0,1480.0,0.0
HOSP-7691,The Johns Hopkins Hospital,rheumatology,2023-12-24,1,90.0,15.0,26.0,410.0,1.0
HOSP-7692,The Johns Hopkins Hospital,neurology,,1,10.0,105.0,4.0,1350.0,1.0
HOSP-7692,The Johns Hopkins Hospital,pulmonology,,1,59.0,120.0,28.0,320.0,1.0
HOSP-7692,The Johns Hopkins Hospital,pulmonology or infectious disease,2020-08-13,1,92.0,60.0,22.0,700.0,0.0
HOSP-7694,The Johns Hopkins Hospital,rheumatology,,1,93.0,90.0,2.0,1210.0,1.0
HOSP-7695,The Johns Hopkins Hospital,cardiology or internal medicine,2021-02-14,1,83.0,60.0,19.0,1540.0,1.0
HOSP-7695,The Johns Hopkins Hospital,hepatology or gastroenterology,2024-06-26,1,5.0,45.0,13.0,180.0,0.0
HOSP-7695,The Johns Hopkins Hospital,infectious disease or internal medicine,2024-03-16,1,90.0,90.0,25.0,220.0,0.0
HOSP-7695,The Johns Hopkins Hospital,neurology,,1,30.0,105.0,23.0,820.0,1.0
HOSP-7696,The Johns Hopkins Hospital,neurology,2022-07-30,1,7.0,15.0,25.0,420.0,1.0
HOSP-7696,The Johns Hopkins Hospital,psychiatry,2022-01-20,1,2.0,60.0,23.0,1300.0,0.0
HOSP-7697,The Johns Hopkins Hospital,endocrinology,,1,51.0,90.0,5.0,280.0,0.0
HOSP-7697,The Johns Hopkins Hospital,oncology,,2,21.0,67.5,9.5,580.0,1.0
HOSP-7697,The Johns Hopkins Hospital,pulmonology,2021-10-31,1,37.0,30.0,10.0,400.0,0.0
HOSP-7700,The Johns Hopkins Hospital,infectious disease,2024-07-18,1,2.0,30.0,12.0,1140.0,1.0
HOSP-7700,The Johns Hopkins Hospital,nephrology,,1,82.0,90.0,24.0,780.0,0.0
HOSP-7700,The Johns Hopkins Hospital,neurology,2021-04-26,1,37.0,45.0,2.0,1380.0,0.0
HOSP-7701,The Johns Hopkins Hospital,gastroenterology,,1,54.0,105.0,9.0,650.0,0.0
HOSP-7701,The Johns Hopkins Hospital,pulmonology or infectious disease,2021-11-14,1,82.0,60.0,1.0,1050.0,0.0
HOSP-7701,The Johns Hopkins Hospital,rheumatology,2022-11-26,1,34.0,75.0,18.0,1100.0,0.0
HOSP-7702,The Johns Hopkins Hospital,pulmonology,2024-01-22,1,23.0,60.0,28.0,420.0,1.0
HOSP-7702,The Johns Hopkins Hospital,pulmonology or infectious disease,,1,57.0,75.0,2.0,1410.0,0.0
HOSP-7703,The Johns Hopkins Hospital,gastroenterology,2023-09-29,1,60.0,15.0,18.0,320.0,0.0
HOSP-7703,The Johns Hopkins Hospital,infectious disease or internal medicine,2020-09-27,1,20.0,90.0,1.0,1420.0,0.0
HOSP-7706,The Johns Hopkins Hospital,gastroenterology,,1,69.0,30.0,22.0,740.0,1.0
HOSP-7706,The Johns Hopkins Hospital,neurology,,1,28.0,75.0,27.0,950.0,1.0
HOSP-7709,The Johns Hopkins Hospital,cardiology,,1,63.0,90.0,4.0,200.0,1.0
HOSP-7709,The Johns Hopkins Hospital,endocrinology,2024-04-14,1,40.0,30.0,1.0,920.0,0.0
HOSP-7711,The Johns Hopkins Hospital,allergy and immunology,2023-03-22,1,47.0,105.0,21.0,160.0,0.0
HOSP-7711,The Johns Hopkins Hospital,neurology,2024-06-24,1,16.0,90.0,23.0,530.0,0.0
HOSP-7711,The Johns Hopkins Hospital,oncology,2022-01-23,1,13.0,90.0,21.0,320.0,0.0
HOSP-7712,The Johns Hopkins Hospital,psychiatry,,1,81.0,60.0,5.0,1530.0,0.0
HOSP-7713,The Johns Hopkins Hospital,infectious disease or internal medicine,,1,51.0,60.0,18.0,1530.0,0.0
HOSP-7713,The Johns Hopkins Hospital,rheumatology,,1,23.0,30.0,7.0,1190.0,1.0
HOSP-7713,The Johns Hopkins Hospital,urology or nephrology,,1,23.0,105.0,24.0,240.0,1.0
HOSP-7714,The Johns Hopkins Hospital,gastroenterology,2021-05-31,1,33.0,75.0,26.0,280.0,0.0
HOSP-7716,The Johns Hopkins Hospital,gastroenterology,2024-05-18,1,87.0,15.0,25.0,1240.0,0.0
HOSP-7716,The Johns Hopkins Hospital,hepatology,,1,79.0,90.0,9.0,1340.0,0.0
HOSP-7716,The Johns Hopkins Hospital,oncology,,1,34.0,105.0,21.0,600.0,0.0
HOSP-7717,The Johns Hopkins Hospital,nephrology,2021-09-17,1,74.0,15.0,1.0,750.0,1.0
HOSP-7719,The Johns Hopkins Hospital,neurology,2021-03-15,1,87.0,105.0,1.0,110.0,0.0
HOSP-7725,The Johns Hopkins Hospital,gastroenterology,2024-04-22,1,29.0,15.0,10.0,1570.0,0.0
HOSP-7726,The Johns Hopkins Hospital,gastroenterology,2022-06-28,1,67.0,120.0,26.0,1000.0,0.0
HOSP-7727,The Johns Hopkins Hospital,neurology,2021-09-18,1,75.0,75.0,10.0,230.0,0.0
HOSP-7727,The Johns Hopkins Hospital,neurology,2023-04-22,1,48.0,30.0,20.0,1500.0,0.0
HOSP-7730,The Johns Hopkins Hospital,nephrology,2024-06-19,1,4.0,30.0,11.0,360.0,0.0
HOSP-7730,The Johns Hopkins Hospital,neurology,,1,38.0,120.0,12.0,1510.0,0.0
HOSP-7731,The Johns Hopkins Hospital,gastroenterology,,1,45.0,90.0,4.0,620.0,1.0
HOSP-7731,The Johns Hopkins Hospital,pulmonology or infectious disease,,1,70.0,105.0,29.0,1080.0,0.0
HOSP-7731,The Johns Hopkins Hospital,rheumatology,,1,30.0,15.0,24.0,470.0,0.0
HOSP-7732,The Johns Hopkins Hospital,infectious disease or internal medicine,2023-05-28,1,53.0,30.0,26.0,1240.0,0.0
HOSP-7733,The Johns Hopkins Hospital,urology or nephrology,2020-07-30,1,22.0,30.0,11.0,1460.0,1.0
HOSP-7734,The Johns Hopkins Hospital,neurology,,1,4.0,75.0,18.0,1080.0,0.0
HOSP-7734,The Johns Hopkins Hospital,psychiatry,,1,11.0,60.0,18.0,560.0,0.0
HOSP-7734,The Johns Hopkins Hospital,pulmonology or allergy and immunology,,1,66.0,15.0,9.0,180.0,1.0
HOSP-7735,The Johns Hopkins Hospital,infectious disease,2020-08-30,1,80.0,15.0,16.0,340.0,1.0
HOSP-7735,The Johns Hopkins Hospital,neurology,2024-02-22,1,43.0,75.0,6.0,1330.0,0.0
HOSP-7736,The Johns Hopkins Hospital,cardiology,,1,12.0,90.0,3.0,1200.0,0.0
HOSP-7736,The Johns Hopkins Hospital,dermatology,2022-04-24,1,28.0,15.0,5.0,1160.0,1.0
HOSP-7736,The Johns Hopkins Hospital,gastroenterology,,1,54.0,60.0,24.0,930.0,0.0
HOSP-7737,The Johns Hopkins Hospital,psychiatry,2021-05-26,1,58.0,105.0,12.0,670.0,0.0
HOSP-7737,The Johns Hopkins Hospital,pulmonology or infectious disease,,1,62.0,120.0,30.0,880.0,0.0
HOSP-7738,The Johns Hopkins Hospital,neurology,,1,81.0,15.0,12.0,1250.0,1.0
HOSP-7738,The Johns Hopkins Hospital,pulmonology,2022-11-21,1,24.0,75.0,6.0,640.0,0.0
HOSP-7738,The Johns Hopkins Hospital,pulmonology,,1,46.0,120.0,13.0,550.0,1.0
HOSP-7740,The Johns Hopkins Hospital,cardiology,2024-02-14,1,85.0,60.0,8.0,1230.0,1.0
HOSP-7740,The Johns Hopkins Hospital,endocrinology,2022-04-18,1,69.0,15.0,21.0,1130.0,1.0
HOSP-7740,The Johns Hopkins Hospital,neurology,2021-09-21,1,12.0,120.0,1.0,930.0,0.0
HOSP-7741,The Johns Hopkins Hospital,dermatology,2020-09-27,1,11.0,15.0,7.0,1140.0,1.0
HOSP-7741,The Johns Hopkins Hospital,gastroenterology,2023-05-24,1,61.0,75.0,6.0,850.0,0.0
HOSP-7741,The Johns Hopkins Hospital,gastroenterology,,1,30.0,120.0,21.0,590.0,0.0
HOSP-7742,The Johns Hopkins Hospital,neurology,,1,85.0,60.0,28.0,1260.0,1.0
HOSP-7744,The Johns Hopkins Hospital,hepatology,,1,42.0,15.0,1.0,1560.0,0.0
HOSP-7744,The Johns Hopkins Hospital,neurology,2022-08-13,1,1.0,15.0,26.0,270.0,1.0
HOSP-7745,The Johns Hopkins Hospital,hepatology or gastroenterology,2021-11-24,1,72.0,60.0,11.0,860.0,0.0
HOSP-7745,The Johns Hopkins Hospital,neurology,2021-07-14,1,48.0,45.0,26.0,190.0,1.0
HOSP-7745,The Johns Hopkins Hospital,pulmonology or allergy and immunology,,1,91.0,75.0,7.0,590.0,1.0
HOSP-7747,The Johns Hopkins Hospital,neurology,,1,47.0,45.0,29.0,420.0,0.0
HOSP-7748,The Johns Hopkins Hospital,pulmonology or allergy and immunology,,1,40.0,15.0,24.0,590.0,1.0
HOSP-7750,The Johns Hopkins Hospital,infectious disease or internal medicine,2020-08-23,1,8.0,105.0,7.0,240.0,1.0
HOSP-7751,The Johns Hopkins Hospital,neurology,,1,15.0,60.0,17.0,1590.0,0.0
HOSP-7754,The Johns Hopkins Hospital,psychiatry,2020-07-31,1,34.0,105.0,25.0,470.0,0.0
HOSP-7754,The Johns Hopkins Hospital,urology or nephrology,2022-06-17,1,30.0,45.0,7.0,1200.0,0.0
HOSP-7755,The Johns Hopkins Hospital,allergy and immunology,2022-02-25,1,73.0,15.0,5.0,200.0,1.0
HOSP-7755,The Johns Hopkins Hospital,cardiology,,1,73.0,75.0,15.0,850.0,0.0
HOSP-7755,The Johns Hopkins Hospital,hepatology,,1,7.0,120.0,13.0,1580.0,0.0
HOSP-7756,The Johns Hopkins Hospital,infectious disease or internal medicine,2021-08-28,1,23.0,45.0,28.0,270.0,1.0
HOSP-7756,The Johns Hopkins Hospital,nephrology,2021-03-25,1,2.0,45.0,11.0,100.0,1.0
HOSP-7756,The Johns Hopkins Hospital,urology or nephrology,2022-12-25,1,58.0,75.0,11.0,1050.0,1.0
HOSP-7758,The Johns Hopkins Hospital,urology or nephrology,,1,19.0,90.0,12.0,810.0,1.0
HOSP-7759,The Johns Hopkins Hospital,allergy and immunology,2023-08-31,1,17.0,60.0,7.0,1470.0,1.0
HOSP-7760,The Johns Hopkins Hospital,hepatology,2022-09-29,1,87.0,75.0,19.0,820.0,0.0
HOSP-7761,The Johns Hopkins Hospital,psychiatry,,1,75.0,30.0,30.0,830.0,0.0
HOSP-7765,The Johns Hopkins Hospital,gastroenterology,2021-07-27,1,3.0,15.0,23.0,130.0,0.0
HOSP-7767,The Johns Hopkins Hospital,neurology,,1,25.0,30.0,18.0,570.0,0.0
HOSP-7767,The Johns Hopkins Hospital,pulmonology or allergy and immunology,,1,12.0,105.0,4.0,1300.0,0.0
HOSP-7768,The Johns Hopkins Hospital,neurology,,1,34.0,60.0,9.0,760.0,0.0
HOSP-7769,The Johns Hopkins Hospital,cardiology,,1,20.0,120.0,21.0,1340.0,0.0
HOSP-7769,The Johns Hopkins Hospital,cardiology or internal medicine,2022-11-27,1,52.0,60.0,8.0,230.0,1.0
HOSP-7769,The Johns Hopkins Hospital,gastroenterology,,1,44.0,30.0,28.0,560.0,0.0
HOSP-7770,The Johns Hopkins Hospital,dermatology,2023-06-25,1,17.0,45.0,23.0,900.0,0.0
HOSP-7770,The Johns Hopkins Hospital,hepatology,2020-08-31,1,35.0,15.0,17.0,1090.0,1.0
HOSP-7770,The Johns Hopkins Hospital,rheumatology,2022-06-18,1,67.0,30.0,28.0,800.0,0.0
HOSP-7772,The Johns Hopkins Hospital,infectious disease,2022-02-23,1,20.0,60.0,13.0,840.0,1.0
HOSP-7772,The Johns Hopkins Hospital,pulmonology or infectious disease,,1,55.0,45.0,14.0,560.0,1.0
HOSP-7775,The Johns Hopkins Hospital,psychiatry,,1,16.0,105.0,21.0,1190.0,1.0
HOSP-7776,The Johns Hopkins Hospital,cardiology or internal medicine,2020-08-13,1,22.0,105.0,23.0,650.0,1.0
HOSP-7778,The Johns Hopkins Hospital,allergy and immunology,,1,59.0,75.0,22.0,1030.0,0.0
HOSP-7778,The Johns Hopkins Hospital,endocrinology,2023-08-21,1,41.0,15.0,17.0,230.0,1.0
HOSP-7778,The Johns Hopkins Hospital,hepatology,2023-01-18,1,35.0,120.0,27.0,580.0,0.0
HOSP-7778,The Johns Hopkins Hospital,nephrology,,1,34.0,75.0,30.0,340.0,0.0
HOSP-7780,The Johns Hopkins Hospital,cardiology,,1,55.0,45.0,17.0,550.0,1.0
HOSP-7780,The Johns Hopkins Hospital,cardiology or internal medicine,2020-09-18,1,10.0,75.0,1.0,1140.0,0.0
HOSP-7781,The Johns Hopkins Hospital,psychiatry,2020-08-31,1,59.0,75.0,28.0,380.0,0.0
HOSP-7784,The Johns Hopkins Hospital,psychiatry,2022-10-26,1,89.0,45.0,21.0,460.0,0.0
HOSP-7785,The Johns Hopkins Hospital,hepatology or gastroenterology,,1,49.0,90.0,8.0,1420.0,0.0
HOSP-7785,The Johns Hopkins Hospital,neurology,2022-09-18,1,82.0,120.0,21.0,960.0,0.0
HOSP-7785,The Johns Hopkins Hospital,rheumatology,2021-02-14,1,7.0,15.0,3.0,960.0,1.0
HOSP-7786,The Johns Hopkins Hospital,pulmonology,2023-07-28,1,62.0,60.0,16.0,600.0,1.0
HOSP-7787,The Johns Hopkins Hospital,hepatology or gastroenterology,2023-03-14,1,1.0,105.0,18.0,910.0,0.0
HOSP-7787,The Johns Hopkins Hospital,neurology,,1,17.0,60.0,4.0,1120.0,0.0
HOSP-7787,The Johns Hopkins Hospital,pulmonology or allergy and immunology,,1,11.0,90.0,12.0,430.0,1.0
HOSP-7788,The Johns Hopkins Hospital,dermatology,,1,28.0,120.0,12.0,690.0,0.0
HOSP-7789,The Johns Hopkins Hospital,psychiatry,2021-12-15,1,27.0,105.0,16.0,1040.0,1.0
HOSP-7790,The Johns Hopkins Hospital,nephrology,2021-09-30,1,83.0,30.0,28.0,1320.0,1.0
HOSP-7790,The Johns Hopkins Hospital,oncology,,1,27.0,105.0,8.0,780.0,1.0
HOSP-7791,The Johns Hopkins Hospital,psychiatry,,1,6.0,105.0,5.0,600.0,1.0
HOSP-7793,The Johns Hopkins Hospital,hepatology,2023-02-27,1,57.0,105.0,28.0,750.0,0.0
HOSP-7793,The Johns Hopkins Hospital,infectious disease or internal medicine,2021-05-15,1,3.0,105.0,13.0,200.0,0.0
HOSP-7796,The Johns Hopkins Hospital,pulmonology,,1,60.0,60.0,3.0,240.0,1.0
HOSP-7798,The Johns Hopkins Hospital,infectious disease or internal medicine,,1,4.0,60.0,7.0,910.0,0.0
HOSP-7798,The Johns Hopkins Hospital,neurology,,2,53.0,60.0,20.0,820.0,0.0
HOSP-7799,The Johns Hopkins Hospital,pulmonology or allergy and immunology,2022-06-28,1,8.0,15.0,8.0,600.0,1.0
HOSP-7801,The Johns Hopkins Hospital,cardiology or internal medicine,,1,68.0,90.0,29.0,520.0,1.0
HOSP-7803,The Johns Hopkins Hospital,cardiology,,1,86.0,75.0,1.0,770.0,0.0
HOSP-7803,The Johns Hopkins Hospital,rheumatology,,1,48.0,120.0,1.0,510.0,1.0
HOSP-7804,The Johns Hopkins Hospital,cardiology,2021-09-13,1,65.0,105.0,5.0,580.0,0.0
HOSP-7804,The Johns Hopkins Hospital,cardiology or internal medicine,2022-09-15,1,95.0,15.0,29.0,630.0,0.0
HOSP-7805,The Johns Hopkins Hospital,neurology,2022-12-29,1,30.0,60.0,7.0,1120.0,1.0
HOSP-7807,The Johns Hopkins Hospital,gastroenterology,2022-01-24,1,78.0,60.0,11.0,670.0,0.0
HOSP-7807,The Johns Hopkins Hospital,neurology,,1,14.0,45.0,3.0,450.0,0.0
HOSP-7807,The Johns Hopkins Hospital,psychiatry,2021-08-15,1,36.0,60.0,13.0,720.0,1.0
HOSP-7807,The Johns Hopkins Hospital,urology or nephrology,2021-12-18,1,38.0,30.0,20.0,490.0,0.0
HOSP-7807,The Johns Hopkins Hospital,urology or nephrology,2023-01-31,1,6.0,120.0,8.0,910.0,0.0
HOSP-7808,The Johns Hopkins Hospital,rheumatology,,1,73.0,60.0,24.0,520.0,0.0
HOSP-7810,The Johns Hopkins Hospital,hepatology or gastroenterology,,1,74.0,90.0,29.0,130.0,1.0
HOSP-7813,The Johns Hopkins Hospital,dermatology,,1,79.0,60.0,2.0,210.0,0.0
HOSP-7814,The Johns Hopkins Hospital,cardiology,2024-02-29,1,60.0,90.0,2.0,730.0,0.0
HOSP-7814,The Johns Hopkins Hospital,hepatology,2022-12-31,1,40.0,105.0,10.0,1060.0,0.0
HOSP-7815,The Johns Hopkins Hospital,infectious disease or internal medicine,2020-11-29,1,39.0,30.0,30.0,1300.0,1.0
HOSP-7815,The Johns Hopkins Hospital,infectious disease or internal medicine,,1,44.0,90.0,7.0,730.0,0.0
HOSP-7817,The Johns Hopkins Hospital,neurology,,1,92.0,15.0,30.0,320.0,1.0
HOSP-7820,The Johns Hopkins Hospital,dermatology,2021-11-28,1,27.0,120.0,5.0,990.0,1.0
HOSP-7820,The Johns Hopkins Hospital,neurology,2020-09-13,1,23.0,30.0,12.0,830.0,0.0
HOSP-7821,The Johns Hopkins Hospital,dermatology,,1,27.0,45.0,18.0,720.0,0.0
HOSP-7821,The Johns Hopkins Hospital,hepatology,2023-03-14,1,62.0,75.0,20.0,940.0,1.0
HOSP-7821,The Johns Hopkins Hospital,pulmonology,2023-10-14,1,9.0,30.0,23.0,180.0,1.0
HOSP-7824,The Johns Hopkins Hospital,neurology,2024-03-18,1,10.0,75.0,30.0,1440.0,1.0
HOSP-7825,The Johns Hopkins Hospital,gastroenterology,,1,68.0,15.0,1.0,780.0,0.0
HOSP-7827,The Johns Hopkins Hospital,gastroenterology,,1,24.0,105.0,23.0,400.0,0.0
HOSP-7827,The Johns Hopkins Hospital,pulmonology,,1,59.0,120.0,30.0,320.0,0.0
HOSP-7829,The Johns Hopkins Hospital,pulmonology,2020-07-25,1,36.0,60.0,8.0,250.0,0.0
HOSP-7831,The Johns Hopkins Hospital,cardiology or internal medicine,,1,84.0,60.0,3.0,980.0,1.0
HOSP-7832,The Johns Hopkins Hospital,neurology,2023-05-18,1,1.0,120.0,5.0,990.0,1.0
HOSP-7835,The Johns Hopkins Hospital,gastroenterology,,2,35.5,82.5,19.5,560.0,1.0
HOSP-7835,The Johns Hopkins Hospital,nephrology,2022-01-13,1,57.0,75.0,26.0,990.0,1.0
HOSP-7836,The Johns Hopkins Hospital,gastroenterology,,3,67.66666666666667,70.0,17.333333333333332,973.3333333333334,0.0
HOSP-7840,The Johns Hopkins Hospital,endocrinology,2021-03-26,1,23.0,75.0,29.0,1440.0,0.0
HOSP-7840,The Johns Hopkins Hospital,hepatology,2021-12-17,1,11.0,90.0,5.0,580.0,0.0
HOSP-7841,The Johns Hopkins Hospital,allergy and immunology,,1,42.0,90.0,5.0,1000.0,0.0
HOSP-7842,The Johns Hopkins Hospital,gastroenterology,2020-08-22,1,22.0,120.0,4.0,1340.0,0.0
HOSP-7842,The Johns Hopkins Hospital,infectious disease or internal medicine,2020-11-20,1,75.0,15.0,8.0,1170.0,0.0
HOSP-7843,The Johns Hopkins Hospital,hepatology,,1,4.0,45.0,9.0,260.0,0.0
HOSP-7843,The Johns Hopkins Hospital,pulmonology,,1,83.0,60.0,29.0,880.0,0.0
HOSP-7845,The Johns Hopkins Hospital,gastroenterology,2023-12-21,1,94.0,75.0,10.0,460.0,0.0
HOSP-7845,The Johns Hopkins Hospital,neurology,2024-05-24,1,13.0,15.0,18.0,120.0,0.0
HOSP-7847,The Johns Hopkins Hospital,gastroenterology,,1,43.0,75.0,6.0,520.0,1.0
HOSP-7847,The Johns Hopkins Hospital,infectious disease,2024-03-17,1,46.0,120.0,9.0,330.0,0.0
HOSP-7848,The Johns Hopkins Hospital,cardiology or internal medicine,2024-01-13,1,84.0,15.0,14.0,110.0,0.0
HOSP-7851,The Johns Hopkins Hospital,allergy and immunology,,1,58.0,75.0,6.0,1600.0,0.0
HOSP-7852,The Johns Hopkins Hospital,allergy and immunology,2022-11-16,1,77.0,75.0,26.0,1330.0,0.0
HOSP-7852,The Johns Hopkins Hospital,neurology,,1,11.0,90.0,8.0,1060.0,1.0
HOSP-7853,The Johns Hopkins Hospital,dermatology,2022-01-31,1,1.0,60.0,16.0,1040.0,0.0
HOSP-7854,The Johns Hopkins Hospital,gastroenterology,,1,35.0,15.0,14.0,960.0,1.0
HOSP-7855,The Johns Hopkins Hospital,neurology,2022-06-28,1,7.0,75.0,1.0,540.0,0.0
HOSP-7855,The Johns Hopkins Hospital,neurology,,1,19.0,90.0,30.0,600.0,1.0
HOSP-7855,The Johns Hopkins Hospital,pulmonology,2023-07-19,1,59.0,60.0,25.0,1190.0,0.0
HOSP-7856,The Johns Hopkins Hospital,cardiology,,1,50.0,105.0,13.0,590.0,0.0
HOSP-7856,The Johns Hopkins Hospital,gastroenterology,,1,72.0,60.0,9.0,370.0,0.0
HOSP-7856,The Johns Hopkins Hospital,neurology,2022-01-31,1,30.0,15.0,11.0,360.0,1.0
HOSP-7857,The Johns Hopkins Hospital,pulmonology or allergy and immunology,,1,89.0,30.0,16.0,1480.0,0.0
HOSP-7858,The Johns Hopkins Hospital,hepatology,2023-08-17,1,76.0,15.0,3.0,560.0,0.0
HOSP-7859,The Johns Hopkins Hospital,gastroenterology,2022-05-19,1,91.0,120.0,17.0,1090.0,1.0
HOSP-7859,The Johns Hopkins Hospital,nephrology,2021-03-16,1,51.0,60.0,21.0,170.0,0.0
HOSP-7862,The Johns Hopkins Hospital,endocrinology,,1,34.0,75.0,16.0,1320.0,0.0
HOSP-7862,The Johns Hopkins Hospital,hepatology or gastroenterology,2021-05-31,1,93.0,120.0,23.0,710.0,0.0
HOSP-7862,The Johns Hopkins Hospital,rheumatology,2023-07-27,1,28.0,90.0,11.0,230.0,1.0
HOSP-7865,The Johns Hopkins Hospital,neurology,2021-04-15,1,92.0,90.0,20.0,210.0,0.0
HOSP-7865,The Johns Hopkins Hospital,neurology,,1,83.0,60.0,28.0,170.0,1.0
HOSP-7866,The Johns Hopkins Hospital,psychiatry,2021-08-14,1,43.0,75.0,30.0,560.0,1.0
HOSP-7867,The Johns Hopkins Hospital,infectious disease or internal medicine,,1,39.0,105.0,19.0,410.0,1.0
HOSP-7867,The Johns Hopkins Hospital,neurology,,1,10.0,45.0,6.0,1410.0,0.0
HOSP-7868,The Johns Hopkins Hospital,cardiology or internal medicine,2023-01-22,1,27.0,60.0,23.0,260.0,0.0
HOSP-7868,The Johns Hopkins Hospital,rheumatology,,1,5.0,120.0,2.0,630.0,1.0
HOSP-7870,The Johns Hopkins Hospital,gastroenterology,2020-12-28,1,46.0,60.0,30.0,110.0,0.0
HOSP-7871,The Johns Hopkins Hospital,rheumatology,2020-12-31,1,46.0,30.0,24.0,1400.0,0.0
HOSP-7872,The Johns Hopkins Hospital,psychiatry,2022-08-13,1,60.0,90.0,6.0,750.0,1.0
HOSP-7873,The Johns Hopkins Hospital,gastroenterology,2023-09-28,1,55.0,30.0,24.0,620.0,0.0
HOSP-7873,The Johns Hopkins Hospital,infectious disease,2022-08-15,1,87.0,120.0,14.0,1550.0,0.0
HOSP-7873,The Johns Hopkins Hospital,neurology,,1,5.0,120.0,28.0,130.0,0.0
HOSP-7874,The Johns Hopkins Hospital,cardiology,2020-07-31,1,88.0,15.0,21.0,670.0,0.0
HOSP-7874,The Johns Hopkins Hospital,hepatology or gastroenterology,2022-04-24,1,18.0,105.0,11.0,250.0,0.0
HOSP-7874,The Johns Hopkins Hospital,rheumatology,2021-11-21,1,15.0,60.0,26.0,240.0,1.0
HOSP-7876,The Johns Hopkins Hospital,allergy and immunology,2023-06-29,1,25.0,60.0,3.0,1290.0,1.0
HOSP-7877,The Johns Hopkins Hospital,psychiatry,,1,47.0,120.0,30.0,1040.0,1.0
HOSP-7878,The Johns Hopkins Hospital,psychiatry,2024-03-13,1,29.0,90.0,15.0,1060.0,1.0
HOSP-7879,The Johns Hopkins Hospital,gastroenterology,,1,52.0,15.0,9.0,620.0,0.0
HOSP-7879,The Johns Hopkins Hospital,rheumatology,,1,35.0,90.0,24.0,100.0,0.0
HOSP-7882,The Johns Hopkins Hospital,neurology,,1,80.0,45.0,2.0,680.0,0.0
HOSP-7887,The Johns Hopkins Hospital,neurology,2023-11-17,1,82.0,75.0,29.0,540.0,1.0
HOSP-7888,The Johns Hopkins Hospital,gastroenterology,2020-11-28,1,57.0,45.0,9.0,490.0,0.0
HOSP-7888,The Johns Hopkins Hospital,infectious disease or internal medicine,,1,3.0,30.0,8.0,1120.0,0.0
HOSP-7889,The Johns Hopkins Hospital,psychiatry,2023-10-18,1,24.0,60.0,15.0,810.0,1.0
HOSP-7890,The Johns Hopkins Hospital,dermatology,2021-11-30,1,16.0,15.0,27.0,210.0,1.0
HOSP-7890,The Johns Hopkins Hospital,psychiatry,,1,26.0,90.0,24.0,670.0,1.0
HOSP-7891,The Johns Hopkins Hospital,allergy and immunology,,1,14.0,60.0,30.0,1190.0,1.0
HOSP-7891,The Johns Hopkins Hospital,gastroenterology,,1,71.0,45.0,24.0,760.0,0.0
HOSP-7892,The Johns Hopkins Hospital,allergy and immunology,2022-04-25,1,84.0,75.0,19.0,630.0,1.0
HOSP-7892,The Johns Hopkins Hospital,psychiatry,2021-02-24,1,72.0,120.0,24.0,990.0,0.0
HOSP-7894,The Johns Hopkins Hospital,neurology,2021-03-16,1,50.0,75.0,20.0,140.0,0.0
HOSP-7896,The Johns Hopkins Hospital,dermatology,2022-05-14,1,25.0,30.0,1.0,390.0,0.0
HOSP-7896,The Johns Hopkins Hospital,neurology,,1,21.0,30.0,22.0,1580.0,0.0
HOSP-7897,The Johns Hopkins Hospital,neurology,2023-10-20,1,17.0,120.0,16.0,390.0,0.0
HOSP-7897,The Johns Hopkins Hospital,neurology,,1,26.0,45.0,23.0,280.0,0.0
HOSP-7898,The Johns Hopkins Hospital,pulmonology,,1,20.0,75.0,16.0,410.0,1.0
HOSP-7899,The Johns Hopkins Hospital,allergy and immunology,,1,47.0,105.0,15.0,960.0,1.0
HOSP-7899,The Johns Hopkins Hospital,psychiatry,,1,82.0,60.0,10.0,1290.0,1.0
HOSP-7900,The Johns Hopkins Hospital,cardiology,,1,19.0,60.0,22.0,350.0,1.0
HOSP-7901,The Johns Hopkins Hospital,psychiatry,,1,32.0,105.0,2.0,1060.0,0.0
HOSP-7902,The Johns Hopkins Hospital,nephrology,2023-08-25,1,7.0,105.0,20.0,440.0,1.0
HOSP-7906,The Johns Hopkins Hospital,infectious disease,,1,53.0,120.0,30.0,1480.0,1.0
HOSP-7907,The Johns Hopkins Hospital,infectious disease or internal medicine,2021-03-30,1,27.0,60.0,7.0,170.0,1.0
HOSP-7907,The Johns Hopkins Hospital,neurology,2021-08-30,1,30.0,15.0,22.0,310.0,0.0
HOSP-7909,The Johns Hopkins Hospital,pulmonology or infectious disease,,1,78.0,60.0,21.0,210.0,0.0
HOSP-7910,The Johns Hopkins Hospital,pulmonology or infectious disease,2020-09-13,1,1.0,120.0,4.0,1090.0,0.0
HOSP-7911,The Johns Hopkins Hospital,gastroenterology,2020-09-24,1,74.0,30.0,18.0,1470.0,0.0
HOSP-7912,The Johns Hopkins Hospital,neurology,2023-07-29,1,84.0,105.0,29.0,850.0,1.0
HOSP-7912,The Johns Hopkins Hospital,rheumatology,2024-03-14,1,83.0,105.0,24.0,1520.0,0.0
HOSP-7913,The Johns Hopkins Hospital,hepatology,2023-12-30,1,84.0,90.0,23.0,1040.0,0.0
HOSP-7914,The Johns Hopkins Hospital,pulmonology,,1,57.0,105.0,18.0,850.0,0.0
HOSP-7914,The Johns Hopkins Hospital,rheumatology,2021-04-13,1,87.0,105.0,7.0,840.0,0.0
HOSP-7914,The Johns Hopkins Hospital,rheumatology,2023-11-17,1,7.0,15.0,9.0,980.0,0.0
HOSP-7916,The Johns Hopkins Hospital,oncology,2021-08-27,1,62.0,45.0,20.0,1310.0,0.0
HOSP-7918,The Johns Hopkins Hospital,neurology,2024-05-13,1,39.0,90.0,1.0,1410.0,0.0
HOSP-7918,The Johns Hopkins Hospital,psychiatry,2022-06-23,1,46.0,45.0,11.0,870.0,0.0
HOSP-7921,The Johns Hopkins Hospital,neurology,2022-09-24,1,43.0,45.0,17.0,1520.0,0.0
HOSP-7921,The Johns Hopkins Hospital,neurology,2023-12-22,1,3.0,105.0,5.0,130.0,0.0
HOSP-7921,The Johns Hopkins Hospital,psychiatry,,1,60.0,30.0,2.0,450.0,1.0
HOSP-7922,The Johns Hopkins Hospital,neurology,,1,34.0,30.0,9.0,240.0,0.0
HOSP-7923,The Johns Hopkins Hospital,oncology,,1,44.0,105.0,15.0,240.0,0.0
HOSP-7926,The Johns Hopkins Hospital,endocrinology,,1,11.0,105.0,26.0,310.0,0.0
HOSP-7926,The Johns Hopkins Hospital,neurology,2021-04-17,1,49.0,45.0,6.0,1320.0,1.0
HOSP-7927,The Johns Hopkins Hospital,endocrinology,2022-01-13,1,38.0,60.0,8.0,390.0,1.0
HOSP-7927,The Johns Hopkins Hospital,hepatology or gastroenterology,2023-03-16,1,51.0,120.0,13.0,1250.0,1.0
HOSP-7928,The Johns Hopkins Hospital,cardiology or internal medicine,2024-04-23,1,73.0,75.0,2.0,1470.0,0.0
HOSP-7928,The Johns Hopkins Hospital,endocrinology,2024-04-29,1,49.0,60.0,2.0,520.0,1.0
HOSP-7928,The Johns Hopkins Hospital,psychiatry,2024-07-22,1,88.0,75.0,12.0,270.0,1.0
HOSP-7928,The Johns Hopkins Hospital,rheumatology,2024-06-23,1,20.0,75.0,22.0,590.0,0.0
HOSP-7929,The Johns Hopkins Hospital,allergy and immunology,,1,17.0,75.0,22.0,950.0,0.0
HOSP-7929,The Johns Hopkins Hospital,pulmonology,2023-07-29,1,59.0,105.0,15.0,1280.0,0.0
HOSP-7929,The Johns Hopkins Hospital,pulmonology or infectious disease,2022-04-24,1,83.0,75.0,29.0,1130.0,1.0
HOSP-7930,The Johns Hopkins Hospital,endocrinology,,1,85.0,120.0,18.0,240.0,0.0
HOSP-7932,The Johns Hopkins Hospital,endocrinology,2020-11-25,1,33.0,75.0,6.0,1170.0,1.0
HOSP-7933,The Johns Hopkins Hospital,endocrinology,,1,84.0,60.0,20.0,1320.0,0.0
HOSP-7933,The Johns Hopkins Hospital,gastroenterology,2021-05-18,1,90.0,45.0,17.0,1570.0,0.0
HOSP-7934,The Johns Hopkins Hospital,cardiology or internal medicine,,1,52.0,30.0,8.0,1030.0,0.0
HOSP-7934,The Johns Hopkins Hospital,neurology,2024-01-16,1,52.0,120.0,22.0,110.0,0.0
HOSP-7935,The Johns Hopkins Hospital,endocrinology,,1,82.0,120.0,8.0,1600.0,0.0
HOSP-7936,The Johns Hopkins Hospital,cardiology or internal medicine,,1,89.0,105.0,24.0,1370.0,0.0
HOSP-7936,The Johns Hopkins Hospital,gastroenterology,2022-03-22,1,19.0,75.0,4.0,190.0,1.0
HOSP-7937,The Johns Hopkins Hospital,endocrinology,2020-08-20,1,77.0,90.0,5.0,1240.0,1.0
HOSP-7938,The Johns Hopkins Hospital,infectious disease or internal medicine,2024-04-26,1,41.0,90.0,13.0,410.0,1.0
HOSP-7938,The Johns Hopkins Hospital,oncology,,1,45.0,120.0,19.0,860.0,1.0
HOSP-7938,The Johns Hopkins Hospital,psychiatry,2023-11-13,1,1.0,105.0,2.0,1460.0,0.0
HOSP-7940,The Johns Hopkins Hospital,gastroenterology,2023-04-23,1,3.0,90.0,15.0,1370.0,1.0
HOSP-7940,The Johns Hopkins Hospital,rheumatology,2022-04-28,1,9.0,105.0,9.0,170.0,1.0
HOSP-7940,The Johns Hopkins Hospital,rheumatology,2023-10-28,1,56.0,90.0,5.0,1340.0,1.0
HOSP-7941,The Johns Hopkins Hospital,psychiatry,2022-02-27,1,81.0,60.0,17.0,430.0,1.0
HOSP-7942,The Johns Hopkins Hospital,infectious disease,2022-05-26,1,78.0,120.0,30.0,780.0,1.0
HOSP-7942,The Johns Hopkins Hospital,neurology,2022-06-27,1,88.0,75.0,18.0,120.0,1.0
HOSP-7943,The Johns Hopkins Hospital,rheumatology,2023-05-20,1,71.0,105.0,28.0,1040.0,0.0
HOSP-7943,The Johns Hopkins Hospital,rheumatology,,1,52.0,30.0,15.0,750.0,0.0
HOSP-7945,The Johns Hopkins Hospital,rheumatology,2022-07-25,1,70.0,30.0,30.0,640.0,0.0
HOSP-7946,The Johns Hopkins Hospital,psychiatry,,1,18.0,75.0,24.0,710.0,1.0
HOSP-7948,The Johns Hopkins Hospital,infectious disease or internal medicine,2022-03-22,1,13.0,45.0,24.0,100.0,0.0
HOSP-7949,The Johns Hopkins Hospital,gastroenterology,2021-08-13,1,23.0,120.0,29.0,120.0,0.0
HOSP-7949,The Johns Hopkins Hospital,neurology,,1,84.0,60.0,12.0,630.0,0.0
HOSP-7950,The Johns Hopkins Hospital,neurology,,1,18.0,120.0,13.0,800.0,0.0
HOSP-7953,The Johns Hopkins Hospital,psychiatry,2023-09-16,1,69.0,30.0,13.0,730.0,0.0
HOSP-7955,The Johns Hopkins Hospital,infectious disease or internal medicine,,1,3.0,105.0,18.0,290.0,0.0
HOSP-7956,The Johns Hopkins Hospital,gastroenterology,2021-09-20,1,82.0,90.0,11.0,1130.0,0.0
HOSP-7956,The Johns Hopkins Hospital,rheumatology,2021-05-15,1,54.0,75.0,26.0,690.0,0.0
HOSP-7956,The Johns Hopkins Hospital,urology or nephrology,2023-02-23,1,83.0,60.0,19.0,610.0,1.0
HOSP-7958,The Johns Hopkins Hospital,endocrinology,,1,83.0,120.0,7.0,660.0,0.0
HOSP-7958,The Johns Hopkins Hospital,hepatology,2021-10-21,1,51.0,15.0,13.0,910.0,1.0
HOSP-7958,The Johns Hopkins Hospital,pulmonology or allergy and immunology,,1,40.0,120.0,29.0,1380.0,0.0
HOSP-7959,The Johns Hopkins Hospital,gastroenterology,2023-03-28,1,88.0,120.0,16.0,1130.0,1.0
HOSP-7960,The Johns Hopkins Hospital,neurology,,1,71.0,120.0,12.0,500.0,1.0
HOSP-7962,The Johns Hopkins Hospital,gastroenterology,,1,7.0,75.0,23.0,670.0,1.0
HOSP-7963,The Johns Hopkins Hospital,hepatology,2020-10-28,1,25.0,75.0,22.0,1360.0,0.0
HOSP-7963,The Johns Hopkins Hospital,hepatology,,1,36.0,120.0,16.0,1260.0,1.0
HOSP-7963,The Johns Hopkins Hospital,psychiatry,2023-05-24,1,89.0,120.0,22.0,1200.0,0.0
HOSP-7964,The Johns Hopkins Hospital,gastroenterology,,1,52.0,90.0,22.0,1430.0,1.0
HOSP-7964,The Johns Hopkins Hospital,psychiatry,2022-06-24,1,8.0,75.0,11.0,290.0,0.0
HOSP-7964,The Johns Hopkins Hospital,rheumatology,,1,9.0,105.0,15.0,500.0,0.0
HOSP-7965,The Johns Hopkins Hospital,infectious disease or internal medicine,2023-02-13,1,36.0,30.0,17.0,280.0,1.0
HOSP-7965,The Johns Hopkins Hospital,neurology,,1,36.0,15.0,19.0,200.0,0.0
HOSP-7966,The Johns Hopkins Hospital,gastroenterology,2021-08-19,1,44.0,75.0,10.0,1090.0,0.0
HOSP-7967,The Johns Hopkins Hospital,urology or nephrology,2023-02-14,1,22.0,45.0,17.0,1400.0,0.0
HOSP-7968,The Johns Hopkins Hospital,gastroenterology,,1,93.0,105.0,5.0,430.0,0.0
HOSP-7968,The Johns Hopkins Hospital,neurology,2021-01-28,1,16.0,75.0,27.0,1430.0,1.0
HOSP-7968,The Johns Hopkins Hospital,psychiatry,,1,20.0,60.0,13.0,310.0,0.0
HOSP-7968,The Johns Hopkins Hospital,pulmonology or allergy and immunology,,1,69.0,30.0,3.0,660.0,1.0
HOSP-7970,The Johns Hopkins Hospital,gastroenterology,2023-03-31,1,59.0,75.0,25.0,990.0,0.0
HOSP-7970,The Johns Hopkins Hospital,neurology,2021-08-23,1,49.0,105.0,20.0,740.0,0.0
HOSP-7970,The Johns Hopkins Hospital,neurology,2022-11-20,1,88.0,120.0,6.0,160.0,1.0
HOSP-7971,The Johns Hopkins Hospital,neurology,,1,61.0,120.0,17.0,1110.0,0.0
HOSP-7971,The Johns Hopkins Hospital,rheumatology,,1,86.0,45.0,6.0,1600.0,0.0
HOSP-7974,The Johns Hopkins Hospital,neurology,,1,83.0,15.0,27.0,1270.0,1.0
HOSP-7974,The Johns Hopkins Hospital,rheumatology,2020-12-13,1,30.0,105.0,27.0,1550.0,0.0
HOSP-7976,The Johns Hopkins Hospital,neurology,2022-03-26,1,87.0,60.0,9.0,200.0,0.0
HOSP-7977,The Johns Hopkins Hospital,neurology,2023-06-21,1,57.0,45.0,3.0,530.0,0.0
HOSP-7977,The Johns Hopkins Hospital,neurology,,3,36.666666666666664,40.0,22.333333333333332,1240.0,1.0
HOSP-7978,The Johns Hopkins Hospital,neurology,2022-01-23,1,36.0,120.0,11.0,1100.0,0.0
HOSP-7980,The Johns Hopkins Hospital,pulmonology or infectious disease,2021-12-18,1,67.0,105.0,10.0,1210.0,0.0
HOSP-7981,The Johns Hopkins Hospital,allergy and immunology,2020-10-18,1,28.0,90.0,16.0,650.0,0.0
HOSP-7981,The Johns Hopkins Hospital,allergy and immunology,2023-06-24,1,48.0,90.0,15.0,240.0,1.0
HOSP-7983,The Johns Hopkins Hospital,neurology,2023-05-24,1,59.0,30.0,6.0,1110.0,0.0
HOSP-7983,The Johns Hopkins Hospital,rheumatology,,1,67.0,45.0,24.0,670.0,0.0
HOSP-7984,The Johns Hopkins Hospital,hepatology or gastroenterology,2024-02-24,1,79.0,15.0,18.0,1110.0,0.0
HOSP-7986,The Johns Hopkins Hospital,hepatology,,1,60.0,90.0,24.0,1120.0,0.0
HOSP-7987,The Johns Hopkins Hospital,cardiology or internal medicine,,1,66.0,60.0,8.0,1590.0,1.0
HOSP-7987,The Johns Hopkins Hospital,infectious disease,2024-01-19,1,63.0,15.0,30.0,280.0,1.0
HOSP-7988,The Johns Hopkins Hospital,infectious disease or internal medicine,2024-05-31,1,13.0,120.0,24.0,1210.0,0.0
HOSP-7988,The Johns Hopkins Hospital,rheumatology,,1,4.0,120.0,17.0,870.0,0.0
HOSP-7989,The Johns Hopkins Hospital,infectious disease,2022-05-18,1,38.0,120.0,3.0,820.0,1.0
HOSP-7989,The Johns Hopkins Hospital,nephrology,,1,39.0,120.0,24.0,1020.0,0.0
HOSP-7990,The Johns Hopkins Hospital,gastroenterology,2021-12-16,1,0.0,45.0,7.0,1490.0,1.0
HOSP-7990,The Johns Hopkins Hospital,hepatology or gastroenterology,,1,41.0,45.0,27.0,900.0,0.0
HOSP-7990,The Johns Hopkins Hospital,neurology,2020-07-27,1,72.0,90.0,8.0,640.0,0.0
HOSP-7990,The Johns Hopkins Hospital,neurology,2022-01-16,1,58.0,30.0,27.0,1400.0,1.0
HOSP-7991,The Johns Hopkins Hospital,pulmonology or infectious disease,2023-04-18,1,69.0,60.0,6.0,560.0,1.0
HOSP-7992,The Johns Hopkins Hospital,cardiology or internal medicine,2021-12-31,1,72.0,15.0,26.0,1120.0,0.0
HOSP-7992,The Johns Hopkins Hospital,hepatology,,1,66.0,105.0,2.0,640.0,0.0
HOSP-7992,The Johns Hopkins Hospital,rheumatology,2024-05-18,1,91.0,30.0,9.0,360.0,1.0
HOSP-7993,The Johns Hopkins Hospital,psychiatry,2021-03-19,1,78.0,105.0,6.0,690.0,1.0
HOSP-7993,The Johns Hopkins Hospital,urology or nephrology,2022-04-21,1,53.0,90.0,23.0,1270.0,1.0
HOSP-7995,The Johns Hopkins Hospital,dermatology,2021-02-18,1,69.0,30.0,21.0,1370.0,1.0
HOSP-7996,The Johns Hopkins Hospital,hepatology,2021-11-15,1,77.0,45.0,11.0,1230.0,0.0
HOSP-7997,The Johns Hopkins Hospital,nephrology,2021-09-29,1,29.0,60.0,5.0,950.0,0.0
HOSP-7998,The Johns Hopkins Hospital,hepatology or gastroenterology,2023-12-13,1,64.0,45.0,12.0,810.0,0.0
HOSP-7998,The Johns Hopkins Hospital,neurology,,1,5.0,45.0,2.0,970.0,1.0
HOSP-7998,The Johns Hopkins Hospital,urology or nephrology,,1,48.0,45.0,10.0,620.0,0.0
HOSP-7999,The Johns Hopkins Hospital,allergy and immunology,,1,79.0,15.0,8.0,610.0,0.0
HOSP-7999,The Johns Hopkins Hospital,gastroenterology,2022-06-17,1,47.0,75.0,5.0,800.0,1.0
HOSP-8000,The Johns Hopkins Hospital,pulmonology,2020-09-23,1,22.0,15.0,28.0,1430.0,0.0
HOSP-8000,The Johns Hopkins Hospital,pulmonology or infectious disease,2024-01-16,1,85.0,90.0,8.0,740.0,1.0
HOSP-8001,The Johns Hopkins Hospital,gastroenterology,,2,62.5,105.0,16.5,740.0,0.0
HOSP-8002,The Johns Hopkins Hospital,dermatology,2021-03-28,1,81.0,30.0,3.0,1480.0,0.0
HOSP-8002,The Johns Hopkins Hospital,psychiatry,,1,62.0,75.0,21.0,470.0,1.0
HOSP-8003,The Johns Hopkins Hospital,pulmonology or infectious disease,2022-07-26,1,0.0,120.0,22.0,380.0,1.0
HOSP-8004,The Johns Hopkins Hospital,psychiatry,2021-04-23,1,47.0,45.0,20.0,1520.0,1.0
HOSP-8005,The Johns Hopkins Hospital,neurology,2021-06-13,1,82.0,45.0,13.0,500.0,0.0
HOSP-8005,The Johns Hopkins Hospital,neurology,2022-03-22,1,77.0,45.0,20.0,1420.0,0.0
HOSP-8006,The Johns Hopkins Hospital,allergy and immunology,2020-10-15,1,13.0,60.0,19.0,520.0,0.0
HOSP-8006,The Johns Hopkins Hospital,cardiology or internal medicine,,1,65.0,120.0,21.0,1040.0,0.0
HOSP-8006,The Johns Hopkins Hospital,neurology,2023-07-15,1,15.0,30.0,1.0,1100.0,0.0
HOSP-8006,The Johns Hopkins Hospital,psychiatry,2021-11-19,1,13.0,105.0,26.0,1580.0,0.0
HOSP-8007,The Johns Hopkins Hospital,cardiology or internal medicine,2024-01-23,1,8.0,60.0,22.0,1030.0,0.0
HOSP-8007,The Johns Hopkins Hospital,hepatology,2024-04-13,1,52.0,120.0,26.0,440.0,1.0
HOSP-8007,The Johns Hopkins Hospital,psychiatry,2021-04-22,1,3.0,90.0,18.0,570.0,0.0
HOSP-8007,The Johns Hopkins Hospital,pulmonology or infectious disease,,1,9.0,120.0,22.0,620.0,0.0
HOSP-8008,The Johns Hopkins Hospital,neurology,2023-04-23,1,32.0,105.0,20.0,660.0,1.0
HOSP-8009,The Johns Hopkins Hospital,neurology,2023-05-15,1,4.0,45.0,28.0,350.0,0.0
HOSP-8009,The Johns Hopkins Hospital,oncology,2021-03-25,1,13.0,60.0,1.0,1430.0,0.0
HOSP-8010,The Johns Hopkins Hospital,neurology,,1,76.0,120.0,20.0,1600.0,1.0
HOSP-8011,The Johns Hopkins Hospital,hepatology,,1,36.0,15.0,18.0,340.0,0.0
HOSP-8011,The Johns Hopkins Hospital,neurology,,1,5.0,90.0,11.0,470.0,1.0
HOSP-8013,The Johns Hopkins Hospital,neurology,2021-09-24,1,62.0,60.0,28.0,690.0,0.0
HOSP-8015,The Johns Hopkins Hospital,urology or nephrology,2022-01-23,1,2.0,30.0,30.0,1560.0,0.0
HOSP-8017,The Johns Hopkins Hospital,hepatology,2023-08-20,1,95.0,120.0,25.0,1030.0,1.0
HOSP-8018,The Johns Hopkins Hospital,gastroenterology,2023-04-25,1,48.0,30.0,22.0,740.0,1.0
HOSP-8018,The Johns Hopkins Hospital,neurology,2022-11-30,1,61.0,60.0,7.0,1570.0,0.0
HOSP-8018,The Johns Hopkins Hospital,neurology,2024-04-15,1,43.0,120.0,27.0,710.0,0.0
HOSP-8018,The Johns Hopkins Hospital,psychiatry,2023-08-15,1,69.0,75.0,16.0,760.0,1.0
HOSP-8019,The Johns Hopkins Hospital,infectious disease,2024-04-24,1,43.0,15.0,28.0,1580.0,1.0
HOSP-8020,The Johns Hopkins Hospital,cardiology or internal medicine,,1,38.0,45.0,8.0,440.0,1.0
HOSP-8020,The Johns Hopkins Hospital,neurology,2021-01-16,1,77.0,60.0,7.0,1160.0,1.0
HOSP-8022,The Johns Hopkins Hospital,neurology,2020-12-20,1,23.0,75.0,6.0,140.0,0.0
HOSP-8023,The Johns Hopkins Hospital,cardiology,,1,48.0,75.0,11.0,890.0,0.0
HOSP-8023,The Johns Hopkins Hospital,neurology,,1,31.0,105.0,6.0,530.0,0.0
HOSP-8024,The Johns Hopkins Hospital,neurology,2021-12-21,1,83.0,45.0,29.0,1260.0,0.0
HOSP-8025,The Johns Hopkins Hospital,pulmonology or infectious disease,2022-05-23,1,37.0,15.0,12.0,610.0,0.0
HOSP-8025,The Johns Hopkins Hospital,rheumatology,,1,24.0,30.0,14.0,1130.0,0.0
HOSP-8027,The Johns Hopkins Hospital,dermatology,2022-07-14,1,48.0,120.0,18.0,1270.0,0.0
HOSP-8028,The Johns Hopkins Hospital,infectious disease or internal medicine,,1,7.0,90.0,22.0,1020.0,0.0
HOSP-8029,The Johns Hopkins Hospital,pulmonology or allergy and immunology,2024-02-18,1,5.0,45.0,15.0,1570.0,0.0
HOSP-8030,The Johns Hopkins Hospital,neurology,2022-06-18,1,46.0,90.0,3.0,650.0,1.0
HOSP-8031,The Johns Hopkins Hospital,gastroenterology,2022-09-29,1,49.0,90.0,15.0,1350.0,1.0
HOSP-8031,The Johns Hopkins Hospital,infectious disease,,1,16.0,60.0,7.0,740.0,1.0
HOSP-8032,The Johns Hopkins Hospital,allergy and immunology,2024-01-23,1,55.0,90.0,28.0,1150.0,0.0
HOSP-8032,The Johns Hopkins Hospital,rheumatology,2020-09-29,1,73.0,30.0,18.0,850.0,1.0
HOSP-8032,The Johns Hopkins Hospital,rheumatology,2023-09-19,1,14.0,105.0,22.0,820.0,0.0
HOSP-8034,The Johns Hopkins Hospital,oncology,,1,26.0,120.0,21.0,680.0,1.0
HOSP-8038,The Johns Hopkins Hospital,gastroenterology,2023-04-30,1,47.0,45.0,17.0,880.0,0.0
HOSP-8040,The Johns Hopkins Hospital,dermatology,2022-06-18,1,25.0,30.0,10.0,1380.0,1.0
HOSP-8040,The Johns Hopkins Hospital,gastroenterology,,1,41.0,15.0,15.0,1340.0,1.0
HOSP-8041,The Johns Hopkins Hospital,infectious disease or internal medicine,2022-11-13,1,63.0,105.0,18.0,430.0,1.0
HOSP-8041,The Johns Hopkins Hospital,neurology,2021-11-18,1,70.0,105.0,10.0,930.0,1.0
HOSP-8041,The Johns Hopkins Hospital,pulmonology,,1,14.0,90.0,28.0,420.0,0.0
HOSP-8042,The Johns Hopkins Hospital,psychiatry,,1,75.0,90.0,5.0,140.0,1.0
HOSP-8044,The Johns Hopkins Hospital,dermatology,2022-01-14,1,79.0,105.0,11.0,200.0,0.0
HOSP-8044,The Johns Hopkins Hospital,gastroenterology,,1,50.0,75.0,1.0,990.0,0.0
HOSP-8045,The Johns Hopkins Hospital,oncology,2023-08-18,1,46.0,90.0,17.0,390.0,1.0
HOSP-8047,The Johns Hopkins Hospital,dermatology,,1,43.0,120.0,29.0,990.0,0.0
HOSP-8047,The Johns Hopkins Hospital,gastroenterology,,1,88.0,60.0,14.0,790.0,1.0
HOSP-8047,The Johns Hopkins Hospital,rheumatology,2022-06-26,1,73.0,120.0,30.0,380.0,0.0
HOSP-8047,The Johns Hopkins Hospital,rheumatology,2022-12-25,1,85.0,60.0,6.0,1400.0,1.0
HOSP-8048,The Johns Hopkins Hospital,neurology,2020-08-23,1,32.0,105.0,18.0,210.0,0.0
HOSP-8050,The Johns Hopkins Hospital,dermatology,2023-07-20,1,84.0,90.0,24.0,1050.0,0.0
HOSP-8051,The Johns Hopkins Hospital,urology or nephrology,,1,49.0,120.0,23.0,300.0,1.0
HOSP-8052,The Johns Hopkins Hospital,oncology,,1,14.0,15.0,5.0,1490.0,0.0
HOSP-8053,The Johns Hopkins Hospital,infectious disease or internal medicine,2024-06-16,1,31.0,90.0,24.0,730.0,0.0
HOSP-8054,The Johns Hopkins Hospital,dermatology,2020-08-25,1,62.0,75.0,9.0,280.0,0.0
HOSP-8054,The Johns Hopkins Hospital,gastroenterology,2023-11-29,1,89.0,45.0,29.0,120.0,0.0
HOSP-8055,The Johns Hopkins Hospital,gastroenterology,2022-03-13,1,14.0,75.0,28.0,1350.0,0.0
HOSP-8056,The Johns Hopkins Hospital,dermatology,2020-12-20,1,55.0,30.0,15.0,1250.0,1.0
HOSP-8056,The Johns Hopkins Hospital,psychiatry,2021-01-19,1,28.0,90.0,3.0,400.0,0.0
HOSP-8057,The Johns Hopkins Hospital,gastroenterology,,1,71.0,75.0,6.0,1490.0,0.0
HOSP-8057,The Johns Hopkins Hospital,oncology,,1,55.0,120.0,11.0,1170.0,0.0
HOSP-8058,The Johns Hopkins Hospital,neurology,2022-11-25,1,12.0,45.0,8.0,1230.0,0.0
HOSP-8058,The Johns Hopkins Hospital,rheumatology,,1,84.0,15.0,16.0,340.0,1.0
HOSP-8059,The Johns Hopkins Hospital,gastroenterology,,1,31.0,90.0,27.0,660.0,0.0
HOSP-8059,The Johns Hopkins Hospital,psychiatry,2020-11-15,1,87.0,15.0,16.0,600.0,1.0
HOSP-8060,The Johns Hopkins Hospital,hepatology or gastroenterology,,1,29.0,120.0,6.0,890.0,0.0
HOSP-8061,The Johns Hopkins Hospital,neurology,,1,95.0,75.0,7.0,1550.0,0.0
HOSP-8062,The Johns Hopkins Hospital,hepatology or gastroenterology,,1,38.0,75.0,5.0,760.0,1.0
HOSP-8062,The Johns Hopkins Hospital,neurology,2021-09-14,1,42.0,15.0,1.0,1360.0,0.0
HOSP-8062,The Johns Hopkins Hospital,pulmonology,2021-03-24,1,63.0,105.0,30.0,930.0,1.0
HOSP-8064,The Johns Hopkins Hospital,gastroenterology,,1,68.0,105.0,11.0,1360.0,1.0
HOSP-8064,The Johns Hopkins Hospital,psychiatry,,1,77.0,30.0,9.0,790.0,0.0
HOSP-8065,The Johns Hopkins Hospital,infectious disease,2024-07-16,1,76.0,60.0,23.0,380.0,1.0
HOSP-8067,The Johns Hopkins Hospital,infectious disease or internal medicine,2021-05-15,1,1.0,105.0,30.0,560.0,0.0
HOSP-8068,The Johns Hopkins Hospital,neurology,2023-10-29,1,84.0,45.0,25.0,1600.0,1.0
HOSP-8069,The Johns Hopkins Hospital,rheumatology,2023-02-22,1,74.0,120.0,9.0,1460.0,0.0
HOSP-8071,The Johns Hopkins Hospital,cardiology or internal medicine,2024-06-22,1,81.0,60.0,4.0,1240.0,1.0
HOSP-8071,The Johns Hopkins Hospital,pulmonology or allergy and immunology,,1,16.0,45.0,8.0,310.0,0.0
HOSP-8071,The Johns Hopkins Hospital,rheumatology,2021-06-15,1,20.0,120.0,29.0,1300.0,0.0
HOSP-8072,The Johns Hopkins Hospital,endocrinology,2021-10-19,1,26.0,45.0,7.0,620.0,0.0
HOSP-8072,The Johns Hopkins Hospital,endocrinology,2024-02-28,1,78.0,75.0,5.0,1260.0,1.0
HOSP-8072,The Johns Hopkins Hospital,neurology,2022-02-17,1,13.0,30.0,20.0,960.0,0.0
HOSP-8075,The Johns Hopkins Hospital,gastroenterology,2021-11-29,1,42.0,45.0,29.0,290.0,0.0
HOSP-8076,The Johns Hopkins Hospital,endocrinology,2024-03-21,1,33.0,30.0,20.0,490.0,0.0
HOSP-8077,The Johns Hopkins Hospital,infectious disease or internal medicine,2022-11-27,1,26.0,15.0,1.0,1530.0,0.0
HOSP-8078,The Johns Hopkins Hospital,dermatology,,1,70.0,30.0,2.0,600.0,1.0
HOSP-8078,The Johns Hopkins Hospital,endocrinology,2020-09-25,1,46.0,60.0,15.0,820.0,1.0
HOSP-8078,The Johns Hopkins Hospital,pulmonology or infectious disease,2023-08-17,1,81.0,30.0,10.0,760.0,0.0
HOSP-8080,The Johns Hopkins Hospital,nephrology,2023-08-17,1,20.0,60.0,4.0,660.0,1.0
HOSP-8080,The Johns Hopkins Hospital,neurology,2023-12-20,1,47.0,120.0,8.0,470.0,1.0
HOSP-8080,The Johns Hopkins Hospital,pulmonology or allergy and immunology,,1,74.0,15.0,30.0,1440.0,0.0
HOSP-8080,The Johns Hopkins Hospital,rheumatology,2021-08-29,1,35.0,60.0,21.0,140.0,0.0
HOSP-8081,The Johns Hopkins Hospital,infectious disease or internal medicine,2021-06-27,1,14.0,30.0,7.0,1030.0,0.0
HOSP-8081,The Johns Hopkins Hospital,rheumatology,,1,50.0,75.0,12.0,550.0,1.0
HOSP-8082,The Johns Hopkins Hospital,gastroenterology,2022-11-18,1,67.0,120.0,16.0,1280.0,0.0
HOSP-8082,The Johns Hopkins Hospital,gastroenterology,2023-06-28,1,36.0,60.0,19.0,480.0,1.0
HOSP-8082,The Johns Hopkins Hospital,gastroenterology,,1,61.0,30.0,1.0,930.0,1.0
HOSP-8085,The Johns Hopkins Hospital,gastroenterology,,1,88.0,45.0,14.0,1590.0,1.0
HOSP-8085,The Johns Hopkins Hospital,psychiatry,,1,74.0,45.0,13.0,1410.0,0.0
HOSP-8086,The Johns Hopkins Hospital,dermatology,,1,67.0,15.0,28.0,840.0,0.0
HOSP-8086,The Johns Hopkins Hospital,infectious disease,2024-07-13,1,77.0,60.0,3.0,1540.0,0.0
HOSP-8087,The Johns Hopkins Hospital,infectious disease,2022-07-20,1,26.0,90.0,10.0,740.0,0.0
HOSP-8087,The Johns Hopkins Hospital,rheumatology,2023-10-30,1,82.0,75.0,21.0,1380.0,1.0
HOSP-8088,The Johns Hopkins Hospital,neurology,,1,47.0,60.0,12.0,290.0,1.0
HOSP-8089,The Johns Hopkins Hospital,cardiology or internal medicine,2024-04-22,1,91.0,30.0,3.0,350.0,1.0
HOSP-8090,The Johns Hopkins Hospital,cardiology or internal medicine,,1,27.0,75.0,8.0,1540.0,1.0
HOSP-8090,The Johns Hopkins Hospital,endocrinology,2022-07-29,1,76.0,15.0,12.0,1420.0,0.0
HOSP-8090,The Johns Hopkins Hospital,gastroenterology,,1,57.0,105.0,17.0,1440.0,0.0
HOSP-8090,The Johns Hopkins Hospital,pulmonology,2021-02-19,1,84.0,15.0,20.0,410.0,1.0
HOSP-8091,The Johns Hopkins Hospital,pulmonology or allergy and immunology,,1,53.0,45.0,4.0,450.0,1.0
HOSP-8092,The Johns Hopkins Hospital,infectious disease or internal medicine,,1,43.0,120.0,30.0,1060.0,0.0
HOSP-8092,The Johns Hopkins Hospital,pulmonology or allergy and immunology,2022-11-27,1,45.0,30.0,29.0,1470.0,0.0
HOSP-8092,The Johns Hopkins Hospital,rheumatology,2023-11-26,1,3.0,60.0,4.0,760.0,0.0
HOSP-8093,The Johns Hopkins Hospital,cardiology or internal medicine,2020-12-19,1,40.0,120.0,25.0,690.0,1.0
HOSP-8095,The Johns Hopkins Hospital,neurology,2024-07-22,1,3.0,45.0,19.0,720.0,1.0
HOSP-8095,The Johns Hopkins Hospital,rheumatology,2023-05-25,1,6.0,60.0,30.0,830.0,0.0
HOSP-8096,The Johns Hopkins Hospital,hepatology,2024-05-28,1,6.0,75.0,9.0,940.0,0.0
HOSP-8096,The Johns Hopkins Hospital,hepatology or gastroenterology,2021-03-24,1,5.0,75.0,12.0,580.0,0.0
HOSP-8096,The Johns Hopkins Hospital,nephrology,,1,91.0,30.0,10.0,520.0,0.0
HOSP-8097,The Johns Hopkins Hospital,pulmonology or allergy and immunology,2020-09-29,1,30.0,45.0,20.0,1050.0,0.0
HOSP-8099,The Johns Hopkins Hospital,hepatology,,1,5.0,15.0,18.0,770.0,1.0
HOSP-8099,The Johns Hopkins Hospital,pulmonology,2023-12-30,1,1.0,15.0,16.0,160.0,1.0
HOSP-8100,The Johns Hopkins Hospital,neurology,,1,52.0,120.0,19.0,650.0,0.0
HOSP-8101,The Johns Hopkins Hospital,gastroenterology,2024-07-13,1,12.0,90.0,12.0,1230.0,0.0
HOSP-8101,The Johns Hopkins Hospital,gastroenterology,,1,60.0,105.0,27.0,1340.0,0.0
HOSP-8101,The Johns Hopkins Hospital,rheumatology,,1,28.0,30.0,27.0,1200.0,0.0
HOSP-8102,The Johns Hopkins Hospital,pulmonology,,1,74.0,60.0,30.0,110.0,0.0
HOSP-8104,The Johns Hopkins Hospital,infectious disease or internal medicine,,1,11.0,90.0,14.0,840.0,0.0
HOSP-8105,The Johns Hopkins Hospital,endocrinology,,1,10.0,60.0,6.0,410.0,0.0
HOSP-8105,The Johns Hopkins Hospital,psychiatry,2023-06-14,1,56.0,75.0,1.0,720.0,1.0
HOSP-8106,The Johns Hopkins Hospital,infectious disease or internal medicine,2021-10-30,1,30.0,15.0,18.0,1080.0,1.0
HOSP-8106,The Johns Hopkins Hospital,oncology,2024-04-24,1,37.0,45.0,21.0,750.0,0.0
HOSP-8106,The Johns Hopkins Hospital,pulmonology or infectious disease,2023-08-30,1,50.0,15.0,4.0,1400.0,0.0
HOSP-8106,The Johns Hopkins Hospital,rheumatology,,1,6.0,30.0,13.0,1590.0,1.0
HOSP-8108,The Johns Hopkins Hospital,pulmonology,2022-01-16,1,31.0,15.0,2.0,330.0,0.0
HOSP-8110,The Johns Hopkins Hospital,dermatology,,1,14.0,60.0,5.0,1070.0,0.0
HOSP-8110,The Johns Hopkins Hospital,gastroenterology,2021-04-13,1,74.0,90.0,2.0,1210.0,0.0
HOSP-8112,The Johns Hopkins Hospital,oncology,2024-07-13,1,28.0,45.0,20.0,270.0,0.0
HOSP-8112,The Johns Hopkins Hospital,pulmonology or infectious disease,,1,86.0,90.0,23.0,1380.0,0.0
HOSP-8114,The Johns Hopkins Hospital,cardiology,2021-06-24,1,48.0,120.0,12.0,1000.0,0.0
HOSP-8114,The Johns Hopkins Hospital,dermatology,2021-05-13,1,7.0,45.0,2.0,930.0,0.0
HOSP-8118,The Johns Hopkins Hospital,allergy and immunology,,1,20.0,90.0,3.0,1040.0,0.0
HOSP-8118,The Johns Hopkins Hospital,neurology,2022-08-20,1,56.0,45.0,22.0,1160.0,0.0
HOSP-8119,The Johns Hopkins Hospital,nephrology,,1,88.0,75.0,13.0,1110.0,0.0
HOSP-8119,The Johns Hopkins Hospital,pulmonology or allergy and immunology,2022-05-21,1,12.0,45.0,21.0,1120.0,0.0
HOSP-8121,The Johns Hopkins Hospital,neurology,2023-12-21,1,31.0,60.0,19.0,360.0,1.0
HOSP-8122,The Johns Hopkins Hospital,infectious disease,2024-03-14,1,5.0,120.0,21.0,800.0,0.0
HOSP-8123,The Johns Hopkins Hospital,cardiology,2024-03-13,1,93.0,15.0,20.0,640.0,0.0
HOSP-8124,The Johns Hopkins Hospital,pulmonology or infectious disease,2022-05-23,1,83.0,105.0,13.0,1250.0,0.0
HOSP-8125,The Johns Hopkins Hospital,allergy and immunology,2023-02-21,1,66.0,105.0,1.0,1150.0,1.0
HOSP-8125,The Johns Hopkins Hospital,cardiology or internal medicine,2021-05-20,1,46.0,120.0,1.0,1470.0,1.0
HOSP-8125,The Johns Hopkins Hospital,gastroenterology,2021-04-21,1,55.0,105.0,25.0,1170.0,1.0
HOSP-8125,The Johns Hopkins Hospital,infectious disease or internal medicine,2024-06-13,1,49.0,15.0,25.0,280.0,0.0
HOSP-8128,The Johns Hopkins Hospital,psychiatry,,1,50.0,45.0,1.0,1490.0,0.0
HOSP-8129,The Johns Hopkins Hospital,gastroenterology,,1,52.0,45.0,5.0,310.0,1.0
HOSP-8130,The Johns Hopkins Hospital,gastroenterology,,1,15.0,105.0,6.0,890.0,0.0
HOSP-8130,The Johns Hopkins Hospital,oncology,,1,70.0,60.0,18.0,1420.0,1.0
HOSP-8131,The Johns Hopkins Hospital,pulmonology or infectious disease,,1,30.0,120.0,22.0,660.0,0.0
HOSP-8132,The Johns Hopkins Hospital,gastroenterology,2023-03-18,1,78.0,90.0,30.0,430.0,1.0
HOSP-8133,The Johns Hopkins Hospital,neurology,2022-07-14,1,24.0,45.0,18.0,440.0,0.0
HOSP-8134,The Johns Hopkins Hospital,allergy and immunology,2021-09-21,1,63.0,60.0,20.0,1210.0,1.0
HOSP-8134,The Johns Hopkins Hospital,cardiology,2024-03-22,1,42.0,105.0,24.0,180.0,1.0
HOSP-8134,The Johns Hopkins Hospital,rheumatology,2022-03-27,1,31.0,15.0,11.0,850.0,1.0
HOSP-8135,The Johns Hopkins Hospital,infectious disease or internal medicine,,1,12.0,30.0,2.0,670.0,1.0
HOSP-8137,The Johns Hopkins Hospital,psychiatry,2021-08-17,1,53.0,105.0,9.0,1240.0,1.0
HOSP-8138,The Johns Hopkins Hospital,pulmonology or infectious disease,2021-02-27,1,14.0,45.0,10.0,1390.0,1.0
HOSP-8139,The Johns Hopkins Hospital,nephrology,2023-03-21,1,67.0,45.0,20.0,1050.0,1.0
HOSP-8140,The Johns Hopkins Hospital,neurology,,1,66.0,75.0,6.0,520.0,0.0
HOSP-8141,The Johns Hopkins Hospital,infectious disease,2021-10-16,1,62.0,30.0,5.0,660.0,0.0
HOSP-8142,The Johns Hopkins Hospital,infectious disease or internal medicine,2024-03-17,1,11.0,60.0,8.0,840.0,1.0
HOSP-8142,The Johns Hopkins Hospital,psychiatry,2022-09-27,1,4.0,75.0,7.0,460.0,0.0
HOSP-8143,The Johns Hopkins Hospital,rheumatology,2024-03-19,1,21.0,45.0,26.0,450.0,0.0
HOSP-8144,The Johns Hopkins Hospital,infectious disease,,1,40.0,90.0,15.0,500.0,1.0
HOSP-8145,The Johns Hopkins Hospital,rheumatology,2021-08-13,1,11.0,60.0,26.0,1580.0,1.0
HOSP-8145,The Johns Hopkins Hospital,urology or nephrology,2022-05-31,1,91.0,30.0,2.0,1560.0,1.0
HOSP-8146,The Johns Hopkins Hospital,neurology,,1,81.0,105.0,25.0,100.0,0.0
HOSP-8149,The Johns Hopkins Hospital,neurology,2023-10-23,1,18.0,90.0,13.0,1210.0,1.0
HOSP-8149,The Johns Hopkins Hospital,pulmonology or allergy and immunology,,1,44.0,30.0,30.0,1500.0,0.0
HOSP-8149,The Johns Hopkins Hospital,rheumatology,2020-10-22,1,70.0,60.0,2.0,1600.0,1.0
HOSP-8150,The Johns Hopkins Hospital,psychiatry,2023-12-21,1,65.0,45.0,20.0,720.0,1.0
HOSP-8151,The Johns Hopkins Hospital,infectious disease or internal medicine,,1,69.0,60.0,10.0,1310.0,0.0
HOSP-8151,The Johns Hopkins Hospital,neurology,,1,66.0,30.0,26.0,410.0,1.0
HOSP-8152,The Johns Hopkins Hospital,allergy and immunology,2020-09-23,1,52.0,45.0,7.0,320.0,0.0
HOSP-8152,The Johns Hopkins Hospital,infectious disease or internal medicine,2022-09-19,1,52.0,15.0,24.0,970.0,0.0
HOSP-8152,The Johns Hopkins Hospital,infectious disease or internal medicine,2023-08-18,1,71.0,105.0,14.0,380.0,1.0
HOSP-8153,The Johns Hopkins Hospital,pulmonology or allergy and immunology,,1,85.0,15.0,14.0,830.0,1.0
HOSP-8155,The Johns Hopkins Hospital,gastroenterology,2022-03-28,1,77.0,105.0,24.0,1310.0,0.0
HOSP-8155,The Johns Hopkins Hospital,rheumatology,2023-09-22,1,64.0,75.0,25.0,1310.0,1.0
HOSP-8157,The Johns Hopkins Hospital,hepatology or gastroenterology,,1,86.0,45.0,25.0,630.0,0.0
HOSP-8157,The Johns Hopkins Hospital,psychiatry,,1,24.0,15.0,18.0,750.0,1.0
HOSP-8158,The Johns Hopkins Hospital,gastroenterology,,1,16.0,120.0,9.0,240.0,1.0
HOSP-8159,The Johns Hopkins Hospital,nephrology,,1,73.0,30.0,6.0,620.0,1.0
HOSP-8161,The Johns Hopkins Hospital,oncology,2024-03-27,1,4.0,60.0,26.0,1080.0,0.0
HOSP-8162,The Johns Hopkins Hospital,cardiology or internal medicine,2024-07-20,1,87.0,105.0,19.0,1360.0,1.0
HOSP-8162,The Johns Hopkins Hospital,neurology,,1,46.0,90.0,29.0,360.0,1.0
HOSP-8162,The Johns Hopkins Hospital,psychiatry,,1,49.0,60.0,29.0,210.0,0.0
HOSP-8163,The Johns Hopkins Hospital,infectious disease or internal medicine,2020-10-21,1,67.0,90.0,29.0,450.0,0.0
HOSP-8164,The Johns Hopkins Hospital,endocrinology,,1,82.0,45.0,27.0,860.0,1.0
HOSP-8164,The Johns Hopkins Hospital,psychiatry,,1,40.0,75.0,12.0,1560.0,1.0
HOSP-8165,The Johns Hopkins Hospital,rheumatology,,1,83.0,75.0,29.0,1450.0,1.0
HOSP-8167,The Johns Hopkins Hospital,infectious disease or internal medicine,2023-12-15,1,21.0,90.0,9.0,640.0,0.0
HOSP-8167,The Johns Hopkins Hospital,neurology,2023-06-24,1,0.0,75.0,9.0,290.0,1.0
HOSP-8168,The Johns Hopkins Hospital,neurology,2023-06-29,1,45.0,120.0,25.0,1260.0,0.0
HOSP-8168,The Johns Hopkins Hospital,rheumatology,,1,79.0,60.0,1.0,420.0,1.0
HOSP-8169,The Johns Hopkins Hospital,allergy and immunology,2021-08-20,1,73.0,15.0,8.0,430.0,1.0
HOSP-8172,The Johns Hopkins Hospital,infectious disease or internal medicine,,1,90.0,45.0,29.0,610.0,0.0
HOSP-8172,The Johns Hopkins Hospital,pulmonology or allergy and immunology,2022-07-15,1,39.0,75.0,9.0,1530.0,0.0
HOSP-8173,The Johns Hopkins Hospital,neurology,2020-12-13,1,10.0,75.0,3.0,840.0,0.0
HOSP-8174,The Johns Hopkins Hospital,endocrinology,2023-03-16,1,7.0,45.0,14.0,980.0,0.0
HOSP-8174,The Johns Hopkins Hospital,gastroenterology,2022-03-25,1,41.0,30.0,2.0,1080.0,1.0
HOSP-8175,The Johns Hopkins Hospital,nephrology,2022-12-23,1,62.0,30.0,9.0,1020.0,1.0
HOSP-8175,The Johns Hopkins Hospital,urology or nephrology,2021-05-24,1,7.0,45.0,11.0,1010.0,1.0
HOSP-8176,The Johns Hopkins Hospital,infectious disease or internal medicine,2020-11-24,1,56.0,120.0,27.0,900.0,0.0
HOSP-8177,The Johns Hopkins Hospital,cardiology,,1,58.0,105.0,7.0,940.0,0.0
HOSP-8179,The Johns Hopkins Hospital,gastroenterology,2023-10-29,1,2.0,60.0,10.0,1510.0,0.0
HOSP-8180,The Johns Hopkins Hospital,oncology,2021-03-29,1,25.0,105.0,17.0,270.0,0.0
HOSP-8183,The Johns Hopkins Hospital,hepatology,,1,46.0,60.0,27.0,420.0,0.0
HOSP-8184,The Johns Hopkins Hospital,urology or nephrology,2021-03-20,1,88.0,105.0,1.0,650.0,0.0
HOSP-8185,The Johns Hopkins Hospital,dermatology,,1,79.0,15.0,26.0,1190.0,1.0
HOSP-8185,The Johns Hopkins Hospital,infectious disease,2023-09-30,1,91.0,90.0,4.0,530.0,1.0
HOSP-8187,The Johns Hopkins Hospital,pulmonology or infectious disease,2023-03-13,1,19.0,60.0,8.0,1030.0,1.0
HOSP-8190,The Johns Hopkins Hospital,endocrinology,2021-12-26,1,35.0,90.0,21.0,640.0,0.0
HOSP-8191,The Johns Hopkins Hospital,neurology,2024-01-31,1,13.0,45.0,22.0,860.0,1.0
HOSP-8191,The Johns Hopkins Hospital,rheumatology,2021-10-14,1,30.0,105.0,24.0,1360.0,0.0
HOSP-8193,The Johns Hopkins Hospital,gastroenterology,2022-06-25,1,41.0,60.0,6.0,600.0,1.0
HOSP-8193,The Johns Hopkins Hospital,neurology,,1,91.0,75.0,16.0,650.0,0.0
HOSP-8194,The Johns Hopkins Hospital,pulmonology or infectious disease,,1,59.0,30.0,5.0,380.0,1.0
HOSP-8195,The Johns Hopkins Hospital,infectious disease or internal medicine,,1,83.0,90.0,29.0,270.0,1.0
HOSP-8196,The Johns Hopkins Hospital,neurology,2022-04-28,1,46.0,120.0,18.0,580.0,0.0
HOSP-8198,The Johns Hopkins Hospital,infectious disease or internal medicine,2021-09-29,1,46.0,120.0,29.0,650.0,1.0
HOSP-8199,The Johns Hopkins Hospital,neurology,2023-01-19,1,82.0,105.0,13.0,820.0,1.0
HOSP-8199,The Johns Hopkins Hospital,rheumatology,2022-02-25,1,54.0,90.0,9.0,1460.0,0.0
HOSP-8201,The Johns Hopkins Hospital,psychiatry,2023-07-13,1,28.0,75.0,1.0,1020.0,0.0
HOSP-8202,The Johns Hopkins Hospital,neurology,,2,45.5,52.5,23.0,1035.0,1.0
HOSP-8203,The Johns Hopkins Hospital,neurology,2023-09-14,1,12.0,75.0,24.0,340.0,1.0
HOSP-8204,The Johns Hopkins Hospital,neurology,2022-05-21,1,69.0,75.0,14.0,1580.0,0.0
HOSP-8205,The Johns Hopkins Hospital,hepatology or gastroenterology,,1,50.0,45.0,17.0,400.0,1.0
HOSP-8206,The Johns Hopkins Hospital,gastroenterology,2024-06-27,1,56.0,105.0,24.0,1080.0,1.0
HOSP-8208,The Johns Hopkins Hospital,cardiology,2024-06-15,1,2.0,120.0,26.0,1120.0,0.0
HOSP-8208,The Johns Hopkins Hospital,rheumatology,,1,73.0,60.0,30.0,1200.0,0.0
HOSP-8209,The Johns Hopkins Hospital,gastroenterology,,1,10.0,105.0,12.0,360.0,1.0
HOSP-8209,The Johns Hopkins Hospital,neurology,2024-01-20,1,81.0,15.0,17.0,610.0,1.0
HOSP-8210,The Johns Hopkins Hospital,urology or nephrology,2023-06-24,1,69.0,60.0,28.0,490.0,0.0
HOSP-8211,The Johns Hopkins Hospital,pulmonology or allergy and immunology,,1,56.0,105.0,23.0,810.0,0.0
HOSP-8213,The Johns Hopkins Hospital,dermatology,,1,26.0,120.0,29.0,1000.0,0.0
HOSP-8214,The Johns Hopkins Hospital,gastroenterology,,1,45.0,30.0,8.0,550.0,0.0
HOSP-8214,The Johns Hopkins Hospital,neurology,2022-05-29,1,55.0,75.0,1.0,580.0,0.0
HOSP-8215,The Johns Hopkins Hospital,psychiatry,2023-11-22,1,15.0,90.0,15.0,490.0,1.0
HOSP-8216,The Johns Hopkins Hospital,psychiatry,,1,2.0,120.0,18.0,410.0,0.0
HOSP-8216,The Johns Hopkins Hospital,rheumatology,2021-10-28,1,25.0,105.0,19.0,640.0,0.0
HOSP-8217,The Johns Hopkins Hospital,pulmonology or allergy and immunology,2023-06-29,1,49.0,60.0,3.0,220.0,0.0
HOSP-8218,The Johns Hopkins Hospital,gastroenterology,,1,68.0,120.0,7.0,440.0,1.0
HOSP-8218,The Johns Hopkins Hospital,rheumatology,,1,47.0,120.0,13.0,120.0,1.0
HOSP-8219,The Johns Hopkins Hospital,neurology,2020-12-16,1,2.0,15.0,17.0,950.0,0.0
HOSP-8220,The Johns Hopkins Hospital,cardiology,2021-03-21,1,94.0,30.0,10.0,1470.0,1.0
HOSP-8220,The Johns Hopkins Hospital,infectious disease or internal medicine,,1,33.0,60.0,25.0,110.0,0.0
HOSP-8221,The Johns Hopkins Hospital,nephrology,2023-10-17,1,2.0,60.0,24.0,1580.0,1.0
HOSP-8221,The Johns Hopkins Hospital,neurology,2022-11-30,1,11.0,15.0,16.0,890.0,0.0
HOSP-8222,The Johns Hopkins Hospital,infectious disease or internal medicine,2020-09-13,1,32.0,75.0,23.0,680.0,0.0
HOSP-8223,The Johns Hopkins Hospital,endocrinology,,1,57.0,90.0,2.0,700.0,1.0
HOSP-8224,The Johns Hopkins Hospital,dermatology,2022-06-29,1,7.0,60.0,8.0,470.0,1.0
HOSP-8224,The Johns Hopkins Hospital,neurology,2022-04-16,1,92.0,15.0,21.0,1420.0,0.0
HOSP-8224,The Johns Hopkins Hospital,neurology,,1,31.0,15.0,3.0,1340.0,0.0
HOSP-8224,The Johns Hopkins Hospital,psychiatry,2023-09-29,1,89.0,45.0,26.0,510.0,1.0
HOSP-8225,The Johns Hopkins Hospital,infectious disease,2023-04-14,1,56.0,60.0,24.0,1280.0,0.0
HOSP-8226,The Johns Hopkins Hospital,allergy and immunology,2023-09-30,1,58.0,75.0,17.0,1200.0,1.0
HOSP-8227,The Johns Hopkins Hospital,gastroenterology,2020-10-15,1,5.0,30.0,25.0,340.0,0.0
HOSP-8227,The Johns Hopkins Hospital,infectious disease or internal medicine,,1,90.0,60.0,25.0,430.0,0.0
HOSP-8227,The Johns Hopkins Hospital,neurology,2023-04-25,1,7.0,15.0,28.0,1350.0,1.0
HOSP-8227,The Johns Hopkins Hospital,pulmonology,2020-09-28,1,19.0,75.0,25.0,1440.0,0.0
HOSP-8227,The Johns Hopkins Hospital,urology or nephrology,,1,60.0,90.0,11.0,470.0,0.0
HOSP-8228,The Johns Hopkins Hospital,rheumatology,2024-02-14,1,9.0,30.0,22.0,450.0,1.0
HOSP-8228,The Johns Hopkins Hospital,rheumatology,,1,59.0,30.0,11.0,880.0,1.0
HOSP-8229,The Johns Hopkins Hospital,gastroenterology,2022-08-22,1,60.0,45.0,12.0,320.0,0.0
HOSP-8230,The Johns Hopkins Hospital,psychiatry,2022-09-25,1,15.0,60.0,9.0,110.0,1.0
HOSP-8234,The Johns Hopkins Hospital,hepatology,2021-01-31,1,22.0,75.0,10.0,1260.0,0.0
HOSP-8234,The Johns Hopkins Hospital,oncology,2023-08-29,1,76.0,75.0,7.0,950.0,0.0
HOSP-8235,The Johns Hopkins Hospital,allergy and immunology,2022-06-22,1,38.0,105.0,30.0,750.0,1.0
HOSP-8237,The Johns Hopkins Hospital,cardiology,2022-07-27,1,61.0,75.0,17.0,670.0,0.0
HOSP-8238,The Johns Hopkins Hospital,cardiology,2021-04-30,1,25.0,75.0,7.0,1500.0,1.0
HOSP-8238,The Johns Hopkins Hospital,neurology,2020-10-13,1,60.0,15.0,21.0,600.0,0.0
HOSP-8239,The Johns Hopkins Hospital,hepatology,,1,4.0,105.0,22.0,660.0,0.0
HOSP-8239,The Johns Hopkins Hospital,psychiatry,2021-08-22,1,95.0,105.0,9.0,1600.0,1.0
HOSP-8241,The Johns Hopkins Hospital,psychiatry,,1,19.0,60.0,1.0,1130.0,1.0
HOSP-8243,The Johns Hopkins Hospital,allergy and immunology,2021-11-20,1,44.0,15.0,12.0,790.0,0.0
HOSP-8243,The Johns Hopkins Hospital,neurology,2023-09-17,1,91.0,30.0,13.0,1150.0,1.0
HOSP-8244,The Johns Hopkins Hospital,dermatology,2022-03-15,1,54.0,90.0,28.0,1030.0,0.0
HOSP-8244,The Johns Hopkins Hospital,hepatology,2022-03-31,1,37.0,15.0,1.0,1570.0,0.0
HOSP-8244,The Johns Hopkins Hospital,neurology,2021-07-26,1,0.0,120.0,27.0,790.0,1.0
HOSP-8244,The Johns Hopkins Hospital,neurology,2021-12-28,1,65.0,90.0,24.0,650.0,1.0
HOSP-8245,The Johns Hopkins Hospital,hepatology or gastroenterology,2020-08-31,1,42.0,60.0,30.0,1440.0,0.0
HOSP-8245,The Johns Hopkins Hospital,pulmonology or infectious disease,2021-09-16,1,21.0,90.0,12.0,790.0,1.0
HOSP-8247,The Johns Hopkins Hospital,cardiology,,1,19.0,90.0,23.0,550.0,1.0
HOSP-8247,The Johns Hopkins Hospital,infectious disease or internal medicine,2021-12-14,1,93.0,105.0,5.0,1510.0,0.0
HOSP-8247,The Johns Hopkins Hospital,neurology,,1,6.0,90.0,24.0,170.0,1.0
HOSP-8249,The Johns Hopkins Hospital,gastroenterology,,1,9.0,15.0,8.0,940.0,0.0
HOSP-8250,The Johns Hopkins Hospital,hepatology or gastroenterology,2022-07-13,1,78.0,45.0,12.0,240.0,0.0
HOSP-8251,The Johns Hopkins Hospital,infectious disease,2023-03-28,1,94.0,30.0,6.0,690.0,0.0
HOSP-8251,The Johns Hopkins Hospital,neurology,,1,87.0,105.0,29.0,1240.0,0.0
HOSP-8252,The Johns Hopkins Hospital,infectious disease or internal medicine,2020-09-22,1,72.0,45.0,3.0,950.0,0.0
HOSP-8255,The Johns Hopkins Hospital,rheumatology,,1,10.0,60.0,11.0,1290.0,1.0
HOSP-8258,The Johns Hopkins Hospital,urology or nephrology,2022-01-22,1,55.0,45.0,13.0,450.0,0.0
HOSP-8260,The Johns Hopkins Hospital,cardiology or internal medicine,2023-05-18,1,66.0,90.0,7.0,530.0,1.0
HOSP-8260,The Johns Hopkins Hospital,hepatology,2022-07-16,1,27.0,120.0,3.0,1140.0,0.0
HOSP-8260,The Johns Hopkins Hospital,pulmonology or allergy and immunology,,1,41.0,90.0,24.0,570.0,0.0
HOSP-8263,The Johns Hopkins Hospital,rheumatology,2024-03-16,1,23.0,90.0,15.0,280.0,0.0
HOSP-8265,The Johns Hopkins Hospital,nephrology,2024-04-25,1,8.0,30.0,5.0,650.0,1.0
HOSP-8265,The Johns Hopkins Hospital,psychiatry,2024-01-23,1,86.0,15.0,9.0,660.0,1.0
HOSP-8267,The Johns Hopkins Hospital,gastroenterology,2021-11-30,1,64.0,60.0,17.0,660.0,1.0
HOSP-8267,The Johns Hopkins Hospital,neurology,,1,39.0,105.0,29.0,1350.0,0.0
HOSP-8269,The Johns Hopkins Hospital,pulmonology or infectious disease,,1,68.0,90.0,10.0,820.0,1.0
HOSP-8270,The Johns Hopkins Hospital,psychiatry,2022-02-19,1,92.0,90.0,26.0,720.0,0.0
HOSP-8270,The Johns Hopkins Hospital,rheumatology,2024-07-22,1,14.0,15.0,8.0,1470.0,0.0
HOSP-8270,The Johns Hopkins Hospital,urology or nephrology,2021-11-15,1,25.0,90.0,25.0,1150.0,1.0
HOSP-8271,The Johns Hopkins Hospital,cardiology,,1,49.0,60.0,17.0,580.0,0.0
HOSP-8271,The Johns Hopkins Hospital,neurology,2021-11-19,1,66.0,75.0,12.0,810.0,0.0
HOSP-8272,The Johns Hopkins Hospital,gastroenterology,2023-06-13,1,19.0,30.0,19.0,320.0,0.0
HOSP-8272,The Johns Hopkins Hospital,infectious disease or internal medicine,2024-03-24,1,9.0,105.0,27.0,390.0,0.0
HOSP-8272,The Johns Hopkins Hospital,neurology,2023-05-23,1,2.0,60.0,4.0,170.0,0.0
HOSP-8272,The Johns Hopkins Hospital,neurology,,1,34.0,30.0,27.0,820.0,1.0
HOSP-8272,The Johns Hopkins Hospital,psychiatry,2020-10-19,1,31.0,30.0,13.0,800.0,0.0
HOSP-8272,The Johns Hopkins Hospital,rheumatology,2023-03-26,1,15.0,90.0,13.0,840.0,1.0
HOSP-8273,The Johns Hopkins Hospital,hepatology,,1,25.0,45.0,11.0,230.0,1.0
HOSP-8274,The Johns Hopkins Hospital,oncology,2023-07-23,1,17.0,90.0,16.0,740.0,1.0
HOSP-8278,The Johns Hopkins Hospital,nephrology,2020-10-22,1,67.0,60.0,16.0,630.0,0.0
HOSP-8279,The Johns Hopkins Hospital,neurology,2023-10-28,1,21.0,30.0,14.0,620.0,1.0
HOSP-8279,The Johns Hopkins Hospital,rheumatology,2021-08-23,1,77.0,120.0,27.0,1440.0,1.0
HOSP-8281,The Johns Hopkins Hospital,gastroenterology,,1,45.0,15.0,13.0,610.0,0.0
HOSP-8281,The Johns Hopkins Hospital,pulmonology or allergy and immunology,2021-11-21,1,11.0,105.0,15.0,1390.0,0.0
HOSP-8283,The Johns Hopkins Hospital,allergy and immunology,2021-10-28,1,33.0,15.0,7.0,1490.0,0.0
HOSP-8283,The Johns Hopkins Hospital,gastroenterology,,1,69.0,45.0,1.0,680.0,0.0
HOSP-8283,The Johns Hopkins Hospital,pulmonology,2022-01-19,1,59.0,75.0,11.0,160.0,0.0
HOSP-8285,The Johns Hopkins Hospital,hepatology,2022-10-23,1,14.0,15.0,16.0,960.0,1.0
HOSP-8285,The Johns Hopkins Hospital,hepatology or gastroenterology,2022-11-23,1,76.0,105.0,6.0,1120.0,1.0
HOSP-8286,The Johns Hopkins Hospital,gastroenterology,,1,27.0,45.0,19.0,460.0,0.0
HOSP-8286,The Johns Hopkins Hospital,neurology,2020-07-25,1,84.0,120.0,10.0,1200.0,0.0
HOSP-8286,The Johns Hopkins Hospital,neurology,2021-07-18,1,85.0,15.0,16.0,770.0,0.0
HOSP-8286,The Johns Hopkins Hospital,pulmonology or infectious disease,2023-11-22,1,60.0,75.0,29.0,1470.0,1.0
HOSP-8287,The Johns Hopkins Hospital,hepatology or gastroenterology,2020-08-22,1,10.0,120.0,18.0,550.0,0.0
HOSP-8287,The Johns Hopkins Hospital,pulmonology or infectious disease,2023-12-29,1,4.0,30.0,25.0,1090.0,0.0
HOSP-8288,The Johns Hopkins Hospital,neurology,2020-11-27,1,72.0,120.0,30.0,1470.0,0.0
HOSP-8289,The Johns Hopkins Hospital,allergy and immunology,,1,19.0,30.0,18.0,100.0,0.0
HOSP-8289,The Johns Hopkins Hospital,hepatology,,1,80.0,105.0,30.0,370.0,1.0
HOSP-8289,The Johns Hopkins Hospital,rheumatology,2021-03-22,1,81.0,15.0,5.0,1410.0,0.0
HOSP-8291,The Johns Hopkins Hospital,allergy and immunology,,1,58.0,60.0,8.0,1570.0,0.0
HOSP-8291,The Johns Hopkins Hospital,infectious disease,2022-02-22,1,28.0,15.0,29.0,1550.0,1.0
HOSP-8291,The Johns Hopkins Hospital,infectious disease,2023-10-25,1,2.0,30.0,7.0,300.0,0.0
HOSP-8293,The Johns Hopkins Hospital,psychiatry,2023-07-17,1,86.0,60.0,14.0,610.0,1.0
HOSP-8295,The Johns Hopkins Hospital,gastroenterology,,1,48.0,120.0,2.0,510.0,0.0
HOSP-8295,The Johns Hopkins Hospital,rheumatology,,1,4.0,30.0,8.0,230.0,0.0
HOSP-8297,The Johns Hopkins Hospital,pulmonology or allergy and immunology,2023-10-23,1,17.0,120.0,18.0,570.0,1.0
HOSP-8297,The Johns Hopkins Hospital,rheumatology,2023-11-14,1,33.0,90.0,12.0,1230.0,0.0
HOSP-8298,The Johns Hopkins Hospital,neurology,2023-02-15,1,84.0,120.0,30.0,820.0,1.0
HOSP-8299,The Johns Hopkins Hospital,neurology,,1,70.0,75.0,3.0,1280.0,0.0
HOSP-8301,The Johns Hopkins Hospital,gastroenterology,2024-05-24,1,93.0,90.0,8.0,210.0,0.0
HOSP-8302,The Johns Hopkins Hospital,infectious disease or internal medicine,2020-08-16,1,36.0,60.0,11.0,540.0,1.0
HOSP-8302,The Johns Hopkins Hospital,neurology,2022-09-25,1,35.0,45.0,6.0,250.0,1.0
HOSP-8303,The Johns Hopkins Hospital,cardiology or internal medicine,2022-01-19,1,56.0,15.0,27.0,830.0,0.0
HOSP-8303,The Johns Hopkins Hospital,neurology,,1,0.0,105.0,22.0,1230.0,1.0
HOSP-8304,The Johns Hopkins Hospital,cardiology,2022-10-26,1,32.0,75.0,18.0,670.0,1.0
HOSP-8307,The Johns Hopkins Hospital,cardiology,2020-09-25,1,8.0,105.0,8.0,1260.0,0.0
HOSP-8308,The Johns Hopkins Hospital,psychiatry,,1,42.0,60.0,18.0,700.0,0.0
HOSP-8309,The Johns Hopkins Hospital,hepatology,,1,17.0,60.0,2.0,800.0,0.0
HOSP-8309,The Johns Hopkins Hospital,rheumatology,2023-11-21,1,69.0,15.0,24.0,530.0,0.0
HOSP-8310,The Johns Hopkins Hospital,gastroenterology,2023-12-24,1,20.0,60.0,20.0,100.0,1.0
HOSP-8310,The Johns Hopkins Hospital,neurology,2022-11-17,1,66.0,45.0,6.0,400.0,1.0
HOSP-8311,The Johns Hopkins Hospital,psychiatry,,1,51.0,60.0,12.0,1390.0,1.0
HOSP-8312,The Johns Hopkins Hospital,neurology,,1,8.0,90.0,9.0,410.0,1.0
HOSP-8313,The Johns Hopkins Hospital,neurology,2021-11-26,1,85.0,45.0,19.0,600.0,0.0
HOSP-8313,The Johns Hopkins Hospital,pulmonology,,1,46.0,75.0,23.0,1070.0,0.0
HOSP-8314,The Johns Hopkins Hospital,cardiology,2023-06-17,1,92.0,120.0,21.0,660.0,1.0
HOSP-8316,The Johns Hopkins Hospital,nephrology,2023-12-13,1,92.0,105.0,20.0,580.0,1.0
HOSP-8316,The Johns Hopkins Hospital,psychiatry,,1,8.0,30.0,30.0,1000.0,1.0
HOSP-8317,The Johns Hopkins Hospital,endocrinology,2023-11-16,1,52.0,30.0,7.0,470.0,0.0
HOSP-8317,The Johns Hopkins Hospital,neurology,,1,4.0,90.0,9.0,880.0,1.0
HOSP-8318,The Johns Hopkins Hospital,neurology,2020-12-22,1,21.0,45.0,18.0,650.0,0.0
HOSP-8320,The Johns Hopkins Hospital,allergy and immunology,,1,2.0,45.0,13.0,790.0,0.0
HOSP-8320,The Johns Hopkins Hospital,psychiatry,,1,26.0,15.0,15.0,1590.0,0.0
HOSP-8320,The Johns Hopkins Hospital,rheumatology,,1,78.0,105.0,14.0,1300.0,1.0
HOSP-8321,The Johns Hopkins Hospital,pulmonology or infectious disease,2020-09-13,1,59.0,60.0,17.0,1570.0,1.0
HOSP-8322,The Johns Hopkins Hospital,hepatology,2020-12-28,1,63.0,60.0,29.0,400.0,0.0
HOSP-8324,The Johns Hopkins Hospital,cardiology,,1,58.0,90.0,28.0,120.0,0.0
HOSP-8325,The Johns Hopkins Hospital,hepatology,2023-09-21,1,84.0,15.0,1.0,1350.0,0.0
HOSP-8325,The Johns Hopkins Hospital,neurology,2023-10-16,1,59.0,105.0,27.0,1170.0,1.0
HOSP-8326,The Johns Hopkins Hospital,hepatology or gastroenterology,2022-06-20,1,94.0,105.0,15.0,140.0,0.0
HOSP-8327,The Johns Hopkins Hospital,infectious disease or internal medicine,,1,14.0,75.0,10.0,400.0,0.0
HOSP-8330,The Johns Hopkins Hospital,psychiatry,2023-11-22,1,92.0,45.0,20.0,370.0,0.0
HOSP-8334,The Johns Hopkins Hospital,gastroenterology,2022-06-19,1,48.0,90.0,3.0,1440.0,0.0
HOSP-8334,The Johns Hopkins Hospital,gastroenterology,,1,65.0,45.0,10.0,1520.0,0.0
HOSP-8335,The Johns Hopkins Hospital,psychiatry,2023-12-23,1,39.0,90.0,15.0,890.0,1.0
HOSP-8338,The Johns Hopkins Hospital,endocrinology,,1,19.0,105.0,18.0,180.0,1.0
HOSP-8338,The Johns Hopkins Hospital,rheumatology,,1,13.0,15.0,2.0,420.0,0.0
HOSP-8340,The Johns Hopkins Hospital,neurology,,1,61.0,90.0,6.0,1490.0,1.0
HOSP-8341,The Johns Hopkins Hospital,neurology,2021-06-27,1,10.0,15.0,3.0,380.0,0.0
HOSP-8341,The Johns Hopkins Hospital,rheumatology,,1,52.0,90.0,23.0,680.0,0.0
HOSP-8345,The Johns Hopkins Hospital,infectious disease or internal medicine,2024-05-25,1,37.0,105.0,24.0,120.0,1.0
HOSP-8345,The Johns Hopkins Hospital,pulmonology,,1,64.0,15.0,19.0,130.0,1.0
HOSP-8346,The Johns Hopkins Hospital,psychiatry,2023-08-31,1,85.0,120.0,15.0,870.0,0.0
HOSP-8347,The Johns Hopkins Hospital,dermatology,2021-12-27,1,17.0,90.0,27.0,1070.0,0.0
HOSP-8347,The Johns Hopkins Hospital,hepatology or gastroenterology,2023-03-25,1,23.0,30.0,12.0,540.0,0.0
HOSP-8347,The Johns Hopkins Hospital,rheumatology,2022-09-20,1,52.0,15.0,28.0,120.0,0.0
HOSP-8349,The Johns Hopkins Hospital,neurology,2021-01-16,1,47.0,15.0,9.0,580.0,0.0
HOSP-8349,The Johns Hopkins Hospital,neurology,2021-06-17,1,74.0,60.0,24.0,150.0,1.0
HOSP-8350,The Johns Hopkins Hospital,psychiatry,2022-04-21,1,8.0,90.0,15.0,280.0,0.0
HOSP-8353,The Johns Hopkins Hospital,neurology,2024-04-19,1,1.0,105.0,8.0,170.0,1.0
HOSP-8353,The Johns Hopkins Hospital,psychiatry,2022-05-14,1,54.0,90.0,14.0,1380.0,0.0
HOSP-8353,The Johns Hopkins Hospital,pulmonology or allergy and immunology,,1,78.0,15.0,11.0,250.0,1.0
HOSP-8357,The Johns Hopkins Hospital,urology or nephrology,2023-10-22,1,86.0,30.0,3.0,390.0,0.0
HOSP-8358,The Johns Hopkins Hospital,neurology,2024-04-22,1,75.0,15.0,30.0,280.0,1.0
HOSP-8360,The Johns Hopkins Hospital,neurology,2022-05-19,1,78.0,30.0,22.0,870.0,1.0
HOSP-8361,The Johns Hopkins Hospital,dermatology,2021-07-23,1,15.0,120.0,19.0,110.0,0.0
HOSP-8362,The Johns Hopkins Hospital,gastroenterology,2020-12-27,1,86.0,15.0,23.0,140.0,1.0
HOSP-8362,The Johns Hopkins Hospital,pulmonology,2024-06-29,1,74.0,30.0,26.0,1430.0,0.0
HOSP-8362,The Johns Hopkins Hospital,rheumatology,2023-03-24,1,25.0,60.0,27.0,1060.0,0.0
HOSP-8363,The Johns Hopkins Hospital,gastroenterology,,1,31.0,30.0,20.0,1480.0,1.0
HOSP-8363,The Johns Hopkins Hospital,neurology,2021-04-24,1,86.0,105.0,14.0,920.0,1.0
HOSP-8364,The Johns Hopkins Hospital,pulmonology,2023-01-22,1,45.0,75.0,3.0,1200.0,1.0
HOSP-8365,The Johns Hopkins Hospital,endocrinology,2021-07-13,1,0.0,30.0,29.0,1030.0,0.0
HOSP-8365,The Johns Hopkins Hospital,pulmonology,2021-07-19,1,4.0,15.0,19.0,1040.0,1.0
HOSP-8366,The Johns Hopkins Hospital,neurology,2024-01-17,1,0.0,105.0,23.0,900.0,1.0
HOSP-8369,The Johns Hopkins Hospital,endocrinology,2020-07-27,1,91.0,60.0,23.0,160.0,0.0
HOSP-8369,The Johns Hopkins Hospital,pulmonology or allergy and immunology,2020-11-30,1,21.0,90.0,25.0,150.0,1.0
HOSP-8370,The Johns Hopkins Hospital,neurology,,1,46.0,75.0,15.0,540.0,0.0
HOSP-8371,The Johns Hopkins Hospital,gastroenterology,2021-07-14,1,38.0,105.0,16.0,1090.0,1.0
HOSP-8371,The Johns Hopkins Hospital,infectious disease,,1,52.0,45.0,29.0,1370.0,1.0
HOSP-8372,The Johns Hopkins Hospital,gastroenterology,2020-12-28,1,87.0,30.0,15.0,660.0,0.0
HOSP-8372,The Johns Hopkins Hospital,neurology,,1,30.0,90.0,5.0,790.0,0.0
HOSP-8374,The Johns Hopkins Hospital,gastroenterology,2023-03-26,1,66.0,60.0,19.0,1510.0,1.0
HOSP-8375,The Johns Hopkins Hospital,urology or nephrology,2023-05-24,1,93.0,120.0,4.0,1560.0,0.0
HOSP-8376,The Johns Hopkins Hospital,cardiology or internal medicine,2021-06-29,1,36.0,30.0,21.0,860.0,1.0
HOSP-8376,The Johns Hopkins Hospital,neurology,,1,87.0,60.0,22.0,780.0,1.0
HOSP-8376,The Johns Hopkins Hospital,pulmonology,2020-12-30,1,85.0,75.0,25.0,1240.0,0.0
HOSP-8377,The Johns Hopkins Hospital,oncology,2021-10-14,1,35.0,15.0,19.0,1520.0,0.0
HOSP-8378,The Johns Hopkins Hospital,endocrinology,2022-03-14,1,64.0,30.0,9.0,940.0,0.0
HOSP-8378,The Johns Hopkins Hospital,neurology,2021-05-21,1,3.0,90.0,13.0,520.0,1.0
HOSP-8378,The Johns Hopkins Hospital,pulmonology or allergy and immunology,,1,74.0,30.0,10.0,200.0,0.0
HOSP-8378,The Johns Hopkins Hospital,pulmonology or infectious disease,2021-12-27,1,67.0,90.0,7.0,660.0,0.0
HOSP-8380,The Johns Hopkins Hospital,urology or nephrology,2020-11-14,1,55.0,75.0,28.0,460.0,0.0
HOSP-8381,The Johns Hopkins Hospital,gastroenterology,2024-02-16,1,71.0,90.0,30.0,1600.0,1.0
HOSP-8381,The Johns Hopkins Hospital,neurology,2023-12-19,1,18.0,60.0,17.0,410.0,1.0
HOSP-8381,The Johns Hopkins Hospital,psychiatry,,1,23.0,90.0,6.0,1540.0,1.0
HOSP-8382,The Johns Hopkins Hospital,oncology,,1,16.0,75.0,17.0,1330.0,0.0
HOSP-8383,The Johns Hopkins Hospital,allergy and immunology,2022-04-30,1,77.0,45.0,21.0,1600.0,0.0
HOSP-8384,The Johns Hopkins Hospital,pulmonology or allergy and immunology,2023-09-24,1,30.0,75.0,17.0,1370.0,0.0
HOSP-8385,The Johns Hopkins Hospital,pulmonology,2023-02-22,1,61.0,15.0,14.0,660.0,1.0
HOSP-8387,The Johns Hopkins Hospital,cardiology or internal medicine,2021-12-25,1,48.0,105.0,5.0,1580.0,1.0
HOSP-8388,The Johns Hopkins Hospital,infectious disease or internal medicine,,1,70.0,30.0,7.0,540.0,0.0
HOSP-8389,The Johns Hopkins Hospital,cardiology or internal medicine,2023-08-16,1,65.0,90.0,7.0,1020.0,1.0
HOSP-8389,The Johns Hopkins Hospital,nephrology,2021-09-22,1,52.0,120.0,10.0,500.0,1.0
HOSP-8390,The Johns Hopkins Hospital,psychiatry,2022-12-30,1,9.0,15.0,2.0,1580.0,0.0
HOSP-8392,The Johns Hopkins Hospital,psychiatry,,1,9.0,15.0,23.0,1390.0,0.0
HOSP-8393,The Johns Hopkins Hospital,cardiology,2021-01-30,1,37.0,90.0,29.0,1290.0,1.0
HOSP-8393,The Johns Hopkins Hospital,psychiatry,,1,38.0,90.0,18.0,1540.0,0.0
HOSP-8393,The Johns Hopkins Hospital,urology or nephrology,2022-11-24,1,75.0,120.0,26.0,500.0,0.0
HOSP-8396,The Johns Hopkins Hospital,rheumatology,2021-10-19,1,78.0,75.0,9.0,1520.0,0.0
HOSP-8398,The Johns Hopkins Hospital,neurology,2021-08-27,1,87.0,75.0,16.0,510.0,1.0
HOSP-8399,The Johns Hopkins Hospital,infectious disease,2022-10-29,1,80.0,90.0,30.0,1050.0,1.0
HOSP-8401,The Johns Hopkins Hospital,cardiology,,1,74.0,45.0,13.0,890.0,1.0
HOSP-8401,The Johns Hopkins Hospital,rheumatology,2024-04-22,1,80.0,30.0,20.0,1040.0,1.0
HOSP-8402,The Johns Hopkins Hospital,hepatology,2022-02-16,1,63.0,120.0,30.0,1420.0,0.0
HOSP-8402,The Johns Hopkins Hospital,neurology,,1,45.0,105.0,9.0,1200.0,0.0
HOSP-8403,The Johns Hopkins Hospital,cardiology or internal medicine,,1,59.0,90.0,16.0,210.0,0.0
HOSP-8405,The Johns Hopkins Hospital,psychiatry,,1,7.0,45.0,30.0,710.0,0.0
HOSP-8406,The Johns Hopkins Hospital,pulmonology or infectious disease,2023-05-30,1,45.0,75.0,1.0,160.0,1.0
HOSP-8407,The Johns Hopkins Hospital,infectious disease or internal medicine,2022-12-31,1,27.0,105.0,21.0,820.0,0.0
HOSP-8408,The Johns Hopkins Hospital,gastroenterology,,1,20.0,30.0,14.0,690.0,0.0
HOSP-8409,The Johns Hopkins Hospital,pulmonology,2021-04-30,1,59.0,90.0,23.0,870.0,0.0
HOSP-8411,The Johns Hopkins Hospital,infectious disease or internal medicine,2023-09-14,1,67.0,30.0,3.0,1540.0,0.0
HOSP-8413,The Johns Hopkins Hospital,urology or nephrology,2021-08-24,1,38.0,15.0,2.0,230.0,1.0
HOSP-8415,The Johns Hopkins Hospital,oncology,2022-06-27,1,2.0,15.0,6.0,1390.0,1.0
HOSP-8416,The Johns Hopkins Hospital,psychiatry,,1,84.0,60.0,10.0,960.0,0.0
HOSP-8418,The Johns Hopkins Hospital,gastroenterology,2020-12-29,1,14.0,45.0,17.0,1450.0,1.0
HOSP-8418,The Johns Hopkins Hospital,neurology,2021-02-13,1,48.0,75.0,18.0,400.0,1.0
HOSP-8419,The Johns Hopkins Hospital,urology or nephrology,2022-01-27,1,23.0,15.0,4.0,1360.0,1.0
HOSP-8420,The Johns Hopkins Hospital,endocrinology,2024-07-16,1,23.0,15.0,30.0,170.0,0.0
HOSP-8420,The Johns Hopkins Hospital,hepatology,2022-11-17,1,11.0,90.0,4.0,1280.0,1.0
HOSP-8421,The Johns Hopkins Hospital,infectious disease or internal medicine,2021-06-17,1,23.0,30.0,29.0,1030.0,1.0
HOSP-8421,The Johns Hopkins Hospital,nephrology,2022-11-24,1,67.0,15.0,16.0,1560.0,0.0
HOSP-8422,The Johns Hopkins Hospital,pulmonology,,1,43.0,120.0,18.0,180.0,1.0
HOSP-8422,The Johns Hopkins Hospital,rheumatology,2022-10-31,1,1.0,30.0,10.0,1370.0,0.0
HOSP-8423,The Johns Hopkins Hospital,neurology,2024-06-20,1,0.0,60.0,2.0,1260.0,0.0
HOSP-8423,The Johns Hopkins Hospital,pulmonology or infectious disease,,1,64.0,15.0,13.0,1150.0,1.0
HOSP-8425,The Johns Hopkins Hospital,oncology,2021-10-21,1,17.0,120.0,29.0,170.0,1.0
HOSP-8426,The Johns Hopkins Hospital,gastroenterology,2022-05-28,1,88.0,75.0,10.0,310.0,0.0
HOSP-8427,The Johns Hopkins Hospital,allergy and immunology,2023-10-16,1,13.0,30.0,9.0,1270.0,0.0
HOSP-8427,The Johns Hopkins Hospital,psychiatry,,1,60.0,120.0,26.0,140.0,1.0
HOSP-8428,The Johns Hopkins Hospital,gastroenterology,,1,26.0,45.0,8.0,880.0,0.0
HOSP-8428,The Johns Hopkins Hospital,neurology,2020-11-26,1,88.0,105.0,2.0,250.0,1.0
HOSP-8430,The Johns Hopkins Hospital,pulmonology,,1,78.0,15.0,3.0,1010.0,0.0
HOSP-8431,The Johns Hopkins Hospital,pulmonology or infectious disease,2021-06-19,1,86.0,105.0,2.0,300.0,1.0
HOSP-8431,The Johns Hopkins Hospital,urology or nephrology,,1,12.0,90.0,3.0,770.0,0.0
HOSP-8433,The Johns Hopkins Hospital,neurology,,1,45.0,105.0,28.0,1590.0,1.0
HOSP-8434,The Johns Hopkins Hospital,infectious disease or internal medicine,,1,5.0,75.0,17.0,100.0,0.0
HOSP-8436,The Johns Hopkins Hospital,allergy and immunology,2021-04-22,1,83.0,90.0,1.0,240.0,0.0
HOSP-8436,The Johns Hopkins Hospital,infectious disease or internal medicine,,1,34.0,75.0,18.0,460.0,1.0
HOSP-8439,The Johns Hopkins Hospital,infectious disease or internal medicine,,1,61.0,30.0,7.0,1340.0,0.0
HOSP-8440,The Johns Hopkins Hospital,gastroenterology,2020-09-18,1,56.0,105.0,14.0,1180.0,1.0
HOSP-8440,The Johns Hopkins Hospital,hepatology,,1,79.0,60.0,22.0,730.0,1.0
HOSP-8441,The Johns Hopkins Hospital,gastroenterology,2021-06-14,1,87.0,60.0,26.0,1120.0,0.0
HOSP-8441,The Johns Hopkins Hospital,neurology,2021-03-20,1,52.0,15.0,13.0,820.0,1.0
HOSP-8443,The Johns Hopkins Hospital,dermatology,,1,13.0,45.0,18.0,1090.0,0.0
HOSP-8443,The Johns Hopkins Hospital,endocrinology,2022-11-17,1,93.0,45.0,2.0,1190.0,1.0
HOSP-8443,The Johns Hopkins Hospital,neurology,2022-10-21,1,8.0,30.0,25.0,570.0,1.0
HOSP-8444,The Johns Hopkins Hospital,oncology,2021-04-30,1,73.0,75.0,6.0,1140.0,0.0
HOSP-8445,The Johns Hopkins Hospital,rheumatology,2022-06-18,1,31.0,120.0,23.0,1010.0,0.0
HOSP-8446,The Johns Hopkins Hospital,cardiology,2023-11-15,1,12.0,15.0,27.0,1270.0,1.0
HOSP-8447,The Johns Hopkins Hospital,endocrinology,2020-09-14,1,85.0,120.0,12.0,290.0,0.0
HOSP-8447,The Johns Hopkins Hospital,psychiatry,2021-04-26,1,18.0,120.0,12.0,580.0,0.0
HOSP-8449,The Johns Hopkins Hospital,gastroenterology,,1,23.0,120.0,9.0,1590.0,1.0
HOSP-8453,The Johns Hopkins Hospital,psychiatry,2021-07-17,1,47.0,120.0,24.0,780.0,0.0
HOSP-8453,The Johns Hopkins Hospital,rheumatology,2021-04-15,1,7.0,120.0,28.0,1250.0,0.0
HOSP-8453,The Johns Hopkins Hospital,rheumatology,2022-02-15,1,9.0,120.0,17.0,770.0,0.0
HOSP-8454,The Johns Hopkins Hospital,psychiatry,2022-12-30,1,95.0,120.0,16.0,730.0,1.0
HOSP-8458,The Johns Hopkins Hospital,psychiatry,,1,5.0,90.0,15.0,900.0,1.0
HOSP-8461,The Johns Hopkins Hospital,pulmonology,2021-02-14,1,29.0,45.0,20.0,650.0,0.0
HOSP-8464,The Johns Hopkins Hospital,hepatology,2021-04-30,1,67.0,75.0,15.0,1040.0,1.0
HOSP-8464,The Johns Hopkins Hospital,neurology,2023-02-22,1,86.0,15.0,23.0,550.0,0.0
HOSP-8465,The Johns Hopkins Hospital,rheumatology,2021-07-30,1,42.0,105.0,23.0,1060.0,1.0
HOSP-8466,The Johns Hopkins Hospital,gastroenterology,,1,81.0,15.0,23.0,480.0,0.0
HOSP-8467,The Johns Hopkins Hospital,allergy and immunology,2024-03-17,1,12.0,90.0,9.0,1270.0,0.0
HOSP-8468,The Johns Hopkins Hospital,gastroenterology,2022-10-30,1,30.0,45.0,17.0,390.0,1.0
HOSP-8468,The Johns Hopkins Hospital,hepatology,,1,37.0,105.0,7.0,990.0,0.0
HOSP-8468,The Johns Hopkins Hospital,psychiatry,2024-04-30,1,53.0,75.0,30.0,1250.0,0.0
HOSP-8469,The Johns Hopkins Hospital,psychiatry,2021-04-24,1,95.0,90.0,10.0,1170.0,0.0
HOSP-8471,The Johns Hopkins Hospital,dermatology,2021-04-25,1,43.0,60.0,5.0,1000.0,0.0
HOSP-8471,The Johns Hopkins Hospital,gastroenterology,2022-09-19,1,85.0,120.0,26.0,750.0,0.0
HOSP-8471,The Johns Hopkins Hospital,neurology,2022-08-14,1,66.0,45.0,11.0,1350.0,1.0
HOSP-8472,The Johns Hopkins Hospital,cardiology,,1,60.0,75.0,7.0,1170.0,0.0
HOSP-8473,The Johns Hopkins Hospital,gastroenterology,2020-09-29,1,48.0,90.0,18.0,1470.0,1.0
HOSP-8473,The Johns Hopkins Hospital,infectious disease or internal medicine,,1,23.0,30.0,21.0,1280.0,0.0
HOSP-8474,The Johns Hopkins Hospital,neurology,,1,24.0,105.0,17.0,1310.0,0.0
HOSP-8475,The Johns Hopkins Hospital,hepatology,2022-04-14,1,6.0,15.0,23.0,1400.0,1.0
HOSP-8476,The Johns Hopkins Hospital,nephrology,2021-01-14,1,16.0,15.0,27.0,960.0,0.0
HOSP-8476,The Johns Hopkins Hospital,neurology,,1,31.0,75.0,25.0,1230.0,0.0
HOSP-8477,The Johns Hopkins Hospital,neurology,2021-06-15,1,9.0,15.0,30.0,660.0,0.0
HOSP-8480,The Johns Hopkins Hospital,gastroenterology,,1,55.0,75.0,24.0,1450.0,1.0
HOSP-8480,The Johns Hopkins Hospital,rheumatology,,1,7.0,45.0,17.0,480.0,1.0
HOSP-8481,The Johns Hopkins Hospital,cardiology or internal medicine,2020-11-30,1,83.0,90.0,24.0,1190.0,0.0
HOSP-8483,The Johns Hopkins Hospital,neurology,,1,52.0,45.0,9.0,1570.0,1.0
HOSP-8484,The Johns Hopkins Hospital,pulmonology or allergy and immunology,2022-04-26,1,30.0,60.0,12.0,340.0,0.0
HOSP-8484,The Johns Hopkins Hospital,pulmonology or allergy and immunology,,1,0.0,45.0,10.0,510.0,1.0
HOSP-8486,The Johns Hopkins Hospital,dermatology,,1,10.0,45.0,12.0,940.0,0.0
HOSP-8486,The Johns Hopkins Hospital,gastroenterology,2021-05-29,1,68.0,75.0,21.0,220.0,1.0
HOSP-8491,The Johns Hopkins Hospital,endocrinology,,1,83.0,60.0,27.0,130.0,0.0
HOSP-8491,The Johns Hopkins Hospital,neurology,2020-11-22,1,30.0,90.0,30.0,710.0,0.0
HOSP-8491,The Johns Hopkins Hospital,neurology,,1,84.0,15.0,23.0,1460.0,0.0
HOSP-8491,The Johns Hopkins Hospital,pulmonology,2022-03-29,1,18.0,45.0,9.0,1150.0,0.0
HOSP-8492,The Johns Hopkins Hospital,dermatology,2022-02-16,1,37.0,105.0,26.0,530.0,1.0
HOSP-8492,The Johns Hopkins Hospital,urology or nephrology,2021-07-26,1,2.0,105.0,8.0,1120.0,0.0
HOSP-8493,The Johns Hopkins Hospital,infectious disease or internal medicine,,1,35.0,45.0,18.0,910.0,0.0
HOSP-8494,The Johns Hopkins Hospital,dermatology,,1,19.0,15.0,15.0,1550.0,0.0
HOSP-8495,The Johns Hopkins Hospital,allergy and immunology,,1,13.0,60.0,12.0,1110.0,0.0
HOSP-8496,The Johns Hopkins Hospital,dermatology,,1,30.0,60.0,21.0,1290.0,0.0
HOSP-8496,The Johns Hopkins Hospital,gastroenterology,,1,3.0,120.0,15.0,1040.0,1.0
HOSP-8497,The Johns Hopkins Hospital,neurology,2020-11-20,1,1.0,75.0,24.0,670.0,0.0
HOSP-8497,The Johns Hopkins Hospital,rheumatology,2020-12-17,1,42.0,90.0,21.0,340.0,0.0
HOSP-8499,The Johns Hopkins Hospital,nephrology,2020-10-26,1,0.0,75.0,20.0,890.0,0.0
HOSP-8499,The Johns Hopkins Hospital,oncology,,1,80.0,105.0,16.0,980.0,1.0
HOSP-8499,The Johns Hopkins Hospital,psychiatry,2022-03-28,1,2.0,45.0,9.0,230.0,1.0
HOSP-8501,The Johns Hopkins Hospital,neurology,2024-01-23,1,47.0,105.0,23.0,1000.0,0.0
HOSP-8501,The Johns Hopkins Hospital,rheumatology,2020-08-30,1,53.0,120.0,25.0,1010.0,0.0
HOSP-8502,The Johns Hopkins Hospital,neurology,2020-10-31,1,52.0,45.0,23.0,950.0,0.0
HOSP-8502,The Johns Hopkins Hospital,neurology,2020-12-16,1,78.0,60.0,1.0,710.0,0.0
HOSP-8502,The Johns Hopkins Hospital,neurology,2022-08-17,1,49.0,105.0,21.0,440.0,0.0
HOSP-8502,The Johns Hopkins Hospital,pulmonology or allergy and immunology,2021-01-19,1,13.0,60.0,5.0,650.0,0.0
HOSP-8504,The Johns Hopkins Hospital,gastroenterology,2023-07-21,1,77.0,45.0,21.0,770.0,0.0
HOSP-8504,The Johns Hopkins Hospital,gastroenterology,,1,71.0,30.0,20.0,1450.0,1.0
HOSP-8507,The Johns Hopkins Hospital,neurology,2022-01-21,1,50.0,15.0,3.0,450.0,1.0
HOSP-8508,The Johns Hopkins Hospital,cardiology or internal medicine,,1,14.0,75.0,5.0,180.0,1.0
HOSP-8508,The Johns Hopkins Hospital,neurology,,1,58.0,45.0,9.0,1440.0,0.0
HOSP-8508,The Johns Hopkins Hospital,pulmonology or allergy and immunology,,1,6.0,75.0,3.0,900.0,0.0
HOSP-8510,The Johns Hopkins Hospital,neurology,2023-12-29,1,86.0,60.0,8.0,1340.0,0.0
HOSP-8511,The Johns Hopkins Hospital,psychiatry,2021-09-20,1,76.0,45.0,25.0,1030.0,0.0
HOSP-8511,The Johns Hopkins Hospital,pulmonology,2021-03-16,1,65.0,60.0,9.0,240.0,0.0
HOSP-8512,The Johns Hopkins Hospital,nephrology,,1,44.0,45.0,4.0,1490.0,1.0
HOSP-8512,The Johns Hopkins Hospital,urology or nephrology,2022-04-15,1,83.0,30.0,25.0,110.0,0.0
HOSP-8513,The Johns Hopkins Hospital,gastroenterology,2022-02-19,1,17.0,45.0,6.0,590.0,1.0
HOSP-8513,The Johns Hopkins Hospital,nephrology,,1,42.0,120.0,27.0,850.0,0.0
HOSP-8513,The Johns Hopkins Hospital,rheumatology,2022-06-30,1,32.0,75.0,20.0,350.0,0.0
HOSP-8515,The Johns Hopkins Hospital,hepatology or gastroenterology,,1,91.0,30.0,8.0,350.0,1.0
HOSP-8515,The Johns Hopkins Hospital,neurology,2021-06-30,1,3.0,15.0,18.0,440.0,1.0
HOSP-8516,The Johns Hopkins Hospital,hepatology,,1,9.0,30.0,12.0,1270.0,0.0
HOSP-8516,The Johns Hopkins Hospital,pulmonology or allergy and immunology,,1,31.0,120.0,14.0,310.0,1.0
HOSP-8517,The Johns Hopkins Hospital,cardiology,2021-03-16,1,64.0,120.0,21.0,1050.0,1.0
HOSP-8517,The Johns Hopkins Hospital,cardiology,2023-10-17,1,7.0,120.0,17.0,1290.0,0.0
HOSP-8517,The Johns Hopkins Hospital,neurology,2023-10-29,1,23.0,105.0,8.0,490.0,0.0
HOSP-8518,The Johns Hopkins Hospital,psychiatry,,1,2.0,15.0,1.0,930.0,0.0
HOSP-8519,The Johns Hopkins Hospital,pulmonology or allergy and immunology,2022-12-31,1,93.0,75.0,19.0,1260.0,1.0
HOSP-8520,The Johns Hopkins Hospital,dermatology,2021-02-25,1,23.0,105.0,5.0,510.0,0.0
HOSP-8520,The Johns Hopkins Hospital,hepatology,,1,75.0,30.0,18.0,1090.0,0.0
HOSP-8520,The Johns Hopkins Hospital,nephrology,2023-06-24,1,94.0,60.0,15.0,1230.0,1.0
HOSP-8520,The Johns Hopkins Hospital,pulmonology or infectious disease,2023-03-21,1,65.0,105.0,25.0,1400.0,1.0
HOSP-8520,The Johns Hopkins Hospital,urology or nephrology,,1,79.0,15.0,7.0,1280.0,0.0
HOSP-8521,The Johns Hopkins Hospital,cardiology,2021-03-15,1,75.0,60.0,28.0,180.0,0.0
HOSP-8521,The Johns Hopkins Hospital,cardiology or internal medicine,2023-04-18,1,2.0,90.0,26.0,1470.0,0.0
HOSP-8522,The Johns Hopkins Hospital,infectious disease or internal medicine,2021-12-20,1,54.0,120.0,8.0,140.0,1.0
HOSP-8523,The Johns Hopkins Hospital,rheumatology,2021-10-13,1,17.0,120.0,6.0,1090.0,0.0
HOSP-8524,The Johns Hopkins Hospital,pulmonology or allergy and immunology,,1,61.0,60.0,17.0,940.0,0.0
HOSP-8525,The Johns Hopkins Hospital,neurology,2022-03-28,1,14.0,15.0,8.0,1150.0,0.0
HOSP-8525,The Johns Hopkins Hospital,urology or nephrology,,1,11.0,75.0,15.0,1540.0,1.0
HOSP-8526,The Johns Hopkins Hospital,dermatology,2024-03-23,1,31.0,90.0,9.0,470.0,1.0
HOSP-8526,The Johns Hopkins Hospital,pulmonology,2021-10-29,1,42.0,120.0,25.0,310.0,0.0
HOSP-8528,The Johns Hopkins Hospital,pulmonology or infectious disease,,1,41.0,15.0,11.0,980.0,0.0
HOSP-8529,The Johns Hopkins Hospital,cardiology or internal medicine,,1,18.0,120.0,28.0,1440.0,0.0
HOSP-8529,The Johns Hopkins Hospital,infectious disease or internal medicine,2021-10-16,1,1.0,105.0,5.0,290.0,1.0
HOSP-8529,The Johns Hopkins Hospital,infectious disease or internal medicine,2023-07-30,1,38.0,105.0,19.0,170.0,1.0
HOSP-8529,The Johns Hopkins Hospital,pulmonology or allergy and immunology,2020-11-24,1,60.0,60.0,17.0,610.0,1.0
HOSP-8531,The Johns Hopkins Hospital,hepatology,2022-08-21,1,6.0,105.0,8.0,800.0,0.0
HOSP-8531,The Johns Hopkins Hospital,rheumatology,2023-03-30,1,49.0,120.0,1.0,520.0,1.0
HOSP-8532,The Johns Hopkins Hospital,pulmonology,2021-07-31,1,24.0,90.0,3.0,1360.0,0.0
HOSP-8534,The Johns Hopkins Hospital,gastroenterology,,1,44.0,75.0,15.0,1440.0,0.0
HOSP-8534,The Johns Hopkins Hospital,neurology,,1,42.0,30.0,7.0,1310.0,0.0
HOSP-8534,The Johns Hopkins Hospital,rheumatology,,1,21.0,120.0,29.0,350.0,0.0
HOSP-8536,The Johns Hopkins Hospital,pulmonology or allergy and immunology,,1,52.0,30.0,9.0,490.0,0.0
HOSP-8537,The Johns Hopkins Hospital,pulmonology or allergy and immunology,2022-07-17,1,46.0,90.0,28.0,510.0,1.0
HOSP-8539,The Johns Hopkins Hospital,pulmonology,,1,75.0,30.0,7.0,440.0,0.0
HOSP-8541,The Johns Hopkins Hospital,infectious disease,2020-11-26,1,22.0,45.0,23.0,660.0,1.0
HOSP-8541,The Johns Hopkins Hospital,neurology,2022-12-18,1,5.0,45.0,1.0,1300.0,0.0
HOSP-8542,The Johns Hopkins Hospital,infectious disease,,1,72.0,90.0,4.0,700.0,0.0
HOSP-8542,The Johns Hopkins Hospital,psychiatry,2020-10-17,1,66.0,105.0,10.0,340.0,0.0
HOSP-8545,The Johns Hopkins Hospital,cardiology,2022-12-14,1,10.0,120.0,25.0,520.0,1.0
HOSP-8547,The Johns Hopkins Hospital,hepatology,2021-09-13,1,93.0,15.0,24.0,220.0,1.0
HOSP-8548,The Johns Hopkins Hospital,neurology,2022-12-26,1,31.0,105.0,12.0,1060.0,0.0
HOSP-8553,The Johns Hopkins Hospital,cardiology or internal medicine,2021-10-24,1,33.0,75.0,18.0,1370.0,1.0
HOSP-8553,The Johns Hopkins Hospital,rheumatology,2021-04-17,1,82.0,120.0,26.0,1360.0,1.0
HOSP-8554,The Johns Hopkins Hospital,infectious disease,2023-09-21,1,47.0,120.0,20.0,1050.0,1.0
HOSP-8556,The Johns Hopkins Hospital,neurology,2022-02-21,1,95.0,120.0,28.0,1010.0,1.0
HOSP-8557,The Johns Hopkins Hospital,infectious disease,,1,37.0,60.0,14.0,830.0,1.0
HOSP-8558,The Johns Hopkins Hospital,gastroenterology,,1,62.0,75.0,26.0,1190.0,0.0
HOSP-8558,The Johns Hopkins Hospital,infectious disease or internal medicine,,1,14.0,30.0,7.0,470.0,0.0
HOSP-8559,The Johns Hopkins Hospital,psychiatry,2020-10-30,1,2.0,30.0,22.0,660.0,1.0
HOSP-8559,The Johns Hopkins Hospital,pulmonology or infectious disease,2021-01-16,1,19.0,120.0,17.0,700.0,1.0
HOSP-8559,The Johns Hopkins Hospital,rheumatology,2022-11-28,1,13.0,75.0,29.0,520.0,0.0
HOSP-8560,The Johns Hopkins Hospital,allergy and immunology,,1,59.0,90.0,27.0,530.0,0.0
HOSP-8560,The Johns Hopkins Hospital,cardiology,,1,91.0,30.0,10.0,360.0,0.0
HOSP-8560,The Johns Hopkins Hospital,hepatology or gastroenterology,2021-08-17,1,20.0,105.0,26.0,630.0,0.0
HOSP-8561,The Johns Hopkins Hospital,pulmonology,2022-10-20,1,61.0,30.0,13.0,780.0,0.0
HOSP-8562,The Johns Hopkins Hospital,allergy and immunology,,1,28.0,45.0,1.0,1050.0,0.0
HOSP-8562,The Johns Hopkins Hospital,dermatology,2021-01-29,1,65.0,15.0,12.0,620.0,0.0
HOSP-8563,The Johns Hopkins Hospital,neurology,,1,85.0,105.0,10.0,1200.0,0.0
HOSP-8563,The Johns Hopkins Hospital,psychiatry,2021-03-30,1,57.0,75.0,20.0,1310.0,1.0
HOSP-8571,The Johns Hopkins Hospital,cardiology or internal medicine,2020-10-15,1,33.0,120.0,8.0,1340.0,1.0
HOSP-8573,The Johns Hopkins Hospital,neurology,2021-07-31,1,7.0,75.0,16.0,900.0,0.0
HOSP-8575,The Johns Hopkins Hospital,neurology,,1,35.0,75.0,18.0,190.0,0.0
HOSP-8576,The Johns Hopkins Hospital,gastroenterology,2022-03-14,1,38.0,90.0,14.0,1280.0,0.0
HOSP-8576,The Johns Hopkins Hospital,neurology,2023-08-27,1,28.0,90.0,27.0,1180.0,1.0
HOSP-8576,The Johns Hopkins Hospital,oncology,2023-05-23,1,22.0,60.0,8.0,690.0,0.0
HOSP-8577,The Johns Hopkins Hospital,nephrology,2021-04-17,1,4.0,60.0,7.0,340.0,0.0
HOSP-8577,The Johns Hopkins Hospital,neurology,2024-07-16,1,26.0,75.0,12.0,1030.0,0.0
HOSP-8577,The Johns Hopkins Hospital,neurology,,1,39.0,120.0,1.0,830.0,0.0
HOSP-8578,The Johns Hopkins Hospital,neurology,,1,75.0,105.0,29.0,1430.0,0.0
HOSP-8579,The Johns Hopkins Hospital,nephrology,2020-09-30,1,79.0,45.0,18.0,450.0,1.0
HOSP-8579,The Johns Hopkins Hospital,pulmonology or infectious disease,2022-01-18,1,8.0,15.0,27.0,130.0,1.0
HOSP-8580,The Johns Hopkins Hospital,gastroenterology,2021-08-15,1,86.0,60.0,4.0,1000.0,1.0
HOSP-8583,The Johns Hopkins Hospital,dermatology,,1,17.0,75.0,4.0,730.0,0.0
HOSP-8584,The Johns Hopkins Hospital,cardiology or internal medicine,2024-03-13,1,71.0,105.0,18.0,1480.0,1.0
HOSP-8584,The Johns Hopkins Hospital,neurology,2022-01-28,1,17.0,105.0,26.0,1310.0,1.0
HOSP-8584,The Johns Hopkins Hospital,neurology,,1,83.0,75.0,24.0,590.0,1.0
HOSP-8586,The Johns Hopkins Hospital,gastroenterology,2022-10-23,1,66.0,45.0,18.0,1580.0,0.0
HOSP-8587,The Johns Hopkins Hospital,nephrology,,1,18.0,45.0,21.0,270.0,0.0
HOSP-8588,The Johns Hopkins Hospital,hepatology or gastroenterology,,1,83.0,15.0,4.0,640.0,0.0
HOSP-8589,The Johns Hopkins Hospital,gastroenterology,,1,66.0,120.0,30.0,1160.0,1.0
HOSP-8589,The Johns Hopkins Hospital,neurology,2023-01-19,1,85.0,30.0,13.0,280.0,1.0
HOSP-8591,The Johns Hopkins Hospital,allergy and immunology,2022-03-25,1,26.0,90.0,12.0,1380.0,1.0
HOSP-8591,The Johns Hopkins Hospital,cardiology or internal medicine,2024-03-31,1,91.0,45.0,23.0,340.0,0.0
HOSP-8592,The Johns Hopkins Hospital,psychiatry,2022-08-14,1,23.0,45.0,19.0,1090.0,0.0
HOSP-8594,The Johns Hopkins Hospital,neurology,2022-03-21,1,76.0,120.0,24.0,350.0,0.0
HOSP-8595,The Johns Hopkins Hospital,cardiology,,1,47.0,45.0,18.0,1020.0,0.0
HOSP-8595,The Johns Hopkins Hospital,gastroenterology,2021-04-25,1,68.0,45.0,24.0,1270.0,1.0
HOSP-8596,The Johns Hopkins Hospital,oncology,,1,70.0,15.0,29.0,1530.0,0.0
HOSP-8597,The Johns Hopkins Hospital,cardiology or internal medicine,2022-03-17,1,18.0,75.0,4.0,200.0,1.0
HOSP-8597,The Johns Hopkins Hospital,neurology,2023-01-25,1,4.0,75.0,6.0,1260.0,1.0
HOSP-8599,The Johns Hopkins Hospital,hepatology,2021-09-14,1,93.0,120.0,10.0,1550.0,1.0
HOSP-8600,The Johns Hopkins Hospital,oncology,,1,6.0,45.0,8.0,1450.0,1.0
HOSP-8602,The Johns Hopkins Hospital,psychiatry,2024-06-14,1,33.0,45.0,26.0,1310.0,1.0
HOSP-8603,The Johns Hopkins Hospital,oncology,2022-11-30,1,94.0,15.0,4.0,1020.0,0.0
HOSP-8604,The Johns Hopkins Hospital,oncology,2022-04-27,1,19.0,90.0,23.0,910.0,0.0
HOSP-8605,The Johns Hopkins Hospital,gastroenterology,2023-05-30,1,37.0,120.0,9.0,520.0,0.0
HOSP-8607,The Johns Hopkins Hospital,infectious disease or internal medicine,2020-09-19,1,58.0,15.0,22.0,1540.0,0.0
HOSP-8607,The Johns Hopkins Hospital,infectious disease or internal medicine,2021-06-15,1,35.0,15.0,15.0,260.0,1.0
HOSP-8608,The Johns Hopkins Hospital,pulmonology or infectious disease,,1,71.0,15.0,12.0,1400.0,1.0
HOSP-8610,The Johns Hopkins Hospital,cardiology,2024-02-28,1,19.0,45.0,12.0,580.0,0.0
HOSP-8610,The Johns Hopkins Hospital,neurology,2021-08-27,1,16.0,120.0,17.0,1030.0,1.0
HOSP-8611,The Johns Hopkins Hospital,endocrinology,2023-10-25,1,62.0,105.0,16.0,890.0,1.0
HOSP-8611,The Johns Hopkins Hospital,infectious disease or internal medicine,,1,69.0,75.0,5.0,330.0,0.0
HOSP-8611,The Johns Hopkins Hospital,rheumatology,2021-07-19,1,2.0,75.0,26.0,590.0,1.0
HOSP-8613,The Johns Hopkins Hospital,urology or nephrology,,1,6.0,90.0,29.0,1530.0,1.0
HOSP-8614,The Johns Hopkins Hospital,cardiology or internal medicine,,1,72.0,30.0,2.0,1210.0,0.0
HOSP-8614,The Johns Hopkins Hospital,infectious disease or internal medicine,2021-12-30,1,80.0,120.0,5.0,1010.0,0.0
HOSP-8615,The Johns Hopkins Hospital,cardiology or internal medicine,2023-08-16,1,10.0,30.0,6.0,1310.0,0.0
HOSP-8615,The Johns Hopkins Hospital,pulmonology,,1,43.0,105.0,3.0,340.0,1.0
HOSP-8616,The Johns Hopkins Hospital,infectious disease or internal medicine,2021-01-18,1,22.0,75.0,20.0,740.0,1.0
HOSP-8616,The Johns Hopkins Hospital,psychiatry,2023-10-31,1,4.0,15.0,28.0,120.0,0.0
HOSP-8616,The Johns Hopkins Hospital,psychiatry,,1,6.0,75.0,19.0,690.0,1.0
HOSP-8617,The Johns Hopkins Hospital,infectious disease,2024-07-16,1,48.0,15.0,14.0,990.0,1.0
HOSP-8617,The Johns Hopkins Hospital,neurology,,1,83.0,45.0,21.0,670.0,1.0
HOSP-8619,The Johns Hopkins Hospital,dermatology,2023-12-21,1,94.0,30.0,28.0,460.0,1.0
HOSP-8619,The Johns Hopkins Hospital,neurology,2021-07-16,1,67.0,105.0,22.0,1040.0,0.0
HOSP-8619,The Johns Hopkins Hospital,psychiatry,2020-12-28,1,55.0,30.0,7.0,850.0,0.0
HOSP-8619,The Johns Hopkins Hospital,rheumatology,2020-11-18,1,64.0,75.0,24.0,1100.0,0.0
HOSP-8620,The Johns Hopkins Hospital,gastroenterology,2023-03-21,1,29.0,105.0,15.0,500.0,0.0
HOSP-8622,The Johns Hopkins Hospital,nephrology,2022-01-22,1,75.0,45.0,14.0,580.0,0.0
HOSP-8622,The Johns Hopkins Hospital,psychiatry,2021-09-22,1,89.0,60.0,13.0,420.0,1.0
HOSP-8622,The Johns Hopkins Hospital,pulmonology or infectious disease,,1,60.0,75.0,5.0,360.0,0.0
HOSP-8623,The Johns Hopkins Hospital,pulmonology or allergy and immunology,2023-10-27,1,58.0,60.0,23.0,400.0,0.0
HOSP-8624,The Johns Hopkins Hospital,rheumatology,2024-03-26,1,13.0,15.0,10.0,1030.0,0.0
HOSP-8625,The Johns Hopkins Hospital,neurology,2023-03-13,1,78.0,75.0,1.0,120.0,1.0
HOSP-8627,The Johns Hopkins Hospital,rheumatology,,1,31.0,90.0,14.0,1040.0,0.0
HOSP-8629,The Johns Hopkins Hospital,psychiatry,2023-05-28,1,17.0,105.0,4.0,1010.0,0.0
HOSP-8629,The Johns Hopkins Hospital,pulmonology,,1,40.0,75.0,26.0,100.0,0.0
HOSP-8630,The Johns Hopkins Hospital,cardiology or internal medicine,2021-05-19,1,19.0,120.0,29.0,1300.0,0.0
HOSP-8631,The Johns Hopkins Hospital,pulmonology or allergy and immunology,2022-12-22,1,8.0,30.0,16.0,950.0,0.0
HOSP-8632,The Johns Hopkins Hospital,gastroenterology,2022-09-23,1,19.0,60.0,11.0,1170.0,0.0
HOSP-8632,The Johns Hopkins Hospital,infectious disease or internal medicine,2022-11-15,1,16.0,75.0,22.0,290.0,0.0
HOSP-8633,The Johns Hopkins Hospital,nephrology,,1,9.0,120.0,16.0,1010.0,0.0
HOSP-8634,The Johns Hopkins Hospital,cardiology,2024-02-20,1,4.0,45.0,6.0,1510.0,1.0
HOSP-8634,The Johns Hopkins Hospital,dermatology,,1,22.0,30.0,20.0,420.0,0.0
HOSP-8636,The Johns Hopkins Hospital,neurology,,1,20.0,120.0,3.0,110.0,0.0
HOSP-8637,The Johns Hopkins Hospital,cardiology or internal medicine,2023-11-14,1,89.0,15.0,2.0,640.0,0.0
HOSP-8637,The Johns Hopkins Hospital,infectious disease or internal medicine,2024-04-23,1,37.0,60.0,6.0,1420.0,0.0
HOSP-8638,The Johns Hopkins Hospital,urology or nephrology,,1,59.0,75.0,29.0,260.0,1.0
HOSP-8639,The Johns Hopkins Hospital,infectious disease or internal medicine,2022-11-27,1,9.0,105.0,19.0,510.0,0.0
HOSP-8639,The Johns Hopkins Hospital,rheumatology,,1,75.0,120.0,17.0,320.0,0.0
HOSP-8642,The Johns Hopkins Hospital,gastroenterology,2023-12-22,1,54.0,15.0,27.0,1300.0,0.0
HOSP-8642,The Johns Hopkins Hospital,hepatology or gastroenterology,,1,76.0,105.0,14.0,1530.0,0.0
HOSP-8643,The Johns Hopkins Hospital,cardiology or internal medicine,2021-05-27,1,30.0,105.0,19.0,1450.0,1.0
HOSP-8644,The Johns Hopkins Hospital,gastroenterology,2021-01-18,1,25.0,75.0,30.0,860.0,1.0
HOSP-8644,The Johns Hopkins Hospital,infectious disease or internal medicine,2021-01-14,1,34.0,105.0,1.0,540.0,0.0
HOSP-8645,The Johns Hopkins Hospital,infectious disease or internal medicine,2022-07-29,1,12.0,45.0,19.0,1370.0,1.0
HOSP-8648,The Johns Hopkins Hospital,gastroenterology,2020-09-22,1,29.0,75.0,27.0,430.0,0.0
HOSP-8648,The Johns Hopkins Hospital,infectious disease,2022-10-26,1,58.0,105.0,19.0,1450.0,0.0
HOSP-8650,The Johns Hopkins Hospital,hepatology,,1,54.0,120.0,18.0,1000.0,0.0
HOSP-8650,The Johns Hopkins Hospital,pulmonology or allergy and immunology,2023-08-18,1,58.0,120.0,10.0,590.0,0.0
HOSP-8652,The Johns Hopkins Hospital,gastroenterology,2022-07-21,1,18.0,75.0,23.0,1450.0,1.0
HOSP-8653,The Johns Hopkins Hospital,neurology,,1,48.0,90.0,12.0,750.0,1.0
HOSP-8654,The Johns Hopkins Hospital,neurology,,1,83.0,45.0,4.0,160.0,0.0
HOSP-8654,The Johns Hopkins Hospital,urology or nephrology,,1,59.0,90.0,22.0,1040.0,0.0
HOSP-8655,The Johns Hopkins Hospital,rheumatology,,1,75.0,120.0,5.0,690.0,1.0
HOSP-8657,The Johns Hopkins Hospital,rheumatology,,1,37.0,15.0,22.0,930.0,1.0
HOSP-8658,The Johns Hopkins Hospital,dermatology,2020-10-18,1,25.0,120.0,30.0,1310.0,1.0
HOSP-8658,The Johns Hopkins Hospital,neurology,2020-11-26,1,45.0,15.0,28.0,1360.0,1.0
HOSP-8658,The Johns Hopkins Hospital,pulmonology,2023-05-18,1,66.0,120.0,11.0,910.0,0.0
HOSP-8658,The Johns Hopkins Hospital,rheumatology,2024-05-24,1,69.0,60.0,16.0,600.0,0.0
HOSP-8659,The Johns Hopkins Hospital,infectious disease,2022-02-24,1,54.0,45.0,18.0,1160.0,1.0
HOSP-8659,The Johns Hopkins Hospital,neurology,2023-07-30,1,67.0,120.0,4.0,1090.0,1.0
HOSP-8660,The Johns Hopkins Hospital,cardiology,2021-03-28,1,95.0,75.0,29.0,440.0,1.0
HOSP-8660,The Johns Hopkins Hospital,neurology,,1,12.0,90.0,26.0,1100.0,1.0
HOSP-8661,The Johns Hopkins Hospital,nephrology,,1,92.0,75.0,10.0,460.0,1.0
HOSP-8661,The Johns Hopkins Hospital,neurology,2023-06-15,1,79.0,30.0,1.0,1130.0,1.0
HOSP-8661,The Johns Hopkins Hospital,urology or nephrology,2021-12-26,1,39.0,75.0,24.0,1390.0,0.0
HOSP-8662,The Johns Hopkins Hospital,infectious disease or internal medicine,,1,4.0,90.0,3.0,150.0,1.0
HOSP-8662,The Johns Hopkins Hospital,neurology,,1,6.0,75.0,9.0,840.0,0.0
HOSP-8664,The Johns Hopkins Hospital,gastroenterology,2023-11-26,1,71.0,120.0,24.0,870.0,1.0
HOSP-8664,The Johns Hopkins Hospital,rheumatology,,1,66.0,75.0,21.0,1170.0,0.0
HOSP-8666,The Johns Hopkins Hospital,gastroenterology,2021-02-26,1,14.0,60.0,28.0,930.0,0.0
HOSP-8666,The Johns Hopkins Hospital,gastroenterology,2022-09-20,1,13.0,15.0,14.0,990.0,0.0
HOSP-8669,The Johns Hopkins Hospital,infectious disease or internal medicine,,1,49.0,120.0,16.0,1480.0,1.0
HOSP-8671,The Johns Hopkins Hospital,dermatology,2024-06-14,1,88.0,105.0,16.0,1310.0,0.0
HOSP-8673,The Johns Hopkins Hospital,psychiatry,,1,79.0,60.0,14.0,260.0,0.0
HOSP-8674,The Johns Hopkins Hospital,allergy and immunology,2020-07-28,1,80.0,90.0,12.0,1250.0,1.0
HOSP-8676,The Johns Hopkins Hospital,neurology,2021-07-13,1,77.0,90.0,3.0,460.0,1.0
HOSP-8677,The Johns Hopkins Hospital,pulmonology,2024-06-29,1,11.0,75.0,3.0,480.0,1.0
HOSP-8678,The Johns Hopkins Hospital,neurology,2024-03-21,1,65.0,60.0,20.0,250.0,1.0
HOSP-8680,The Johns Hopkins Hospital,hepatology or gastroenterology,2020-12-29,1,85.0,105.0,4.0,1120.0,1.0
HOSP-8682,The Johns Hopkins Hospital,neurology,,1,71.0,90.0,17.0,950.0,0.0
HOSP-8684,The Johns Hopkins Hospital,neurology,2022-01-22,1,56.0,105.0,13.0,440.0,0.0
HOSP-8688,The Johns Hopkins Hospital,endocrinology,,1,91.0,105.0,16.0,1410.0,1.0
HOSP-8688,The Johns Hopkins Hospital,hepatology,,1,24.0,15.0,23.0,510.0,0.0
HOSP-8688,The Johns Hopkins Hospital,infectious disease or internal medicine,2021-08-30,1,6.0,120.0,2.0,1240.0,0.0
HOSP-8688,The Johns Hopkins Hospital,neurology,,1,82.0,45.0,9.0,520.0,0.0
HOSP-8689,The Johns Hopkins Hospital,cardiology or internal medicine,,1,79.0,105.0,1.0,1120.0,0.0
HOSP-8690,The Johns Hopkins Hospital,neurology,2020-09-24,1,93.0,105.0,17.0,830.0,1.0
HOSP-8691,The Johns Hopkins Hospital,infectious disease,2021-02-14,1,6.0,60.0,2.0,380.0,1.0
HOSP-8691,The Johns Hopkins Hospital,neurology,2022-11-14,1,37.0,60.0,28.0,400.0,1.0
HOSP-8692,The Johns Hopkins Hospital,infectious disease or internal medicine,2023-05-18,1,91.0,105.0,3.0,1220.0,0.0
HOSP-8696,The Johns Hopkins Hospital,gastroenterology,2022-03-13,1,18.0,90.0,24.0,900.0,1.0
HOSP-8696,The Johns Hopkins Hospital,pulmonology or infectious disease,2024-02-17,1,42.0,75.0,2.0,730.0,1.0
HOSP-8697,The Johns Hopkins Hospital,infectious disease,,1,51.0,105.0,28.0,860.0,0.0
HOSP-8698,The Johns Hopkins Hospital,infectious disease or internal medicine,2023-05-15,1,56.0,105.0,1.0,1010.0,1.0
HOSP-8698,The Johns Hopkins Hospital,neurology,2022-12-30,1,49.0,45.0,28.0,1410.0,1.0
HOSP-8699,The Johns Hopkins Hospital,hepatology,2023-07-28,1,90.0,15.0,10.0,1580.0,0.0
HOSP-8699,The Johns Hopkins Hospital,infectious disease or internal medicine,2021-05-14,1,4.0,120.0,24.0,950.0,0.0
HOSP-8699,The Johns Hopkins Hospital,nephrology,,1,48.0,60.0,17.0,370.0,0.0
HOSP-8699,The Johns Hopkins Hospital,psychiatry,,1,28.0,105.0,16.0,100.0,0.0
HOSP-8700,The Johns Hopkins Hospital,neurology,2021-06-25,1,77.0,60.0,20.0,400.0,1.0
HOSP-8701,The Johns Hopkins Hospital,cardiology or internal medicine,,2,15.0,67.5,3.5,770.0,1.0
HOSP-8702,The Johns Hopkins Hospital,neurology,2020-11-15,1,42.0,45.0,19.0,270.0,0.0
HOSP-8703,The Johns Hopkins Hospital,hepatology,2022-08-22,1,54.0,75.0,1.0,1500.0,1.0
HOSP-8704,The Johns Hopkins Hospital,hepatology or gastroenterology,2021-11-19,1,19.0,105.0,25.0,290.0,1.0
HOSP-8705,The Johns Hopkins Hospital,urology or nephrology,2021-09-27,1,13.0,105.0,20.0,320.0,0.0
HOSP-8706,The Johns Hopkins Hospital,oncology,2024-03-24,1,86.0,105.0,2.0,580.0,1.0
HOSP-8706,The Johns Hopkins Hospital,pulmonology,2021-01-20,1,90.0,45.0,8.0,1100.0,0.0
HOSP-8707,The Johns Hopkins Hospital,dermatology,2021-03-29,1,82.0,105.0,21.0,980.0,1.0
HOSP-8707,The Johns Hopkins Hospital,infectious disease or internal medicine,2021-05-27,1,2.0,90.0,30.0,160.0,0.0
HOSP-8707,The Johns Hopkins Hospital,urology or nephrology,2020-12-19,1,12.0,15.0,22.0,1530.0,1.0
HOSP-8710,The Johns Hopkins Hospital,hepatology,2023-08-20,1,27.0,60.0,26.0,870.0,0.0
HOSP-8712,The Johns Hopkins Hospital,allergy and immunology,2024-01-25,1,64.0,75.0,8.0,710.0,1.0
HOSP-8713,The Johns Hopkins Hospital,cardiology,2020-12-14,1,91.0,120.0,17.0,1000.0,0.0
HOSP-8720,The Johns Hopkins Hospital,gastroenterology,,1,88.0,45.0,19.0,650.0,1.0
HOSP-8720,The Johns Hopkins Hospital,rheumatology,2023-04-22,1,48.0,15.0,1.0,400.0,0.0
HOSP-8721,The Johns Hopkins Hospital,dermatology,2023-06-15,1,0.0,75.0,16.0,650.0,1.0
HOSP-8721,The Johns Hopkins Hospital,neurology,2023-03-30,1,37.0,90.0,2.0,760.0,1.0
HOSP-8721,The Johns Hopkins Hospital,pulmonology or allergy and immunology,2021-06-29,1,72.0,30.0,9.0,1460.0,1.0
HOSP-8723,The Johns Hopkins Hospital,infectious disease or internal medicine,2023-01-30,1,59.0,45.0,26.0,1590.0,1.0
HOSP-8724,The Johns Hopkins Hospital,neurology,2021-02-23,1,89.0,30.0,3.0,1280.0,0.0
HOSP-8725,The Johns Hopkins Hospital,dermatology,2022-04-20,1,27.0,45.0,29.0,240.0,0.0
HOSP-8725,The Johns Hopkins Hospital,gastroenterology,,1,48.0,30.0,16.0,690.0,1.0
HOSP-8727,The Johns Hopkins Hospital,allergy and immunology,,1,5.0,120.0,16.0,500.0,1.0
HOSP-8728,The Johns Hopkins Hospital,endocrinology,2023-12-13,1,54.0,15.0,9.0,1030.0,0.0
HOSP-8728,The Johns Hopkins Hospital,infectious disease,2023-03-23,1,23.0,15.0,26.0,1290.0,1.0
HOSP-8731,The Johns Hopkins Hospital,neurology,,1,46.0,30.0,1.0,950.0,1.0
HOSP-8732,The Johns Hopkins Hospital,neurology,,1,39.0,75.0,16.0,760.0,1.0
HOSP-8733,The Johns Hopkins Hospital,endocrinology,2020-08-30,1,9.0,90.0,24.0,590.0,1.0
HOSP-8734,The Johns Hopkins Hospital,neurology,2023-04-14,1,26.0,105.0,24.0,1090.0,1.0
HOSP-8734,The Johns Hopkins Hospital,rheumatology,2021-12-28,1,87.0,90.0,29.0,960.0,0.0
HOSP-8735,The Johns Hopkins Hospital,hepatology,2023-04-25,1,1.0,120.0,14.0,1400.0,0.0
HOSP-8736,The Johns Hopkins Hospital,neurology,,1,11.0,15.0,29.0,820.0,0.0
HOSP-8736,The Johns Hopkins Hospital,pulmonology,2020-10-28,1,44.0,75.0,28.0,930.0,1.0
HOSP-8737,The Johns Hopkins Hospital,urology or nephrology,,1,4.0,90.0,25.0,1130.0,0.0
HOSP-8738,The Johns Hopkins Hospital,nephrology,2024-03-24,1,88.0,90.0,11.0,270.0,0.0
HOSP-8738,The Johns Hopkins Hospital,pulmonology or allergy and immunology,2023-11-24,1,21.0,105.0,25.0,550.0,1.0
HOSP-8739,The Johns Hopkins Hospital,pulmonology,2021-05-23,1,84.0,120.0,21.0,280.0,0.0
HOSP-8741,The Johns Hopkins Hospital,gastroenterology,,1,71.0,105.0,22.0,150.0,0.0
HOSP-8741,The Johns Hopkins Hospital,pulmonology or allergy and immunology,2023-12-29,1,59.0,15.0,5.0,860.0,1.0
HOSP-8741,The Johns Hopkins Hospital,pulmonology or allergy and immunology,,1,67.0,60.0,13.0,510.0,1.0
HOSP-8742,The Johns Hopkins Hospital,neurology,2023-05-15,1,47.0,90.0,29.0,830.0,1.0
HOSP-8742,The Johns Hopkins Hospital,neurology,2023-12-28,1,58.0,90.0,9.0,990.0,0.0
HOSP-8742,The Johns Hopkins Hospital,oncology,,1,46.0,30.0,28.0,750.0,1.0
HOSP-8743,The Johns Hopkins Hospital,allergy and immunology,,1,60.0,75.0,7.0,830.0,1.0
HOSP-8744,The Johns Hopkins Hospital,rheumatology,2023-09-30,1,53.0,60.0,6.0,1250.0,0.0
HOSP-8745,The Johns Hopkins Hospital,psychiatry,,1,61.0,105.0,14.0,700.0,1.0
HOSP-8746,The Johns Hopkins Hospital,hepatology or gastroenterology,,1,42.0,30.0,28.0,400.0,1.0
HOSP-8747,The Johns Hopkins Hospital,nephrology,2021-09-26,1,7.0,90.0,12.0,1440.0,0.0
HOSP-8748,The Johns Hopkins Hospital,gastroenterology,2021-07-13,1,34.0,60.0,18.0,1550.0,1.0
HOSP-8749,The Johns Hopkins Hospital,endocrinology,2020-12-24,1,57.0,90.0,15.0,630.0,0.0
HOSP-8749,The Johns Hopkins Hospital,psychiatry,2024-04-23,1,22.0,60.0,7.0,1190.0,0.0
HOSP-8752,The Johns Hopkins Hospital,gastroenterology,2021-05-31,1,80.0,90.0,25.0,1220.0,1.0
HOSP-8752,The Johns Hopkins Hospital,gastroenterology,,1,73.0,90.0,16.0,1090.0,0.0
HOSP-8752,The Johns Hopkins Hospital,infectious disease or internal medicine,2022-03-20,1,29.0,90.0,29.0,1080.0,0.0
HOSP-8752,The Johns Hopkins Hospital,rheumatology,2021-09-30,1,67.0,15.0,18.0,1190.0,0.0
HOSP-8752,The Johns Hopkins Hospital,rheumatology,,1,86.0,90.0,18.0,1290.0,0.0
HOSP-8753,The Johns Hopkins Hospital,neurology,2022-05-20,1,62.0,90.0,10.0,680.0,1.0
HOSP-8753,The Johns Hopkins Hospital,pulmonology or infectious disease,2023-10-27,1,58.0,60.0,15.0,1180.0,0.0
HOSP-8754,The Johns Hopkins Hospital,endocrinology,2024-05-28,1,58.0,45.0,9.0,1090.0,1.0
HOSP-8755,The Johns Hopkins Hospital,hepatology,2024-04-17,1,85.0,75.0,22.0,790.0,1.0
HOSP-8755,The Johns Hopkins Hospital,nephrology,2021-12-26,1,23.0,105.0,24.0,690.0,0.0
HOSP-8756,The Johns Hopkins Hospital,infectious disease or internal medicine,,1,26.0,45.0,10.0,1140.0,1.0
HOSP-8758,The Johns Hopkins Hospital,hepatology,,1,16.0,15.0,19.0,940.0,0.0
HOSP-8758,The Johns Hopkins Hospital,nephrology,2024-05-18,1,34.0,90.0,6.0,850.0,0.0
HOSP-8759,The Johns Hopkins Hospital,gastroenterology,2023-07-15,1,39.0,15.0,19.0,740.0,0.0
HOSP-8760,The Johns Hopkins Hospital,cardiology,2021-07-31,1,46.0,120.0,2.0,270.0,1.0
HOSP-8761,The Johns Hopkins Hospital,neurology,,1,35.0,105.0,4.0,150.0,1.0
HOSP-8763,The Johns Hopkins Hospital,gastroenterology,2021-08-31,1,12.0,120.0,26.0,1080.0,1.0
HOSP-8763,The Johns Hopkins Hospital,psychiatry,,1,35.0,75.0,14.0,120.0,1.0
HOSP-8764,The Johns Hopkins Hospital,pulmonology or allergy and immunology,2021-07-24,1,72.0,75.0,8.0,620.0,1.0
HOSP-8765,The Johns Hopkins Hospital,gastroenterology,2021-07-27,1,2.0,105.0,1.0,750.0,1.0
HOSP-8768,The Johns Hopkins Hospital,psychiatry,,1,13.0,105.0,5.0,470.0,1.0
HOSP-8769,The Johns Hopkins Hospital,allergy and immunology,,1,89.0,60.0,4.0,530.0,1.0
HOSP-8769,The Johns Hopkins Hospital,neurology,,1,3.0,60.0,14.0,1470.0,1.0
HOSP-8771,The Johns Hopkins Hospital,dermatology,,1,72.0,105.0,19.0,370.0,0.0
HOSP-8771,The Johns Hopkins Hospital,infectious disease,,2,46.5,52.5,17.0,465.0,1.0
HOSP-8771,The Johns Hopkins Hospital,rheumatology,2021-03-18,1,26.0,30.0,28.0,1110.0,0.0
HOSP-8772,The Johns Hopkins Hospital,neurology,,1,59.0,105.0,7.0,1170.0,1.0
HOSP-8773,The Johns Hopkins Hospital,urology or nephrology,,1,20.0,120.0,24.0,1340.0,0.0
HOSP-8774,The Johns Hopkins Hospital,pulmonology or infectious disease,2020-09-21,1,39.0,60.0,24.0,900.0,1.0
HOSP-8775,The Johns Hopkins Hospital,cardiology,,1,55.0,120.0,15.0,880.0,1.0
HOSP-8776,The Johns Hopkins Hospital,infectious disease,2024-07-14,1,91.0,120.0,23.0,870.0,0.0
HOSP-8777,The Johns Hopkins Hospital,dermatology,,1,11.0,90.0,13.0,920.0,1.0
HOSP-8777,The Johns Hopkins Hospital,endocrinology,2022-11-22,1,59.0,15.0,26.0,400.0,0.0
HOSP-8777,The Johns Hopkins Hospital,nephrology,,1,23.0,45.0,4.0,950.0,0.0
HOSP-8777,The Johns Hopkins Hospital,psychiatry,2020-12-27,1,3.0,75.0,11.0,830.0,0.0
HOSP-8777,The Johns Hopkins Hospital,pulmonology or allergy and immunology,2023-08-14,1,35.0,90.0,4.0,1040.0,1.0
HOSP-8778,The Johns Hopkins Hospital,neurology,2021-06-17,1,42.0,60.0,17.0,880.0,0.0
HOSP-8778,The Johns Hopkins Hospital,psychiatry,2023-12-13,1,48.0,90.0,22.0,860.0,1.0
HOSP-8780,The Johns Hopkins Hospital,hepatology,,1,40.0,60.0,16.0,630.0,1.0
HOSP-8781,The Johns Hopkins Hospital,infectious disease,2023-12-19,1,77.0,15.0,17.0,420.0,0.0
HOSP-8782,The Johns Hopkins Hospital,allergy and immunology,2022-04-23,1,30.0,15.0,23.0,360.0,0.0
HOSP-8783,The Johns Hopkins Hospital,psychiatry,2021-07-21,1,81.0,45.0,28.0,1310.0,0.0
HOSP-8784,The Johns Hopkins Hospital,infectious disease,2021-08-27,1,8.0,60.0,16.0,160.0,1.0
HOSP-8784,The Johns Hopkins Hospital,pulmonology or allergy and immunology,,1,27.0,105.0,30.0,300.0,1.0
HOSP-8786,The Johns Hopkins Hospital,dermatology,2020-11-16,1,84.0,45.0,23.0,800.0,1.0
HOSP-8786,The Johns Hopkins Hospital,gastroenterology,2021-10-19,1,27.0,60.0,4.0,480.0,1.0
HOSP-8786,The Johns Hopkins Hospital,infectious disease or internal medicine,2023-05-23,1,93.0,30.0,12.0,830.0,0.0
HOSP-8788,The Johns Hopkins Hospital,pulmonology,2022-12-30,1,45.0,90.0,5.0,880.0,0.0
HOSP-8790,The Johns Hopkins Hospital,allergy and immunology,2020-09-17,1,94.0,30.0,1.0,1300.0,0.0
HOSP-8790,The Johns Hopkins Hospital,hepatology or gastroenterology,2020-08-17,1,95.0,105.0,13.0,920.0,0.0
HOSP-8790,The Johns Hopkins Hospital,infectious disease,,1,80.0,15.0,16.0,710.0,1.0
HOSP-8791,The Johns Hopkins Hospital,oncology,,1,7.0,120.0,25.0,1460.0,1.0
HOSP-8792,The Johns Hopkins Hospital,infectious disease or internal medicine,,1,69.0,15.0,14.0,830.0,1.0
HOSP-8793,The Johns Hopkins Hospital,dermatology,2024-04-30,1,87.0,15.0,5.0,800.0,0.0
HOSP-8793,The Johns Hopkins Hospital,gastroenterology,,1,6.0,105.0,14.0,990.0,0.0
HOSP-8793,The Johns Hopkins Hospital,neurology,2024-05-15,1,54.0,120.0,8.0,690.0,0.0
HOSP-8794,The Johns Hopkins Hospital,neurology,,1,85.0,60.0,9.0,380.0,1.0
HOSP-8795,The Johns Hopkins Hospital,pulmonology,2022-04-26,1,38.0,105.0,23.0,1200.0,0.0
HOSP-8797,The Johns Hopkins Hospital,allergy and immunology,2024-04-17,1,66.0,120.0,11.0,1410.0,0.0
HOSP-8797,The Johns Hopkins Hospital,neurology,,1,67.0,105.0,12.0,1390.0,1.0
HOSP-8799,The Johns Hopkins Hospital,gastroenterology,2020-12-28,1,73.0,75.0,12.0,320.0,1.0
HOSP-8799,The Johns Hopkins Hospital,urology or nephrology,2022-10-24,1,83.0,60.0,15.0,640.0,1.0
HOSP-8800,The Johns Hopkins Hospital,cardiology,,1,13.0,60.0,25.0,240.0,0.0
HOSP-8800,The Johns Hopkins Hospital,endocrinology,,1,8.0,15.0,4.0,180.0,0.0
HOSP-8801,The Johns Hopkins Hospital,rheumatology,,1,59.0,15.0,28.0,150.0,0.0
HOSP-8802,The Johns Hopkins Hospital,pulmonology or allergy and immunology,,1,8.0,30.0,15.0,560.0,0.0
HOSP-8804,The Johns Hopkins Hospital,gastroenterology,2022-12-18,1,25.0,120.0,6.0,420.0,1.0
HOSP-8806,The Johns Hopkins Hospital,cardiology,,1,1.0,90.0,1.0,1580.0,0.0
HOSP-8807,The Johns Hopkins Hospital,infectious disease or internal medicine,,1,22.0,75.0,5.0,530.0,0.0
HOSP-8807,The Johns Hopkins Hospital,pulmonology or allergy and immunology,,1,5.0,15.0,11.0,910.0,0.0
HOSP-8808,The Johns Hopkins Hospital,gastroenterology,2023-11-22,1,19.0,120.0,21.0,110.0,1.0
HOSP-8808,The Johns Hopkins Hospital,nephrology,2021-07-13,1,78.0,75.0,26.0,210.0,1.0
HOSP-8808,The Johns Hopkins Hospital,urology or nephrology,2023-10-17,1,57.0,45.0,4.0,970.0,0.0
HOSP-8809,The Johns Hopkins Hospital,allergy and immunology,2024-04-21,1,76.0,120.0,16.0,1430.0,0.0
HOSP-8811,The Johns Hopkins Hospital,neurology,2020-12-22,1,41.0,15.0,17.0,1160.0,0.0
HOSP-8812,The Johns Hopkins Hospital,psychiatry,2023-12-20,1,63.0,15.0,3.0,810.0,1.0
HOSP-8813,The Johns Hopkins Hospital,gastroenterology,2021-01-27,1,89.0,45.0,27.0,640.0,0.0
HOSP-8813,The Johns Hopkins Hospital,psychiatry,,1,63.0,60.0,18.0,690.0,0.0
HOSP-8816,The Johns Hopkins Hospital,cardiology or internal medicine,2021-04-20,1,47.0,45.0,6.0,710.0,0.0
HOSP-8817,The Johns Hopkins Hospital,infectious disease,,1,95.0,30.0,20.0,1020.0,1.0
HOSP-8818,The Johns Hopkins Hospital,endocrinology,2021-03-20,1,34.0,120.0,20.0,1170.0,0.0
HOSP-8818,The Johns Hopkins Hospital,endocrinology,2023-05-21,1,22.0,30.0,15.0,1520.0,0.0
HOSP-8818,The Johns Hopkins Hospital,rheumatology,2021-06-17,1,42.0,105.0,19.0,1180.0,0.0
HOSP-8819,The Johns Hopkins Hospital,neurology,,2,60.0,45.0,18.0,555.0,1.0
HOSP-8820,The Johns Hopkins Hospital,neurology,2024-06-24,1,63.0,120.0,16.0,150.0,0.0
HOSP-8820,The Johns Hopkins Hospital,psychiatry,,1,66.0,60.0,26.0,1560.0,1.0
HOSP-8821,The Johns Hopkins Hospital,cardiology,,1,29.0,60.0,26.0,840.0,0.0
HOSP-8821,The Johns Hopkins Hospital,gastroenterology,2023-10-24,1,49.0,30.0,30.0,660.0,1.0
HOSP-8821,The Johns Hopkins Hospital,gastroenterology,2024-04-30,1,38.0,90.0,11.0,1230.0,0.0
HOSP-8823,The Johns Hopkins Hospital,gastroenterology,2021-01-16,1,50.0,30.0,9.0,1090.0,1.0
HOSP-8824,The Johns Hopkins Hospital,neurology,2021-09-29,1,66.0,75.0,16.0,450.0,1.0
HOSP-8825,The Johns Hopkins Hospital,gastroenterology,2021-02-23,1,3.0,60.0,7.0,390.0,1.0
HOSP-8828,The Johns Hopkins Hospital,allergy and immunology,,1,21.0,45.0,18.0,1330.0,1.0
HOSP-8828,The Johns Hopkins Hospital,gastroenterology,,1,20.0,15.0,9.0,1160.0,0.0
HOSP-8828,The Johns Hopkins Hospital,hepatology,2021-06-15,1,32.0,105.0,13.0,810.0,1.0
HOSP-8828,The Johns Hopkins Hospital,neurology,2021-12-14,1,40.0,60.0,29.0,1510.0,1.0
HOSP-8828,The Johns Hopkins Hospital,rheumatology,2022-01-27,1,63.0,75.0,23.0,1050.0,0.0
HOSP-8828,The Johns Hopkins Hospital,rheumatology,,1,10.0,15.0,8.0,1230.0,0.0
HOSP-8829,The Johns Hopkins Hospital,infectious disease or internal medicine,2022-11-16,1,14.0,15.0,21.0,1020.0,1.0
HOSP-8829,The Johns Hopkins Hospital,rheumatology,,1,66.0,90.0,2.0,820.0,0.0
HOSP-8833,The Johns Hopkins Hospital,psychiatry,2022-02-18,1,73.0,90.0,10.0,300.0,0.0
HOSP-8833,The Johns Hopkins Hospital,pulmonology or allergy and immunology,2023-03-13,1,75.0,75.0,5.0,930.0,1.0
HOSP-8835,The Johns Hopkins Hospital,psychiatry,2021-10-18,1,44.0,60.0,30.0,930.0,0.0
HOSP-8836,The Johns Hopkins Hospital,neurology,2021-02-15,1,31.0,45.0,27.0,190.0,0.0
HOSP-8838,The Johns Hopkins Hospital,hepatology or gastroenterology,,1,9.0,120.0,1.0,1200.0,0.0
HOSP-8840,The Johns Hopkins Hospital,hepatology,2024-06-19,1,94.0,15.0,11.0,1160.0,1.0
HOSP-8841,The Johns Hopkins Hospital,cardiology or internal medicine,2021-08-27,1,27.0,105.0,19.0,120.0,0.0
HOSP-8842,The Johns Hopkins Hospital,allergy and immunology,2020-07-25,1,4.0,30.0,29.0,520.0,0.0
HOSP-8842,The Johns Hopkins Hospital,oncology,2022-09-30,1,94.0,15.0,23.0,1250.0,0.0
HOSP-8843,The Johns Hopkins Hospital,rheumatology,2022-06-28,1,42.0,90.0,3.0,780.0,0.0
HOSP-8844,The Johns Hopkins Hospital,cardiology,2022-04-21,1,14.0,60.0,6.0,1000.0,1.0
HOSP-8844,The Johns Hopkins Hospital,dermatology,,1,2.0,75.0,7.0,880.0,0.0
HOSP-8845,The Johns Hopkins Hospital,urology or nephrology,,1,90.0,60.0,17.0,1240.0,1.0
HOSP-8846,The Johns Hopkins Hospital,psychiatry,2023-05-16,1,67.0,30.0,20.0,1550.0,1.0
HOSP-8851,The Johns Hopkins Hospital,rheumatology,2023-04-15,1,27.0,105.0,22.0,1230.0,1.0
HOSP-8852,The Johns Hopkins Hospital,gastroenterology,,1,43.0,120.0,27.0,270.0,1.0
HOSP-8852,The Johns Hopkins Hospital,pulmonology or allergy and immunology,2022-06-28,1,83.0,75.0,20.0,1220.0,0.0
HOSP-8852,The Johns Hopkins Hospital,rheumatology,2024-05-24,1,81.0,45.0,27.0,1020.0,0.0
HOSP-8853,The Johns Hopkins Hospital,nephrology,2021-02-25,1,68.0,30.0,22.0,1190.0,0.0
HOSP-8855,The Johns Hopkins Hospital,infectious disease or internal medicine,2023-08-21,1,7.0,30.0,8.0,1070.0,0.0
HOSP-8856,The Johns Hopkins Hospital,dermatology,,1,27.0,45.0,20.0,1470.0,0.0
HOSP-8857,The Johns Hopkins Hospital,psychiatry,,1,38.0,15.0,15.0,1260.0,0.0
HOSP-8858,The Johns Hopkins Hospital,cardiology,2024-02-24,1,43.0,30.0,2.0,1240.0,0.0
HOSP-8859,The Johns Hopkins Hospital,rheumatology,2022-12-29,1,17.0,30.0,30.0,670.0,0.0
HOSP-8860,The Johns Hopkins Hospital,infectious disease or internal medicine,2021-05-24,1,23.0,15.0,14.0,300.0,0.0
HOSP-8860,The Johns Hopkins Hospital,neurology,2024-04-25,1,65.0,15.0,10.0,180.0,0.0
HOSP-8861,The Johns Hopkins Hospital,hepatology or gastroenterology,2020-08-18,1,40.0,75.0,2.0,1000.0,1.0
HOSP-8861,The Johns Hopkins Hospital,rheumatology,2023-02-26,1,13.0,30.0,29.0,960.0,1.0
HOSP-8863,The Johns Hopkins Hospital,hepatology or gastroenterology,,1,19.0,105.0,3.0,700.0,1.0
HOSP-8863,The Johns Hopkins Hospital,pulmonology,,1,0.0,60.0,18.0,460.0,1.0
HOSP-8864,The Johns Hopkins Hospital,cardiology or internal medicine,2023-07-25,1,23.0,75.0,9.0,1430.0,1.0
HOSP-8864,The Johns Hopkins Hospital,gastroenterology,,1,89.0,90.0,27.0,260.0,0.0
HOSP-8865,The Johns Hopkins Hospital,pulmonology or allergy and immunology,2023-12-26,1,4.0,30.0,5.0,1140.0,0.0
HOSP-8866,The Johns Hopkins Hospital,cardiology or internal medicine,2020-09-25,1,19.0,90.0,13.0,1020.0,0.0
HOSP-8867,The Johns Hopkins Hospital,dermatology,2021-12-24,1,88.0,75.0,27.0,480.0,0.0
HOSP-8867,The Johns Hopkins Hospital,hepatology,,1,73.0,60.0,1.0,650.0,0.0
HOSP-8868,The Johns Hopkins Hospital,urology or nephrology,2024-05-30,1,76.0,30.0,1.0,1550.0,1.0
HOSP-8869,The Johns Hopkins Hospital,rheumatology,2021-10-20,1,50.0,15.0,15.0,110.0,0.0
HOSP-8870,The Johns Hopkins Hospital,endocrinology,2022-06-17,1,1.0,105.0,21.0,190.0,0.0
HOSP-8870,The Johns Hopkins Hospital,neurology,,2,59.0,105.0,9.5,360.0,2.0
HOSP-8871,The Johns Hopkins Hospital,psychiatry,,1,37.0,45.0,23.0,1570.0,0.0
HOSP-8872,The Johns Hopkins Hospital,infectious disease or internal medicine,,1,37.0,105.0,1.0,610.0,1.0
HOSP-8873,The Johns Hopkins Hospital,gastroenterology,2024-03-27,1,29.0,45.0,20.0,1040.0,0.0
HOSP-8873,The Johns Hopkins Hospital,nephrology,,1,68.0,105.0,20.0,1320.0,0.0
HOSP-8874,The Johns Hopkins Hospital,hepatology or gastroenterology,2022-09-14,1,71.0,15.0,22.0,390.0,0.0
HOSP-8875,The Johns Hopkins Hospital,gastroenterology,,1,84.0,45.0,2.0,240.0,1.0
HOSP-8875,The Johns Hopkins Hospital,neurology,,1,55.0,15.0,28.0,580.0,1.0
HOSP-8875,The Johns Hopkins Hospital,urology or nephrology,,1,90.0,45.0,11.0,290.0,0.0
HOSP-8876,The Johns Hopkins Hospital,nephrology,2022-04-24,1,74.0,90.0,10.0,510.0,1.0
HOSP-8878,The Johns Hopkins Hospital,allergy and immunology,,1,84.0,60.0,4.0,1370.0,0.0
HOSP-8879,The Johns Hopkins Hospital,cardiology,2022-01-24,1,89.0,15.0,1.0,1050.0,1.0
HOSP-8879,The Johns Hopkins Hospital,gastroenterology,2023-11-28,1,29.0,60.0,27.0,140.0,1.0
HOSP-8879,The Johns Hopkins Hospital,neurology,,1,43.0,105.0,16.0,860.0,1.0
HOSP-8879,The Johns Hopkins Hospital,psychiatry,2023-03-25,1,29.0,105.0,21.0,1480.0,0.0
HOSP-8879,The Johns Hopkins Hospital,psychiatry,,1,0.0,120.0,27.0,1470.0,0.0
HOSP-8880,The Johns Hopkins Hospital,neurology,2021-01-26,1,66.0,105.0,6.0,820.0,1.0
HOSP-8880,The Johns Hopkins Hospital,oncology,,1,92.0,105.0,17.0,470.0,1.0
HOSP-8880,The Johns Hopkins Hospital,psychiatry,2024-05-31,1,54.0,60.0,8.0,1010.0,0.0
HOSP-8881,The Johns Hopkins Hospital,hepatology or gastroenterology,2023-05-21,1,6.0,120.0,6.0,1380.0,0.0
HOSP-8883,The Johns Hopkins Hospital,endocrinology,2023-03-18,1,27.0,105.0,29.0,320.0,1.0
HOSP-8883,The Johns Hopkins Hospital,hepatology,,1,56.0,15.0,26.0,720.0,1.0
HOSP-8883,The Johns Hopkins Hospital,neurology,,1,73.0,30.0,6.0,1320.0,1.0
HOSP-8884,The Johns Hopkins Hospital,neurology,2021-11-26,1,75.0,75.0,11.0,1050.0,1.0
HOSP-8885,The Johns Hopkins Hospital,dermatology,2020-10-17,1,3.0,105.0,20.0,970.0,0.0
HOSP-8885,The Johns Hopkins Hospital,endocrinology,,1,83.0,45.0,26.0,200.0,0.0
HOSP-8885,The Johns Hopkins Hospital,gastroenterology,,1,68.0,105.0,16.0,930.0,0.0
HOSP-8885,The Johns Hopkins Hospital,oncology,2023-11-24,1,68.0,120.0,7.0,1370.0,0.0
HOSP-8885,The Johns Hopkins Hospital,pulmonology or infectious disease,2022-10-20,1,58.0,15.0,1.0,370.0,1.0
HOSP-8886,The Johns Hopkins Hospital,nephrology,2023-11-23,1,29.0,105.0,6.0,510.0,1.0
HOSP-8886,The Johns Hopkins Hospital,rheumatology,,1,26.0,15.0,5.0,430.0,0.0
HOSP-8888,The Johns Hopkins Hospital,cardiology or internal medicine,2022-12-21,1,51.0,120.0,17.0,800.0,1.0
HOSP-8890,The Johns Hopkins Hospital,nephrology,2024-04-17,1,51.0,120.0,12.0,110.0,0.0
HOSP-8891,The Johns Hopkins Hospital,psychiatry,2024-04-23,1,93.0,75.0,18.0,1250.0,0.0
HOSP-8891,The Johns Hopkins Hospital,rheumatology,,1,92.0,105.0,3.0,1190.0,0.0
HOSP-8892,The Johns Hopkins Hospital,dermatology,2022-09-27,1,22.0,30.0,28.0,100.0,1.0
HOSP-8892,The Johns Hopkins Hospital,neurology,2024-06-23,1,46.0,105.0,13.0,240.0,1.0
HOSP-8894,The Johns Hopkins Hospital,neurology,2021-04-18,1,54.0,15.0,13.0,800.0,0.0
HOSP-8894,The Johns Hopkins Hospital,neurology,,1,68.0,60.0,3.0,1190.0,0.0
HOSP-8899,The Johns Hopkins Hospital,allergy and immunology,,1,63.0,15.0,6.0,550.0,0.0
HOSP-8899,The Johns Hopkins Hospital,hepatology or gastroenterology,2023-02-19,1,61.0,15.0,23.0,1270.0,0.0
HOSP-8899,The Johns Hopkins Hospital,neurology,,1,34.0,15.0,23.0,1220.0,0.0
HOSP-8900,The Johns Hopkins Hospital,rheumatology,2023-12-23,1,79.0,105.0,27.0,1210.0,1.0
HOSP-8901,The Johns Hopkins Hospital,psychiatry,,1,73.0,45.0,16.0,560.0,0.0
HOSP-8902,The Johns Hopkins Hospital,neurology,,1,35.0,15.0,23.0,1260.0,0.0
HOSP-8903,The Johns Hopkins Hospital,infectious disease or internal medicine,2021-10-30,1,45.0,45.0,14.0,130.0,0.0
HOSP-8904,The Johns Hopkins Hospital,nephrology,2022-10-13,1,10.0,105.0,17.0,1090.0,0.0
HOSP-8906,The Johns Hopkins Hospital,gastroenterology,,1,27.0,75.0,25.0,960.0,0.0
HOSP-8907,The Johns Hopkins Hospital,cardiology or internal medicine,2020-10-17,1,53.0,15.0,12.0,1050.0,1.0
HOSP-8907,The Johns Hopkins Hospital,rheumatology,,1,17.0,30.0,7.0,1260.0,1.0
HOSP-8908,The Johns Hopkins Hospital,pulmonology or infectious disease,2022-01-30,1,35.0,45.0,16.0,660.0,0.0
HOSP-8909,The Johns Hopkins Hospital,dermatology,2021-08-28,1,73.0,30.0,17.0,1220.0,1.0
HOSP-8910,The Johns Hopkins Hospital,pulmonology or allergy and immunology,2022-06-13,1,10.0,60.0,10.0,1440.0,0.0
HOSP-8910,The Johns Hopkins Hospital,rheumatology,2023-08-28,1,75.0,90.0,8.0,1220.0,1.0
HOSP-8911,The Johns Hopkins Hospital,pulmonology or allergy and immunology,,1,69.0,60.0,7.0,690.0,1.0
HOSP-8912,The Johns Hopkins Hospital,nephrology,2022-02-14,1,0.0,15.0,28.0,240.0,1.0
HOSP-8912,The Johns Hopkins Hospital,psychiatry,,1,53.0,75.0,22.0,290.0,0.0
HOSP-8914,The Johns Hopkins Hospital,gastroenterology,,1,8.0,75.0,5.0,150.0,0.0
HOSP-8915,The Johns Hopkins Hospital,neurology,,1,57.0,45.0,21.0,1310.0,0.0
HOSP-8917,The Johns Hopkins Hospital,gastroenterology,,1,66.0,75.0,4.0,670.0,0.0
HOSP-8917,The Johns Hopkins Hospital,rheumatology,2023-01-15,1,1.0,60.0,14.0,470.0,0.0
HOSP-8918,The Johns Hopkins Hospital,allergy and immunology,,1,7.0,90.0,23.0,1300.0,1.0
HOSP-8918,The Johns Hopkins Hospital,infectious disease or internal medicine,,1,73.0,15.0,24.0,410.0,0.0
HOSP-8918,The Johns Hopkins Hospital,urology or nephrology,,1,10.0,60.0,7.0,1010.0,1.0
HOSP-8919,The Johns Hopkins Hospital,nephrology,2023-10-31,1,95.0,75.0,14.0,1600.0,0.0
HOSP-8920,The Johns Hopkins Hospital,gastroenterology,,1,89.0,30.0,28.0,800.0,0.0
HOSP-8920,The Johns Hopkins Hospital,pulmonology,2021-05-15,1,22.0,15.0,2.0,940.0,0.0
HOSP-8920,The Johns Hopkins Hospital,rheumatology,,1,44.0,75.0,17.0,730.0,1.0
HOSP-8921,The Johns Hopkins Hospital,infectious disease or internal medicine,2022-08-16,1,16.0,120.0,21.0,1590.0,1.0
HOSP-8922,The Johns Hopkins Hospital,allergy and immunology,2022-12-27,1,85.0,105.0,25.0,390.0,0.0
HOSP-8924,The Johns Hopkins Hospital,dermatology,2022-06-14,1,71.0,120.0,3.0,660.0,1.0
HOSP-8925,The Johns Hopkins Hospital,infectious disease,,1,0.0,75.0,12.0,1430.0,0.0
HOSP-8925,The Johns Hopkins Hospital,neurology,2020-09-20,1,64.0,75.0,26.0,1350.0,0.0
HOSP-8925,The Johns Hopkins Hospital,neurology,,1,48.0,60.0,2.0,1130.0,0.0
HOSP-8925,The Johns Hopkins Hospital,urology or nephrology,,1,50.0,45.0,26.0,1070.0,1.0
HOSP-8926,The Johns Hopkins Hospital,neurology,2023-07-23,1,61.0,120.0,13.0,820.0,0.0
HOSP-8930,The Johns Hopkins Hospital,allergy and immunology,2021-09-21,1,46.0,105.0,8.0,1490.0,1.0
HOSP-8930,The Johns Hopkins Hospital,infectious disease or internal medicine,2022-12-17,1,75.0,75.0,4.0,870.0,0.0
HOSP-8931,The Johns Hopkins Hospital,gastroenterology,2021-05-18,1,58.0,120.0,17.0,300.0,1.0
HOSP-8931,The Johns Hopkins Hospital,infectious disease or internal medicine,,1,9.0,60.0,24.0,560.0,0.0
HOSP-8932,The Johns Hopkins Hospital,gastroenterology,2024-07-19,1,71.0,120.0,9.0,1400.0,0.0
HOSP-8932,The Johns Hopkins Hospital,neurology,2024-05-15,1,0.0,105.0,23.0,1450.0,0.0
HOSP-8933,The Johns Hopkins Hospital,gastroenterology,2023-09-20,1,95.0,30.0,23.0,1150.0,0.0
HOSP-8933,The Johns Hopkins Hospital,neurology,,1,47.0,90.0,18.0,260.0,1.0
HOSP-8936,The Johns Hopkins Hospital,hepatology or gastroenterology,,1,52.0,120.0,13.0,430.0,0.0
HOSP-8937,The Johns Hopkins Hospital,neurology,2024-01-17,1,68.0,120.0,11.0,210.0,1.0
HOSP-8937,The Johns Hopkins Hospital,neurology,,1,89.0,90.0,21.0,1000.0,0.0
HOSP-8939,The Johns Hopkins Hospital,neurology,,1,20.0,75.0,27.0,990.0,0.0
HOSP-8940,The Johns Hopkins Hospital,neurology,2023-03-19,1,12.0,30.0,25.0,1280.0,0.0
HOSP-8940,The Johns Hopkins Hospital,rheumatology,,1,21.0,105.0,18.0,1440.0,1.0
HOSP-8942,The Johns Hopkins Hospital,rheumatology,,1,68.0,45.0,16.0,310.0,1.0
HOSP-8943,The Johns Hopkins Hospital,allergy and immunology,,1,69.0,75.0,28.0,910.0,0.0
HOSP-8943,The Johns Hopkins Hospital,gastroenterology,,1,61.0,90.0,23.0,800.0,0.0
HOSP-8944,The Johns Hopkins Hospital,pulmonology or infectious disease,,1,48.0,90.0,17.0,1440.0,1.0
HOSP-8945,The Johns Hopkins Hospital,cardiology,2022-02-13,1,67.0,105.0,25.0,380.0,0.0
HOSP-8945,The Johns Hopkins Hospital,neurology,,1,59.0,120.0,15.0,350.0,1.0
HOSP-8945,The Johns Hopkins Hospital,oncology,,1,18.0,45.0,9.0,930.0,1.0
HOSP-8945,The Johns Hopkins Hospital,pulmonology,2023-11-14,1,89.0,105.0,6.0,1350.0,1.0
HOSP-8945,The Johns Hopkins Hospital,pulmonology or allergy and immunology,2024-03-15,1,92.0,60.0,6.0,1540.0,0.0
HOSP-8946,The Johns Hopkins Hospital,endocrinology,2022-08-26,1,49.0,60.0,1.0,1190.0,0.0
HOSP-8946,The Johns Hopkins Hospital,gastroenterology,,1,86.0,75.0,18.0,630.0,0.0
HOSP-8946,The Johns Hopkins Hospital,pulmonology or allergy and immunology,,1,83.0,105.0,8.0,1100.0,1.0
HOSP-8948,The Johns Hopkins Hospital,neurology,2020-12-15,1,21.0,15.0,9.0,900.0,0.0
HOSP-8950,The Johns Hopkins Hospital,infectious disease or internal medicine,,1,66.0,30.0,23.0,450.0,1.0
HOSP-8954,The Johns Hopkins Hospital,endocrinology,2022-03-28,1,64.0,45.0,19.0,230.0,0.0
HOSP-8954,The Johns Hopkins Hospital,urology or nephrology,2024-03-22,1,52.0,45.0,13.0,670.0,1.0
HOSP-8956,The Johns Hopkins Hospital,gastroenterology,2022-02-13,1,19.0,90.0,10.0,790.0,1.0
HOSP-8957,The Johns Hopkins Hospital,gastroenterology,2023-09-18,1,16.0,15.0,24.0,900.0,1.0
HOSP-8959,The Johns Hopkins Hospital,gastroenterology,,1,30.0,120.0,30.0,210.0,0.0
HOSP-8960,The Johns Hopkins Hospital,infectious disease or internal medicine,,1,44.0,75.0,25.0,550.0,0.0
HOSP-8961,The Johns Hopkins Hospital,gastroenterology,2024-05-18,1,31.0,15.0,28.0,1180.0,0.0
HOSP-8962,The Johns Hopkins Hospital,pulmonology or infectious disease,,1,80.0,30.0,27.0,1060.0,0.0
HOSP-8963,The Johns Hopkins Hospital,infectious disease or internal medicine,,1,1.0,45.0,19.0,1450.0,0.0
HOSP-8963,The Johns Hopkins Hospital,neurology,2021-09-24,1,50.0,45.0,13.0,420.0,1.0
HOSP-8963,The Johns Hopkins Hospital,psychiatry,2024-06-17,1,25.0,45.0,20.0,1220.0,0.0
HOSP-8965,The Johns Hopkins Hospital,hepatology,,1,63.0,120.0,8.0,130.0,1.0
HOSP-8965,The Johns Hopkins Hospital,infectious disease or internal medicine,2023-01-17,1,45.0,15.0,22.0,420.0,0.0
HOSP-8965,The Johns Hopkins Hospital,neurology,2023-01-24,1,84.0,30.0,14.0,180.0,1.0
HOSP-8966,The Johns Hopkins Hospital,infectious disease,,1,73.0,90.0,29.0,990.0,0.0
HOSP-8967,The Johns Hopkins Hospital,psychiatry,2022-11-13,1,22.0,45.0,28.0,700.0,1.0
HOSP-8968,The Johns Hopkins Hospital,cardiology,2023-01-16,1,20.0,120.0,11.0,1450.0,0.0
HOSP-8968,The Johns Hopkins Hospital,cardiology or internal medicine,2023-02-26,1,79.0,90.0,15.0,750.0,0.0
HOSP-8969,The Johns Hopkins Hospital,gastroenterology,,1,52.0,75.0,19.0,920.0,1.0
HOSP-8970,The Johns Hopkins Hospital,endocrinology,2022-05-19,1,56.0,60.0,7.0,1420.0,0.0
HOSP-8970,The Johns Hopkins Hospital,pulmonology or infectious disease,,1,46.0,75.0,18.0,1320.0,0.0
HOSP-8971,The Johns Hopkins Hospital,infectious disease or internal medicine,2021-09-28,1,30.0,45.0,20.0,300.0,0.0
HOSP-8971,The Johns Hopkins Hospital,infectious disease or internal medicine,,1,28.0,60.0,9.0,310.0,0.0
HOSP-8971,The Johns Hopkins Hospital,neurology,2021-12-18,1,23.0,75.0,30.0,1290.0,1.0
HOSP-8972,The Johns Hopkins Hospital,allergy and immunology,,1,60.0,120.0,19.0,940.0,0.0
HOSP-8973,The Johns Hopkins Hospital,dermatology,,1,23.0,120.0,13.0,330.0,0.0
HOSP-8973,The Johns Hopkins Hospital,hepatology,2021-10-18,1,44.0,30.0,19.0,1070.0,1.0
HOSP-8973,The Johns Hopkins Hospital,nephrology,2022-02-28,1,30.0,105.0,5.0,870.0,0.0
HOSP-8973,The Johns Hopkins Hospital,psychiatry,2023-06-20,1,45.0,15.0,30.0,840.0,0.0
HOSP-8974,The Johns Hopkins Hospital,pulmonology or allergy and immunology,,1,91.0,75.0,13.0,1330.0,0.0
HOSP-8975,The Johns Hopkins Hospital,pulmonology or allergy and immunology,,1,75.0,75.0,27.0,350.0,1.0
HOSP-8976,The Johns Hopkins Hospital,rheumatology,,1,33.0,45.0,10.0,190.0,1.0
HOSP-8978,The Johns Hopkins Hospital,allergy and immunology,2023-02-26,1,30.0,15.0,19.0,750.0,1.0
HOSP-8978,The Johns Hopkins Hospital,endocrinology,,1,95.0,30.0,11.0,1270.0,1.0
HOSP-8978,The Johns Hopkins Hospital,neurology,,1,76.0,105.0,16.0,840.0,0.0
HOSP-8979,The Johns Hopkins Hospital,cardiology,2021-12-19,1,24.0,60.0,19.0,450.0,1.0
HOSP-8979,The Johns Hopkins Hospital,gastroenterology,2023-10-23,1,44.0,15.0,4.0,170.0,0.0
HOSP-8980,The Johns Hopkins Hospital,neurology,,1,5.0,105.0,13.0,1020.0,1.0
HOSP-8980,The Johns Hopkins Hospital,pulmonology or infectious disease,2022-10-27,1,17.0,105.0,17.0,1400.0,0.0
HOSP-8980,The Johns Hopkins Hospital,rheumatology,,1,27.0,60.0,16.0,830.0,0.0
HOSP-8981,The Johns Hopkins Hospital,nephrology,,1,67.0,105.0,5.0,380.0,0.0
HOSP-8981,The Johns Hopkins Hospital,pulmonology or infectious disease,2022-07-27,1,69.0,90.0,7.0,520.0,1.0
HOSP-8982,The Johns Hopkins Hospital,oncology,2021-11-24,1,77.0,45.0,24.0,130.0,1.0
HOSP-8983,The Johns Hopkins Hospital,psychiatry,2022-12-29,1,78.0,15.0,6.0,1490.0,1.0
HOSP-8985,The Johns Hopkins Hospital,hepatology or gastroenterology,2022-07-24,1,30.0,15.0,4.0,1200.0,1.0
HOSP-8986,The Johns Hopkins Hospital,cardiology,2022-02-21,1,86.0,75.0,5.0,580.0,0.0
HOSP-8986,The Johns Hopkins Hospital,nephrology,2023-11-17,1,69.0,15.0,6.0,230.0,0.0
HOSP-8987,The Johns Hopkins Hospital,urology or nephrology,2023-11-26,1,15.0,105.0,7.0,1330.0,0.0
HOSP-8988,The Johns Hopkins Hospital,neurology,,1,38.0,75.0,17.0,140.0,0.0
HOSP-8991,The Johns Hopkins Hospital,dermatology,2024-03-26,1,59.0,60.0,14.0,1400.0,1.0
HOSP-8991,The Johns Hopkins Hospital,dermatology,,1,36.0,120.0,10.0,550.0,0.0
HOSP-8991,The Johns Hopkins Hospital,neurology,,1,88.0,120.0,20.0,530.0,1.0
HOSP-8992,The Johns Hopkins Hospital,gastroenterology,2023-05-20,1,63.0,45.0,8.0,690.0,1.0
HOSP-8992,The Johns Hopkins Hospital,oncology,2024-06-22,1,93.0,120.0,3.0,1210.0,1.0
HOSP-8994,The Johns Hopkins Hospital,psychiatry,,1,62.0,30.0,6.0,150.0,0.0
HOSP-8996,The Johns Hopkins Hospital,neurology,2022-11-16,1,17.0,30.0,21.0,1430.0,0.0
HOSP-8996,The Johns Hopkins Hospital,psychiatry,,1,24.0,120.0,26.0,990.0,0.0
HOSP-8996,The Johns Hopkins Hospital,urology or nephrology,,1,62.0,15.0,18.0,430.0,0.0
HOSP-8998,The Johns Hopkins Hospital,gastroenterology,,1,25.0,15.0,25.0,1310.0,0.0
HOSP-9000,The Johns Hopkins Hospital,infectious disease or internal medicine,2020-07-30,1,79.0,120.0,22.0,1460.0,1.0
HOSP-9001,The Johns Hopkins Hospital,hepatology or gastroenterology,2022-04-27,1,54.0,105.0,7.0,120.0,1.0
HOSP-9002,The Johns Hopkins Hospital,pulmonology,2021-01-27,1,63.0,45.0,3.0,1070.0,0.0
HOSP-9003,The Johns Hopkins Hospital,cardiology or internal medicine,2021-11-14,1,13.0,90.0,13.0,1010.0,0.0
HOSP-9003,The Johns Hopkins Hospital,gastroenterology,2022-01-29,1,2.0,15.0,23.0,460.0,0.0
HOSP-9003,The Johns Hopkins Hospital,neurology,2022-02-17,1,69.0,120.0,28.0,1230.0,0.0
HOSP-9006,The Johns Hopkins Hospital,psychiatry,2024-01-26,1,14.0,120.0,1.0,440.0,1.0
HOSP-9007,The Johns Hopkins Hospital,cardiology or internal medicine,2022-07-28,1,56.0,60.0,28.0,1400.0,0.0
HOSP-9007,The Johns Hopkins Hospital,cardiology or internal medicine,2024-06-26,1,43.0,30.0,4.0,230.0,1.0
HOSP-9007,The Johns Hopkins Hospital,hepatology,,1,29.0,60.0,17.0,1160.0,1.0
HOSP-9008,The Johns Hopkins Hospital,rheumatology,,1,86.0,30.0,10.0,370.0,0.0
HOSP-9009,The Johns Hopkins Hospital,rheumatology,2022-09-26,1,8.0,30.0,17.0,580.0,0.0
HOSP-9011,The Johns Hopkins Hospital,endocrinology,2023-02-18,1,59.0,120.0,29.0,1470.0,0.0
HOSP-9011,The Johns Hopkins Hospital,neurology,2021-08-31,1,13.0,75.0,21.0,390.0,1.0
HOSP-9012,The Johns Hopkins Hospital,endocrinology,2020-11-15,1,43.0,30.0,12.0,1070.0,0.0
HOSP-9012,The Johns Hopkins Hospital,neurology,2022-06-25,1,67.0,75.0,21.0,700.0,0.0
HOSP-9012,The Johns Hopkins Hospital,pulmonology or infectious disease,,1,63.0,30.0,9.0,1450.0,0.0
HOSP-9014,The Johns Hopkins Hospital,neurology,2024-02-19,1,58.0,120.0,29.0,210.0,0.0
HOSP-9015,The Johns Hopkins Hospital,gastroenterology,,1,68.0,30.0,3.0,770.0,0.0
HOSP-9015,The Johns Hopkins Hospital,pulmonology or allergy and immunology,,1,0.0,30.0,10.0,470.0,1.0
HOSP-9015,The Johns Hopkins Hospital,urology or nephrology,2022-06-22,1,66.0,120.0,22.0,280.0,0.0
HOSP-9016,The Johns Hopkins Hospital,hepatology or gastroenterology,2023-01-31,1,36.0,90.0,22.0,740.0,0.0
HOSP-9017,The Johns Hopkins Hospital,allergy and immunology,2024-05-28,1,10.0,90.0,22.0,1330.0,1.0
HOSP-9017,The Johns Hopkins Hospital,gastroenterology,2022-02-13,1,17.0,15.0,22.0,360.0,0.0
HOSP-9018,The Johns Hopkins Hospital,gastroenterology,,1,9.0,45.0,2.0,610.0,0.0
HOSP-9018,The Johns Hopkins Hospital,infectious disease or internal medicine,2021-01-17,1,32.0,120.0,29.0,1580.0,0.0
HOSP-9018,The Johns Hopkins Hospital,neurology,2022-08-31,1,0.0,75.0,7.0,1220.0,1.0
HOSP-9019,The Johns Hopkins Hospital,pulmonology or allergy and immunology,,1,58.0,60.0,19.0,290.0,0.0
HOSP-9021,The Johns Hopkins Hospital,infectious disease or internal medicine,,1,49.0,120.0,3.0,650.0,1.0
HOSP-9021,The Johns Hopkins Hospital,psychiatry,2022-08-29,1,67.0,30.0,25.0,1110.0,0.0
HOSP-9022,The Johns Hopkins Hospital,nephrology,2020-10-18,1,68.0,90.0,3.0,160.0,0.0
HOSP-9022,The Johns Hopkins Hospital,neurology,2024-02-22,1,44.0,15.0,15.0,240.0,1.0
HOSP-9022,The Johns Hopkins Hospital,rheumatology,,1,52.0,60.0,18.0,170.0,0.0
HOSP-9024,The Johns Hopkins Hospital,neurology,2023-05-15,1,75.0,15.0,29.0,1180.0,0.0
HOSP-9025,The Johns Hopkins Hospital,neurology,,1,42.0,60.0,30.0,1560.0,0.0
HOSP-9026,The Johns Hopkins Hospital,neurology,2024-03-28,1,7.0,75.0,14.0,1120.0,0.0
HOSP-9028,The Johns Hopkins Hospital,endocrinology,,1,19.0,30.0,20.0,220.0,0.0
HOSP-9029,The Johns Hopkins Hospital,hepatology or gastroenterology,,1,47.0,75.0,2.0,850.0,1.0
HOSP-9030,The Johns Hopkins Hospital,cardiology,2022-01-25,1,3.0,120.0,29.0,1490.0,1.0
HOSP-9030,The Johns Hopkins Hospital,cardiology or internal medicine,2021-09-28,1,51.0,120.0,11.0,1070.0,1.0
HOSP-9032,The Johns Hopkins Hospital,dermatology,2023-08-15,1,75.0,60.0,28.0,700.0,0.0
HOSP-9033,The Johns Hopkins Hospital,neurology,,1,26.0,45.0,23.0,1080.0,1.0
HOSP-9035,The Johns Hopkins Hospital,hepatology,2021-03-26,1,85.0,120.0,19.0,450.0,1.0
HOSP-9035,The Johns Hopkins Hospital,neurology,,1,60.0,120.0,30.0,880.0,0.0
HOSP-9035,The Johns Hopkins Hospital,pulmonology or allergy and immunology,2023-11-30,1,56.0,60.0,25.0,930.0,0.0
HOSP-9035,The Johns Hopkins Hospital,pulmonology or allergy and immunology,,1,23.0,75.0,9.0,450.0,0.0
HOSP-9036,The Johns Hopkins Hospital,neurology,,1,45.0,90.0,9.0,1030.0,0.0
HOSP-9037,The Johns Hopkins Hospital,gastroenterology,,1,3.0,120.0,23.0,1310.0,0.0
HOSP-9038,The Johns Hopkins Hospital,psychiatry,,1,3.0,15.0,21.0,690.0,0.0
HOSP-9039,The Johns Hopkins Hospital,endocrinology,2022-12-31,1,3.0,30.0,29.0,860.0,1.0
HOSP-9039,The Johns Hopkins Hospital,infectious disease or internal medicine,,1,39.0,90.0,13.0,340.0,1.0
HOSP-9040,The Johns Hopkins Hospital,infectious disease,2023-04-25,1,55.0,15.0,13.0,120.0,1.0
HOSP-9041,The Johns Hopkins Hospital,psychiatry,2022-01-25,1,46.0,75.0,19.0,800.0,1.0
HOSP-9042,The Johns Hopkins Hospital,urology or nephrology,2023-11-13,1,93.0,120.0,26.0,120.0,0.0
HOSP-9043,The Johns Hopkins Hospital,cardiology or internal medicine,2023-10-18,1,18.0,75.0,12.0,180.0,0.0
HOSP-9044,The Johns Hopkins Hospital,neurology,2023-03-22,1,80.0,75.0,27.0,1250.0,0.0
HOSP-9046,The Johns Hopkins Hospital,gastroenterology,,2,78.5,45.0,22.5,1070.0,1.0
HOSP-9046,The Johns Hopkins Hospital,psychiatry,,1,71.0,90.0,5.0,1300.0,0.0
HOSP-9047,The Johns Hopkins Hospital,neurology,2021-07-23,1,57.0,60.0,23.0,1160.0,1.0
HOSP-9047,The Johns Hopkins Hospital,rheumatology,2021-08-28,1,11.0,105.0,12.0,750.0,0.0
HOSP-9048,The Johns Hopkins Hospital,infectious disease or internal medicine,,1,67.0,90.0,23.0,1090.0,1.0
HOSP-9051,The Johns Hopkins Hospital,psychiatry,2023-04-26,1,2.0,105.0,20.0,1440.0,0.0
HOSP-9052,The Johns Hopkins Hospital,cardiology or internal medicine,2021-06-24,1,43.0,105.0,10.0,1340.0,0.0
HOSP-9052,The Johns Hopkins Hospital,neurology,2021-06-14,1,35.0,30.0,7.0,220.0,0.0
HOSP-9052,The Johns Hopkins Hospital,pulmonology,,1,48.0,45.0,26.0,510.0,0.0
HOSP-9053,The Johns Hopkins Hospital,infectious disease or internal medicine,,1,58.0,90.0,9.0,840.0,0.0
HOSP-9054,The Johns Hopkins Hospital,dermatology,2021-01-29,1,66.0,30.0,12.0,1580.0,0.0
HOSP-9054,The Johns Hopkins Hospital,neurology,2021-09-17,1,69.0,90.0,21.0,870.0,1.0
HOSP-9054,The Johns Hopkins Hospital,neurology,2023-11-26,1,83.0,105.0,29.0,460.0,1.0
HOSP-9055,The Johns Hopkins Hospital,infectious disease or internal medicine,2020-11-17,1,9.0,30.0,30.0,310.0,0.0
HOSP-9056,The Johns Hopkins Hospital,psychiatry,2021-04-23,1,26.0,30.0,27.0,270.0,0.0
HOSP-9057,The Johns Hopkins Hospital,gastroenterology,,1,68.0,75.0,6.0,1050.0,1.0
HOSP-9057,The Johns Hopkins Hospital,hepatology,2023-12-27,1,59.0,90.0,17.0,640.0,0.0
HOSP-9057,The Johns Hopkins Hospital,neurology,,1,92.0,15.0,8.0,1480.0,0.0
HOSP-9058,The Johns Hopkins Hospital,rheumatology,,1,74.0,90.0,17.0,740.0,1.0
HOSP-9060,The Johns Hopkins Hospital,endocrinology,,1,94.0,105.0,15.0,1390.0,1.0
HOSP-9060,The Johns Hopkins Hospital,neurology,2020-07-29,1,18.0,90.0,25.0,1100.0,0.0
HOSP-9060,The Johns Hopkins Hospital,neurology,,1,60.0,105.0,28.0,1040.0,0.0
HOSP-9060,The Johns Hopkins Hospital,psychiatry,2022-03-25,1,10.0,90.0,9.0,1080.0,0.0
HOSP-9061,The Johns Hopkins Hospital,gastroenterology,2021-03-28,1,95.0,45.0,17.0,1010.0,0.0
HOSP-9063,The Johns Hopkins Hospital,rheumatology,,1,7.0,75.0,19.0,410.0,0.0
HOSP-9064,The Johns Hopkins Hospital,psychiatry,2022-08-30,1,85.0,75.0,17.0,420.0,0.0
HOSP-9064,The Johns Hopkins Hospital,psychiatry,,1,49.0,30.0,11.0,940.0,1.0
HOSP-9064,The Johns Hopkins Hospital,pulmonology or infectious disease,,1,29.0,30.0,24.0,470.0,0.0
HOSP-9065,The Johns Hopkins Hospital,gastroenterology,2024-01-19,1,82.0,120.0,6.0,930.0,1.0
HOSP-9067,The Johns Hopkins Hospital,gastroenterology,,1,17.0,60.0,2.0,1380.0,1.0
HOSP-9067,The Johns Hopkins Hospital,rheumatology,2024-02-15,1,40.0,30.0,21.0,1200.0,0.0
HOSP-9068,The Johns Hopkins Hospital,neurology,,1,81.0,60.0,21.0,280.0,0.0
HOSP-9069,The Johns Hopkins Hospital,neurology,2023-10-29,1,48.0,60.0,3.0,460.0,0.0
HOSP-9070,The Johns Hopkins Hospital,cardiology or internal medicine,2020-09-14,1,46.0,120.0,7.0,560.0,0.0
HOSP-9071,The Johns Hopkins Hospital,gastroenterology,,1,90.0,30.0,11.0,1540.0,0.0
HOSP-9071,The Johns Hopkins Hospital,psychiatry,2022-10-24,1,48.0,45.0,13.0,730.0,1.0
HOSP-9072,The Johns Hopkins Hospital,neurology,,1,85.0,30.0,4.0,330.0,1.0
HOSP-9073,The Johns Hopkins Hospital,dermatology,,1,61.0,90.0,23.0,850.0,0.0
HOSP-9073,The Johns Hopkins Hospital,neurology,2023-01-23,1,1.0,45.0,18.0,1560.0,1.0
HOSP-9074,The Johns Hopkins Hospital,hepatology or gastroenterology,2024-03-26,1,33.0,30.0,10.0,750.0,1.0
HOSP-9076,The Johns Hopkins Hospital,endocrinology,,1,50.0,90.0,12.0,190.0,1.0
HOSP-9077,The Johns Hopkins Hospital,psychiatry,2021-08-28,1,77.0,30.0,7.0,1040.0,0.0
HOSP-9078,The Johns Hopkins Hospital,pulmonology or infectious disease,,1,70.0,60.0,27.0,410.0,0.0
HOSP-9079,The Johns Hopkins Hospital,neurology,,1,41.0,60.0,24.0,420.0,1.0
HOSP-9081,The Johns Hopkins Hospital,psychiatry,2023-11-24,1,70.0,120.0,21.0,960.0,1.0
HOSP-9082,The Johns Hopkins Hospital,neurology,2021-03-29,1,55.0,75.0,15.0,310.0,1.0
HOSP-9087,The Johns Hopkins Hospital,infectious disease,2021-06-14,1,62.0,90.0,9.0,300.0,0.0
HOSP-9087,The Johns Hopkins Hospital,pulmonology or infectious disease,,1,71.0,105.0,29.0,1230.0,0.0
HOSP-9088,The Johns Hopkins Hospital,oncology,,1,37.0,120.0,2.0,830.0,0.0
HOSP-9089,The Johns Hopkins Hospital,dermatology,2022-09-23,1,61.0,75.0,4.0,470.0,1.0
HOSP-9090,The Johns Hopkins Hospital,pulmonology or allergy and immunology,2020-11-23,1,93.0,120.0,14.0,520.0,1.0
HOSP-9090,The Johns Hopkins Hospital,urology or nephrology,2021-08-24,1,87.0,75.0,25.0,300.0,0.0
HOSP-9091,The Johns Hopkins Hospital,pulmonology or allergy and immunology,2024-05-21,1,75.0,105.0,20.0,780.0,0.0
HOSP-9091,The Johns Hopkins Hospital,rheumatology,2022-05-18,1,9.0,90.0,10.0,1350.0,1.0
HOSP-9092,The Johns Hopkins Hospital,hepatology,2023-07-31,1,11.0,45.0,24.0,950.0,1.0
HOSP-9093,The Johns Hopkins Hospital,psychiatry,,1,17.0,90.0,22.0,230.0,0.0
HOSP-9094,The Johns Hopkins Hospital,pulmonology or infectious disease,,1,67.0,105.0,1.0,630.0,0.0
HOSP-9095,The Johns Hopkins Hospital,allergy and immunology,2023-07-23,1,15.0,105.0,5.0,1470.0,1.0
HOSP-9095,The Johns Hopkins Hospital,pulmonology or allergy and immunology,,1,14.0,75.0,20.0,260.0,0.0
HOSP-9097,The Johns Hopkins Hospital,infectious disease or internal medicine,,1,2.0,60.0,20.0,1480.0,1.0
HOSP-9098,The Johns Hopkins Hospital,gastroenterology,,1,91.0,75.0,19.0,120.0,0.0
HOSP-9098,The Johns Hopkins Hospital,infectious disease or internal medicine,2023-09-19,1,17.0,60.0,19.0,1570.0,0.0
HOSP-9099,The Johns Hopkins Hospital,gastroenterology,,1,50.0,120.0,9.0,220.0,1.0
HOSP-9099,The Johns Hopkins Hospital,neurology,,1,23.0,105.0,20.0,640.0,1.0
HOSP-9099,The Johns Hopkins Hospital,psychiatry,2023-12-15,1,84.0,90.0,2.0,1310.0,1.0
HOSP-9100,The Johns Hopkins Hospital,neurology,,1,60.0,120.0,7.0,580.0,0.0
HOSP-9101,The Johns Hopkins Hospital,gastroenterology,,1,77.0,15.0,21.0,970.0,0.0
HOSP-9101,The Johns Hopkins Hospital,oncology,,1,2.0,60.0,8.0,860.0,0.0
HOSP-9101,The Johns Hopkins Hospital,psychiatry,,1,2.0,30.0,21.0,280.0,0.0
HOSP-9101,The Johns Hopkins Hospital,urology or nephrology,,1,33.0,30.0,24.0,230.0,0.0
HOSP-9102,The Johns Hopkins Hospital,dermatology,2022-04-21,1,6.0,120.0,16.0,780.0,0.0
HOSP-9103,The Johns Hopkins Hospital,pulmonology or infectious disease,2023-12-21,1,4.0,30.0,12.0,450.0,0.0
HOSP-9104,The Johns Hopkins Hospital,rheumatology,,1,61.0,30.0,25.0,600.0,0.0
HOSP-9108,The Johns Hopkins Hospital,psychiatry,2020-12-13,1,2.0,15.0,4.0,380.0,1.0
HOSP-9110,The Johns Hopkins Hospital,neurology,,1,56.0,120.0,28.0,380.0,1.0
HOSP-9111,The Johns Hopkins Hospital,hepatology,,1,82.0,45.0,23.0,500.0,1.0
HOSP-9111,The Johns Hopkins Hospital,neurology,,1,82.0,90.0,2.0,670.0,0.0
HOSP-9112,The Johns Hopkins Hospital,cardiology or internal medicine,,1,7.0,90.0,24.0,480.0,1.0
HOSP-9113,The Johns Hopkins Hospital,gastroenterology,2023-10-23,1,40.0,90.0,3.0,1150.0,0.0
HOSP-9113,The Johns Hopkins Hospital,hepatology or gastroenterology,,1,65.0,45.0,21.0,240.0,1.0
HOSP-9114,The Johns Hopkins Hospital,oncology,2024-03-23,1,78.0,45.0,8.0,1150.0,0.0
HOSP-9115,The Johns Hopkins Hospital,oncology,2023-04-28,1,16.0,105.0,13.0,750.0,0.0
HOSP-9116,The Johns Hopkins Hospital,oncology,2024-01-30,1,21.0,105.0,3.0,1010.0,1.0
HOSP-9116,The Johns Hopkins Hospital,pulmonology or infectious disease,2023-04-17,1,73.0,75.0,24.0,700.0,0.0
HOSP-9117,The Johns Hopkins Hospital,neurology,2022-07-27,1,36.0,15.0,16.0,250.0,0.0
HOSP-9119,The Johns Hopkins Hospital,rheumatology,2020-09-20,1,59.0,75.0,14.0,1600.0,1.0
HOSP-9122,The Johns Hopkins Hospital,hepatology or gastroenterology,,1,95.0,45.0,27.0,100.0,0.0
HOSP-9123,The Johns Hopkins Hospital,psychiatry,,2,56.0,45.0,8.5,1070.0,2.0
HOSP-9124,The Johns Hopkins Hospital,allergy and immunology,2021-02-15,1,22.0,45.0,19.0,610.0,1.0
HOSP-9125,The Johns Hopkins Hospital,infectious disease or internal medicine,2023-04-30,1,44.0,105.0,15.0,760.0,1.0
HOSP-9129,The Johns Hopkins Hospital,nephrology,,1,83.0,120.0,12.0,820.0,0.0
HOSP-9130,The Johns Hopkins Hospital,psychiatry,2022-12-16,1,27.0,45.0,23.0,740.0,1.0
HOSP-9131,The Johns Hopkins Hospital,pulmonology or infectious disease,2022-04-13,1,85.0,45.0,20.0,1360.0,0.0
HOSP-9131,The Johns Hopkins Hospital,pulmonology or infectious disease,2023-09-28,1,95.0,105.0,9.0,540.0,0.0
HOSP-9132,The Johns Hopkins Hospital,neurology,2024-01-27,1,65.0,30.0,30.0,160.0,1.0
HOSP-9132,The Johns Hopkins Hospital,psychiatry,2020-07-29,1,74.0,60.0,29.0,1230.0,0.0
HOSP-9133,The Johns Hopkins Hospital,neurology,,1,87.0,120.0,25.0,1400.0,0.0
HOSP-9136,The Johns Hopkins Hospital,neurology,2024-04-18,1,17.0,90.0,27.0,1160.0,0.0
HOSP-9137,The Johns Hopkins Hospital,cardiology,2023-09-17,1,13.0,105.0,11.0,790.0,0.0
HOSP-9137,The Johns Hopkins Hospital,infectious disease,2023-08-14,1,50.0,105.0,19.0,780.0,0.0
HOSP-9139,The Johns Hopkins Hospital,neurology,,1,61.0,90.0,13.0,330.0,0.0
HOSP-9139,The Johns Hopkins Hospital,oncology,2024-04-16,1,36.0,90.0,29.0,650.0,0.0
HOSP-9140,The Johns Hopkins Hospital,psychiatry,2023-07-28,1,49.0,45.0,16.0,610.0,1.0
HOSP-9141,The Johns Hopkins Hospital,rheumatology,2022-08-25,1,91.0,30.0,28.0,550.0,0.0
HOSP-9143,The Johns Hopkins Hospital,neurology,2020-09-24,1,26.0,45.0,16.0,1400.0,1.0
HOSP-9145,The Johns Hopkins Hospital,gastroenterology,,1,39.0,90.0,24.0,710.0,0.0
HOSP-9148,The Johns Hopkins Hospital,cardiology or internal medicine,2023-07-21,1,18.0,75.0,6.0,990.0,0.0
HOSP-9148,The Johns Hopkins Hospital,endocrinology,2023-08-31,1,14.0,90.0,27.0,1150.0,0.0
HOSP-9149,The Johns Hopkins Hospital,infectious disease,,2,75.0,90.0,25.5,1015.0,1.0
HOSP-9149,The Johns Hopkins Hospital,psychiatry,,1,93.0,45.0,3.0,1060.0,1.0
HOSP-9149,The Johns Hopkins Hospital,pulmonology or allergy and immunology,2024-06-30,1,14.0,30.0,30.0,1310.0,1.0
HOSP-9150,The Johns Hopkins Hospital,pulmonology,2021-03-16,1,67.0,120.0,17.0,760.0,0.0
HOSP-9155,The Johns Hopkins Hospital,neurology,,1,56.0,105.0,2.0,1570.0,0.0
HOSP-9156,The Johns Hopkins Hospital,endocrinology,,1,80.0,105.0,18.0,330.0,0.0
HOSP-9157,The Johns Hopkins Hospital,neurology,2024-05-17,1,56.0,105.0,24.0,120.0,1.0
HOSP-9158,The Johns Hopkins Hospital,gastroenterology,2022-03-30,1,22.0,15.0,19.0,240.0,0.0
HOSP-9159,The Johns Hopkins Hospital,neurology,2023-04-13,1,55.0,45.0,17.0,180.0,1.0
HOSP-9159,The Johns Hopkins Hospital,pulmonology or infectious disease,2023-06-25,1,47.0,15.0,29.0,650.0,0.0
HOSP-9160,The Johns Hopkins Hospital,cardiology or internal medicine,2023-10-26,1,40.0,120.0,12.0,620.0,0.0
HOSP-9160,The Johns Hopkins Hospital,gastroenterology,,1,18.0,75.0,15.0,680.0,1.0
HOSP-9161,The Johns Hopkins Hospital,hepatology,2023-05-13,1,55.0,75.0,25.0,610.0,1.0
HOSP-9162,The Johns Hopkins Hospital,infectious disease or internal medicine,2021-10-23,1,52.0,90.0,25.0,640.0,1.0
HOSP-9163,The Johns Hopkins Hospital,pulmonology or allergy and immunology,,1,87.0,60.0,7.0,970.0,0.0
HOSP-9164,The Johns Hopkins Hospital,allergy and immunology,2020-11-18,1,23.0,15.0,11.0,1210.0,0.0
HOSP-9164,The Johns Hopkins Hospital,neurology,,1,72.0,120.0,2.0,970.0,0.0
HOSP-9169,The Johns Hopkins Hospital,cardiology,2022-08-16,1,83.0,60.0,14.0,810.0,1.0
HOSP-9169,The Johns Hopkins Hospital,neurology,2021-03-14,1,83.0,45.0,28.0,880.0,1.0
HOSP-9170,The Johns Hopkins Hospital,urology or nephrology,,1,69.0,75.0,27.0,1190.0,1.0
HOSP-9172,The Johns Hopkins Hospital,infectious disease or internal medicine,2021-03-21,1,92.0,120.0,19.0,740.0,1.0
HOSP-9172,The Johns Hopkins Hospital,pulmonology or infectious disease,,1,32.0,60.0,1.0,900.0,0.0
HOSP-9173,The Johns Hopkins Hospital,allergy and immunology,2022-09-28,1,65.0,90.0,15.0,550.0,0.0
HOSP-9174,The Johns Hopkins Hospital,gastroenterology,2021-10-23,1,20.0,45.0,6.0,860.0,0.0
HOSP-9174,The Johns Hopkins Hospital,psychiatry,2021-12-19,1,88.0,90.0,14.0,590.0,1.0
HOSP-9176,The Johns Hopkins Hospital,gastroenterology,2022-04-13,1,13.0,45.0,12.0,360.0,1.0
HOSP-9176,The Johns Hopkins Hospital,infectious disease or internal medicine,,1,46.0,120.0,29.0,420.0,0.0
HOSP-9176,The Johns Hopkins Hospital,psychiatry,2023-11-22,1,86.0,120.0,8.0,260.0,0.0
HOSP-9177,The Johns Hopkins Hospital,dermatology,2024-05-30,1,29.0,45.0,14.0,680.0,1.0
HOSP-9177,The Johns Hopkins Hospital,psychiatry,2022-08-22,1,83.0,120.0,19.0,400.0,0.0
HOSP-9179,The Johns Hopkins Hospital,psychiatry,2022-09-27,1,40.0,75.0,24.0,580.0,0.0
HOSP-9180,The Johns Hopkins Hospital,infectious disease or internal medicine,2022-11-18,1,0.0,15.0,26.0,1090.0,1.0
HOSP-9182,The Johns Hopkins Hospital,cardiology,,1,70.0,90.0,1.0,1560.0,1.0
HOSP-9183,The Johns Hopkins Hospital,hepatology,2024-04-28,1,8.0,75.0,14.0,480.0,1.0
HOSP-9183,The Johns Hopkins Hospital,rheumatology,,1,32.0,75.0,20.0,540.0,0.0
HOSP-9184,The Johns Hopkins Hospital,hepatology or gastroenterology,,1,59.0,45.0,19.0,810.0,1.0
HOSP-9186,The Johns Hopkins Hospital,dermatology,,1,30.0,60.0,27.0,1400.0,1.0
HOSP-9186,The Johns Hopkins Hospital,rheumatology,2024-02-18,1,48.0,90.0,5.0,1060.0,0.0
HOSP-9186,The Johns Hopkins Hospital,urology or nephrology,,1,2.0,15.0,30.0,420.0,0.0
HOSP-9187,The Johns Hopkins Hospital,gastroenterology,,1,26.0,120.0,9.0,1080.0,0.0
HOSP-9187,The Johns Hopkins Hospital,rheumatology,2023-12-23,1,79.0,15.0,6.0,960.0,0.0
HOSP-9190,The Johns Hopkins Hospital,nephrology,2020-12-23,1,69.0,45.0,17.0,430.0,1.0
HOSP-9190,The Johns Hopkins Hospital,psychiatry,,1,88.0,75.0,16.0,570.0,0.0
HOSP-9191,The Johns Hopkins Hospital,cardiology,2023-03-16,1,7.0,15.0,22.0,740.0,0.0
HOSP-9192,The Johns Hopkins Hospital,endocrinology,,1,68.0,105.0,16.0,1170.0,0.0
HOSP-9192,The Johns Hopkins Hospital,urology or nephrology,2021-09-29,1,79.0,30.0,16.0,510.0,1.0
HOSP-9193,The Johns Hopkins Hospital,gastroenterology,,1,10.0,120.0,4.0,860.0,1.0
HOSP-9193,The Johns Hopkins Hospital,nephrology,2021-05-26,1,60.0,90.0,9.0,580.0,1.0
HOSP-9193,The Johns Hopkins Hospital,urology or nephrology,,1,26.0,45.0,29.0,390.0,1.0
HOSP-9194,The Johns Hopkins Hospital,cardiology or internal medicine,2021-04-28,1,80.0,45.0,5.0,820.0,0.0
HOSP-9196,The Johns Hopkins Hospital,neurology,2020-11-29,1,68.0,60.0,16.0,670.0,0.0
HOSP-9196,The Johns Hopkins Hospital,neurology,,1,15.0,45.0,23.0,1060.0,0.0
HOSP-9197,The Johns Hopkins Hospital,nephrology,2023-06-29,1,94.0,105.0,9.0,1310.0,0.0
HOSP-9197,The Johns Hopkins Hospital,neurology,2020-07-25,1,42.0,75.0,9.0,240.0,0.0
HOSP-9199,The Johns Hopkins Hospital,neurology,2021-10-27,1,46.0,75.0,1.0,440.0,0.0
HOSP-9199,The Johns Hopkins Hospital,pulmonology or infectious disease,,1,75.0,75.0,10.0,550.0,1.0
HOSP-9201,The Johns Hopkins Hospital,neurology,2020-11-29,1,95.0,45.0,25.0,1590.0,0.0
HOSP-9201,The Johns Hopkins Hospital,psychiatry,2023-10-13,1,73.0,60.0,9.0,490.0,0.0
HOSP-9205,The Johns Hopkins Hospital,oncology,,1,43.0,75.0,20.0,490.0,1.0
HOSP-9206,The Johns Hopkins Hospital,rheumatology,2022-11-27,1,29.0,75.0,11.0,930.0,0.0
HOSP-9207,The Johns Hopkins Hospital,oncology,2022-02-27,1,82.0,30.0,26.0,110.0,0.0
HOSP-9210,The Johns Hopkins Hospital,cardiology or internal medicine,,1,1.0,45.0,23.0,530.0,1.0
HOSP-9212,The Johns Hopkins Hospital,gastroenterology,,1,61.0,105.0,13.0,630.0,0.0
HOSP-9212,The Johns Hopkins Hospital,rheumatology,,1,81.0,15.0,17.0,1150.0,1.0
HOSP-9213,The Johns Hopkins Hospital,cardiology or internal medicine,2022-05-28,1,34.0,60.0,27.0,110.0,1.0
HOSP-9213,The Johns Hopkins Hospital,pulmonology,2024-06-17,1,43.0,15.0,15.0,1010.0,0.0
HOSP-9214,The Johns Hopkins Hospital,neurology,,1,76.0,75.0,11.0,820.0,1.0
HOSP-9215,The Johns Hopkins Hospital,neurology,2021-04-26,1,41.0,45.0,26.0,1600.0,1.0
HOSP-9218,The Johns Hopkins Hospital,cardiology,,1,88.0,15.0,8.0,600.0,1.0
HOSP-9218,The Johns Hopkins Hospital,neurology,,1,7.0,15.0,30.0,1510.0,1.0
HOSP-9219,The Johns Hopkins Hospital,neurology,2021-11-26,1,46.0,45.0,28.0,640.0,1.0
HOSP-9220,The Johns Hopkins Hospital,neurology,2022-07-27,1,52.0,30.0,8.0,1570.0,0.0
HOSP-9221,The Johns Hopkins Hospital,neurology,2023-02-28,1,38.0,45.0,20.0,1140.0,0.0
HOSP-9223,The Johns Hopkins Hospital,neurology,2022-11-15,1,63.0,120.0,9.0,730.0,1.0
HOSP-9224,The Johns Hopkins Hospital,psychiatry,2021-09-24,1,2.0,105.0,1.0,330.0,0.0
HOSP-9226,The Johns Hopkins Hospital,dermatology,2023-06-17,1,3.0,90.0,13.0,210.0,0.0
HOSP-9228,The Johns Hopkins Hospital,urology or nephrology,,1,72.0,30.0,21.0,430.0,0.0
HOSP-9229,The Johns Hopkins Hospital,cardiology,2021-10-28,1,77.0,105.0,9.0,1120.0,0.0
HOSP-9229,The Johns Hopkins Hospital,hepatology or gastroenterology,2021-03-28,1,33.0,15.0,29.0,1290.0,1.0
HOSP-9229,The Johns Hopkins Hospital,infectious disease or internal medicine,,1,28.0,105.0,1.0,490.0,1.0
HOSP-9229,The Johns Hopkins Hospital,rheumatology,2022-01-21,1,0.0,75.0,25.0,930.0,0.0
HOSP-9230,The Johns Hopkins Hospital,cardiology or internal medicine,2021-06-14,1,90.0,15.0,23.0,770.0,1.0
HOSP-9231,The Johns Hopkins Hospital,nephrology,,1,41.0,75.0,1.0,150.0,0.0
HOSP-9232,The Johns Hopkins Hospital,infectious disease or internal medicine,,1,22.0,75.0,5.0,1110.0,0.0
HOSP-9233,The Johns Hopkins Hospital,rheumatology,2023-05-18,1,49.0,90.0,5.0,1520.0,0.0
HOSP-9235,The Johns Hopkins Hospital,rheumatology,2023-11-22,1,53.0,75.0,6.0,820.0,0.0
HOSP-9237,The Johns Hopkins Hospital,endocrinology,2020-10-24,1,57.0,120.0,8.0,490.0,0.0
HOSP-9237,The Johns Hopkins Hospital,neurology,2023-11-16,1,52.0,75.0,19.0,350.0,0.0
HOSP-9238,The Johns Hopkins Hospital,cardiology or internal medicine,2023-08-26,1,41.0,90.0,24.0,1400.0,0.0
HOSP-9238,The Johns Hopkins Hospital,neurology,,1,24.0,15.0,10.0,810.0,0.0
HOSP-9239,The Johns Hopkins Hospital,cardiology or internal medicine,2024-03-16,1,6.0,15.0,27.0,1580.0,0.0
HOSP-9239,The Johns Hopkins Hospital,gastroenterology,2024-01-23,1,71.0,60.0,13.0,960.0,1.0
HOSP-9239,The Johns Hopkins Hospital,infectious disease or internal medicine,2022-07-22,1,20.0,90.0,2.0,700.0,0.0
HOSP-9241,The Johns Hopkins Hospital,pulmonology or infectious disease,,1,64.0,60.0,26.0,1500.0,0.0
HOSP-9243,The Johns Hopkins Hospital,oncology,,1,9.0,60.0,18.0,630.0,0.0
HOSP-9246,The Johns Hopkins Hospital,endocrinology,,1,34.0,120.0,23.0,1570.0,0.0
HOSP-9246,The Johns Hopkins Hospital,rheumatology,2021-09-20,1,29.0,30.0,12.0,490.0,0.0
HOSP-9249,The Johns Hopkins Hospital,endocrinology,2024-01-15,1,89.0,15.0,25.0,180.0,0.0
HOSP-9250,The Johns Hopkins Hospital,allergy and immunology,2021-08-14,1,13.0,90.0,7.0,1020.0,1.0
HOSP-9250,The Johns Hopkins Hospital,pulmonology or infectious disease,2023-10-14,1,78.0,60.0,17.0,400.0,0.0
HOSP-9250,The Johns Hopkins Hospital,urology or nephrology,2022-12-13,1,26.0,45.0,18.0,1560.0,0.0
HOSP-9251,The Johns Hopkins Hospital,hepatology,2024-03-31,1,29.0,15.0,21.0,220.0,0.0
HOSP-9252,The Johns Hopkins Hospital,neurology,,1,72.0,120.0,3.0,310.0,0.0
HOSP-9253,The Johns Hopkins Hospital,urology or nephrology,2022-10-19,1,22.0,90.0,7.0,380.0,0.0
HOSP-9254,The Johns Hopkins Hospital,hepatology,2021-05-23,1,61.0,105.0,9.0,960.0,1.0
HOSP-9255,The Johns Hopkins Hospital,infectious disease,,1,27.0,15.0,5.0,1520.0,0.0
HOSP-9256,The Johns Hopkins Hospital,neurology,2022-04-21,1,48.0,120.0,28.0,660.0,1.0
HOSP-9257,The Johns Hopkins Hospital,gastroenterology,2024-03-27,1,37.0,45.0,26.0,1300.0,1.0
HOSP-9259,The Johns Hopkins Hospital,infectious disease or internal medicine,2023-03-25,1,56.0,45.0,14.0,390.0,0.0
HOSP-9262,The Johns Hopkins Hospital,cardiology,,1,64.0,75.0,3.0,590.0,1.0
HOSP-9263,The Johns Hopkins Hospital,cardiology or internal medicine,,1,34.0,120.0,18.0,210.0,0.0
HOSP-9263,The Johns Hopkins Hospital,rheumatology,2020-10-13,1,55.0,105.0,20.0,360.0,0.0
HOSP-9263,The Johns Hopkins Hospital,rheumatology,2023-12-19,1,31.0,120.0,13.0,580.0,1.0
HOSP-9264,The Johns Hopkins Hospital,dermatology,,1,48.0,45.0,16.0,1040.0,1.0
HOSP-9264,The Johns Hopkins Hospital,neurology,2020-10-14,1,70.0,90.0,30.0,540.0,1.0
HOSP-9266,The Johns Hopkins Hospital,infectious disease or internal medicine,2021-06-23,1,39.0,90.0,1.0,790.0,0.0
HOSP-9266,The Johns Hopkins Hospital,pulmonology or allergy and immunology,,1,55.0,15.0,12.0,1170.0,0.0
HOSP-9267,The Johns Hopkins Hospital,allergy and immunology,2024-01-25,1,70.0,30.0,22.0,870.0,1.0
HOSP-9268,The Johns Hopkins Hospital,neurology,,1,41.0,15.0,18.0,1280.0,1.0
HOSP-9269,The Johns Hopkins Hospital,hepatology,2022-09-27,1,19.0,30.0,8.0,1090.0,0.0
HOSP-9270,The Johns Hopkins Hospital,cardiology or internal medicine,,1,7.0,45.0,22.0,740.0,1.0
HOSP-9270,The Johns Hopkins Hospital,endocrinology,2024-06-23,1,23.0,45.0,4.0,1130.0,0.0
HOSP-9270,The Johns Hopkins Hospital,infectious disease or internal medicine,2023-03-23,1,77.0,15.0,7.0,200.0,1.0
HOSP-9270,The Johns Hopkins Hospital,neurology,,1,88.0,90.0,9.0,430.0,0.0
HOSP-9271,The Johns Hopkins Hospital,endocrinology,,1,28.0,15.0,22.0,1080.0,0.0
HOSP-9271,The Johns Hopkins Hospital,gastroenterology,2021-01-17,1,60.0,45.0,26.0,1140.0,1.0
HOSP-9272,The Johns Hopkins Hospital,nephrology,2021-02-24,1,10.0,60.0,1.0,1170.0,1.0
HOSP-9273,The Johns Hopkins Hospital,neurology,,1,26.0,45.0,14.0,390.0,1.0
HOSP-9273,The Johns Hopkins Hospital,rheumatology,2022-05-25,1,37.0,90.0,10.0,130.0,0.0
HOSP-9274,The Johns Hopkins Hospital,rheumatology,,1,49.0,90.0,12.0,1410.0,1.0
HOSP-9277,The Johns Hopkins Hospital,pulmonology or infectious disease,2022-11-30,1,0.0,105.0,25.0,1430.0,0.0
HOSP-9278,The Johns Hopkins Hospital,neurology,2021-08-27,1,44.0,45.0,9.0,110.0,0.0
HOSP-9279,The Johns Hopkins Hospital,allergy and immunology,,1,85.0,60.0,26.0,1430.0,0.0
HOSP-9279,The Johns Hopkins Hospital,cardiology,2022-06-26,1,6.0,75.0,9.0,1530.0,0.0
HOSP-9279,The Johns Hopkins Hospital,rheumatology,2022-02-18,1,27.0,90.0,5.0,1130.0,0.0
HOSP-9280,The Johns Hopkins Hospital,cardiology,,1,63.0,15.0,5.0,350.0,1.0
HOSP-9280,The Johns Hopkins Hospital,urology or nephrology,,1,4.0,45.0,19.0,350.0,1.0
HOSP-9282,The Johns Hopkins Hospital,dermatology,2021-07-24,1,74.0,45.0,22.0,1230.0,0.0
HOSP-9282,The Johns Hopkins Hospital,neurology,,1,53.0,30.0,9.0,440.0,1.0
HOSP-9283,The Johns Hopkins Hospital,endocrinology,,1,49.0,90.0,18.0,1230.0,1.0
HOSP-9284,The Johns Hopkins Hospital,endocrinology,2021-09-18,1,47.0,30.0,18.0,950.0,1.0
HOSP-9284,The Johns Hopkins Hospital,neurology,,1,28.0,105.0,22.0,830.0,1.0
HOSP-9286,The Johns Hopkins Hospital,gastroenterology,,2,63.5,60.0,17.5,895.0,1.0
HOSP-9286,The Johns Hopkins Hospital,infectious disease,2022-04-26,1,95.0,90.0,10.0,890.0,1.0
HOSP-9286,The Johns Hopkins Hospital,neurology,2023-11-16,1,92.0,45.0,13.0,140.0,0.0
HOSP-9287,The Johns Hopkins Hospital,allergy and immunology,2023-02-22,1,31.0,60.0,1.0,1300.0,0.0
HOSP-9287,The Johns Hopkins Hospital,gastroenterology,2021-10-30,1,78.0,45.0,17.0,350.0,0.0
HOSP-9288,The Johns Hopkins Hospital,allergy and immunology,2023-10-31,1,36.0,30.0,21.0,1120.0,1.0
HOSP-9288,The Johns Hopkins Hospital,gastroenterology,2022-04-30,1,78.0,90.0,17.0,990.0,0.0
HOSP-9290,The Johns Hopkins Hospital,rheumatology,2021-01-14,1,40.0,15.0,23.0,810.0,0.0
HOSP-9291,The Johns Hopkins Hospital,cardiology or internal medicine,2021-10-23,1,17.0,90.0,16.0,940.0,0.0
HOSP-9292,The Johns Hopkins Hospital,nephrology,2024-02-25,1,37.0,120.0,4.0,1420.0,0.0
HOSP-9292,The Johns Hopkins Hospital,neurology,2020-11-27,1,5.0,60.0,1.0,140.0,1.0
HOSP-9292,The Johns Hopkins Hospital,psychiatry,2022-10-27,1,61.0,15.0,8.0,1310.0,0.0
HOSP-9292,The Johns Hopkins Hospital,rheumatology,,1,86.0,15.0,6.0,320.0,0.0
HOSP-9293,The Johns Hopkins Hospital,psychiatry,2023-07-24,1,13.0,45.0,12.0,530.0,0.0
HOSP-9294,The Johns Hopkins Hospital,neurology,2023-02-13,1,91.0,30.0,13.0,1140.0,0.0
HOSP-9295,The Johns Hopkins Hospital,gastroenterology,,1,75.0,90.0,19.0,1350.0,0.0
HOSP-9295,The Johns Hopkins Hospital,neurology,,1,2.0,90.0,22.0,1420.0,0.0
HOSP-9295,The Johns Hopkins Hospital,pulmonology or infectious disease,2021-07-23,1,94.0,120.0,17.0,570.0,0.0
HOSP-9297,The Johns Hopkins Hospital,endocrinology,2022-10-21,1,13.0,60.0,9.0,290.0,0.0
HOSP-9297,The Johns Hopkins Hospital,neurology,2024-01-14,1,81.0,105.0,4.0,850.0,0.0
HOSP-9298,The Johns Hopkins Hospital,neurology,2023-10-25,1,55.0,120.0,21.0,290.0,0.0
HOSP-9299,The Johns Hopkins Hospital,endocrinology,2023-03-27,1,17.0,120.0,23.0,460.0,1.0
HOSP-9300,The Johns Hopkins Hospital,gastroenterology,,1,52.0,30.0,26.0,660.0,0.0
HOSP-9300,The Johns Hopkins Hospital,infectious disease,,1,21.0,75.0,12.0,190.0,0.0
HOSP-9300,The Johns Hopkins Hospital,neurology,2021-06-15,1,47.0,45.0,18.0,240.0,0.0
HOSP-9301,The Johns Hopkins Hospital,nephrology,2020-08-28,1,29.0,120.0,19.0,990.0,1.0
HOSP-9301,The Johns Hopkins Hospital,urology or nephrology,,1,53.0,15.0,13.0,980.0,1.0
HOSP-9302,The Johns Hopkins Hospital,rheumatology,,1,63.0,90.0,16.0,370.0,1.0
HOSP-9303,The Johns Hopkins Hospital,hepatology,2021-04-14,1,9.0,15.0,10.0,1160.0,1.0
HOSP-9303,The Johns Hopkins Hospital,infectious disease,2023-05-17,1,86.0,60.0,23.0,1350.0,0.0
HOSP-9304,The Johns Hopkins Hospital,dermatology,,1,66.0,90.0,12.0,1480.0,0.0
HOSP-9305,The Johns Hopkins Hospital,hepatology or gastroenterology,2023-01-20,1,15.0,15.0,9.0,1080.0,0.0
HOSP-9305,The Johns Hopkins Hospital,pulmonology or infectious disease,2024-06-14,1,10.0,45.0,9.0,130.0,1.0
HOSP-9306,The Johns Hopkins Hospital,neurology,,1,88.0,90.0,14.0,440.0,0.0
HOSP-9308,The Johns Hopkins Hospital,allergy and immunology,,1,84.0,60.0,12.0,940.0,0.0
HOSP-9308,The Johns Hopkins Hospital,neurology,2024-06-28,1,47.0,75.0,2.0,680.0,0.0
HOSP-9309,The Johns Hopkins Hospital,psychiatry,,1,43.0,30.0,24.0,570.0,0.0
HOSP-9310,The Johns Hopkins Hospital,hepatology or gastroenterology,2021-05-27,1,90.0,30.0,18.0,410.0,1.0
HOSP-9310,The Johns Hopkins Hospital,neurology,2022-01-13,1,74.0,15.0,2.0,420.0,0.0
HOSP-9310,The Johns Hopkins Hospital,oncology,2023-05-21,1,15.0,105.0,25.0,140.0,0.0
HOSP-9310,The Johns Hopkins Hospital,pulmonology or infectious disease,2024-04-17,1,91.0,60.0,25.0,970.0,1.0
HOSP-9312,The Johns Hopkins Hospital,infectious disease or internal medicine,2022-04-30,1,39.0,60.0,25.0,1120.0,1.0
HOSP-9312,The Johns Hopkins Hospital,neurology,2022-04-21,1,17.0,30.0,11.0,630.0,0.0
HOSP-9313,The Johns Hopkins Hospital,allergy and immunology,2022-09-19,1,15.0,45.0,13.0,860.0,1.0
HOSP-9315,The Johns Hopkins Hospital,hepatology or gastroenterology,2023-10-21,1,35.0,45.0,17.0,560.0,0.0
HOSP-9315,The Johns Hopkins Hospital,neurology,2024-07-18,1,15.0,60.0,12.0,1070.0,1.0
HOSP-9317,The Johns Hopkins Hospital,neurology,,1,13.0,60.0,21.0,1140.0,1.0
HOSP-9318,The Johns Hopkins Hospital,endocrinology,,1,69.0,15.0,19.0,630.0,1.0
HOSP-9318,The Johns Hopkins Hospital,gastroenterology,2021-12-14,1,91.0,15.0,27.0,1140.0,1.0
HOSP-9318,The Johns Hopkins Hospital,nephrology,2021-11-14,1,41.0,90.0,21.0,1070.0,0.0
HOSP-9318,The Johns Hopkins Hospital,oncology,,1,84.0,75.0,22.0,340.0,0.0
HOSP-9319,The Johns Hopkins Hospital,hepatology or gastroenterology,,1,66.0,105.0,28.0,570.0,0.0
HOSP-9321,The Johns Hopkins Hospital,endocrinology,2021-06-20,1,19.0,105.0,6.0,200.0,1.0
HOSP-9321,The Johns Hopkins Hospital,rheumatology,,1,49.0,45.0,8.0,670.0,0.0
HOSP-9322,The Johns Hopkins Hospital,neurology,,1,8.0,75.0,24.0,360.0,0.0
HOSP-9323,The Johns Hopkins Hospital,gastroenterology,2023-09-28,1,22.0,15.0,19.0,620.0,0.0
HOSP-9323,The Johns Hopkins Hospital,gastroenterology,,1,35.0,60.0,24.0,1010.0,1.0
HOSP-9324,The Johns Hopkins Hospital,hepatology,,1,9.0,90.0,6.0,800.0,0.0
HOSP-9325,The Johns Hopkins Hospital,cardiology or internal medicine,2023-04-16,1,2.0,90.0,27.0,670.0,1.0
HOSP-9325,The Johns Hopkins Hospital,hepatology or gastroenterology,2022-11-24,1,33.0,15.0,25.0,1200.0,1.0
HOSP-9325,The Johns Hopkins Hospital,infectious disease,2020-09-25,1,69.0,90.0,28.0,1020.0,0.0
HOSP-9325,The Johns Hopkins Hospital,psychiatry,,1,80.0,15.0,11.0,1490.0,1.0
HOSP-9326,The Johns Hopkins Hospital,allergy and immunology,2023-09-29,1,20.0,45.0,6.0,1390.0,0.0
HOSP-9327,The Johns Hopkins Hospital,cardiology or internal medicine,2022-05-27,1,60.0,105.0,25.0,280.0,0.0
HOSP-9327,The Johns Hopkins Hospital,rheumatology,,1,93.0,30.0,2.0,1150.0,0.0
HOSP-9329,The Johns Hopkins Hospital,gastroenterology,,1,41.0,120.0,4.0,990.0,0.0
HOSP-9332,The Johns Hopkins Hospital,gastroenterology,,1,61.0,90.0,23.0,1110.0,0.0
HOSP-9332,The Johns Hopkins Hospital,rheumatology,2021-06-26,1,40.0,60.0,26.0,1150.0,1.0
HOSP-9333,The Johns Hopkins Hospital,pulmonology,,1,85.0,45.0,24.0,1000.0,1.0
HOSP-9334,The Johns Hopkins Hospital,neurology,,1,14.0,60.0,12.0,700.0,1.0
HOSP-9337,The Johns Hopkins Hospital,cardiology or internal medicine,2024-01-28,1,74.0,120.0,26.0,940.0,1.0
HOSP-9339,The Johns Hopkins Hospital,hepatology or gastroenterology,2021-12-31,1,51.0,105.0,5.0,1080.0,0.0
HOSP-9340,The Johns Hopkins Hospital,neurology,,1,9.0,30.0,3.0,700.0,1.0
HOSP-9342,The Johns Hopkins Hospital,cardiology,2021-11-21,1,55.0,30.0,5.0,310.0,0.0
HOSP-9342,The Johns Hopkins Hospital,infectious disease,2023-08-15,1,7.0,45.0,26.0,530.0,1.0
HOSP-9343,The Johns Hopkins Hospital,gastroenterology,2024-02-19,1,12.0,90.0,6.0,1030.0,0.0
HOSP-9343,The Johns Hopkins Hospital,hepatology or gastroenterology,2022-12-21,1,50.0,15.0,16.0,1540.0,1.0
HOSP-9343,The Johns Hopkins Hospital,neurology,,1,58.0,105.0,29.0,540.0,0.0
HOSP-9343,The Johns Hopkins Hospital,rheumatology,2021-07-28,1,54.0,30.0,25.0,1250.0,1.0
HOSP-9346,The Johns Hopkins Hospital,psychiatry,2022-10-29,1,21.0,45.0,11.0,120.0,0.0
HOSP-9348,The Johns Hopkins Hospital,cardiology or internal medicine,2020-12-26,1,55.0,90.0,17.0,1440.0,0.0
HOSP-9348,The Johns Hopkins Hospital,psychiatry,,1,53.0,15.0,12.0,510.0,0.0
HOSP-9349,The Johns Hopkins Hospital,rheumatology,2023-03-19,1,8.0,30.0,2.0,1300.0,1.0
HOSP-9350,The Johns Hopkins Hospital,infectious disease or internal medicine,,1,36.0,30.0,25.0,310.0,0.0
HOSP-9352,The Johns Hopkins Hospital,allergy and immunology,,1,29.0,60.0,7.0,1460.0,0.0
HOSP-9352,The Johns Hopkins Hospital,infectious disease,2023-07-20,1,68.0,60.0,1.0,1540.0,1.0
HOSP-9352,The Johns Hopkins Hospital,oncology,2023-04-23,1,71.0,15.0,24.0,290.0,0.0
HOSP-9352,The Johns Hopkins Hospital,psychiatry,2021-10-19,1,91.0,90.0,15.0,920.0,0.0
HOSP-9354,The Johns Hopkins Hospital,pulmonology or allergy and immunology,,1,72.0,75.0,29.0,1600.0,0.0
HOSP-9355,The Johns Hopkins Hospital,allergy and immunology,2021-02-21,1,55.0,45.0,19.0,630.0,0.0
HOSP-9356,The Johns Hopkins Hospital,cardiology,2023-08-14,1,11.0,105.0,15.0,120.0,0.0
HOSP-9358,The Johns Hopkins Hospital,neurology,2020-11-19,1,80.0,105.0,24.0,130.0,1.0
HOSP-9359,The Johns Hopkins Hospital,dermatology,,1,72.0,60.0,14.0,920.0,0.0
HOSP-9359,The Johns Hopkins Hospital,infectious disease or internal medicine,2022-09-17,1,77.0,15.0,21.0,270.0,1.0
HOSP-9359,The Johns Hopkins Hospital,psychiatry,2022-06-16,1,12.0,105.0,15.0,1520.0,0.0
HOSP-9360,The Johns Hopkins Hospital,psychiatry,2020-12-29,1,3.0,105.0,24.0,360.0,0.0
HOSP-9361,The Johns Hopkins Hospital,infectious disease or internal medicine,2023-08-22,1,48.0,30.0,14.0,250.0,0.0
HOSP-9362,The Johns Hopkins Hospital,dermatology,2023-09-21,1,49.0,45.0,30.0,340.0,0.0
HOSP-9362,The Johns Hopkins Hospital,dermatology,,1,31.0,30.0,20.0,570.0,1.0
HOSP-9362,The Johns Hopkins Hospital,psychiatry,2021-09-14,1,81.0,15.0,12.0,200.0,0.0
HOSP-9363,The Johns Hopkins Hospital,psychiatry,,1,35.0,75.0,6.0,1300.0,1.0
HOSP-9363,The Johns Hopkins Hospital,pulmonology or infectious disease,2024-03-23,1,91.0,60.0,30.0,1020.0,1.0
HOSP-9363,The Johns Hopkins Hospital,pulmonology or infectious disease,,1,50.0,105.0,29.0,1200.0,1.0
HOSP-9363,The Johns Hopkins Hospital,rheumatology,2024-06-19,1,57.0,30.0,16.0,670.0,0.0
HOSP-9364,The Johns Hopkins Hospital,cardiology,2022-11-17,1,77.0,30.0,30.0,380.0,0.0
HOSP-9366,The Johns Hopkins Hospital,endocrinology,2021-05-21,1,5.0,120.0,25.0,540.0,0.0
HOSP-9366,The Johns Hopkins Hospital,pulmonology,2023-06-20,1,54.0,120.0,29.0,400.0,0.0
HOSP-9368,The Johns Hopkins Hospital,infectious disease,2021-09-18,1,5.0,75.0,10.0,1440.0,0.0
HOSP-9368,The Johns Hopkins Hospital,infectious disease,2023-12-24,1,75.0,30.0,20.0,720.0,1.0
HOSP-9369,The Johns Hopkins Hospital,pulmonology or allergy and immunology,2021-03-16,1,82.0,120.0,3.0,450.0,1.0
HOSP-9370,The Johns Hopkins Hospital,gastroenterology,,1,42.0,30.0,3.0,930.0,0.0
HOSP-9371,The Johns Hopkins Hospital,infectious disease or internal medicine,2021-08-20,1,63.0,45.0,22.0,750.0,1.0
HOSP-9371,The Johns Hopkins Hospital,rheumatology,2023-08-16,1,47.0,120.0,10.0,1200.0,0.0
HOSP-9373,The Johns Hopkins Hospital,infectious disease or internal medicine,,1,6.0,105.0,24.0,1060.0,0.0
HOSP-9373,The Johns Hopkins Hospital,rheumatology,2022-02-23,1,4.0,15.0,1.0,1350.0,0.0
HOSP-9377,The Johns Hopkins Hospital,hepatology or gastroenterology,2022-12-30,1,26.0,120.0,23.0,1260.0,0.0
HOSP-9377,The Johns Hopkins Hospital,pulmonology or allergy and immunology,2023-12-24,1,15.0,90.0,14.0,950.0,1.0
HOSP-9377,The Johns Hopkins Hospital,urology or nephrology,2023-06-18,1,61.0,60.0,18.0,480.0,0.0
HOSP-9378,The Johns Hopkins Hospital,gastroenterology,2022-02-26,1,47.0,30.0,13.0,1410.0,0.0
HOSP-9378,The Johns Hopkins Hospital,infectious disease,,1,9.0,75.0,3.0,1170.0,0.0
HOSP-9378,The Johns Hopkins Hospital,pulmonology or allergy and immunology,2023-10-13,1,0.0,60.0,4.0,990.0,0.0
HOSP-9379,The Johns Hopkins Hospital,gastroenterology,,1,7.0,30.0,8.0,260.0,0.0
HOSP-9379,The Johns Hopkins Hospital,pulmonology or infectious disease,,1,9.0,15.0,30.0,1150.0,1.0
HOSP-9380,The Johns Hopkins Hospital,oncology,2022-01-24,1,53.0,15.0,5.0,460.0,1.0
HOSP-9381,The Johns Hopkins Hospital,hepatology or gastroenterology,2022-08-31,1,46.0,30.0,22.0,1030.0,0.0
HOSP-9382,The Johns Hopkins Hospital,hepatology or gastroenterology,,1,30.0,90.0,22.0,1390.0,1.0
HOSP-9383,The Johns Hopkins Hospital,oncology,2023-03-24,1,57.0,120.0,18.0,540.0,0.0
HOSP-9383,The Johns Hopkins Hospital,pulmonology or infectious disease,,1,15.0,90.0,20.0,800.0,0.0
HOSP-9391,The Johns Hopkins Hospital,endocrinology,2021-07-16,1,82.0,60.0,12.0,470.0,0.0
HOSP-9392,The Johns Hopkins Hospital,cardiology,2022-10-13,1,81.0,60.0,19.0,1580.0,0.0
HOSP-9393,The Johns Hopkins Hospital,endocrinology,2021-09-24,1,3.0,45.0,24.0,1130.0,1.0
HOSP-9395,The Johns Hopkins Hospital,cardiology or internal medicine,2021-11-27,1,93.0,120.0,12.0,690.0,0.0
HOSP-9395,The Johns Hopkins Hospital,endocrinology,,1,0.0,15.0,18.0,570.0,1.0
HOSP-9396,The Johns Hopkins Hospital,cardiology or internal medicine,2021-08-19,1,14.0,15.0,4.0,1030.0,1.0
HOSP-9396,The Johns Hopkins Hospital,neurology,2022-07-28,1,56.0,120.0,13.0,540.0,0.0
HOSP-9398,The Johns Hopkins Hospital,neurology,2023-10-20,1,30.0,120.0,5.0,260.0,0.0
HOSP-9398,The Johns Hopkins Hospital,neurology,,1,10.0,60.0,16.0,510.0,1.0
HOSP-9399,The Johns Hopkins Hospital,psychiatry,2021-11-14,1,45.0,30.0,14.0,1580.0,0.0
HOSP-9400,The Johns Hopkins Hospital,nephrology,2020-10-19,1,81.0,30.0,4.0,230.0,0.0
HOSP-9401,The Johns Hopkins Hospital,dermatology,,1,52.0,15.0,25.0,240.0,0.0
HOSP-9401,The Johns Hopkins Hospital,hepatology or gastroenterology,2021-03-18,1,63.0,15.0,26.0,980.0,0.0
HOSP-9402,The Johns Hopkins Hospital,neurology,,1,67.0,45.0,4.0,680.0,0.0
HOSP-9402,The Johns Hopkins Hospital,rheumatology,2023-07-17,1,76.0,90.0,9.0,330.0,1.0
HOSP-9403,The Johns Hopkins Hospital,gastroenterology,2023-09-18,1,67.0,15.0,10.0,440.0,1.0
HOSP-9404,The Johns Hopkins Hospital,allergy and immunology,2023-03-26,1,58.0,45.0,6.0,1480.0,1.0
HOSP-9404,The Johns Hopkins Hospital,hepatology or gastroenterology,2023-12-28,1,48.0,60.0,30.0,1370.0,0.0
HOSP-9405,The Johns Hopkins Hospital,allergy and immunology,2022-12-17,1,39.0,30.0,17.0,310.0,1.0
HOSP-9406,The Johns Hopkins Hospital,gastroenterology,2023-06-30,1,87.0,45.0,25.0,390.0,1.0
HOSP-9406,The Johns Hopkins Hospital,nephrology,2022-12-28,1,86.0,15.0,1.0,580.0,1.0
HOSP-9406,The Johns Hopkins Hospital,rheumatology,2022-06-17,1,31.0,90.0,9.0,510.0,0.0
HOSP-9407,The Johns Hopkins Hospital,cardiology,2021-12-16,1,41.0,60.0,6.0,810.0,1.0
HOSP-9407,The Johns Hopkins Hospital,gastroenterology,,1,87.0,120.0,2.0,230.0,1.0
HOSP-9407,The Johns Hopkins Hospital,infectious disease,2022-07-28,1,91.0,90.0,16.0,460.0,0.0
HOSP-9409,The Johns Hopkins Hospital,hepatology,2024-01-13,1,68.0,75.0,22.0,210.0,0.0
HOSP-9410,The Johns Hopkins Hospital,allergy and immunology,,1,60.0,60.0,4.0,1480.0,1.0
HOSP-9412,The Johns Hopkins Hospital,endocrinology,2023-04-24,1,44.0,105.0,3.0,360.0,0.0
HOSP-9412,The Johns Hopkins Hospital,rheumatology,,1,81.0,120.0,13.0,1580.0,0.0
HOSP-9415,The Johns Hopkins Hospital,infectious disease or internal medicine,,1,23.0,105.0,21.0,500.0,0.0
HOSP-9415,The Johns Hopkins Hospital,neurology,2022-10-19,1,0.0,90.0,22.0,920.0,0.0
HOSP-9416,The Johns Hopkins Hospital,gastroenterology,2023-11-14,1,43.0,105.0,14.0,720.0,0.0
HOSP-9416,The Johns Hopkins Hospital,neurology,2022-01-25,1,71.0,90.0,4.0,740.0,1.0
HOSP-9418,The Johns Hopkins Hospital,gastroenterology,,1,87.0,105.0,6.0,1020.0,0.0
HOSP-9420,The Johns Hopkins Hospital,endocrinology,2023-05-24,1,12.0,105.0,12.0,1150.0,0.0
HOSP-9424,The Johns Hopkins Hospital,neurology,2023-08-24,1,38.0,120.0,26.0,120.0,0.0
HOSP-9425,The Johns Hopkins Hospital,gastroenterology,2023-06-16,1,22.0,45.0,22.0,780.0,1.0
HOSP-9425,The Johns Hopkins Hospital,rheumatology,,1,81.0,90.0,29.0,790.0,0.0
HOSP-9427,The Johns Hopkins Hospital,cardiology or internal medicine,2021-10-25,1,44.0,30.0,13.0,1540.0,0.0
HOSP-9427,The Johns Hopkins Hospital,neurology,2020-11-25,1,24.0,75.0,12.0,1050.0,0.0
HOSP-9430,The Johns Hopkins Hospital,neurology,2022-09-30,1,63.0,15.0,19.0,1540.0,0.0
HOSP-9430,The Johns Hopkins Hospital,neurology,,1,67.0,105.0,25.0,660.0,0.0
HOSP-9431,The Johns Hopkins Hospital,cardiology or internal medicine,2021-11-19,1,91.0,120.0,5.0,650.0,1.0
HOSP-9431,The Johns Hopkins Hospital,rheumatology,,1,36.0,120.0,8.0,1140.0,1.0
HOSP-9433,The Johns Hopkins Hospital,dermatology,,1,47.0,90.0,28.0,1150.0,0.0
HOSP-9433,The Johns Hopkins Hospital,psychiatry,2023-04-21,1,81.0,75.0,6.0,980.0,0.0
HOSP-9435,The Johns Hopkins Hospital,cardiology,2021-03-18,1,90.0,105.0,19.0,440.0,0.0
HOSP-9435,The Johns Hopkins Hospital,hepatology or gastroenterology,,1,59.0,45.0,23.0,790.0,0.0
HOSP-9436,The Johns Hopkins Hospital,infectious disease,2021-07-27,1,64.0,105.0,24.0,320.0,1.0
HOSP-9437,The Johns Hopkins Hospital,cardiology,,1,2.0,30.0,2.0,810.0,1.0
HOSP-9437,The Johns Hopkins Hospital,neurology,2024-01-29,1,6.0,60.0,23.0,1410.0,1.0
HOSP-9438,The Johns Hopkins Hospital,nephrology,2021-05-15,1,9.0,90.0,18.0,430.0,0.0
HOSP-9439,The Johns Hopkins Hospital,gastroenterology,2024-04-20,1,91.0,75.0,15.0,400.0,0.0
HOSP-9440,The Johns Hopkins Hospital,cardiology or internal medicine,,1,1.0,15.0,1.0,430.0,0.0
HOSP-9441,The Johns Hopkins Hospital,neurology,,1,17.0,45.0,7.0,170.0,1.0
HOSP-9442,The Johns Hopkins Hospital,gastroenterology,2021-03-23,1,56.0,75.0,26.0,1260.0,0.0
HOSP-9443,The Johns Hopkins Hospital,gastroenterology,,1,7.0,90.0,1.0,720.0,1.0
HOSP-9445,The Johns Hopkins Hospital,cardiology or internal medicine,2022-05-15,1,37.0,90.0,29.0,640.0,0.0
HOSP-9450,The Johns Hopkins Hospital,cardiology or internal medicine,,1,46.0,120.0,4.0,1380.0,1.0
HOSP-9450,The Johns Hopkins Hospital,neurology,2021-10-24,1,81.0,60.0,18.0,1290.0,0.0
HOSP-9450,The Johns Hopkins Hospital,psychiatry,2022-09-18,1,3.0,90.0,28.0,970.0,0.0
HOSP-9451,The Johns Hopkins Hospital,hepatology or gastroenterology,2024-06-14,1,87.0,60.0,3.0,1060.0,0.0
HOSP-9451,The Johns Hopkins Hospital,infectious disease or internal medicine,,1,80.0,30.0,1.0,660.0,0.0
HOSP-9453,The Johns Hopkins Hospital,cardiology,2024-04-19,1,84.0,30.0,29.0,290.0,1.0
HOSP-9453,The Johns Hopkins Hospital,cardiology,,1,22.0,30.0,21.0,120.0,0.0
HOSP-9453,The Johns Hopkins Hospital,hepatology or gastroenterology,,1,66.0,15.0,20.0,780.0,0.0
HOSP-9453,The Johns Hopkins Hospital,psychiatry,,1,80.0,75.0,5.0,210.0,0.0
HOSP-9453,The Johns Hopkins Hospital,rheumatology,2022-12-28,1,52.0,30.0,17.0,1500.0,0.0
HOSP-9458,The Johns Hopkins Hospital,infectious disease,2024-01-29,1,40.0,15.0,15.0,1190.0,0.0
HOSP-9458,The Johns Hopkins Hospital,neurology,,1,20.0,90.0,24.0,560.0,0.0
HOSP-9458,The Johns Hopkins Hospital,rheumatology,2020-12-22,1,42.0,120.0,10.0,1440.0,0.0
HOSP-9460,The Johns Hopkins Hospital,neurology,2022-12-29,1,62.0,120.0,26.0,1050.0,1.0
HOSP-9461,The Johns Hopkins Hospital,cardiology,2021-03-13,1,64.0,75.0,8.0,590.0,1.0
HOSP-9462,The Johns Hopkins Hospital,psychiatry,2023-07-25,1,87.0,120.0,25.0,820.0,1.0
HOSP-9463,The Johns Hopkins Hospital,allergy and immunology,2021-09-17,1,15.0,15.0,2.0,250.0,1.0
HOSP-9463,The Johns Hopkins Hospital,infectious disease,2021-04-14,1,45.0,120.0,30.0,120.0,0.0
HOSP-9463,The Johns Hopkins Hospital,neurology,,1,92.0,60.0,13.0,170.0,1.0
HOSP-9463,The Johns Hopkins Hospital,pulmonology,2022-12-20,1,73.0,120.0,24.0,130.0,0.0
HOSP-9463,The Johns Hopkins Hospital,pulmonology or infectious disease,,1,72.0,15.0,7.0,540.0,0.0
HOSP-9465,The Johns Hopkins Hospital,neurology,,1,40.0,15.0,11.0,260.0,1.0
HOSP-9467,The Johns Hopkins Hospital,gastroenterology,2022-11-23,1,25.0,120.0,17.0,670.0,0.0
HOSP-9467,The Johns Hopkins Hospital,rheumatology,2022-09-30,1,50.0,75.0,21.0,1400.0,0.0
HOSP-9468,The Johns Hopkins Hospital,pulmonology,,1,82.0,105.0,3.0,1570.0,0.0
HOSP-9469,The Johns Hopkins Hospital,infectious disease or internal medicine,,1,87.0,90.0,18.0,950.0,0.0
HOSP-9473,The Johns Hopkins Hospital,infectious disease,2021-10-13,1,57.0,120.0,28.0,1540.0,0.0
HOSP-9473,The Johns Hopkins Hospital,neurology,2023-11-15,1,46.0,105.0,9.0,900.0,0.0
HOSP-9474,The Johns Hopkins Hospital,cardiology or internal medicine,2022-08-24,1,73.0,30.0,10.0,1350.0,0.0
HOSP-9474,The Johns Hopkins Hospital,neurology,2022-04-20,1,21.0,15.0,20.0,510.0,0.0
HOSP-9475,The Johns Hopkins Hospital,pulmonology or infectious disease,,1,46.0,120.0,30.0,1600.0,0.0
HOSP-9476,The Johns Hopkins Hospital,neurology,2022-09-14,1,10.0,90.0,17.0,190.0,0.0
HOSP-9477,The Johns Hopkins Hospital,rheumatology,2021-06-20,1,72.0,30.0,29.0,1070.0,0.0
HOSP-9479,The Johns Hopkins Hospital,neurology,2023-03-20,1,53.0,90.0,23.0,1500.0,1.0
HOSP-9486,The Johns Hopkins Hospital,allergy and immunology,,1,86.0,45.0,8.0,1500.0,0.0
HOSP-9487,The Johns Hopkins Hospital,gastroenterology,2022-04-30,1,9.0,30.0,22.0,970.0,0.0
HOSP-9489,The Johns Hopkins Hospital,neurology,2023-10-19,1,22.0,30.0,17.0,630.0,0.0
HOSP-9490,The Johns Hopkins Hospital,neurology,,1,12.0,60.0,5.0,1270.0,1.0
HOSP-9491,The Johns Hopkins Hospital,neurology,2022-04-20,1,49.0,120.0,30.0,1030.0,1.0
HOSP-9493,The Johns Hopkins Hospital,neurology,,1,76.0,45.0,16.0,1110.0,1.0
HOSP-9494,The Johns Hopkins Hospital,hepatology,,1,39.0,60.0,22.0,120.0,0.0
HOSP-9495,The Johns Hopkins Hospital,gastroenterology,2020-11-25,1,75.0,75.0,2.0,260.0,1.0
HOSP-9495,The Johns Hopkins Hospital,infectious disease or internal medicine,2023-09-22,1,59.0,45.0,3.0,710.0,0.0
HOSP-9496,The Johns Hopkins Hospital,gastroenterology,,1,11.0,60.0,16.0,1530.0,0.0
HOSP-9496,The Johns Hopkins Hospital,psychiatry,2024-03-23,1,1.0,75.0,11.0,1130.0,0.0
HOSP-9497,The Johns Hopkins Hospital,allergy and immunology,,1,24.0,75.0,19.0,1010.0,0.0
HOSP-9497,The Johns Hopkins Hospital,cardiology,2021-08-13,1,37.0,75.0,30.0,580.0,0.0
HOSP-9498,The Johns Hopkins Hospital,endocrinology,,1,72.0,90.0,2.0,620.0,0.0
HOSP-9499,The Johns Hopkins Hospital,infectious disease,2022-06-23,1,53.0,120.0,10.0,1440.0,0.0
HOSP-9499,The Johns Hopkins Hospital,neurology,2022-10-14,1,15.0,105.0,21.0,1070.0,0.0
HOSP-9499,The Johns Hopkins Hospital,neurology,2022-11-23,1,38.0,30.0,9.0,1230.0,0.0
HOSP-9501,The Johns Hopkins Hospital,neurology,2020-12-21,1,19.0,15.0,7.0,1360.0,1.0
HOSP-9503,The Johns Hopkins Hospital,allergy and immunology,,1,18.0,15.0,8.0,100.0,1.0
HOSP-9503,The Johns Hopkins Hospital,pulmonology,2020-11-30,1,75.0,105.0,28.0,520.0,1.0
HOSP-9505,The Johns Hopkins Hospital,gastroenterology,2020-08-16,1,66.0,15.0,16.0,1080.0,0.0
HOSP-9506,The Johns Hopkins Hospital,nephrology,2024-05-24,1,85.0,90.0,12.0,860.0,1.0
HOSP-9506,The Johns Hopkins Hospital,pulmonology,2022-04-25,1,46.0,60.0,24.0,1060.0,0.0
HOSP-9507,The Johns Hopkins Hospital,psychiatry,,1,46.0,120.0,18.0,1570.0,1.0
HOSP-9507,The Johns Hopkins Hospital,rheumatology,,1,86.0,60.0,16.0,550.0,0.0
HOSP-9509,The Johns Hopkins Hospital,oncology,,1,55.0,105.0,5.0,350.0,1.0
HOSP-9511,The Johns Hopkins Hospital,cardiology,2021-04-19,1,81.0,15.0,14.0,320.0,0.0
HOSP-9512,The Johns Hopkins Hospital,cardiology or internal medicine,2021-05-29,1,94.0,15.0,5.0,310.0,0.0
HOSP-9512,The Johns Hopkins Hospital,pulmonology,2021-03-17,1,50.0,60.0,3.0,890.0,1.0
HOSP-9512,The Johns Hopkins Hospital,pulmonology or allergy and immunology,2024-01-31,1,94.0,90.0,3.0,570.0,0.0
HOSP-9514,The Johns Hopkins Hospital,pulmonology,2021-07-20,1,42.0,60.0,12.0,360.0,0.0
HOSP-9514,The Johns Hopkins Hospital,rheumatology,,1,35.0,60.0,17.0,190.0,0.0
HOSP-9515,The Johns Hopkins Hospital,allergy and immunology,,1,67.0,120.0,16.0,120.0,0.0
HOSP-9515,The Johns Hopkins Hospital,pulmonology or allergy and immunology,2021-08-15,1,48.0,105.0,25.0,440.0,0.0
HOSP-9516,The Johns Hopkins Hospital,neurology,2021-10-15,1,88.0,120.0,11.0,940.0,1.0
HOSP-9517,The Johns Hopkins Hospital,rheumatology,2021-09-23,1,39.0,15.0,10.0,310.0,1.0
HOSP-9518,The Johns Hopkins Hospital,pulmonology or infectious disease,,1,17.0,75.0,14.0,810.0,0.0
HOSP-9521,The Johns Hopkins Hospital,hepatology,2022-09-25,1,29.0,45.0,23.0,180.0,1.0
HOSP-9524,The Johns Hopkins Hospital,allergy and immunology,2021-10-21,1,19.0,45.0,22.0,1190.0,1.0
HOSP-9524,The Johns Hopkins Hospital,hepatology or gastroenterology,2024-01-28,1,20.0,30.0,21.0,850.0,1.0
HOSP-9524,The Johns Hopkins Hospital,nephrology,2020-12-18,1,6.0,60.0,9.0,900.0,1.0
HOSP-9525,The Johns Hopkins Hospital,pulmonology,2021-10-13,1,78.0,90.0,24.0,820.0,0.0
HOSP-9526,The Johns Hopkins Hospital,infectious disease or internal medicine,,1,22.0,45.0,10.0,1290.0,1.0
HOSP-9527,The Johns Hopkins Hospital,oncology,,1,65.0,90.0,20.0,470.0,0.0
HOSP-9531,The Johns Hopkins Hospital,infectious disease or internal medicine,,1,25.0,75.0,24.0,180.0,0.0
HOSP-9532,The Johns Hopkins Hospital,oncology,,1,82.0,90.0,27.0,810.0,0.0
HOSP-9532,The Johns Hopkins Hospital,rheumatology,,1,18.0,15.0,30.0,1520.0,1.0
HOSP-9533,The Johns Hopkins Hospital,allergy and immunology,2024-05-22,1,24.0,15.0,8.0,320.0,1.0
HOSP-9533,The Johns Hopkins Hospital,gastroenterology,2023-09-19,1,83.0,30.0,2.0,800.0,0.0
HOSP-9533,The Johns Hopkins Hospital,infectious disease or internal medicine,2022-03-16,1,2.0,30.0,7.0,1530.0,0.0
HOSP-9534,The Johns Hopkins Hospital,oncology,2021-11-28,1,62.0,105.0,14.0,630.0,0.0
HOSP-9534,The Johns Hopkins Hospital,pulmonology or allergy and immunology,2020-10-31,1,92.0,90.0,30.0,920.0,1.0
HOSP-9534,The Johns Hopkins Hospital,rheumatology,,1,76.0,15.0,25.0,420.0,1.0
HOSP-9535,The Johns Hopkins Hospital,gastroenterology,,1,64.0,45.0,8.0,1380.0,0.0
HOSP-9535,The Johns Hopkins Hospital,psychiatry,2021-07-13,1,35.0,90.0,19.0,590.0,1.0
HOSP-9536,The Johns Hopkins Hospital,gastroenterology,2021-03-21,1,95.0,105.0,23.0,400.0,0.0
HOSP-9536,The Johns Hopkins Hospital,pulmonology or infectious disease,2020-10-25,1,57.0,90.0,16.0,110.0,0.0
HOSP-9538,The Johns Hopkins Hospital,dermatology,2024-02-22,1,50.0,75.0,9.0,700.0,0.0
HOSP-9539,The Johns Hopkins Hospital,hepatology or gastroenterology,2023-04-13,1,49.0,15.0,10.0,460.0,0.0
HOSP-9539,The Johns Hopkins Hospital,neurology,2022-08-30,1,47.0,90.0,7.0,1100.0,0.0
HOSP-9540,The Johns Hopkins Hospital,gastroenterology,2020-12-28,1,19.0,120.0,25.0,990.0,0.0
HOSP-9542,The Johns Hopkins Hospital,pulmonology or infectious disease,2023-01-18,1,18.0,15.0,22.0,910.0,0.0
HOSP-9546,The Johns Hopkins Hospital,infectious disease,2024-01-13,1,38.0,105.0,10.0,1120.0,0.0
HOSP-9546,The Johns Hopkins Hospital,rheumatology,,1,86.0,90.0,15.0,840.0,0.0
HOSP-9547,The Johns Hopkins Hospital,infectious disease,,2,32.5,82.5,10.5,490.0,0.0
HOSP-9548,The Johns Hopkins Hospital,neurology,2021-09-30,1,88.0,60.0,28.0,1520.0,0.0
HOSP-9549,The Johns Hopkins Hospital,gastroenterology,2024-06-15,1,19.0,105.0,9.0,150.0,1.0
HOSP-9549,The Johns Hopkins Hospital,pulmonology or allergy and immunology,2023-07-31,1,45.0,120.0,18.0,240.0,0.0
HOSP-9552,The Johns Hopkins Hospital,cardiology or internal medicine,2023-06-26,1,17.0,120.0,3.0,320.0,0.0
HOSP-9552,The Johns Hopkins Hospital,neurology,2024-03-30,1,3.0,30.0,7.0,1400.0,0.0
HOSP-9554,The Johns Hopkins Hospital,infectious disease,2022-10-19,1,56.0,120.0,23.0,290.0,0.0
HOSP-9554,The Johns Hopkins Hospital,psychiatry,2024-06-26,1,18.0,45.0,21.0,340.0,0.0
HOSP-9555,The Johns Hopkins Hospital,gastroenterology,2024-05-14,1,73.0,30.0,1.0,700.0,0.0
HOSP-9555,The Johns Hopkins Hospital,infectious disease,2022-07-20,1,28.0,120.0,6.0,1510.0,0.0
HOSP-9556,The Johns Hopkins Hospital,infectious disease,2023-06-26,1,50.0,90.0,19.0,430.0,0.0
HOSP-9556,The Johns Hopkins Hospital,psychiatry,2023-09-14,1,3.0,30.0,26.0,400.0,0.0
HOSP-9557,The Johns Hopkins Hospital,gastroenterology,2023-06-29,1,58.0,60.0,28.0,510.0,0.0
HOSP-9557,The Johns Hopkins Hospital,neurology,2020-11-27,1,54.0,45.0,25.0,870.0,0.0
HOSP-9558,The Johns Hopkins Hospital,neurology,2020-09-26,1,75.0,15.0,10.0,1490.0,0.0
HOSP-9559,The Johns Hopkins Hospital,gastroenterology,,1,86.0,30.0,14.0,1590.0,1.0
HOSP-9561,The Johns Hopkins Hospital,gastroenterology,,1,2.0,45.0,11.0,170.0,0.0
HOSP-9561,The Johns Hopkins Hospital,neurology,2023-10-14,1,83.0,75.0,10.0,1330.0,0.0
HOSP-9563,The Johns Hopkins Hospital,gastroenterology,2024-02-24,1,74.0,60.0,1.0,1360.0,0.0
HOSP-9564,The Johns Hopkins Hospital,oncology,2022-03-21,1,84.0,90.0,24.0,1070.0,1.0
HOSP-9565,The Johns Hopkins Hospital,dermatology,2021-09-29,1,58.0,90.0,6.0,800.0,0.0
HOSP-9566,The Johns Hopkins Hospital,cardiology,2023-01-19,1,94.0,60.0,25.0,910.0,1.0
HOSP-9566,The Johns Hopkins Hospital,psychiatry,2021-02-22,1,69.0,30.0,29.0,560.0,0.0
HOSP-9567,The Johns Hopkins Hospital,infectious disease,2022-05-20,1,29.0,105.0,22.0,1310.0,0.0
HOSP-9567,The Johns Hopkins Hospital,urology or nephrology,,1,89.0,30.0,18.0,420.0,1.0
HOSP-9570,The Johns Hopkins Hospital,gastroenterology,2022-07-19,1,86.0,45.0,24.0,260.0,0.0
HOSP-9571,The Johns Hopkins Hospital,psychiatry,,1,33.0,105.0,20.0,1240.0,1.0
HOSP-9571,The Johns Hopkins Hospital,rheumatology,2023-01-17,1,40.0,90.0,20.0,190.0,0.0
HOSP-9573,The Johns Hopkins Hospital,dermatology,2020-09-17,1,47.0,120.0,15.0,640.0,0.0
HOSP-9574,The Johns Hopkins Hospital,dermatology,,1,2.0,75.0,20.0,1310.0,1.0
HOSP-9574,The Johns Hopkins Hospital,pulmonology or allergy and immunology,2022-09-23,1,46.0,15.0,18.0,1010.0,0.0
HOSP-9576,The Johns Hopkins Hospital,neurology,,1,72.0,60.0,18.0,930.0,1.0
HOSP-9577,The Johns Hopkins Hospital,cardiology or internal medicine,2021-11-25,1,10.0,105.0,15.0,800.0,0.0
HOSP-9577,The Johns Hopkins Hospital,neurology,2023-08-14,1,1.0,30.0,25.0,1090.0,0.0
HOSP-9577,The Johns Hopkins Hospital,neurology,,1,17.0,90.0,6.0,1260.0,0.0
HOSP-9577,The Johns Hopkins Hospital,pulmonology,2022-06-29,1,13.0,30.0,17.0,530.0,0.0
HOSP-9579,The Johns Hopkins Hospital,pulmonology,,1,80.0,45.0,25.0,1210.0,0.0
HOSP-9581,The Johns Hopkins Hospital,gastroenterology,2023-10-20,1,90.0,105.0,18.0,580.0,1.0
HOSP-9584,The Johns Hopkins Hospital,nephrology,,1,12.0,120.0,28.0,690.0,0.0
HOSP-9585,The Johns Hopkins Hospital,infectious disease or internal medicine,,1,33.0,30.0,27.0,620.0,0.0
HOSP-9587,The Johns Hopkins Hospital,psychiatry,2023-09-25,1,74.0,15.0,5.0,170.0,0.0
HOSP-9588,The Johns Hopkins Hospital,neurology,2023-01-21,1,66.0,75.0,22.0,1250.0,0.0
HOSP-9589,The Johns Hopkins Hospital,hepatology,,1,91.0,75.0,16.0,540.0,0.0
HOSP-9589,The Johns Hopkins Hospital,psychiatry,2022-05-27,1,89.0,75.0,23.0,1160.0,0.0
HOSP-9590,The Johns Hopkins Hospital,infectious disease or internal medicine,2024-05-30,1,78.0,90.0,15.0,1550.0,0.0
HOSP-9590,The Johns Hopkins Hospital,neurology,2022-10-13,1,29.0,30.0,17.0,590.0,1.0
HOSP-9591,The Johns Hopkins Hospital,infectious disease or internal medicine,,1,30.0,120.0,1.0,520.0,0.0
HOSP-9592,The Johns Hopkins Hospital,endocrinology,2021-08-26,1,59.0,60.0,27.0,900.0,0.0
HOSP-9593,The Johns Hopkins Hospital,neurology,,1,15.0,45.0,26.0,1210.0,1.0
HOSP-9594,The Johns Hopkins Hospital,infectious disease or internal medicine,,1,76.0,15.0,23.0,1390.0,0.0
HOSP-9595,The Johns Hopkins Hospital,rheumatology,2023-09-18,1,75.0,45.0,20.0,530.0,0.0
HOSP-9596,The Johns Hopkins Hospital,cardiology,2020-10-18,1,42.0,15.0,29.0,560.0,0.0
HOSP-9596,The Johns Hopkins Hospital,neurology,,1,33.0,105.0,16.0,120.0,0.0
HOSP-9597,The Johns Hopkins Hospital,endocrinology,,1,89.0,15.0,30.0,1520.0,1.0
HOSP-9598,The Johns Hopkins Hospital,psychiatry,,1,13.0,60.0,17.0,990.0,1.0
HOSP-9600,The Johns Hopkins Hospital,cardiology,,1,19.0,75.0,30.0,420.0,0.0
HOSP-9600,The Johns Hopkins Hospital,infectious disease or internal medicine,,1,84.0,75.0,7.0,390.0,1.0
HOSP-9601,The Johns Hopkins Hospital,nephrology,,1,12.0,75.0,23.0,1360.0,1.0
HOSP-9601,The Johns Hopkins Hospital,neurology,,1,64.0,45.0,6.0,410.0,1.0
HOSP-9602,The Johns Hopkins Hospital,allergy and immunology,,1,24.0,75.0,2.0,270.0,1.0
HOSP-9603,The Johns Hopkins Hospital,neurology,2021-10-23,1,26.0,105.0,13.0,220.0,0.0
HOSP-9604,The Johns Hopkins Hospital,neurology,,1,27.0,105.0,21.0,340.0,0.0
HOSP-9605,The Johns Hopkins Hospital,endocrinology,,1,46.0,45.0,25.0,1490.0,0.0
HOSP-9605,The Johns Hopkins Hospital,gastroenterology,2022-03-26,1,5.0,60.0,9.0,1010.0,0.0
HOSP-9605,The Johns Hopkins Hospital,neurology,,1,6.0,90.0,2.0,480.0,0.0
HOSP-9605,The Johns Hopkins Hospital,urology or nephrology,2021-11-21,1,36.0,75.0,22.0,1310.0,1.0
HOSP-9607,The Johns Hopkins Hospital,allergy and immunology,2023-06-15,1,66.0,75.0,15.0,920.0,1.0
HOSP-9608,The Johns Hopkins Hospital,infectious disease or internal medicine,,1,80.0,15.0,18.0,280.0,0.0
HOSP-9608,The Johns Hopkins Hospital,psychiatry,,1,75.0,30.0,13.0,670.0,0.0
HOSP-9609,The Johns Hopkins Hospital,infectious disease,,1,29.0,105.0,27.0,1120.0,1.0
HOSP-9610,The Johns Hopkins Hospital,allergy and immunology,,1,49.0,105.0,19.0,1220.0,0.0
HOSP-9610,The Johns Hopkins Hospital,psychiatry,2021-08-19,1,66.0,15.0,14.0,280.0,0.0
HOSP-9611,The Johns Hopkins Hospital,pulmonology,2023-06-21,1,65.0,60.0,19.0,1260.0,1.0
HOSP-9611,The Johns Hopkins Hospital,rheumatology,2020-09-14,1,14.0,75.0,28.0,1540.0,1.0
HOSP-9612,The Johns Hopkins Hospital,neurology,,1,78.0,60.0,30.0,1440.0,0.0
HOSP-9612,The Johns Hopkins Hospital,pulmonology or allergy and immunology,,1,63.0,45.0,4.0,1030.0,0.0
HOSP-9613,The Johns Hopkins Hospital,allergy and immunology,,1,26.0,30.0,14.0,1430.0,0.0
HOSP-9615,The Johns Hopkins Hospital,pulmonology or infectious disease,,1,56.0,90.0,14.0,240.0,1.0
HOSP-9616,The Johns Hopkins Hospital,cardiology or internal medicine,,1,5.0,75.0,20.0,1390.0,0.0
HOSP-9616,The Johns Hopkins Hospital,infectious disease,2021-05-13,1,24.0,60.0,11.0,920.0,1.0
HOSP-9616,The Johns Hopkins Hospital,neurology,,1,65.0,30.0,16.0,970.0,0.0
HOSP-9616,The Johns Hopkins Hospital,rheumatology,,1,22.0,105.0,1.0,890.0,0.0
HOSP-9617,The Johns Hopkins Hospital,cardiology,2024-01-30,1,86.0,105.0,19.0,570.0,0.0
HOSP-9619,The Johns Hopkins Hospital,infectious disease,2023-02-14,1,24.0,105.0,18.0,380.0,1.0
HOSP-9620,The Johns Hopkins Hospital,hepatology,2021-08-19,1,25.0,60.0,6.0,410.0,0.0
HOSP-9620,The Johns Hopkins Hospital,infectious disease,2024-02-14,1,84.0,90.0,22.0,780.0,1.0
HOSP-9620,The Johns Hopkins Hospital,neurology,,1,75.0,90.0,1.0,640.0,1.0
HOSP-9620,The Johns Hopkins Hospital,psychiatry,,1,83.0,120.0,9.0,1580.0,0.0
HOSP-9620,The Johns Hopkins Hospital,rheumatology,,1,60.0,105.0,27.0,1200.0,1.0
HOSP-9620,The Johns Hopkins Hospital,urology or nephrology,2021-08-21,1,69.0,30.0,15.0,250.0,1.0
HOSP-9621,The Johns Hopkins Hospital,neurology,,1,30.0,30.0,22.0,880.0,0.0
HOSP-9622,The Johns Hopkins Hospital,neurology,2023-10-31,1,5.0,60.0,5.0,250.0,0.0
HOSP-9622,The Johns Hopkins Hospital,neurology,,1,48.0,90.0,18.0,450.0,0.0
HOSP-9623,The Johns Hopkins Hospital,infectious disease or internal medicine,2021-02-27,1,19.0,75.0,3.0,570.0,0.0
HOSP-9623,The Johns Hopkins Hospital,neurology,2022-08-30,1,17.0,60.0,1.0,610.0,0.0
HOSP-9625,The Johns Hopkins Hospital,neurology,2020-12-24,1,60.0,30.0,30.0,600.0,1.0
HOSP-9628,The Johns Hopkins Hospital,neurology,2022-06-24,1,21.0,30.0,17.0,1560.0,1.0
HOSP-9628,The Johns Hopkins Hospital,oncology,,1,41.0,60.0,23.0,1260.0,0.0
HOSP-9628,The Johns Hopkins Hospital,pulmonology,2020-09-29,1,59.0,90.0,3.0,1030.0,0.0
HOSP-9629,The Johns Hopkins Hospital,gastroenterology,2020-08-21,1,31.0,75.0,8.0,650.0,1.0
HOSP-9629,The Johns Hopkins Hospital,hepatology,2023-12-23,1,69.0,75.0,9.0,420.0,1.0
HOSP-9630,The Johns Hopkins Hospital,infectious disease or internal medicine,,1,26.0,120.0,3.0,1180.0,0.0
HOSP-9630,The Johns Hopkins Hospital,neurology,2022-11-22,1,42.0,30.0,3.0,1440.0,0.0
HOSP-9630,The Johns Hopkins Hospital,rheumatology,,2,54.5,30.0,12.5,780.0,1.0
HOSP-9631,The Johns Hopkins Hospital,neurology,,1,22.0,90.0,15.0,1060.0,1.0
HOSP-9632,The Johns Hopkins Hospital,cardiology,2020-08-26,1,9.0,120.0,28.0,1500.0,0.0
HOSP-9632,The Johns Hopkins Hospital,rheumatology,,1,33.0,30.0,28.0,150.0,0.0
HOSP-9633,The Johns Hopkins Hospital,pulmonology,,1,31.0,15.0,22.0,150.0,0.0
HOSP-9635,The Johns Hopkins Hospital,infectious disease,,1,3.0,105.0,24.0,930.0,1.0
HOSP-9636,The Johns Hopkins Hospital,infectious disease or internal medicine,2021-08-29,1,9.0,30.0,26.0,1170.0,1.0
HOSP-9637,The Johns Hopkins Hospital,oncology,,1,36.0,15.0,10.0,1230.0,0.0
HOSP-9639,The Johns Hopkins Hospital,psychiatry,,1,15.0,75.0,28.0,1210.0,0.0
HOSP-9641,The Johns Hopkins Hospital,cardiology or internal medicine,2021-09-23,1,54.0,75.0,26.0,400.0,0.0
HOSP-9642,The Johns Hopkins Hospital,pulmonology or infectious disease,,1,53.0,75.0,4.0,530.0,1.0
HOSP-9643,The Johns Hopkins Hospital,psychiatry,,1,66.0,90.0,10.0,380.0,0.0
HOSP-9645,The Johns Hopkins Hospital,oncology,2022-07-25,1,3.0,60.0,24.0,1010.0,0.0
HOSP-9645,The Johns Hopkins Hospital,psychiatry,2024-05-26,1,73.0,15.0,22.0,1540.0,1.0
HOSP-9646,The Johns Hopkins Hospital,neurology,2021-10-27,1,12.0,75.0,16.0,1480.0,1.0
HOSP-9647,The Johns Hopkins Hospital,neurology,2021-09-15,1,80.0,15.0,26.0,100.0,0.0
HOSP-9648,The Johns Hopkins Hospital,psychiatry,2023-07-17,1,56.0,90.0,7.0,970.0,0.0
HOSP-9649,The Johns Hopkins Hospital,gastroenterology,2020-08-18,1,93.0,60.0,17.0,1020.0,0.0
HOSP-9650,The Johns Hopkins Hospital,oncology,2024-07-20,1,88.0,120.0,15.0,1400.0,0.0
HOSP-9655,The Johns Hopkins Hospital,rheumatology,2023-03-25,1,95.0,120.0,19.0,1160.0,0.0
HOSP-9656,The Johns Hopkins Hospital,infectious disease or internal medicine,2023-12-25,1,92.0,105.0,12.0,1500.0,1.0
HOSP-9656,The Johns Hopkins Hospital,neurology,2022-01-15,1,84.0,60.0,5.0,750.0,0.0
HOSP-9656,The Johns Hopkins Hospital,neurology,2023-11-18,1,2.0,30.0,23.0,810.0,0.0
HOSP-9661,The Johns Hopkins Hospital,neurology,,1,72.0,30.0,13.0,1250.0,0.0
HOSP-9661,The Johns Hopkins Hospital,pulmonology,2020-12-18,1,50.0,45.0,8.0,1300.0,0.0
HOSP-9662,The Johns Hopkins Hospital,cardiology or internal medicine,2021-07-17,1,47.0,120.0,15.0,290.0,0.0
HOSP-9662,The Johns Hopkins Hospital,oncology,,1,71.0,90.0,24.0,500.0,0.0
HOSP-9666,The Johns Hopkins Hospital,nephrology,2021-07-30,1,20.0,120.0,1.0,1270.0,0.0
HOSP-9667,The Johns Hopkins Hospital,endocrinology,,1,90.0,105.0,13.0,780.0,0.0
HOSP-9667,The Johns Hopkins Hospital,gastroenterology,2020-09-14,1,2.0,90.0,10.0,180.0,0.0
HOSP-9667,The Johns Hopkins Hospital,gastroenterology,2023-08-22,1,10.0,60.0,12.0,370.0,1.0
HOSP-9667,The Johns Hopkins Hospital,psychiatry,2023-08-31,1,1.0,30.0,19.0,1160.0,0.0
HOSP-9667,The Johns Hopkins Hospital,rheumatology,2021-11-20,1,67.0,60.0,14.0,820.0,1.0
HOSP-9668,The Johns Hopkins Hospital,psychiatry,2020-07-26,1,7.0,30.0,16.0,1170.0,0.0
HOSP-9670,The Johns Hopkins Hospital,neurology,2022-01-18,1,27.0,15.0,11.0,1350.0,1.0
HOSP-9671,The Johns Hopkins Hospital,pulmonology or allergy and immunology,2022-08-13,1,95.0,105.0,5.0,150.0,1.0
HOSP-9673,The Johns Hopkins Hospital,endocrinology,2021-09-14,1,27.0,30.0,23.0,810.0,1.0
HOSP-9673,The Johns Hopkins Hospital,gastroenterology,2023-06-25,1,46.0,90.0,24.0,1490.0,1.0
HOSP-9673,The Johns Hopkins Hospital,gastroenterology,,1,32.0,105.0,20.0,620.0,0.0
HOSP-9674,The Johns Hopkins Hospital,neurology,2022-10-31,1,34.0,105.0,27.0,770.0,0.0
HOSP-9674,The Johns Hopkins Hospital,rheumatology,2022-02-17,1,44.0,60.0,25.0,510.0,0.0
HOSP-9675,The Johns Hopkins Hospital,infectious disease or internal medicine,2022-02-27,1,65.0,60.0,29.0,680.0,1.0
HOSP-9675,The Johns Hopkins Hospital,psychiatry,,1,50.0,45.0,21.0,950.0,0.0
HOSP-9675,The Johns Hopkins Hospital,pulmonology or infectious disease,,1,43.0,75.0,24.0,1470.0,0.0
HOSP-9676,The Johns Hopkins Hospital,endocrinology,,1,19.0,60.0,27.0,520.0,1.0
HOSP-9677,The Johns Hopkins Hospital,neurology,2023-05-21,1,8.0,75.0,14.0,940.0,1.0
HOSP-9678,The Johns Hopkins Hospital,infectious disease,2023-04-29,1,73.0,60.0,29.0,1000.0,0.0
HOSP-9679,The Johns Hopkins Hospital,nephrology,2024-03-17,1,33.0,60.0,7.0,410.0,0.0
HOSP-9681,The Johns Hopkins Hospital,dermatology,2022-04-21,1,19.0,90.0,23.0,900.0,1.0
HOSP-9681,The Johns Hopkins Hospital,hepatology or gastroenterology,2021-10-13,1,18.0,30.0,19.0,370.0,1.0
HOSP-9681,The Johns Hopkins Hospital,oncology,2023-02-25,1,25.0,75.0,7.0,1010.0,1.0
HOSP-9681,The Johns Hopkins Hospital,pulmonology or allergy and immunology,2023-10-26,1,49.0,75.0,17.0,190.0,0.0
HOSP-9681,The Johns Hopkins Hospital,pulmonology or allergy and immunology,,1,15.0,60.0,25.0,1260.0,1.0
HOSP-9682,The Johns Hopkins Hospital,endocrinology,2024-01-17,1,33.0,15.0,4.0,1150.0,0.0
HOSP-9684,The Johns Hopkins Hospital,nephrology,,1,18.0,75.0,9.0,240.0,0.0
HOSP-9685,The Johns Hopkins Hospital,neurology,2023-02-19,1,30.0,30.0,22.0,790.0,0.0
HOSP-9686,The Johns Hopkins Hospital,hepatology or gastroenterology,2023-01-20,1,83.0,15.0,16.0,450.0,0.0
HOSP-9688,The Johns Hopkins Hospital,cardiology or internal medicine,,1,53.0,45.0,20.0,1460.0,1.0
HOSP-9688,The Johns Hopkins Hospital,endocrinology,2022-12-23,1,3.0,15.0,5.0,260.0,1.0
HOSP-9688,The Johns Hopkins Hospital,psychiatry,2020-07-25,1,46.0,105.0,19.0,1150.0,1.0
HOSP-9691,The Johns Hopkins Hospital,allergy and immunology,2023-06-19,1,52.0,45.0,14.0,1400.0,1.0
HOSP-9691,The Johns Hopkins Hospital,gastroenterology,,1,41.0,30.0,2.0,680.0,1.0
HOSP-9692,The Johns Hopkins Hospital,infectious disease or internal medicine,,1,63.0,75.0,4.0,810.0,0.0
HOSP-9693,The Johns Hopkins Hospital,gastroenterology,2021-08-13,1,67.0,120.0,18.0,790.0,0.0
HOSP-9693,The Johns Hopkins Hospital,psychiatry,,1,59.0,60.0,12.0,1410.0,1.0
HOSP-9694,The Johns Hopkins Hospital,dermatology,2023-05-29,1,90.0,105.0,21.0,320.0,0.0
HOSP-9694,The Johns Hopkins Hospital,infectious disease or internal medicine,2021-08-29,1,0.0,75.0,9.0,820.0,0.0
HOSP-9695,The Johns Hopkins Hospital,hepatology,2023-08-30,1,78.0,60.0,3.0,570.0,0.0
HOSP-9696,The Johns Hopkins Hospital,hepatology or gastroenterology,2020-09-26,1,69.0,60.0,6.0,120.0,0.0
HOSP-9696,The Johns Hopkins Hospital,neurology,2020-10-27,1,4.0,15.0,22.0,180.0,1.0
HOSP-9697,The Johns Hopkins Hospital,psychiatry,2021-04-20,1,87.0,45.0,25.0,1000.0,0.0
HOSP-9698,The Johns Hopkins Hospital,pulmonology,,1,20.0,30.0,8.0,1410.0,0.0
HOSP-9699,The Johns Hopkins Hospital,endocrinology,2023-05-25,1,53.0,90.0,20.0,1420.0,1.0
HOSP-9700,The Johns Hopkins Hospital,pulmonology or allergy and immunology,,1,52.0,30.0,17.0,680.0,1.0
HOSP-9701,The Johns Hopkins Hospital,oncology,,1,37.0,75.0,24.0,710.0,0.0
HOSP-9701,The Johns Hopkins Hospital,pulmonology,2022-04-15,1,70.0,90.0,23.0,670.0,0.0
HOSP-9702,The Johns Hopkins Hospital,rheumatology,,1,60.0,90.0,27.0,190.0,0.0
HOSP-9704,The Johns Hopkins Hospital,rheumatology,2023-12-23,1,7.0,30.0,22.0,600.0,1.0
HOSP-9704,The Johns Hopkins Hospital,rheumatology,,1,36.0,15.0,19.0,430.0,1.0
HOSP-9705,The Johns Hopkins Hospital,gastroenterology,2022-08-29,1,73.0,15.0,9.0,1380.0,0.0
HOSP-9706,The Johns Hopkins Hospital,cardiology or internal medicine,2021-10-31,1,68.0,75.0,27.0,1050.0,1.0
HOSP-9706,The Johns Hopkins Hospital,cardiology or internal medicine,,1,52.0,15.0,29.0,330.0,0.0
HOSP-9706,The Johns Hopkins Hospital,pulmonology,,1,24.0,15.0,9.0,700.0,0.0
HOSP-9707,The Johns Hopkins Hospital,gastroenterology,2024-02-24,1,70.0,60.0,16.0,220.0,0.0
HOSP-9707,The Johns Hopkins Hospital,neurology,2023-05-25,1,37.0,15.0,1.0,250.0,0.0
HOSP-9710,The Johns Hopkins Hospital,neurology,,1,75.0,105.0,8.0,780.0,1.0
HOSP-9712,The Johns Hopkins Hospital,oncology,2023-07-18,1,0.0,30.0,13.0,1180.0,1.0
HOSP-9714,The Johns Hopkins Hospital,cardiology or internal medicine,2023-09-18,1,25.0,45.0,17.0,510.0,1.0
HOSP-9714,The Johns Hopkins Hospital,endocrinology,2020-09-23,1,0.0,15.0,8.0,340.0,0.0
HOSP-9715,The Johns Hopkins Hospital,cardiology,2021-05-23,1,64.0,120.0,14.0,1420.0,0.0
HOSP-9715,The Johns Hopkins Hospital,pulmonology,,1,57.0,60.0,19.0,600.0,0.0
HOSP-9717,The Johns Hopkins Hospital,cardiology,2024-05-19,1,77.0,30.0,9.0,1500.0,0.0
HOSP-9719,The Johns Hopkins Hospital,gastroenterology,2022-11-14,1,93.0,90.0,12.0,1300.0,1.0
HOSP-9719,The Johns Hopkins Hospital,psychiatry,2023-12-21,1,84.0,15.0,18.0,1130.0,0.0
HOSP-9720,The Johns Hopkins Hospital,infectious disease,2020-11-30,1,54.0,105.0,9.0,220.0,0.0
HOSP-9720,The Johns Hopkins Hospital,rheumatology,,1,82.0,90.0,19.0,140.0,0.0
HOSP-9723,The Johns Hopkins Hospital,neurology,2023-04-16,1,73.0,105.0,11.0,480.0,1.0
HOSP-9723,The Johns Hopkins Hospital,psychiatry,,1,69.0,120.0,9.0,220.0,1.0
HOSP-9723,The Johns Hopkins Hospital,pulmonology,2023-01-19,1,58.0,60.0,26.0,300.0,0.0
HOSP-9725,The Johns Hopkins Hospital,oncology,2022-03-30,1,89.0,30.0,4.0,320.0,0.0
HOSP-9725,The Johns Hopkins Hospital,pulmonology,2023-12-19,1,25.0,120.0,2.0,640.0,0.0
HOSP-9727,The Johns Hopkins Hospital,rheumatology,,1,5.0,60.0,17.0,1230.0,0.0
HOSP-9728,The Johns Hopkins Hospital,infectious disease or internal medicine,2023-05-31,1,21.0,15.0,21.0,1370.0,0.0
HOSP-9728,The Johns Hopkins Hospital,pulmonology,2024-07-13,1,93.0,45.0,26.0,1390.0,0.0
HOSP-9730,The Johns Hopkins Hospital,nephrology,2021-07-22,1,69.0,105.0,17.0,600.0,0.0
HOSP-9730,The Johns Hopkins Hospital,rheumatology,2023-09-30,1,39.0,75.0,12.0,800.0,1.0
HOSP-9732,The Johns Hopkins Hospital,gastroenterology,2024-03-30,1,69.0,30.0,30.0,1560.0,0.0
HOSP-9734,The Johns Hopkins Hospital,pulmonology,2023-12-27,1,27.0,90.0,1.0,910.0,0.0
HOSP-9735,The Johns Hopkins Hospital,cardiology,2020-07-24,1,24.0,120.0,5.0,820.0,1.0
HOSP-9735,The Johns Hopkins Hospital,nephrology,2023-05-26,1,78.0,45.0,17.0,430.0,0.0
HOSP-9735,The Johns Hopkins Hospital,pulmonology or infectious disease,,1,67.0,90.0,13.0,1110.0,0.0
HOSP-9736,The Johns Hopkins Hospital,infectious disease or internal medicine,,1,56.0,60.0,16.0,640.0,0.0
HOSP-9736,The Johns Hopkins Hospital,neurology,2023-01-24,1,10.0,30.0,15.0,1110.0,1.0
HOSP-9738,The Johns Hopkins Hospital,gastroenterology,,1,69.0,120.0,4.0,1370.0,1.0
HOSP-9738,The Johns Hopkins Hospital,neurology,2021-08-15,1,78.0,120.0,1.0,1580.0,0.0
HOSP-9738,The Johns Hopkins Hospital,oncology,,1,19.0,120.0,28.0,1380.0,0.0
HOSP-9738,The Johns Hopkins Hospital,pulmonology or infectious disease,2023-02-23,1,22.0,120.0,5.0,1400.0,1.0
HOSP-9740,The Johns Hopkins Hospital,neurology,2022-04-19,1,76.0,30.0,1.0,460.0,0.0
HOSP-9740,The Johns Hopkins Hospital,pulmonology,,1,30.0,120.0,22.0,360.0,1.0
HOSP-9741,The Johns Hopkins Hospital,neurology,2022-03-23,1,24.0,15.0,18.0,1510.0,1.0
HOSP-9742,The Johns Hopkins Hospital,dermatology,2024-03-18,1,41.0,45.0,21.0,1130.0,1.0
HOSP-9742,The Johns Hopkins Hospital,dermatology,,1,38.0,60.0,4.0,650.0,0.0
HOSP-9743,The Johns Hopkins Hospital,infectious disease or internal medicine,2022-04-29,1,63.0,30.0,18.0,130.0,0.0
HOSP-9743,The Johns Hopkins Hospital,neurology,2022-09-25,1,60.0,120.0,30.0,1380.0,0.0
HOSP-9745,The Johns Hopkins Hospital,pulmonology or allergy and immunology,,1,94.0,120.0,19.0,640.0,1.0
HOSP-9747,The Johns Hopkins Hospital,infectious disease or internal medicine,2021-06-30,1,57.0,120.0,1.0,100.0,0.0
HOSP-9748,The Johns Hopkins Hospital,gastroenterology,2023-09-22,1,39.0,60.0,14.0,700.0,1.0
HOSP-9748,The Johns Hopkins Hospital,hepatology or gastroenterology,2020-08-22,1,8.0,45.0,4.0,1510.0,0.0
HOSP-9750,The Johns Hopkins Hospital,gastroenterology,,1,54.0,60.0,30.0,1300.0,1.0
HOSP-9753,The Johns Hopkins Hospital,allergy and immunology,2022-02-27,1,37.0,120.0,15.0,230.0,1.0
HOSP-9753,The Johns Hopkins Hospital,dermatology,2021-05-31,1,90.0,30.0,22.0,1180.0,0.0
HOSP-9756,The Johns Hopkins Hospital,hepatology,2023-12-22,1,64.0,60.0,12.0,870.0,1.0
HOSP-9758,The Johns Hopkins Hospital,endocrinology,2022-11-30,1,39.0,15.0,27.0,680.0,0.0
HOSP-9758,The Johns Hopkins Hospital,neurology,,1,68.0,105.0,5.0,350.0,1.0
HOSP-9759,The Johns Hopkins Hospital,pulmonology or infectious disease,,1,75.0,45.0,10.0,1580.0,0.0
HOSP-9760,The Johns Hopkins Hospital,gastroenterology,,1,7.0,105.0,18.0,1490.0,1.0
HOSP-9761,The Johns Hopkins Hospital,psychiatry,2023-01-28,1,22.0,105.0,2.0,320.0,1.0
HOSP-9762,The Johns Hopkins Hospital,infectious disease,2023-01-15,1,6.0,90.0,3.0,900.0,0.0
HOSP-9762,The Johns Hopkins Hospital,neurology,2024-02-23,1,59.0,90.0,30.0,1470.0,1.0
HOSP-9764,The Johns Hopkins Hospital,cardiology,,1,50.0,90.0,3.0,1540.0,1.0
HOSP-9765,The Johns Hopkins Hospital,neurology,,1,74.0,90.0,20.0,560.0,0.0
HOSP-9766,The Johns Hopkins Hospital,allergy and immunology,2020-07-29,1,37.0,30.0,19.0,1080.0,0.0
HOSP-9766,The Johns Hopkins Hospital,nephrology,2022-08-23,1,50.0,120.0,15.0,1590.0,0.0
HOSP-9767,The Johns Hopkins Hospital,gastroenterology,,1,47.0,60.0,13.0,1370.0,0.0
HOSP-9768,The Johns Hopkins Hospital,urology or nephrology,2023-08-16,1,16.0,60.0,21.0,840.0,0.0
HOSP-9770,The Johns Hopkins Hospital,cardiology or internal medicine,,1,28.0,30.0,24.0,1340.0,1.0
HOSP-9771,The Johns Hopkins Hospital,gastroenterology,,1,1.0,120.0,29.0,210.0,0.0
HOSP-9773,The Johns Hopkins Hospital,neurology,2021-05-21,1,86.0,45.0,7.0,1320.0,1.0
HOSP-9774,The Johns Hopkins Hospital,cardiology or internal medicine,,1,15.0,30.0,13.0,1190.0,0.0
HOSP-9774,The Johns Hopkins Hospital,psychiatry,2023-04-30,1,8.0,105.0,17.0,740.0,1.0
HOSP-9775,The Johns Hopkins Hospital,dermatology,2023-03-20,1,50.0,120.0,9.0,1280.0,1.0
HOSP-9777,The Johns Hopkins Hospital,hepatology,2021-11-27,1,36.0,120.0,1.0,660.0,0.0
HOSP-9779,The Johns Hopkins Hospital,gastroenterology,,1,72.0,30.0,9.0,940.0,0.0
HOSP-9782,The Johns Hopkins Hospital,hepatology or gastroenterology,2021-09-26,1,95.0,120.0,18.0,390.0,0.0
HOSP-9783,The Johns Hopkins Hospital,oncology,2023-08-31,1,3.0,120.0,20.0,270.0,1.0
HOSP-9783,The Johns Hopkins Hospital,psychiatry,2020-11-26,1,92.0,60.0,1.0,1160.0,0.0
HOSP-9784,The Johns Hopkins Hospital,cardiology,,1,95.0,120.0,30.0,520.0,1.0
HOSP-9784,The Johns Hopkins Hospital,gastroenterology,2020-07-29,1,77.0,60.0,2.0,1360.0,0.0
HOSP-9784,The Johns Hopkins Hospital,psychiatry,2023-07-26,1,32.0,30.0,26.0,290.0,0.0
HOSP-9785,The Johns Hopkins Hospital,gastroenterology,2021-07-28,1,16.0,75.0,6.0,230.0,0.0
HOSP-9785,The Johns Hopkins Hospital,hepatology,2021-08-25,1,60.0,60.0,11.0,1290.0,0.0
HOSP-9785,The Johns Hopkins Hospital,urology or nephrology,,1,69.0,15.0,2.0,1010.0,0.0
HOSP-9787,The Johns Hopkins Hospital,gastroenterology,2023-09-24,1,44.0,60.0,14.0,750.0,1.0
HOSP-9789,The Johns Hopkins Hospital,psychiatry,2023-11-27,1,10.0,15.0,8.0,1570.0,1.0
HOSP-9790,The Johns Hopkins Hospital,neurology,2021-04-21,1,4.0,120.0,5.0,860.0,1.0
HOSP-9792,The Johns Hopkins Hospital,endocrinology,,1,53.0,30.0,18.0,1510.0,1.0
HOSP-9793,The Johns Hopkins Hospital,rheumatology,2022-12-13,1,43.0,120.0,29.0,1380.0,0.0
HOSP-9798,The Johns Hopkins Hospital,cardiology,2021-09-25,1,9.0,30.0,5.0,880.0,1.0
HOSP-9799,The Johns Hopkins Hospital,allergy and immunology,2021-11-17,1,39.0,120.0,14.0,700.0,1.0
HOSP-9799,The Johns Hopkins Hospital,gastroenterology,2023-09-18,1,77.0,60.0,13.0,1010.0,0.0
HOSP-9799,The Johns Hopkins Hospital,rheumatology,2024-04-17,1,1.0,90.0,10.0,1200.0,0.0
HOSP-9801,The Johns Hopkins Hospital,urology or nephrology,,1,5.0,60.0,2.0,830.0,0.0
HOSP-9802,The Johns Hopkins Hospital,allergy and immunology,,1,43.0,30.0,27.0,340.0,0.0
HOSP-9802,The Johns Hopkins Hospital,hepatology or gastroenterology,2023-06-29,1,19.0,75.0,3.0,540.0,0.0
HOSP-9802,The Johns Hopkins Hospital,nephrology,,1,24.0,45.0,14.0,480.0,0.0
HOSP-9803,The Johns Hopkins Hospital,cardiology or internal medicine,,1,22.0,30.0,14.0,1260.0,1.0
HOSP-9804,The Johns Hopkins Hospital,neurology,2021-04-15,1,15.0,30.0,3.0,1240.0,0.0
HOSP-9806,The Johns Hopkins Hospital,pulmonology or allergy and immunology,2023-04-17,1,58.0,105.0,7.0,140.0,0.0
HOSP-9807,The Johns Hopkins Hospital,gastroenterology,2024-05-30,1,4.0,60.0,13.0,430.0,1.0
HOSP-9808,The Johns Hopkins Hospital,gastroenterology,2020-11-20,1,87.0,105.0,16.0,1440.0,1.0
HOSP-9808,The Johns Hopkins Hospital,neurology,2021-03-25,1,57.0,90.0,6.0,1050.0,1.0
HOSP-9810,The Johns Hopkins Hospital,neurology,2024-07-19,1,17.0,60.0,3.0,160.0,0.0
HOSP-9811,The Johns Hopkins Hospital,cardiology,,1,23.0,45.0,13.0,570.0,1.0
HOSP-9811,The Johns Hopkins Hospital,neurology,2021-10-18,1,23.0,45.0,21.0,1470.0,0.0
HOSP-9812,The Johns Hopkins Hospital,cardiology,2021-09-25,1,63.0,30.0,5.0,120.0,1.0
HOSP-9812,The Johns Hopkins Hospital,neurology,2021-03-19,1,79.0,45.0,21.0,1180.0,0.0
HOSP-9812,The Johns Hopkins Hospital,rheumatology,,1,41.0,45.0,8.0,660.0,0.0
HOSP-9813,The Johns Hopkins Hospital,pulmonology,,1,42.0,105.0,6.0,1110.0,0.0
HOSP-9814,The Johns Hopkins Hospital,neurology,,1,65.0,30.0,18.0,1470.0,0.0
HOSP-9815,The Johns Hopkins Hospital,cardiology or internal medicine,2022-11-23,1,12.0,60.0,10.0,750.0,1.0
HOSP-9815,The Johns Hopkins Hospital,endocrinology,,1,22.0,45.0,2.0,380.0,1.0
HOSP-9815,The Johns Hopkins Hospital,neurology,2021-03-30,1,74.0,60.0,23.0,1060.0,0.0
HOSP-9816,The Johns Hopkins Hospital,infectious disease or internal medicine,2021-04-24,1,93.0,90.0,30.0,420.0,1.0
HOSP-9819,The Johns Hopkins Hospital,infectious disease,2022-02-16,1,35.0,105.0,9.0,1430.0,0.0
HOSP-9819,The Johns Hopkins Hospital,pulmonology or allergy and immunology,,1,7.0,30.0,11.0,1340.0,1.0
HOSP-9821,The Johns Hopkins Hospital,cardiology or internal medicine,2021-11-14,1,5.0,120.0,17.0,1590.0,0.0
HOSP-9821,The Johns Hopkins Hospital,rheumatology,,1,6.0,30.0,3.0,990.0,1.0
HOSP-9822,The Johns Hopkins Hospital,neurology,,1,8.0,15.0,2.0,950.0,0.0
HOSP-9822,The Johns Hopkins Hospital,urology or nephrology,,1,84.0,45.0,2.0,570.0,0.0
HOSP-9825,The Johns Hopkins Hospital,hepatology or gastroenterology,2024-04-20,1,79.0,120.0,26.0,1380.0,1.0
HOSP-9825,The Johns Hopkins Hospital,infectious disease or internal medicine,2020-10-24,1,2.0,75.0,5.0,1030.0,1.0
HOSP-9825,The Johns Hopkins Hospital,infectious disease or internal medicine,2023-06-20,1,41.0,120.0,16.0,390.0,0.0
HOSP-9826,The Johns Hopkins Hospital,infectious disease or internal medicine,,1,59.0,90.0,28.0,1470.0,1.0
HOSP-9829,The Johns Hopkins Hospital,gastroenterology,,1,43.0,15.0,11.0,1600.0,0.0
HOSP-9830,The Johns Hopkins Hospital,infectious disease or internal medicine,2024-04-26,1,29.0,15.0,24.0,1190.0,1.0
HOSP-9831,The Johns Hopkins Hospital,cardiology,,1,41.0,30.0,10.0,1230.0,1.0
HOSP-9831,The Johns Hopkins Hospital,infectious disease or internal medicine,,1,88.0,30.0,1.0,690.0,1.0
HOSP-9831,The Johns Hopkins Hospital,pulmonology or allergy and immunology,,1,40.0,30.0,22.0,280.0,0.0
HOSP-9831,The Johns Hopkins Hospital,rheumatology,,1,93.0,75.0,26.0,1130.0,0.0
HOSP-9832,The Johns Hopkins Hospital,allergy and immunology,,1,71.0,105.0,3.0,790.0,1.0
HOSP-9832,The Johns Hopkins Hospital,pulmonology or allergy and immunology,,1,38.0,120.0,10.0,1270.0,1.0
HOSP-9832,The Johns Hopkins Hospital,pulmonology or infectious disease,2023-06-14,1,44.0,90.0,22.0,1540.0,0.0
HOSP-9833,The Johns Hopkins Hospital,dermatology,,1,90.0,15.0,16.0,1430.0,1.0
HOSP-9833,The Johns Hopkins Hospital,endocrinology,,1,31.0,120.0,22.0,410.0,0.0
HOSP-9834,The Johns Hopkins Hospital,neurology,2022-06-15,1,20.0,45.0,28.0,1440.0,1.0
HOSP-9834,The Johns Hopkins Hospital,neurology,,1,61.0,30.0,11.0,1260.0,0.0
HOSP-9835,The Johns Hopkins Hospital,psychiatry,2023-02-25,1,36.0,75.0,21.0,1050.0,1.0
HOSP-9836,The Johns Hopkins Hospital,infectious disease or internal medicine,,1,52.0,90.0,7.0,490.0,1.0
HOSP-9836,The Johns Hopkins Hospital,pulmonology or infectious disease,2022-12-19,1,69.0,75.0,20.0,440.0,0.0
HOSP-9836,The Johns Hopkins Hospital,rheumatology,2020-10-30,1,66.0,45.0,25.0,150.0,1.0
HOSP-9838,The Johns Hopkins Hospital,gastroenterology,2020-08-15,1,82.0,45.0,25.0,290.0,0.0
HOSP-9838,The Johns Hopkins Hospital,neurology,2023-06-16,1,57.0,90.0,9.0,310.0,1.0
HOSP-9839,The Johns Hopkins Hospital,neurology,,1,8.0,30.0,29.0,650.0,0.0
HOSP-9839,The Johns Hopkins Hospital,rheumatology,2023-08-15,1,20.0,75.0,5.0,1510.0,0.0
HOSP-9840,The Johns Hopkins Hospital,psychiatry,2023-05-13,1,76.0,90.0,7.0,1250.0,0.0
HOSP-9841,The Johns Hopkins Hospital,gastroenterology,,1,90.0,90.0,17.0,700.0,0.0
HOSP-9842,The Johns Hopkins Hospital,pulmonology or allergy and immunology,,1,44.0,105.0,23.0,670.0,0.0
HOSP-9843,The Johns Hopkins Hospital,neurology,2021-06-16,1,72.0,60.0,25.0,660.0,0.0
HOSP-9843,The Johns Hopkins Hospital,pulmonology or infectious disease,,1,5.0,75.0,6.0,950.0,1.0
HOSP-9848,The Johns Hopkins Hospital,dermatology,2020-10-15,1,34.0,45.0,25.0,790.0,0.0
HOSP-9848,The Johns Hopkins Hospital,pulmonology or infectious disease,,1,42.0,75.0,6.0,150.0,1.0
HOSP-9848,The Johns Hopkins Hospital,rheumatology,,1,40.0,60.0,16.0,100.0,0.0
HOSP-9849,The Johns Hopkins Hospital,psychiatry,,1,48.0,15.0,26.0,310.0,1.0
HOSP-9851,The Johns Hopkins Hospital,allergy and immunology,,1,51.0,15.0,30.0,910.0,0.0
HOSP-9852,The Johns Hopkins Hospital,endocrinology,,1,41.0,30.0,6.0,960.0,1.0
HOSP-9852,The Johns Hopkins Hospital,gastroenterology,2022-02-14,1,27.0,120.0,21.0,210.0,1.0
HOSP-9852,The Johns Hopkins Hospital,infectious disease or internal medicine,2023-03-19,1,76.0,120.0,14.0,1140.0,0.0
HOSP-9853,The Johns Hopkins Hospital,hepatology or gastroenterology,2023-06-24,1,53.0,60.0,1.0,950.0,0.0
HOSP-9853,The Johns Hopkins Hospital,psychiatry,2021-07-16,1,62.0,90.0,18.0,220.0,0.0
HOSP-9854,The Johns Hopkins Hospital,infectious disease or internal medicine,,1,63.0,15.0,5.0,1390.0,1.0
HOSP-9854,The Johns Hopkins Hospital,psychiatry,,1,71.0,30.0,18.0,1470.0,0.0
HOSP-9855,The Johns Hopkins Hospital,neurology,,1,37.0,75.0,14.0,360.0,0.0
HOSP-9855,The Johns Hopkins Hospital,rheumatology,2022-04-16,1,1.0,45.0,18.0,610.0,0.0
HOSP-9856,The Johns Hopkins Hospital,cardiology or internal medicine,2020-09-17,1,20.0,30.0,3.0,580.0,1.0
HOSP-9856,The Johns Hopkins Hospital,gastroenterology,2024-05-28,1,20.0,120.0,20.0,800.0,0.0
HOSP-9856,The Johns Hopkins Hospital,nephrology,2024-06-27,1,79.0,90.0,8.0,460.0,0.0
HOSP-9858,The Johns Hopkins Hospital,endocrinology,2021-07-20,1,14.0,15.0,27.0,200.0,0.0
HOSP-9858,The Johns Hopkins Hospital,infectious disease or internal medicine,2020-09-20,1,81.0,75.0,22.0,190.0,0.0
HOSP-9859,The Johns Hopkins Hospital,infectious disease or internal medicine,2022-04-17,1,49.0,30.0,5.0,870.0,1.0
HOSP-9860,The Johns Hopkins Hospital,oncology,,1,92.0,120.0,1.0,130.0,1.0
HOSP-9861,The Johns Hopkins Hospital,hepatology or gastroenterology,2021-03-24,1,10.0,105.0,23.0,940.0,0.0
HOSP-9861,The Johns Hopkins Hospital,neurology,2021-03-13,1,69.0,45.0,16.0,1100.0,0.0
HOSP-9862,The Johns Hopkins Hospital,endocrinology,,1,66.0,30.0,7.0,500.0,0.0
HOSP-9862,The Johns Hopkins Hospital,neurology,2020-07-30,1,21.0,45.0,3.0,900.0,0.0
HOSP-9862,The Johns Hopkins Hospital,oncology,2023-09-27,1,13.0,120.0,16.0,850.0,0.0
HOSP-9862,The Johns Hopkins Hospital,urology or nephrology,2022-08-21,1,37.0,120.0,22.0,930.0,1.0
HOSP-9863,The Johns Hopkins Hospital,gastroenterology,,1,82.0,15.0,23.0,250.0,0.0
HOSP-9865,The Johns Hopkins Hospital,cardiology or internal medicine,2022-02-19,1,54.0,30.0,12.0,350.0,0.0
HOSP-9866,The Johns Hopkins Hospital,psychiatry,,1,29.0,105.0,20.0,1010.0,1.0
HOSP-9866,The Johns Hopkins Hospital,pulmonology,,1,26.0,15.0,14.0,120.0,1.0
HOSP-9867,The Johns Hopkins Hospital,cardiology or internal medicine,,1,89.0,30.0,7.0,1260.0,0.0
HOSP-9870,The Johns Hopkins Hospital,nephrology,,1,8.0,15.0,24.0,1070.0,1.0
HOSP-9872,The Johns Hopkins Hospital,cardiology or internal medicine,2022-06-30,1,11.0,45.0,15.0,900.0,0.0
HOSP-9872,The Johns Hopkins Hospital,gastroenterology,2022-09-28,1,32.0,60.0,1.0,650.0,1.0
HOSP-9872,The Johns Hopkins Hospital,gastroenterology,2022-12-16,1,21.0,45.0,2.0,100.0,0.0
HOSP-9873,The Johns Hopkins Hospital,oncology,,1,10.0,30.0,7.0,780.0,1.0
HOSP-9873,The Johns Hopkins Hospital,pulmonology or allergy and immunology,2021-02-20,1,67.0,30.0,15.0,1540.0,0.0
HOSP-9873,The Johns Hopkins Hospital,rheumatology,2024-01-30,1,49.0,90.0,29.0,1110.0,0.0
HOSP-9876,The Johns Hopkins Hospital,pulmonology or allergy and immunology,,1,46.0,15.0,25.0,970.0,0.0
HOSP-9877,The Johns Hopkins Hospital,rheumatology,2024-03-23,1,55.0,105.0,14.0,1270.0,0.0
HOSP-9878,The Johns Hopkins Hospital,dermatology,,1,78.0,90.0,6.0,1430.0,0.0
HOSP-9878,The Johns Hopkins Hospital,rheumatology,,1,28.0,45.0,30.0,290.0,0.0
HOSP-9879,The Johns Hopkins Hospital,hepatology or gastroenterology,,1,1.0,120.0,21.0,1530.0,0.0
HOSP-9879,The Johns Hopkins Hospital,neurology,2022-03-26,1,34.0,120.0,21.0,990.0,1.0
HOSP-9880,The Johns Hopkins Hospital,oncology,,1,24.0,30.0,1.0,340.0,0.0
HOSP-9882,The Johns Hopkins Hospital,gastroenterology,2022-06-25,1,58.0,120.0,18.0,1140.0,1.0
HOSP-9882,The Johns Hopkins Hospital,neurology,2022-03-30,1,34.0,90.0,29.0,1010.0,1.0
HOSP-9882,The Johns Hopkins Hospital,psychiatry,,1,49.0,60.0,2.0,390.0,0.0
HOSP-9883,The Johns Hopkins Hospital,infectious disease or internal medicine,,1,70.0,30.0,23.0,880.0,0.0
HOSP-9883,The Johns Hopkins Hospital,rheumatology,2021-12-18,1,44.0,120.0,30.0,950.0,0.0
HOSP-9884,The Johns Hopkins Hospital,allergy and immunology,,1,32.0,30.0,13.0,1050.0,0.0
HOSP-9884,The Johns Hopkins Hospital,rheumatology,2021-10-28,1,25.0,90.0,21.0,1350.0,1.0
HOSP-9885,The Johns Hopkins Hospital,pulmonology or allergy and immunology,2024-01-25,1,85.0,15.0,23.0,800.0,1.0
HOSP-9885,The Johns Hopkins Hospital,rheumatology,,1,29.0,60.0,10.0,1330.0,0.0
HOSP-9886,The Johns Hopkins Hospital,cardiology,,1,16.0,120.0,13.0,100.0,0.0
HOSP-9887,The Johns Hopkins Hospital,dermatology,2023-02-21,1,4.0,45.0,1.0,740.0,0.0
HOSP-9887,The Johns Hopkins Hospital,neurology,2024-03-19,1,32.0,30.0,5.0,120.0,0.0
HOSP-9888,The Johns Hopkins Hospital,neurology,2023-06-18,1,46.0,105.0,8.0,340.0,0.0
HOSP-9888,The Johns Hopkins Hospital,neurology,,1,55.0,60.0,16.0,1090.0,1.0
HOSP-9890,The Johns Hopkins Hospital,hepatology,,1,6.0,105.0,27.0,1390.0,0.0
HOSP-9890,The Johns Hopkins Hospital,infectious disease or internal medicine,2024-02-18,1,86.0,60.0,5.0,260.0,0.0
HOSP-9891,The Johns Hopkins Hospital,neurology,2023-09-13,1,4.0,45.0,5.0,950.0,0.0
HOSP-9895,The Johns Hopkins Hospital,hepatology or gastroenterology,,1,36.0,30.0,3.0,520.0,0.0
HOSP-9896,The Johns Hopkins Hospital,infectious disease or internal medicine,,1,81.0,30.0,30.0,710.0,0.0
HOSP-9898,The Johns Hopkins Hospital,allergy and immunology,,1,11.0,45.0,9.0,750.0,1.0
HOSP-9898,The Johns Hopkins Hospital,gastroenterology,2024-02-21,1,60.0,75.0,4.0,100.0,0.0
HOSP-9898,The Johns Hopkins Hospital,infectious disease or internal medicine,2021-12-25,1,71.0,15.0,7.0,820.0,0.0
HOSP-9899,The Johns Hopkins Hospital,allergy and immunology,2021-08-26,1,31.0,90.0,9.0,400.0,0.0
HOSP-9899,The Johns Hopkins Hospital,hepatology or gastroenterology,2020-08-23,1,11.0,30.0,7.0,340.0,1.0
HOSP-9900,The Johns Hopkins Hospital,neurology,2023-07-19,1,52.0,30.0,26.0,1080.0,1.0
HOSP-9900,The Johns Hopkins Hospital,oncology,2021-09-17,1,46.0,90.0,21.0,1420.0,0.0
HOSP-9901,The Johns Hopkins Hospital,allergy and immunology,,1,82.0,30.0,1.0,710.0,1.0
HOSP-9901,The Johns Hopkins Hospital,oncology,,1,83.0,120.0,3.0,830.0,1.0
HOSP-9903,The Johns Hopkins Hospital,cardiology,2023-12-23,1,74.0,15.0,27.0,350.0,1.0
HOSP-9903,The Johns Hopkins Hospital,pulmonology or allergy and immunology,2022-06-25,1,42.0,120.0,7.0,810.0,0.0
HOSP-9904,The Johns Hopkins Hospital,hepatology or gastroenterology,2023-03-17,1,4.0,105.0,10.0,1330.0,1.0
HOSP-9904,The Johns Hopkins Hospital,neurology,,1,28.0,60.0,23.0,930.0,1.0
HOSP-9908,The Johns Hopkins Hospital,pulmonology or allergy and immunology,2021-08-22,1,3.0,120.0,20.0,1120.0,0.0
HOSP-9909,The Johns Hopkins Hospital,allergy and immunology,,1,26.0,120.0,8.0,610.0,1.0
HOSP-9909,The Johns Hopkins Hospital,endocrinology,,1,83.0,30.0,20.0,1420.0,0.0
HOSP-9909,The Johns Hopkins Hospital,neurology,2020-10-13,1,12.0,120.0,21.0,340.0,1.0
HOSP-9911,The Johns Hopkins Hospital,hepatology or gastroenterology,2022-11-16,1,50.0,105.0,30.0,1590.0,0.0
HOSP-9913,The Johns Hopkins Hospital,dermatology,2022-09-19,1,16.0,60.0,7.0,1160.0,0.0
HOSP-9914,The Johns Hopkins Hospital,hepatology or gastroenterology,2022-07-30,1,32.0,60.0,14.0,1140.0,0.0
HOSP-9915,The Johns Hopkins Hospital,cardiology,,1,25.0,30.0,10.0,490.0,1.0
HOSP-9916,The Johns Hopkins Hospital,hepatology or gastroenterology,2023-12-19,1,45.0,90.0,17.0,100.0,0.0
HOSP-9916,The Johns Hopkins Hospital,pulmonology or allergy and immunology,2024-07-14,1,31.0,45.0,30.0,1540.0,0.0
HOSP-9918,The Johns Hopkins Hospital,oncology,2022-03-22,1,39.0,60.0,23.0,1420.0,1.0
HOSP-9918,The Johns Hopkins Hospital,rheumatology,,1,95.0,15.0,19.0,1470.0,1.0
HOSP-9920,The Johns Hopkins Hospital,infectious disease or internal medicine,2021-04-19,1,83.0,30.0,13.0,1210.0,0.0
HOSP-9920,The Johns Hopkins Hospital,urology or nephrology,2024-04-28,1,46.0,15.0,25.0,570.0,0.0
HOSP-9923,The Johns Hopkins Hospital,cardiology or internal medicine,2020-08-20,1,67.0,90.0,4.0,890.0,0.0
HOSP-9923,The Johns Hopkins Hospital,pulmonology or allergy and immunology,2023-02-14,1,60.0,15.0,15.0,1380.0,1.0
HOSP-9925,The Johns Hopkins Hospital,gastroenterology,2021-06-15,1,1.0,60.0,19.0,660.0,0.0
HOSP-9926,The Johns Hopkins Hospital,hepatology,,1,44.0,15.0,3.0,1470.0,1.0
HOSP-9928,The Johns Hopkins Hospital,hepatology,,1,12.0,60.0,15.0,1470.0,0.0
HOSP-9930,The Johns Hopkins Hospital,pulmonology or allergy and immunology,2023-11-30,1,59.0,75.0,18.0,1090.0,0.0
HOSP-9931,The Johns Hopkins Hospital,gastroenterology,,1,14.0,105.0,24.0,430.0,1.0
HOSP-9931,The Johns Hopkins Hospital,hepatology or gastroenterology,2022-07-23,1,20.0,30.0,17.0,1510.0,0.0
HOSP-9931,The Johns Hopkins Hospital,infectious disease,2022-01-25,1,94.0,30.0,25.0,1210.0,1.0
HOSP-9933,The Johns Hopkins Hospital,urology or nephrology,,1,27.0,30.0,6.0,1000.0,1.0
HOSP-9934,The Johns Hopkins Hospital,hepatology or gastroenterology,2022-01-31,1,84.0,90.0,4.0,1230.0,0.0
HOSP-9934,The Johns Hopkins Hospital,psychiatry,2023-01-29,1,88.0,45.0,14.0,520.0,1.0
HOSP-9937,The Johns Hopkins Hospital,hepatology or gastroenterology,2020-12-19,1,90.0,120.0,26.0,1240.0,1.0
HOSP-9938,The Johns Hopkins Hospital,infectious disease,,1,84.0,30.0,4.0,280.0,0.0
HOSP-9940,The Johns Hopkins Hospital,nephrology,2020-12-28,1,25.0,90.0,3.0,1150.0,1.0
HOSP-9943,The Johns Hopkins Hospital,neurology,2022-12-13,1,79.0,120.0,20.0,590.0,1.0
HOSP-9944,The Johns Hopkins Hospital,cardiology or internal medicine,,1,41.0,60.0,27.0,750.0,0.0
HOSP-9944,The Johns Hopkins Hospital,gastroenterology,,1,5.0,90.0,13.0,1180.0,0.0
HOSP-9945,The Johns Hopkins Hospital,gastroenterology,2020-09-16,1,94.0,105.0,26.0,100.0,0.0
HOSP-9945,The Johns Hopkins Hospital,rheumatology,2021-03-14,1,77.0,15.0,30.0,720.0,0.0
HOSP-9946,The Johns Hopkins Hospital,pulmonology or infectious disease,2021-08-21,1,36.0,60.0,29.0,1530.0,0.0
HOSP-9947,The Johns Hopkins Hospital,neurology,,1,75.0,45.0,27.0,840.0,1.0
HOSP-9948,The Johns Hopkins Hospital,psychiatry,2022-04-25,1,32.0,30.0,21.0,870.0,1.0
HOSP-9949,The Johns Hopkins Hospital,gastroenterology,,1,81.0,30.0,4.0,1470.0,0.0
HOSP-9950,The Johns Hopkins Hospital,pulmonology or allergy and immunology,,1,41.0,15.0,9.0,890.0,0.0
HOSP-9953,The Johns Hopkins Hospital,cardiology,2022-04-25,1,50.0,45.0,5.0,840.0,0.0
HOSP-9953,The Johns Hopkins Hospital,gastroenterology,,1,91.0,30.0,5.0,1370.0,0.0
HOSP-9955,The Johns Hopkins Hospital,cardiology or internal medicine,,1,72.0,105.0,18.0,1230.0,0.0
HOSP-9957,The Johns Hopkins Hospital,cardiology,2022-01-22,1,7.0,15.0,17.0,1360.0,1.0
HOSP-9957,The Johns Hopkins Hospital,neurology,,1,37.0,90.0,5.0,840.0,1.0
HOSP-9957,The Johns Hopkins Hospital,pulmonology,2021-07-24,1,84.0,60.0,30.0,710.0,1.0
HOSP-9959,The Johns Hopkins Hospital,allergy and immunology,2021-02-15,1,12.0,60.0,12.0,1400.0,1.0
HOSP-9960,The Johns Hopkins Hospital,allergy and immunology,,1,31.0,75.0,3.0,920.0,0.0
HOSP-9960,The Johns Hopkins Hospital,cardiology,,1,48.0,75.0,14.0,280.0,0.0
HOSP-9961,The Johns Hopkins Hospital,endocrinology,,1,72.0,15.0,12.0,1460.0,1.0
HOSP-9961,The Johns Hopkins Hospital,neurology,2020-08-17,1,35.0,90.0,9.0,670.0,0.0
HOSP-9966,The Johns Hopkins Hospital,infectious disease or internal medicine,,1,57.0,90.0,25.0,1030.0,0.0
HOSP-9966,The Johns Hopkins Hospital,neurology,2024-01-13,1,1.0,90.0,19.0,1040.0,0.0
HOSP-9966,The Johns Hopkins Hospital,rheumatology,2023-09-24,1,44.0,120.0,30.0,660.0,0.0
HOSP-9967,The Johns Hopkins Hospital,pulmonology,,1,52.0,60.0,1.0,1410.0,1.0
HOSP-9969,The Johns Hopkins Hospital,pulmonology or allergy and immunology,2022-09-28,1,69.0,90.0,20.0,480.0,1.0
HOSP-9970,The Johns Hopkins Hospital,gastroenterology,2023-11-24,1,29.0,105.0,17.0,690.0,1.0
HOSP-9971,The Johns Hopkins Hospital,pulmonology or allergy and immunology,2020-09-26,1,24.0,75.0,2.0,820.0,0.0
HOSP-9972,The Johns Hopkins Hospital,neurology,,1,37.0,15.0,2.0,1280.0,0.0
HOSP-9974,The Johns Hopkins Hospital,urology or nephrology,2023-08-17,1,66.0,120.0,1.0,1500.0,1.0
HOSP-9975,The Johns Hopkins Hospital,psychiatry,2020-08-21,1,46.0,120.0,3.0,800.0,0.0
HOSP-9976,The Johns Hopkins Hospital,gastroenterology,2022-11-28,1,12.0,105.0,9.0,1520.0,0.0
HOSP-9977,The Johns Hopkins Hospital,hepatology or gastroenterology,2021-03-18,1,64.0,90.0,5.0,1230.0,1.0
HOSP-9977,The Johns Hopkins Hospital,rheumatology,2022-05-15,1,66.0,105.0,23.0,900.0,1.0
HOSP-9978,The Johns Hopkins Hospital,neurology,2020-09-17,1,63.0,120.0,1.0,570.0,0.0
HOSP-9979,The Johns Hopkins Hospital,urology or nephrology,2024-04-16,1,84.0,105.0,6.0,1050.0,1.0
HOSP-9980,The Johns Hopkins Hospital,infectious disease,,1,63.0,120.0,15.0,1080.0,1.0
HOSP-9980,The Johns Hopkins Hospital,neurology,2024-03-23,1,1.0,120.0,7.0,740.0,1.0
HOSP-9981,The Johns Hopkins Hospital,urology or nephrology,2024-05-24,1,86.0,120.0,2.0,1070.0,0.0
HOSP-9982,The Johns Hopkins Hospital,hepatology,2023-08-21,1,61.0,120.0,8.0,600.0,0.0
HOSP-9984,The Johns Hopkins Hospital,cardiology,2024-03-30,1,20.0,75.0,9.0,220.0,1.0
HOSP-9984,The Johns Hopkins Hospital,cardiology or internal medicine,,1,1.0,15.0,6.0,1190.0,0.0
HOSP-9984,The Johns Hopkins Hospital,nephrology,2021-09-23,1,88.0,90.0,23.0,1530.0,1.0
HOSP-9985,The Johns Hopkins Hospital,gastroenterology,,1,19.0,120.0,22.0,750.0,0.0
HOSP-9985,The Johns Hopkins Hospital,psychiatry,2020-12-27,1,1.0,120.0,27.0,930.0,1.0
HOSP-9985,The Johns Hopkins Hospital,urology or nephrology,2020-11-20,1,30.0,30.0,4.0,470.0,0.0
HOSP-9986,The Johns Hopkins Hospital,neurology,2023-07-24,1,9.0,120.0,20.0,990.0,0.0
HOSP-9987,The Johns Hopkins Hospital,oncology,2023-03-25,1,26.0,30.0,6.0,1210.0,0.0
HOSP-9987,The Johns Hopkins Hospital,pulmonology,,1,72.0,75.0,16.0,940.0,0.0
HOSP-9988,The Johns Hopkins Hospital,gastroenterology,,1,58.0,75.0,14.0,1510.0,0.0
HOSP-9989,The Johns Hopkins Hospital,cardiology or internal medicine,,1,47.0,45.0,18.0,810.0,0.0
HOSP-9989,The Johns Hopkins Hospital,infectious disease or internal medicine,2021-05-28,1,31.0,15.0,27.0,1420.0,0.0
HOSP-9989,The Johns Hopkins Hospital,infectious disease or internal medicine,2021-07-18,1,13.0,45.0,21.0,600.0,1.0
HOSP-9990,The Johns Hopkins Hospital,pulmonology,2022-09-13,1,91.0,75.0,10.0,130.0,1.0
HOSP-9991,The Johns Hopkins Hospital,neurology,,1,56.0,30.0,11.0,630.0,0.0
HOSP-9991,The Johns Hopkins Hospital,pulmonology or infectious disease,,1,30.0,60.0,13.0,720.0,1.0
HOSP-9992,The Johns Hopkins Hospital,neurology,2023-11-15,1,48.0,30.0,4.0,600.0,0.0
HOSP-9992,The Johns Hopkins Hospital,oncology,,1,26.0,15.0,18.0,1280.0,0.0
HOSP-9993,The Johns Hopkins Hospital,gastroenterology,2023-06-29,1,90.0,15.0,26.0,1170.0,1.0
HOSP-9995,The Johns Hopkins Hospital,oncology,2020-08-19,1,65.0,105.0,9.0,400.0,1.0
HOSP-9996,The Johns Hopkins Hospital,gastroenterology,,1,53.0,60.0,9.0,1280.0,1.0
HOSP-9998,The Johns Hopkins Hospital,allergy and immunology,2024-01-27,1,67.0,105.0,26.0,1370.0,0.0
