hospital_id,hospital_name,hospital_ward,admission_date,available_beds,occupied_beds,bed_utilization_rate
HOSP-1000,The Johns Hopkins Hospital,er,,390,320,82.05128205128204
HOSP-1000,The Johns Hopkins Hospital,icu,2022-12-18,110,290,263.6363636363636
HOSP-1003,The Johns Hopkins Hospital,pediatrics,2020-11-28,320,370,115.625
HOSP-1004,The Johns Hopkins Hospital,icu,2022-06-15,410,380,92.6829268292683
HOSP-1004,The Johns Hopkins Hospital,maternity,,250,200,80.0
HOSP-1005,The Johns Hopkins Hospital,er,2022-07-28,140,30,21.428571428571427
HOSP-1005,The Johns Hopkins Hospital,icu,,260,340,130.76923076923077
HOSP-1006,The Johns Hopkins Hospital,icu,,180,160,88.88888888888889
HOSP-1006,The Johns Hopkins Hospital,pediatrics,,260,10,3.8461538461538463
HOSP-1007,The Johns Hopkins Hospital,maternity,,370,310,83.78378378378379
HOSP-1007,The Johns Hopkins Hospital,pediatrics,,400,210,52.5
HOSP-1007,The Johns Hopkins Hospital,surgery,2020-09-18,450,250,55.55555555555556
HOSP-1009,The Johns Hopkins Hospital,er,,500,90,18.0
HOSP-1009,The Johns Hopkins Hospital,icu,,460,320,69.56521739130434
HOSP-1010,The Johns Hopkins Hospital,maternity,2022-11-14,250,160,64.0
HOSP-1010,The Johns Hopkins Hospital,surgery,2023-07-23,270,330,122.22222222222223
HOSP-1011,The Johns Hopkins Hospital,maternity,2022-07-22,120,140,116.66666666666667
HOSP-1011,The Johns Hopkins Hospital,pediatrics,,490,350,71.42857142857143
HOSP-1011,The Johns Hopkins Hospital,surgery,,260,140,53.84615384615385
HOSP-1012,The Johns Hopkins Hospital,er,2020-12-30,180,250,138.88888888888889
HOSP-1013,The Johns Hopkins Hospital,icu,2021-11-15,290,80,27.586206896551722
HOSP-1013,The Johns Hopkins Hospital,surgery,,440,270,61.36363636363637
HOSP-1014,The Johns Hopkins Hospital,maternity,,490,280,57.14285714285714
HOSP-1014,The Johns Hopkins Hospital,surgery,2020-07-29,130,60,46.15384615384615
HOSP-1015,The Johns Hopkins Hospital,icu,2021-05-24,250,290,115.99999999999999
HOSP-1017,The Johns Hopkins Hospital,icu,2022-08-26,480,380,79.16666666666666
HOSP-1017,The Johns Hopkins Hospital,icu,,230,20,8.695652173913043
HOSP-1019,The Johns Hopkins Hospital,surgery,,480,170,35.41666666666667
HOSP-1020,The Johns Hopkins Hospital,surgery,2023-03-22,290,100,34.48275862068966
HOSP-1022,The Johns Hopkins Hospital,surgery,,150,280,186.66666666666666
HOSP-1026,The Johns Hopkins Hospital,er,,500,30,6.0
HOSP-1028,The Johns Hopkins Hospital,er,,480,390,81.25
HOSP-1029,The Johns Hopkins Hospital,maternity,2021-03-13,210,240,114.28571428571428
HOSP-1030,The Johns Hopkins Hospital,er,,460,320,69.56521739130434
HOSP-1031,The Johns Hopkins Hospital,er,2020-07-26,360,300,83.33333333333334
HOSP-1031,The Johns Hopkins Hospital,er,,350,380,108.57142857142857
HOSP-1031,The Johns Hopkins Hospital,maternity,,250,320,128.0
HOSP-1032,The Johns Hopkins Hospital,maternity,2023-06-27,370,110,29.72972972972973
HOSP-1032,The Johns Hopkins Hospital,surgery,,420,30,7.142857142857142
HOSP-1033,The Johns Hopkins Hospital,er,2021-06-24,180,390,216.66666666666666
HOSP-1033,The Johns Hopkins Hospital,icu,,430,340,79.06976744186046
HOSP-1033,The Johns Hopkins Hospital,maternity,,130,270,207.6923076923077
HOSP-1034,The Johns Hopkins Hospital,icu,2021-06-21,460,100,21.73913043478261
HOSP-1034,The Johns Hopkins Hospital,icu,2024-03-26,440,140,31.818181818181817
HOSP-1035,The Johns Hopkins Hospital,maternity,2021-07-28,420,390,92.85714285714286
HOSP-1036,The Johns Hopkins Hospital,maternity,2022-04-27,310,240,77.41935483870968
HOSP-1037,The Johns Hopkins Hospital,maternity,2021-09-28,280,340,121.42857142857142
HOSP-1038,The Johns Hopkins Hospital,er,2024-05-15,110,20,18.181818181818183
HOSP-1038,The Johns Hopkins Hospital,maternity,,320,190,59.375
HOSP-1039,The Johns Hopkins Hospital,er,2023-12-25,370,280,75.67567567567568
HOSP-1039,The Johns Hopkins Hospital,pediatrics,2021-04-21,320,290,90.625
HOSP-1039,The Johns Hopkins Hospital,pediatrics,2022-06-13,120,20,16.666666666666664
HOSP-1040,The Johns Hopkins Hospital,icu,2021-02-19,430,290,67.44186046511628
HOSP-1041,The Johns Hopkins Hospital,surgery,,390,190,48.717948717948715
HOSP-1042,The Johns Hopkins Hospital,icu,2022-02-26,130,150,115.38461538461537
HOSP-1042,The Johns Hopkins Hospital,maternity,2022-10-24,120,280,233.33333333333334
HOSP-1043,The Johns Hopkins Hospital,surgery,2022-08-23,160,290,181.25
HOSP-1044,The Johns Hopkins Hospital,icu,,130,390,300.0
HOSP-1045,The Johns Hopkins Hospital,maternity,2022-03-15,300,70,23.333333333333332
HOSP-1046,The Johns Hopkins Hospital,pediatrics,,240,90,37.5
HOSP-1048,The Johns Hopkins Hospital,surgery,2021-02-13,390,320,82.05128205128204
HOSP-1049,The Johns Hopkins Hospital,maternity,2021-11-23,450,120,26.666666666666668
HOSP-1050,The Johns Hopkins Hospital,pediatrics,,150,360,240.0
HOSP-1051,The Johns Hopkins Hospital,maternity,,360,210,58.333333333333336
HOSP-1051,The Johns Hopkins Hospital,pediatrics,2024-02-19,300,150,50.0
HOSP-1051,The Johns Hopkins Hospital,pediatrics,,320,310,96.875
HOSP-1051,The Johns Hopkins Hospital,surgery,2022-02-28,490,130,26.53061224489796
HOSP-1052,The Johns Hopkins Hospital,pediatrics,,320,380,118.75
HOSP-1053,The Johns Hopkins Hospital,er,2023-03-29,200,360,180.0
HOSP-1053,The Johns Hopkins Hospital,er,,390,190,48.717948717948715
HOSP-1053,The Johns Hopkins Hospital,icu,2023-11-23,250,320,128.0
HOSP-1053,The Johns Hopkins Hospital,maternity,,240,60,25.0
HOSP-1054,The Johns Hopkins Hospital,icu,2023-03-31,490,110,22.448979591836736
HOSP-1055,The Johns Hopkins Hospital,maternity,,100,30,30.0
HOSP-1056,The Johns Hopkins Hospital,pediatrics,2021-05-21,480,190,39.58333333333333
HOSP-1059,The Johns Hopkins Hospital,pediatrics,2022-10-15,360,360,100.0
HOSP-1061,The Johns Hopkins Hospital,er,2022-04-25,170,290,170.58823529411765
HOSP-1061,The Johns Hopkins Hospital,surgery,,330,350,106.06060606060606
HOSP-1062,The Johns Hopkins Hospital,er,2022-03-16,460,240,52.17391304347826
HOSP-1062,The Johns Hopkins Hospital,icu,,360,170,47.22222222222222
HOSP-1063,The Johns Hopkins Hospital,er,2023-09-26,330,350,106.06060606060606
HOSP-1063,The Johns Hopkins Hospital,pediatrics,2022-04-24,350,210,60.0
HOSP-1064,The Johns Hopkins Hospital,er,2024-03-23,300,160,53.333333333333336
HOSP-1066,The Johns Hopkins Hospital,er,2023-02-22,180,160,88.88888888888889
HOSP-1066,The Johns Hopkins Hospital,maternity,2024-02-22,490,290,59.183673469387756
HOSP-1066,The Johns Hopkins Hospital,maternity,2024-07-18,310,180,58.06451612903226
HOSP-1066,The Johns Hopkins Hospital,pediatrics,2023-06-14,500,300,60.0
HOSP-1066,The Johns Hopkins Hospital,surgery,2022-08-14,310,90,29.03225806451613
HOSP-1066,The Johns Hopkins Hospital,surgery,2024-06-20,260,80,30.76923076923077
HOSP-1068,The Johns Hopkins Hospital,pediatrics,2022-08-16,230,10,4.3478260869565215
HOSP-1069,The Johns Hopkins Hospital,surgery,2021-01-27,330,320,96.96969696969697
HOSP-1070,The Johns Hopkins Hospital,er,,300,40,13.333333333333334
HOSP-1071,The Johns Hopkins Hospital,er,2022-03-20,460,190,41.30434782608695
HOSP-1071,The Johns Hopkins Hospital,icu,2020-11-16,220,370,168.1818181818182
HOSP-1072,The Johns Hopkins Hospital,surgery,,220,250,113.63636363636364
HOSP-1073,The Johns Hopkins Hospital,maternity,2021-10-28,310,110,35.483870967741936
HOSP-1074,The Johns Hopkins Hospital,maternity,2023-02-20,350,120,34.285714285714285
HOSP-1075,The Johns Hopkins Hospital,surgery,2021-10-26,320,110,34.375
HOSP-1075,The Johns Hopkins Hospital,surgery,,190,400,210.52631578947367
HOSP-1076,The Johns Hopkins Hospital,pediatrics,,310,390,125.80645161290323
HOSP-1077,The Johns Hopkins Hospital,icu,2023-12-22,450,50,11.11111111111111
HOSP-1079,The Johns Hopkins Hospital,icu,2022-11-13,260,250,96.15384615384616
HOSP-1080,The Johns Hopkins Hospital,icu,,440,250,56.81818181818182
HOSP-1081,The Johns Hopkins Hospital,icu,,430,270,62.7906976744186
HOSP-1084,The Johns Hopkins Hospital,er,,480,350,72.91666666666666
HOSP-1084,The Johns Hopkins Hospital,icu,2021-12-16,390,400,102.56410256410255
HOSP-1084,The Johns Hopkins Hospital,pediatrics,2020-08-16,140,240,171.42857142857142
HOSP-1085,The Johns Hopkins Hospital,maternity,2020-09-14,180,400,222.22222222222223
HOSP-1085,The Johns Hopkins Hospital,pediatrics,2021-06-22,480,300,62.5
HOSP-1086,The Johns Hopkins Hospital,er,,130,130,100.0
HOSP-1086,The Johns Hopkins Hospital,surgery,2022-10-20,330,340,103.03030303030303
HOSP-1088,The Johns Hopkins Hospital,icu,2023-03-23,140,40,28.57142857142857
HOSP-1091,The Johns Hopkins Hospital,icu,2021-07-22,460,130,28.26086956521739
HOSP-1091,The Johns Hopkins Hospital,maternity,,400,60,15.0
HOSP-1091,The Johns Hopkins Hospital,surgery,2020-09-24,470,260,55.319148936170215
HOSP-1092,The Johns Hopkins Hospital,er,,400,270,67.5
HOSP-1093,The Johns Hopkins Hospital,er,2021-12-20,180,90,50.0
HOSP-1094,The Johns Hopkins Hospital,surgery,,430,370,86.04651162790698
HOSP-1097,The Johns Hopkins Hospital,pediatrics,2021-12-19,170,350,205.88235294117646
HOSP-1098,The Johns Hopkins Hospital,icu,,290,0,0.0
HOSP-1098,The Johns Hopkins Hospital,pediatrics,,340,40,11.76470588235294
HOSP-1099,The Johns Hopkins Hospital,pediatrics,2021-12-16,450,250,55.55555555555556
HOSP-1100,The Johns Hopkins Hospital,er,,350,40,11.428571428571429
HOSP-1100,The Johns Hopkins Hospital,pediatrics,,240,350,145.83333333333331
HOSP-1105,The Johns Hopkins Hospital,icu,2023-06-29,350,20,5.714285714285714
HOSP-1105,The Johns Hopkins Hospital,surgery,,500,270,54.0
HOSP-1106,The Johns Hopkins Hospital,icu,2021-05-29,390,30,7.6923076923076925
HOSP-1107,The Johns Hopkins Hospital,maternity,2021-02-13,150,370,246.66666666666669
HOSP-1113,The Johns Hopkins Hospital,maternity,,370,30,8.108108108108109
HOSP-1115,The Johns Hopkins Hospital,icu,2021-04-29,110,340,309.09090909090907
HOSP-1115,The Johns Hopkins Hospital,pediatrics,2022-12-13,430,360,83.72093023255815
HOSP-1119,The Johns Hopkins Hospital,icu,,140,340,242.85714285714283
HOSP-1119,The Johns Hopkins Hospital,surgery,,190,350,184.21052631578948
HOSP-1120,The Johns Hopkins Hospital,maternity,,440,0,0.0
HOSP-1120,The Johns Hopkins Hospital,pediatrics,2024-04-17,440,190,43.18181818181818
HOSP-1121,The Johns Hopkins Hospital,icu,2021-07-15,300,160,53.333333333333336
HOSP-1122,The Johns Hopkins Hospital,er,,290,170,58.620689655172406
HOSP-1128,The Johns Hopkins Hospital,er,2024-07-13,500,380,76.0
HOSP-1128,The Johns Hopkins Hospital,icu,2023-09-19,360,200,55.55555555555556
HOSP-1128,The Johns Hopkins Hospital,pediatrics,,170,200,117.64705882352942
HOSP-1130,The Johns Hopkins Hospital,maternity,,140,340,242.85714285714283
HOSP-1130,The Johns Hopkins Hospital,pediatrics,,460,10,2.1739130434782608
HOSP-1131,The Johns Hopkins Hospital,er,2022-05-18,240,360,150.0
HOSP-1131,The Johns Hopkins Hospital,maternity,2021-04-17,140,370,264.2857142857143
HOSP-1131,The Johns Hopkins Hospital,pediatrics,2021-03-22,230,350,152.17391304347828
HOSP-1132,The Johns Hopkins Hospital,er,2022-05-29,450,160,35.55555555555556
HOSP-1134,The Johns Hopkins Hospital,icu,,220,290,131.8181818181818
HOSP-1134,The Johns Hopkins Hospital,pediatrics,2021-07-20,290,30,10.344827586206897
HOSP-1135,The Johns Hopkins Hospital,maternity,2023-04-22,230,130,56.52173913043478
HOSP-1136,The Johns Hopkins Hospital,icu,2023-01-14,330,10,3.0303030303030303
HOSP-1137,The Johns Hopkins Hospital,er,2021-10-26,390,80,20.51282051282051
HOSP-1138,The Johns Hopkins Hospital,icu,,350,270,77.14285714285715
HOSP-1138,The Johns Hopkins Hospital,maternity,2021-09-22,320,90,28.125
HOSP-1138,The Johns Hopkins Hospital,maternity,2022-08-13,390,50,12.82051282051282
HOSP-1140,The Johns Hopkins Hospital,er,,250,210,84.0
HOSP-1140,The Johns Hopkins Hospital,maternity,,450,230,51.11111111111111
HOSP-1141,The Johns Hopkins Hospital,icu,2021-10-14,220,300,136.36363636363635
HOSP-1141,The Johns Hopkins Hospital,icu,2021-12-14,170,190,111.76470588235294
HOSP-1143,The Johns Hopkins Hospital,maternity,2023-10-29,450,270,60.0
HOSP-1144,The Johns Hopkins Hospital,icu,2020-12-24,380,370,97.36842105263158
HOSP-1144,The Johns Hopkins Hospital,surgery,2020-08-13,380,50,13.157894736842104
HOSP-1145,The Johns Hopkins Hospital,icu,2020-09-22,230,280,121.73913043478262
HOSP-1145,The Johns Hopkins Hospital,pediatrics,,100,310,310.0
HOSP-1145,The Johns Hopkins Hospital,surgery,,190,90,47.368421052631575
HOSP-1146,The Johns Hopkins Hospital,er,2021-03-19,370,90,24.324324324324326
HOSP-1146,The Johns Hopkins Hospital,maternity,2021-11-28,410,370,90.2439024390244
HOSP-1146,The Johns Hopkins Hospital,maternity,2023-12-23,200,260,130.0
HOSP-1148,The Johns Hopkins Hospital,er,2023-10-30,470,90,19.148936170212767
HOSP-1148,The Johns Hopkins Hospital,er,,280,360,128.57142857142858
HOSP-1148,The Johns Hopkins Hospital,maternity,2021-09-18,110,390,354.54545454545456
HOSP-1149,The Johns Hopkins Hospital,er,2024-03-21,380,200,52.63157894736842
HOSP-1149,The Johns Hopkins Hospital,er,,440,70,15.909090909090908
HOSP-1149,The Johns Hopkins Hospital,surgery,2022-10-29,290,190,65.51724137931035
HOSP-1149,The Johns Hopkins Hospital,surgery,,440,200,45.45454545454545
HOSP-1150,The Johns Hopkins Hospital,icu,,440,270,61.36363636363637
HOSP-1151,The Johns Hopkins Hospital,pediatrics,,370,70,18.91891891891892
HOSP-1152,The Johns Hopkins Hospital,icu,,110,120,109.09090909090908
HOSP-1152,The Johns Hopkins Hospital,maternity,,130,310,238.46153846153845
HOSP-1152,The Johns Hopkins Hospital,pediatrics,2022-07-19,430,220,51.162790697674424
HOSP-1152,The Johns Hopkins Hospital,surgery,2021-05-28,250,40,16.0
HOSP-1153,The Johns Hopkins Hospital,surgery,2023-08-21,260,50,19.230769230769234
HOSP-1154,The Johns Hopkins Hospital,er,2022-09-21,180,360,200.0
HOSP-1154,The Johns Hopkins Hospital,pediatrics,2023-02-25,430,230,53.48837209302325
HOSP-1157,The Johns Hopkins Hospital,pediatrics,2024-05-21,110,0,0.0
HOSP-1160,The Johns Hopkins Hospital,surgery,2020-12-26,240,80,33.33333333333333
HOSP-1161,The Johns Hopkins Hospital,er,2021-11-18,410,40,9.75609756097561
HOSP-1162,The Johns Hopkins Hospital,surgery,,190,340,178.94736842105263
HOSP-1163,The Johns Hopkins Hospital,pediatrics,,130,140,107.6923076923077
HOSP-1165,The Johns Hopkins Hospital,er,2020-09-15,500,280,56.00000000000001
HOSP-1166,The Johns Hopkins Hospital,icu,,210,70,33.33333333333333
HOSP-1166,The Johns Hopkins Hospital,surgery,,290,270,93.10344827586206
HOSP-1167,The Johns Hopkins Hospital,pediatrics,2022-08-24,290,300,103.44827586206897
HOSP-1167,The Johns Hopkins Hospital,surgery,2021-08-15,300,400,133.33333333333331
HOSP-1168,The Johns Hopkins Hospital,er,,420,230,54.761904761904766
HOSP-1168,The Johns Hopkins Hospital,surgery,2024-01-26,330,320,96.96969696969697
HOSP-1169,The Johns Hopkins Hospital,icu,2020-09-25,420,200,47.61904761904761
HOSP-1169,The Johns Hopkins Hospital,pediatrics,,220,50,22.727272727272727
HOSP-1170,The Johns Hopkins Hospital,er,2022-09-19,130,110,84.61538461538461
HOSP-1170,The Johns Hopkins Hospital,maternity,2024-04-23,300,40,13.333333333333334
HOSP-1171,The Johns Hopkins Hospital,maternity,2021-10-15,380,0,0.0
HOSP-1171,The Johns Hopkins Hospital,pediatrics,,360,110,30.555555555555557
HOSP-1174,The Johns Hopkins Hospital,icu,,340,240,70.58823529411765
HOSP-1174,The Johns Hopkins Hospital,surgery,2020-10-29,480,210,43.75
HOSP-1175,The Johns Hopkins Hospital,icu,2022-09-26,390,50,12.82051282051282
HOSP-1176,The Johns Hopkins Hospital,surgery,2024-06-27,490,320,65.3061224489796
HOSP-1179,The Johns Hopkins Hospital,icu,2021-10-29,270,150,55.55555555555556
HOSP-1179,The Johns Hopkins Hospital,maternity,2024-04-22,220,290,131.8181818181818
HOSP-1179,The Johns Hopkins Hospital,pediatrics,,120,180,150.0
HOSP-1179,The Johns Hopkins Hospital,surgery,,330,270,81.81818181818183
HOSP-1180,The Johns Hopkins Hospital,icu,2024-01-21,320,10,3.125
HOSP-1180,The Johns Hopkins Hospital,maternity,,150,320,213.33333333333334
HOSP-1180,The Johns Hopkins Hospital,pediatrics,,390,310,79.48717948717949
HOSP-1180,The Johns Hopkins Hospital,surgery,2021-04-25,170,200,117.64705882352942
HOSP-1181,The Johns Hopkins Hospital,surgery,,440,70,15.909090909090908
HOSP-1183,The Johns Hopkins Hospital,er,2021-08-30,450,400,88.88888888888889
HOSP-1184,The Johns Hopkins Hospital,pediatrics,2020-08-17,340,170,50.0
HOSP-1184,The Johns Hopkins Hospital,pediatrics,2022-11-21,500,160,32.0
HOSP-1185,The Johns Hopkins Hospital,pediatrics,2024-02-19,250,340,136.0
HOSP-1185,The Johns Hopkins Hospital,surgery,,390,190,48.717948717948715
HOSP-1186,The Johns Hopkins Hospital,er,2022-08-30,160,150,93.75
HOSP-1186,The Johns Hopkins Hospital,icu,2023-05-17,440,160,36.36363636363637
HOSP-1187,The Johns Hopkins Hospital,er,,490,350,71.42857142857143
HOSP-1187,The Johns Hopkins Hospital,maternity,2020-07-24,410,230,56.09756097560976
HOSP-1190,The Johns Hopkins Hospital,er,2021-04-25,340,80,23.52941176470588
HOSP-1190,The Johns Hopkins Hospital,pediatrics,2024-01-21,430,40,9.30232558139535
HOSP-1191,The Johns Hopkins Hospital,maternity,2021-03-30,390,100,25.64102564102564
HOSP-1192,The Johns Hopkins Hospital,er,2021-10-18,170,30,17.647058823529413
HOSP-1192,The Johns Hopkins Hospital,er,2023-12-17,290,310,106.89655172413792
HOSP-1192,The Johns Hopkins Hospital,pediatrics,2021-04-18,100,310,310.0
HOSP-1193,The Johns Hopkins Hospital,er,2020-08-21,200,230,114.99999999999999
HOSP-1193,The Johns Hopkins Hospital,pediatrics,,330,300,90.9090909090909
HOSP-1194,The Johns Hopkins Hospital,pediatrics,2020-10-25,120,70,58.333333333333336
HOSP-1195,The Johns Hopkins Hospital,er,2020-08-31,300,190,63.33333333333333
HOSP-1195,The Johns Hopkins Hospital,maternity,,210,180,85.71428571428571
HOSP-1196,The Johns Hopkins Hospital,icu,2024-04-14,330,270,81.81818181818183
HOSP-1197,The Johns Hopkins Hospital,pediatrics,2022-07-23,430,110,25.581395348837212
HOSP-1198,The Johns Hopkins Hospital,er,,150,300,200.0
HOSP-1200,The Johns Hopkins Hospital,pediatrics,2023-07-19,340,330,97.05882352941177
HOSP-1200,The Johns Hopkins Hospital,pediatrics,,140,370,264.2857142857143
HOSP-1201,The Johns Hopkins Hospital,maternity,,480,90,18.75
HOSP-1201,The Johns Hopkins Hospital,pediatrics,2021-12-18,390,320,82.05128205128204
HOSP-1202,The Johns Hopkins Hospital,maternity,2022-02-19,420,180,42.857142857142854
HOSP-1203,The Johns Hopkins Hospital,er,,180,290,161.11111111111111
HOSP-1204,The Johns Hopkins Hospital,icu,2024-01-20,220,110,50.0
HOSP-1204,The Johns Hopkins Hospital,pediatrics,2022-01-31,220,50,22.727272727272727
HOSP-1205,The Johns Hopkins Hospital,maternity,2022-08-20,370,70,18.91891891891892
HOSP-1205,The Johns Hopkins Hospital,maternity,2023-04-17,490,210,42.857142857142854
HOSP-1206,The Johns Hopkins Hospital,maternity,,460,160,34.78260869565217
HOSP-1206,The Johns Hopkins Hospital,surgery,,130,140,107.6923076923077
HOSP-1208,The Johns Hopkins Hospital,surgery,2024-01-21,210,390,185.71428571428572
HOSP-1210,The Johns Hopkins Hospital,icu,2022-08-24,410,190,46.34146341463415
HOSP-1210,The Johns Hopkins Hospital,pediatrics,,380,270,71.05263157894737
HOSP-1211,The Johns Hopkins Hospital,icu,2022-05-31,210,380,180.95238095238096
HOSP-1211,The Johns Hopkins Hospital,maternity,,270,150,55.55555555555556
HOSP-1213,The Johns Hopkins Hospital,er,,240,370,154.16666666666669
HOSP-1216,The Johns Hopkins Hospital,maternity,2021-10-20,190,260,136.8421052631579
HOSP-1217,The Johns Hopkins Hospital,icu,2023-01-14,360,290,80.55555555555556
HOSP-1217,The Johns Hopkins Hospital,surgery,2022-05-26,380,230,60.526315789473685
HOSP-1217,The Johns Hopkins Hospital,surgery,,350,150,42.857142857142854
HOSP-1219,The Johns Hopkins Hospital,surgery,,210,230,109.52380952380953
HOSP-1220,The Johns Hopkins Hospital,surgery,2023-07-17,260,290,111.53846153846155
HOSP-1221,The Johns Hopkins Hospital,pediatrics,2024-02-16,160,230,143.75
HOSP-1222,The Johns Hopkins Hospital,maternity,,400,400,100.0
HOSP-1223,The Johns Hopkins Hospital,pediatrics,2021-04-24,500,110,22.0
HOSP-1227,The Johns Hopkins Hospital,maternity,2022-12-13,200,340,170.0
HOSP-1229,The Johns Hopkins Hospital,pediatrics,2022-03-27,110,20,18.181818181818183
HOSP-1229,The Johns Hopkins Hospital,surgery,,140,400,285.7142857142857
HOSP-1230,The Johns Hopkins Hospital,er,2020-08-18,270,260,96.29629629629629
HOSP-1230,The Johns Hopkins Hospital,er,2024-07-22,140,70,50.0
HOSP-1230,The Johns Hopkins Hospital,surgery,,500,210,42.0
HOSP-1232,The Johns Hopkins Hospital,maternity,2023-02-23,210,70,33.33333333333333
HOSP-1236,The Johns Hopkins Hospital,pediatrics,2020-10-24,260,90,34.61538461538461
HOSP-1236,The Johns Hopkins Hospital,pediatrics,2024-05-19,430,170,39.53488372093023
HOSP-1236,The Johns Hopkins Hospital,surgery,,170,40,23.52941176470588
HOSP-1237,The Johns Hopkins Hospital,maternity,2023-02-22,290,390,134.48275862068965
HOSP-1240,The Johns Hopkins Hospital,surgery,2023-07-19,230,80,34.78260869565217
HOSP-1241,The Johns Hopkins Hospital,pediatrics,2023-12-26,450,380,84.44444444444444
HOSP-1242,The Johns Hopkins Hospital,icu,,210,240,114.28571428571428
HOSP-1243,The Johns Hopkins Hospital,maternity,,320,180,56.25
HOSP-1243,The Johns Hopkins Hospital,surgery,2024-01-14,100,20,20.0
HOSP-1244,The Johns Hopkins Hospital,pediatrics,,220,20,9.090909090909092
HOSP-1244,The Johns Hopkins Hospital,surgery,2022-07-20,410,320,78.04878048780488
HOSP-1244,The Johns Hopkins Hospital,surgery,2023-10-14,360,10,2.7777777777777777
HOSP-1245,The Johns Hopkins Hospital,maternity,2021-08-16,440,240,54.54545454545454
HOSP-1246,The Johns Hopkins Hospital,icu,2020-09-27,300,350,116.66666666666667
HOSP-1248,The Johns Hopkins Hospital,icu,2022-02-13,200,260,130.0
HOSP-1248,The Johns Hopkins Hospital,maternity,,220,170,77.27272727272727
HOSP-1251,The Johns Hopkins Hospital,maternity,,440,300,68.18181818181817
HOSP-1251,The Johns Hopkins Hospital,surgery,,100,10,10.0
HOSP-1252,The Johns Hopkins Hospital,surgery,,380,120,31.57894736842105
HOSP-1253,The Johns Hopkins Hospital,pediatrics,2023-06-27,380,180,47.368421052631575
HOSP-1255,The Johns Hopkins Hospital,icu,,250,280,112.00000000000001
HOSP-1257,The Johns Hopkins Hospital,pediatrics,2024-04-25,130,190,146.15384615384613
HOSP-1258,The Johns Hopkins Hospital,er,2024-01-22,140,380,271.42857142857144
HOSP-1258,The Johns Hopkins Hospital,maternity,,320,290,90.625
HOSP-1260,The Johns Hopkins Hospital,pediatrics,2023-04-14,240,250,104.16666666666667
HOSP-1260,The Johns Hopkins Hospital,pediatrics,,280,20,7.142857142857142
HOSP-1261,The Johns Hopkins Hospital,icu,2024-02-13,490,60,12.244897959183673
HOSP-1264,The Johns Hopkins Hospital,maternity,,240,340,141.66666666666669
HOSP-1265,The Johns Hopkins Hospital,er,2021-07-13,480,230,47.91666666666667
HOSP-1265,The Johns Hopkins Hospital,er,2024-06-21,390,340,87.17948717948718
HOSP-1265,The Johns Hopkins Hospital,icu,2021-10-25,110,250,227.27272727272728
HOSP-1266,The Johns Hopkins Hospital,icu,,100,360,360.0
HOSP-1268,The Johns Hopkins Hospital,icu,,330,230,69.6969696969697
HOSP-1268,The Johns Hopkins Hospital,surgery,,440,190,43.18181818181818
HOSP-1270,The Johns Hopkins Hospital,surgery,2021-10-16,420,250,59.523809523809526
HOSP-1271,The Johns Hopkins Hospital,icu,,350,340,97.14285714285714
HOSP-1272,The Johns Hopkins Hospital,er,2023-09-17,210,220,104.76190476190477
HOSP-1272,The Johns Hopkins Hospital,er,,380,150,39.473684210526315
HOSP-1273,The Johns Hopkins Hospital,icu,2021-02-23,230,190,82.6086956521739
HOSP-1274,The Johns Hopkins Hospital,icu,2024-03-23,270,20,7.4074074074074066
HOSP-1275,The Johns Hopkins Hospital,er,,470,360,76.59574468085107
HOSP-1276,The Johns Hopkins Hospital,icu,,310,180,58.06451612903226
HOSP-1277,The Johns Hopkins Hospital,maternity,,130,170,130.76923076923077
HOSP-1277,The Johns Hopkins Hospital,pediatrics,2021-08-30,210,40,19.047619047619047
HOSP-1278,The Johns Hopkins Hospital,surgery,,270,170,62.96296296296296
HOSP-1280,The Johns Hopkins Hospital,pediatrics,2022-01-29,500,20,4.0
HOSP-1280,The Johns Hopkins Hospital,surgery,2022-11-25,130,170,130.76923076923077
HOSP-1282,The Johns Hopkins Hospital,er,,460,140,30.434782608695656
HOSP-1283,The Johns Hopkins Hospital,pediatrics,2023-02-18,200,400,200.0
HOSP-1284,The Johns Hopkins Hospital,icu,2021-05-17,140,160,114.28571428571428
HOSP-1284,The Johns Hopkins Hospital,maternity,,300,260,86.66666666666667
HOSP-1286,The Johns Hopkins Hospital,surgery,2024-01-20,450,370,82.22222222222221
HOSP-1287,The Johns Hopkins Hospital,icu,2024-05-24,190,150,78.94736842105263
HOSP-1288,The Johns Hopkins Hospital,surgery,,290,20,6.896551724137931
HOSP-1290,The Johns Hopkins Hospital,pediatrics,,460,220,47.82608695652174
HOSP-1292,The Johns Hopkins Hospital,icu,2022-03-15,250,250,100.0
HOSP-1292,The Johns Hopkins Hospital,maternity,2024-02-13,480,160,33.33333333333333
HOSP-1297,The Johns Hopkins Hospital,er,2022-02-22,500,140,28.000000000000004
HOSP-1297,The Johns Hopkins Hospital,icu,2024-03-30,410,80,19.51219512195122
HOSP-1298,The Johns Hopkins Hospital,surgery,2022-07-31,360,90,25.0
HOSP-1299,The Johns Hopkins Hospital,maternity,2021-01-28,320,110,34.375
HOSP-1299,The Johns Hopkins Hospital,maternity,2023-05-17,150,70,46.666666666666664
HOSP-1300,The Johns Hopkins Hospital,surgery,2021-07-31,270,0,0.0
HOSP-1302,The Johns Hopkins Hospital,er,2023-03-17,220,130,59.09090909090909
HOSP-1302,The Johns Hopkins Hospital,surgery,2020-12-17,360,280,77.77777777777779
HOSP-1303,The Johns Hopkins Hospital,icu,2021-05-16,270,20,7.4074074074074066
HOSP-1303,The Johns Hopkins Hospital,icu,2022-08-18,150,180,120.0
HOSP-1305,The Johns Hopkins Hospital,maternity,2022-10-14,180,360,200.0
HOSP-1306,The Johns Hopkins Hospital,pediatrics,2024-03-29,160,150,93.75
HOSP-1306,The Johns Hopkins Hospital,surgery,2023-01-22,210,140,66.66666666666666
HOSP-1308,The Johns Hopkins Hospital,surgery,2022-04-14,190,310,163.1578947368421
HOSP-1309,The Johns Hopkins Hospital,er,2021-06-14,380,110,28.947368421052634
HOSP-1309,The Johns Hopkins Hospital,maternity,2021-06-26,270,340,125.92592592592592
HOSP-1309,The Johns Hopkins Hospital,surgery,2023-11-19,170,240,141.1764705882353
HOSP-1310,The Johns Hopkins Hospital,icu,2022-02-24,300,20,6.666666666666667
HOSP-1310,The Johns Hopkins Hospital,icu,,100,310,310.0
HOSP-1310,The Johns Hopkins Hospital,surgery,2020-10-24,430,110,25.581395348837212
HOSP-1311,The Johns Hopkins Hospital,surgery,2022-03-23,150,120,80.0
HOSP-1312,The Johns Hopkins Hospital,surgery,,340,0,0.0
HOSP-1313,The Johns Hopkins Hospital,pediatrics,,270,270,100.0
HOSP-1314,The Johns Hopkins Hospital,maternity,,470,380,80.85106382978722
HOSP-1315,The Johns Hopkins Hospital,pediatrics,,320,280,87.5
HOSP-1316,The Johns Hopkins Hospital,er,,230,160,69.56521739130434
HOSP-1319,The Johns Hopkins Hospital,maternity,,430,310,72.09302325581395
HOSP-1320,The Johns Hopkins Hospital,er,,240,220,91.66666666666666
HOSP-1320,The Johns Hopkins Hospital,pediatrics,2022-07-18,290,270,93.10344827586206
HOSP-1321,The Johns Hopkins Hospital,icu,2024-06-16,440,140,31.818181818181817
HOSP-1321,The Johns Hopkins Hospital,icu,,290,190,65.51724137931035
HOSP-1321,The Johns Hopkins Hospital,maternity,,160,120,75.0
HOSP-1322,The Johns Hopkins Hospital,maternity,2023-06-17,240,290,120.83333333333333
HOSP-1323,The Johns Hopkins Hospital,er,2023-04-20,300,220,73.33333333333333
HOSP-1323,The Johns Hopkins Hospital,pediatrics,,460,40,8.695652173913043
HOSP-1324,The Johns Hopkins Hospital,icu,2024-05-30,430,150,34.883720930232556
HOSP-1324,The Johns Hopkins Hospital,maternity,2021-05-24,210,230,109.52380952380953
HOSP-1324,The Johns Hopkins Hospital,surgery,,300,10,3.3333333333333335
HOSP-1326,The Johns Hopkins Hospital,pediatrics,,130,300,230.76923076923075
HOSP-1327,The Johns Hopkins Hospital,er,,500,40,8.0
HOSP-1328,The Johns Hopkins Hospital,icu,2020-11-27,200,290,145.0
HOSP-1329,The Johns Hopkins Hospital,maternity,2020-10-25,220,330,150.0
HOSP-1330,The Johns Hopkins Hospital,icu,2021-09-14,370,20,5.405405405405405
HOSP-1331,The Johns Hopkins Hospital,er,,320,210,65.625
HOSP-1332,The Johns Hopkins Hospital,er,2021-03-27,140,140,100.0
HOSP-1334,The Johns Hopkins Hospital,pediatrics,2022-04-17,170,180,105.88235294117648
HOSP-1335,The Johns Hopkins Hospital,er,,360,250,69.44444444444444
HOSP-1336,The Johns Hopkins Hospital,icu,2024-01-13,450,150,33.33333333333333
HOSP-1337,The Johns Hopkins Hospital,icu,2023-04-23,450,100,22.22222222222222
HOSP-1337,The Johns Hopkins Hospital,surgery,2021-12-13,480,340,70.83333333333334
HOSP-1338,The Johns Hopkins Hospital,maternity,2020-10-17,420,40,9.523809523809524
HOSP-1338,The Johns Hopkins Hospital,surgery,2022-04-21,120,400,333.33333333333337
HOSP-1339,The Johns Hopkins Hospital,pediatrics,,150,360,240.0
HOSP-1340,The Johns Hopkins Hospital,maternity,2021-07-29,180,10,5.555555555555555
HOSP-1341,The Johns Hopkins Hospital,pediatrics,,150,40,26.666666666666668
HOSP-1342,The Johns Hopkins Hospital,er,2020-09-23,310,400,129.03225806451613
HOSP-1344,The Johns Hopkins Hospital,er,2021-02-23,380,180,47.368421052631575
HOSP-1344,The Johns Hopkins Hospital,er,2021-02-26,490,330,67.3469387755102
HOSP-1345,The Johns Hopkins Hospital,er,,370,80,21.62162162162162
HOSP-1345,The Johns Hopkins Hospital,pediatrics,2024-04-20,310,160,51.61290322580645
HOSP-1346,The Johns Hopkins Hospital,er,2021-05-15,220,350,159.0909090909091
HOSP-1346,The Johns Hopkins Hospital,icu,,320,120,37.5
HOSP-1346,The Johns Hopkins Hospital,surgery,,240,60,25.0
HOSP-1347,The Johns Hopkins Hospital,pediatrics,2023-07-22,460,250,54.347826086956516
HOSP-1347,The Johns Hopkins Hospital,pediatrics,,400,340,85.0
HOSP-1348,The Johns Hopkins Hospital,pediatrics,2020-12-24,480,190,39.58333333333333
HOSP-1350,The Johns Hopkins Hospital,er,2024-07-20,260,10,3.8461538461538463
HOSP-1350,The Johns Hopkins Hospital,icu,2023-08-17,290,20,6.896551724137931
HOSP-1350,The Johns Hopkins Hospital,icu,,500,230,46.0
HOSP-1351,The Johns Hopkins Hospital,icu,2023-05-21,110,380,345.45454545454544
HOSP-1351,The Johns Hopkins Hospital,surgery,2020-10-29,340,300,88.23529411764706
HOSP-1352,The Johns Hopkins Hospital,maternity,2020-10-16,270,120,44.44444444444444
HOSP-1352,The Johns Hopkins Hospital,maternity,,140,30,21.428571428571427
HOSP-1352,The Johns Hopkins Hospital,surgery,2022-10-18,490,360,73.46938775510205
HOSP-1353,The Johns Hopkins Hospital,er,,410,390,95.1219512195122
HOSP-1353,The Johns Hopkins Hospital,icu,2020-10-14,150,400,266.66666666666663
HOSP-1356,The Johns Hopkins Hospital,er,,210,320,152.38095238095238
HOSP-1356,The Johns Hopkins Hospital,maternity,2023-11-17,340,30,8.823529411764707
HOSP-1356,The Johns Hopkins Hospital,surgery,2020-07-26,340,340,100.0
HOSP-1357,The Johns Hopkins Hospital,icu,2022-06-23,420,390,92.85714285714286
HOSP-1360,The Johns Hopkins Hospital,er,2022-05-27,180,160,88.88888888888889
HOSP-1361,The Johns Hopkins Hospital,pediatrics,2023-06-14,390,50,12.82051282051282
HOSP-1362,The Johns Hopkins Hospital,icu,,210,300,142.85714285714286
HOSP-1363,The Johns Hopkins Hospital,maternity,,390,280,71.7948717948718
HOSP-1365,The Johns Hopkins Hospital,surgery,,420,230,54.761904761904766
HOSP-1366,The Johns Hopkins Hospital,icu,2020-09-18,400,320,80.0
HOSP-1367,The Johns Hopkins Hospital,pediatrics,,400,200,50.0
HOSP-1367,The Johns Hopkins Hospital,surgery,2021-03-17,410,330,80.48780487804879
HOSP-1371,The Johns Hopkins Hospital,icu,2022-10-21,300,20,6.666666666666667
HOSP-1371,The Johns Hopkins Hospital,surgery,,360,370,102.77777777777777
HOSP-1372,The Johns Hopkins Hospital,maternity,2023-10-26,410,260,63.41463414634146
HOSP-1372,The Johns Hopkins Hospital,pediatrics,2021-10-23,440,260,59.09090909090909
HOSP-1374,The Johns Hopkins Hospital,pediatrics,2022-10-27,110,210,190.9090909090909
HOSP-1375,The Johns Hopkins Hospital,surgery,,480,280,58.333333333333336
HOSP-1376,The Johns Hopkins Hospital,er,2022-04-15,190,390,205.26315789473685
HOSP-1376,The Johns Hopkins Hospital,icu,,300,220,73.33333333333333
HOSP-1377,The Johns Hopkins Hospital,maternity,2021-06-15,280,270,96.42857142857143
HOSP-1377,The Johns Hopkins Hospital,maternity,2023-08-16,420,70,16.666666666666664
HOSP-1378,The Johns Hopkins Hospital,icu,,150,350,233.33333333333334
HOSP-1379,The Johns Hopkins Hospital,icu,2024-04-27,200,380,190.0
HOSP-1379,The Johns Hopkins Hospital,maternity,2023-03-22,310,330,106.4516129032258
HOSP-1379,The Johns Hopkins Hospital,surgery,2021-03-18,370,0,0.0
HOSP-1382,The Johns Hopkins Hospital,icu,2020-12-20,210,260,123.80952380952381
HOSP-1382,The Johns Hopkins Hospital,pediatrics,2022-10-14,230,230,100.0
HOSP-1383,The Johns Hopkins Hospital,surgery,,400,250,62.5
HOSP-1384,The Johns Hopkins Hospital,pediatrics,,300,390,130.0
HOSP-1385,The Johns Hopkins Hospital,pediatrics,2024-06-26,370,220,59.45945945945946
HOSP-1385,The Johns Hopkins Hospital,surgery,2020-12-13,430,370,86.04651162790698
HOSP-1386,The Johns Hopkins Hospital,er,,170,350,205.88235294117646
HOSP-1386,The Johns Hopkins Hospital,pediatrics,,160,140,87.5
HOSP-1387,The Johns Hopkins Hospital,er,2021-12-30,120,360,300.0
HOSP-1388,The Johns Hopkins Hospital,pediatrics,2020-07-30,370,390,105.40540540540539
HOSP-1389,The Johns Hopkins Hospital,surgery,2022-02-18,280,350,125.0
HOSP-1391,The Johns Hopkins Hospital,maternity,2022-04-28,440,300,68.18181818181817
HOSP-1391,The Johns Hopkins Hospital,surgery,,280,340,121.42857142857142
HOSP-1393,The Johns Hopkins Hospital,maternity,,500,60,12.0
HOSP-1394,The Johns Hopkins Hospital,surgery,2022-04-29,250,160,64.0
HOSP-1395,The Johns Hopkins Hospital,icu,2023-10-26,380,150,39.473684210526315
HOSP-1395,The Johns Hopkins Hospital,maternity,2020-12-14,460,260,56.52173913043478
HOSP-1395,The Johns Hopkins Hospital,surgery,,170,200,117.64705882352942
HOSP-1396,The Johns Hopkins Hospital,icu,,440,170,38.63636363636363
HOSP-1396,The Johns Hopkins Hospital,maternity,2021-08-19,110,330,300.0
HOSP-1397,The Johns Hopkins Hospital,maternity,2023-12-27,330,400,121.21212121212122
HOSP-1398,The Johns Hopkins Hospital,icu,,460,130,28.26086956521739
HOSP-1399,The Johns Hopkins Hospital,maternity,2023-09-26,350,80,22.857142857142858
HOSP-1400,The Johns Hopkins Hospital,icu,,120,100,83.33333333333334
HOSP-1402,The Johns Hopkins Hospital,icu,,350,270,77.14285714285715
HOSP-1402,The Johns Hopkins Hospital,pediatrics,2023-07-13,150,340,226.66666666666666
HOSP-1403,The Johns Hopkins Hospital,surgery,2023-10-18,390,170,43.58974358974359
HOSP-1404,The Johns Hopkins Hospital,icu,,400,50,12.5
HOSP-1405,The Johns Hopkins Hospital,icu,2022-09-14,260,170,65.38461538461539
HOSP-1406,The Johns Hopkins Hospital,maternity,2022-10-18,150,120,80.0
HOSP-1407,The Johns Hopkins Hospital,er,,270,360,133.33333333333331
HOSP-1408,The Johns Hopkins Hospital,icu,2023-07-20,330,130,39.39393939393939
HOSP-1408,The Johns Hopkins Hospital,icu,2024-02-25,140,170,121.42857142857142
HOSP-1408,The Johns Hopkins Hospital,maternity,2020-08-15,300,170,56.666666666666664
HOSP-1408,The Johns Hopkins Hospital,maternity,2022-09-25,500,330,66.0
HOSP-1408,The Johns Hopkins Hospital,pediatrics,2021-10-25,480,400,83.33333333333334
HOSP-1410,The Johns Hopkins Hospital,icu,,270,260,96.29629629629629
HOSP-1410,The Johns Hopkins Hospital,pediatrics,2022-07-18,230,370,160.8695652173913
HOSP-1411,The Johns Hopkins Hospital,surgery,,240,260,108.33333333333333
HOSP-1415,The Johns Hopkins Hospital,icu,,190,200,105.26315789473684
HOSP-1416,The Johns Hopkins Hospital,maternity,,200,30,15.0
HOSP-1417,The Johns Hopkins Hospital,surgery,,320,0,0.0
HOSP-1419,The Johns Hopkins Hospital,er,2021-05-24,190,140,73.68421052631578
HOSP-1420,The Johns Hopkins Hospital,icu,,180,290,161.11111111111111
HOSP-1421,The Johns Hopkins Hospital,pediatrics,,110,340,309.09090909090907
HOSP-1423,The Johns Hopkins Hospital,er,2022-09-29,490,360,73.46938775510205
HOSP-1425,The Johns Hopkins Hospital,icu,,400,100,25.0
HOSP-1425,The Johns Hopkins Hospital,pediatrics,2020-09-18,380,230,60.526315789473685
HOSP-1427,The Johns Hopkins Hospital,icu,,100,140,140.0
HOSP-1427,The Johns Hopkins Hospital,maternity,2022-07-18,460,180,39.130434782608695
HOSP-1427,The Johns Hopkins Hospital,surgery,2023-09-21,450,40,8.88888888888889
HOSP-1428,The Johns Hopkins Hospital,maternity,2023-01-19,410,210,51.21951219512195
HOSP-1428,The Johns Hopkins Hospital,surgery,,340,70,20.588235294117645
HOSP-1429,The Johns Hopkins Hospital,er,,100,390,390.0
HOSP-1429,The Johns Hopkins Hospital,icu,2023-08-26,120,50,41.66666666666667
HOSP-1429,The Johns Hopkins Hospital,maternity,,280,360,128.57142857142858
HOSP-1431,The Johns Hopkins Hospital,maternity,2021-07-18,330,140,42.42424242424242
HOSP-1431,The Johns Hopkins Hospital,maternity,2022-04-15,250,290,115.99999999999999
HOSP-1432,The Johns Hopkins Hospital,maternity,2023-09-25,370,330,89.1891891891892
HOSP-1434,The Johns Hopkins Hospital,surgery,,210,350,166.66666666666669
HOSP-1435,The Johns Hopkins Hospital,er,,140,140,100.0
HOSP-1436,The Johns Hopkins Hospital,er,,450,200,44.44444444444444
HOSP-1436,The Johns Hopkins Hospital,icu,2022-03-31,350,80,22.857142857142858
HOSP-1437,The Johns Hopkins Hospital,maternity,,490,100,20.408163265306122
HOSP-1437,The Johns Hopkins Hospital,surgery,,430,120,27.906976744186046
HOSP-1438,The Johns Hopkins Hospital,pediatrics,2021-04-18,210,40,19.047619047619047
HOSP-1438,The Johns Hopkins Hospital,pediatrics,,290,240,82.75862068965517
HOSP-1440,The Johns Hopkins Hospital,er,,450,40,8.88888888888889
HOSP-1441,The Johns Hopkins Hospital,pediatrics,,160,90,56.25
HOSP-1444,The Johns Hopkins Hospital,icu,,160,360,225.0
HOSP-1444,The Johns Hopkins Hospital,surgery,2023-11-24,400,270,67.5
HOSP-1444,The Johns Hopkins Hospital,surgery,2024-03-22,280,40,14.285714285714285
HOSP-1446,The Johns Hopkins Hospital,maternity,2023-09-13,440,220,50.0
HOSP-1447,The Johns Hopkins Hospital,er,2023-02-13,240,290,120.83333333333333
HOSP-1447,The Johns Hopkins Hospital,icu,,500,350,70.0
HOSP-1447,The Johns Hopkins Hospital,pediatrics,2021-07-29,390,400,102.56410256410255
HOSP-1447,The Johns Hopkins Hospital,surgery,2021-08-23,100,170,170.0
HOSP-1448,The Johns Hopkins Hospital,er,2022-03-25,210,300,142.85714285714286
HOSP-1449,The Johns Hopkins Hospital,icu,2022-02-19,280,380,135.71428571428572
HOSP-1450,The Johns Hopkins Hospital,maternity,2022-12-17,490,160,32.6530612244898
HOSP-1450,The Johns Hopkins Hospital,maternity,,140,290,207.14285714285717
HOSP-1450,The Johns Hopkins Hospital,pediatrics,2022-01-14,310,170,54.83870967741935
HOSP-1450,The Johns Hopkins Hospital,pediatrics,2024-02-15,260,90,34.61538461538461
HOSP-1452,The Johns Hopkins Hospital,maternity,,450,300,66.66666666666666
HOSP-1452,The Johns Hopkins Hospital,pediatrics,2022-06-19,240,130,54.166666666666664
HOSP-1453,The Johns Hopkins Hospital,icu,,270,20,7.4074074074074066
HOSP-1455,The Johns Hopkins Hospital,maternity,,230,90,39.130434782608695
HOSP-1455,The Johns Hopkins Hospital,pediatrics,2021-06-23,330,110,33.33333333333333
HOSP-1456,The Johns Hopkins Hospital,pediatrics,,110,320,290.90909090909093
HOSP-1457,The Johns Hopkins Hospital,maternity,2024-04-24,370,160,43.24324324324324
HOSP-1460,The Johns Hopkins Hospital,icu,2022-08-27,430,60,13.953488372093023
HOSP-1462,The Johns Hopkins Hospital,icu,2024-06-19,110,340,309.09090909090907
HOSP-1463,The Johns Hopkins Hospital,er,,290,50,17.24137931034483
HOSP-1464,The Johns Hopkins Hospital,maternity,2024-03-16,390,390,100.0
HOSP-1468,The Johns Hopkins Hospital,er,2021-11-30,380,250,65.78947368421053
HOSP-1470,The Johns Hopkins Hospital,surgery,2022-04-23,150,330,220.00000000000003
HOSP-1471,The Johns Hopkins Hospital,pediatrics,2022-01-27,240,220,91.66666666666666
HOSP-1473,The Johns Hopkins Hospital,pediatrics,,370,400,108.10810810810811
HOSP-1474,The Johns Hopkins Hospital,icu,,130,190,146.15384615384613
HOSP-1474,The Johns Hopkins Hospital,surgery,2022-03-28,120,320,266.66666666666663
HOSP-1475,The Johns Hopkins Hospital,maternity,2023-05-23,460,320,69.56521739130434
HOSP-1475,The Johns Hopkins Hospital,surgery,2021-10-13,250,40,16.0
HOSP-1476,The Johns Hopkins Hospital,maternity,,100,360,360.0
HOSP-1478,The Johns Hopkins Hospital,maternity,,470,90,19.148936170212767
HOSP-1479,The Johns Hopkins Hospital,surgery,,430,200,46.51162790697674
HOSP-1480,The Johns Hopkins Hospital,er,2023-05-28,310,230,74.19354838709677
HOSP-1480,The Johns Hopkins Hospital,maternity,,320,80,25.0
HOSP-1480,The Johns Hopkins Hospital,pediatrics,,220,390,177.27272727272728
HOSP-1480,The Johns Hopkins Hospital,surgery,2022-10-24,470,10,2.127659574468085
HOSP-1481,The Johns Hopkins Hospital,pediatrics,,260,360,138.46153846153845
HOSP-1482,The Johns Hopkins Hospital,er,2024-01-15,360,400,111.11111111111111
HOSP-1482,The Johns Hopkins Hospital,icu,,150,240,160.0
HOSP-1483,The Johns Hopkins Hospital,er,2024-03-24,330,240,72.72727272727273
HOSP-1483,The Johns Hopkins Hospital,surgery,2023-10-26,180,130,72.22222222222221
HOSP-1486,The Johns Hopkins Hospital,surgery,,370,290,78.37837837837837
HOSP-1487,The Johns Hopkins Hospital,surgery,2022-04-16,160,400,250.0
HOSP-1489,The Johns Hopkins Hospital,icu,2022-10-28,260,10,3.8461538461538463
HOSP-1489,The Johns Hopkins Hospital,maternity,2022-12-24,280,270,96.42857142857143
HOSP-1490,The Johns Hopkins Hospital,maternity,,200,300,150.0
HOSP-1491,The Johns Hopkins Hospital,icu,,330,310,93.93939393939394
HOSP-1491,The Johns Hopkins Hospital,surgery,2020-12-31,470,280,59.57446808510638
HOSP-1492,The Johns Hopkins Hospital,icu,,450,280,62.22222222222222
HOSP-1492,The Johns Hopkins Hospital,pediatrics,2022-10-23,430,260,60.46511627906976
HOSP-1493,The Johns Hopkins Hospital,icu,2020-12-20,430,100,23.25581395348837
HOSP-1494,The Johns Hopkins Hospital,pediatrics,,490,310,63.26530612244898
HOSP-1495,The Johns Hopkins Hospital,er,2022-11-13,140,390,278.57142857142856
HOSP-1495,The Johns Hopkins Hospital,icu,2022-09-14,110,50,45.45454545454545
HOSP-1495,The Johns Hopkins Hospital,pediatrics,,340,40,11.76470588235294
HOSP-1496,The Johns Hopkins Hospital,er,2021-10-31,420,170,40.476190476190474
HOSP-1497,The Johns Hopkins Hospital,maternity,2024-03-31,300,400,133.33333333333331
HOSP-1497,The Johns Hopkins Hospital,maternity,,360,150,41.66666666666667
HOSP-1497,The Johns Hopkins Hospital,pediatrics,2021-12-16,200,10,5.0
HOSP-1498,The Johns Hopkins Hospital,er,2021-03-17,200,30,15.0
HOSP-1498,The Johns Hopkins Hospital,icu,2021-09-27,450,190,42.22222222222222
HOSP-1498,The Johns Hopkins Hospital,pediatrics,2022-04-28,220,220,100.0
HOSP-1498,The Johns Hopkins Hospital,pediatrics,,170,230,135.29411764705884
HOSP-1499,The Johns Hopkins Hospital,pediatrics,2024-03-26,420,260,61.904761904761905
HOSP-1500,The Johns Hopkins Hospital,icu,2021-12-21,480,180,37.5
HOSP-1500,The Johns Hopkins Hospital,maternity,2024-05-18,340,110,32.35294117647059
HOSP-1501,The Johns Hopkins Hospital,maternity,2022-11-28,290,210,72.41379310344827
HOSP-1502,The Johns Hopkins Hospital,icu,,110,190,172.72727272727272
HOSP-1502,The Johns Hopkins Hospital,maternity,,270,90,33.33333333333333
HOSP-1502,The Johns Hopkins Hospital,surgery,2022-04-15,280,220,78.57142857142857
HOSP-1502,The Johns Hopkins Hospital,surgery,,340,340,100.0
HOSP-1503,The Johns Hopkins Hospital,maternity,2021-07-13,350,60,17.142857142857142
HOSP-1506,The Johns Hopkins Hospital,er,2022-05-30,430,390,90.69767441860465
HOSP-1506,The Johns Hopkins Hospital,pediatrics,2021-05-18,210,70,33.33333333333333
HOSP-1506,The Johns Hopkins Hospital,surgery,2021-11-15,170,400,235.29411764705884
HOSP-1509,The Johns Hopkins Hospital,er,2024-03-25,410,400,97.5609756097561
HOSP-1509,The Johns Hopkins Hospital,er,,370,20,5.405405405405405
HOSP-1509,The Johns Hopkins Hospital,maternity,2021-03-13,390,170,43.58974358974359
HOSP-1510,The Johns Hopkins Hospital,icu,2022-06-22,220,10,4.545454545454546
HOSP-1511,The Johns Hopkins Hospital,maternity,,160,20,12.5
HOSP-1514,The Johns Hopkins Hospital,er,2023-03-31,400,280,70.0
HOSP-1515,The Johns Hopkins Hospital,er,2021-03-17,320,340,106.25
HOSP-1516,The Johns Hopkins Hospital,maternity,2021-03-30,180,160,88.88888888888889
HOSP-1516,The Johns Hopkins Hospital,surgery,2022-03-20,480,20,4.166666666666666
HOSP-1517,The Johns Hopkins Hospital,maternity,,470,350,74.46808510638297
HOSP-1518,The Johns Hopkins Hospital,maternity,2022-07-25,390,60,15.384615384615385
HOSP-1518,The Johns Hopkins Hospital,maternity,2024-05-31,440,300,68.18181818181817
HOSP-1520,The Johns Hopkins Hospital,pediatrics,2021-05-29,250,210,84.0
HOSP-1521,The Johns Hopkins Hospital,icu,,180,100,55.55555555555556
HOSP-1521,The Johns Hopkins Hospital,pediatrics,2022-01-23,410,360,87.8048780487805
HOSP-1522,The Johns Hopkins Hospital,icu,,490,320,65.3061224489796
HOSP-1522,The Johns Hopkins Hospital,pediatrics,2020-12-21,500,350,70.0
HOSP-1523,The Johns Hopkins Hospital,surgery,2022-12-22,410,120,29.268292682926827
HOSP-1524,The Johns Hopkins Hospital,er,,280,120,42.857142857142854
HOSP-1525,The Johns Hopkins Hospital,icu,,250,20,8.0
HOSP-1526,The Johns Hopkins Hospital,pediatrics,2024-05-16,460,340,73.91304347826086
HOSP-1527,The Johns Hopkins Hospital,pediatrics,,370,340,91.8918918918919
HOSP-1528,The Johns Hopkins Hospital,pediatrics,2023-09-16,430,340,79.06976744186046
HOSP-1528,The Johns Hopkins Hospital,surgery,2023-10-25,490,100,20.408163265306122
HOSP-1529,The Johns Hopkins Hospital,icu,2023-12-30,450,310,68.88888888888889
HOSP-1529,The Johns Hopkins Hospital,maternity,,350,200,57.14285714285714
HOSP-1530,The Johns Hopkins Hospital,surgery,2021-09-25,360,280,77.77777777777779
HOSP-1530,The Johns Hopkins Hospital,surgery,,340,180,52.94117647058824
HOSP-1531,The Johns Hopkins Hospital,icu,,160,170,106.25
HOSP-1531,The Johns Hopkins Hospital,maternity,2021-05-22,280,140,50.0
HOSP-1532,The Johns Hopkins Hospital,er,,420,100,23.809523809523807
HOSP-1533,The Johns Hopkins Hospital,er,,240,270,112.5
HOSP-1533,The Johns Hopkins Hospital,icu,2024-02-23,400,20,5.0
HOSP-1533,The Johns Hopkins Hospital,icu,,290,280,96.55172413793103
HOSP-1534,The Johns Hopkins Hospital,pediatrics,2023-04-16,140,350,250.0
HOSP-1536,The Johns Hopkins Hospital,er,2020-12-28,450,400,88.88888888888889
HOSP-1538,The Johns Hopkins Hospital,er,,110,20,18.181818181818183
HOSP-1538,The Johns Hopkins Hospital,maternity,2023-09-16,180,200,111.11111111111111
HOSP-1538,The Johns Hopkins Hospital,pediatrics,2024-03-30,440,150,34.090909090909086
HOSP-1541,The Johns Hopkins Hospital,maternity,2022-07-21,190,160,84.21052631578947
HOSP-1542,The Johns Hopkins Hospital,er,2021-07-24,380,300,78.94736842105263
HOSP-1543,The Johns Hopkins Hospital,er,2022-01-31,390,180,46.15384615384615
HOSP-1543,The Johns Hopkins Hospital,pediatrics,,490,20,4.081632653061225
HOSP-1543,The Johns Hopkins Hospital,surgery,2020-07-29,360,50,13.88888888888889
HOSP-1545,The Johns Hopkins Hospital,maternity,,190,160,84.21052631578947
HOSP-1548,The Johns Hopkins Hospital,er,,470,370,78.72340425531915
HOSP-1549,The Johns Hopkins Hospital,er,,110,70,63.63636363636363
HOSP-1549,The Johns Hopkins Hospital,icu,,250,230,92.0
HOSP-1551,The Johns Hopkins Hospital,er,2020-10-15,290,260,89.65517241379311
HOSP-1552,The Johns Hopkins Hospital,icu,2023-03-17,450,280,62.22222222222222
HOSP-1553,The Johns Hopkins Hospital,maternity,2021-12-27,440,360,81.81818181818183
HOSP-1553,The Johns Hopkins Hospital,pediatrics,,180,270,150.0
HOSP-1554,The Johns Hopkins Hospital,surgery,,250,310,124.0
HOSP-1555,The Johns Hopkins Hospital,surgery,2023-02-21,400,100,25.0
HOSP-1556,The Johns Hopkins Hospital,surgery,,240,240,100.0
HOSP-1557,The Johns Hopkins Hospital,maternity,,210,0,0.0
HOSP-1558,The Johns Hopkins Hospital,icu,2020-09-28,430,60,13.953488372093023
HOSP-1558,The Johns Hopkins Hospital,icu,2023-07-17,440,30,6.8181818181818175
HOSP-1559,The Johns Hopkins Hospital,maternity,2023-04-23,180,50,27.77777777777778
HOSP-1561,The Johns Hopkins Hospital,pediatrics,2021-08-14,380,370,97.36842105263158
HOSP-1564,The Johns Hopkins Hospital,maternity,2024-02-28,200,270,135.0
HOSP-1565,The Johns Hopkins Hospital,surgery,,300,280,93.33333333333333
HOSP-1566,The Johns Hopkins Hospital,er,,500,190,38.0
HOSP-1567,The Johns Hopkins Hospital,icu,2022-06-23,230,220,95.65217391304348
HOSP-1568,The Johns Hopkins Hospital,er,2022-05-23,190,220,115.78947368421053
HOSP-1570,The Johns Hopkins Hospital,pediatrics,2023-08-20,140,380,271.42857142857144
HOSP-1570,The Johns Hopkins Hospital,pediatrics,,280,300,107.14285714285714
HOSP-1571,The Johns Hopkins Hospital,icu,,500,200,40.0
HOSP-1572,The Johns Hopkins Hospital,maternity,,490,160,32.6530612244898
HOSP-1573,The Johns Hopkins Hospital,surgery,2021-07-19,280,270,96.42857142857143
HOSP-1573,The Johns Hopkins Hospital,surgery,2024-06-20,230,70,30.434782608695656
HOSP-1574,The Johns Hopkins Hospital,icu,2023-04-23,110,30,27.27272727272727
HOSP-1574,The Johns Hopkins Hospital,maternity,2023-01-22,340,230,67.64705882352942
HOSP-1574,The Johns Hopkins Hospital,surgery,,330,60,18.181818181818183
HOSP-1575,The Johns Hopkins Hospital,er,,130,350,269.2307692307692
HOSP-1577,The Johns Hopkins Hospital,icu,,450,340,75.55555555555556
HOSP-1577,The Johns Hopkins Hospital,maternity,,470,140,29.78723404255319
HOSP-1582,The Johns Hopkins Hospital,er,,290,400,137.93103448275863
HOSP-1582,The Johns Hopkins Hospital,maternity,,100,390,390.0
HOSP-1585,The Johns Hopkins Hospital,icu,2023-08-22,170,180,105.88235294117648
HOSP-1585,The Johns Hopkins Hospital,icu,2023-10-23,100,370,370.0
HOSP-1585,The Johns Hopkins Hospital,surgery,2021-08-15,490,120,24.489795918367346
HOSP-1586,The Johns Hopkins Hospital,surgery,2022-04-27,220,0,0.0
HOSP-1588,The Johns Hopkins Hospital,maternity,,430,290,67.44186046511628
HOSP-1588,The Johns Hopkins Hospital,pediatrics,,130,10,7.6923076923076925
HOSP-1590,The Johns Hopkins Hospital,icu,2020-07-26,150,10,6.666666666666667
HOSP-1590,The Johns Hopkins Hospital,pediatrics,,160,250,156.25
HOSP-1590,The Johns Hopkins Hospital,surgery,2021-01-21,390,350,89.74358974358975
HOSP-1592,The Johns Hopkins Hospital,er,,440,250,56.81818181818182
HOSP-1592,The Johns Hopkins Hospital,maternity,2024-01-13,490,390,79.59183673469387
HOSP-1593,The Johns Hopkins Hospital,icu,,400,280,70.0
HOSP-1593,The Johns Hopkins Hospital,pediatrics,2024-07-15,190,70,36.84210526315789
HOSP-1594,The Johns Hopkins Hospital,er,2021-01-18,280,210,75.0
HOSP-1594,The Johns Hopkins Hospital,maternity,2023-04-18,440,70,15.909090909090908
HOSP-1594,The Johns Hopkins Hospital,pediatrics,2023-05-25,500,180,36.0
HOSP-1594,The Johns Hopkins Hospital,surgery,,140,100,71.42857142857143
HOSP-1595,The Johns Hopkins Hospital,er,2023-10-17,420,120,28.57142857142857
HOSP-1596,The Johns Hopkins Hospital,er,2023-03-25,120,100,83.33333333333334
HOSP-1597,The Johns Hopkins Hospital,icu,2022-06-27,280,30,10.714285714285714
HOSP-1600,The Johns Hopkins Hospital,maternity,,160,160,100.0
HOSP-1600,The Johns Hopkins Hospital,pediatrics,,150,110,73.33333333333333
HOSP-1601,The Johns Hopkins Hospital,maternity,2023-01-20,130,260,200.0
HOSP-1603,The Johns Hopkins Hospital,surgery,2021-04-21,450,180,40.0
HOSP-1606,The Johns Hopkins Hospital,icu,,150,50,33.33333333333333
HOSP-1607,The Johns Hopkins Hospital,maternity,2021-05-22,300,270,90.0
HOSP-1610,The Johns Hopkins Hospital,er,,350,210,60.0
HOSP-1610,The Johns Hopkins Hospital,maternity,2022-08-28,180,360,200.0
HOSP-1610,The Johns Hopkins Hospital,maternity,,240,270,112.5
HOSP-1611,The Johns Hopkins Hospital,pediatrics,,420,80,19.047619047619047
HOSP-1611,The Johns Hopkins Hospital,surgery,2020-11-25,280,60,21.428571428571427
HOSP-1612,The Johns Hopkins Hospital,surgery,,180,170,94.44444444444444
HOSP-1613,The Johns Hopkins Hospital,icu,,400,110,27.500000000000004
HOSP-1615,The Johns Hopkins Hospital,er,,290,230,79.3103448275862
HOSP-1617,The Johns Hopkins Hospital,maternity,2022-03-23,140,350,250.0
HOSP-1618,The Johns Hopkins Hospital,pediatrics,2023-06-24,430,400,93.02325581395348
HOSP-1618,The Johns Hopkins Hospital,pediatrics,,360,250,69.44444444444444
HOSP-1618,The Johns Hopkins Hospital,surgery,,180,90,50.0
HOSP-1619,The Johns Hopkins Hospital,er,,100,60,60.0
HOSP-1619,The Johns Hopkins Hospital,pediatrics,2023-11-28,460,160,34.78260869565217
HOSP-1620,The Johns Hopkins Hospital,er,2022-01-19,250,240,96.0
HOSP-1620,The Johns Hopkins Hospital,icu,,340,360,105.88235294117648
HOSP-1620,The Johns Hopkins Hospital,surgery,,130,80,61.53846153846154
HOSP-1621,The Johns Hopkins Hospital,maternity,2020-08-19,160,340,212.5
HOSP-1622,The Johns Hopkins Hospital,icu,,150,90,60.0
HOSP-1626,The Johns Hopkins Hospital,pediatrics,2021-09-28,190,290,152.63157894736844
HOSP-1627,The Johns Hopkins Hospital,icu,2021-02-15,290,260,89.65517241379311
HOSP-1627,The Johns Hopkins Hospital,surgery,2022-06-13,390,150,38.46153846153847
HOSP-1628,The Johns Hopkins Hospital,maternity,2024-06-14,260,60,23.076923076923077
HOSP-1628,The Johns Hopkins Hospital,pediatrics,2024-04-27,440,90,20.454545454545457
HOSP-1630,The Johns Hopkins Hospital,icu,2020-10-19,200,100,50.0
HOSP-1630,The Johns Hopkins Hospital,maternity,2022-07-23,350,330,94.28571428571428
HOSP-1631,The Johns Hopkins Hospital,pediatrics,,320,370,115.625
HOSP-1634,The Johns Hopkins Hospital,pediatrics,2022-04-22,360,260,72.22222222222221
HOSP-1635,The Johns Hopkins Hospital,er,,140,140,100.0
HOSP-1635,The Johns Hopkins Hospital,icu,,380,190,50.0
HOSP-1637,The Johns Hopkins Hospital,icu,,440,390,88.63636363636364
HOSP-1638,The Johns Hopkins Hospital,icu,2021-05-25,250,130,52.0
HOSP-1639,The Johns Hopkins Hospital,er,2023-12-31,420,100,23.809523809523807
HOSP-1641,The Johns Hopkins Hospital,maternity,,240,60,25.0
HOSP-1642,The Johns Hopkins Hospital,icu,,280,320,114.28571428571428
HOSP-1643,The Johns Hopkins Hospital,er,2023-12-13,500,20,4.0
HOSP-1643,The Johns Hopkins Hospital,er,,460,310,67.3913043478261
HOSP-1644,The Johns Hopkins Hospital,icu,2020-10-16,360,300,83.33333333333334
HOSP-1644,The Johns Hopkins Hospital,icu,,360,240,66.66666666666666
HOSP-1644,The Johns Hopkins Hospital,maternity,2022-07-27,220,70,31.818181818181817
HOSP-1644,The Johns Hopkins Hospital,maternity,,360,40,11.11111111111111
HOSP-1645,The Johns Hopkins Hospital,icu,,160,40,25.0
HOSP-1645,The Johns Hopkins Hospital,pediatrics,2020-12-28,280,10,3.571428571428571
HOSP-1646,The Johns Hopkins Hospital,pediatrics,,350,30,8.571428571428571
HOSP-1647,The Johns Hopkins Hospital,icu,2021-12-31,380,120,31.57894736842105
HOSP-1647,The Johns Hopkins Hospital,maternity,2020-11-19,240,110,45.83333333333333
HOSP-1648,The Johns Hopkins Hospital,icu,2024-07-22,210,90,42.857142857142854
HOSP-1649,The Johns Hopkins Hospital,surgery,,100,250,250.0
HOSP-1651,The Johns Hopkins Hospital,surgery,,120,30,25.0
HOSP-1652,The Johns Hopkins Hospital,pediatrics,2023-04-19,280,210,75.0
HOSP-1653,The Johns Hopkins Hospital,icu,,280,400,142.85714285714286
HOSP-1654,The Johns Hopkins Hospital,maternity,2023-12-21,410,50,12.195121951219512
HOSP-1656,The Johns Hopkins Hospital,surgery,2022-08-14,240,390,162.5
HOSP-1657,The Johns Hopkins Hospital,icu,,450,300,66.66666666666666
HOSP-1661,The Johns Hopkins Hospital,er,,450,50,11.11111111111111
HOSP-1661,The Johns Hopkins Hospital,icu,2023-07-27,450,340,75.55555555555556
HOSP-1661,The Johns Hopkins Hospital,icu,2023-12-29,200,370,185.0
HOSP-1662,The Johns Hopkins Hospital,icu,,160,290,181.25
HOSP-1662,The Johns Hopkins Hospital,maternity,2021-12-27,330,310,93.93939393939394
HOSP-1663,The Johns Hopkins Hospital,er,,220,90,40.909090909090914
HOSP-1663,The Johns Hopkins Hospital,icu,,490,40,8.16326530612245
HOSP-1665,The Johns Hopkins Hospital,icu,2023-06-20,140,0,0.0
HOSP-1668,The Johns Hopkins Hospital,surgery,2021-03-25,360,10,2.7777777777777777
HOSP-1669,The Johns Hopkins Hospital,er,2022-07-18,360,310,86.11111111111111
HOSP-1669,The Johns Hopkins Hospital,pediatrics,,180,260,144.44444444444443
HOSP-1669,The Johns Hopkins Hospital,surgery,,190,190,100.0
HOSP-1670,The Johns Hopkins Hospital,surgery,2023-07-21,270,160,59.25925925925925
HOSP-1671,The Johns Hopkins Hospital,surgery,,290,390,134.48275862068965
HOSP-1672,The Johns Hopkins Hospital,er,,480,380,79.16666666666666
HOSP-1672,The Johns Hopkins Hospital,icu,2022-09-22,100,340,340.0
HOSP-1672,The Johns Hopkins Hospital,maternity,2021-01-31,390,120,30.76923076923077
HOSP-1674,The Johns Hopkins Hospital,surgery,,310,70,22.58064516129032
HOSP-1678,The Johns Hopkins Hospital,icu,,210,30,14.285714285714285
HOSP-1683,The Johns Hopkins Hospital,icu,,310,190,61.29032258064516
HOSP-1685,The Johns Hopkins Hospital,icu,,300,340,113.33333333333333
HOSP-1685,The Johns Hopkins Hospital,maternity,2023-11-26,400,100,25.0
HOSP-1685,The Johns Hopkins Hospital,pediatrics,2024-01-25,290,40,13.793103448275861
HOSP-1687,The Johns Hopkins Hospital,pediatrics,2023-03-24,240,120,50.0
HOSP-1687,The Johns Hopkins Hospital,surgery,2020-11-25,260,120,46.15384615384615
HOSP-1688,The Johns Hopkins Hospital,pediatrics,2023-09-13,130,140,107.6923076923077
HOSP-1690,The Johns Hopkins Hospital,maternity,2024-01-19,430,230,53.48837209302325
HOSP-1690,The Johns Hopkins Hospital,surgery,2020-12-19,380,260,68.42105263157895
HOSP-1691,The Johns Hopkins Hospital,er,2023-06-13,480,340,70.83333333333334
HOSP-1691,The Johns Hopkins Hospital,er,2024-03-30,410,350,85.36585365853658
HOSP-1693,The Johns Hopkins Hospital,er,2024-03-20,360,170,47.22222222222222
HOSP-1693,The Johns Hopkins Hospital,pediatrics,2023-10-23,380,200,52.63157894736842
HOSP-1694,The Johns Hopkins Hospital,icu,2021-01-24,110,350,318.1818181818182
HOSP-1694,The Johns Hopkins Hospital,maternity,2022-09-21,160,240,150.0
HOSP-1695,The Johns Hopkins Hospital,er,2024-01-30,370,160,43.24324324324324
HOSP-1697,The Johns Hopkins Hospital,surgery,2021-05-22,170,170,100.0
HOSP-1698,The Johns Hopkins Hospital,er,2020-11-28,310,350,112.90322580645163
HOSP-1698,The Johns Hopkins Hospital,maternity,,390,230,58.97435897435898
HOSP-1699,The Johns Hopkins Hospital,maternity,,120,50,41.66666666666667
HOSP-1699,The Johns Hopkins Hospital,surgery,,370,350,94.5945945945946
HOSP-1700,The Johns Hopkins Hospital,er,2024-04-26,110,20,18.181818181818183
HOSP-1700,The Johns Hopkins Hospital,er,,230,180,78.26086956521739
HOSP-1701,The Johns Hopkins Hospital,er,2022-11-27,500,230,46.0
HOSP-1701,The Johns Hopkins Hospital,icu,2023-07-20,160,60,37.5
HOSP-1701,The Johns Hopkins Hospital,icu,,330,10,3.0303030303030303
HOSP-1701,The Johns Hopkins Hospital,maternity,2024-03-25,450,140,31.11111111111111
HOSP-1701,The Johns Hopkins Hospital,pediatrics,,380,50,13.157894736842104
HOSP-1702,The Johns Hopkins Hospital,surgery,2022-12-25,220,280,127.27272727272727
HOSP-1703,The Johns Hopkins Hospital,er,2022-05-24,140,320,228.57142857142856
HOSP-1704,The Johns Hopkins Hospital,maternity,2023-02-23,340,80,23.52941176470588
HOSP-1704,The Johns Hopkins Hospital,pediatrics,2023-12-29,260,110,42.30769230769231
HOSP-1704,The Johns Hopkins Hospital,surgery,,220,390,177.27272727272728
HOSP-1705,The Johns Hopkins Hospital,surgery,2021-10-24,470,290,61.702127659574465
HOSP-1705,The Johns Hopkins Hospital,surgery,2024-05-14,190,250,131.57894736842107
HOSP-1706,The Johns Hopkins Hospital,pediatrics,2022-09-24,180,350,194.44444444444443
HOSP-1706,The Johns Hopkins Hospital,surgery,,250,90,36.0
HOSP-1707,The Johns Hopkins Hospital,surgery,2020-09-22,190,30,15.789473684210526
HOSP-1707,The Johns Hopkins Hospital,surgery,2021-03-30,270,80,29.629629629629626
HOSP-1708,The Johns Hopkins Hospital,icu,,230,80,34.78260869565217
HOSP-1708,The Johns Hopkins Hospital,maternity,,260,220,84.61538461538461
HOSP-1710,The Johns Hopkins Hospital,icu,,410,170,41.46341463414634
HOSP-1710,The Johns Hopkins Hospital,pediatrics,,370,290,78.37837837837837
HOSP-1711,The Johns Hopkins Hospital,er,,420,160,38.095238095238095
HOSP-1711,The Johns Hopkins Hospital,icu,,380,230,60.526315789473685
HOSP-1713,The Johns Hopkins Hospital,er,,190,170,89.47368421052632
HOSP-1713,The Johns Hopkins Hospital,icu,,340,50,14.705882352941178
HOSP-1713,The Johns Hopkins Hospital,maternity,,480,70,14.583333333333334
HOSP-1714,The Johns Hopkins Hospital,icu,,180,240,133.33333333333331
HOSP-1714,The Johns Hopkins Hospital,pediatrics,,330,280,84.84848484848484
HOSP-1715,The Johns Hopkins Hospital,maternity,,310,390,125.80645161290323
HOSP-1718,The Johns Hopkins Hospital,er,,150,290,193.33333333333334
HOSP-1718,The Johns Hopkins Hospital,maternity,2021-03-24,150,30,20.0
HOSP-1719,The Johns Hopkins Hospital,er,2020-08-19,170,240,141.1764705882353
HOSP-1721,The Johns Hopkins Hospital,er,2023-06-29,190,280,147.36842105263156
HOSP-1721,The Johns Hopkins Hospital,er,2023-09-21,280,360,128.57142857142858
HOSP-1723,The Johns Hopkins Hospital,er,,370,120,32.432432432432435
HOSP-1723,The Johns Hopkins Hospital,surgery,2022-10-27,220,10,4.545454545454546
HOSP-1724,The Johns Hopkins Hospital,er,,350,240,68.57142857142857
HOSP-1724,The Johns Hopkins Hospital,icu,2022-09-18,430,220,51.162790697674424
HOSP-1724,The Johns Hopkins Hospital,maternity,,300,330,110.00000000000001
HOSP-1725,The Johns Hopkins Hospital,pediatrics,2021-09-24,400,320,80.0
HOSP-1726,The Johns Hopkins Hospital,er,2021-12-18,260,170,65.38461538461539
HOSP-1726,The Johns Hopkins Hospital,maternity,,350,380,108.57142857142857
HOSP-1726,The Johns Hopkins Hospital,pediatrics,2022-05-16,170,270,158.8235294117647
HOSP-1727,The Johns Hopkins Hospital,er,2021-08-23,400,150,37.5
HOSP-1727,The Johns Hopkins Hospital,pediatrics,2023-04-17,420,390,92.85714285714286
HOSP-1728,The Johns Hopkins Hospital,er,2023-08-20,280,210,75.0
HOSP-1729,The Johns Hopkins Hospital,icu,2022-07-18,250,300,120.0
HOSP-1729,The Johns Hopkins Hospital,icu,2022-12-31,150,180,120.0
HOSP-1730,The Johns Hopkins Hospital,icu,2023-12-20,380,330,86.8421052631579
HOSP-1732,The Johns Hopkins Hospital,icu,,180,290,161.11111111111111
HOSP-1733,The Johns Hopkins Hospital,pediatrics,,150,70,46.666666666666664
HOSP-1734,The Johns Hopkins Hospital,er,2023-08-21,150,0,0.0
HOSP-1734,The Johns Hopkins Hospital,pediatrics,2022-05-23,170,90,52.94117647058824
HOSP-1735,The Johns Hopkins Hospital,pediatrics,,150,40,26.666666666666668
HOSP-1735,The Johns Hopkins Hospital,surgery,2024-03-24,500,200,40.0
HOSP-1737,The Johns Hopkins Hospital,maternity,2022-10-23,410,290,70.73170731707317
HOSP-1738,The Johns Hopkins Hospital,icu,2021-06-23,380,260,68.42105263157895
HOSP-1738,The Johns Hopkins Hospital,icu,2023-04-15,310,40,12.903225806451612
HOSP-1738,The Johns Hopkins Hospital,icu,2023-06-13,320,380,118.75
HOSP-1738,The Johns Hopkins Hospital,icu,,110,390,354.54545454545456
HOSP-1738,The Johns Hopkins Hospital,maternity,,500,310,62.0
HOSP-1738,The Johns Hopkins Hospital,surgery,2022-04-14,280,390,139.28571428571428
HOSP-1740,The Johns Hopkins Hospital,er,2021-12-29,440,290,65.9090909090909
HOSP-1740,The Johns Hopkins Hospital,maternity,2023-06-19,260,400,153.84615384615387
HOSP-1740,The Johns Hopkins Hospital,surgery,,250,300,120.0
HOSP-1741,The Johns Hopkins Hospital,pediatrics,2023-12-30,340,190,55.88235294117647
HOSP-1741,The Johns Hopkins Hospital,pediatrics,,400,210,52.5
HOSP-1741,The Johns Hopkins Hospital,surgery,,370,140,37.83783783783784
HOSP-1743,The Johns Hopkins Hospital,surgery,2023-07-14,440,250,56.81818181818182
HOSP-1745,The Johns Hopkins Hospital,er,2023-03-29,170,290,170.58823529411765
HOSP-1746,The Johns Hopkins Hospital,er,2023-05-26,470,130,27.659574468085108
HOSP-1748,The Johns Hopkins Hospital,er,2021-05-27,200,130,65.0
HOSP-1748,The Johns Hopkins Hospital,er,2023-11-21,350,100,28.57142857142857
HOSP-1748,The Johns Hopkins Hospital,pediatrics,2022-07-26,320,380,118.75
HOSP-1750,The Johns Hopkins Hospital,er,,210,320,152.38095238095238
HOSP-1750,The Johns Hopkins Hospital,pediatrics,2023-08-24,470,110,23.404255319148938
HOSP-1752,The Johns Hopkins Hospital,icu,2022-08-29,330,40,12.121212121212121
HOSP-1753,The Johns Hopkins Hospital,icu,2021-03-28,370,100,27.027027027027028
HOSP-1753,The Johns Hopkins Hospital,icu,,110,130,118.18181818181819
HOSP-1754,The Johns Hopkins Hospital,er,2021-05-18,150,380,253.33333333333331
HOSP-1754,The Johns Hopkins Hospital,icu,2020-08-18,220,190,86.36363636363636
HOSP-1754,The Johns Hopkins Hospital,maternity,2023-09-24,250,90,36.0
HOSP-1754,The Johns Hopkins Hospital,surgery,2022-11-18,250,370,148.0
HOSP-1754,The Johns Hopkins Hospital,surgery,,210,230,109.52380952380953
HOSP-1755,The Johns Hopkins Hospital,maternity,,260,0,0.0
HOSP-1755,The Johns Hopkins Hospital,pediatrics,,360,250,69.44444444444444
HOSP-1756,The Johns Hopkins Hospital,maternity,,470,250,53.191489361702125
HOSP-1756,The Johns Hopkins Hospital,surgery,,340,10,2.941176470588235
HOSP-1758,The Johns Hopkins Hospital,er,,490,310,63.26530612244898
HOSP-1760,The Johns Hopkins Hospital,maternity,2021-12-14,450,130,28.888888888888886
HOSP-1760,The Johns Hopkins Hospital,pediatrics,2024-04-17,410,300,73.17073170731707
HOSP-1760,The Johns Hopkins Hospital,pediatrics,2024-06-28,210,400,190.47619047619045
HOSP-1760,The Johns Hopkins Hospital,surgery,2021-04-15,110,360,327.2727272727273
HOSP-1763,The Johns Hopkins Hospital,maternity,2021-05-13,160,50,31.25
HOSP-1763,The Johns Hopkins Hospital,surgery,2022-11-15,240,130,54.166666666666664
HOSP-1765,The Johns Hopkins Hospital,er,2021-07-16,410,260,63.41463414634146
HOSP-1765,The Johns Hopkins Hospital,icu,2024-05-23,270,210,77.77777777777779
HOSP-1765,The Johns Hopkins Hospital,surgery,,140,100,71.42857142857143
HOSP-1766,The Johns Hopkins Hospital,er,,180,120,66.66666666666666
HOSP-1767,The Johns Hopkins Hospital,er,2020-07-26,220,30,13.636363636363635
HOSP-1767,The Johns Hopkins Hospital,icu,2021-06-26,370,260,70.27027027027027
HOSP-1768,The Johns Hopkins Hospital,pediatrics,,360,50,13.88888888888889
HOSP-1770,The Johns Hopkins Hospital,er,2021-07-15,150,230,153.33333333333334
HOSP-1770,The Johns Hopkins Hospital,er,2024-04-25,500,290,57.99999999999999
HOSP-1771,The Johns Hopkins Hospital,maternity,2021-08-16,180,140,77.77777777777779
HOSP-1772,The Johns Hopkins Hospital,pediatrics,,370,260,70.27027027027027
HOSP-1773,The Johns Hopkins Hospital,icu,2024-05-17,440,10,2.272727272727273
HOSP-1774,The Johns Hopkins Hospital,pediatrics,,340,130,38.23529411764706
HOSP-1776,The Johns Hopkins Hospital,maternity,2023-11-23,190,40,21.052631578947366
HOSP-1777,The Johns Hopkins Hospital,surgery,,270,190,70.37037037037037
HOSP-1778,The Johns Hopkins Hospital,icu,,270,150,55.55555555555556
HOSP-1779,The Johns Hopkins Hospital,er,2020-12-23,310,260,83.87096774193549
HOSP-1779,The Johns Hopkins Hospital,er,,340,270,79.41176470588235
HOSP-1779,The Johns Hopkins Hospital,pediatrics,,120,260,216.66666666666666
HOSP-1780,The Johns Hopkins Hospital,icu,2023-06-14,170,20,11.76470588235294
HOSP-1780,The Johns Hopkins Hospital,icu,2024-05-23,390,320,82.05128205128204
HOSP-1780,The Johns Hopkins Hospital,pediatrics,2023-01-17,330,30,9.090909090909092
HOSP-1781,The Johns Hopkins Hospital,maternity,2024-02-21,420,130,30.952380952380953
HOSP-1782,The Johns Hopkins Hospital,icu,,490,20,4.081632653061225
HOSP-1782,The Johns Hopkins Hospital,pediatrics,,300,160,53.333333333333336
HOSP-1782,The Johns Hopkins Hospital,surgery,2021-01-22,130,270,207.6923076923077
HOSP-1783,The Johns Hopkins Hospital,surgery,2022-11-25,230,70,30.434782608695656
HOSP-1783,The Johns Hopkins Hospital,surgery,,260,60,23.076923076923077
HOSP-1785,The Johns Hopkins Hospital,er,,460,350,76.08695652173914
HOSP-1785,The Johns Hopkins Hospital,maternity,2020-08-25,400,40,10.0
HOSP-1786,The Johns Hopkins Hospital,er,2021-05-14,380,240,63.1578947368421
HOSP-1789,The Johns Hopkins Hospital,maternity,2021-11-16,420,230,54.761904761904766
HOSP-1789,The Johns Hopkins Hospital,surgery,2024-02-17,390,380,97.43589743589743
HOSP-1790,The Johns Hopkins Hospital,pediatrics,,400,200,50.0
HOSP-1792,The Johns Hopkins Hospital,maternity,2023-08-31,240,150,62.5
HOSP-1792,The Johns Hopkins Hospital,surgery,,210,310,147.61904761904762
HOSP-1793,The Johns Hopkins Hospital,er,2022-06-30,370,200,54.054054054054056
HOSP-1794,The Johns Hopkins Hospital,icu,2020-09-14,170,80,47.05882352941176
HOSP-1794,The Johns Hopkins Hospital,pediatrics,2020-07-27,220,100,45.45454545454545
HOSP-1795,The Johns Hopkins Hospital,er,2021-10-26,260,160,61.53846153846154
HOSP-1795,The Johns Hopkins Hospital,surgery,2022-01-25,500,20,4.0
HOSP-1796,The Johns Hopkins Hospital,maternity,2021-02-13,280,250,89.28571428571429
HOSP-1797,The Johns Hopkins Hospital,icu,,280,30,10.714285714285714
HOSP-1798,The Johns Hopkins Hospital,surgery,2020-07-31,270,40,14.814814814814813
HOSP-1799,The Johns Hopkins Hospital,er,2021-11-23,240,50,20.833333333333336
HOSP-1799,The Johns Hopkins Hospital,er,2022-01-21,140,350,250.0
HOSP-1799,The Johns Hopkins Hospital,pediatrics,2022-03-27,380,260,68.42105263157895
HOSP-1799,The Johns Hopkins Hospital,pediatrics,2022-11-30,200,250,125.0
HOSP-1799,The Johns Hopkins Hospital,pediatrics,2023-08-28,480,170,35.41666666666667
HOSP-1799,The Johns Hopkins Hospital,pediatrics,,460,90,19.565217391304348
HOSP-1800,The Johns Hopkins Hospital,er,2021-03-23,170,190,111.76470588235294
HOSP-1800,The Johns Hopkins Hospital,er,,370,370,100.0
HOSP-1800,The Johns Hopkins Hospital,surgery,2022-02-25,250,280,112.00000000000001
HOSP-1801,The Johns Hopkins Hospital,er,,370,30,8.108108108108109
HOSP-1801,The Johns Hopkins Hospital,icu,,120,140,116.66666666666667
HOSP-1802,The Johns Hopkins Hospital,maternity,2024-05-24,290,170,58.620689655172406
HOSP-1803,The Johns Hopkins Hospital,er,2024-06-29,310,100,32.25806451612903
HOSP-1804,The Johns Hopkins Hospital,icu,,110,310,281.8181818181818
HOSP-1805,The Johns Hopkins Hospital,icu,,110,60,54.54545454545454
HOSP-1807,The Johns Hopkins Hospital,surgery,2020-12-27,330,310,93.93939393939394
HOSP-1810,The Johns Hopkins Hospital,surgery,,410,340,82.92682926829268
HOSP-1814,The Johns Hopkins Hospital,maternity,2022-05-17,350,110,31.428571428571427
HOSP-1815,The Johns Hopkins Hospital,er,2022-04-14,240,30,12.5
HOSP-1816,The Johns Hopkins Hospital,er,2021-01-22,400,380,95.0
HOSP-1818,The Johns Hopkins Hospital,er,,400,120,30.0
HOSP-1822,The Johns Hopkins Hospital,er,,480,100,20.833333333333336
HOSP-1822,The Johns Hopkins Hospital,icu,,150,30,20.0
HOSP-1823,The Johns Hopkins Hospital,pediatrics,2020-09-13,300,40,13.333333333333334
HOSP-1825,The Johns Hopkins Hospital,er,2021-11-18,460,260,56.52173913043478
HOSP-1828,The Johns Hopkins Hospital,maternity,,160,160,100.0
HOSP-1828,The Johns Hopkins Hospital,pediatrics,2022-05-18,370,130,35.13513513513514
HOSP-1830,The Johns Hopkins Hospital,maternity,2021-02-22,460,390,84.78260869565217
HOSP-1831,The Johns Hopkins Hospital,pediatrics,,210,230,109.52380952380953
HOSP-1832,The Johns Hopkins Hospital,er,2020-11-17,450,30,6.666666666666667
HOSP-1832,The Johns Hopkins Hospital,surgery,2020-11-15,380,280,73.68421052631578
HOSP-1832,The Johns Hopkins Hospital,surgery,2023-11-27,350,240,68.57142857142857
HOSP-1834,The Johns Hopkins Hospital,pediatrics,2023-09-24,250,190,76.0
HOSP-1834,The Johns Hopkins Hospital,surgery,,410,350,85.36585365853658
HOSP-1836,The Johns Hopkins Hospital,maternity,2022-06-28,230,240,104.34782608695652
HOSP-1839,The Johns Hopkins Hospital,er,,380,330,86.8421052631579
HOSP-1841,The Johns Hopkins Hospital,er,,370,260,70.27027027027027
HOSP-1841,The Johns Hopkins Hospital,icu,2024-05-31,140,0,0.0
HOSP-1842,The Johns Hopkins Hospital,icu,2024-04-16,240,70,29.166666666666668
HOSP-1843,The Johns Hopkins Hospital,er,2022-10-25,290,40,13.793103448275861
HOSP-1844,The Johns Hopkins Hospital,pediatrics,,320,50,15.625
HOSP-1846,The Johns Hopkins Hospital,maternity,2021-06-18,390,340,87.17948717948718
HOSP-1846,The Johns Hopkins Hospital,pediatrics,2022-11-25,240,320,133.33333333333331
HOSP-1847,The Johns Hopkins Hospital,er,2020-09-20,300,80,26.666666666666668
HOSP-1848,The Johns Hopkins Hospital,pediatrics,2023-12-24,270,30,11.11111111111111
HOSP-1849,The Johns Hopkins Hospital,er,,390,50,12.82051282051282
HOSP-1849,The Johns Hopkins Hospital,icu,2022-05-23,500,60,12.0
HOSP-1849,The Johns Hopkins Hospital,surgery,2022-12-15,260,130,50.0
HOSP-1850,The Johns Hopkins Hospital,pediatrics,2021-12-16,380,240,63.1578947368421
HOSP-1850,The Johns Hopkins Hospital,pediatrics,2022-01-21,320,300,93.75
HOSP-1851,The Johns Hopkins Hospital,surgery,,430,230,53.48837209302325
HOSP-1853,The Johns Hopkins Hospital,icu,2023-12-29,470,350,74.46808510638297
HOSP-1853,The Johns Hopkins Hospital,surgery,2021-01-20,130,90,69.23076923076923
HOSP-1854,The Johns Hopkins Hospital,icu,2022-04-30,110,250,227.27272727272728
HOSP-1856,The Johns Hopkins Hospital,maternity,,490,150,30.612244897959183
HOSP-1857,The Johns Hopkins Hospital,er,,350,30,8.571428571428571
HOSP-1858,The Johns Hopkins Hospital,er,,310,250,80.64516129032258
HOSP-1858,The Johns Hopkins Hospital,maternity,,150,160,106.66666666666667
HOSP-1858,The Johns Hopkins Hospital,surgery,,330,140,42.42424242424242
HOSP-1859,The Johns Hopkins Hospital,pediatrics,,270,310,114.81481481481481
HOSP-1860,The Johns Hopkins Hospital,maternity,2022-03-23,280,260,92.85714285714286
HOSP-1860,The Johns Hopkins Hospital,pediatrics,,260,190,73.07692307692307
HOSP-1862,The Johns Hopkins Hospital,icu,,170,290,170.58823529411765
HOSP-1863,The Johns Hopkins Hospital,icu,2021-08-22,280,100,35.714285714285715
HOSP-1863,The Johns Hopkins Hospital,pediatrics,2021-11-22,130,110,84.61538461538461
HOSP-1865,The Johns Hopkins Hospital,icu,2023-03-16,450,360,80.0
HOSP-1866,The Johns Hopkins Hospital,pediatrics,2022-07-16,470,370,78.72340425531915
HOSP-1866,The Johns Hopkins Hospital,pediatrics,2023-09-30,390,370,94.87179487179486
HOSP-1867,The Johns Hopkins Hospital,pediatrics,,380,260,68.42105263157895
HOSP-1869,The Johns Hopkins Hospital,er,2022-11-15,140,310,221.42857142857144
HOSP-1869,The Johns Hopkins Hospital,er,,340,240,70.58823529411765
HOSP-1870,The Johns Hopkins Hospital,maternity,2020-07-26,130,310,238.46153846153845
HOSP-1873,The Johns Hopkins Hospital,icu,2021-08-27,270,290,107.40740740740742
HOSP-1874,The Johns Hopkins Hospital,maternity,,130,110,84.61538461538461
HOSP-1875,The Johns Hopkins Hospital,er,2022-06-23,190,150,78.94736842105263
HOSP-1877,The Johns Hopkins Hospital,maternity,2021-12-27,200,140,70.0
HOSP-1878,The Johns Hopkins Hospital,icu,2022-08-24,260,110,42.30769230769231
HOSP-1879,The Johns Hopkins Hospital,pediatrics,,350,20,5.714285714285714
HOSP-1880,The Johns Hopkins Hospital,pediatrics,,490,30,6.122448979591836
HOSP-1882,The Johns Hopkins Hospital,maternity,2022-02-23,170,290,170.58823529411765
HOSP-1886,The Johns Hopkins Hospital,er,2024-05-29,150,220,146.66666666666666
HOSP-1888,The Johns Hopkins Hospital,er,2020-08-31,400,50,12.5
HOSP-1888,The Johns Hopkins Hospital,maternity,2021-06-15,450,290,64.44444444444444
HOSP-1890,The Johns Hopkins Hospital,er,2022-07-31,450,300,66.66666666666666
HOSP-1894,The Johns Hopkins Hospital,maternity,,150,370,246.66666666666669
HOSP-1895,The Johns Hopkins Hospital,surgery,2021-12-17,260,220,84.61538461538461
HOSP-1896,The Johns Hopkins Hospital,er,,310,60,19.35483870967742
HOSP-1897,The Johns Hopkins Hospital,pediatrics,2021-08-22,320,270,84.375
HOSP-1897,The Johns Hopkins Hospital,surgery,,360,380,105.55555555555556
HOSP-1899,The Johns Hopkins Hospital,er,2021-03-26,420,30,7.142857142857142
HOSP-1900,The Johns Hopkins Hospital,icu,,310,40,12.903225806451612
HOSP-1901,The Johns Hopkins Hospital,icu,,400,140,35.0
HOSP-1901,The Johns Hopkins Hospital,surgery,,360,80,22.22222222222222
HOSP-1902,The Johns Hopkins Hospital,icu,2023-12-13,460,240,52.17391304347826
HOSP-1902,The Johns Hopkins Hospital,maternity,2020-08-22,270,70,25.925925925925924
HOSP-1903,The Johns Hopkins Hospital,er,,160,390,243.75
HOSP-1904,The Johns Hopkins Hospital,pediatrics,2020-08-28,440,200,45.45454545454545
HOSP-1905,The Johns Hopkins Hospital,icu,2021-08-20,170,210,123.52941176470588
HOSP-1905,The Johns Hopkins Hospital,pediatrics,2023-05-21,250,280,112.00000000000001
HOSP-1905,The Johns Hopkins Hospital,pediatrics,2024-01-13,340,100,29.411764705882355
HOSP-1907,The Johns Hopkins Hospital,icu,2023-11-20,160,310,193.75
HOSP-1910,The Johns Hopkins Hospital,icu,,150,330,220.00000000000003
HOSP-1912,The Johns Hopkins Hospital,er,2020-12-31,310,100,32.25806451612903
HOSP-1912,The Johns Hopkins Hospital,er,,480,60,12.5
HOSP-1912,The Johns Hopkins Hospital,icu,,420,30,7.142857142857142
HOSP-1914,The Johns Hopkins Hospital,icu,2021-04-14,450,340,75.55555555555556
HOSP-1915,The Johns Hopkins Hospital,maternity,,160,400,250.0
HOSP-1916,The Johns Hopkins Hospital,er,2022-08-20,360,200,55.55555555555556
HOSP-1916,The Johns Hopkins Hospital,icu,2021-06-16,210,290,138.0952380952381
HOSP-1917,The Johns Hopkins Hospital,maternity,,390,80,20.51282051282051
HOSP-1917,The Johns Hopkins Hospital,surgery,2022-11-30,190,310,163.1578947368421
HOSP-1920,The Johns Hopkins Hospital,surgery,,250,190,76.0
HOSP-1921,The Johns Hopkins Hospital,maternity,2023-04-22,400,110,27.500000000000004
HOSP-1922,The Johns Hopkins Hospital,icu,2022-07-28,450,110,24.444444444444443
HOSP-1923,The Johns Hopkins Hospital,maternity,,490,380,77.55102040816327
HOSP-1924,The Johns Hopkins Hospital,surgery,2023-01-31,480,140,29.166666666666668
HOSP-1932,The Johns Hopkins Hospital,icu,2023-01-28,210,30,14.285714285714285
HOSP-1933,The Johns Hopkins Hospital,er,2020-11-17,340,90,26.47058823529412
HOSP-1933,The Johns Hopkins Hospital,pediatrics,,420,30,7.142857142857142
HOSP-1933,The Johns Hopkins Hospital,surgery,2021-03-23,470,40,8.51063829787234
HOSP-1934,The Johns Hopkins Hospital,icu,2021-12-13,130,360,276.9230769230769
HOSP-1934,The Johns Hopkins Hospital,icu,,140,270,192.85714285714286
HOSP-1934,The Johns Hopkins Hospital,surgery,2023-09-23,390,260,66.66666666666666
HOSP-1936,The Johns Hopkins Hospital,surgery,2022-11-25,350,240,68.57142857142857
HOSP-1937,The Johns Hopkins Hospital,er,2023-05-26,270,190,70.37037037037037
HOSP-1937,The Johns Hopkins Hospital,er,,190,260,136.8421052631579
HOSP-1937,The Johns Hopkins Hospital,maternity,2023-07-20,160,100,62.5
HOSP-1938,The Johns Hopkins Hospital,icu,,450,380,84.44444444444444
HOSP-1938,The Johns Hopkins Hospital,pediatrics,,100,30,30.0
HOSP-1940,The Johns Hopkins Hospital,surgery,,100,260,260.0
HOSP-1941,The Johns Hopkins Hospital,icu,,240,0,0.0
HOSP-1945,The Johns Hopkins Hospital,er,,160,330,206.25
HOSP-1945,The Johns Hopkins Hospital,icu,2023-12-28,300,10,3.3333333333333335
HOSP-1948,The Johns Hopkins Hospital,icu,2024-04-13,490,360,73.46938775510205
HOSP-1949,The Johns Hopkins Hospital,pediatrics,,250,250,100.0
HOSP-1951,The Johns Hopkins Hospital,maternity,2022-01-25,470,10,2.127659574468085
HOSP-1951,The Johns Hopkins Hospital,pediatrics,2023-07-19,420,250,59.523809523809526
HOSP-1952,The Johns Hopkins Hospital,er,2024-05-16,470,130,27.659574468085108
HOSP-1954,The Johns Hopkins Hospital,er,,110,80,72.72727272727273
HOSP-1954,The Johns Hopkins Hospital,pediatrics,2024-01-13,140,20,14.285714285714285
HOSP-1956,The Johns Hopkins Hospital,er,2021-12-19,460,360,78.26086956521739
HOSP-1956,The Johns Hopkins Hospital,er,,400,360,90.0
HOSP-1957,The Johns Hopkins Hospital,er,2022-08-25,140,200,142.85714285714286
HOSP-1957,The Johns Hopkins Hospital,pediatrics,2021-01-14,460,110,23.91304347826087
HOSP-1958,The Johns Hopkins Hospital,icu,,270,290,107.40740740740742
HOSP-1959,The Johns Hopkins Hospital,maternity,2024-01-27,400,260,65.0
HOSP-1960,The Johns Hopkins Hospital,er,2021-01-23,330,380,115.15151515151516
HOSP-1960,The Johns Hopkins Hospital,pediatrics,2023-07-16,210,20,9.523809523809524
HOSP-1963,The Johns Hopkins Hospital,icu,,240,50,20.833333333333336
HOSP-1964,The Johns Hopkins Hospital,er,2022-09-25,280,260,92.85714285714286
HOSP-1964,The Johns Hopkins Hospital,pediatrics,,280,320,114.28571428571428
HOSP-1967,The Johns Hopkins Hospital,er,2022-12-29,480,20,4.166666666666666
HOSP-1968,The Johns Hopkins Hospital,pediatrics,2020-09-20,160,140,87.5
HOSP-1968,The Johns Hopkins Hospital,surgery,,440,50,11.363636363636363
HOSP-1969,The Johns Hopkins Hospital,maternity,2024-06-20,290,220,75.86206896551724
HOSP-1969,The Johns Hopkins Hospital,pediatrics,,440,80,18.181818181818183
HOSP-1969,The Johns Hopkins Hospital,surgery,2024-05-19,200,100,50.0
HOSP-1970,The Johns Hopkins Hospital,maternity,,450,260,57.77777777777777
HOSP-1972,The Johns Hopkins Hospital,er,2022-06-21,400,380,95.0
HOSP-1972,The Johns Hopkins Hospital,pediatrics,2020-12-15,160,40,25.0
HOSP-1973,The Johns Hopkins Hospital,er,2021-12-18,380,400,105.26315789473684
HOSP-1974,The Johns Hopkins Hospital,er,,110,310,281.8181818181818
HOSP-1974,The Johns Hopkins Hospital,surgery,2020-12-24,430,350,81.3953488372093
HOSP-1975,The Johns Hopkins Hospital,pediatrics,2023-05-17,120,340,283.33333333333337
HOSP-1976,The Johns Hopkins Hospital,maternity,2023-01-30,350,230,65.71428571428571
HOSP-1977,The Johns Hopkins Hospital,surgery,2024-06-19,330,320,96.96969696969697
HOSP-1979,The Johns Hopkins Hospital,er,,220,400,181.8181818181818
HOSP-1979,The Johns Hopkins Hospital,surgery,,150,380,253.33333333333331
HOSP-1980,The Johns Hopkins Hospital,icu,2020-12-27,470,120,25.53191489361702
HOSP-1980,The Johns Hopkins Hospital,surgery,2022-01-27,500,0,0.0
HOSP-1980,The Johns Hopkins Hospital,surgery,,470,190,40.42553191489361
HOSP-1981,The Johns Hopkins Hospital,er,,470,150,31.914893617021278
HOSP-1984,The Johns Hopkins Hospital,icu,2020-11-13,490,250,51.02040816326531
HOSP-1986,The Johns Hopkins Hospital,er,2022-12-24,270,150,55.55555555555556
HOSP-1986,The Johns Hopkins Hospital,pediatrics,,470,140,29.78723404255319
HOSP-1986,The Johns Hopkins Hospital,surgery,,160,200,125.0
HOSP-1987,The Johns Hopkins Hospital,pediatrics,,110,260,236.36363636363637
HOSP-1988,The Johns Hopkins Hospital,pediatrics,,370,380,102.7027027027027
HOSP-1988,The Johns Hopkins Hospital,surgery,,410,290,70.73170731707317
HOSP-1990,The Johns Hopkins Hospital,icu,2020-12-14,120,280,233.33333333333334
HOSP-1991,The Johns Hopkins Hospital,maternity,2024-02-13,220,350,159.0909090909091
HOSP-1992,The Johns Hopkins Hospital,maternity,,490,340,69.38775510204081
HOSP-1994,The Johns Hopkins Hospital,icu,2021-11-22,250,340,136.0
HOSP-1994,The Johns Hopkins Hospital,pediatrics,2020-07-30,150,40,26.666666666666668
HOSP-1994,The Johns Hopkins Hospital,pediatrics,,500,320,64.0
HOSP-1995,The Johns Hopkins Hospital,er,2021-11-13,400,50,12.5
HOSP-1995,The Johns Hopkins Hospital,maternity,2022-06-30,460,260,56.52173913043478
HOSP-1996,The Johns Hopkins Hospital,surgery,,450,150,33.33333333333333
HOSP-1997,The Johns Hopkins Hospital,er,2023-10-18,450,120,26.666666666666668
HOSP-1998,The Johns Hopkins Hospital,maternity,,380,20,5.263157894736842
HOSP-1998,The Johns Hopkins Hospital,pediatrics,2022-07-14,400,60,15.0
HOSP-1999,The Johns Hopkins Hospital,surgery,,410,280,68.29268292682927
HOSP-2000,The Johns Hopkins Hospital,surgery,2020-09-26,180,250,138.88888888888889
HOSP-2001,The Johns Hopkins Hospital,surgery,2022-02-15,160,30,18.75
HOSP-2002,The Johns Hopkins Hospital,icu,,110,100,90.9090909090909
HOSP-2003,The Johns Hopkins Hospital,pediatrics,,470,130,27.659574468085108
HOSP-2004,The Johns Hopkins Hospital,maternity,,260,240,92.3076923076923
HOSP-2005,The Johns Hopkins Hospital,er,,180,110,61.111111111111114
HOSP-2007,The Johns Hopkins Hospital,icu,2021-12-23,250,100,40.0
HOSP-2008,The Johns Hopkins Hospital,icu,,280,230,82.14285714285714
HOSP-2009,The Johns Hopkins Hospital,maternity,2022-02-26,120,150,125.0
HOSP-2011,The Johns Hopkins Hospital,icu,2021-01-18,240,150,62.5
HOSP-2011,The Johns Hopkins Hospital,icu,2021-08-20,500,160,32.0
HOSP-2011,The Johns Hopkins Hospital,maternity,2024-07-22,190,100,52.63157894736842
HOSP-2011,The Johns Hopkins Hospital,pediatrics,2024-06-30,320,250,78.125
HOSP-2012,The Johns Hopkins Hospital,maternity,2022-06-14,170,270,158.8235294117647
HOSP-2012,The Johns Hopkins Hospital,pediatrics,2021-03-23,190,70,36.84210526315789
HOSP-2012,The Johns Hopkins Hospital,pediatrics,2024-05-25,390,30,7.6923076923076925
HOSP-2013,The Johns Hopkins Hospital,icu,,250,370,148.0
HOSP-2013,The Johns Hopkins Hospital,surgery,2024-01-27,500,330,66.0
HOSP-2015,The Johns Hopkins Hospital,pediatrics,2021-05-22,130,20,15.384615384615385
HOSP-2016,The Johns Hopkins Hospital,icu,2021-08-17,250,310,124.0
HOSP-2017,The Johns Hopkins Hospital,icu,,170,330,194.11764705882354
HOSP-2018,The Johns Hopkins Hospital,maternity,2020-10-26,460,60,13.043478260869565
HOSP-2018,The Johns Hopkins Hospital,pediatrics,,450,80,17.77777777777778
HOSP-2018,The Johns Hopkins Hospital,surgery,2020-09-26,360,150,41.66666666666667
HOSP-2019,The Johns Hopkins Hospital,er,2023-11-13,250,220,88.0
HOSP-2020,The Johns Hopkins Hospital,er,2021-05-31,450,360,80.0
HOSP-2022,The Johns Hopkins Hospital,surgery,2024-06-24,260,60,23.076923076923077
HOSP-2024,The Johns Hopkins Hospital,er,2022-09-15,400,360,90.0
HOSP-2024,The Johns Hopkins Hospital,maternity,,110,190,172.72727272727272
HOSP-2026,The Johns Hopkins Hospital,pediatrics,2023-06-30,100,240,240.0
HOSP-2026,The Johns Hopkins Hospital,surgery,,320,20,6.25
HOSP-2030,The Johns Hopkins Hospital,pediatrics,,100,400,400.0
HOSP-2030,The Johns Hopkins Hospital,surgery,,500,350,70.0
HOSP-2032,The Johns Hopkins Hospital,er,2022-11-20,370,160,43.24324324324324
HOSP-2033,The Johns Hopkins Hospital,maternity,,190,360,189.4736842105263
HOSP-2034,The Johns Hopkins Hospital,er,,270,50,18.51851851851852
HOSP-2034,The Johns Hopkins Hospital,maternity,2023-07-30,380,240,63.1578947368421
HOSP-2034,The Johns Hopkins Hospital,surgery,2023-12-18,220,180,81.81818181818183
HOSP-2035,The Johns Hopkins Hospital,er,2024-02-17,410,320,78.04878048780488
HOSP-2035,The Johns Hopkins Hospital,maternity,2021-06-26,470,120,25.53191489361702
HOSP-2036,The Johns Hopkins Hospital,icu,,150,390,260.0
HOSP-2036,The Johns Hopkins Hospital,surgery,2022-02-16,310,290,93.54838709677419
HOSP-2038,The Johns Hopkins Hospital,pediatrics,2022-09-18,350,230,65.71428571428571
HOSP-2039,The Johns Hopkins Hospital,surgery,,180,300,166.66666666666669
HOSP-2040,The Johns Hopkins Hospital,maternity,,420,260,61.904761904761905
HOSP-2040,The Johns Hopkins Hospital,pediatrics,,320,290,90.625
HOSP-2040,The Johns Hopkins Hospital,surgery,2021-06-19,250,340,136.0
HOSP-2041,The Johns Hopkins Hospital,pediatrics,2021-01-19,310,340,109.6774193548387
HOSP-2042,The Johns Hopkins Hospital,maternity,2024-07-17,210,360,171.42857142857142
HOSP-2042,The Johns Hopkins Hospital,maternity,,300,190,63.33333333333333
HOSP-2042,The Johns Hopkins Hospital,pediatrics,2021-06-26,190,110,57.89473684210527
HOSP-2045,The Johns Hopkins Hospital,surgery,2023-12-31,160,80,50.0
HOSP-2046,The Johns Hopkins Hospital,surgery,,310,20,6.451612903225806
HOSP-2047,The Johns Hopkins Hospital,pediatrics,2023-01-30,380,360,94.73684210526315
HOSP-2048,The Johns Hopkins Hospital,er,2023-07-21,160,70,43.75
HOSP-2048,The Johns Hopkins Hospital,icu,,280,210,75.0
HOSP-2049,The Johns Hopkins Hospital,er,,180,100,55.55555555555556
HOSP-2049,The Johns Hopkins Hospital,pediatrics,2022-02-20,140,320,228.57142857142856
HOSP-2051,The Johns Hopkins Hospital,maternity,,450,230,51.11111111111111
HOSP-2053,The Johns Hopkins Hospital,er,,350,20,5.714285714285714
HOSP-2054,The Johns Hopkins Hospital,maternity,,240,280,116.66666666666667
HOSP-2055,The Johns Hopkins Hospital,maternity,2024-05-29,210,220,104.76190476190477
HOSP-2055,The Johns Hopkins Hospital,surgery,,310,330,106.4516129032258
HOSP-2060,The Johns Hopkins Hospital,maternity,,130,60,46.15384615384615
HOSP-2060,The Johns Hopkins Hospital,pediatrics,2022-12-20,350,300,85.71428571428571
HOSP-2060,The Johns Hopkins Hospital,surgery,,100,280,280.0
HOSP-2061,The Johns Hopkins Hospital,maternity,2023-08-15,450,140,31.11111111111111
HOSP-2061,The Johns Hopkins Hospital,pediatrics,2021-09-27,250,160,64.0
HOSP-2064,The Johns Hopkins Hospital,maternity,2022-03-20,440,210,47.72727272727273
HOSP-2064,The Johns Hopkins Hospital,maternity,,270,360,133.33333333333331
HOSP-2065,The Johns Hopkins Hospital,maternity,,240,230,95.83333333333334
HOSP-2065,The Johns Hopkins Hospital,surgery,2023-12-30,240,250,104.16666666666667
HOSP-2067,The Johns Hopkins Hospital,pediatrics,,480,150,31.25
HOSP-2067,The Johns Hopkins Hospital,surgery,,370,80,21.62162162162162
HOSP-2069,The Johns Hopkins Hospital,er,,180,30,16.666666666666664
HOSP-2069,The Johns Hopkins Hospital,maternity,2024-02-19,280,320,114.28571428571428
HOSP-2069,The Johns Hopkins Hospital,pediatrics,2022-05-19,110,130,118.18181818181819
HOSP-2070,The Johns Hopkins Hospital,icu,2021-05-29,310,50,16.129032258064516
HOSP-2070,The Johns Hopkins Hospital,pediatrics,,340,370,108.8235294117647
HOSP-2071,The Johns Hopkins Hospital,er,2024-06-20,360,290,80.55555555555556
HOSP-2071,The Johns Hopkins Hospital,pediatrics,,200,220,110.00000000000001
HOSP-2072,The Johns Hopkins Hospital,maternity,2024-06-13,170,120,70.58823529411765
HOSP-2072,The Johns Hopkins Hospital,pediatrics,2020-09-20,180,380,211.11111111111111
HOSP-2073,The Johns Hopkins Hospital,maternity,2022-01-23,430,210,48.837209302325576
HOSP-2074,The Johns Hopkins Hospital,er,,430,160,37.2093023255814
HOSP-2077,The Johns Hopkins Hospital,er,2022-04-19,250,350,140.0
HOSP-2077,The Johns Hopkins Hospital,er,,170,220,129.41176470588235
HOSP-2079,The Johns Hopkins Hospital,maternity,2022-02-21,120,220,183.33333333333331
HOSP-2080,The Johns Hopkins Hospital,icu,2021-07-22,350,390,111.42857142857143
HOSP-2081,The Johns Hopkins Hospital,maternity,2022-04-30,110,390,354.54545454545456
HOSP-2083,The Johns Hopkins Hospital,surgery,,120,240,200.0
HOSP-2084,The Johns Hopkins Hospital,surgery,,480,400,83.33333333333334
HOSP-2085,The Johns Hopkins Hospital,icu,,470,360,76.59574468085107
HOSP-2086,The Johns Hopkins Hospital,icu,,300,400,133.33333333333331
HOSP-2086,The Johns Hopkins Hospital,maternity,2023-09-17,120,90,75.0
HOSP-2088,The Johns Hopkins Hospital,surgery,2022-10-25,470,20,4.25531914893617
HOSP-2089,The Johns Hopkins Hospital,surgery,,100,30,30.0
HOSP-2090,The Johns Hopkins Hospital,icu,2022-10-30,450,20,4.444444444444445
HOSP-2094,The Johns Hopkins Hospital,er,,190,270,142.10526315789474
HOSP-2094,The Johns Hopkins Hospital,pediatrics,2020-11-13,340,100,29.411764705882355
HOSP-2095,The Johns Hopkins Hospital,pediatrics,2021-04-16,240,190,79.16666666666666
HOSP-2097,The Johns Hopkins Hospital,pediatrics,2022-06-27,130,30,23.076923076923077
HOSP-2098,The Johns Hopkins Hospital,er,2023-12-31,130,60,46.15384615384615
HOSP-2098,The Johns Hopkins Hospital,er,,340,140,41.17647058823529
HOSP-2099,The Johns Hopkins Hospital,icu,2022-01-18,430,280,65.11627906976744
HOSP-2099,The Johns Hopkins Hospital,pediatrics,2023-10-27,220,190,86.36363636363636
HOSP-2100,The Johns Hopkins Hospital,pediatrics,,220,380,172.72727272727272
HOSP-2101,The Johns Hopkins Hospital,er,,470,360,76.59574468085107
HOSP-2101,The Johns Hopkins Hospital,pediatrics,2023-03-16,110,80,72.72727272727273
HOSP-2103,The Johns Hopkins Hospital,er,,360,290,80.55555555555556
HOSP-2103,The Johns Hopkins Hospital,maternity,,210,290,138.0952380952381
HOSP-2104,The Johns Hopkins Hospital,icu,,490,340,69.38775510204081
HOSP-2104,The Johns Hopkins Hospital,pediatrics,2021-02-16,300,20,6.666666666666667
HOSP-2105,The Johns Hopkins Hospital,er,2024-05-21,270,160,59.25925925925925
HOSP-2109,The Johns Hopkins Hospital,maternity,,390,360,92.3076923076923
HOSP-2109,The Johns Hopkins Hospital,pediatrics,2022-03-23,120,50,41.66666666666667
HOSP-2109,The Johns Hopkins Hospital,surgery,,140,30,21.428571428571427
HOSP-2111,The Johns Hopkins Hospital,icu,2020-11-14,480,210,43.75
HOSP-2111,The Johns Hopkins Hospital,pediatrics,2023-01-13,200,290,145.0
HOSP-2114,The Johns Hopkins Hospital,er,2022-01-26,220,120,54.54545454545454
HOSP-2114,The Johns Hopkins Hospital,pediatrics,2021-06-24,340,200,58.82352941176471
HOSP-2114,The Johns Hopkins Hospital,surgery,,180,390,216.66666666666666
HOSP-2115,The Johns Hopkins Hospital,maternity,2023-02-19,120,260,216.66666666666666
HOSP-2115,The Johns Hopkins Hospital,maternity,2023-04-28,400,380,95.0
HOSP-2115,The Johns Hopkins Hospital,surgery,,470,60,12.76595744680851
HOSP-2116,The Johns Hopkins Hospital,icu,2022-12-28,210,330,157.14285714285714
HOSP-2116,The Johns Hopkins Hospital,surgery,,400,300,75.0
HOSP-2118,The Johns Hopkins Hospital,maternity,2024-01-25,440,340,77.27272727272727
HOSP-2119,The Johns Hopkins Hospital,er,,250,120,48.0
HOSP-2120,The Johns Hopkins Hospital,er,,260,290,111.53846153846155
HOSP-2120,The Johns Hopkins Hospital,maternity,,350,230,65.71428571428571
HOSP-2121,The Johns Hopkins Hospital,surgery,2023-05-14,240,220,91.66666666666666
HOSP-2122,The Johns Hopkins Hospital,er,2022-08-21,390,230,58.97435897435898
HOSP-2122,The Johns Hopkins Hospital,maternity,2023-05-26,190,210,110.5263157894737
HOSP-2124,The Johns Hopkins Hospital,icu,2023-07-31,360,400,111.11111111111111
HOSP-2125,The Johns Hopkins Hospital,icu,2022-01-16,330,380,115.15151515151516
HOSP-2127,The Johns Hopkins Hospital,er,,300,280,93.33333333333333
HOSP-2129,The Johns Hopkins Hospital,surgery,2024-05-28,160,200,125.0
HOSP-2131,The Johns Hopkins Hospital,er,2022-09-25,260,270,103.84615384615385
HOSP-2131,The Johns Hopkins Hospital,er,,120,390,325.0
HOSP-2131,The Johns Hopkins Hospital,maternity,2023-05-29,430,0,0.0
HOSP-2131,The Johns Hopkins Hospital,maternity,,330,190,57.57575757575758
HOSP-2131,The Johns Hopkins Hospital,pediatrics,2024-03-16,190,40,21.052631578947366
HOSP-2135,The Johns Hopkins Hospital,surgery,2022-01-21,160,100,62.5
HOSP-2137,The Johns Hopkins Hospital,icu,,440,10,2.272727272727273
HOSP-2137,The Johns Hopkins Hospital,maternity,,150,370,246.66666666666669
HOSP-2137,The Johns Hopkins Hospital,surgery,2020-09-22,320,250,78.125
HOSP-2138,The Johns Hopkins Hospital,surgery,2021-03-21,110,210,190.9090909090909
HOSP-2139,The Johns Hopkins Hospital,icu,2024-02-20,410,230,56.09756097560976
HOSP-2140,The Johns Hopkins Hospital,icu,2020-07-29,370,130,35.13513513513514
HOSP-2143,The Johns Hopkins Hospital,icu,,130,230,176.9230769230769
HOSP-2143,The Johns Hopkins Hospital,pediatrics,,190,110,57.89473684210527
HOSP-2144,The Johns Hopkins Hospital,maternity,2021-01-29,490,390,79.59183673469387
HOSP-2144,The Johns Hopkins Hospital,surgery,,360,30,8.333333333333332
HOSP-2145,The Johns Hopkins Hospital,er,2021-07-19,390,350,89.74358974358975
HOSP-2145,The Johns Hopkins Hospital,maternity,2022-09-16,240,360,150.0
HOSP-2150,The Johns Hopkins Hospital,er,2020-10-13,200,80,40.0
HOSP-2151,The Johns Hopkins Hospital,er,2024-05-22,200,320,160.0
HOSP-2152,The Johns Hopkins Hospital,er,2023-03-16,210,40,19.047619047619047
HOSP-2153,The Johns Hopkins Hospital,er,2023-03-27,320,20,6.25
HOSP-2153,The Johns Hopkins Hospital,maternity,,490,340,69.38775510204081
HOSP-2154,The Johns Hopkins Hospital,icu,2024-02-17,210,320,152.38095238095238
HOSP-2154,The Johns Hopkins Hospital,surgery,2021-01-23,450,380,84.44444444444444
HOSP-2154,The Johns Hopkins Hospital,surgery,2022-05-29,120,90,75.0
HOSP-2155,The Johns Hopkins Hospital,pediatrics,,360,250,69.44444444444444
HOSP-2156,The Johns Hopkins Hospital,pediatrics,2021-10-25,130,20,15.384615384615385
HOSP-2156,The Johns Hopkins Hospital,pediatrics,,260,360,138.46153846153845
HOSP-2157,The Johns Hopkins Hospital,er,2022-06-24,300,270,90.0
HOSP-2161,The Johns Hopkins Hospital,er,2020-10-20,330,160,48.484848484848484
HOSP-2161,The Johns Hopkins Hospital,pediatrics,,100,350,350.0
HOSP-2164,The Johns Hopkins Hospital,er,2021-10-20,380,280,73.68421052631578
HOSP-2165,The Johns Hopkins Hospital,icu,2023-05-24,160,130,81.25
HOSP-2165,The Johns Hopkins Hospital,maternity,2022-07-30,210,260,123.80952380952381
HOSP-2166,The Johns Hopkins Hospital,er,2022-08-15,230,40,17.391304347826086
HOSP-2167,The Johns Hopkins Hospital,surgery,2023-03-20,240,370,154.16666666666669
HOSP-2168,The Johns Hopkins Hospital,pediatrics,2021-08-23,360,100,27.77777777777778
HOSP-2169,The Johns Hopkins Hospital,icu,2022-09-19,430,10,2.3255813953488373
HOSP-2169,The Johns Hopkins Hospital,maternity,2023-06-19,500,140,28.000000000000004
HOSP-2172,The Johns Hopkins Hospital,surgery,2020-11-23,410,70,17.073170731707318
HOSP-2173,The Johns Hopkins Hospital,icu,,120,340,283.33333333333337
HOSP-2173,The Johns Hopkins Hospital,surgery,,260,320,123.07692307692308
HOSP-2174,The Johns Hopkins Hospital,pediatrics,2022-03-23,220,300,136.36363636363635
HOSP-2176,The Johns Hopkins Hospital,maternity,2021-03-20,240,190,79.16666666666666
HOSP-2176,The Johns Hopkins Hospital,surgery,2023-06-23,370,30,8.108108108108109
HOSP-2176,The Johns Hopkins Hospital,surgery,2023-12-16,480,290,60.416666666666664
HOSP-2177,The Johns Hopkins Hospital,maternity,2023-06-28,460,10,2.1739130434782608
HOSP-2177,The Johns Hopkins Hospital,maternity,,240,50,20.833333333333336
HOSP-2177,The Johns Hopkins Hospital,surgery,2020-11-13,420,350,83.33333333333334
HOSP-2178,The Johns Hopkins Hospital,er,2022-07-26,110,390,354.54545454545456
HOSP-2179,The Johns Hopkins Hospital,er,,400,200,50.0
HOSP-2179,The Johns Hopkins Hospital,icu,2020-09-27,460,90,19.565217391304348
HOSP-2182,The Johns Hopkins Hospital,icu,2023-05-20,390,210,53.84615384615385
HOSP-2185,The Johns Hopkins Hospital,surgery,2023-02-15,290,100,34.48275862068966
HOSP-2186,The Johns Hopkins Hospital,maternity,2020-08-25,190,380,200.0
HOSP-2188,The Johns Hopkins Hospital,er,,240,90,37.5
HOSP-2189,The Johns Hopkins Hospital,er,2023-08-27,380,30,7.894736842105263
HOSP-2189,The Johns Hopkins Hospital,maternity,,320,100,31.25
HOSP-2190,The Johns Hopkins Hospital,icu,2022-05-19,210,180,85.71428571428571
HOSP-2191,The Johns Hopkins Hospital,er,2022-12-18,330,130,39.39393939393939
HOSP-2191,The Johns Hopkins Hospital,maternity,,310,80,25.806451612903224
HOSP-2191,The Johns Hopkins Hospital,pediatrics,,120,210,175.0
HOSP-2194,The Johns Hopkins Hospital,icu,2021-04-15,380,10,2.631578947368421
HOSP-2196,The Johns Hopkins Hospital,pediatrics,2022-02-16,450,230,51.11111111111111
HOSP-2197,The Johns Hopkins Hospital,maternity,,260,240,92.3076923076923
HOSP-2197,The Johns Hopkins Hospital,pediatrics,,320,100,31.25
HOSP-2198,The Johns Hopkins Hospital,surgery,,350,190,54.285714285714285
HOSP-2199,The Johns Hopkins Hospital,icu,2023-12-20,160,100,62.5
HOSP-2199,The Johns Hopkins Hospital,pediatrics,,310,400,129.03225806451613
HOSP-2200,The Johns Hopkins Hospital,er,2023-05-15,330,20,6.0606060606060606
HOSP-2200,The Johns Hopkins Hospital,er,,370,50,13.513513513513514
HOSP-2200,The Johns Hopkins Hospital,icu,,360,30,8.333333333333332
HOSP-2200,The Johns Hopkins Hospital,surgery,,140,30,21.428571428571427
HOSP-2203,The Johns Hopkins Hospital,er,2020-09-22,310,270,87.09677419354838
HOSP-2204,The Johns Hopkins Hospital,icu,2022-03-26,180,390,216.66666666666666
HOSP-2205,The Johns Hopkins Hospital,icu,,470,90,19.148936170212767
HOSP-2206,The Johns Hopkins Hospital,er,,300,90,30.0
HOSP-2206,The Johns Hopkins Hospital,pediatrics,,370,260,70.27027027027027
HOSP-2206,The Johns Hopkins Hospital,surgery,,190,190,100.0
HOSP-2208,The Johns Hopkins Hospital,er,2022-02-25,380,280,73.68421052631578
HOSP-2209,The Johns Hopkins Hospital,maternity,2023-09-26,410,70,17.073170731707318
HOSP-2209,The Johns Hopkins Hospital,surgery,,300,210,70.0
HOSP-2211,The Johns Hopkins Hospital,er,2020-09-15,310,210,67.74193548387096
HOSP-2211,The Johns Hopkins Hospital,er,2022-01-25,500,190,38.0
HOSP-2211,The Johns Hopkins Hospital,surgery,2022-01-25,200,110,55.00000000000001
HOSP-2212,The Johns Hopkins Hospital,maternity,2021-01-13,360,110,30.555555555555557
HOSP-2212,The Johns Hopkins Hospital,pediatrics,2021-11-22,110,360,327.2727272727273
HOSP-2212,The Johns Hopkins Hospital,surgery,2021-05-29,370,320,86.48648648648648
HOSP-2213,The Johns Hopkins Hospital,er,,500,120,24.0
HOSP-2216,The Johns Hopkins Hospital,er,,460,300,65.21739130434783
HOSP-2216,The Johns Hopkins Hospital,icu,,500,210,42.0
HOSP-2217,The Johns Hopkins Hospital,maternity,2023-03-18,250,200,80.0
HOSP-2217,The Johns Hopkins Hospital,maternity,,310,260,83.87096774193549
HOSP-2218,The Johns Hopkins Hospital,icu,,230,50,21.73913043478261
HOSP-2220,The Johns Hopkins Hospital,icu,,410,20,4.878048780487805
HOSP-2220,The Johns Hopkins Hospital,pediatrics,2023-05-28,330,340,103.03030303030303
HOSP-2220,The Johns Hopkins Hospital,surgery,2022-10-21,280,400,142.85714285714286
HOSP-2223,The Johns Hopkins Hospital,maternity,2021-05-30,290,270,93.10344827586206
HOSP-2223,The Johns Hopkins Hospital,surgery,2022-10-20,210,390,185.71428571428572
HOSP-2224,The Johns Hopkins Hospital,surgery,,370,60,16.216216216216218
HOSP-2225,The Johns Hopkins Hospital,pediatrics,2023-08-30,200,230,114.99999999999999
HOSP-2226,The Johns Hopkins Hospital,icu,2024-04-30,250,190,76.0
HOSP-2226,The Johns Hopkins Hospital,surgery,,370,280,75.67567567567568
HOSP-2227,The Johns Hopkins Hospital,maternity,,140,280,200.0
HOSP-2228,The Johns Hopkins Hospital,icu,2021-09-29,310,140,45.16129032258064
HOSP-2228,The Johns Hopkins Hospital,maternity,2021-07-29,220,150,68.18181818181817
HOSP-2228,The Johns Hopkins Hospital,maternity,,230,10,4.3478260869565215
HOSP-2228,The Johns Hopkins Hospital,pediatrics,2022-03-14,250,120,48.0
HOSP-2228,The Johns Hopkins Hospital,pediatrics,,440,350,79.54545454545455
HOSP-2230,The Johns Hopkins Hospital,maternity,2021-07-22,320,40,12.5
HOSP-2231,The Johns Hopkins Hospital,icu,,280,260,92.85714285714286
HOSP-2232,The Johns Hopkins Hospital,pediatrics,2020-11-15,440,230,52.27272727272727
HOSP-2233,The Johns Hopkins Hospital,pediatrics,,450,180,40.0
HOSP-2233,The Johns Hopkins Hospital,surgery,2023-05-20,250,160,64.0
HOSP-2235,The Johns Hopkins Hospital,icu,2022-07-19,230,160,69.56521739130434
HOSP-2236,The Johns Hopkins Hospital,er,2021-03-23,280,260,92.85714285714286
HOSP-2237,The Johns Hopkins Hospital,maternity,2022-01-20,250,380,152.0
HOSP-2238,The Johns Hopkins Hospital,pediatrics,2021-05-25,400,370,92.5
HOSP-2238,The Johns Hopkins Hospital,pediatrics,,210,270,128.57142857142858
HOSP-2239,The Johns Hopkins Hospital,er,2022-07-18,180,80,44.44444444444444
HOSP-2239,The Johns Hopkins Hospital,pediatrics,2023-09-13,100,300,300.0
HOSP-2239,The Johns Hopkins Hospital,surgery,2023-08-18,150,120,80.0
HOSP-2240,The Johns Hopkins Hospital,icu,,490,20,4.081632653061225
HOSP-2240,The Johns Hopkins Hospital,pediatrics,2023-01-13,170,400,235.29411764705884
HOSP-2241,The Johns Hopkins Hospital,er,,160,250,156.25
HOSP-2241,The Johns Hopkins Hospital,icu,,170,250,147.05882352941177
HOSP-2242,The Johns Hopkins Hospital,icu,,490,250,51.02040816326531
HOSP-2243,The Johns Hopkins Hospital,er,2023-04-18,400,380,95.0
HOSP-2243,The Johns Hopkins Hospital,er,2023-12-22,440,90,20.454545454545457
HOSP-2244,The Johns Hopkins Hospital,pediatrics,2023-01-19,210,230,109.52380952380953
HOSP-2244,The Johns Hopkins Hospital,surgery,,390,270,69.23076923076923
HOSP-2248,The Johns Hopkins Hospital,pediatrics,,430,290,67.44186046511628
HOSP-2248,The Johns Hopkins Hospital,surgery,2022-02-16,340,400,117.64705882352942
HOSP-2249,The Johns Hopkins Hospital,maternity,2021-06-28,190,280,147.36842105263156
HOSP-2250,The Johns Hopkins Hospital,maternity,,460,130,28.26086956521739
HOSP-2250,The Johns Hopkins Hospital,surgery,2021-06-16,200,130,65.0
HOSP-2251,The Johns Hopkins Hospital,pediatrics,,330,370,112.12121212121211
HOSP-2251,The Johns Hopkins Hospital,surgery,,390,60,15.384615384615385
HOSP-2252,The Johns Hopkins Hospital,surgery,2021-04-14,360,350,97.22222222222221
HOSP-2253,The Johns Hopkins Hospital,icu,,150,120,80.0
HOSP-2254,The Johns Hopkins Hospital,surgery,2023-07-25,300,240,80.0
HOSP-2256,The Johns Hopkins Hospital,maternity,,260,330,126.92307692307692
HOSP-2256,The Johns Hopkins Hospital,surgery,2021-12-26,470,330,70.2127659574468
HOSP-2257,The Johns Hopkins Hospital,icu,2021-01-20,240,150,62.5
HOSP-2259,The Johns Hopkins Hospital,maternity,,240,250,104.16666666666667
HOSP-2260,The Johns Hopkins Hospital,surgery,,450,220,48.888888888888886
HOSP-2261,The Johns Hopkins Hospital,maternity,2024-03-22,420,130,30.952380952380953
HOSP-2261,The Johns Hopkins Hospital,pediatrics,,320,400,125.0
HOSP-2262,The Johns Hopkins Hospital,icu,2023-05-18,110,110,100.0
HOSP-2263,The Johns Hopkins Hospital,er,2023-04-18,420,390,92.85714285714286
HOSP-2264,The Johns Hopkins Hospital,icu,2020-10-18,200,320,160.0
HOSP-2265,The Johns Hopkins Hospital,er,2022-01-15,250,50,20.0
HOSP-2265,The Johns Hopkins Hospital,icu,2023-03-28,100,380,380.0
HOSP-2266,The Johns Hopkins Hospital,maternity,2023-01-22,350,400,114.28571428571428
HOSP-2267,The Johns Hopkins Hospital,er,2023-04-14,430,80,18.6046511627907
HOSP-2267,The Johns Hopkins Hospital,maternity,,120,10,8.333333333333332
HOSP-2268,The Johns Hopkins Hospital,icu,2023-07-25,280,160,57.14285714285714
HOSP-2268,The Johns Hopkins Hospital,maternity,,270,120,44.44444444444444
HOSP-2269,The Johns Hopkins Hospital,surgery,2022-09-24,290,370,127.58620689655173
HOSP-2271,The Johns Hopkins Hospital,surgery,,370,310,83.78378378378379
HOSP-2272,The Johns Hopkins Hospital,pediatrics,2023-03-26,310,150,48.38709677419355
HOSP-2273,The Johns Hopkins Hospital,maternity,,160,10,6.25
HOSP-2274,The Johns Hopkins Hospital,er,2023-06-26,360,280,77.77777777777779
HOSP-2274,The Johns Hopkins Hospital,maternity,2023-09-25,120,240,200.0
HOSP-2274,The Johns Hopkins Hospital,pediatrics,2021-09-18,330,20,6.0606060606060606
HOSP-2274,The Johns Hopkins Hospital,pediatrics,,250,320,128.0
HOSP-2274,The Johns Hopkins Hospital,surgery,,290,380,131.0344827586207
HOSP-2276,The Johns Hopkins Hospital,er,2021-02-28,400,150,37.5
HOSP-2277,The Johns Hopkins Hospital,icu,2024-02-26,160,400,250.0
HOSP-2277,The Johns Hopkins Hospital,maternity,,130,260,200.0
HOSP-2277,The Johns Hopkins Hospital,surgery,2023-09-17,390,310,79.48717948717949
HOSP-2277,The Johns Hopkins Hospital,surgery,,480,40,8.333333333333332
HOSP-2279,The Johns Hopkins Hospital,surgery,2021-11-26,450,190,42.22222222222222
HOSP-2280,The Johns Hopkins Hospital,pediatrics,,480,320,66.66666666666666
HOSP-2285,The Johns Hopkins Hospital,surgery,,460,100,21.73913043478261
HOSP-2286,The Johns Hopkins Hospital,surgery,2022-09-23,350,40,11.428571428571429
HOSP-2287,The Johns Hopkins Hospital,maternity,,490,120,24.489795918367346
HOSP-2288,The Johns Hopkins Hospital,icu,,300,320,106.66666666666667
HOSP-2289,The Johns Hopkins Hospital,maternity,2023-06-22,380,180,47.368421052631575
HOSP-2289,The Johns Hopkins Hospital,pediatrics,,480,360,75.0
HOSP-2291,The Johns Hopkins Hospital,pediatrics,2024-04-27,460,200,43.47826086956522
HOSP-2291,The Johns Hopkins Hospital,pediatrics,,110,0,0.0
HOSP-2292,The Johns Hopkins Hospital,er,2021-08-26,340,310,91.17647058823529
HOSP-2294,The Johns Hopkins Hospital,icu,2021-07-27,170,60,35.294117647058826
HOSP-2294,The Johns Hopkins Hospital,surgery,,420,390,92.85714285714286
HOSP-2299,The Johns Hopkins Hospital,pediatrics,2023-10-26,120,390,325.0
HOSP-2301,The Johns Hopkins Hospital,icu,2021-08-24,350,140,40.0
HOSP-2301,The Johns Hopkins Hospital,surgery,2024-05-29,200,240,120.0
HOSP-2303,The Johns Hopkins Hospital,er,,340,220,64.70588235294117
HOSP-2303,The Johns Hopkins Hospital,icu,2024-06-25,150,160,106.66666666666667
HOSP-2305,The Johns Hopkins Hospital,er,2023-09-13,220,70,31.818181818181817
HOSP-2305,The Johns Hopkins Hospital,icu,2023-02-13,170,210,123.52941176470588
HOSP-2306,The Johns Hopkins Hospital,icu,2023-07-22,340,200,58.82352941176471
HOSP-2307,The Johns Hopkins Hospital,icu,,380,70,18.421052631578945
HOSP-2309,The Johns Hopkins Hospital,icu,2021-11-14,420,140,33.33333333333333
HOSP-2311,The Johns Hopkins Hospital,icu,2024-03-20,100,60,60.0
HOSP-2312,The Johns Hopkins Hospital,pediatrics,,210,220,104.76190476190477
HOSP-2313,The Johns Hopkins Hospital,pediatrics,2023-05-20,180,80,44.44444444444444
HOSP-2314,The Johns Hopkins Hospital,surgery,2021-04-15,440,320,72.72727272727273
HOSP-2315,The Johns Hopkins Hospital,er,2020-12-21,470,330,70.2127659574468
HOSP-2315,The Johns Hopkins Hospital,pediatrics,2024-06-30,270,160,59.25925925925925
HOSP-2315,The Johns Hopkins Hospital,pediatrics,,220,270,122.72727272727273
HOSP-2315,The Johns Hopkins Hospital,surgery,2024-01-21,160,100,62.5
HOSP-2315,The Johns Hopkins Hospital,surgery,,170,150,88.23529411764706
HOSP-2317,The Johns Hopkins Hospital,icu,2020-07-27,330,200,60.60606060606061
HOSP-2317,The Johns Hopkins Hospital,pediatrics,,440,90,20.454545454545457
HOSP-2318,The Johns Hopkins Hospital,er,2022-08-18,140,250,178.57142857142858
HOSP-2319,The Johns Hopkins Hospital,er,,460,40,8.695652173913043
HOSP-2319,The Johns Hopkins Hospital,maternity,,450,350,77.77777777777779
HOSP-2321,The Johns Hopkins Hospital,surgery,2021-12-26,140,290,207.14285714285717
HOSP-2322,The Johns Hopkins Hospital,er,2022-06-20,130,400,307.69230769230774
HOSP-2323,The Johns Hopkins Hospital,surgery,2022-06-26,230,280,121.73913043478262
HOSP-2326,The Johns Hopkins Hospital,er,,500,310,62.0
HOSP-2326,The Johns Hopkins Hospital,maternity,,470,210,44.680851063829785
HOSP-2326,The Johns Hopkins Hospital,pediatrics,2023-08-31,210,330,157.14285714285714
HOSP-2328,The Johns Hopkins Hospital,er,2023-09-16,270,380,140.74074074074073
HOSP-2330,The Johns Hopkins Hospital,er,2023-12-31,330,390,118.18181818181819
HOSP-2330,The Johns Hopkins Hospital,icu,2023-03-13,170,320,188.23529411764704
HOSP-2330,The Johns Hopkins Hospital,maternity,2022-10-19,260,190,73.07692307692307
HOSP-2330,The Johns Hopkins Hospital,pediatrics,2020-12-19,310,30,9.67741935483871
HOSP-2330,The Johns Hopkins Hospital,surgery,,150,300,200.0
HOSP-2332,The Johns Hopkins Hospital,icu,2020-08-26,200,180,90.0
HOSP-2333,The Johns Hopkins Hospital,surgery,2021-12-26,280,250,89.28571428571429
HOSP-2334,The Johns Hopkins Hospital,icu,2023-08-24,280,110,39.285714285714285
HOSP-2334,The Johns Hopkins Hospital,icu,2023-12-21,250,190,76.0
HOSP-2334,The Johns Hopkins Hospital,surgery,2024-05-14,280,130,46.42857142857143
HOSP-2335,The Johns Hopkins Hospital,pediatrics,,220,290,131.8181818181818
HOSP-2336,The Johns Hopkins Hospital,icu,,240,270,112.5
HOSP-2336,The Johns Hopkins Hospital,maternity,,240,100,41.66666666666667
HOSP-2337,The Johns Hopkins Hospital,icu,2023-01-26,450,100,22.22222222222222
HOSP-2338,The Johns Hopkins Hospital,surgery,2023-02-22,300,30,10.0
HOSP-2339,The Johns Hopkins Hospital,er,2023-05-25,240,180,75.0
HOSP-2339,The Johns Hopkins Hospital,maternity,,170,360,211.76470588235296
HOSP-2339,The Johns Hopkins Hospital,pediatrics,,150,310,206.66666666666669
HOSP-2340,The Johns Hopkins Hospital,er,2024-06-28,370,0,0.0
HOSP-2340,The Johns Hopkins Hospital,pediatrics,2023-07-19,120,250,208.33333333333334
HOSP-2341,The Johns Hopkins Hospital,icu,,370,200,54.054054054054056
HOSP-2342,The Johns Hopkins Hospital,surgery,2020-12-14,190,100,52.63157894736842
HOSP-2344,The Johns Hopkins Hospital,er,,140,10,7.142857142857142
HOSP-2345,The Johns Hopkins Hospital,icu,2020-07-27,420,330,78.57142857142857
HOSP-2345,The Johns Hopkins Hospital,icu,2021-02-18,330,270,81.81818181818183
HOSP-2346,The Johns Hopkins Hospital,icu,2024-06-27,130,190,146.15384615384613
HOSP-2347,The Johns Hopkins Hospital,maternity,,280,240,85.71428571428571
HOSP-2347,The Johns Hopkins Hospital,surgery,2020-08-29,280,220,78.57142857142857
HOSP-2348,The Johns Hopkins Hospital,maternity,2022-06-30,360,140,38.88888888888889
HOSP-2348,The Johns Hopkins Hospital,pediatrics,2024-01-27,500,110,22.0
HOSP-2350,The Johns Hopkins Hospital,maternity,2021-06-16,460,190,41.30434782608695
HOSP-2351,The Johns Hopkins Hospital,er,2022-11-17,270,40,14.814814814814813
HOSP-2351,The Johns Hopkins Hospital,maternity,2022-01-21,220,80,36.36363636363637
HOSP-2352,The Johns Hopkins Hospital,surgery,2023-03-15,390,270,69.23076923076923
HOSP-2352,The Johns Hopkins Hospital,surgery,,130,180,138.46153846153845
HOSP-2353,The Johns Hopkins Hospital,maternity,,450,70,15.555555555555555
HOSP-2354,The Johns Hopkins Hospital,icu,2020-09-14,290,200,68.96551724137932
HOSP-2354,The Johns Hopkins Hospital,pediatrics,,450,100,22.22222222222222
HOSP-2355,The Johns Hopkins Hospital,surgery,2022-10-29,470,360,76.59574468085107
HOSP-2356,The Johns Hopkins Hospital,pediatrics,2021-12-30,110,180,163.63636363636365
HOSP-2356,The Johns Hopkins Hospital,pediatrics,2024-05-27,320,60,18.75
HOSP-2357,The Johns Hopkins Hospital,icu,2021-08-23,400,390,97.5
HOSP-2358,The Johns Hopkins Hospital,surgery,2020-09-29,300,70,23.333333333333332
HOSP-2359,The Johns Hopkins Hospital,er,2024-04-25,130,210,161.53846153846155
HOSP-2359,The Johns Hopkins Hospital,maternity,2024-03-21,130,300,230.76923076923075
HOSP-2359,The Johns Hopkins Hospital,pediatrics,2023-12-31,430,120,27.906976744186046
HOSP-2360,The Johns Hopkins Hospital,surgery,,330,40,12.121212121212121
HOSP-2361,The Johns Hopkins Hospital,pediatrics,2021-02-20,230,350,152.17391304347828
HOSP-2362,The Johns Hopkins Hospital,maternity,2021-03-15,120,190,158.33333333333331
HOSP-2363,The Johns Hopkins Hospital,pediatrics,,290,310,106.89655172413792
HOSP-2364,The Johns Hopkins Hospital,icu,,430,400,93.02325581395348
HOSP-2365,The Johns Hopkins Hospital,icu,,360,300,83.33333333333334
HOSP-2365,The Johns Hopkins Hospital,maternity,2023-10-14,250,290,115.99999999999999
HOSP-2366,The Johns Hopkins Hospital,er,,420,70,16.666666666666664
HOSP-2367,The Johns Hopkins Hospital,maternity,2022-07-27,260,130,50.0
HOSP-2369,The Johns Hopkins Hospital,er,2024-02-21,360,120,33.33333333333333
HOSP-2371,The Johns Hopkins Hospital,maternity,2020-08-17,190,320,168.42105263157893
HOSP-2372,The Johns Hopkins Hospital,maternity,2022-09-20,260,0,0.0
HOSP-2374,The Johns Hopkins Hospital,er,2023-12-13,170,290,170.58823529411765
HOSP-2374,The Johns Hopkins Hospital,icu,,360,190,52.77777777777778
HOSP-2375,The Johns Hopkins Hospital,maternity,2022-06-14,230,230,100.0
HOSP-2378,The Johns Hopkins Hospital,icu,,440,10,2.272727272727273
HOSP-2378,The Johns Hopkins Hospital,pediatrics,2021-02-27,140,350,250.0
HOSP-2381,The Johns Hopkins Hospital,pediatrics,2023-03-19,120,360,300.0
HOSP-2383,The Johns Hopkins Hospital,er,,220,280,127.27272727272727
HOSP-2383,The Johns Hopkins Hospital,icu,,350,40,11.428571428571429
HOSP-2383,The Johns Hopkins Hospital,maternity,2022-02-20,210,240,114.28571428571428
HOSP-2383,The Johns Hopkins Hospital,pediatrics,,390,150,38.46153846153847
HOSP-2387,The Johns Hopkins Hospital,er,,130,130,100.0
HOSP-2389,The Johns Hopkins Hospital,surgery,,240,50,20.833333333333336
HOSP-2391,The Johns Hopkins Hospital,surgery,,130,230,176.9230769230769
HOSP-2393,The Johns Hopkins Hospital,maternity,2021-01-20,220,220,100.0
HOSP-2395,The Johns Hopkins Hospital,icu,,430,200,46.51162790697674
HOSP-2395,The Johns Hopkins Hospital,surgery,2021-06-20,170,20,11.76470588235294
HOSP-2396,The Johns Hopkins Hospital,er,2022-02-18,440,290,65.9090909090909
HOSP-2397,The Johns Hopkins Hospital,er,,110,370,336.3636363636364
HOSP-2398,The Johns Hopkins Hospital,surgery,2024-01-16,180,120,66.66666666666666
HOSP-2399,The Johns Hopkins Hospital,icu,2020-11-23,180,360,200.0
HOSP-2399,The Johns Hopkins Hospital,pediatrics,2024-01-31,240,80,33.33333333333333
HOSP-2406,The Johns Hopkins Hospital,pediatrics,,240,250,104.16666666666667
HOSP-2407,The Johns Hopkins Hospital,er,2022-06-23,130,140,107.6923076923077
HOSP-2407,The Johns Hopkins Hospital,icu,2022-10-13,420,330,78.57142857142857
HOSP-2409,The Johns Hopkins Hospital,icu,2023-07-24,390,80,20.51282051282051
HOSP-2410,The Johns Hopkins Hospital,er,2024-01-30,150,0,0.0
HOSP-2410,The Johns Hopkins Hospital,maternity,2024-04-20,440,400,90.9090909090909
HOSP-2410,The Johns Hopkins Hospital,maternity,,100,230,229.99999999999997
HOSP-2411,The Johns Hopkins Hospital,surgery,2020-11-28,410,370,90.2439024390244
HOSP-2413,The Johns Hopkins Hospital,er,2022-10-31,430,150,34.883720930232556
HOSP-2413,The Johns Hopkins Hospital,icu,2023-07-21,400,340,85.0
HOSP-2414,The Johns Hopkins Hospital,er,,370,40,10.81081081081081
HOSP-2414,The Johns Hopkins Hospital,surgery,2022-07-25,100,90,90.0
HOSP-2415,The Johns Hopkins Hospital,icu,2023-08-20,500,120,24.0
HOSP-2415,The Johns Hopkins Hospital,pediatrics,,300,20,6.666666666666667
HOSP-2415,The Johns Hopkins Hospital,surgery,2022-11-13,190,40,21.052631578947366
HOSP-2415,The Johns Hopkins Hospital,surgery,2024-01-20,300,350,116.66666666666667
HOSP-2419,The Johns Hopkins Hospital,icu,2021-05-24,280,130,46.42857142857143
HOSP-2419,The Johns Hopkins Hospital,maternity,2022-02-13,300,270,90.0
HOSP-2419,The Johns Hopkins Hospital,surgery,,140,110,78.57142857142857
HOSP-2420,The Johns Hopkins Hospital,er,2020-11-28,320,0,0.0
HOSP-2420,The Johns Hopkins Hospital,pediatrics,2023-08-16,500,280,56.00000000000001
HOSP-2421,The Johns Hopkins Hospital,maternity,2023-03-29,450,360,80.0
HOSP-2422,The Johns Hopkins Hospital,icu,2023-04-18,150,290,193.33333333333334
HOSP-2423,The Johns Hopkins Hospital,er,,320,270,84.375
HOSP-2424,The Johns Hopkins Hospital,pediatrics,,150,90,60.0
HOSP-2425,The Johns Hopkins Hospital,pediatrics,,110,270,245.45454545454547
HOSP-2425,The Johns Hopkins Hospital,surgery,2023-03-31,450,330,73.33333333333333
HOSP-2426,The Johns Hopkins Hospital,icu,2022-10-28,120,150,125.0
HOSP-2426,The Johns Hopkins Hospital,surgery,2020-10-23,470,0,0.0
HOSP-2426,The Johns Hopkins Hospital,surgery,2021-10-21,190,220,115.78947368421053
HOSP-2426,The Johns Hopkins Hospital,surgery,2022-12-30,290,0,0.0
HOSP-2428,The Johns Hopkins Hospital,icu,,430,100,23.25581395348837
HOSP-2429,The Johns Hopkins Hospital,surgery,2020-08-27,190,210,110.5263157894737
HOSP-2430,The Johns Hopkins Hospital,maternity,2023-02-16,350,330,94.28571428571428
HOSP-2430,The Johns Hopkins Hospital,maternity,,430,270,62.7906976744186
HOSP-2430,The Johns Hopkins Hospital,surgery,2023-06-27,310,400,129.03225806451613
HOSP-2431,The Johns Hopkins Hospital,surgery,,240,130,54.166666666666664
HOSP-2433,The Johns Hopkins Hospital,surgery,,240,40,16.666666666666664
HOSP-2434,The Johns Hopkins Hospital,surgery,,260,120,46.15384615384615
HOSP-2437,The Johns Hopkins Hospital,pediatrics,2021-11-13,330,310,93.93939393939394
HOSP-2438,The Johns Hopkins Hospital,icu,,270,320,118.5185185185185
HOSP-2439,The Johns Hopkins Hospital,icu,,200,390,195.0
HOSP-2439,The Johns Hopkins Hospital,pediatrics,2024-06-14,500,10,2.0
HOSP-2442,The Johns Hopkins Hospital,surgery,2020-07-31,210,100,47.61904761904761
HOSP-2443,The Johns Hopkins Hospital,er,2022-04-19,430,390,90.69767441860465
HOSP-2443,The Johns Hopkins Hospital,icu,,380,120,31.57894736842105
HOSP-2443,The Johns Hopkins Hospital,surgery,2021-09-30,150,210,140.0
HOSP-2443,The Johns Hopkins Hospital,surgery,2022-09-27,430,40,9.30232558139535
HOSP-2444,The Johns Hopkins Hospital,surgery,2023-10-25,360,200,55.55555555555556
HOSP-2446,The Johns Hopkins Hospital,icu,2022-08-17,320,360,112.5
HOSP-2447,The Johns Hopkins Hospital,er,2023-11-19,140,350,250.0
HOSP-2448,The Johns Hopkins Hospital,surgery,2022-11-26,440,350,79.54545454545455
HOSP-2451,The Johns Hopkins Hospital,pediatrics,2022-08-16,270,50,18.51851851851852
HOSP-2451,The Johns Hopkins Hospital,pediatrics,,310,190,61.29032258064516
HOSP-2453,The Johns Hopkins Hospital,pediatrics,2020-09-20,130,200,153.84615384615387
HOSP-2454,The Johns Hopkins Hospital,icu,,140,400,285.7142857142857
HOSP-2454,The Johns Hopkins Hospital,maternity,2022-11-17,160,150,93.75
HOSP-2454,The Johns Hopkins Hospital,surgery,2022-01-24,210,210,100.0
HOSP-2455,The Johns Hopkins Hospital,surgery,2024-07-19,110,120,109.09090909090908
HOSP-2457,The Johns Hopkins Hospital,icu,2021-06-29,130,390,300.0
HOSP-2458,The Johns Hopkins Hospital,er,,450,270,60.0
HOSP-2458,The Johns Hopkins Hospital,pediatrics,,210,0,0.0
HOSP-2459,The Johns Hopkins Hospital,pediatrics,,430,330,76.74418604651163
HOSP-2461,The Johns Hopkins Hospital,er,,150,10,6.666666666666667
HOSP-2461,The Johns Hopkins Hospital,icu,2024-04-24,360,220,61.111111111111114
HOSP-2462,The Johns Hopkins Hospital,maternity,2022-03-18,240,140,58.333333333333336
HOSP-2466,The Johns Hopkins Hospital,icu,2022-08-21,340,340,100.0
HOSP-2466,The Johns Hopkins Hospital,pediatrics,2021-01-26,190,350,184.21052631578948
HOSP-2467,The Johns Hopkins Hospital,er,2022-06-14,140,70,50.0
HOSP-2467,The Johns Hopkins Hospital,er,,170,260,152.94117647058823
HOSP-2469,The Johns Hopkins Hospital,er,2021-09-28,250,70,28.000000000000004
HOSP-2471,The Johns Hopkins Hospital,er,2024-07-16,150,10,6.666666666666667
HOSP-2471,The Johns Hopkins Hospital,maternity,,230,400,173.91304347826087
HOSP-2472,The Johns Hopkins Hospital,er,2021-06-19,220,70,31.818181818181817
HOSP-2472,The Johns Hopkins Hospital,surgery,,380,200,52.63157894736842
HOSP-2473,The Johns Hopkins Hospital,maternity,,140,180,128.57142857142858
HOSP-2474,The Johns Hopkins Hospital,er,,100,350,350.0
HOSP-2474,The Johns Hopkins Hospital,icu,2023-07-23,380,290,76.31578947368422
HOSP-2474,The Johns Hopkins Hospital,icu,,400,20,5.0
HOSP-2474,The Johns Hopkins Hospital,maternity,2024-06-24,240,0,0.0
HOSP-2474,The Johns Hopkins Hospital,pediatrics,2022-04-14,350,210,60.0
HOSP-2475,The Johns Hopkins Hospital,pediatrics,2023-01-15,450,0,0.0
HOSP-2477,The Johns Hopkins Hospital,er,2020-08-31,130,50,38.46153846153847
HOSP-2478,The Johns Hopkins Hospital,icu,2023-04-29,410,330,80.48780487804879
HOSP-2478,The Johns Hopkins Hospital,pediatrics,,160,80,50.0
HOSP-2478,The Johns Hopkins Hospital,surgery,,370,240,64.86486486486487
HOSP-2479,The Johns Hopkins Hospital,icu,,230,320,139.1304347826087
HOSP-2484,The Johns Hopkins Hospital,pediatrics,2021-12-26,370,180,48.64864864864865
HOSP-2485,The Johns Hopkins Hospital,pediatrics,2020-11-18,420,60,14.285714285714285
HOSP-2486,The Johns Hopkins Hospital,er,,300,120,40.0
HOSP-2487,The Johns Hopkins Hospital,er,2022-06-27,110,330,300.0
HOSP-2488,The Johns Hopkins Hospital,pediatrics,2024-02-19,360,280,77.77777777777779
HOSP-2490,The Johns Hopkins Hospital,pediatrics,2023-04-13,190,300,157.89473684210526
HOSP-2490,The Johns Hopkins Hospital,surgery,2023-10-20,360,330,91.66666666666666
HOSP-2491,The Johns Hopkins Hospital,maternity,2022-12-15,260,60,23.076923076923077
HOSP-2491,The Johns Hopkins Hospital,surgery,,260,180,69.23076923076923
HOSP-2493,The Johns Hopkins Hospital,er,2021-11-15,100,160,160.0
HOSP-2493,The Johns Hopkins Hospital,surgery,2023-09-27,500,160,32.0
HOSP-2495,The Johns Hopkins Hospital,er,2020-08-26,410,230,56.09756097560976
HOSP-2496,The Johns Hopkins Hospital,er,,110,220,200.0
HOSP-2496,The Johns Hopkins Hospital,icu,,410,240,58.536585365853654
HOSP-2498,The Johns Hopkins Hospital,maternity,,150,210,140.0
HOSP-2500,The Johns Hopkins Hospital,maternity,2021-03-27,340,130,38.23529411764706
HOSP-2500,The Johns Hopkins Hospital,maternity,2023-10-27,440,100,22.727272727272727
HOSP-2501,The Johns Hopkins Hospital,icu,2023-02-18,260,10,3.8461538461538463
HOSP-2501,The Johns Hopkins Hospital,icu,,150,200,133.33333333333331
HOSP-2502,The Johns Hopkins Hospital,surgery,2024-03-17,440,150,34.090909090909086
HOSP-2503,The Johns Hopkins Hospital,icu,2024-06-27,280,300,107.14285714285714
HOSP-2503,The Johns Hopkins Hospital,surgery,,380,290,76.31578947368422
HOSP-2504,The Johns Hopkins Hospital,icu,,130,80,61.53846153846154
HOSP-2504,The Johns Hopkins Hospital,pediatrics,2020-09-16,130,330,253.84615384615384
HOSP-2504,The Johns Hopkins Hospital,pediatrics,2022-07-26,300,70,23.333333333333332
HOSP-2506,The Johns Hopkins Hospital,er,2023-04-29,230,270,117.3913043478261
HOSP-2506,The Johns Hopkins Hospital,maternity,2020-10-21,350,110,31.428571428571427
HOSP-2508,The Johns Hopkins Hospital,er,2021-07-29,340,130,38.23529411764706
HOSP-2508,The Johns Hopkins Hospital,icu,,480,170,35.41666666666667
HOSP-2509,The Johns Hopkins Hospital,icu,2023-08-31,200,320,160.0
HOSP-2509,The Johns Hopkins Hospital,surgery,2022-07-27,500,40,8.0
HOSP-2511,The Johns Hopkins Hospital,surgery,,120,120,100.0
HOSP-2512,The Johns Hopkins Hospital,icu,2023-01-28,380,40,10.526315789473683
HOSP-2513,The Johns Hopkins Hospital,pediatrics,,420,350,83.33333333333334
HOSP-2514,The Johns Hopkins Hospital,icu,,380,320,84.21052631578947
HOSP-2515,The Johns Hopkins Hospital,er,2023-11-24,490,120,24.489795918367346
HOSP-2521,The Johns Hopkins Hospital,er,2023-06-27,370,310,83.78378378378379
HOSP-2521,The Johns Hopkins Hospital,icu,2020-09-16,410,320,78.04878048780488
HOSP-2521,The Johns Hopkins Hospital,surgery,2021-05-15,220,230,104.54545454545455
HOSP-2522,The Johns Hopkins Hospital,er,,280,90,32.142857142857146
HOSP-2522,The Johns Hopkins Hospital,maternity,2023-05-18,280,270,96.42857142857143
HOSP-2523,The Johns Hopkins Hospital,icu,2021-06-22,120,60,50.0
HOSP-2524,The Johns Hopkins Hospital,icu,2023-04-17,390,40,10.256410256410255
HOSP-2524,The Johns Hopkins Hospital,surgery,,210,120,57.14285714285714
HOSP-2525,The Johns Hopkins Hospital,pediatrics,,370,90,24.324324324324326
HOSP-2527,The Johns Hopkins Hospital,icu,2022-12-30,190,90,47.368421052631575
HOSP-2528,The Johns Hopkins Hospital,icu,,140,170,121.42857142857142
HOSP-2528,The Johns Hopkins Hospital,maternity,2022-12-27,210,340,161.9047619047619
HOSP-2528,The Johns Hopkins Hospital,surgery,2023-06-29,200,350,175.0
HOSP-2529,The Johns Hopkins Hospital,er,2024-04-15,230,230,100.0
HOSP-2529,The Johns Hopkins Hospital,icu,2024-01-30,130,380,292.30769230769226
HOSP-2529,The Johns Hopkins Hospital,pediatrics,2021-09-28,120,370,308.33333333333337
HOSP-2530,The Johns Hopkins Hospital,er,,310,390,125.80645161290323
HOSP-2530,The Johns Hopkins Hospital,icu,,130,20,15.384615384615385
HOSP-2532,The Johns Hopkins Hospital,surgery,2021-06-24,200,140,70.0
HOSP-2533,The Johns Hopkins Hospital,maternity,,350,340,97.14285714285714
HOSP-2534,The Johns Hopkins Hospital,maternity,,330,260,78.78787878787878
HOSP-2534,The Johns Hopkins Hospital,surgery,,470,240,51.06382978723404
HOSP-2535,The Johns Hopkins Hospital,er,,470,210,44.680851063829785
HOSP-2537,The Johns Hopkins Hospital,icu,,200,190,95.0
HOSP-2539,The Johns Hopkins Hospital,pediatrics,,120,180,150.0
HOSP-2540,The Johns Hopkins Hospital,icu,2021-03-29,220,230,104.54545454545455
HOSP-2540,The Johns Hopkins Hospital,icu,,130,310,238.46153846153845
HOSP-2540,The Johns Hopkins Hospital,maternity,2023-04-18,400,330,82.5
HOSP-2541,The Johns Hopkins Hospital,er,2020-12-17,310,290,93.54838709677419
HOSP-2542,The Johns Hopkins Hospital,er,,410,340,82.92682926829268
HOSP-2543,The Johns Hopkins Hospital,er,,320,160,50.0
HOSP-2543,The Johns Hopkins Hospital,icu,2023-08-13,300,330,110.00000000000001
HOSP-2543,The Johns Hopkins Hospital,maternity,2024-05-27,350,200,57.14285714285714
HOSP-2544,The Johns Hopkins Hospital,er,,280,200,71.42857142857143
HOSP-2544,The Johns Hopkins Hospital,maternity,2022-02-15,130,70,53.84615384615385
HOSP-2544,The Johns Hopkins Hospital,maternity,2022-02-28,220,400,181.8181818181818
HOSP-2546,The Johns Hopkins Hospital,er,2022-11-17,470,240,51.06382978723404
HOSP-2546,The Johns Hopkins Hospital,icu,2023-04-17,290,190,65.51724137931035
HOSP-2547,The Johns Hopkins Hospital,er,2021-06-25,280,240,85.71428571428571
HOSP-2547,The Johns Hopkins Hospital,maternity,2021-03-23,200,250,125.0
HOSP-2549,The Johns Hopkins Hospital,icu,2024-06-16,260,210,80.76923076923077
HOSP-2549,The Johns Hopkins Hospital,pediatrics,,190,300,157.89473684210526
HOSP-2550,The Johns Hopkins Hospital,er,2024-06-23,470,380,80.85106382978722
HOSP-2551,The Johns Hopkins Hospital,er,2021-10-13,200,400,200.0
HOSP-2551,The Johns Hopkins Hospital,icu,,200,330,165.0
HOSP-2552,The Johns Hopkins Hospital,er,,290,380,131.0344827586207
HOSP-2552,The Johns Hopkins Hospital,icu,2024-07-15,500,260,52.0
HOSP-2553,The Johns Hopkins Hospital,pediatrics,2021-07-29,500,350,70.0
HOSP-2553,The Johns Hopkins Hospital,surgery,,100,370,370.0
HOSP-2555,The Johns Hopkins Hospital,er,,340,300,88.23529411764706
HOSP-2555,The Johns Hopkins Hospital,pediatrics,2022-10-20,400,200,50.0
HOSP-2557,The Johns Hopkins Hospital,icu,,350,150,42.857142857142854
HOSP-2559,The Johns Hopkins Hospital,er,2023-08-16,470,40,8.51063829787234
HOSP-2561,The Johns Hopkins Hospital,er,,380,110,28.947368421052634
HOSP-2561,The Johns Hopkins Hospital,surgery,,130,310,238.46153846153845
HOSP-2562,The Johns Hopkins Hospital,er,2020-11-18,500,220,44.0
HOSP-2562,The Johns Hopkins Hospital,pediatrics,2023-08-18,450,20,4.444444444444445
HOSP-2563,The Johns Hopkins Hospital,er,,500,160,32.0
HOSP-2564,The Johns Hopkins Hospital,er,2023-06-22,300,270,90.0
HOSP-2564,The Johns Hopkins Hospital,surgery,2023-10-16,200,170,85.0
HOSP-2566,The Johns Hopkins Hospital,er,,130,360,276.9230769230769
HOSP-2567,The Johns Hopkins Hospital,maternity,,360,0,0.0
HOSP-2567,The Johns Hopkins Hospital,pediatrics,2023-05-29,230,350,152.17391304347828
HOSP-2569,The Johns Hopkins Hospital,er,2022-11-21,340,300,88.23529411764706
HOSP-2570,The Johns Hopkins Hospital,pediatrics,,140,220,157.14285714285714
HOSP-2572,The Johns Hopkins Hospital,er,2021-01-29,500,380,76.0
HOSP-2572,The Johns Hopkins Hospital,er,,390,300,76.92307692307693
HOSP-2572,The Johns Hopkins Hospital,maternity,2023-10-14,280,80,28.57142857142857
HOSP-2573,The Johns Hopkins Hospital,er,2021-08-20,110,170,154.54545454545453
HOSP-2574,The Johns Hopkins Hospital,er,2024-04-14,500,150,30.0
HOSP-2574,The Johns Hopkins Hospital,er,,270,220,81.48148148148148
HOSP-2574,The Johns Hopkins Hospital,pediatrics,,370,140,37.83783783783784
HOSP-2576,The Johns Hopkins Hospital,pediatrics,2024-01-28,360,220,61.111111111111114
HOSP-2577,The Johns Hopkins Hospital,er,2020-09-17,420,260,61.904761904761905
HOSP-2577,The Johns Hopkins Hospital,icu,2022-03-19,290,180,62.06896551724138
HOSP-2579,The Johns Hopkins Hospital,maternity,2022-01-22,330,10,3.0303030303030303
HOSP-2579,The Johns Hopkins Hospital,maternity,,470,250,53.191489361702125
HOSP-2579,The Johns Hopkins Hospital,surgery,,230,330,143.47826086956522
HOSP-2584,The Johns Hopkins Hospital,er,2021-04-27,360,340,94.44444444444444
HOSP-2584,The Johns Hopkins Hospital,pediatrics,2023-12-31,340,380,111.76470588235294
HOSP-2584,The Johns Hopkins Hospital,pediatrics,2024-04-17,430,390,90.69767441860465
HOSP-2584,The Johns Hopkins Hospital,surgery,,130,390,300.0
HOSP-2585,The Johns Hopkins Hospital,icu,,480,370,77.08333333333334
HOSP-2586,The Johns Hopkins Hospital,icu,2023-06-24,160,280,175.0
HOSP-2586,The Johns Hopkins Hospital,maternity,,210,190,90.47619047619048
HOSP-2587,The Johns Hopkins Hospital,er,2022-10-30,160,210,131.25
HOSP-2587,The Johns Hopkins Hospital,pediatrics,2023-05-23,410,250,60.97560975609756
HOSP-2589,The Johns Hopkins Hospital,er,2022-12-25,460,150,32.608695652173914
HOSP-2590,The Johns Hopkins Hospital,icu,2021-10-14,170,230,135.29411764705884
HOSP-2591,The Johns Hopkins Hospital,er,2023-02-27,420,330,78.57142857142857
HOSP-2593,The Johns Hopkins Hospital,er,2023-05-27,280,230,82.14285714285714
HOSP-2593,The Johns Hopkins Hospital,pediatrics,,200,370,185.0
HOSP-2593,The Johns Hopkins Hospital,surgery,2022-01-31,260,380,146.15384615384613
HOSP-2594,The Johns Hopkins Hospital,maternity,,310,200,64.51612903225806
HOSP-2595,The Johns Hopkins Hospital,maternity,,140,190,135.71428571428572
HOSP-2595,The Johns Hopkins Hospital,surgery,2023-01-21,420,50,11.904761904761903
HOSP-2596,The Johns Hopkins Hospital,er,2024-03-31,490,80,16.3265306122449
HOSP-2596,The Johns Hopkins Hospital,icu,2022-03-14,440,330,75.0
HOSP-2596,The Johns Hopkins Hospital,maternity,,390,110,28.205128205128204
HOSP-2599,The Johns Hopkins Hospital,icu,2021-03-31,210,30,14.285714285714285
HOSP-2599,The Johns Hopkins Hospital,pediatrics,2021-07-22,270,390,144.44444444444443
HOSP-2600,The Johns Hopkins Hospital,maternity,2021-07-16,410,320,78.04878048780488
HOSP-2600,The Johns Hopkins Hospital,maternity,2023-09-21,100,210,210.0
HOSP-2601,The Johns Hopkins Hospital,surgery,,350,360,102.85714285714285
HOSP-2605,The Johns Hopkins Hospital,maternity,2022-08-14,420,350,83.33333333333334
HOSP-2605,The Johns Hopkins Hospital,surgery,,200,90,45.0
HOSP-2606,The Johns Hopkins Hospital,er,2022-04-17,450,150,33.33333333333333
HOSP-2606,The Johns Hopkins Hospital,pediatrics,2022-02-27,190,140,73.68421052631578
HOSP-2607,The Johns Hopkins Hospital,pediatrics,,210,400,190.47619047619045
HOSP-2608,The Johns Hopkins Hospital,er,2021-09-27,100,270,270.0
HOSP-2608,The Johns Hopkins Hospital,pediatrics,2023-08-24,160,70,43.75
HOSP-2608,The Johns Hopkins Hospital,surgery,,330,150,45.45454545454545
HOSP-2610,The Johns Hopkins Hospital,maternity,2021-03-28,290,280,96.55172413793103
HOSP-2611,The Johns Hopkins Hospital,er,2020-11-24,240,390,162.5
HOSP-2611,The Johns Hopkins Hospital,pediatrics,2021-01-27,120,250,208.33333333333334
HOSP-2611,The Johns Hopkins Hospital,pediatrics,,220,70,31.818181818181817
HOSP-2611,The Johns Hopkins Hospital,surgery,2022-12-30,400,290,72.5
HOSP-2611,The Johns Hopkins Hospital,surgery,2023-03-16,430,250,58.139534883720934
HOSP-2612,The Johns Hopkins Hospital,icu,2024-02-20,150,90,60.0
HOSP-2612,The Johns Hopkins Hospital,maternity,,140,110,78.57142857142857
HOSP-2612,The Johns Hopkins Hospital,pediatrics,,220,70,31.818181818181817
HOSP-2613,The Johns Hopkins Hospital,maternity,,120,100,83.33333333333334
HOSP-2613,The Johns Hopkins Hospital,pediatrics,2024-05-13,300,10,3.3333333333333335
HOSP-2614,The Johns Hopkins Hospital,maternity,2021-08-27,440,90,20.454545454545457
HOSP-2614,The Johns Hopkins Hospital,maternity,,320,20,6.25
HOSP-2614,The Johns Hopkins Hospital,surgery,2024-04-22,400,200,50.0
HOSP-2617,The Johns Hopkins Hospital,er,2022-03-30,250,130,52.0
HOSP-2618,The Johns Hopkins Hospital,pediatrics,2021-04-21,290,370,127.58620689655173
HOSP-2620,The Johns Hopkins Hospital,er,2021-08-16,340,310,91.17647058823529
HOSP-2621,The Johns Hopkins Hospital,er,,340,170,50.0
HOSP-2621,The Johns Hopkins Hospital,surgery,,500,120,24.0
HOSP-2623,The Johns Hopkins Hospital,maternity,2022-12-13,490,400,81.63265306122449
HOSP-2624,The Johns Hopkins Hospital,maternity,,330,210,63.63636363636363
HOSP-2625,The Johns Hopkins Hospital,maternity,2023-08-26,480,90,18.75
HOSP-2626,The Johns Hopkins Hospital,surgery,2020-12-14,260,400,153.84615384615387
HOSP-2628,The Johns Hopkins Hospital,pediatrics,2021-08-29,380,310,81.57894736842105
HOSP-2629,The Johns Hopkins Hospital,er,,360,60,16.666666666666664
HOSP-2629,The Johns Hopkins Hospital,icu,,310,210,67.74193548387096
HOSP-2629,The Johns Hopkins Hospital,maternity,2023-06-21,230,300,130.43478260869566
HOSP-2629,The Johns Hopkins Hospital,pediatrics,2022-05-29,380,30,7.894736842105263
HOSP-2629,The Johns Hopkins Hospital,pediatrics,,200,290,145.0
HOSP-2629,The Johns Hopkins Hospital,surgery,2021-02-24,250,220,88.0
HOSP-2630,The Johns Hopkins Hospital,icu,2021-01-26,430,160,37.2093023255814
HOSP-2630,The Johns Hopkins Hospital,maternity,2022-06-18,140,0,0.0
HOSP-2630,The Johns Hopkins Hospital,maternity,,320,180,56.25
HOSP-2631,The Johns Hopkins Hospital,er,2021-10-22,500,360,72.0
HOSP-2631,The Johns Hopkins Hospital,icu,2023-07-25,180,10,5.555555555555555
HOSP-2632,The Johns Hopkins Hospital,er,2021-09-17,290,260,89.65517241379311
HOSP-2632,The Johns Hopkins Hospital,er,,250,390,156.0
HOSP-2632,The Johns Hopkins Hospital,maternity,2022-08-22,280,120,42.857142857142854
HOSP-2633,The Johns Hopkins Hospital,er,,320,380,118.75
HOSP-2633,The Johns Hopkins Hospital,pediatrics,2022-11-20,490,260,53.06122448979592
HOSP-2637,The Johns Hopkins Hospital,maternity,2024-05-28,170,180,105.88235294117648
HOSP-2637,The Johns Hopkins Hospital,pediatrics,2023-01-21,420,380,90.47619047619048
HOSP-2638,The Johns Hopkins Hospital,maternity,,110,340,309.09090909090907
HOSP-2639,The Johns Hopkins Hospital,er,2024-04-15,260,230,88.46153846153845
HOSP-2639,The Johns Hopkins Hospital,surgery,,220,270,122.72727272727273
HOSP-2640,The Johns Hopkins Hospital,icu,,480,260,54.166666666666664
HOSP-2643,The Johns Hopkins Hospital,er,,290,150,51.724137931034484
HOSP-2643,The Johns Hopkins Hospital,maternity,2024-04-20,250,260,104.0
HOSP-2643,The Johns Hopkins Hospital,surgery,,180,390,216.66666666666666
HOSP-2644,The Johns Hopkins Hospital,surgery,,450,320,71.11111111111111
HOSP-2645,The Johns Hopkins Hospital,pediatrics,2021-09-30,380,260,68.42105263157895
HOSP-2648,The Johns Hopkins Hospital,icu,2020-10-28,140,350,250.0
HOSP-2648,The Johns Hopkins Hospital,maternity,,220,220,100.0
HOSP-2649,The Johns Hopkins Hospital,er,,120,380,316.66666666666663
HOSP-2649,The Johns Hopkins Hospital,icu,2022-07-18,360,190,52.77777777777778
HOSP-2649,The Johns Hopkins Hospital,icu,,150,360,240.0
HOSP-2649,The Johns Hopkins Hospital,surgery,2021-10-23,230,370,160.8695652173913
HOSP-2650,The Johns Hopkins Hospital,pediatrics,2020-08-19,310,230,74.19354838709677
HOSP-2651,The Johns Hopkins Hospital,icu,,100,200,200.0
HOSP-2656,The Johns Hopkins Hospital,icu,,230,0,0.0
HOSP-2657,The Johns Hopkins Hospital,maternity,,320,20,6.25
HOSP-2657,The Johns Hopkins Hospital,surgery,,490,380,77.55102040816327
HOSP-2659,The Johns Hopkins Hospital,er,2023-07-14,210,100,47.61904761904761
HOSP-2659,The Johns Hopkins Hospital,icu,2023-01-21,270,300,111.11111111111111
HOSP-2659,The Johns Hopkins Hospital,pediatrics,,240,140,58.333333333333336
HOSP-2660,The Johns Hopkins Hospital,er,2021-01-26,250,230,92.0
HOSP-2660,The Johns Hopkins Hospital,pediatrics,2023-02-20,230,350,152.17391304347828
HOSP-2661,The Johns Hopkins Hospital,maternity,2023-11-24,170,120,70.58823529411765
HOSP-2661,The Johns Hopkins Hospital,maternity,2024-02-25,250,300,120.0
HOSP-2661,The Johns Hopkins Hospital,surgery,2024-02-23,310,300,96.7741935483871
HOSP-2662,The Johns Hopkins Hospital,icu,2021-01-24,490,390,79.59183673469387
HOSP-2662,The Johns Hopkins Hospital,pediatrics,,440,50,11.363636363636363
HOSP-2666,The Johns Hopkins Hospital,pediatrics,2022-03-29,470,80,17.02127659574468
HOSP-2668,The Johns Hopkins Hospital,surgery,,200,380,190.0
HOSP-2670,The Johns Hopkins Hospital,er,2021-10-24,370,30,8.108108108108109
HOSP-2670,The Johns Hopkins Hospital,pediatrics,2022-05-15,440,50,11.363636363636363
HOSP-2670,The Johns Hopkins Hospital,surgery,2020-11-13,290,250,86.20689655172413
HOSP-2670,The Johns Hopkins Hospital,surgery,,490,10,2.0408163265306123
HOSP-2674,The Johns Hopkins Hospital,er,,370,320,86.48648648648648
HOSP-2674,The Johns Hopkins Hospital,icu,2024-02-14,160,0,0.0
HOSP-2675,The Johns Hopkins Hospital,icu,,380,180,47.368421052631575
HOSP-2676,The Johns Hopkins Hospital,maternity,,470,370,78.72340425531915
HOSP-2677,The Johns Hopkins Hospital,surgery,2024-06-27,490,0,0.0
HOSP-2679,The Johns Hopkins Hospital,pediatrics,2021-10-16,200,120,60.0
HOSP-2682,The Johns Hopkins Hospital,er,2021-12-24,180,260,144.44444444444443
HOSP-2682,The Johns Hopkins Hospital,icu,2021-11-15,130,360,276.9230769230769
HOSP-2682,The Johns Hopkins Hospital,icu,2024-03-31,450,110,24.444444444444443
HOSP-2683,The Johns Hopkins Hospital,maternity,2022-09-18,320,270,84.375
HOSP-2685,The Johns Hopkins Hospital,pediatrics,2020-09-25,130,400,307.69230769230774
HOSP-2686,The Johns Hopkins Hospital,pediatrics,,180,130,72.22222222222221
HOSP-2686,The Johns Hopkins Hospital,surgery,,470,250,53.191489361702125
HOSP-2689,The Johns Hopkins Hospital,er,2022-03-15,270,270,100.0
HOSP-2691,The Johns Hopkins Hospital,er,2021-02-13,290,360,124.13793103448276
HOSP-2691,The Johns Hopkins Hospital,er,2022-05-23,350,90,25.71428571428571
HOSP-2691,The Johns Hopkins Hospital,icu,2021-10-24,350,180,51.42857142857142
HOSP-2692,The Johns Hopkins Hospital,icu,,210,320,152.38095238095238
HOSP-2692,The Johns Hopkins Hospital,pediatrics,2022-07-21,320,70,21.875
HOSP-2693,The Johns Hopkins Hospital,maternity,2024-03-17,420,170,40.476190476190474
HOSP-2694,The Johns Hopkins Hospital,surgery,2021-12-31,330,370,112.12121212121211
HOSP-2695,The Johns Hopkins Hospital,icu,2023-12-25,400,100,25.0
HOSP-2696,The Johns Hopkins Hospital,maternity,2020-09-22,340,270,79.41176470588235
HOSP-2696,The Johns Hopkins Hospital,maternity,2022-06-13,250,150,60.0
HOSP-2697,The Johns Hopkins Hospital,er,,470,100,21.27659574468085
HOSP-2699,The Johns Hopkins Hospital,icu,,320,250,78.125
HOSP-2701,The Johns Hopkins Hospital,icu,,450,110,24.444444444444443
HOSP-2701,The Johns Hopkins Hospital,surgery,,350,270,77.14285714285715
HOSP-2703,The Johns Hopkins Hospital,maternity,2021-12-13,490,380,77.55102040816327
HOSP-2705,The Johns Hopkins Hospital,icu,2021-01-13,410,320,78.04878048780488
HOSP-2705,The Johns Hopkins Hospital,icu,2021-12-15,430,160,37.2093023255814
HOSP-2705,The Johns Hopkins Hospital,icu,,350,130,37.142857142857146
HOSP-2705,The Johns Hopkins Hospital,surgery,2021-12-14,410,290,70.73170731707317
HOSP-2705,The Johns Hopkins Hospital,surgery,,450,130,28.888888888888886
HOSP-2706,The Johns Hopkins Hospital,icu,2024-01-17,410,290,70.73170731707317
HOSP-2706,The Johns Hopkins Hospital,surgery,2024-03-29,120,320,266.66666666666663
HOSP-2706,The Johns Hopkins Hospital,surgery,,370,190,51.35135135135135
HOSP-2707,The Johns Hopkins Hospital,er,2021-03-15,490,210,42.857142857142854
HOSP-2708,The Johns Hopkins Hospital,surgery,2022-10-28,180,340,188.88888888888889
HOSP-2710,The Johns Hopkins Hospital,pediatrics,,310,250,80.64516129032258
HOSP-2712,The Johns Hopkins Hospital,pediatrics,,420,260,61.904761904761905
HOSP-2713,The Johns Hopkins Hospital,pediatrics,,240,90,37.5
HOSP-2715,The Johns Hopkins Hospital,icu,2022-02-15,250,30,12.0
HOSP-2715,The Johns Hopkins Hospital,maternity,,290,280,96.55172413793103
HOSP-2716,The Johns Hopkins Hospital,pediatrics,2024-04-26,290,10,3.4482758620689653
HOSP-2717,The Johns Hopkins Hospital,pediatrics,2022-12-17,460,180,39.130434782608695
HOSP-2718,The Johns Hopkins Hospital,surgery,2020-12-23,230,40,17.391304347826086
HOSP-2721,The Johns Hopkins Hospital,pediatrics,2022-02-27,310,240,77.41935483870968
HOSP-2724,The Johns Hopkins Hospital,maternity,2023-06-20,230,220,95.65217391304348
HOSP-2725,The Johns Hopkins Hospital,icu,,220,310,140.9090909090909
HOSP-2725,The Johns Hopkins Hospital,surgery,2021-12-30,280,220,78.57142857142857
HOSP-2727,The Johns Hopkins Hospital,pediatrics,,500,80,16.0
HOSP-2728,The Johns Hopkins Hospital,er,,400,160,40.0
HOSP-2728,The Johns Hopkins Hospital,maternity,,190,400,210.52631578947367
HOSP-2729,The Johns Hopkins Hospital,icu,,340,250,73.52941176470588
HOSP-2729,The Johns Hopkins Hospital,surgery,,290,260,89.65517241379311
HOSP-2730,The Johns Hopkins Hospital,er,2023-04-30,190,0,0.0
HOSP-2732,The Johns Hopkins Hospital,maternity,2023-02-26,340,270,79.41176470588235
HOSP-2733,The Johns Hopkins Hospital,pediatrics,,120,280,233.33333333333334
HOSP-2736,The Johns Hopkins Hospital,er,,360,40,11.11111111111111
HOSP-2738,The Johns Hopkins Hospital,maternity,,180,70,38.88888888888889
HOSP-2738,The Johns Hopkins Hospital,surgery,2022-07-24,110,360,327.2727272727273
HOSP-2739,The Johns Hopkins Hospital,icu,2021-04-25,150,30,20.0
HOSP-2740,The Johns Hopkins Hospital,pediatrics,2022-05-20,430,400,93.02325581395348
HOSP-2741,The Johns Hopkins Hospital,surgery,2023-03-21,430,190,44.18604651162791
HOSP-2744,The Johns Hopkins Hospital,maternity,,490,40,8.16326530612245
HOSP-2745,The Johns Hopkins Hospital,maternity,2024-04-16,310,230,74.19354838709677
HOSP-2746,The Johns Hopkins Hospital,surgery,2021-06-23,450,90,20.0
HOSP-2746,The Johns Hopkins Hospital,surgery,,390,220,56.41025641025641
HOSP-2747,The Johns Hopkins Hospital,er,2022-07-26,420,220,52.38095238095239
HOSP-2747,The Johns Hopkins Hospital,surgery,2022-10-29,450,30,6.666666666666667
HOSP-2748,The Johns Hopkins Hospital,pediatrics,2021-08-21,190,30,15.789473684210526
HOSP-2750,The Johns Hopkins Hospital,icu,,290,120,41.37931034482759
HOSP-2750,The Johns Hopkins Hospital,surgery,,470,130,27.659574468085108
HOSP-2752,The Johns Hopkins Hospital,surgery,,500,310,62.0
HOSP-2753,The Johns Hopkins Hospital,maternity,,280,20,7.142857142857142
HOSP-2753,The Johns Hopkins Hospital,pediatrics,2022-07-31,220,390,177.27272727272728
HOSP-2754,The Johns Hopkins Hospital,er,,260,130,50.0
HOSP-2754,The Johns Hopkins Hospital,pediatrics,2022-06-28,160,230,143.75
HOSP-2755,The Johns Hopkins Hospital,er,,420,0,0.0
HOSP-2755,The Johns Hopkins Hospital,pediatrics,2023-10-18,430,130,30.23255813953488
HOSP-2756,The Johns Hopkins Hospital,pediatrics,,340,30,8.823529411764707
HOSP-2758,The Johns Hopkins Hospital,pediatrics,,290,120,41.37931034482759
HOSP-2759,The Johns Hopkins Hospital,er,2020-10-21,330,390,118.18181818181819
HOSP-2760,The Johns Hopkins Hospital,pediatrics,2023-04-17,390,100,25.64102564102564
HOSP-2761,The Johns Hopkins Hospital,surgery,2022-07-22,340,160,47.05882352941176
HOSP-2763,The Johns Hopkins Hospital,pediatrics,2022-10-18,480,80,16.666666666666664
HOSP-2764,The Johns Hopkins Hospital,surgery,2023-02-25,490,160,32.6530612244898
HOSP-2764,The Johns Hopkins Hospital,surgery,2023-03-14,260,160,61.53846153846154
HOSP-2765,The Johns Hopkins Hospital,er,2020-09-30,330,200,60.60606060606061
HOSP-2767,The Johns Hopkins Hospital,pediatrics,2022-04-18,160,260,162.5
HOSP-2769,The Johns Hopkins Hospital,surgery,2021-03-18,430,90,20.930232558139537
HOSP-2770,The Johns Hopkins Hospital,pediatrics,2024-02-13,420,300,71.42857142857143
HOSP-2771,The Johns Hopkins Hospital,maternity,,370,350,94.5945945945946
HOSP-2772,The Johns Hopkins Hospital,er,2022-04-20,380,140,36.84210526315789
HOSP-2773,The Johns Hopkins Hospital,maternity,2021-04-29,470,260,55.319148936170215
HOSP-2774,The Johns Hopkins Hospital,maternity,,240,120,50.0
HOSP-2775,The Johns Hopkins Hospital,maternity,,150,120,80.0
HOSP-2778,The Johns Hopkins Hospital,er,2020-07-30,250,380,152.0
HOSP-2778,The Johns Hopkins Hospital,er,2023-10-29,310,390,125.80645161290323
HOSP-2780,The Johns Hopkins Hospital,er,2022-06-19,240,400,166.66666666666669
HOSP-2780,The Johns Hopkins Hospital,maternity,2021-10-25,470,180,38.297872340425535
HOSP-2780,The Johns Hopkins Hospital,pediatrics,2023-08-18,460,20,4.3478260869565215
HOSP-2782,The Johns Hopkins Hospital,maternity,2022-04-22,390,250,64.1025641025641
HOSP-2782,The Johns Hopkins Hospital,pediatrics,2020-09-17,150,260,173.33333333333334
HOSP-2783,The Johns Hopkins Hospital,icu,2022-09-26,250,140,56.00000000000001
HOSP-2783,The Johns Hopkins Hospital,icu,2023-09-16,430,10,2.3255813953488373
HOSP-2783,The Johns Hopkins Hospital,pediatrics,2022-06-27,240,180,75.0
HOSP-2783,The Johns Hopkins Hospital,surgery,,270,130,48.148148148148145
HOSP-2785,The Johns Hopkins Hospital,maternity,2024-03-14,330,40,12.121212121212121
HOSP-2785,The Johns Hopkins Hospital,pediatrics,2023-02-27,420,400,95.23809523809523
HOSP-2786,The Johns Hopkins Hospital,maternity,,260,270,103.84615384615385
HOSP-2787,The Johns Hopkins Hospital,er,2022-01-13,210,60,28.57142857142857
HOSP-2787,The Johns Hopkins Hospital,maternity,,360,100,27.77777777777778
HOSP-2789,The Johns Hopkins Hospital,surgery,,130,390,300.0
HOSP-2793,The Johns Hopkins Hospital,er,2024-05-14,430,120,27.906976744186046
HOSP-2793,The Johns Hopkins Hospital,er,,380,290,76.31578947368422
HOSP-2793,The Johns Hopkins Hospital,icu,,420,140,33.33333333333333
HOSP-2793,The Johns Hopkins Hospital,maternity,,490,130,26.53061224489796
HOSP-2793,The Johns Hopkins Hospital,surgery,2023-12-28,290,370,127.58620689655173
HOSP-2794,The Johns Hopkins Hospital,icu,2021-09-13,480,280,58.333333333333336
HOSP-2794,The Johns Hopkins Hospital,icu,2023-02-15,490,140,28.57142857142857
HOSP-2795,The Johns Hopkins Hospital,icu,2022-11-16,200,100,50.0
HOSP-2795,The Johns Hopkins Hospital,icu,2023-08-18,240,310,129.16666666666669
HOSP-2795,The Johns Hopkins Hospital,surgery,2020-09-30,320,320,100.0
HOSP-2796,The Johns Hopkins Hospital,pediatrics,2021-10-29,350,80,22.857142857142858
HOSP-2797,The Johns Hopkins Hospital,icu,2022-12-23,290,280,96.55172413793103
HOSP-2799,The Johns Hopkins Hospital,maternity,,120,320,266.66666666666663
HOSP-2799,The Johns Hopkins Hospital,pediatrics,2021-10-17,270,230,85.18518518518519
HOSP-2800,The Johns Hopkins Hospital,pediatrics,2022-12-28,370,130,35.13513513513514
HOSP-2801,The Johns Hopkins Hospital,icu,2022-06-28,150,180,120.0
HOSP-2802,The Johns Hopkins Hospital,er,2021-04-19,420,240,57.14285714285714
HOSP-2802,The Johns Hopkins Hospital,icu,,100,400,400.0
HOSP-2802,The Johns Hopkins Hospital,surgery,2022-08-25,200,180,90.0
HOSP-2803,The Johns Hopkins Hospital,er,2023-02-21,500,60,12.0
HOSP-2803,The Johns Hopkins Hospital,pediatrics,2022-10-18,220,400,181.8181818181818
HOSP-2803,The Johns Hopkins Hospital,surgery,,230,160,69.56521739130434
HOSP-2804,The Johns Hopkins Hospital,er,2021-11-22,310,320,103.2258064516129
HOSP-2804,The Johns Hopkins Hospital,surgery,,340,20,5.88235294117647
HOSP-2805,The Johns Hopkins Hospital,pediatrics,,220,230,104.54545454545455
HOSP-2805,The Johns Hopkins Hospital,surgery,2023-05-14,470,0,0.0
HOSP-2805,The Johns Hopkins Hospital,surgery,2024-07-14,270,250,92.5925925925926
HOSP-2806,The Johns Hopkins Hospital,er,2023-08-30,490,390,79.59183673469387
HOSP-2808,The Johns Hopkins Hospital,maternity,2021-12-21,360,70,19.444444444444446
HOSP-2808,The Johns Hopkins Hospital,surgery,,190,80,42.10526315789473
HOSP-2809,The Johns Hopkins Hospital,icu,,300,50,16.666666666666664
HOSP-2810,The Johns Hopkins Hospital,pediatrics,2021-05-18,190,250,131.57894736842107
HOSP-2811,The Johns Hopkins Hospital,icu,,430,260,60.46511627906976
HOSP-2811,The Johns Hopkins Hospital,maternity,2023-10-20,230,110,47.82608695652174
HOSP-2811,The Johns Hopkins Hospital,maternity,,100,360,360.0
HOSP-2812,The Johns Hopkins Hospital,maternity,2023-07-27,160,330,206.25
HOSP-2812,The Johns Hopkins Hospital,pediatrics,2024-06-22,390,150,38.46153846153847
HOSP-2813,The Johns Hopkins Hospital,maternity,2024-06-26,440,270,61.36363636363637
HOSP-2813,The Johns Hopkins Hospital,maternity,,380,40,10.526315789473683
HOSP-2815,The Johns Hopkins Hospital,icu,,310,310,100.0
HOSP-2818,The Johns Hopkins Hospital,maternity,,100,0,0.0
HOSP-2819,The Johns Hopkins Hospital,er,2021-01-14,380,100,26.31578947368421
HOSP-2819,The Johns Hopkins Hospital,maternity,2020-10-17,320,170,53.125
HOSP-2820,The Johns Hopkins Hospital,er,2023-07-21,470,130,27.659574468085108
HOSP-2820,The Johns Hopkins Hospital,er,,440,260,59.09090909090909
HOSP-2821,The Johns Hopkins Hospital,er,2022-09-29,110,80,72.72727272727273
HOSP-2821,The Johns Hopkins Hospital,icu,,370,80,21.62162162162162
HOSP-2821,The Johns Hopkins Hospital,maternity,2021-08-20,470,190,40.42553191489361
HOSP-2821,The Johns Hopkins Hospital,pediatrics,,170,90,52.94117647058824
HOSP-2822,The Johns Hopkins Hospital,maternity,,300,300,100.0
HOSP-2823,The Johns Hopkins Hospital,er,2020-09-30,170,140,82.35294117647058
HOSP-2824,The Johns Hopkins Hospital,er,2022-05-28,240,180,75.0
HOSP-2827,The Johns Hopkins Hospital,icu,2023-06-18,460,250,54.347826086956516
HOSP-2827,The Johns Hopkins Hospital,maternity,,110,250,227.27272727272728
HOSP-2829,The Johns Hopkins Hospital,pediatrics,2022-05-21,310,310,100.0
HOSP-2829,The Johns Hopkins Hospital,surgery,2022-12-16,470,110,23.404255319148938
HOSP-2830,The Johns Hopkins Hospital,maternity,2020-09-24,260,330,126.92307692307692
HOSP-2831,The Johns Hopkins Hospital,er,2022-02-25,170,380,223.52941176470588
HOSP-2833,The Johns Hopkins Hospital,icu,2022-01-16,280,20,7.142857142857142
HOSP-2833,The Johns Hopkins Hospital,pediatrics,2022-07-22,150,250,166.66666666666669
HOSP-2835,The Johns Hopkins Hospital,maternity,2020-12-23,200,190,95.0
HOSP-2835,The Johns Hopkins Hospital,pediatrics,2022-07-28,150,190,126.66666666666666
HOSP-2837,The Johns Hopkins Hospital,er,,440,240,54.54545454545454
HOSP-2841,The Johns Hopkins Hospital,icu,2023-07-30,500,320,64.0
HOSP-2843,The Johns Hopkins Hospital,surgery,2024-01-18,480,270,56.25
HOSP-2843,The Johns Hopkins Hospital,surgery,,200,200,100.0
HOSP-2844,The Johns Hopkins Hospital,er,2022-09-27,350,140,40.0
HOSP-2845,The Johns Hopkins Hospital,icu,2022-12-30,190,360,189.4736842105263
HOSP-2846,The Johns Hopkins Hospital,maternity,2021-02-19,100,0,0.0
HOSP-2847,The Johns Hopkins Hospital,er,2024-01-22,150,400,266.66666666666663
HOSP-2849,The Johns Hopkins Hospital,icu,,140,0,0.0
HOSP-2849,The Johns Hopkins Hospital,maternity,2021-10-21,270,140,51.85185185185185
HOSP-2850,The Johns Hopkins Hospital,er,,230,130,56.52173913043478
HOSP-2850,The Johns Hopkins Hospital,icu,2024-05-14,450,90,20.0
HOSP-2850,The Johns Hopkins Hospital,maternity,,480,90,18.75
HOSP-2850,The Johns Hopkins Hospital,pediatrics,,140,40,28.57142857142857
HOSP-2852,The Johns Hopkins Hospital,er,,410,160,39.02439024390244
HOSP-2853,The Johns Hopkins Hospital,pediatrics,,500,310,62.0
HOSP-2855,The Johns Hopkins Hospital,er,2024-05-13,130,10,7.6923076923076925
HOSP-2858,The Johns Hopkins Hospital,er,,340,380,111.76470588235294
HOSP-2858,The Johns Hopkins Hospital,maternity,2022-10-29,480,40,8.333333333333332
HOSP-2861,The Johns Hopkins Hospital,pediatrics,2023-11-13,120,60,50.0
HOSP-2862,The Johns Hopkins Hospital,icu,2021-04-27,210,130,61.904761904761905
HOSP-2862,The Johns Hopkins Hospital,surgery,2022-04-24,480,70,14.583333333333334
HOSP-2863,The Johns Hopkins Hospital,pediatrics,2020-10-21,330,10,3.0303030303030303
HOSP-2863,The Johns Hopkins Hospital,pediatrics,,330,120,36.36363636363637
HOSP-2863,The Johns Hopkins Hospital,surgery,2024-06-25,370,280,75.67567567567568
HOSP-2864,The Johns Hopkins Hospital,maternity,,390,380,97.43589743589743
HOSP-2865,The Johns Hopkins Hospital,surgery,,310,360,116.12903225806453
HOSP-2867,The Johns Hopkins Hospital,icu,,370,120,32.432432432432435
HOSP-2867,The Johns Hopkins Hospital,pediatrics,2023-06-20,150,120,80.0
HOSP-2867,The Johns Hopkins Hospital,surgery,2021-02-26,170,180,105.88235294117648
HOSP-2868,The Johns Hopkins Hospital,er,2023-06-26,400,80,20.0
HOSP-2869,The Johns Hopkins Hospital,er,,280,240,85.71428571428571
HOSP-2871,The Johns Hopkins Hospital,er,2022-03-21,170,90,52.94117647058824
HOSP-2871,The Johns Hopkins Hospital,pediatrics,2021-11-23,360,90,25.0
HOSP-2871,The Johns Hopkins Hospital,surgery,2022-01-28,180,190,105.55555555555556
HOSP-2873,The Johns Hopkins Hospital,maternity,,290,150,51.724137931034484
HOSP-2875,The Johns Hopkins Hospital,er,2020-11-16,250,170,68.0
HOSP-2876,The Johns Hopkins Hospital,er,2024-03-31,280,60,21.428571428571427
HOSP-2876,The Johns Hopkins Hospital,maternity,2022-06-26,420,60,14.285714285714285
HOSP-2876,The Johns Hopkins Hospital,pediatrics,2024-03-26,120,370,308.33333333333337
HOSP-2877,The Johns Hopkins Hospital,icu,2021-12-13,250,210,84.0
HOSP-2878,The Johns Hopkins Hospital,surgery,2021-02-25,200,300,150.0
HOSP-2879,The Johns Hopkins Hospital,er,2021-11-16,280,190,67.85714285714286
HOSP-2880,The Johns Hopkins Hospital,maternity,,480,300,62.5
HOSP-2881,The Johns Hopkins Hospital,pediatrics,2024-01-24,470,150,31.914893617021278
HOSP-2885,The Johns Hopkins Hospital,maternity,2022-03-26,410,200,48.78048780487805
HOSP-2886,The Johns Hopkins Hospital,icu,2021-02-20,400,80,20.0
HOSP-2886,The Johns Hopkins Hospital,surgery,,460,50,10.869565217391305
HOSP-2888,The Johns Hopkins Hospital,pediatrics,,130,220,169.23076923076923
HOSP-2888,The Johns Hopkins Hospital,surgery,,350,20,5.714285714285714
HOSP-2889,The Johns Hopkins Hospital,er,2023-09-30,430,140,32.55813953488372
HOSP-2891,The Johns Hopkins Hospital,er,2023-11-24,100,100,100.0
HOSP-2891,The Johns Hopkins Hospital,icu,2021-11-22,110,80,72.72727272727273
HOSP-2894,The Johns Hopkins Hospital,er,2022-12-28,370,150,40.54054054054054
HOSP-2896,The Johns Hopkins Hospital,er,2021-07-27,130,140,107.6923076923077
HOSP-2896,The Johns Hopkins Hospital,er,,160,10,6.25
HOSP-2896,The Johns Hopkins Hospital,surgery,2020-12-21,250,270,108.0
HOSP-2897,The Johns Hopkins Hospital,maternity,,440,40,9.090909090909092
HOSP-2898,The Johns Hopkins Hospital,maternity,,430,340,79.06976744186046
HOSP-2899,The Johns Hopkins Hospital,pediatrics,2021-06-19,440,320,72.72727272727273
HOSP-2899,The Johns Hopkins Hospital,pediatrics,,250,80,32.0
HOSP-2900,The Johns Hopkins Hospital,er,,240,80,33.33333333333333
HOSP-2901,The Johns Hopkins Hospital,maternity,2023-06-29,410,320,78.04878048780488
HOSP-2901,The Johns Hopkins Hospital,maternity,,130,270,207.6923076923077
HOSP-2902,The Johns Hopkins Hospital,icu,,380,210,55.26315789473685
HOSP-2902,The Johns Hopkins Hospital,maternity,2022-12-28,290,100,34.48275862068966
HOSP-2902,The Johns Hopkins Hospital,pediatrics,2021-05-18,410,370,90.2439024390244
HOSP-2903,The Johns Hopkins Hospital,icu,2022-01-22,370,380,102.7027027027027
HOSP-2906,The Johns Hopkins Hospital,pediatrics,2022-06-14,270,310,114.81481481481481
HOSP-2907,The Johns Hopkins Hospital,icu,2020-12-29,280,390,139.28571428571428
HOSP-2909,The Johns Hopkins Hospital,er,,410,320,78.04878048780488
HOSP-2909,The Johns Hopkins Hospital,icu,,220,390,177.27272727272728
HOSP-2911,The Johns Hopkins Hospital,surgery,2022-03-30,230,40,17.391304347826086
HOSP-2911,The Johns Hopkins Hospital,surgery,2022-06-27,460,0,0.0
HOSP-2914,The Johns Hopkins Hospital,er,2020-07-25,320,400,125.0
HOSP-2916,The Johns Hopkins Hospital,surgery,2024-04-19,450,390,86.66666666666667
HOSP-2917,The Johns Hopkins Hospital,icu,2023-12-29,190,210,110.5263157894737
HOSP-2917,The Johns Hopkins Hospital,icu,2024-01-23,110,40,36.36363636363637
HOSP-2917,The Johns Hopkins Hospital,pediatrics,2020-07-25,380,300,78.94736842105263
HOSP-2917,The Johns Hopkins Hospital,pediatrics,2021-06-16,130,220,169.23076923076923
HOSP-2917,The Johns Hopkins Hospital,pediatrics,2024-06-25,410,270,65.85365853658537
HOSP-2918,The Johns Hopkins Hospital,icu,2022-08-16,170,280,164.70588235294116
HOSP-2918,The Johns Hopkins Hospital,pediatrics,2021-07-13,390,130,33.33333333333333
HOSP-2920,The Johns Hopkins Hospital,maternity,2022-03-20,350,320,91.42857142857143
HOSP-2920,The Johns Hopkins Hospital,maternity,2023-08-21,350,110,31.428571428571427
HOSP-2920,The Johns Hopkins Hospital,pediatrics,2022-02-19,500,100,20.0
HOSP-2920,The Johns Hopkins Hospital,pediatrics,2022-05-17,180,180,100.0
HOSP-2921,The Johns Hopkins Hospital,maternity,2021-02-26,180,160,88.88888888888889
HOSP-2922,The Johns Hopkins Hospital,pediatrics,2024-02-22,310,250,80.64516129032258
HOSP-2923,The Johns Hopkins Hospital,er,,150,80,53.333333333333336
HOSP-2923,The Johns Hopkins Hospital,pediatrics,,330,250,75.75757575757575
HOSP-2924,The Johns Hopkins Hospital,icu,2021-11-21,230,160,69.56521739130434
HOSP-2925,The Johns Hopkins Hospital,icu,2022-10-18,290,50,17.24137931034483
HOSP-2926,The Johns Hopkins Hospital,surgery,2021-04-29,350,320,91.42857142857143
HOSP-2926,The Johns Hopkins Hospital,surgery,,190,70,36.84210526315789
HOSP-2928,The Johns Hopkins Hospital,er,2022-03-14,380,270,71.05263157894737
HOSP-2929,The Johns Hopkins Hospital,icu,2021-04-29,120,210,175.0
HOSP-2930,The Johns Hopkins Hospital,pediatrics,2021-06-19,110,220,200.0
HOSP-2931,The Johns Hopkins Hospital,pediatrics,2021-03-21,500,100,20.0
HOSP-2932,The Johns Hopkins Hospital,pediatrics,,120,280,233.33333333333334
HOSP-2935,The Johns Hopkins Hospital,pediatrics,,310,400,129.03225806451613
HOSP-2936,The Johns Hopkins Hospital,maternity,2022-10-18,460,0,0.0
HOSP-2937,The Johns Hopkins Hospital,surgery,,430,0,0.0
HOSP-2939,The Johns Hopkins Hospital,pediatrics,2020-12-14,210,370,176.19047619047618
HOSP-2940,The Johns Hopkins Hospital,maternity,2023-07-27,300,230,76.66666666666667
HOSP-2942,The Johns Hopkins Hospital,maternity,,400,260,65.0
HOSP-2942,The Johns Hopkins Hospital,surgery,,280,200,71.42857142857143
HOSP-2943,The Johns Hopkins Hospital,maternity,,210,330,157.14285714285714
HOSP-2946,The Johns Hopkins Hospital,icu,2023-03-23,480,360,75.0
HOSP-2946,The Johns Hopkins Hospital,maternity,,320,180,56.25
HOSP-2948,The Johns Hopkins Hospital,er,2023-05-30,260,380,146.15384615384613
HOSP-2951,The Johns Hopkins Hospital,er,2021-09-18,240,370,154.16666666666669
HOSP-2951,The Johns Hopkins Hospital,maternity,2024-05-14,380,200,52.63157894736842
HOSP-2952,The Johns Hopkins Hospital,surgery,2022-03-28,170,300,176.47058823529412
HOSP-2953,The Johns Hopkins Hospital,er,,470,180,38.297872340425535
HOSP-2953,The Johns Hopkins Hospital,icu,,220,240,109.09090909090908
HOSP-2954,The Johns Hopkins Hospital,icu,,130,200,153.84615384615387
HOSP-2954,The Johns Hopkins Hospital,surgery,2021-10-27,390,380,97.43589743589743
HOSP-2955,The Johns Hopkins Hospital,er,,150,190,126.66666666666666
HOSP-2955,The Johns Hopkins Hospital,surgery,2024-01-27,150,210,140.0
HOSP-2959,The Johns Hopkins Hospital,pediatrics,2024-04-13,280,40,14.285714285714285
HOSP-2960,The Johns Hopkins Hospital,surgery,,390,20,5.128205128205128
HOSP-2963,The Johns Hopkins Hospital,maternity,2021-12-31,330,10,3.0303030303030303
HOSP-2964,The Johns Hopkins Hospital,surgery,2021-12-26,420,10,2.380952380952381
HOSP-2964,The Johns Hopkins Hospital,surgery,2023-01-18,370,220,59.45945945945946
HOSP-2966,The Johns Hopkins Hospital,maternity,,270,260,96.29629629629629
HOSP-2967,The Johns Hopkins Hospital,er,2021-08-18,400,240,60.0
HOSP-2967,The Johns Hopkins Hospital,icu,2020-11-27,260,20,7.6923076923076925
HOSP-2967,The Johns Hopkins Hospital,surgery,2021-10-29,330,330,100.0
HOSP-2970,The Johns Hopkins Hospital,icu,2022-02-18,400,190,47.5
HOSP-2970,The Johns Hopkins Hospital,icu,,220,380,172.72727272727272
HOSP-2970,The Johns Hopkins Hospital,pediatrics,2022-09-27,280,390,139.28571428571428
HOSP-2971,The Johns Hopkins Hospital,maternity,2023-08-13,500,230,46.0
HOSP-2977,The Johns Hopkins Hospital,er,,370,170,45.94594594594595
HOSP-2978,The Johns Hopkins Hospital,er,2021-03-16,290,0,0.0
HOSP-2978,The Johns Hopkins Hospital,surgery,2020-12-18,340,240,70.58823529411765
HOSP-2979,The Johns Hopkins Hospital,er,2023-01-25,420,370,88.09523809523809
HOSP-2979,The Johns Hopkins Hospital,icu,2020-09-26,480,200,41.66666666666667
HOSP-2980,The Johns Hopkins Hospital,surgery,,140,30,21.428571428571427
HOSP-2981,The Johns Hopkins Hospital,surgery,,390,0,0.0
HOSP-2982,The Johns Hopkins Hospital,pediatrics,2023-06-22,220,180,81.81818181818183
HOSP-2983,The Johns Hopkins Hospital,er,2023-09-26,170,20,11.76470588235294
HOSP-2983,The Johns Hopkins Hospital,surgery,2024-03-23,320,340,106.25
HOSP-2984,The Johns Hopkins Hospital,pediatrics,2020-11-16,420,290,69.04761904761905
HOSP-2984,The Johns Hopkins Hospital,surgery,2021-05-23,160,180,112.5
HOSP-2986,The Johns Hopkins Hospital,surgery,2023-01-20,330,0,0.0
HOSP-2990,The Johns Hopkins Hospital,er,,130,290,223.0769230769231
HOSP-2990,The Johns Hopkins Hospital,surgery,2021-06-28,250,300,120.0
HOSP-2991,The Johns Hopkins Hospital,icu,2023-11-14,190,340,178.94736842105263
HOSP-2992,The Johns Hopkins Hospital,icu,2022-09-25,160,190,118.75
HOSP-2994,The Johns Hopkins Hospital,er,2021-05-15,200,150,75.0
HOSP-2994,The Johns Hopkins Hospital,er,2023-12-23,340,230,67.64705882352942
HOSP-2995,The Johns Hopkins Hospital,er,2022-08-23,210,150,71.42857142857143
HOSP-2996,The Johns Hopkins Hospital,er,2022-03-16,480,260,54.166666666666664
HOSP-2996,The Johns Hopkins Hospital,er,2022-06-21,130,100,76.92307692307693
HOSP-2996,The Johns Hopkins Hospital,maternity,2021-05-31,130,190,146.15384615384613
HOSP-2996,The Johns Hopkins Hospital,maternity,,170,360,211.76470588235296
HOSP-2997,The Johns Hopkins Hospital,er,2023-01-29,340,150,44.11764705882353
HOSP-2997,The Johns Hopkins Hospital,er,2024-04-23,430,330,76.74418604651163
HOSP-2998,The Johns Hopkins Hospital,icu,2021-06-19,380,150,39.473684210526315
HOSP-2998,The Johns Hopkins Hospital,maternity,2021-08-15,390,10,2.564102564102564
HOSP-2998,The Johns Hopkins Hospital,pediatrics,2023-07-22,140,130,92.85714285714286
HOSP-3000,The Johns Hopkins Hospital,surgery,2020-12-14,500,220,44.0
HOSP-3000,The Johns Hopkins Hospital,surgery,2023-03-20,330,0,0.0
HOSP-3001,The Johns Hopkins Hospital,er,,310,200,64.51612903225806
HOSP-3001,The Johns Hopkins Hospital,pediatrics,,380,40,10.526315789473683
HOSP-3002,The Johns Hopkins Hospital,er,,310,220,70.96774193548387
HOSP-3002,The Johns Hopkins Hospital,surgery,,380,330,86.8421052631579
HOSP-3003,The Johns Hopkins Hospital,pediatrics,2020-11-14,300,120,40.0
HOSP-3006,The Johns Hopkins Hospital,maternity,2023-11-30,340,310,91.17647058823529
HOSP-3006,The Johns Hopkins Hospital,pediatrics,2023-01-31,100,170,170.0
HOSP-3007,The Johns Hopkins Hospital,icu,2022-07-21,500,110,22.0
HOSP-3007,The Johns Hopkins Hospital,maternity,,180,290,161.11111111111111
HOSP-3008,The Johns Hopkins Hospital,er,2024-05-28,210,30,14.285714285714285
HOSP-3008,The Johns Hopkins Hospital,icu,2021-02-28,410,390,95.1219512195122
HOSP-3008,The Johns Hopkins Hospital,maternity,,280,250,89.28571428571429
HOSP-3009,The Johns Hopkins Hospital,icu,2021-10-13,190,400,210.52631578947367
HOSP-3009,The Johns Hopkins Hospital,pediatrics,2021-02-14,210,250,119.04761904761905
HOSP-3013,The Johns Hopkins Hospital,icu,2023-10-23,110,130,118.18181818181819
HOSP-3014,The Johns Hopkins Hospital,er,2021-07-23,140,110,78.57142857142857
HOSP-3014,The Johns Hopkins Hospital,icu,,420,330,78.57142857142857
HOSP-3014,The Johns Hopkins Hospital,pediatrics,2023-11-24,350,190,54.285714285714285
HOSP-3014,The Johns Hopkins Hospital,surgery,,220,390,177.27272727272728
HOSP-3015,The Johns Hopkins Hospital,er,2022-02-16,330,20,6.0606060606060606
HOSP-3015,The Johns Hopkins Hospital,icu,,440,160,36.36363636363637
HOSP-3016,The Johns Hopkins Hospital,pediatrics,2021-09-23,340,300,88.23529411764706
HOSP-3018,The Johns Hopkins Hospital,er,2024-06-21,360,70,19.444444444444446
HOSP-3019,The Johns Hopkins Hospital,maternity,2022-01-17,190,120,63.1578947368421
HOSP-3019,The Johns Hopkins Hospital,surgery,2021-02-28,180,130,72.22222222222221
HOSP-3022,The Johns Hopkins Hospital,er,2020-11-26,210,390,185.71428571428572
HOSP-3022,The Johns Hopkins Hospital,icu,,140,130,92.85714285714286
HOSP-3026,The Johns Hopkins Hospital,icu,2024-04-27,450,390,86.66666666666667
HOSP-3026,The Johns Hopkins Hospital,surgery,2022-09-28,370,250,67.56756756756756
HOSP-3027,The Johns Hopkins Hospital,maternity,2020-07-29,220,370,168.1818181818182
HOSP-3028,The Johns Hopkins Hospital,maternity,2024-04-27,320,150,46.875
HOSP-3029,The Johns Hopkins Hospital,surgery,2022-06-16,450,190,42.22222222222222
HOSP-3031,The Johns Hopkins Hospital,er,2021-03-30,170,130,76.47058823529412
HOSP-3032,The Johns Hopkins Hospital,pediatrics,2023-10-19,430,40,9.30232558139535
HOSP-3035,The Johns Hopkins Hospital,pediatrics,2023-05-29,420,400,95.23809523809523
HOSP-3036,The Johns Hopkins Hospital,maternity,,480,290,60.416666666666664
HOSP-3036,The Johns Hopkins Hospital,pediatrics,2020-10-25,160,180,112.5
HOSP-3036,The Johns Hopkins Hospital,pediatrics,2022-05-23,230,210,91.30434782608695
HOSP-3036,The Johns Hopkins Hospital,pediatrics,,280,300,107.14285714285714
HOSP-3037,The Johns Hopkins Hospital,maternity,2021-11-19,130,280,215.3846153846154
HOSP-3037,The Johns Hopkins Hospital,pediatrics,2020-09-13,200,150,75.0
HOSP-3037,The Johns Hopkins Hospital,surgery,2022-11-18,130,180,138.46153846153845
HOSP-3038,The Johns Hopkins Hospital,pediatrics,,130,100,76.92307692307693
HOSP-3040,The Johns Hopkins Hospital,er,,310,0,0.0
HOSP-3040,The Johns Hopkins Hospital,icu,2020-10-31,400,330,82.5
HOSP-3040,The Johns Hopkins Hospital,surgery,2022-04-17,410,340,82.92682926829268
HOSP-3042,The Johns Hopkins Hospital,icu,2022-12-27,310,380,122.58064516129032
HOSP-3043,The Johns Hopkins Hospital,maternity,,150,150,100.0
HOSP-3043,The Johns Hopkins Hospital,surgery,,280,400,142.85714285714286
HOSP-3044,The Johns Hopkins Hospital,maternity,,290,380,131.0344827586207
HOSP-3044,The Johns Hopkins Hospital,pediatrics,,200,130,65.0
HOSP-3045,The Johns Hopkins Hospital,maternity,2021-01-13,130,100,76.92307692307693
HOSP-3051,The Johns Hopkins Hospital,pediatrics,2021-11-27,240,90,37.5
HOSP-3054,The Johns Hopkins Hospital,surgery,2020-11-19,300,270,90.0
HOSP-3055,The Johns Hopkins Hospital,er,,430,400,93.02325581395348
HOSP-3055,The Johns Hopkins Hospital,maternity,,280,380,135.71428571428572
HOSP-3055,The Johns Hopkins Hospital,pediatrics,,130,160,123.07692307692308
HOSP-3056,The Johns Hopkins Hospital,er,2023-03-31,480,130,27.083333333333332
HOSP-3056,The Johns Hopkins Hospital,pediatrics,,430,0,0.0
HOSP-3058,The Johns Hopkins Hospital,pediatrics,2023-06-27,110,50,45.45454545454545
HOSP-3059,The Johns Hopkins Hospital,er,2022-09-24,170,60,35.294117647058826
HOSP-3059,The Johns Hopkins Hospital,er,2022-10-23,220,400,181.8181818181818
HOSP-3059,The Johns Hopkins Hospital,pediatrics,2021-03-20,500,340,68.0
HOSP-3060,The Johns Hopkins Hospital,er,2022-10-21,460,320,69.56521739130434
HOSP-3062,The Johns Hopkins Hospital,maternity,,250,310,124.0
HOSP-3062,The Johns Hopkins Hospital,surgery,2021-11-19,360,80,22.22222222222222
HOSP-3064,The Johns Hopkins Hospital,icu,,390,220,56.41025641025641
HOSP-3066,The Johns Hopkins Hospital,pediatrics,,430,240,55.81395348837209
HOSP-3067,The Johns Hopkins Hospital,icu,2023-12-23,310,70,22.58064516129032
HOSP-3070,The Johns Hopkins Hospital,pediatrics,2021-12-28,370,30,8.108108108108109
HOSP-3071,The Johns Hopkins Hospital,maternity,2021-02-28,160,140,87.5
HOSP-3071,The Johns Hopkins Hospital,pediatrics,2023-03-17,100,10,10.0
HOSP-3072,The Johns Hopkins Hospital,er,2021-07-20,160,150,93.75
HOSP-3072,The Johns Hopkins Hospital,icu,2020-12-26,350,300,85.71428571428571
HOSP-3074,The Johns Hopkins Hospital,icu,2024-07-22,230,260,113.04347826086956
HOSP-3075,The Johns Hopkins Hospital,maternity,,400,30,7.5
HOSP-3076,The Johns Hopkins Hospital,surgery,2022-06-28,180,290,161.11111111111111
HOSP-3076,The Johns Hopkins Hospital,surgery,2024-05-14,170,10,5.88235294117647
HOSP-3079,The Johns Hopkins Hospital,maternity,2020-11-28,480,290,60.416666666666664
HOSP-3079,The Johns Hopkins Hospital,surgery,2022-01-29,140,130,92.85714285714286
HOSP-3079,The Johns Hopkins Hospital,surgery,2023-12-24,370,370,100.0
HOSP-3081,The Johns Hopkins Hospital,icu,2021-10-19,100,30,30.0
HOSP-3081,The Johns Hopkins Hospital,surgery,2021-03-23,190,100,52.63157894736842
HOSP-3082,The Johns Hopkins Hospital,maternity,2022-07-28,120,80,66.66666666666666
HOSP-3082,The Johns Hopkins Hospital,surgery,2021-09-18,420,220,52.38095238095239
HOSP-3083,The Johns Hopkins Hospital,er,2020-11-14,450,330,73.33333333333333
HOSP-3083,The Johns Hopkins Hospital,er,2024-06-29,360,250,69.44444444444444
HOSP-3083,The Johns Hopkins Hospital,icu,,160,290,181.25
HOSP-3083,The Johns Hopkins Hospital,pediatrics,2024-07-16,170,320,188.23529411764704
HOSP-3085,The Johns Hopkins Hospital,icu,,360,310,86.11111111111111
HOSP-3085,The Johns Hopkins Hospital,pediatrics,,140,50,35.714285714285715
HOSP-3089,The Johns Hopkins Hospital,er,,200,310,155.0
HOSP-3089,The Johns Hopkins Hospital,maternity,,150,20,13.333333333333334
HOSP-3089,The Johns Hopkins Hospital,pediatrics,,440,140,31.818181818181817
HOSP-3090,The Johns Hopkins Hospital,pediatrics,2024-01-14,320,50,15.625
HOSP-3091,The Johns Hopkins Hospital,er,2020-10-20,280,10,3.571428571428571
HOSP-3094,The Johns Hopkins Hospital,er,2022-03-26,390,140,35.8974358974359
HOSP-3095,The Johns Hopkins Hospital,pediatrics,2023-09-19,500,340,68.0
HOSP-3095,The Johns Hopkins Hospital,pediatrics,,320,340,106.25
HOSP-3096,The Johns Hopkins Hospital,er,,370,280,75.67567567567568
HOSP-3097,The Johns Hopkins Hospital,icu,2022-08-21,350,150,42.857142857142854
HOSP-3097,The Johns Hopkins Hospital,maternity,,400,50,12.5
HOSP-3100,The Johns Hopkins Hospital,maternity,2022-06-25,320,150,46.875
HOSP-3100,The Johns Hopkins Hospital,surgery,,450,210,46.666666666666664
HOSP-3101,The Johns Hopkins Hospital,icu,2021-05-27,390,210,53.84615384615385
HOSP-3101,The Johns Hopkins Hospital,icu,,340,160,47.05882352941176
HOSP-3101,The Johns Hopkins Hospital,maternity,,150,320,213.33333333333334
HOSP-3101,The Johns Hopkins Hospital,pediatrics,,160,390,243.75
HOSP-3102,The Johns Hopkins Hospital,pediatrics,,310,330,106.4516129032258
HOSP-3103,The Johns Hopkins Hospital,maternity,,250,0,0.0
HOSP-3104,The Johns Hopkins Hospital,surgery,2021-04-22,200,80,40.0
HOSP-3105,The Johns Hopkins Hospital,er,,480,170,35.41666666666667
HOSP-3106,The Johns Hopkins Hospital,er,,380,390,102.63157894736842
HOSP-3106,The Johns Hopkins Hospital,icu,2022-11-24,400,30,7.5
HOSP-3106,The Johns Hopkins Hospital,pediatrics,2024-03-24,400,320,80.0
HOSP-3108,The Johns Hopkins Hospital,er,2021-07-26,120,180,150.0
HOSP-3108,The Johns Hopkins Hospital,er,,310,10,3.225806451612903
HOSP-3109,The Johns Hopkins Hospital,icu,2021-08-16,360,180,50.0
HOSP-3111,The Johns Hopkins Hospital,pediatrics,2021-08-26,240,280,116.66666666666667
HOSP-3112,The Johns Hopkins Hospital,icu,2022-04-15,330,220,66.66666666666666
HOSP-3112,The Johns Hopkins Hospital,icu,,450,140,31.11111111111111
HOSP-3113,The Johns Hopkins Hospital,er,2021-02-15,390,10,2.564102564102564
HOSP-3114,The Johns Hopkins Hospital,maternity,,480,0,0.0
HOSP-3115,The Johns Hopkins Hospital,icu,,450,180,40.0
HOSP-3115,The Johns Hopkins Hospital,maternity,2021-09-27,100,10,10.0
HOSP-3116,The Johns Hopkins Hospital,pediatrics,2021-12-20,330,330,100.0
HOSP-3116,The Johns Hopkins Hospital,pediatrics,,230,240,104.34782608695652
HOSP-3116,The Johns Hopkins Hospital,surgery,2023-12-15,460,330,71.73913043478261
HOSP-3117,The Johns Hopkins Hospital,er,,230,290,126.08695652173914
HOSP-3117,The Johns Hopkins Hospital,pediatrics,2021-02-24,300,50,16.666666666666664
HOSP-3118,The Johns Hopkins Hospital,er,2020-09-14,170,320,188.23529411764704
HOSP-3119,The Johns Hopkins Hospital,pediatrics,,270,270,100.0
HOSP-3119,The Johns Hopkins Hospital,surgery,2021-11-17,230,320,139.1304347826087
HOSP-3120,The Johns Hopkins Hospital,pediatrics,2020-12-30,280,190,67.85714285714286
HOSP-3120,The Johns Hopkins Hospital,pediatrics,,330,180,54.54545454545454
HOSP-3122,The Johns Hopkins Hospital,er,,170,290,170.58823529411765
HOSP-3122,The Johns Hopkins Hospital,icu,2022-09-17,140,90,64.28571428571429
HOSP-3122,The Johns Hopkins Hospital,maternity,2023-02-26,380,210,55.26315789473685
HOSP-3123,The Johns Hopkins Hospital,er,2021-09-28,210,30,14.285714285714285
HOSP-3123,The Johns Hopkins Hospital,icu,2022-03-16,370,0,0.0
HOSP-3124,The Johns Hopkins Hospital,pediatrics,2022-11-29,370,140,37.83783783783784
HOSP-3124,The Johns Hopkins Hospital,pediatrics,,440,90,20.454545454545457
HOSP-3125,The Johns Hopkins Hospital,icu,2022-02-19,410,140,34.146341463414636
HOSP-3125,The Johns Hopkins Hospital,pediatrics,,480,160,33.33333333333333
HOSP-3126,The Johns Hopkins Hospital,icu,2021-05-22,100,400,400.0
HOSP-3129,The Johns Hopkins Hospital,maternity,2021-11-21,290,360,124.13793103448276
HOSP-3130,The Johns Hopkins Hospital,er,2022-02-18,150,40,26.666666666666668
HOSP-3130,The Johns Hopkins Hospital,icu,,470,220,46.808510638297875
HOSP-3131,The Johns Hopkins Hospital,maternity,,390,290,74.35897435897436
HOSP-3133,The Johns Hopkins Hospital,icu,,190,210,110.5263157894737
HOSP-3136,The Johns Hopkins Hospital,surgery,,200,240,120.0
HOSP-3137,The Johns Hopkins Hospital,maternity,2023-01-17,500,230,46.0
HOSP-3138,The Johns Hopkins Hospital,pediatrics,2022-12-20,440,50,11.363636363636363
HOSP-3139,The Johns Hopkins Hospital,er,,490,60,12.244897959183673
HOSP-3139,The Johns Hopkins Hospital,icu,2023-06-27,160,340,212.5
HOSP-3144,The Johns Hopkins Hospital,er,2022-06-23,190,150,78.94736842105263
HOSP-3144,The Johns Hopkins Hospital,icu,,260,180,69.23076923076923
HOSP-3144,The Johns Hopkins Hospital,surgery,2020-09-19,130,40,30.76923076923077
HOSP-3145,The Johns Hopkins Hospital,maternity,,410,100,24.390243902439025
HOSP-3145,The Johns Hopkins Hospital,surgery,,240,50,20.833333333333336
HOSP-3146,The Johns Hopkins Hospital,pediatrics,,310,370,119.35483870967742
HOSP-3147,The Johns Hopkins Hospital,er,2024-07-17,200,290,145.0
HOSP-3147,The Johns Hopkins Hospital,icu,2021-05-22,250,350,140.0
HOSP-3148,The Johns Hopkins Hospital,er,2024-01-13,120,10,8.333333333333332
HOSP-3148,The Johns Hopkins Hospital,icu,,100,150,150.0
HOSP-3148,The Johns Hopkins Hospital,surgery,,340,320,94.11764705882352
HOSP-3150,The Johns Hopkins Hospital,maternity,,270,190,70.37037037037037
HOSP-3152,The Johns Hopkins Hospital,surgery,2022-03-21,120,240,200.0
HOSP-3153,The Johns Hopkins Hospital,er,2023-08-26,240,80,33.33333333333333
HOSP-3154,The Johns Hopkins Hospital,surgery,,460,210,45.65217391304348
HOSP-3155,The Johns Hopkins Hospital,er,2021-11-15,360,220,61.111111111111114
HOSP-3155,The Johns Hopkins Hospital,er,2023-04-29,340,370,108.8235294117647
HOSP-3157,The Johns Hopkins Hospital,maternity,2023-12-29,230,90,39.130434782608695
HOSP-3158,The Johns Hopkins Hospital,icu,2021-08-29,360,70,19.444444444444446
HOSP-3158,The Johns Hopkins Hospital,surgery,2020-09-17,170,390,229.41176470588235
HOSP-3158,The Johns Hopkins Hospital,surgery,,450,100,22.22222222222222
HOSP-3159,The Johns Hopkins Hospital,pediatrics,,400,150,37.5
HOSP-3160,The Johns Hopkins Hospital,maternity,2023-01-20,280,120,42.857142857142854
HOSP-3160,The Johns Hopkins Hospital,maternity,,450,180,40.0
HOSP-3160,The Johns Hopkins Hospital,pediatrics,2022-02-18,330,310,93.93939393939394
HOSP-3161,The Johns Hopkins Hospital,er,,240,180,75.0
HOSP-3162,The Johns Hopkins Hospital,maternity,2021-04-21,140,80,57.14285714285714
HOSP-3163,The Johns Hopkins Hospital,maternity,2022-03-19,320,220,68.75
HOSP-3163,The Johns Hopkins Hospital,surgery,2023-12-13,300,230,76.66666666666667
HOSP-3165,The Johns Hopkins Hospital,maternity,2020-12-21,260,240,92.3076923076923
HOSP-3171,The Johns Hopkins Hospital,maternity,,250,200,80.0
HOSP-3172,The Johns Hopkins Hospital,icu,,390,350,89.74358974358975
HOSP-3172,The Johns Hopkins Hospital,pediatrics,,250,240,96.0
HOSP-3173,The Johns Hopkins Hospital,surgery,,380,0,0.0
HOSP-3174,The Johns Hopkins Hospital,icu,2021-10-15,220,40,18.181818181818183
HOSP-3176,The Johns Hopkins Hospital,pediatrics,2021-07-25,270,180,66.66666666666666
HOSP-3176,The Johns Hopkins Hospital,pediatrics,2023-09-29,460,330,71.73913043478261
HOSP-3178,The Johns Hopkins Hospital,surgery,,370,380,102.7027027027027
HOSP-3179,The Johns Hopkins Hospital,icu,,180,60,33.33333333333333
HOSP-3180,The Johns Hopkins Hospital,icu,2024-01-26,200,210,105.0
HOSP-3180,The Johns Hopkins Hospital,pediatrics,2020-09-17,170,60,35.294117647058826
HOSP-3180,The Johns Hopkins Hospital,pediatrics,2020-12-19,160,240,150.0
HOSP-3180,The Johns Hopkins Hospital,pediatrics,,480,110,22.916666666666664
HOSP-3181,The Johns Hopkins Hospital,pediatrics,,410,70,17.073170731707318
HOSP-3183,The Johns Hopkins Hospital,icu,2021-06-29,300,30,10.0
HOSP-3183,The Johns Hopkins Hospital,pediatrics,2022-01-22,280,130,46.42857142857143
HOSP-3184,The Johns Hopkins Hospital,er,,240,110,45.83333333333333
HOSP-3187,The Johns Hopkins Hospital,maternity,,310,330,106.4516129032258
HOSP-3190,The Johns Hopkins Hospital,maternity,,310,140,45.16129032258064
HOSP-3192,The Johns Hopkins Hospital,er,2023-05-14,330,290,87.87878787878788
HOSP-3192,The Johns Hopkins Hospital,er,,270,110,40.74074074074074
HOSP-3197,The Johns Hopkins Hospital,er,2021-09-23,170,40,23.52941176470588
HOSP-3201,The Johns Hopkins Hospital,pediatrics,,190,270,142.10526315789474
HOSP-3202,The Johns Hopkins Hospital,er,,130,250,192.30769230769232
HOSP-3203,The Johns Hopkins Hospital,pediatrics,,150,250,166.66666666666669
HOSP-3204,The Johns Hopkins Hospital,pediatrics,2020-09-17,200,250,125.0
HOSP-3204,The Johns Hopkins Hospital,surgery,,310,140,45.16129032258064
HOSP-3208,The Johns Hopkins Hospital,icu,2022-07-31,370,260,70.27027027027027
HOSP-3210,The Johns Hopkins Hospital,er,2021-06-20,500,210,42.0
HOSP-3210,The Johns Hopkins Hospital,pediatrics,,220,20,9.090909090909092
HOSP-3211,The Johns Hopkins Hospital,icu,2022-04-19,370,190,51.35135135135135
HOSP-3211,The Johns Hopkins Hospital,maternity,2020-10-31,150,190,126.66666666666666
HOSP-3215,The Johns Hopkins Hospital,er,2023-10-14,160,400,250.0
HOSP-3215,The Johns Hopkins Hospital,icu,,270,250,92.5925925925926
HOSP-3216,The Johns Hopkins Hospital,pediatrics,2023-07-21,110,210,190.9090909090909
HOSP-3221,The Johns Hopkins Hospital,er,,430,230,53.48837209302325
HOSP-3221,The Johns Hopkins Hospital,surgery,,260,110,42.30769230769231
HOSP-3222,The Johns Hopkins Hospital,maternity,2023-07-20,150,190,126.66666666666666
HOSP-3222,The Johns Hopkins Hospital,maternity,,400,20,5.0
HOSP-3223,The Johns Hopkins Hospital,surgery,,260,360,138.46153846153845
HOSP-3225,The Johns Hopkins Hospital,maternity,2023-10-21,400,320,80.0
HOSP-3225,The Johns Hopkins Hospital,pediatrics,,350,210,60.0
HOSP-3226,The Johns Hopkins Hospital,maternity,2023-04-18,420,120,28.57142857142857
HOSP-3228,The Johns Hopkins Hospital,er,2021-11-21,220,370,168.1818181818182
HOSP-3230,The Johns Hopkins Hospital,er,,330,170,51.515151515151516
HOSP-3230,The Johns Hopkins Hospital,maternity,,490,120,24.489795918367346
HOSP-3230,The Johns Hopkins Hospital,pediatrics,,400,120,30.0
HOSP-3231,The Johns Hopkins Hospital,pediatrics,2024-05-29,310,260,83.87096774193549
HOSP-3233,The Johns Hopkins Hospital,er,2022-10-30,300,10,3.3333333333333335
HOSP-3233,The Johns Hopkins Hospital,icu,,280,180,64.28571428571429
HOSP-3234,The Johns Hopkins Hospital,pediatrics,,200,210,105.0
HOSP-3236,The Johns Hopkins Hospital,er,2022-04-24,470,350,74.46808510638297
HOSP-3236,The Johns Hopkins Hospital,pediatrics,,320,120,37.5
HOSP-3236,The Johns Hopkins Hospital,surgery,,270,390,144.44444444444443
HOSP-3238,The Johns Hopkins Hospital,er,2022-11-24,400,40,10.0
HOSP-3238,The Johns Hopkins Hospital,surgery,2020-07-29,340,320,94.11764705882352
HOSP-3239,The Johns Hopkins Hospital,pediatrics,2023-10-20,450,80,17.77777777777778
HOSP-3239,The Johns Hopkins Hospital,surgery,2023-02-24,490,350,71.42857142857143
HOSP-3240,The Johns Hopkins Hospital,maternity,,410,140,34.146341463414636
HOSP-3242,The Johns Hopkins Hospital,surgery,2022-10-22,430,170,39.53488372093023
HOSP-3245,The Johns Hopkins Hospital,pediatrics,,150,220,146.66666666666666
HOSP-3246,The Johns Hopkins Hospital,surgery,2023-09-27,280,300,107.14285714285714
HOSP-3247,The Johns Hopkins Hospital,icu,,460,380,82.6086956521739
HOSP-3248,The Johns Hopkins Hospital,surgery,,340,350,102.94117647058823
HOSP-3249,The Johns Hopkins Hospital,icu,,100,350,350.0
HOSP-3251,The Johns Hopkins Hospital,pediatrics,2021-07-16,400,320,80.0
HOSP-3252,The Johns Hopkins Hospital,er,2021-01-16,290,120,41.37931034482759
HOSP-3252,The Johns Hopkins Hospital,surgery,,330,130,39.39393939393939
HOSP-3253,The Johns Hopkins Hospital,er,,260,240,92.3076923076923
HOSP-3255,The Johns Hopkins Hospital,icu,2021-08-22,260,110,42.30769230769231
HOSP-3255,The Johns Hopkins Hospital,icu,2023-04-25,400,160,40.0
HOSP-3256,The Johns Hopkins Hospital,er,,190,360,189.4736842105263
HOSP-3256,The Johns Hopkins Hospital,pediatrics,2021-09-25,350,280,80.0
HOSP-3257,The Johns Hopkins Hospital,icu,,370,120,32.432432432432435
HOSP-3258,The Johns Hopkins Hospital,maternity,,450,240,53.333333333333336
HOSP-3260,The Johns Hopkins Hospital,maternity,,430,310,72.09302325581395
HOSP-3260,The Johns Hopkins Hospital,pediatrics,2022-05-23,270,40,14.814814814814813
HOSP-3261,The Johns Hopkins Hospital,icu,2021-01-22,170,60,35.294117647058826
HOSP-3263,The Johns Hopkins Hospital,icu,2023-01-15,150,40,26.666666666666668
HOSP-3263,The Johns Hopkins Hospital,icu,2024-01-30,290,110,37.93103448275862
HOSP-3263,The Johns Hopkins Hospital,pediatrics,,380,340,89.47368421052632
HOSP-3263,The Johns Hopkins Hospital,surgery,2021-03-28,300,100,33.33333333333333
HOSP-3264,The Johns Hopkins Hospital,icu,2022-09-25,190,380,200.0
HOSP-3265,The Johns Hopkins Hospital,icu,,490,370,75.51020408163265
HOSP-3265,The Johns Hopkins Hospital,maternity,,270,190,70.37037037037037
HOSP-3266,The Johns Hopkins Hospital,surgery,2023-04-15,380,380,100.0
HOSP-3267,The Johns Hopkins Hospital,surgery,2023-12-16,360,160,44.44444444444444
HOSP-3268,The Johns Hopkins Hospital,maternity,,240,200,83.33333333333334
HOSP-3268,The Johns Hopkins Hospital,pediatrics,2022-12-27,430,100,23.25581395348837
HOSP-3269,The Johns Hopkins Hospital,pediatrics,,410,40,9.75609756097561
HOSP-3270,The Johns Hopkins Hospital,pediatrics,2023-06-26,230,250,108.69565217391303
HOSP-3271,The Johns Hopkins Hospital,icu,2020-12-15,470,180,38.297872340425535
HOSP-3272,The Johns Hopkins Hospital,surgery,2022-03-28,300,270,90.0
HOSP-3273,The Johns Hopkins Hospital,pediatrics,,410,120,29.268292682926827
HOSP-3274,The Johns Hopkins Hospital,icu,,250,320,128.0
HOSP-3275,The Johns Hopkins Hospital,maternity,2021-09-20,150,260,173.33333333333334
HOSP-3277,The Johns Hopkins Hospital,maternity,2023-05-19,500,220,44.0
HOSP-3278,The Johns Hopkins Hospital,maternity,2021-11-15,310,390,125.80645161290323
HOSP-3278,The Johns Hopkins Hospital,maternity,,230,240,104.34782608695652
HOSP-3279,The Johns Hopkins Hospital,maternity,2022-02-24,430,320,74.4186046511628
HOSP-3279,The Johns Hopkins Hospital,maternity,,290,70,24.137931034482758
HOSP-3279,The Johns Hopkins Hospital,pediatrics,,480,390,81.25
HOSP-3280,The Johns Hopkins Hospital,surgery,,140,220,157.14285714285714
HOSP-3282,The Johns Hopkins Hospital,er,2021-11-14,300,390,130.0
HOSP-3283,The Johns Hopkins Hospital,er,,400,280,70.0
HOSP-3283,The Johns Hopkins Hospital,icu,2021-01-28,170,160,94.11764705882352
HOSP-3286,The Johns Hopkins Hospital,surgery,2022-02-18,300,120,40.0
HOSP-3287,The Johns Hopkins Hospital,er,2023-01-26,470,50,10.638297872340425
HOSP-3287,The Johns Hopkins Hospital,pediatrics,2022-11-25,240,170,70.83333333333334
HOSP-3288,The Johns Hopkins Hospital,er,,130,10,7.6923076923076925
HOSP-3288,The Johns Hopkins Hospital,surgery,2020-09-30,480,360,75.0
HOSP-3289,The Johns Hopkins Hospital,maternity,2022-08-30,380,40,10.526315789473683
HOSP-3289,The Johns Hopkins Hospital,pediatrics,2022-12-16,130,400,307.69230769230774
HOSP-3290,The Johns Hopkins Hospital,pediatrics,,470,300,63.829787234042556
HOSP-3293,The Johns Hopkins Hospital,surgery,2023-04-23,210,380,180.95238095238096
HOSP-3294,The Johns Hopkins Hospital,icu,2021-12-23,260,70,26.923076923076923
HOSP-3295,The Johns Hopkins Hospital,er,,500,80,16.0
HOSP-3295,The Johns Hopkins Hospital,icu,2021-03-13,430,230,53.48837209302325
HOSP-3297,The Johns Hopkins Hospital,pediatrics,,470,300,63.829787234042556
HOSP-3297,The Johns Hopkins Hospital,surgery,2021-06-23,180,390,216.66666666666666
HOSP-3298,The Johns Hopkins Hospital,er,2022-01-21,130,40,30.76923076923077
HOSP-3300,The Johns Hopkins Hospital,er,,370,50,13.513513513513514
HOSP-3301,The Johns Hopkins Hospital,surgery,2020-08-17,230,150,65.21739130434783
HOSP-3303,The Johns Hopkins Hospital,maternity,2022-05-24,400,40,10.0
HOSP-3306,The Johns Hopkins Hospital,icu,2023-03-20,400,300,75.0
HOSP-3307,The Johns Hopkins Hospital,surgery,2023-10-22,160,140,87.5
HOSP-3308,The Johns Hopkins Hospital,surgery,2020-12-16,200,230,114.99999999999999
HOSP-3309,The Johns Hopkins Hospital,icu,,380,260,68.42105263157895
HOSP-3310,The Johns Hopkins Hospital,surgery,2023-09-13,340,90,26.47058823529412
HOSP-3311,The Johns Hopkins Hospital,er,2024-03-25,180,340,188.88888888888889
HOSP-3311,The Johns Hopkins Hospital,er,,410,300,73.17073170731707
HOSP-3312,The Johns Hopkins Hospital,er,,470,310,65.95744680851064
HOSP-3313,The Johns Hopkins Hospital,icu,,300,190,63.33333333333333
HOSP-3315,The Johns Hopkins Hospital,icu,2021-10-29,500,100,20.0
HOSP-3316,The Johns Hopkins Hospital,icu,2022-08-21,250,390,156.0
HOSP-3316,The Johns Hopkins Hospital,icu,2022-09-25,450,170,37.77777777777778
HOSP-3317,The Johns Hopkins Hospital,icu,,440,120,27.27272727272727
HOSP-3317,The Johns Hopkins Hospital,pediatrics,2022-04-28,210,330,157.14285714285714
HOSP-3318,The Johns Hopkins Hospital,icu,2021-06-25,370,130,35.13513513513514
HOSP-3318,The Johns Hopkins Hospital,icu,2022-01-21,190,320,168.42105263157893
HOSP-3318,The Johns Hopkins Hospital,pediatrics,2024-01-24,340,90,26.47058823529412
HOSP-3320,The Johns Hopkins Hospital,pediatrics,,410,340,82.92682926829268
HOSP-3321,The Johns Hopkins Hospital,icu,2021-08-23,330,60,18.181818181818183
HOSP-3321,The Johns Hopkins Hospital,icu,2021-08-28,100,340,340.0
HOSP-3321,The Johns Hopkins Hospital,icu,,260,30,11.538461538461538
HOSP-3321,The Johns Hopkins Hospital,surgery,2021-03-28,360,390,108.33333333333333
HOSP-3322,The Johns Hopkins Hospital,icu,2023-07-20,470,150,31.914893617021278
HOSP-3324,The Johns Hopkins Hospital,icu,2021-01-16,240,70,29.166666666666668
HOSP-3327,The Johns Hopkins Hospital,maternity,,120,0,0.0
HOSP-3327,The Johns Hopkins Hospital,surgery,2024-06-30,480,70,14.583333333333334
HOSP-3331,The Johns Hopkins Hospital,pediatrics,,270,330,122.22222222222223
HOSP-3332,The Johns Hopkins Hospital,er,2023-03-15,490,170,34.69387755102041
HOSP-3332,The Johns Hopkins Hospital,surgery,2021-08-18,460,400,86.95652173913044
HOSP-3334,The Johns Hopkins Hospital,surgery,2022-08-16,490,40,8.16326530612245
HOSP-3336,The Johns Hopkins Hospital,maternity,2023-12-25,470,90,19.148936170212767
HOSP-3336,The Johns Hopkins Hospital,pediatrics,2023-10-19,250,130,52.0
HOSP-3338,The Johns Hopkins Hospital,er,2023-09-17,500,170,34.0
HOSP-3338,The Johns Hopkins Hospital,er,,180,40,22.22222222222222
HOSP-3338,The Johns Hopkins Hospital,icu,,360,130,36.11111111111111
HOSP-3339,The Johns Hopkins Hospital,er,2024-03-25,400,200,50.0
HOSP-3341,The Johns Hopkins Hospital,icu,,380,50,13.157894736842104
HOSP-3342,The Johns Hopkins Hospital,icu,2021-07-16,110,120,109.09090909090908
HOSP-3342,The Johns Hopkins Hospital,icu,,480,80,16.666666666666664
HOSP-3343,The Johns Hopkins Hospital,maternity,,430,10,2.3255813953488373
HOSP-3343,The Johns Hopkins Hospital,surgery,,190,10,5.263157894736842
HOSP-3344,The Johns Hopkins Hospital,icu,2023-07-27,170,30,17.647058823529413
HOSP-3344,The Johns Hopkins Hospital,icu,,130,110,84.61538461538461
HOSP-3344,The Johns Hopkins Hospital,surgery,,380,50,13.157894736842104
HOSP-3347,The Johns Hopkins Hospital,pediatrics,2020-12-15,410,380,92.6829268292683
HOSP-3349,The Johns Hopkins Hospital,maternity,2021-02-28,430,330,76.74418604651163
HOSP-3350,The Johns Hopkins Hospital,pediatrics,,490,330,67.3469387755102
HOSP-3350,The Johns Hopkins Hospital,surgery,,140,50,35.714285714285715
HOSP-3351,The Johns Hopkins Hospital,icu,2022-12-24,410,330,80.48780487804879
HOSP-3354,The Johns Hopkins Hospital,er,2021-11-18,420,310,73.80952380952381
HOSP-3354,The Johns Hopkins Hospital,icu,,420,20,4.761904761904762
HOSP-3355,The Johns Hopkins Hospital,er,,430,260,60.46511627906976
HOSP-3356,The Johns Hopkins Hospital,icu,2021-07-21,470,320,68.08510638297872
HOSP-3356,The Johns Hopkins Hospital,surgery,2020-08-27,460,150,32.608695652173914
HOSP-3356,The Johns Hopkins Hospital,surgery,,240,230,95.83333333333334
HOSP-3358,The Johns Hopkins Hospital,icu,,440,280,63.63636363636363
HOSP-3359,The Johns Hopkins Hospital,pediatrics,2024-04-27,390,130,33.33333333333333
HOSP-3360,The Johns Hopkins Hospital,maternity,2020-08-13,150,20,13.333333333333334
HOSP-3361,The Johns Hopkins Hospital,er,,410,370,90.2439024390244
HOSP-3362,The Johns Hopkins Hospital,er,2022-01-19,110,350,318.1818181818182
HOSP-3362,The Johns Hopkins Hospital,icu,2024-06-15,500,320,64.0
HOSP-3365,The Johns Hopkins Hospital,er,,330,360,109.09090909090908
HOSP-3365,The Johns Hopkins Hospital,pediatrics,2021-12-25,490,150,30.612244897959183
HOSP-3365,The Johns Hopkins Hospital,surgery,,400,140,35.0
HOSP-3369,The Johns Hopkins Hospital,maternity,,210,320,152.38095238095238
HOSP-3370,The Johns Hopkins Hospital,surgery,2023-04-15,380,330,86.8421052631579
HOSP-3371,The Johns Hopkins Hospital,surgery,2021-04-24,100,210,210.0
HOSP-3372,The Johns Hopkins Hospital,pediatrics,2022-06-14,150,180,120.0
HOSP-3377,The Johns Hopkins Hospital,pediatrics,2021-07-24,140,200,142.85714285714286
HOSP-3377,The Johns Hopkins Hospital,surgery,2022-04-26,230,300,130.43478260869566
HOSP-3382,The Johns Hopkins Hospital,er,2021-12-14,140,130,92.85714285714286
HOSP-3382,The Johns Hopkins Hospital,pediatrics,,110,350,318.1818181818182
HOSP-3386,The Johns Hopkins Hospital,maternity,2021-12-27,130,110,84.61538461538461
HOSP-3387,The Johns Hopkins Hospital,pediatrics,2022-06-28,110,280,254.54545454545453
HOSP-3389,The Johns Hopkins Hospital,maternity,,420,370,88.09523809523809
HOSP-3390,The Johns Hopkins Hospital,er,2023-08-18,450,90,20.0
HOSP-3392,The Johns Hopkins Hospital,surgery,,390,110,28.205128205128204
HOSP-3393,The Johns Hopkins Hospital,er,,120,350,291.66666666666663
HOSP-3394,The Johns Hopkins Hospital,er,2024-01-16,190,390,205.26315789473685
HOSP-3394,The Johns Hopkins Hospital,pediatrics,2021-08-24,220,260,118.18181818181819
HOSP-3396,The Johns Hopkins Hospital,er,2022-06-18,420,290,69.04761904761905
HOSP-3396,The Johns Hopkins Hospital,er,,120,340,283.33333333333337
HOSP-3396,The Johns Hopkins Hospital,surgery,2022-08-26,220,350,159.0909090909091
HOSP-3397,The Johns Hopkins Hospital,er,2022-10-18,470,310,65.95744680851064
HOSP-3397,The Johns Hopkins Hospital,icu,2022-02-27,490,290,59.183673469387756
HOSP-3397,The Johns Hopkins Hospital,maternity,2022-02-27,380,250,65.78947368421053
HOSP-3397,The Johns Hopkins Hospital,maternity,2023-08-31,440,220,50.0
HOSP-3399,The Johns Hopkins Hospital,maternity,2022-04-27,190,310,163.1578947368421
HOSP-3400,The Johns Hopkins Hospital,icu,,140,70,50.0
HOSP-3402,The Johns Hopkins Hospital,icu,2022-08-16,370,240,64.86486486486487
HOSP-3404,The Johns Hopkins Hospital,er,,480,120,25.0
HOSP-3407,The Johns Hopkins Hospital,pediatrics,,200,300,150.0
HOSP-3408,The Johns Hopkins Hospital,surgery,,110,260,236.36363636363637
HOSP-3412,The Johns Hopkins Hospital,icu,2020-08-17,110,180,163.63636363636365
HOSP-3412,The Johns Hopkins Hospital,pediatrics,2023-12-15,160,250,156.25
HOSP-3417,The Johns Hopkins Hospital,er,,280,350,125.0
HOSP-3417,The Johns Hopkins Hospital,maternity,,130,150,115.38461538461537
HOSP-3419,The Johns Hopkins Hospital,surgery,2022-08-30,500,30,6.0
HOSP-3422,The Johns Hopkins Hospital,icu,2022-02-23,200,350,175.0
HOSP-3423,The Johns Hopkins Hospital,maternity,2021-11-30,120,190,158.33333333333331
HOSP-3426,The Johns Hopkins Hospital,er,2022-09-27,420,80,19.047619047619047
HOSP-3427,The Johns Hopkins Hospital,icu,2021-07-28,330,100,30.303030303030305
HOSP-3427,The Johns Hopkins Hospital,icu,2024-02-25,240,350,145.83333333333331
HOSP-3428,The Johns Hopkins Hospital,er,,210,320,152.38095238095238
HOSP-3428,The Johns Hopkins Hospital,pediatrics,2023-10-17,460,60,13.043478260869565
HOSP-3429,The Johns Hopkins Hospital,er,,430,390,90.69767441860465
HOSP-3430,The Johns Hopkins Hospital,pediatrics,,150,340,226.66666666666666
HOSP-3431,The Johns Hopkins Hospital,er,2021-11-19,130,350,269.2307692307692
HOSP-3431,The Johns Hopkins Hospital,surgery,2022-06-26,110,180,163.63636363636365
HOSP-3433,The Johns Hopkins Hospital,surgery,2020-08-25,470,100,21.27659574468085
HOSP-3435,The Johns Hopkins Hospital,pediatrics,2020-10-23,240,110,45.83333333333333
HOSP-3436,The Johns Hopkins Hospital,icu,2021-04-14,260,20,7.6923076923076925
HOSP-3437,The Johns Hopkins Hospital,maternity,,460,170,36.95652173913043
HOSP-3439,The Johns Hopkins Hospital,icu,2021-11-19,410,360,87.8048780487805
HOSP-3439,The Johns Hopkins Hospital,icu,2023-01-18,310,20,6.451612903225806
HOSP-3440,The Johns Hopkins Hospital,pediatrics,,150,360,240.0
HOSP-3443,The Johns Hopkins Hospital,pediatrics,2024-01-16,340,60,17.647058823529413
HOSP-3445,The Johns Hopkins Hospital,icu,2022-08-28,220,0,0.0
HOSP-3445,The Johns Hopkins Hospital,surgery,2022-01-23,240,100,41.66666666666667
HOSP-3446,The Johns Hopkins Hospital,icu,2021-07-20,350,30,8.571428571428571
HOSP-3447,The Johns Hopkins Hospital,surgery,,480,250,52.083333333333336
HOSP-3448,The Johns Hopkins Hospital,er,2022-03-22,230,160,69.56521739130434
HOSP-3449,The Johns Hopkins Hospital,er,2023-01-29,330,110,33.33333333333333
HOSP-3452,The Johns Hopkins Hospital,maternity,2022-03-21,280,300,107.14285714285714
HOSP-3453,The Johns Hopkins Hospital,er,2020-12-13,450,100,22.22222222222222
HOSP-3454,The Johns Hopkins Hospital,maternity,2024-04-28,190,170,89.47368421052632
HOSP-3455,The Johns Hopkins Hospital,surgery,,260,230,88.46153846153845
HOSP-3456,The Johns Hopkins Hospital,pediatrics,2023-03-19,440,390,88.63636363636364
HOSP-3456,The Johns Hopkins Hospital,pediatrics,,460,120,26.08695652173913
HOSP-3456,The Johns Hopkins Hospital,surgery,,160,160,100.0
HOSP-3457,The Johns Hopkins Hospital,icu,2020-08-26,380,140,36.84210526315789
HOSP-3458,The Johns Hopkins Hospital,maternity,2021-08-21,200,270,135.0
HOSP-3459,The Johns Hopkins Hospital,pediatrics,2022-08-18,340,260,76.47058823529412
HOSP-3462,The Johns Hopkins Hospital,er,2020-12-31,180,0,0.0
HOSP-3462,The Johns Hopkins Hospital,surgery,2024-01-16,470,380,80.85106382978722
HOSP-3463,The Johns Hopkins Hospital,er,,320,70,21.875
HOSP-3466,The Johns Hopkins Hospital,pediatrics,2021-11-25,240,70,29.166666666666668
HOSP-3469,The Johns Hopkins Hospital,er,2023-01-25,100,320,320.0
HOSP-3469,The Johns Hopkins Hospital,er,,390,40,10.256410256410255
HOSP-3469,The Johns Hopkins Hospital,maternity,2020-08-18,480,90,18.75
HOSP-3469,The Johns Hopkins Hospital,surgery,2021-10-31,470,350,74.46808510638297
HOSP-3469,The Johns Hopkins Hospital,surgery,,220,270,122.72727272727273
HOSP-3470,The Johns Hopkins Hospital,icu,,160,120,75.0
HOSP-3472,The Johns Hopkins Hospital,surgery,,170,40,23.52941176470588
HOSP-3473,The Johns Hopkins Hospital,maternity,,330,390,118.18181818181819
HOSP-3475,The Johns Hopkins Hospital,icu,2022-07-13,360,50,13.88888888888889
HOSP-3475,The Johns Hopkins Hospital,icu,,430,190,44.18604651162791
HOSP-3475,The Johns Hopkins Hospital,maternity,2022-04-30,440,370,84.0909090909091
HOSP-3475,The Johns Hopkins Hospital,maternity,2022-09-25,120,220,183.33333333333331
HOSP-3476,The Johns Hopkins Hospital,icu,2023-06-23,430,400,93.02325581395348
HOSP-3476,The Johns Hopkins Hospital,icu,,300,380,126.66666666666666
HOSP-3476,The Johns Hopkins Hospital,surgery,2023-11-16,300,360,120.0
HOSP-3478,The Johns Hopkins Hospital,pediatrics,,220,20,9.090909090909092
HOSP-3479,The Johns Hopkins Hospital,maternity,2024-01-15,190,30,15.789473684210526
HOSP-3480,The Johns Hopkins Hospital,icu,,130,320,246.15384615384616
HOSP-3480,The Johns Hopkins Hospital,maternity,2021-12-26,100,400,400.0
HOSP-3480,The Johns Hopkins Hospital,pediatrics,2021-01-18,240,100,41.66666666666667
HOSP-3480,The Johns Hopkins Hospital,pediatrics,2021-11-14,450,40,8.88888888888889
HOSP-3483,The Johns Hopkins Hospital,maternity,2021-05-26,190,70,36.84210526315789
HOSP-3484,The Johns Hopkins Hospital,er,,470,150,31.914893617021278
HOSP-3484,The Johns Hopkins Hospital,pediatrics,2021-07-22,370,0,0.0
HOSP-3486,The Johns Hopkins Hospital,icu,2022-11-27,280,390,139.28571428571428
HOSP-3486,The Johns Hopkins Hospital,maternity,,340,300,88.23529411764706
HOSP-3488,The Johns Hopkins Hospital,maternity,2021-03-15,120,330,275.0
HOSP-3491,The Johns Hopkins Hospital,er,2023-02-14,100,300,300.0
HOSP-3492,The Johns Hopkins Hospital,er,2021-08-19,260,40,15.384615384615385
HOSP-3492,The Johns Hopkins Hospital,pediatrics,2024-07-17,220,360,163.63636363636365
HOSP-3493,The Johns Hopkins Hospital,pediatrics,,340,240,70.58823529411765
HOSP-3496,The Johns Hopkins Hospital,pediatrics,2023-12-17,220,280,127.27272727272727
HOSP-3498,The Johns Hopkins Hospital,er,2023-04-21,270,70,25.925925925925924
HOSP-3498,The Johns Hopkins Hospital,er,,360,160,44.44444444444444
HOSP-3498,The Johns Hopkins Hospital,maternity,,360,260,72.22222222222221
HOSP-3498,The Johns Hopkins Hospital,pediatrics,2023-02-27,330,270,81.81818181818183
HOSP-3499,The Johns Hopkins Hospital,icu,,220,180,81.81818181818183
HOSP-3499,The Johns Hopkins Hospital,surgery,2024-03-13,300,370,123.33333333333334
HOSP-3502,The Johns Hopkins Hospital,pediatrics,2021-04-23,420,260,61.904761904761905
HOSP-3503,The Johns Hopkins Hospital,icu,,400,100,25.0
HOSP-3503,The Johns Hopkins Hospital,maternity,2021-05-20,110,320,290.90909090909093
HOSP-3503,The Johns Hopkins Hospital,pediatrics,2021-10-17,240,240,100.0
HOSP-3504,The Johns Hopkins Hospital,er,2022-10-25,370,120,32.432432432432435
HOSP-3506,The Johns Hopkins Hospital,maternity,2022-06-19,110,320,290.90909090909093
HOSP-3507,The Johns Hopkins Hospital,icu,2022-12-18,430,10,2.3255813953488373
HOSP-3508,The Johns Hopkins Hospital,maternity,,260,310,119.23076923076923
HOSP-3509,The Johns Hopkins Hospital,er,,360,300,83.33333333333334
HOSP-3509,The Johns Hopkins Hospital,surgery,2020-10-14,270,380,140.74074074074073
HOSP-3510,The Johns Hopkins Hospital,pediatrics,,100,170,170.0
HOSP-3512,The Johns Hopkins Hospital,er,,450,150,33.33333333333333
HOSP-3513,The Johns Hopkins Hospital,er,2024-05-16,130,140,107.6923076923077
HOSP-3515,The Johns Hopkins Hospital,er,,240,310,129.16666666666669
HOSP-3515,The Johns Hopkins Hospital,pediatrics,2021-01-18,300,20,6.666666666666667
HOSP-3518,The Johns Hopkins Hospital,icu,,220,30,13.636363636363635
HOSP-3519,The Johns Hopkins Hospital,maternity,2021-12-30,450,50,11.11111111111111
HOSP-3519,The Johns Hopkins Hospital,maternity,2023-05-26,230,170,73.91304347826086
HOSP-3520,The Johns Hopkins Hospital,icu,2022-09-20,430,250,58.139534883720934
HOSP-3520,The Johns Hopkins Hospital,maternity,2022-09-17,170,170,100.0
HOSP-3523,The Johns Hopkins Hospital,maternity,2022-02-21,170,190,111.76470588235294
HOSP-3525,The Johns Hopkins Hospital,er,,460,180,39.130434782608695
HOSP-3527,The Johns Hopkins Hospital,surgery,,130,360,276.9230769230769
HOSP-3528,The Johns Hopkins Hospital,er,2023-12-22,350,120,34.285714285714285
HOSP-3531,The Johns Hopkins Hospital,er,2022-08-27,240,10,4.166666666666666
HOSP-3531,The Johns Hopkins Hospital,er,,210,180,85.71428571428571
HOSP-3532,The Johns Hopkins Hospital,pediatrics,,180,330,183.33333333333331
HOSP-3533,The Johns Hopkins Hospital,maternity,2020-10-15,380,190,50.0
HOSP-3534,The Johns Hopkins Hospital,maternity,,200,210,105.0
HOSP-3536,The Johns Hopkins Hospital,surgery,,310,310,100.0
HOSP-3538,The Johns Hopkins Hospital,maternity,2022-07-13,170,340,200.0
HOSP-3538,The Johns Hopkins Hospital,pediatrics,,470,350,74.46808510638297
HOSP-3540,The Johns Hopkins Hospital,er,2022-01-24,160,200,125.0
HOSP-3540,The Johns Hopkins Hospital,maternity,,230,230,100.0
HOSP-3541,The Johns Hopkins Hospital,er,,220,380,172.72727272727272
HOSP-3544,The Johns Hopkins Hospital,icu,2024-05-18,310,40,12.903225806451612
HOSP-3544,The Johns Hopkins Hospital,maternity,,190,190,100.0
HOSP-3544,The Johns Hopkins Hospital,surgery,,230,250,108.69565217391303
HOSP-3545,The Johns Hopkins Hospital,icu,2022-05-15,330,320,96.96969696969697
HOSP-3546,The Johns Hopkins Hospital,er,2023-12-31,240,170,70.83333333333334
HOSP-3546,The Johns Hopkins Hospital,icu,2020-12-14,330,120,36.36363636363637
HOSP-3547,The Johns Hopkins Hospital,maternity,2020-11-15,170,120,70.58823529411765
HOSP-3548,The Johns Hopkins Hospital,maternity,2021-06-17,200,110,55.00000000000001
HOSP-3549,The Johns Hopkins Hospital,icu,2023-04-21,260,170,65.38461538461539
HOSP-3550,The Johns Hopkins Hospital,surgery,,440,90,20.454545454545457
HOSP-3555,The Johns Hopkins Hospital,icu,2023-05-17,310,370,119.35483870967742
HOSP-3555,The Johns Hopkins Hospital,maternity,,310,200,64.51612903225806
HOSP-3555,The Johns Hopkins Hospital,surgery,,370,150,40.54054054054054
HOSP-3556,The Johns Hopkins Hospital,icu,2023-01-21,360,400,111.11111111111111
HOSP-3556,The Johns Hopkins Hospital,icu,2024-04-28,270,200,74.07407407407408
HOSP-3557,The Johns Hopkins Hospital,surgery,2022-06-14,440,230,52.27272727272727
HOSP-3558,The Johns Hopkins Hospital,pediatrics,2024-05-23,430,60,13.953488372093023
HOSP-3558,The Johns Hopkins Hospital,pediatrics,,100,110,110.00000000000001
HOSP-3559,The Johns Hopkins Hospital,icu,,180,330,183.33333333333331
HOSP-3559,The Johns Hopkins Hospital,maternity,2020-08-25,340,310,91.17647058823529
HOSP-3560,The Johns Hopkins Hospital,icu,,190,30,15.789473684210526
HOSP-3563,The Johns Hopkins Hospital,surgery,2023-04-18,160,370,231.25
HOSP-3563,The Johns Hopkins Hospital,surgery,,320,80,25.0
HOSP-3564,The Johns Hopkins Hospital,er,2023-03-19,290,150,51.724137931034484
HOSP-3564,The Johns Hopkins Hospital,surgery,,330,280,84.84848484848484
HOSP-3565,The Johns Hopkins Hospital,maternity,2024-05-20,400,30,7.5
HOSP-3566,The Johns Hopkins Hospital,er,,100,390,390.0
HOSP-3566,The Johns Hopkins Hospital,pediatrics,,220,270,122.72727272727273
HOSP-3566,The Johns Hopkins Hospital,surgery,2021-06-22,460,190,41.30434782608695
HOSP-3568,The Johns Hopkins Hospital,maternity,,440,250,56.81818181818182
HOSP-3569,The Johns Hopkins Hospital,er,,490,340,69.38775510204081
HOSP-3569,The Johns Hopkins Hospital,pediatrics,2021-02-14,280,10,3.571428571428571
HOSP-3570,The Johns Hopkins Hospital,icu,2021-04-17,490,170,34.69387755102041
HOSP-3570,The Johns Hopkins Hospital,icu,2021-08-29,450,190,42.22222222222222
HOSP-3570,The Johns Hopkins Hospital,maternity,2023-12-14,240,370,154.16666666666669
HOSP-3570,The Johns Hopkins Hospital,surgery,2020-12-21,150,150,100.0
HOSP-3573,The Johns Hopkins Hospital,maternity,2023-04-25,360,30,8.333333333333332
HOSP-3574,The Johns Hopkins Hospital,icu,2022-01-15,120,390,325.0
HOSP-3577,The Johns Hopkins Hospital,icu,,500,130,26.0
HOSP-3578,The Johns Hopkins Hospital,icu,2023-09-18,110,320,290.90909090909093
HOSP-3580,The Johns Hopkins Hospital,maternity,,440,310,70.45454545454545
HOSP-3580,The Johns Hopkins Hospital,surgery,,100,120,120.0
HOSP-3581,The Johns Hopkins Hospital,surgery,2023-08-23,120,60,50.0
HOSP-3582,The Johns Hopkins Hospital,surgery,2023-03-30,300,10,3.3333333333333335
HOSP-3584,The Johns Hopkins Hospital,er,,290,250,86.20689655172413
HOSP-3584,The Johns Hopkins Hospital,surgery,2021-08-20,460,130,28.26086956521739
HOSP-3585,The Johns Hopkins Hospital,icu,2020-11-30,450,150,33.33333333333333
HOSP-3585,The Johns Hopkins Hospital,pediatrics,2021-07-20,230,240,104.34782608695652
HOSP-3585,The Johns Hopkins Hospital,surgery,2022-06-14,310,270,87.09677419354838
HOSP-3586,The Johns Hopkins Hospital,er,,400,140,35.0
HOSP-3586,The Johns Hopkins Hospital,maternity,2021-05-14,480,200,41.66666666666667
HOSP-3587,The Johns Hopkins Hospital,surgery,,190,50,26.31578947368421
HOSP-3588,The Johns Hopkins Hospital,surgery,,200,370,185.0
HOSP-3589,The Johns Hopkins Hospital,er,2022-10-31,210,80,38.095238095238095
HOSP-3590,The Johns Hopkins Hospital,er,,180,360,200.0
HOSP-3591,The Johns Hopkins Hospital,pediatrics,,400,330,82.5
HOSP-3592,The Johns Hopkins Hospital,er,2020-08-15,160,270,168.75
HOSP-3592,The Johns Hopkins Hospital,surgery,,210,330,157.14285714285714
HOSP-3596,The Johns Hopkins Hospital,maternity,,440,60,13.636363636363635
HOSP-3596,The Johns Hopkins Hospital,surgery,2023-03-30,270,150,55.55555555555556
HOSP-3597,The Johns Hopkins Hospital,maternity,,330,180,54.54545454545454
HOSP-3599,The Johns Hopkins Hospital,er,,430,0,0.0
HOSP-3599,The Johns Hopkins Hospital,icu,2024-04-20,310,160,51.61290322580645
HOSP-3600,The Johns Hopkins Hospital,maternity,2024-05-13,420,390,92.85714285714286
HOSP-3600,The Johns Hopkins Hospital,maternity,,440,300,68.18181818181817
HOSP-3600,The Johns Hopkins Hospital,pediatrics,,310,130,41.935483870967744
HOSP-3601,The Johns Hopkins Hospital,pediatrics,2022-02-23,240,310,129.16666666666669
HOSP-3602,The Johns Hopkins Hospital,er,2022-11-30,370,280,75.67567567567568
HOSP-3602,The Johns Hopkins Hospital,icu,,470,100,21.27659574468085
HOSP-3602,The Johns Hopkins Hospital,surgery,2022-06-22,350,0,0.0
HOSP-3603,The Johns Hopkins Hospital,maternity,2024-03-19,360,50,13.88888888888889
HOSP-3604,The Johns Hopkins Hospital,er,2021-02-18,500,230,46.0
HOSP-3604,The Johns Hopkins Hospital,icu,2022-10-26,500,80,16.0
HOSP-3605,The Johns Hopkins Hospital,er,2022-12-24,130,360,276.9230769230769
HOSP-3605,The Johns Hopkins Hospital,pediatrics,2024-03-27,120,70,58.333333333333336
HOSP-3606,The Johns Hopkins Hospital,icu,2022-06-30,320,70,21.875
HOSP-3606,The Johns Hopkins Hospital,maternity,2021-08-14,170,250,147.05882352941177
HOSP-3607,The Johns Hopkins Hospital,maternity,2022-01-15,120,50,41.66666666666667
HOSP-3608,The Johns Hopkins Hospital,er,2022-10-13,220,0,0.0
HOSP-3608,The Johns Hopkins Hospital,er,,200,100,50.0
HOSP-3608,The Johns Hopkins Hospital,pediatrics,2021-08-25,310,290,93.54838709677419
HOSP-3608,The Johns Hopkins Hospital,surgery,2022-10-21,300,100,33.33333333333333
HOSP-3609,The Johns Hopkins Hospital,icu,,280,280,100.0
HOSP-3609,The Johns Hopkins Hospital,maternity,2021-07-15,280,100,35.714285714285715
HOSP-3609,The Johns Hopkins Hospital,pediatrics,,420,40,9.523809523809524
HOSP-3609,The Johns Hopkins Hospital,surgery,2022-03-16,260,240,92.3076923076923
HOSP-3610,The Johns Hopkins Hospital,er,,420,80,19.047619047619047
HOSP-3611,The Johns Hopkins Hospital,icu,2023-12-29,230,310,134.7826086956522
HOSP-3611,The Johns Hopkins Hospital,maternity,2021-03-29,370,170,45.94594594594595
HOSP-3611,The Johns Hopkins Hospital,pediatrics,,440,150,34.090909090909086
HOSP-3611,The Johns Hopkins Hospital,surgery,,460,80,17.391304347826086
HOSP-3613,The Johns Hopkins Hospital,maternity,2023-06-19,460,50,10.869565217391305
HOSP-3614,The Johns Hopkins Hospital,er,,430,400,93.02325581395348
HOSP-3614,The Johns Hopkins Hospital,pediatrics,2021-02-28,160,60,37.5
HOSP-3617,The Johns Hopkins Hospital,er,2022-05-29,190,330,173.6842105263158
HOSP-3617,The Johns Hopkins Hospital,maternity,,250,10,4.0
HOSP-3619,The Johns Hopkins Hospital,icu,,370,360,97.2972972972973
HOSP-3619,The Johns Hopkins Hospital,maternity,,320,0,0.0
HOSP-3622,The Johns Hopkins Hospital,pediatrics,,390,10,2.564102564102564
HOSP-3623,The Johns Hopkins Hospital,maternity,,100,280,280.0
HOSP-3623,The Johns Hopkins Hospital,pediatrics,,220,100,45.45454545454545
HOSP-3623,The Johns Hopkins Hospital,surgery,2021-03-14,480,190,39.58333333333333
HOSP-3624,The Johns Hopkins Hospital,icu,2023-01-23,120,0,0.0
HOSP-3624,The Johns Hopkins Hospital,pediatrics,2020-10-24,410,130,31.70731707317073
HOSP-3624,The Johns Hopkins Hospital,surgery,,220,100,45.45454545454545
HOSP-3625,The Johns Hopkins Hospital,icu,2023-08-13,120,280,233.33333333333334
HOSP-3626,The Johns Hopkins Hospital,pediatrics,2022-09-18,450,160,35.55555555555556
HOSP-3626,The Johns Hopkins Hospital,pediatrics,,190,10,5.263157894736842
HOSP-3629,The Johns Hopkins Hospital,icu,2022-09-24,400,30,7.5
HOSP-3630,The Johns Hopkins Hospital,surgery,2021-06-30,110,220,200.0
HOSP-3630,The Johns Hopkins Hospital,surgery,2023-11-23,190,10,5.263157894736842
HOSP-3635,The Johns Hopkins Hospital,icu,2024-06-17,400,120,30.0
HOSP-3636,The Johns Hopkins Hospital,er,2020-10-29,430,20,4.651162790697675
HOSP-3636,The Johns Hopkins Hospital,maternity,,120,260,216.66666666666666
HOSP-3638,The Johns Hopkins Hospital,icu,2023-10-17,490,280,57.14285714285714
HOSP-3638,The Johns Hopkins Hospital,icu,2024-04-17,280,380,135.71428571428572
HOSP-3639,The Johns Hopkins Hospital,surgery,2024-02-13,410,50,12.195121951219512
HOSP-3644,The Johns Hopkins Hospital,maternity,2021-02-16,330,110,33.33333333333333
HOSP-3644,The Johns Hopkins Hospital,pediatrics,,260,0,0.0
HOSP-3645,The Johns Hopkins Hospital,icu,2023-02-28,440,280,63.63636363636363
HOSP-3645,The Johns Hopkins Hospital,icu,,100,90,90.0
HOSP-3647,The Johns Hopkins Hospital,er,2022-07-15,330,310,93.93939393939394
HOSP-3647,The Johns Hopkins Hospital,maternity,,200,100,50.0
HOSP-3647,The Johns Hopkins Hospital,pediatrics,2022-10-18,230,180,78.26086956521739
HOSP-3647,The Johns Hopkins Hospital,surgery,2022-01-24,250,290,115.99999999999999
HOSP-3648,The Johns Hopkins Hospital,surgery,2022-10-15,130,170,130.76923076923077
HOSP-3649,The Johns Hopkins Hospital,pediatrics,2022-01-20,110,200,181.8181818181818
HOSP-3649,The Johns Hopkins Hospital,pediatrics,2024-03-26,490,300,61.224489795918366
HOSP-3651,The Johns Hopkins Hospital,maternity,2024-02-19,380,120,31.57894736842105
HOSP-3651,The Johns Hopkins Hospital,pediatrics,2021-06-26,130,310,238.46153846153845
HOSP-3652,The Johns Hopkins Hospital,icu,2022-10-28,350,310,88.57142857142857
HOSP-3652,The Johns Hopkins Hospital,pediatrics,2023-05-28,160,390,243.75
HOSP-3655,The Johns Hopkins Hospital,er,,400,70,17.5
HOSP-3655,The Johns Hopkins Hospital,maternity,2020-10-17,120,370,308.33333333333337
HOSP-3655,The Johns Hopkins Hospital,maternity,2022-06-26,430,340,79.06976744186046
HOSP-3655,The Johns Hopkins Hospital,surgery,,250,90,36.0
HOSP-3656,The Johns Hopkins Hospital,pediatrics,2020-07-31,140,150,107.14285714285714
HOSP-3656,The Johns Hopkins Hospital,pediatrics,2023-07-21,210,330,157.14285714285714
HOSP-3656,The Johns Hopkins Hospital,surgery,,420,340,80.95238095238095
HOSP-3658,The Johns Hopkins Hospital,icu,,500,120,24.0
HOSP-3658,The Johns Hopkins Hospital,maternity,2023-06-17,410,250,60.97560975609756
HOSP-3658,The Johns Hopkins Hospital,pediatrics,,410,380,92.6829268292683
HOSP-3659,The Johns Hopkins Hospital,surgery,2023-07-27,230,310,134.7826086956522
HOSP-3661,The Johns Hopkins Hospital,er,2020-08-18,330,110,33.33333333333333
HOSP-3663,The Johns Hopkins Hospital,pediatrics,2022-11-23,160,160,100.0
HOSP-3663,The Johns Hopkins Hospital,pediatrics,,240,20,8.333333333333332
HOSP-3665,The Johns Hopkins Hospital,icu,2022-06-30,320,360,112.5
HOSP-3665,The Johns Hopkins Hospital,icu,2022-09-24,300,200,66.66666666666666
HOSP-3666,The Johns Hopkins Hospital,maternity,,140,50,35.714285714285715
HOSP-3666,The Johns Hopkins Hospital,surgery,2023-11-30,250,280,112.00000000000001
HOSP-3667,The Johns Hopkins Hospital,er,2023-04-14,100,380,380.0
HOSP-3667,The Johns Hopkins Hospital,surgery,,320,230,71.875
HOSP-3668,The Johns Hopkins Hospital,pediatrics,2023-06-14,460,270,58.69565217391305
HOSP-3671,The Johns Hopkins Hospital,icu,,260,170,65.38461538461539
HOSP-3673,The Johns Hopkins Hospital,icu,2020-11-28,210,290,138.0952380952381
HOSP-3673,The Johns Hopkins Hospital,pediatrics,2024-05-14,390,380,97.43589743589743
HOSP-3674,The Johns Hopkins Hospital,maternity,,170,40,23.52941176470588
HOSP-3674,The Johns Hopkins Hospital,pediatrics,,290,160,55.172413793103445
HOSP-3675,The Johns Hopkins Hospital,maternity,2020-08-26,330,160,48.484848484848484
HOSP-3677,The Johns Hopkins Hospital,er,2022-06-23,180,230,127.77777777777777
HOSP-3678,The Johns Hopkins Hospital,icu,2022-02-20,310,150,48.38709677419355
HOSP-3678,The Johns Hopkins Hospital,surgery,,360,100,27.77777777777778
HOSP-3679,The Johns Hopkins Hospital,er,2021-08-31,500,70,14.000000000000002
HOSP-3679,The Johns Hopkins Hospital,er,2022-07-28,480,80,16.666666666666664
HOSP-3680,The Johns Hopkins Hospital,icu,,290,0,0.0
HOSP-3681,The Johns Hopkins Hospital,surgery,2023-09-23,260,260,100.0
HOSP-3682,The Johns Hopkins Hospital,icu,2023-10-25,300,190,63.33333333333333
HOSP-3684,The Johns Hopkins Hospital,maternity,2022-07-23,150,150,100.0
HOSP-3687,The Johns Hopkins Hospital,maternity,2023-03-28,360,230,63.888888888888886
HOSP-3687,The Johns Hopkins Hospital,surgery,,340,120,35.294117647058826
HOSP-3692,The Johns Hopkins Hospital,icu,,500,290,57.99999999999999
HOSP-3692,The Johns Hopkins Hospital,surgery,2023-09-20,160,330,206.25
HOSP-3693,The Johns Hopkins Hospital,pediatrics,,240,160,66.66666666666666
HOSP-3695,The Johns Hopkins Hospital,er,2024-02-24,420,320,76.19047619047619
HOSP-3695,The Johns Hopkins Hospital,pediatrics,,210,0,0.0
HOSP-3696,The Johns Hopkins Hospital,pediatrics,2020-11-16,100,70,70.0
HOSP-3697,The Johns Hopkins Hospital,maternity,2021-05-28,160,90,56.25
HOSP-3697,The Johns Hopkins Hospital,surgery,,300,60,20.0
HOSP-3700,The Johns Hopkins Hospital,er,,210,200,95.23809523809523
HOSP-3700,The Johns Hopkins Hospital,icu,2021-02-18,320,400,125.0
HOSP-3700,The Johns Hopkins Hospital,icu,,450,230,51.11111111111111
HOSP-3700,The Johns Hopkins Hospital,pediatrics,2023-01-23,380,150,39.473684210526315
HOSP-3701,The Johns Hopkins Hospital,maternity,,500,290,57.99999999999999
HOSP-3702,The Johns Hopkins Hospital,pediatrics,,490,250,51.02040816326531
HOSP-3703,The Johns Hopkins Hospital,surgery,2024-03-23,420,160,38.095238095238095
HOSP-3704,The Johns Hopkins Hospital,pediatrics,,270,110,40.74074074074074
HOSP-3705,The Johns Hopkins Hospital,icu,2023-08-24,330,320,96.96969696969697
HOSP-3706,The Johns Hopkins Hospital,icu,2020-07-28,430,340,79.06976744186046
HOSP-3707,The Johns Hopkins Hospital,icu,2022-08-13,220,80,36.36363636363637
HOSP-3707,The Johns Hopkins Hospital,maternity,2022-03-15,240,140,58.333333333333336
HOSP-3708,The Johns Hopkins Hospital,icu,2023-12-15,210,310,147.61904761904762
HOSP-3708,The Johns Hopkins Hospital,icu,,380,380,100.0
HOSP-3708,The Johns Hopkins Hospital,surgery,,210,40,19.047619047619047
HOSP-3709,The Johns Hopkins Hospital,surgery,,240,160,66.66666666666666
HOSP-3710,The Johns Hopkins Hospital,icu,,500,230,46.0
HOSP-3713,The Johns Hopkins Hospital,icu,2022-03-15,440,370,84.0909090909091
HOSP-3715,The Johns Hopkins Hospital,icu,2023-05-27,460,110,23.91304347826087
HOSP-3715,The Johns Hopkins Hospital,pediatrics,2020-12-20,260,260,100.0
HOSP-3715,The Johns Hopkins Hospital,surgery,,140,240,171.42857142857142
HOSP-3716,The Johns Hopkins Hospital,er,2023-03-25,180,130,72.22222222222221
HOSP-3716,The Johns Hopkins Hospital,icu,2024-07-13,120,320,266.66666666666663
HOSP-3717,The Johns Hopkins Hospital,er,2023-09-29,220,400,181.8181818181818
HOSP-3718,The Johns Hopkins Hospital,surgery,2022-03-29,280,180,64.28571428571429
HOSP-3721,The Johns Hopkins Hospital,icu,,500,130,26.0
HOSP-3721,The Johns Hopkins Hospital,pediatrics,2021-03-19,320,230,71.875
HOSP-3722,The Johns Hopkins Hospital,er,,290,380,131.0344827586207
HOSP-3723,The Johns Hopkins Hospital,maternity,,260,180,69.23076923076923
HOSP-3723,The Johns Hopkins Hospital,pediatrics,,280,400,142.85714285714286
HOSP-3724,The Johns Hopkins Hospital,surgery,2020-10-19,240,150,62.5
HOSP-3725,The Johns Hopkins Hospital,maternity,,140,310,221.42857142857144
HOSP-3726,The Johns Hopkins Hospital,surgery,2022-07-20,380,40,10.526315789473683
HOSP-3727,The Johns Hopkins Hospital,surgery,,120,290,241.66666666666666
HOSP-3728,The Johns Hopkins Hospital,icu,,280,50,17.857142857142858
HOSP-3729,The Johns Hopkins Hospital,maternity,2022-01-29,310,180,58.06451612903226
HOSP-3730,The Johns Hopkins Hospital,er,2023-02-24,350,60,17.142857142857142
HOSP-3731,The Johns Hopkins Hospital,pediatrics,2024-02-15,200,220,110.00000000000001
HOSP-3731,The Johns Hopkins Hospital,surgery,2023-04-18,360,250,69.44444444444444
HOSP-3731,The Johns Hopkins Hospital,surgery,2023-08-24,350,280,80.0
HOSP-3732,The Johns Hopkins Hospital,pediatrics,2021-01-18,190,320,168.42105263157893
HOSP-3733,The Johns Hopkins Hospital,er,2022-10-29,430,150,34.883720930232556
HOSP-3733,The Johns Hopkins Hospital,er,,360,260,72.22222222222221
HOSP-3734,The Johns Hopkins Hospital,icu,,110,0,0.0
HOSP-3734,The Johns Hopkins Hospital,maternity,,250,140,56.00000000000001
HOSP-3735,The Johns Hopkins Hospital,er,2021-01-28,340,160,47.05882352941176
HOSP-3736,The Johns Hopkins Hospital,icu,,430,130,30.23255813953488
HOSP-3737,The Johns Hopkins Hospital,icu,2024-04-20,320,190,59.375
HOSP-3738,The Johns Hopkins Hospital,surgery,2024-01-21,420,310,73.80952380952381
HOSP-3739,The Johns Hopkins Hospital,maternity,,100,310,310.0
HOSP-3740,The Johns Hopkins Hospital,er,,500,160,32.0
HOSP-3740,The Johns Hopkins Hospital,maternity,2020-08-17,120,160,133.33333333333331
HOSP-3741,The Johns Hopkins Hospital,surgery,,150,150,100.0
HOSP-3742,The Johns Hopkins Hospital,pediatrics,2021-07-16,400,300,75.0
HOSP-3743,The Johns Hopkins Hospital,icu,2022-06-16,330,130,39.39393939393939
HOSP-3743,The Johns Hopkins Hospital,pediatrics,2022-06-20,300,220,73.33333333333333
HOSP-3744,The Johns Hopkins Hospital,pediatrics,,240,110,45.83333333333333
HOSP-3745,The Johns Hopkins Hospital,surgery,,280,150,53.57142857142857
HOSP-3746,The Johns Hopkins Hospital,pediatrics,2023-02-15,180,190,105.55555555555556
HOSP-3748,The Johns Hopkins Hospital,pediatrics,2023-07-15,260,120,46.15384615384615
HOSP-3748,The Johns Hopkins Hospital,surgery,2021-11-30,150,70,46.666666666666664
HOSP-3749,The Johns Hopkins Hospital,maternity,2023-05-28,290,90,31.03448275862069
HOSP-3749,The Johns Hopkins Hospital,pediatrics,,350,10,2.857142857142857
HOSP-3749,The Johns Hopkins Hospital,surgery,2023-12-25,310,70,22.58064516129032
HOSP-3750,The Johns Hopkins Hospital,er,2021-10-26,220,150,68.18181818181817
HOSP-3750,The Johns Hopkins Hospital,er,2022-09-26,180,240,133.33333333333331
HOSP-3750,The Johns Hopkins Hospital,er,,340,160,47.05882352941176
HOSP-3750,The Johns Hopkins Hospital,icu,2023-11-15,340,70,20.588235294117645
HOSP-3750,The Johns Hopkins Hospital,maternity,2023-05-26,250,10,4.0
HOSP-3750,The Johns Hopkins Hospital,maternity,,500,10,2.0
HOSP-3750,The Johns Hopkins Hospital,pediatrics,2021-11-20,240,0,0.0
HOSP-3751,The Johns Hopkins Hospital,icu,2021-06-27,440,140,31.818181818181817
HOSP-3751,The Johns Hopkins Hospital,surgery,2020-08-29,420,200,47.61904761904761
HOSP-3752,The Johns Hopkins Hospital,icu,,390,50,12.82051282051282
HOSP-3753,The Johns Hopkins Hospital,icu,2020-11-17,420,310,73.80952380952381
HOSP-3754,The Johns Hopkins Hospital,maternity,2023-11-25,410,390,95.1219512195122
HOSP-3755,The Johns Hopkins Hospital,er,2022-08-15,390,250,64.1025641025641
HOSP-3755,The Johns Hopkins Hospital,maternity,,100,140,140.0
HOSP-3756,The Johns Hopkins Hospital,er,,130,30,23.076923076923077
HOSP-3756,The Johns Hopkins Hospital,pediatrics,2022-08-14,330,190,57.57575757575758
HOSP-3756,The Johns Hopkins Hospital,surgery,2023-10-14,420,160,38.095238095238095
HOSP-3757,The Johns Hopkins Hospital,er,,340,220,64.70588235294117
HOSP-3757,The Johns Hopkins Hospital,maternity,2021-06-19,480,230,47.91666666666667
HOSP-3758,The Johns Hopkins Hospital,surgery,2021-08-18,300,340,113.33333333333333
HOSP-3759,The Johns Hopkins Hospital,er,2020-12-20,200,190,95.0
HOSP-3759,The Johns Hopkins Hospital,surgery,2022-09-18,380,180,47.368421052631575
HOSP-3761,The Johns Hopkins Hospital,pediatrics,2021-11-28,350,200,57.14285714285714
HOSP-3761,The Johns Hopkins Hospital,surgery,,390,30,7.6923076923076925
HOSP-3762,The Johns Hopkins Hospital,er,2021-01-21,400,130,32.5
HOSP-3762,The Johns Hopkins Hospital,er,2022-05-28,160,130,81.25
HOSP-3762,The Johns Hopkins Hospital,er,2022-06-30,380,290,76.31578947368422
HOSP-3762,The Johns Hopkins Hospital,icu,,180,50,27.77777777777778
HOSP-3763,The Johns Hopkins Hospital,pediatrics,2020-08-16,160,220,137.5
HOSP-3764,The Johns Hopkins Hospital,er,2022-07-24,140,360,257.14285714285717
HOSP-3765,The Johns Hopkins Hospital,pediatrics,,370,350,94.5945945945946
HOSP-3765,The Johns Hopkins Hospital,surgery,2020-12-15,320,10,3.125
HOSP-3767,The Johns Hopkins Hospital,pediatrics,,140,20,14.285714285714285
HOSP-3768,The Johns Hopkins Hospital,icu,,440,270,61.36363636363637
HOSP-3770,The Johns Hopkins Hospital,er,2023-10-28,400,30,7.5
HOSP-3770,The Johns Hopkins Hospital,maternity,2023-03-24,320,30,9.375
HOSP-3772,The Johns Hopkins Hospital,pediatrics,,310,310,100.0
HOSP-3773,The Johns Hopkins Hospital,maternity,2022-06-28,140,70,50.0
HOSP-3774,The Johns Hopkins Hospital,er,2021-02-18,280,270,96.42857142857143
HOSP-3774,The Johns Hopkins Hospital,er,2022-03-17,420,30,7.142857142857142
HOSP-3774,The Johns Hopkins Hospital,icu,2020-11-19,390,250,64.1025641025641
HOSP-3776,The Johns Hopkins Hospital,pediatrics,2022-11-20,200,230,114.99999999999999
HOSP-3776,The Johns Hopkins Hospital,surgery,,340,260,76.47058823529412
HOSP-3778,The Johns Hopkins Hospital,er,,280,150,53.57142857142857
HOSP-3780,The Johns Hopkins Hospital,pediatrics,2023-01-26,300,250,83.33333333333334
HOSP-3780,The Johns Hopkins Hospital,surgery,,140,290,207.14285714285717
HOSP-3781,The Johns Hopkins Hospital,er,,190,400,210.52631578947367
HOSP-3781,The Johns Hopkins Hospital,maternity,,270,320,118.5185185185185
HOSP-3782,The Johns Hopkins Hospital,icu,2022-08-24,130,290,223.0769230769231
HOSP-3783,The Johns Hopkins Hospital,er,2021-04-28,350,110,31.428571428571427
HOSP-3786,The Johns Hopkins Hospital,icu,,410,160,39.02439024390244
HOSP-3789,The Johns Hopkins Hospital,icu,,180,50,27.77777777777778
HOSP-3790,The Johns Hopkins Hospital,er,,470,60,12.76595744680851
HOSP-3790,The Johns Hopkins Hospital,icu,,400,130,32.5
HOSP-3790,The Johns Hopkins Hospital,surgery,2022-08-23,350,120,34.285714285714285
HOSP-3791,The Johns Hopkins Hospital,icu,,120,130,108.33333333333333
HOSP-3792,The Johns Hopkins Hospital,maternity,,470,360,76.59574468085107
HOSP-3793,The Johns Hopkins Hospital,pediatrics,2023-07-31,130,350,269.2307692307692
HOSP-3793,The Johns Hopkins Hospital,pediatrics,,160,20,12.5
HOSP-3793,The Johns Hopkins Hospital,surgery,,350,100,28.57142857142857
HOSP-3794,The Johns Hopkins Hospital,er,,470,100,21.27659574468085
HOSP-3795,The Johns Hopkins Hospital,pediatrics,2024-04-22,160,310,193.75
HOSP-3796,The Johns Hopkins Hospital,maternity,,390,240,61.53846153846154
HOSP-3798,The Johns Hopkins Hospital,icu,,280,350,125.0
HOSP-3798,The Johns Hopkins Hospital,maternity,2022-01-22,100,360,360.0
HOSP-3799,The Johns Hopkins Hospital,icu,2023-05-20,150,400,266.66666666666663
HOSP-3800,The Johns Hopkins Hospital,er,2020-09-22,430,250,58.139534883720934
HOSP-3801,The Johns Hopkins Hospital,pediatrics,,360,50,13.88888888888889
HOSP-3802,The Johns Hopkins Hospital,er,2024-06-28,100,280,280.0
HOSP-3802,The Johns Hopkins Hospital,pediatrics,,250,390,156.0
HOSP-3803,The Johns Hopkins Hospital,pediatrics,2023-04-13,180,330,183.33333333333331
HOSP-3804,The Johns Hopkins Hospital,er,2024-01-31,290,250,86.20689655172413
HOSP-3805,The Johns Hopkins Hospital,er,2022-06-29,170,380,223.52941176470588
HOSP-3805,The Johns Hopkins Hospital,maternity,,170,400,235.29411764705884
HOSP-3808,The Johns Hopkins Hospital,maternity,2022-08-30,360,0,0.0
HOSP-3808,The Johns Hopkins Hospital,pediatrics,2022-09-16,470,80,17.02127659574468
HOSP-3812,The Johns Hopkins Hospital,pediatrics,2023-10-26,160,340,212.5
HOSP-3813,The Johns Hopkins Hospital,icu,2022-07-31,380,120,31.57894736842105
HOSP-3814,The Johns Hopkins Hospital,icu,,480,370,77.08333333333334
HOSP-3814,The Johns Hopkins Hospital,surgery,2021-04-15,370,100,27.027027027027028
HOSP-3814,The Johns Hopkins Hospital,surgery,2021-09-18,500,20,4.0
HOSP-3815,The Johns Hopkins Hospital,er,,420,350,83.33333333333334
HOSP-3815,The Johns Hopkins Hospital,surgery,2024-05-21,140,170,121.42857142857142
HOSP-3818,The Johns Hopkins Hospital,pediatrics,2021-02-27,190,310,163.1578947368421
HOSP-3819,The Johns Hopkins Hospital,pediatrics,,360,300,83.33333333333334
HOSP-3822,The Johns Hopkins Hospital,maternity,,220,170,77.27272727272727
HOSP-3829,The Johns Hopkins Hospital,maternity,2021-10-25,280,80,28.57142857142857
HOSP-3832,The Johns Hopkins Hospital,er,,150,240,160.0
HOSP-3834,The Johns Hopkins Hospital,maternity,2021-06-21,200,190,95.0
HOSP-3837,The Johns Hopkins Hospital,icu,2021-08-26,470,140,29.78723404255319
HOSP-3837,The Johns Hopkins Hospital,surgery,2024-04-23,480,0,0.0
HOSP-3838,The Johns Hopkins Hospital,maternity,2020-11-25,360,330,91.66666666666666
HOSP-3838,The Johns Hopkins Hospital,pediatrics,2024-02-27,260,330,126.92307692307692
HOSP-3838,The Johns Hopkins Hospital,pediatrics,,250,230,92.0
HOSP-3839,The Johns Hopkins Hospital,er,2020-11-16,140,400,285.7142857142857
HOSP-3839,The Johns Hopkins Hospital,pediatrics,2021-06-24,100,50,50.0
HOSP-3839,The Johns Hopkins Hospital,surgery,2021-07-19,230,120,52.17391304347826
HOSP-3840,The Johns Hopkins Hospital,maternity,,200,320,160.0
HOSP-3840,The Johns Hopkins Hospital,pediatrics,,220,90,40.909090909090914
HOSP-3842,The Johns Hopkins Hospital,icu,2020-11-14,330,360,109.09090909090908
HOSP-3842,The Johns Hopkins Hospital,surgery,2023-01-15,430,350,81.3953488372093
HOSP-3843,The Johns Hopkins Hospital,er,,480,250,52.083333333333336
HOSP-3844,The Johns Hopkins Hospital,maternity,2024-02-26,500,110,22.0
HOSP-3845,The Johns Hopkins Hospital,maternity,,470,10,2.127659574468085
HOSP-3846,The Johns Hopkins Hospital,icu,,360,0,0.0
HOSP-3846,The Johns Hopkins Hospital,pediatrics,2024-01-23,380,140,36.84210526315789
HOSP-3847,The Johns Hopkins Hospital,icu,,410,310,75.60975609756098
HOSP-3848,The Johns Hopkins Hospital,er,,470,250,53.191489361702125
HOSP-3848,The Johns Hopkins Hospital,pediatrics,2022-03-18,330,230,69.6969696969697
HOSP-3849,The Johns Hopkins Hospital,maternity,2021-02-17,180,290,161.11111111111111
HOSP-3849,The Johns Hopkins Hospital,surgery,2020-12-13,180,320,177.77777777777777
HOSP-3850,The Johns Hopkins Hospital,maternity,2021-09-25,460,120,26.08695652173913
HOSP-3850,The Johns Hopkins Hospital,surgery,,330,310,93.93939393939394
HOSP-3851,The Johns Hopkins Hospital,er,2022-04-29,150,110,73.33333333333333
HOSP-3852,The Johns Hopkins Hospital,icu,2024-02-23,320,370,115.625
HOSP-3853,The Johns Hopkins Hospital,er,,100,90,90.0
HOSP-3854,The Johns Hopkins Hospital,maternity,2024-04-17,220,70,31.818181818181817
HOSP-3855,The Johns Hopkins Hospital,icu,2022-12-28,280,60,21.428571428571427
HOSP-3858,The Johns Hopkins Hospital,surgery,,100,370,370.0
HOSP-3859,The Johns Hopkins Hospital,surgery,2023-06-14,440,320,72.72727272727273
HOSP-3861,The Johns Hopkins Hospital,icu,2020-11-27,500,210,42.0
HOSP-3861,The Johns Hopkins Hospital,icu,,410,50,12.195121951219512
HOSP-3861,The Johns Hopkins Hospital,surgery,2020-08-14,390,180,46.15384615384615
HOSP-3862,The Johns Hopkins Hospital,pediatrics,2024-06-27,190,300,157.89473684210526
HOSP-3863,The Johns Hopkins Hospital,icu,2022-04-17,430,260,60.46511627906976
HOSP-3863,The Johns Hopkins Hospital,icu,2024-01-19,490,310,63.26530612244898
HOSP-3863,The Johns Hopkins Hospital,pediatrics,2024-04-13,370,260,70.27027027027027
HOSP-3864,The Johns Hopkins Hospital,maternity,,330,260,78.78787878787878
HOSP-3864,The Johns Hopkins Hospital,surgery,2021-06-22,450,70,15.555555555555555
HOSP-3866,The Johns Hopkins Hospital,icu,,290,180,62.06896551724138
HOSP-3867,The Johns Hopkins Hospital,icu,,330,270,81.81818181818183
HOSP-3870,The Johns Hopkins Hospital,er,,500,350,70.0
HOSP-3871,The Johns Hopkins Hospital,er,2023-07-19,130,320,246.15384615384616
HOSP-3872,The Johns Hopkins Hospital,er,,350,110,31.428571428571427
HOSP-3873,The Johns Hopkins Hospital,surgery,,260,80,30.76923076923077
HOSP-3874,The Johns Hopkins Hospital,surgery,2021-09-13,360,90,25.0
HOSP-3875,The Johns Hopkins Hospital,pediatrics,,160,80,50.0
HOSP-3876,The Johns Hopkins Hospital,icu,,430,230,53.48837209302325
HOSP-3877,The Johns Hopkins Hospital,surgery,,160,270,168.75
HOSP-3878,The Johns Hopkins Hospital,surgery,,340,310,91.17647058823529
HOSP-3879,The Johns Hopkins Hospital,surgery,,260,100,38.46153846153847
HOSP-3882,The Johns Hopkins Hospital,er,2022-12-31,240,240,100.0
HOSP-3882,The Johns Hopkins Hospital,surgery,,140,90,64.28571428571429
HOSP-3883,The Johns Hopkins Hospital,maternity,2021-08-15,480,10,2.083333333333333
HOSP-3883,The Johns Hopkins Hospital,surgery,,110,70,63.63636363636363
HOSP-3884,The Johns Hopkins Hospital,maternity,2022-01-15,330,330,100.0
HOSP-3884,The Johns Hopkins Hospital,pediatrics,2024-04-23,460,140,30.434782608695656
HOSP-3885,The Johns Hopkins Hospital,pediatrics,2022-10-18,460,350,76.08695652173914
HOSP-3886,The Johns Hopkins Hospital,pediatrics,2020-12-14,220,10,4.545454545454546
HOSP-3887,The Johns Hopkins Hospital,maternity,,190,300,157.89473684210526
HOSP-3889,The Johns Hopkins Hospital,icu,2022-09-30,200,330,165.0
HOSP-3889,The Johns Hopkins Hospital,pediatrics,2023-03-27,230,370,160.8695652173913
HOSP-3890,The Johns Hopkins Hospital,icu,,250,60,24.0
HOSP-3890,The Johns Hopkins Hospital,pediatrics,,190,160,84.21052631578947
HOSP-3891,The Johns Hopkins Hospital,icu,2023-11-25,440,50,11.363636363636363
HOSP-3892,The Johns Hopkins Hospital,icu,2022-10-16,130,380,292.30769230769226
HOSP-3893,The Johns Hopkins Hospital,icu,2021-10-22,430,390,90.69767441860465
HOSP-3893,The Johns Hopkins Hospital,icu,2023-01-16,250,320,128.0
HOSP-3893,The Johns Hopkins Hospital,icu,,330,30,9.090909090909092
HOSP-3893,The Johns Hopkins Hospital,maternity,2023-08-24,410,100,24.390243902439025
HOSP-3893,The Johns Hopkins Hospital,pediatrics,2020-09-17,110,20,18.181818181818183
HOSP-3893,The Johns Hopkins Hospital,pediatrics,2022-12-23,410,350,85.36585365853658
HOSP-3894,The Johns Hopkins Hospital,maternity,,460,160,34.78260869565217
HOSP-3895,The Johns Hopkins Hospital,surgery,2022-02-20,460,370,80.43478260869566
HOSP-3896,The Johns Hopkins Hospital,pediatrics,,160,130,81.25
HOSP-3896,The Johns Hopkins Hospital,surgery,,200,340,170.0
HOSP-3897,The Johns Hopkins Hospital,icu,2022-07-24,490,140,28.57142857142857
HOSP-3898,The Johns Hopkins Hospital,er,,420,30,7.142857142857142
HOSP-3899,The Johns Hopkins Hospital,maternity,2024-02-17,470,180,38.297872340425535
HOSP-3899,The Johns Hopkins Hospital,surgery,,500,40,8.0
HOSP-3900,The Johns Hopkins Hospital,icu,2024-04-20,220,130,59.09090909090909
HOSP-3901,The Johns Hopkins Hospital,icu,2022-05-14,400,30,7.5
HOSP-3902,The Johns Hopkins Hospital,er,2020-12-21,130,280,215.3846153846154
HOSP-3902,The Johns Hopkins Hospital,icu,2020-12-27,260,50,19.230769230769234
HOSP-3902,The Johns Hopkins Hospital,pediatrics,,250,350,140.0
HOSP-3903,The Johns Hopkins Hospital,er,2024-02-20,460,30,6.521739130434782
HOSP-3904,The Johns Hopkins Hospital,pediatrics,2022-05-16,250,210,84.0
HOSP-3906,The Johns Hopkins Hospital,surgery,2021-10-30,150,0,0.0
HOSP-3907,The Johns Hopkins Hospital,surgery,2021-07-30,320,350,109.375
HOSP-3910,The Johns Hopkins Hospital,maternity,2023-09-14,400,180,45.0
HOSP-3910,The Johns Hopkins Hospital,surgery,2023-04-20,140,260,185.71428571428572
HOSP-3913,The Johns Hopkins Hospital,icu,,210,20,9.523809523809524
HOSP-3914,The Johns Hopkins Hospital,icu,2020-09-29,410,170,41.46341463414634
HOSP-3914,The Johns Hopkins Hospital,icu,,410,50,12.195121951219512
HOSP-3919,The Johns Hopkins Hospital,pediatrics,2024-04-21,370,280,75.67567567567568
HOSP-3922,The Johns Hopkins Hospital,er,,280,150,53.57142857142857
HOSP-3922,The Johns Hopkins Hospital,maternity,2022-12-20,300,160,53.333333333333336
HOSP-3924,The Johns Hopkins Hospital,pediatrics,,110,210,190.9090909090909
HOSP-3925,The Johns Hopkins Hospital,er,,340,80,23.52941176470588
HOSP-3926,The Johns Hopkins Hospital,icu,2021-03-16,360,260,72.22222222222221
HOSP-3927,The Johns Hopkins Hospital,pediatrics,2022-08-15,230,90,39.130434782608695
HOSP-3928,The Johns Hopkins Hospital,pediatrics,2020-11-30,200,370,185.0
HOSP-3929,The Johns Hopkins Hospital,pediatrics,2024-04-22,470,100,21.27659574468085
HOSP-3930,The Johns Hopkins Hospital,icu,2023-07-16,330,400,121.21212121212122
HOSP-3930,The Johns Hopkins Hospital,surgery,2024-03-29,280,320,114.28571428571428
HOSP-3931,The Johns Hopkins Hospital,icu,2024-06-28,210,90,42.857142857142854
HOSP-3932,The Johns Hopkins Hospital,pediatrics,2022-07-26,380,40,10.526315789473683
HOSP-3933,The Johns Hopkins Hospital,maternity,2024-03-20,250,280,112.00000000000001
HOSP-3933,The Johns Hopkins Hospital,pediatrics,,240,210,87.5
HOSP-3933,The Johns Hopkins Hospital,surgery,,130,110,84.61538461538461
HOSP-3934,The Johns Hopkins Hospital,er,2022-02-28,360,370,102.77777777777777
HOSP-3934,The Johns Hopkins Hospital,maternity,2023-09-18,160,210,131.25
HOSP-3936,The Johns Hopkins Hospital,icu,2024-03-20,210,300,142.85714285714286
HOSP-3939,The Johns Hopkins Hospital,icu,2021-07-31,380,270,71.05263157894737
HOSP-3940,The Johns Hopkins Hospital,pediatrics,,420,360,85.71428571428571
HOSP-3942,The Johns Hopkins Hospital,er,2023-09-25,350,250,71.42857142857143
HOSP-3942,The Johns Hopkins Hospital,er,,300,100,33.33333333333333
HOSP-3942,The Johns Hopkins Hospital,surgery,,360,0,0.0
HOSP-3943,The Johns Hopkins Hospital,icu,,460,320,69.56521739130434
HOSP-3943,The Johns Hopkins Hospital,surgery,2023-12-25,180,140,77.77777777777779
HOSP-3944,The Johns Hopkins Hospital,maternity,,250,280,112.00000000000001
HOSP-3944,The Johns Hopkins Hospital,surgery,2023-07-13,440,380,86.36363636363636
HOSP-3945,The Johns Hopkins Hospital,icu,2021-07-28,500,60,12.0
HOSP-3946,The Johns Hopkins Hospital,maternity,2024-01-30,260,90,34.61538461538461
HOSP-3947,The Johns Hopkins Hospital,surgery,2024-02-14,290,180,62.06896551724138
HOSP-3948,The Johns Hopkins Hospital,pediatrics,2020-10-29,190,0,0.0
HOSP-3953,The Johns Hopkins Hospital,er,2023-05-27,170,300,176.47058823529412
HOSP-3953,The Johns Hopkins Hospital,icu,,400,240,60.0
HOSP-3955,The Johns Hopkins Hospital,er,,500,280,56.00000000000001
HOSP-3955,The Johns Hopkins Hospital,maternity,2023-12-23,150,280,186.66666666666666
HOSP-3955,The Johns Hopkins Hospital,pediatrics,2023-06-23,320,160,50.0
HOSP-3955,The Johns Hopkins Hospital,surgery,2021-07-20,450,230,51.11111111111111
HOSP-3955,The Johns Hopkins Hospital,surgery,,280,350,125.0
HOSP-3956,The Johns Hopkins Hospital,pediatrics,2021-02-21,350,160,45.714285714285715
HOSP-3956,The Johns Hopkins Hospital,pediatrics,,370,50,13.513513513513514
HOSP-3957,The Johns Hopkins Hospital,pediatrics,2020-08-26,420,190,45.23809523809524
HOSP-3958,The Johns Hopkins Hospital,maternity,2023-01-26,130,290,223.0769230769231
HOSP-3958,The Johns Hopkins Hospital,pediatrics,2022-12-28,450,400,88.88888888888889
HOSP-3960,The Johns Hopkins Hospital,pediatrics,2021-01-17,320,30,9.375
HOSP-3963,The Johns Hopkins Hospital,er,,440,140,31.818181818181817
HOSP-3964,The Johns Hopkins Hospital,maternity,,310,70,22.58064516129032
HOSP-3964,The Johns Hopkins Hospital,pediatrics,2022-04-23,370,140,37.83783783783784
HOSP-3964,The Johns Hopkins Hospital,pediatrics,,260,280,107.6923076923077
HOSP-3966,The Johns Hopkins Hospital,er,,420,190,45.23809523809524
HOSP-3966,The Johns Hopkins Hospital,maternity,,160,230,143.75
HOSP-3966,The Johns Hopkins Hospital,pediatrics,2023-02-22,400,210,52.5
HOSP-3966,The Johns Hopkins Hospital,pediatrics,,440,200,45.45454545454545
HOSP-3968,The Johns Hopkins Hospital,maternity,,300,280,93.33333333333333
HOSP-3968,The Johns Hopkins Hospital,pediatrics,,370,190,51.35135135135135
HOSP-3968,The Johns Hopkins Hospital,surgery,2024-03-17,270,240,88.88888888888889
HOSP-3969,The Johns Hopkins Hospital,surgery,,490,80,16.3265306122449
HOSP-3971,The Johns Hopkins Hospital,maternity,2023-01-16,280,340,121.42857142857142
HOSP-3973,The Johns Hopkins Hospital,icu,,310,10,3.225806451612903
HOSP-3974,The Johns Hopkins Hospital,icu,2021-10-13,390,160,41.02564102564102
HOSP-3974,The Johns Hopkins Hospital,pediatrics,2022-03-23,410,320,78.04878048780488
HOSP-3976,The Johns Hopkins Hospital,pediatrics,2023-05-21,190,220,115.78947368421053
HOSP-3976,The Johns Hopkins Hospital,surgery,2024-06-15,450,230,51.11111111111111
HOSP-3979,The Johns Hopkins Hospital,icu,2020-10-23,220,160,72.72727272727273
HOSP-3980,The Johns Hopkins Hospital,pediatrics,2023-09-19,370,130,35.13513513513514
HOSP-3982,The Johns Hopkins Hospital,icu,2021-04-19,280,120,42.857142857142854
HOSP-3984,The Johns Hopkins Hospital,er,,420,180,42.857142857142854
HOSP-3984,The Johns Hopkins Hospital,pediatrics,2021-05-13,320,210,65.625
HOSP-3985,The Johns Hopkins Hospital,pediatrics,,480,360,75.0
HOSP-3986,The Johns Hopkins Hospital,surgery,2021-10-16,400,90,22.5
HOSP-3988,The Johns Hopkins Hospital,maternity,,340,320,94.11764705882352
HOSP-3989,The Johns Hopkins Hospital,icu,,400,360,90.0
HOSP-3989,The Johns Hopkins Hospital,pediatrics,,140,40,28.57142857142857
HOSP-3990,The Johns Hopkins Hospital,surgery,,480,310,64.58333333333334
HOSP-3992,The Johns Hopkins Hospital,pediatrics,2020-11-29,390,300,76.92307692307693
HOSP-3994,The Johns Hopkins Hospital,er,2024-04-17,340,120,35.294117647058826
HOSP-3995,The Johns Hopkins Hospital,er,,410,290,70.73170731707317
HOSP-3996,The Johns Hopkins Hospital,maternity,2024-01-29,140,270,192.85714285714286
HOSP-3997,The Johns Hopkins Hospital,maternity,2024-05-25,250,50,20.0
HOSP-4000,The Johns Hopkins Hospital,surgery,2021-04-26,250,340,136.0
HOSP-4001,The Johns Hopkins Hospital,maternity,,110,0,0.0
HOSP-4001,The Johns Hopkins Hospital,pediatrics,2020-07-26,500,130,26.0
HOSP-4002,The Johns Hopkins Hospital,pediatrics,,130,160,123.07692307692308
HOSP-4002,The Johns Hopkins Hospital,surgery,,230,340,147.82608695652172
HOSP-4003,The Johns Hopkins Hospital,icu,2021-08-16,120,250,208.33333333333334
HOSP-4004,The Johns Hopkins Hospital,icu,2020-11-18,250,220,88.0
HOSP-4004,The Johns Hopkins Hospital,maternity,,310,30,9.67741935483871
HOSP-4004,The Johns Hopkins Hospital,pediatrics,,400,70,17.5
HOSP-4006,The Johns Hopkins Hospital,maternity,,500,190,38.0
HOSP-4007,The Johns Hopkins Hospital,icu,2021-12-24,480,150,31.25
HOSP-4007,The Johns Hopkins Hospital,maternity,,340,310,91.17647058823529
HOSP-4008,The Johns Hopkins Hospital,surgery,2023-07-27,360,390,108.33333333333333
HOSP-4008,The Johns Hopkins Hospital,surgery,,120,290,241.66666666666666
HOSP-4009,The Johns Hopkins Hospital,er,,160,190,118.75
HOSP-4011,The Johns Hopkins Hospital,maternity,,180,170,94.44444444444444
HOSP-4013,The Johns Hopkins Hospital,er,2020-10-22,210,360,171.42857142857142
HOSP-4013,The Johns Hopkins Hospital,er,,330,30,9.090909090909092
HOSP-4013,The Johns Hopkins Hospital,icu,2020-08-14,320,120,37.5
HOSP-4013,The Johns Hopkins Hospital,maternity,2020-07-28,460,80,17.391304347826086
HOSP-4013,The Johns Hopkins Hospital,maternity,,180,260,144.44444444444443
HOSP-4015,The Johns Hopkins Hospital,surgery,,260,380,146.15384615384613
HOSP-4016,The Johns Hopkins Hospital,er,2021-03-22,160,30,18.75
HOSP-4016,The Johns Hopkins Hospital,er,,210,400,190.47619047619045
HOSP-4017,The Johns Hopkins Hospital,er,2020-10-20,130,260,200.0
HOSP-4018,The Johns Hopkins Hospital,er,,120,250,208.33333333333334
HOSP-4018,The Johns Hopkins Hospital,icu,2022-05-31,310,320,103.2258064516129
HOSP-4018,The Johns Hopkins Hospital,pediatrics,2022-05-18,250,310,124.0
HOSP-4020,The Johns Hopkins Hospital,icu,2022-03-23,200,360,180.0
HOSP-4020,The Johns Hopkins Hospital,pediatrics,2021-10-16,210,280,133.33333333333331
HOSP-4021,The Johns Hopkins Hospital,pediatrics,2023-07-30,190,220,115.78947368421053
HOSP-4022,The Johns Hopkins Hospital,er,,240,250,104.16666666666667
HOSP-4022,The Johns Hopkins Hospital,maternity,2024-03-27,260,370,142.30769230769232
HOSP-4022,The Johns Hopkins Hospital,surgery,,160,110,68.75
HOSP-4023,The Johns Hopkins Hospital,er,2021-03-21,170,60,35.294117647058826
HOSP-4023,The Johns Hopkins Hospital,surgery,2024-03-20,110,70,63.63636363636363
HOSP-4024,The Johns Hopkins Hospital,er,,410,240,58.536585365853654
HOSP-4025,The Johns Hopkins Hospital,er,,160,280,175.0
HOSP-4026,The Johns Hopkins Hospital,er,,480,140,29.166666666666668
HOSP-4026,The Johns Hopkins Hospital,maternity,2022-05-15,440,310,70.45454545454545
HOSP-4026,The Johns Hopkins Hospital,maternity,,110,10,9.090909090909092
HOSP-4027,The Johns Hopkins Hospital,icu,2021-02-27,370,240,64.86486486486487
HOSP-4030,The Johns Hopkins Hospital,surgery,2022-07-21,130,80,61.53846153846154
HOSP-4032,The Johns Hopkins Hospital,maternity,2024-01-18,300,40,13.333333333333334
HOSP-4034,The Johns Hopkins Hospital,maternity,2023-04-30,500,220,44.0
HOSP-4040,The Johns Hopkins Hospital,icu,,120,380,316.66666666666663
HOSP-4040,The Johns Hopkins Hospital,pediatrics,,330,280,84.84848484848484
HOSP-4041,The Johns Hopkins Hospital,icu,2024-03-20,240,80,33.33333333333333
HOSP-4041,The Johns Hopkins Hospital,pediatrics,2023-11-26,210,400,190.47619047619045
HOSP-4043,The Johns Hopkins Hospital,maternity,2021-02-26,120,150,125.0
HOSP-4044,The Johns Hopkins Hospital,maternity,,240,40,16.666666666666664
HOSP-4044,The Johns Hopkins Hospital,surgery,2024-06-22,500,160,32.0
HOSP-4045,The Johns Hopkins Hospital,maternity,2024-04-18,460,100,21.73913043478261
HOSP-4045,The Johns Hopkins Hospital,pediatrics,2022-06-13,450,80,17.77777777777778
HOSP-4047,The Johns Hopkins Hospital,surgery,2021-10-27,210,380,180.95238095238096
HOSP-4047,The Johns Hopkins Hospital,surgery,,270,250,92.5925925925926
HOSP-4048,The Johns Hopkins Hospital,maternity,2023-05-23,200,400,200.0
HOSP-4048,The Johns Hopkins Hospital,pediatrics,2020-10-26,370,90,24.324324324324326
HOSP-4049,The Johns Hopkins Hospital,er,,140,370,264.2857142857143
HOSP-4049,The Johns Hopkins Hospital,maternity,,160,20,12.5
HOSP-4049,The Johns Hopkins Hospital,pediatrics,,230,60,26.08695652173913
HOSP-4049,The Johns Hopkins Hospital,surgery,2023-12-31,270,350,129.62962962962962
HOSP-4051,The Johns Hopkins Hospital,icu,2024-05-17,400,120,30.0
HOSP-4054,The Johns Hopkins Hospital,icu,2022-09-19,250,340,136.0
HOSP-4057,The Johns Hopkins Hospital,icu,2022-05-23,390,380,97.43589743589743
HOSP-4059,The Johns Hopkins Hospital,icu,,370,110,29.72972972972973
HOSP-4059,The Johns Hopkins Hospital,surgery,,150,330,220.00000000000003
HOSP-4061,The Johns Hopkins Hospital,icu,,220,290,131.8181818181818
HOSP-4061,The Johns Hopkins Hospital,pediatrics,2021-07-26,490,300,61.224489795918366
HOSP-4062,The Johns Hopkins Hospital,icu,2020-08-18,290,220,75.86206896551724
HOSP-4062,The Johns Hopkins Hospital,maternity,2023-06-27,420,290,69.04761904761905
HOSP-4063,The Johns Hopkins Hospital,maternity,2020-09-30,370,370,100.0
HOSP-4063,The Johns Hopkins Hospital,surgery,,380,160,42.10526315789473
HOSP-4064,The Johns Hopkins Hospital,maternity,2021-10-26,400,280,70.0
HOSP-4064,The Johns Hopkins Hospital,pediatrics,,230,130,56.52173913043478
HOSP-4064,The Johns Hopkins Hospital,surgery,2023-10-23,490,330,67.3469387755102
HOSP-4065,The Johns Hopkins Hospital,icu,2021-07-23,360,290,80.55555555555556
HOSP-4065,The Johns Hopkins Hospital,icu,2022-05-23,110,390,354.54545454545456
HOSP-4065,The Johns Hopkins Hospital,pediatrics,2022-02-18,420,370,88.09523809523809
HOSP-4065,The Johns Hopkins Hospital,surgery,,280,220,78.57142857142857
HOSP-4067,The Johns Hopkins Hospital,er,,190,270,142.10526315789474
HOSP-4067,The Johns Hopkins Hospital,maternity,,230,400,173.91304347826087
HOSP-4068,The Johns Hopkins Hospital,maternity,2021-09-27,350,20,5.714285714285714
HOSP-4068,The Johns Hopkins Hospital,maternity,2023-12-27,490,120,24.489795918367346
HOSP-4068,The Johns Hopkins Hospital,pediatrics,2023-07-29,350,90,25.71428571428571
HOSP-4068,The Johns Hopkins Hospital,pediatrics,,250,190,76.0
HOSP-4070,The Johns Hopkins Hospital,pediatrics,2021-08-27,380,270,71.05263157894737
HOSP-4071,The Johns Hopkins Hospital,icu,2022-10-27,110,30,27.27272727272727
HOSP-4071,The Johns Hopkins Hospital,maternity,2022-08-21,110,100,90.9090909090909
HOSP-4071,The Johns Hopkins Hospital,surgery,,220,50,22.727272727272727
HOSP-4073,The Johns Hopkins Hospital,maternity,,240,230,95.83333333333334
HOSP-4074,The Johns Hopkins Hospital,er,,100,280,280.0
HOSP-4076,The Johns Hopkins Hospital,icu,2024-07-17,230,180,78.26086956521739
HOSP-4076,The Johns Hopkins Hospital,maternity,,140,320,228.57142857142856
HOSP-4077,The Johns Hopkins Hospital,surgery,,420,250,59.523809523809526
HOSP-4078,The Johns Hopkins Hospital,er,2020-11-15,180,20,11.11111111111111
HOSP-4078,The Johns Hopkins Hospital,er,2023-03-19,420,260,61.904761904761905
HOSP-4080,The Johns Hopkins Hospital,icu,2023-04-29,160,70,43.75
HOSP-4081,The Johns Hopkins Hospital,er,2023-12-13,180,180,100.0
HOSP-4081,The Johns Hopkins Hospital,pediatrics,2023-11-27,270,120,44.44444444444444
HOSP-4083,The Johns Hopkins Hospital,surgery,2022-08-13,280,210,75.0
HOSP-4084,The Johns Hopkins Hospital,pediatrics,2024-01-22,250,40,16.0
HOSP-4085,The Johns Hopkins Hospital,er,2021-06-23,430,360,83.72093023255815
HOSP-4086,The Johns Hopkins Hospital,er,2024-02-29,280,40,14.285714285714285
HOSP-4088,The Johns Hopkins Hospital,maternity,2024-02-15,460,250,54.347826086956516
HOSP-4088,The Johns Hopkins Hospital,maternity,,310,70,22.58064516129032
HOSP-4092,The Johns Hopkins Hospital,icu,2022-01-29,330,350,106.06060606060606
HOSP-4093,The Johns Hopkins Hospital,maternity,,450,130,28.888888888888886
HOSP-4094,The Johns Hopkins Hospital,er,2021-09-25,190,290,152.63157894736844
HOSP-4094,The Johns Hopkins Hospital,surgery,,150,80,53.333333333333336
HOSP-4099,The Johns Hopkins Hospital,maternity,,100,80,80.0
HOSP-4102,The Johns Hopkins Hospital,er,2022-05-28,470,150,31.914893617021278
HOSP-4103,The Johns Hopkins Hospital,maternity,,190,50,26.31578947368421
HOSP-4103,The Johns Hopkins Hospital,pediatrics,2024-05-21,160,110,68.75
HOSP-4106,The Johns Hopkins Hospital,maternity,,420,210,50.0
HOSP-4106,The Johns Hopkins Hospital,surgery,,300,280,93.33333333333333
HOSP-4109,The Johns Hopkins Hospital,maternity,,350,330,94.28571428571428
HOSP-4110,The Johns Hopkins Hospital,maternity,2021-06-21,180,310,172.22222222222223
HOSP-4111,The Johns Hopkins Hospital,surgery,,110,0,0.0
HOSP-4112,The Johns Hopkins Hospital,maternity,2022-09-23,270,120,44.44444444444444
HOSP-4114,The Johns Hopkins Hospital,surgery,,390,220,56.41025641025641
HOSP-4115,The Johns Hopkins Hospital,pediatrics,,370,110,29.72972972972973
HOSP-4116,The Johns Hopkins Hospital,pediatrics,,180,340,188.88888888888889
HOSP-4118,The Johns Hopkins Hospital,er,2023-12-23,400,10,2.5
HOSP-4118,The Johns Hopkins Hospital,pediatrics,,450,70,15.555555555555555
HOSP-4120,The Johns Hopkins Hospital,maternity,,290,350,120.6896551724138
HOSP-4120,The Johns Hopkins Hospital,surgery,,130,210,161.53846153846155
HOSP-4121,The Johns Hopkins Hospital,surgery,,500,350,70.0
HOSP-4123,The Johns Hopkins Hospital,surgery,2023-05-22,330,270,81.81818181818183
HOSP-4126,The Johns Hopkins Hospital,pediatrics,2021-02-14,150,210,140.0
HOSP-4126,The Johns Hopkins Hospital,pediatrics,2021-10-19,240,360,150.0
HOSP-4127,The Johns Hopkins Hospital,pediatrics,2021-11-25,360,370,102.77777777777777
HOSP-4127,The Johns Hopkins Hospital,surgery,2020-09-24,310,60,19.35483870967742
HOSP-4128,The Johns Hopkins Hospital,pediatrics,2022-10-16,220,370,168.1818181818182
HOSP-4128,The Johns Hopkins Hospital,pediatrics,2023-12-25,120,200,166.66666666666669
HOSP-4130,The Johns Hopkins Hospital,icu,2021-08-31,110,120,109.09090909090908
HOSP-4132,The Johns Hopkins Hospital,maternity,2022-09-13,380,400,105.26315789473684
HOSP-4133,The Johns Hopkins Hospital,maternity,2021-02-28,390,280,71.7948717948718
HOSP-4133,The Johns Hopkins Hospital,pediatrics,,340,280,82.35294117647058
HOSP-4134,The Johns Hopkins Hospital,icu,2021-03-23,290,0,0.0
HOSP-4136,The Johns Hopkins Hospital,maternity,,350,70,20.0
HOSP-4136,The Johns Hopkins Hospital,surgery,,160,190,118.75
HOSP-4139,The Johns Hopkins Hospital,maternity,2020-10-20,190,160,84.21052631578947
HOSP-4139,The Johns Hopkins Hospital,maternity,,410,210,51.21951219512195
HOSP-4141,The Johns Hopkins Hospital,maternity,2023-04-16,440,160,36.36363636363637
HOSP-4141,The Johns Hopkins Hospital,surgery,,160,350,218.75
HOSP-4143,The Johns Hopkins Hospital,er,2021-08-20,340,370,108.8235294117647
HOSP-4143,The Johns Hopkins Hospital,er,2023-05-31,100,100,100.0
HOSP-4144,The Johns Hopkins Hospital,er,2020-12-21,250,100,40.0
HOSP-4144,The Johns Hopkins Hospital,pediatrics,,230,170,73.91304347826086
HOSP-4145,The Johns Hopkins Hospital,maternity,,170,80,47.05882352941176
HOSP-4147,The Johns Hopkins Hospital,er,2024-02-15,320,170,53.125
HOSP-4147,The Johns Hopkins Hospital,er,,140,270,192.85714285714286
HOSP-4147,The Johns Hopkins Hospital,pediatrics,,340,360,105.88235294117648
HOSP-4148,The Johns Hopkins Hospital,er,,220,120,54.54545454545454
HOSP-4149,The Johns Hopkins Hospital,maternity,,280,250,89.28571428571429
HOSP-4149,The Johns Hopkins Hospital,surgery,2024-01-13,460,290,63.04347826086957
HOSP-4150,The Johns Hopkins Hospital,surgery,2022-01-26,220,350,159.0909090909091
HOSP-4151,The Johns Hopkins Hospital,maternity,,360,120,33.33333333333333
HOSP-4151,The Johns Hopkins Hospital,pediatrics,,290,60,20.689655172413794
HOSP-4153,The Johns Hopkins Hospital,icu,,230,290,126.08695652173914
HOSP-4154,The Johns Hopkins Hospital,surgery,,310,210,67.74193548387096
HOSP-4155,The Johns Hopkins Hospital,er,2024-07-21,470,220,46.808510638297875
HOSP-4156,The Johns Hopkins Hospital,icu,,460,110,23.91304347826087
HOSP-4156,The Johns Hopkins Hospital,maternity,2021-06-29,260,230,88.46153846153845
HOSP-4156,The Johns Hopkins Hospital,pediatrics,2024-04-15,140,150,107.14285714285714
HOSP-4157,The Johns Hopkins Hospital,maternity,2023-05-16,480,360,75.0
HOSP-4159,The Johns Hopkins Hospital,pediatrics,2021-12-22,180,190,105.55555555555556
HOSP-4160,The Johns Hopkins Hospital,er,,500,370,74.0
HOSP-4160,The Johns Hopkins Hospital,pediatrics,2023-02-23,470,0,0.0
HOSP-4160,The Johns Hopkins Hospital,pediatrics,,220,140,63.63636363636363
HOSP-4161,The Johns Hopkins Hospital,maternity,2021-08-24,470,240,51.06382978723404
HOSP-4165,The Johns Hopkins Hospital,maternity,,380,100,26.31578947368421
HOSP-4166,The Johns Hopkins Hospital,icu,2023-08-31,160,220,137.5
HOSP-4166,The Johns Hopkins Hospital,maternity,2022-01-17,270,0,0.0
HOSP-4167,The Johns Hopkins Hospital,maternity,2021-08-16,230,330,143.47826086956522
HOSP-4167,The Johns Hopkins Hospital,maternity,2023-08-20,430,180,41.86046511627907
HOSP-4169,The Johns Hopkins Hospital,icu,,140,280,200.0
HOSP-4171,The Johns Hopkins Hospital,maternity,2021-01-16,210,330,157.14285714285714
HOSP-4171,The Johns Hopkins Hospital,surgery,,130,100,76.92307692307693
HOSP-4172,The Johns Hopkins Hospital,surgery,2022-12-23,380,180,47.368421052631575
HOSP-4173,The Johns Hopkins Hospital,maternity,2021-11-16,240,250,104.16666666666667
HOSP-4173,The Johns Hopkins Hospital,maternity,,310,210,67.74193548387096
HOSP-4174,The Johns Hopkins Hospital,er,2023-11-13,330,180,54.54545454545454
HOSP-4174,The Johns Hopkins Hospital,icu,2024-05-23,300,300,100.0
HOSP-4174,The Johns Hopkins Hospital,pediatrics,2021-07-13,350,220,62.857142857142854
HOSP-4174,The Johns Hopkins Hospital,surgery,2022-08-15,480,320,66.66666666666666
HOSP-4175,The Johns Hopkins Hospital,maternity,2022-07-16,330,140,42.42424242424242
HOSP-4176,The Johns Hopkins Hospital,er,2024-03-15,470,20,4.25531914893617
HOSP-4176,The Johns Hopkins Hospital,icu,2021-04-13,440,250,56.81818181818182
HOSP-4176,The Johns Hopkins Hospital,icu,2023-11-15,350,130,37.142857142857146
HOSP-4177,The Johns Hopkins Hospital,icu,2023-08-27,440,250,56.81818181818182
HOSP-4177,The Johns Hopkins Hospital,surgery,2021-04-16,120,50,41.66666666666667
HOSP-4178,The Johns Hopkins Hospital,maternity,2023-12-29,120,40,33.33333333333333
HOSP-4180,The Johns Hopkins Hospital,icu,,150,240,160.0
HOSP-4183,The Johns Hopkins Hospital,surgery,,220,250,113.63636363636364
HOSP-4186,The Johns Hopkins Hospital,icu,2024-03-16,190,120,63.1578947368421
HOSP-4186,The Johns Hopkins Hospital,surgery,2022-06-21,390,310,79.48717948717949
HOSP-4187,The Johns Hopkins Hospital,er,2021-07-28,240,320,133.33333333333331
HOSP-4187,The Johns Hopkins Hospital,icu,2021-09-13,470,150,31.914893617021278
HOSP-4189,The Johns Hopkins Hospital,maternity,2023-01-14,140,280,200.0
HOSP-4189,The Johns Hopkins Hospital,maternity,2023-08-20,430,80,18.6046511627907
HOSP-4190,The Johns Hopkins Hospital,maternity,2020-12-19,310,90,29.03225806451613
HOSP-4190,The Johns Hopkins Hospital,surgery,,130,190,146.15384615384613
HOSP-4191,The Johns Hopkins Hospital,er,2021-12-21,360,150,41.66666666666667
HOSP-4191,The Johns Hopkins Hospital,icu,2020-10-13,300,260,86.66666666666667
HOSP-4191,The Johns Hopkins Hospital,icu,2021-06-29,330,220,66.66666666666666
HOSP-4192,The Johns Hopkins Hospital,er,2020-10-14,330,140,42.42424242424242
HOSP-4193,The Johns Hopkins Hospital,er,2020-11-23,410,270,65.85365853658537
HOSP-4193,The Johns Hopkins Hospital,er,2024-04-24,230,330,143.47826086956522
HOSP-4194,The Johns Hopkins Hospital,maternity,2021-02-21,230,370,160.8695652173913
HOSP-4194,The Johns Hopkins Hospital,pediatrics,2024-03-24,230,300,130.43478260869566
HOSP-4195,The Johns Hopkins Hospital,surgery,,310,120,38.70967741935484
HOSP-4196,The Johns Hopkins Hospital,icu,2022-04-23,420,0,0.0
HOSP-4198,The Johns Hopkins Hospital,er,,330,150,45.45454545454545
HOSP-4198,The Johns Hopkins Hospital,icu,2023-04-25,190,100,52.63157894736842
HOSP-4198,The Johns Hopkins Hospital,surgery,2021-06-18,350,200,57.14285714285714
HOSP-4199,The Johns Hopkins Hospital,maternity,2023-11-29,160,190,118.75
HOSP-4199,The Johns Hopkins Hospital,pediatrics,2023-09-29,320,170,53.125
HOSP-4200,The Johns Hopkins Hospital,maternity,2021-03-18,150,60,40.0
HOSP-4201,The Johns Hopkins Hospital,surgery,2022-07-31,390,260,66.66666666666666
HOSP-4202,The Johns Hopkins Hospital,icu,2020-11-27,450,70,15.555555555555555
HOSP-4202,The Johns Hopkins Hospital,surgery,2023-09-21,430,80,18.6046511627907
HOSP-4204,The Johns Hopkins Hospital,maternity,,500,360,72.0
HOSP-4205,The Johns Hopkins Hospital,er,2021-08-13,160,80,50.0
HOSP-4205,The Johns Hopkins Hospital,er,2022-08-26,170,30,17.647058823529413
HOSP-4205,The Johns Hopkins Hospital,er,,410,390,95.1219512195122
HOSP-4205,The Johns Hopkins Hospital,pediatrics,2023-05-19,260,80,30.76923076923077
HOSP-4206,The Johns Hopkins Hospital,surgery,,480,320,66.66666666666666
HOSP-4207,The Johns Hopkins Hospital,pediatrics,2021-05-22,340,300,88.23529411764706
HOSP-4208,The Johns Hopkins Hospital,icu,2022-08-28,180,310,172.22222222222223
HOSP-4208,The Johns Hopkins Hospital,icu,2024-03-13,470,320,68.08510638297872
HOSP-4208,The Johns Hopkins Hospital,maternity,2020-11-29,180,290,161.11111111111111
HOSP-4209,The Johns Hopkins Hospital,maternity,,260,110,42.30769230769231
HOSP-4209,The Johns Hopkins Hospital,pediatrics,2023-02-27,180,30,16.666666666666664
HOSP-4210,The Johns Hopkins Hospital,er,2023-04-30,450,360,80.0
HOSP-4210,The Johns Hopkins Hospital,er,,260,60,23.076923076923077
HOSP-4211,The Johns Hopkins Hospital,er,,450,220,48.888888888888886
HOSP-4211,The Johns Hopkins Hospital,icu,,310,0,0.0
HOSP-4212,The Johns Hopkins Hospital,er,2024-05-23,480,40,8.333333333333332
HOSP-4214,The Johns Hopkins Hospital,pediatrics,,480,120,25.0
HOSP-4217,The Johns Hopkins Hospital,surgery,2022-09-25,310,190,61.29032258064516
HOSP-4218,The Johns Hopkins Hospital,maternity,2021-02-18,470,120,25.53191489361702
HOSP-4221,The Johns Hopkins Hospital,icu,,400,280,70.0
HOSP-4221,The Johns Hopkins Hospital,maternity,2023-08-27,230,40,17.391304347826086
HOSP-4221,The Johns Hopkins Hospital,maternity,,280,70,25.0
HOSP-4222,The Johns Hopkins Hospital,surgery,2023-08-31,490,270,55.10204081632652
HOSP-4224,The Johns Hopkins Hospital,icu,2021-06-25,460,330,71.73913043478261
HOSP-4224,The Johns Hopkins Hospital,icu,2022-05-18,450,270,60.0
HOSP-4224,The Johns Hopkins Hospital,maternity,2020-11-21,470,240,51.06382978723404
HOSP-4224,The Johns Hopkins Hospital,pediatrics,,310,350,112.90322580645163
HOSP-4224,The Johns Hopkins Hospital,surgery,,400,370,92.5
HOSP-4225,The Johns Hopkins Hospital,pediatrics,2023-11-21,360,320,88.88888888888889
HOSP-4226,The Johns Hopkins Hospital,er,,100,160,160.0
HOSP-4229,The Johns Hopkins Hospital,maternity,2022-08-27,490,100,20.408163265306122
HOSP-4231,The Johns Hopkins Hospital,er,2021-08-15,390,210,53.84615384615385
HOSP-4231,The Johns Hopkins Hospital,pediatrics,2022-01-13,380,270,71.05263157894737
HOSP-4231,The Johns Hopkins Hospital,pediatrics,,370,340,91.8918918918919
HOSP-4232,The Johns Hopkins Hospital,surgery,,330,360,109.09090909090908
HOSP-4233,The Johns Hopkins Hospital,surgery,,450,210,46.666666666666664
HOSP-4234,The Johns Hopkins Hospital,er,2022-11-25,170,320,188.23529411764704
HOSP-4235,The Johns Hopkins Hospital,maternity,,310,110,35.483870967741936
HOSP-4236,The Johns Hopkins Hospital,surgery,2024-07-15,350,390,111.42857142857143
HOSP-4236,The Johns Hopkins Hospital,surgery,,490,110,22.448979591836736
HOSP-4237,The Johns Hopkins Hospital,surgery,2021-09-29,310,280,90.32258064516128
HOSP-4237,The Johns Hopkins Hospital,surgery,2024-02-22,440,0,0.0
HOSP-4238,The Johns Hopkins Hospital,icu,2022-04-28,310,220,70.96774193548387
HOSP-4238,The Johns Hopkins Hospital,pediatrics,,220,250,113.63636363636364
HOSP-4239,The Johns Hopkins Hospital,er,2021-12-21,320,150,46.875
HOSP-4240,The Johns Hopkins Hospital,surgery,2022-03-31,250,180,72.0
HOSP-4242,The Johns Hopkins Hospital,icu,,180,60,33.33333333333333
HOSP-4243,The Johns Hopkins Hospital,icu,2021-05-21,180,130,72.22222222222221
HOSP-4246,The Johns Hopkins Hospital,pediatrics,2021-12-16,470,50,10.638297872340425
HOSP-4247,The Johns Hopkins Hospital,pediatrics,,310,160,51.61290322580645
HOSP-4247,The Johns Hopkins Hospital,surgery,2021-07-28,180,250,138.88888888888889
HOSP-4249,The Johns Hopkins Hospital,er,2022-12-26,180,370,205.55555555555554
HOSP-4250,The Johns Hopkins Hospital,icu,,290,110,37.93103448275862
HOSP-4250,The Johns Hopkins Hospital,maternity,,440,180,40.909090909090914
HOSP-4253,The Johns Hopkins Hospital,er,,490,150,30.612244897959183
HOSP-4253,The Johns Hopkins Hospital,maternity,,140,150,107.14285714285714
HOSP-4254,The Johns Hopkins Hospital,maternity,2023-03-16,330,20,6.0606060606060606
HOSP-4255,The Johns Hopkins Hospital,surgery,2022-07-18,120,170,141.66666666666669
HOSP-4255,The Johns Hopkins Hospital,surgery,,150,50,33.33333333333333
HOSP-4256,The Johns Hopkins Hospital,maternity,2022-06-14,100,380,380.0
HOSP-4257,The Johns Hopkins Hospital,icu,,500,50,10.0
HOSP-4260,The Johns Hopkins Hospital,icu,2023-01-31,440,220,50.0
HOSP-4260,The Johns Hopkins Hospital,icu,,280,0,0.0
HOSP-4261,The Johns Hopkins Hospital,er,2020-08-16,500,0,0.0
HOSP-4261,The Johns Hopkins Hospital,pediatrics,,330,180,54.54545454545454
HOSP-4263,The Johns Hopkins Hospital,surgery,,420,190,45.23809523809524
HOSP-4264,The Johns Hopkins Hospital,maternity,,110,60,54.54545454545454
HOSP-4266,The Johns Hopkins Hospital,er,,290,290,100.0
HOSP-4266,The Johns Hopkins Hospital,icu,2022-09-23,390,200,51.28205128205128
HOSP-4267,The Johns Hopkins Hospital,surgery,2022-12-26,370,360,97.2972972972973
HOSP-4267,The Johns Hopkins Hospital,surgery,2024-02-18,440,230,52.27272727272727
HOSP-4268,The Johns Hopkins Hospital,icu,2023-07-27,220,340,154.54545454545453
HOSP-4268,The Johns Hopkins Hospital,surgery,2023-12-18,120,40,33.33333333333333
HOSP-4270,The Johns Hopkins Hospital,er,2021-03-17,440,70,15.909090909090908
HOSP-4270,The Johns Hopkins Hospital,er,2022-02-28,260,250,96.15384615384616
HOSP-4270,The Johns Hopkins Hospital,maternity,,490,190,38.775510204081634
HOSP-4270,The Johns Hopkins Hospital,surgery,,270,360,133.33333333333331
HOSP-4273,The Johns Hopkins Hospital,pediatrics,,480,100,20.833333333333336
HOSP-4273,The Johns Hopkins Hospital,surgery,,130,160,123.07692307692308
HOSP-4274,The Johns Hopkins Hospital,icu,2021-11-14,480,100,20.833333333333336
HOSP-4275,The Johns Hopkins Hospital,pediatrics,2024-01-16,190,240,126.3157894736842
HOSP-4275,The Johns Hopkins Hospital,surgery,,290,20,6.896551724137931
HOSP-4277,The Johns Hopkins Hospital,pediatrics,2021-06-23,110,10,9.090909090909092
HOSP-4277,The Johns Hopkins Hospital,surgery,2021-09-23,420,140,33.33333333333333
HOSP-4278,The Johns Hopkins Hospital,pediatrics,,230,120,52.17391304347826
HOSP-4279,The Johns Hopkins Hospital,maternity,2022-11-23,460,0,0.0
HOSP-4280,The Johns Hopkins Hospital,er,2024-02-18,430,390,90.69767441860465
HOSP-4281,The Johns Hopkins Hospital,er,2022-02-27,180,230,127.77777777777777
HOSP-4281,The Johns Hopkins Hospital,maternity,2020-10-23,470,80,17.02127659574468
HOSP-4283,The Johns Hopkins Hospital,pediatrics,2023-04-19,230,200,86.95652173913044
HOSP-4284,The Johns Hopkins Hospital,maternity,2022-12-23,300,290,96.66666666666667
HOSP-4284,The Johns Hopkins Hospital,maternity,2023-04-24,480,350,72.91666666666666
HOSP-4285,The Johns Hopkins Hospital,er,2024-06-17,370,360,97.2972972972973
HOSP-4285,The Johns Hopkins Hospital,er,,130,80,61.53846153846154
HOSP-4286,The Johns Hopkins Hospital,maternity,,270,310,114.81481481481481
HOSP-4287,The Johns Hopkins Hospital,er,,220,220,100.0
HOSP-4288,The Johns Hopkins Hospital,icu,,230,400,173.91304347826087
HOSP-4289,The Johns Hopkins Hospital,er,2020-12-22,140,70,50.0
HOSP-4289,The Johns Hopkins Hospital,er,,130,60,46.15384615384615
HOSP-4289,The Johns Hopkins Hospital,icu,2022-11-22,110,370,336.3636363636364
HOSP-4289,The Johns Hopkins Hospital,pediatrics,2022-01-14,440,70,15.909090909090908
HOSP-4290,The Johns Hopkins Hospital,er,2021-03-17,270,330,122.22222222222223
HOSP-4291,The Johns Hopkins Hospital,pediatrics,2021-07-20,160,250,156.25
HOSP-4292,The Johns Hopkins Hospital,icu,2021-07-28,100,320,320.0
HOSP-4292,The Johns Hopkins Hospital,surgery,,140,360,257.14285714285717
HOSP-4294,The Johns Hopkins Hospital,icu,,440,380,86.36363636363636
HOSP-4294,The Johns Hopkins Hospital,maternity,,400,140,35.0
HOSP-4296,The Johns Hopkins Hospital,er,2021-01-17,420,150,35.714285714285715
HOSP-4296,The Johns Hopkins Hospital,er,,170,330,194.11764705882354
HOSP-4296,The Johns Hopkins Hospital,icu,,410,130,31.70731707317073
HOSP-4297,The Johns Hopkins Hospital,icu,2022-02-24,360,180,50.0
HOSP-4297,The Johns Hopkins Hospital,pediatrics,2021-02-26,290,340,117.24137931034481
HOSP-4298,The Johns Hopkins Hospital,maternity,2021-08-28,390,40,10.256410256410255
HOSP-4300,The Johns Hopkins Hospital,surgery,2020-09-17,490,330,67.3469387755102
HOSP-4301,The Johns Hopkins Hospital,er,2021-07-26,360,90,25.0
HOSP-4301,The Johns Hopkins Hospital,maternity,2021-05-20,100,360,360.0
HOSP-4302,The Johns Hopkins Hospital,icu,2023-05-31,230,30,13.043478260869565
HOSP-4303,The Johns Hopkins Hospital,surgery,,470,160,34.04255319148936
HOSP-4304,The Johns Hopkins Hospital,icu,2023-09-28,100,60,60.0
HOSP-4306,The Johns Hopkins Hospital,icu,2023-11-18,220,170,77.27272727272727
HOSP-4306,The Johns Hopkins Hospital,maternity,2022-05-29,200,220,110.00000000000001
HOSP-4306,The Johns Hopkins Hospital,pediatrics,2022-02-28,120,60,50.0
HOSP-4307,The Johns Hopkins Hospital,maternity,2021-12-18,300,150,50.0
HOSP-4309,The Johns Hopkins Hospital,pediatrics,2022-02-16,330,270,81.81818181818183
HOSP-4309,The Johns Hopkins Hospital,pediatrics,2022-10-28,210,270,128.57142857142858
HOSP-4310,The Johns Hopkins Hospital,pediatrics,2023-11-17,100,20,20.0
HOSP-4313,The Johns Hopkins Hospital,pediatrics,,330,60,18.181818181818183
HOSP-4314,The Johns Hopkins Hospital,pediatrics,2021-03-26,160,80,50.0
HOSP-4314,The Johns Hopkins Hospital,surgery,2024-04-30,230,320,139.1304347826087
HOSP-4315,The Johns Hopkins Hospital,icu,,390,360,92.3076923076923
HOSP-4315,The Johns Hopkins Hospital,surgery,2020-08-28,390,120,30.76923076923077
HOSP-4316,The Johns Hopkins Hospital,maternity,,410,390,95.1219512195122
HOSP-4316,The Johns Hopkins Hospital,pediatrics,,160,350,218.75
HOSP-4319,The Johns Hopkins Hospital,pediatrics,,360,40,11.11111111111111
HOSP-4320,The Johns Hopkins Hospital,pediatrics,2023-05-17,390,370,94.87179487179486
HOSP-4321,The Johns Hopkins Hospital,surgery,2023-03-21,230,160,69.56521739130434
HOSP-4322,The Johns Hopkins Hospital,surgery,2023-09-23,300,290,96.66666666666667
HOSP-4323,The Johns Hopkins Hospital,er,2021-11-26,160,200,125.0
HOSP-4323,The Johns Hopkins Hospital,er,2022-01-28,420,140,33.33333333333333
HOSP-4323,The Johns Hopkins Hospital,icu,2023-07-13,490,300,61.224489795918366
HOSP-4324,The Johns Hopkins Hospital,er,2022-06-21,270,380,140.74074074074073
HOSP-4324,The Johns Hopkins Hospital,surgery,2022-03-18,210,90,42.857142857142854
HOSP-4325,The Johns Hopkins Hospital,maternity,2022-05-29,360,220,61.111111111111114
HOSP-4327,The Johns Hopkins Hospital,icu,2020-12-31,430,150,34.883720930232556
HOSP-4327,The Johns Hopkins Hospital,maternity,2020-11-15,410,350,85.36585365853658
HOSP-4327,The Johns Hopkins Hospital,maternity,2023-02-27,450,140,31.11111111111111
HOSP-4328,The Johns Hopkins Hospital,icu,2022-10-24,290,80,27.586206896551722
HOSP-4331,The Johns Hopkins Hospital,surgery,,410,120,29.268292682926827
HOSP-4332,The Johns Hopkins Hospital,maternity,2023-07-30,150,130,86.66666666666667
HOSP-4333,The Johns Hopkins Hospital,icu,2021-12-15,260,370,142.30769230769232
HOSP-4333,The Johns Hopkins Hospital,maternity,2023-03-17,200,150,75.0
HOSP-4333,The Johns Hopkins Hospital,maternity,2023-07-22,440,390,88.63636363636364
HOSP-4334,The Johns Hopkins Hospital,maternity,,450,180,40.0
HOSP-4334,The Johns Hopkins Hospital,surgery,2023-02-23,500,80,16.0
HOSP-4335,The Johns Hopkins Hospital,er,2022-11-16,220,230,104.54545454545455
HOSP-4335,The Johns Hopkins Hospital,er,,120,30,25.0
HOSP-4336,The Johns Hopkins Hospital,surgery,2023-01-18,200,270,135.0
HOSP-4337,The Johns Hopkins Hospital,er,2022-09-18,280,350,125.0
HOSP-4337,The Johns Hopkins Hospital,icu,,470,240,51.06382978723404
HOSP-4340,The Johns Hopkins Hospital,icu,,450,190,42.22222222222222
HOSP-4340,The Johns Hopkins Hospital,maternity,,170,300,176.47058823529412
HOSP-4341,The Johns Hopkins Hospital,maternity,2024-04-23,110,20,18.181818181818183
HOSP-4342,The Johns Hopkins Hospital,icu,2021-01-28,470,80,17.02127659574468
HOSP-4342,The Johns Hopkins Hospital,maternity,2021-06-22,340,30,8.823529411764707
HOSP-4343,The Johns Hopkins Hospital,maternity,2023-06-27,210,30,14.285714285714285
HOSP-4344,The Johns Hopkins Hospital,surgery,2021-05-20,170,220,129.41176470588235
HOSP-4345,The Johns Hopkins Hospital,icu,,290,20,6.896551724137931
HOSP-4345,The Johns Hopkins Hospital,maternity,2020-12-24,240,30,12.5
HOSP-4345,The Johns Hopkins Hospital,pediatrics,2021-03-27,310,20,6.451612903225806
HOSP-4352,The Johns Hopkins Hospital,er,2023-08-17,140,130,92.85714285714286
HOSP-4352,The Johns Hopkins Hospital,surgery,,390,170,43.58974358974359
HOSP-4353,The Johns Hopkins Hospital,er,2023-02-19,250,40,16.0
HOSP-4353,The Johns Hopkins Hospital,maternity,,100,130,130.0
HOSP-4355,The Johns Hopkins Hospital,pediatrics,2021-03-22,260,200,76.92307692307693
HOSP-4356,The Johns Hopkins Hospital,icu,,500,170,34.0
HOSP-4357,The Johns Hopkins Hospital,er,2021-01-21,320,0,0.0
HOSP-4357,The Johns Hopkins Hospital,pediatrics,2021-07-24,300,130,43.333333333333336
HOSP-4359,The Johns Hopkins Hospital,er,,260,100,38.46153846153847
HOSP-4359,The Johns Hopkins Hospital,icu,2023-08-18,170,320,188.23529411764704
HOSP-4360,The Johns Hopkins Hospital,er,2021-07-19,360,320,88.88888888888889
HOSP-4362,The Johns Hopkins Hospital,pediatrics,2021-01-24,420,260,61.904761904761905
HOSP-4362,The Johns Hopkins Hospital,surgery,2022-12-14,120,70,58.333333333333336
HOSP-4363,The Johns Hopkins Hospital,pediatrics,,420,50,11.904761904761903
HOSP-4364,The Johns Hopkins Hospital,icu,2021-09-27,150,200,133.33333333333331
HOSP-4364,The Johns Hopkins Hospital,maternity,,320,290,90.625
HOSP-4366,The Johns Hopkins Hospital,icu,,230,50,21.73913043478261
HOSP-4366,The Johns Hopkins Hospital,maternity,2022-01-22,250,200,80.0
HOSP-4368,The Johns Hopkins Hospital,maternity,,190,320,168.42105263157893
HOSP-4369,The Johns Hopkins Hospital,icu,2021-02-26,240,250,104.16666666666667
HOSP-4371,The Johns Hopkins Hospital,icu,2022-07-21,110,40,36.36363636363637
HOSP-4371,The Johns Hopkins Hospital,icu,,500,320,64.0
HOSP-4371,The Johns Hopkins Hospital,maternity,,380,50,13.157894736842104
HOSP-4372,The Johns Hopkins Hospital,maternity,2023-03-29,290,130,44.827586206896555
HOSP-4372,The Johns Hopkins Hospital,pediatrics,2021-06-20,270,370,137.03703703703704
HOSP-4372,The Johns Hopkins Hospital,surgery,,370,250,67.56756756756756
HOSP-4373,The Johns Hopkins Hospital,surgery,2024-03-23,400,220,55.00000000000001
HOSP-4373,The Johns Hopkins Hospital,surgery,,330,80,24.242424242424242
HOSP-4374,The Johns Hopkins Hospital,pediatrics,,270,280,103.7037037037037
HOSP-4375,The Johns Hopkins Hospital,er,2020-10-27,140,280,200.0
HOSP-4375,The Johns Hopkins Hospital,icu,2023-10-15,380,120,31.57894736842105
HOSP-4375,The Johns Hopkins Hospital,maternity,2022-06-14,320,230,71.875
HOSP-4375,The Johns Hopkins Hospital,surgery,,340,380,111.76470588235294
HOSP-4376,The Johns Hopkins Hospital,maternity,2022-05-29,100,340,340.0
HOSP-4376,The Johns Hopkins Hospital,pediatrics,2020-08-18,470,0,0.0
HOSP-4376,The Johns Hopkins Hospital,pediatrics,2023-08-31,130,220,169.23076923076923
HOSP-4379,The Johns Hopkins Hospital,maternity,2024-04-23,240,240,100.0
HOSP-4379,The Johns Hopkins Hospital,maternity,,240,200,83.33333333333334
HOSP-4380,The Johns Hopkins Hospital,maternity,,110,200,181.8181818181818
HOSP-4384,The Johns Hopkins Hospital,icu,2022-12-30,190,170,89.47368421052632
HOSP-4385,The Johns Hopkins Hospital,er,2022-04-21,430,240,55.81395348837209
HOSP-4385,The Johns Hopkins Hospital,pediatrics,2021-10-14,110,210,190.9090909090909
HOSP-4385,The Johns Hopkins Hospital,surgery,2022-05-18,350,370,105.71428571428572
HOSP-4386,The Johns Hopkins Hospital,icu,,430,400,93.02325581395348
HOSP-4388,The Johns Hopkins Hospital,icu,2021-04-18,390,370,94.87179487179486
HOSP-4389,The Johns Hopkins Hospital,surgery,,350,280,80.0
HOSP-4390,The Johns Hopkins Hospital,maternity,2024-04-18,490,0,0.0
HOSP-4390,The Johns Hopkins Hospital,surgery,,100,340,340.0
HOSP-4391,The Johns Hopkins Hospital,icu,2022-07-27,140,110,78.57142857142857
HOSP-4391,The Johns Hopkins Hospital,surgery,,130,10,7.6923076923076925
HOSP-4392,The Johns Hopkins Hospital,surgery,,290,390,134.48275862068965
HOSP-4394,The Johns Hopkins Hospital,pediatrics,,220,280,127.27272727272727
HOSP-4397,The Johns Hopkins Hospital,maternity,2023-05-31,170,340,200.0
HOSP-4398,The Johns Hopkins Hospital,er,2022-04-20,240,150,62.5
HOSP-4400,The Johns Hopkins Hospital,er,,430,270,62.7906976744186
HOSP-4400,The Johns Hopkins Hospital,surgery,2021-09-20,190,270,142.10526315789474
HOSP-4401,The Johns Hopkins Hospital,er,,350,150,42.857142857142854
HOSP-4402,The Johns Hopkins Hospital,er,2021-08-23,130,340,261.53846153846155
HOSP-4403,The Johns Hopkins Hospital,icu,2021-03-19,270,290,107.40740740740742
HOSP-4404,The Johns Hopkins Hospital,er,2020-11-13,120,40,33.33333333333333
HOSP-4404,The Johns Hopkins Hospital,pediatrics,2023-03-24,290,270,93.10344827586206
HOSP-4404,The Johns Hopkins Hospital,surgery,2022-09-24,220,370,168.1818181818182
HOSP-4405,The Johns Hopkins Hospital,surgery,,160,210,131.25
HOSP-4406,The Johns Hopkins Hospital,surgery,,150,150,100.0
HOSP-4407,The Johns Hopkins Hospital,maternity,2021-10-25,410,110,26.82926829268293
HOSP-4410,The Johns Hopkins Hospital,maternity,2021-05-19,330,350,106.06060606060606
HOSP-4410,The Johns Hopkins Hospital,pediatrics,2021-02-24,120,250,208.33333333333334
HOSP-4410,The Johns Hopkins Hospital,pediatrics,2023-05-22,430,140,32.55813953488372
HOSP-4411,The Johns Hopkins Hospital,pediatrics,2022-01-16,330,60,18.181818181818183
HOSP-4412,The Johns Hopkins Hospital,er,2023-05-30,130,240,184.6153846153846
HOSP-4412,The Johns Hopkins Hospital,er,,120,100,83.33333333333334
HOSP-4413,The Johns Hopkins Hospital,er,2021-09-22,170,230,135.29411764705884
HOSP-4413,The Johns Hopkins Hospital,er,,420,220,52.38095238095239
HOSP-4414,The Johns Hopkins Hospital,surgery,2021-09-17,210,110,52.38095238095239
HOSP-4417,The Johns Hopkins Hospital,icu,2021-03-18,250,370,148.0
HOSP-4417,The Johns Hopkins Hospital,pediatrics,2022-10-13,260,190,73.07692307692307
HOSP-4418,The Johns Hopkins Hospital,maternity,2023-04-17,430,70,16.27906976744186
HOSP-4418,The Johns Hopkins Hospital,pediatrics,2020-09-28,210,320,152.38095238095238
HOSP-4420,The Johns Hopkins Hospital,maternity,2021-10-14,160,160,100.0
HOSP-4421,The Johns Hopkins Hospital,icu,,190,270,142.10526315789474
HOSP-4422,The Johns Hopkins Hospital,icu,2022-01-26,330,120,36.36363636363637
HOSP-4424,The Johns Hopkins Hospital,icu,,490,350,71.42857142857143
HOSP-4425,The Johns Hopkins Hospital,maternity,2024-04-17,270,10,3.7037037037037033
HOSP-4425,The Johns Hopkins Hospital,pediatrics,2020-11-16,440,180,40.909090909090914
HOSP-4426,The Johns Hopkins Hospital,surgery,2024-06-26,380,250,65.78947368421053
HOSP-4427,The Johns Hopkins Hospital,icu,2023-02-15,160,350,218.75
HOSP-4427,The Johns Hopkins Hospital,maternity,2020-11-23,330,210,63.63636363636363
HOSP-4430,The Johns Hopkins Hospital,pediatrics,,330,230,69.6969696969697
HOSP-4431,The Johns Hopkins Hospital,pediatrics,2024-04-19,370,120,32.432432432432435
HOSP-4432,The Johns Hopkins Hospital,maternity,2023-07-22,330,260,78.78787878787878
HOSP-4432,The Johns Hopkins Hospital,surgery,,290,180,62.06896551724138
HOSP-4433,The Johns Hopkins Hospital,icu,,120,50,41.66666666666667
HOSP-4433,The Johns Hopkins Hospital,pediatrics,2022-08-26,190,10,5.263157894736842
HOSP-4437,The Johns Hopkins Hospital,pediatrics,2021-07-30,130,280,215.3846153846154
HOSP-4438,The Johns Hopkins Hospital,pediatrics,2020-11-17,420,10,2.380952380952381
HOSP-4438,The Johns Hopkins Hospital,surgery,2022-06-18,100,180,180.0
HOSP-4440,The Johns Hopkins Hospital,pediatrics,2020-08-30,400,60,15.0
HOSP-4440,The Johns Hopkins Hospital,pediatrics,2023-03-23,180,350,194.44444444444443
HOSP-4440,The Johns Hopkins Hospital,surgery,,250,200,80.0
HOSP-4441,The Johns Hopkins Hospital,er,2020-11-20,140,90,64.28571428571429
HOSP-4441,The Johns Hopkins Hospital,icu,,220,90,40.909090909090914
HOSP-4442,The Johns Hopkins Hospital,er,2020-12-22,110,120,109.09090909090908
HOSP-4443,The Johns Hopkins Hospital,er,,480,360,75.0
HOSP-4443,The Johns Hopkins Hospital,maternity,,350,70,20.0
HOSP-4444,The Johns Hopkins Hospital,pediatrics,,300,400,133.33333333333331
HOSP-4447,The Johns Hopkins Hospital,icu,2021-10-22,220,380,172.72727272727272
HOSP-4448,The Johns Hopkins Hospital,surgery,2021-10-31,130,10,7.6923076923076925
HOSP-4450,The Johns Hopkins Hospital,pediatrics,2023-03-25,100,250,250.0
HOSP-4450,The Johns Hopkins Hospital,surgery,,180,40,22.22222222222222
HOSP-4451,The Johns Hopkins Hospital,icu,,220,10,4.545454545454546
HOSP-4451,The Johns Hopkins Hospital,surgery,2023-09-28,250,330,132.0
HOSP-4453,The Johns Hopkins Hospital,maternity,,450,300,66.66666666666666
HOSP-4453,The Johns Hopkins Hospital,pediatrics,,360,310,86.11111111111111
HOSP-4455,The Johns Hopkins Hospital,surgery,2020-12-20,130,370,284.61538461538464
HOSP-4459,The Johns Hopkins Hospital,pediatrics,2023-06-13,350,80,22.857142857142858
HOSP-4461,The Johns Hopkins Hospital,maternity,2021-02-22,400,200,50.0
HOSP-4461,The Johns Hopkins Hospital,surgery,,190,310,163.1578947368421
HOSP-4462,The Johns Hopkins Hospital,icu,2023-03-13,150,270,180.0
HOSP-4464,The Johns Hopkins Hospital,er,,140,360,257.14285714285717
HOSP-4464,The Johns Hopkins Hospital,surgery,2023-07-30,300,380,126.66666666666666
HOSP-4464,The Johns Hopkins Hospital,surgery,2023-12-17,260,110,42.30769230769231
HOSP-4465,The Johns Hopkins Hospital,maternity,2023-04-20,100,300,300.0
HOSP-4465,The Johns Hopkins Hospital,surgery,2021-08-30,410,130,31.70731707317073
HOSP-4467,The Johns Hopkins Hospital,maternity,2021-03-30,260,190,73.07692307692307
HOSP-4469,The Johns Hopkins Hospital,maternity,2021-06-26,340,160,47.05882352941176
HOSP-4470,The Johns Hopkins Hospital,icu,,360,400,111.11111111111111
HOSP-4472,The Johns Hopkins Hospital,icu,2024-05-28,420,200,47.61904761904761
HOSP-4473,The Johns Hopkins Hospital,icu,,180,390,216.66666666666666
HOSP-4473,The Johns Hopkins Hospital,pediatrics,2021-04-27,110,390,354.54545454545456
HOSP-4475,The Johns Hopkins Hospital,er,2024-01-26,450,260,57.77777777777777
HOSP-4475,The Johns Hopkins Hospital,pediatrics,2021-04-26,120,90,75.0
HOSP-4476,The Johns Hopkins Hospital,pediatrics,2022-04-25,170,160,94.11764705882352
HOSP-4476,The Johns Hopkins Hospital,surgery,,460,70,15.217391304347828
HOSP-4480,The Johns Hopkins Hospital,icu,2021-10-20,340,250,73.52941176470588
HOSP-4481,The Johns Hopkins Hospital,maternity,2023-08-22,320,60,18.75
HOSP-4482,The Johns Hopkins Hospital,icu,2021-02-24,280,330,117.85714285714286
HOSP-4482,The Johns Hopkins Hospital,pediatrics,2022-07-13,420,210,50.0
HOSP-4482,The Johns Hopkins Hospital,surgery,,290,160,55.172413793103445
HOSP-4483,The Johns Hopkins Hospital,maternity,2023-08-20,270,230,85.18518518518519
HOSP-4484,The Johns Hopkins Hospital,maternity,,390,220,56.41025641025641
HOSP-4485,The Johns Hopkins Hospital,pediatrics,,480,350,72.91666666666666
HOSP-4486,The Johns Hopkins Hospital,er,2024-01-22,450,350,77.77777777777779
HOSP-4490,The Johns Hopkins Hospital,maternity,2023-08-14,320,360,112.5
HOSP-4491,The Johns Hopkins Hospital,surgery,,160,380,237.5
HOSP-4492,The Johns Hopkins Hospital,maternity,,180,130,72.22222222222221
HOSP-4493,The Johns Hopkins Hospital,pediatrics,,470,40,8.51063829787234
HOSP-4495,The Johns Hopkins Hospital,icu,2020-08-29,410,390,95.1219512195122
HOSP-4495,The Johns Hopkins Hospital,icu,,250,390,156.0
HOSP-4496,The Johns Hopkins Hospital,icu,,110,260,236.36363636363637
HOSP-4497,The Johns Hopkins Hospital,maternity,2022-02-28,100,160,160.0
HOSP-4498,The Johns Hopkins Hospital,icu,2021-12-26,490,190,38.775510204081634
HOSP-4499,The Johns Hopkins Hospital,icu,,240,390,162.5
HOSP-4500,The Johns Hopkins Hospital,er,2021-04-27,320,180,56.25
HOSP-4500,The Johns Hopkins Hospital,pediatrics,2022-03-28,440,400,90.9090909090909
HOSP-4501,The Johns Hopkins Hospital,er,2024-01-13,210,280,133.33333333333331
HOSP-4501,The Johns Hopkins Hospital,maternity,2021-08-25,390,50,12.82051282051282
HOSP-4502,The Johns Hopkins Hospital,surgery,2021-01-28,370,380,102.7027027027027
HOSP-4505,The Johns Hopkins Hospital,maternity,2024-03-29,490,280,57.14285714285714
HOSP-4505,The Johns Hopkins Hospital,surgery,2020-11-19,370,0,0.0
HOSP-4507,The Johns Hopkins Hospital,icu,2023-11-30,230,50,21.73913043478261
HOSP-4507,The Johns Hopkins Hospital,pediatrics,2021-04-22,260,260,100.0
HOSP-4508,The Johns Hopkins Hospital,pediatrics,2021-06-21,240,260,108.33333333333333
HOSP-4508,The Johns Hopkins Hospital,pediatrics,,330,350,106.06060606060606
HOSP-4509,The Johns Hopkins Hospital,er,,300,300,100.0
HOSP-4510,The Johns Hopkins Hospital,maternity,2023-02-20,170,100,58.82352941176471
HOSP-4510,The Johns Hopkins Hospital,pediatrics,,140,360,257.14285714285717
HOSP-4511,The Johns Hopkins Hospital,surgery,2022-08-14,230,250,108.69565217391303
HOSP-4512,The Johns Hopkins Hospital,surgery,2021-01-21,200,340,170.0
HOSP-4512,The Johns Hopkins Hospital,surgery,,330,90,27.27272727272727
HOSP-4513,The Johns Hopkins Hospital,maternity,2023-03-21,180,190,105.55555555555556
HOSP-4515,The Johns Hopkins Hospital,maternity,2024-02-22,220,360,163.63636363636365
HOSP-4516,The Johns Hopkins Hospital,er,,130,320,246.15384615384616
HOSP-4517,The Johns Hopkins Hospital,surgery,2022-06-14,280,70,25.0
HOSP-4517,The Johns Hopkins Hospital,surgery,2022-12-31,270,130,48.148148148148145
HOSP-4518,The Johns Hopkins Hospital,icu,,110,100,90.9090909090909
HOSP-4519,The Johns Hopkins Hospital,maternity,2023-08-13,460,380,82.6086956521739
HOSP-4520,The Johns Hopkins Hospital,er,2023-04-28,290,0,0.0
HOSP-4522,The Johns Hopkins Hospital,er,,300,120,40.0
HOSP-4522,The Johns Hopkins Hospital,icu,2023-01-29,440,400,90.9090909090909
HOSP-4522,The Johns Hopkins Hospital,maternity,2020-11-15,140,230,164.28571428571428
HOSP-4523,The Johns Hopkins Hospital,icu,2023-12-24,160,20,12.5
HOSP-4524,The Johns Hopkins Hospital,er,,480,200,41.66666666666667
HOSP-4524,The Johns Hopkins Hospital,icu,,500,10,2.0
HOSP-4525,The Johns Hopkins Hospital,icu,2023-10-23,340,120,35.294117647058826
HOSP-4525,The Johns Hopkins Hospital,surgery,,370,90,24.324324324324326
HOSP-4527,The Johns Hopkins Hospital,maternity,,260,270,103.84615384615385
HOSP-4527,The Johns Hopkins Hospital,pediatrics,2020-10-21,200,310,155.0
HOSP-4529,The Johns Hopkins Hospital,er,2022-06-19,240,190,79.16666666666666
HOSP-4529,The Johns Hopkins Hospital,icu,2023-02-16,440,400,90.9090909090909
HOSP-4531,The Johns Hopkins Hospital,er,,310,100,32.25806451612903
HOSP-4532,The Johns Hopkins Hospital,er,2020-12-14,260,210,80.76923076923077
HOSP-4532,The Johns Hopkins Hospital,surgery,2023-12-28,220,160,72.72727272727273
HOSP-4533,The Johns Hopkins Hospital,pediatrics,2023-11-18,190,10,5.263157894736842
HOSP-4535,The Johns Hopkins Hospital,er,2021-04-26,410,280,68.29268292682927
HOSP-4535,The Johns Hopkins Hospital,icu,2022-12-18,320,320,100.0
HOSP-4535,The Johns Hopkins Hospital,surgery,,110,110,100.0
HOSP-4536,The Johns Hopkins Hospital,pediatrics,,370,400,108.10810810810811
HOSP-4537,The Johns Hopkins Hospital,surgery,,110,220,200.0
HOSP-4539,The Johns Hopkins Hospital,maternity,2024-01-19,350,340,97.14285714285714
HOSP-4539,The Johns Hopkins Hospital,pediatrics,2023-04-13,180,30,16.666666666666664
HOSP-4540,The Johns Hopkins Hospital,icu,2023-08-16,470,240,51.06382978723404
HOSP-4540,The Johns Hopkins Hospital,pediatrics,2021-11-29,500,370,74.0
HOSP-4540,The Johns Hopkins Hospital,surgery,2023-09-18,360,80,22.22222222222222
HOSP-4540,The Johns Hopkins Hospital,surgery,,250,400,160.0
HOSP-4541,The Johns Hopkins Hospital,maternity,,330,70,21.21212121212121
HOSP-4542,The Johns Hopkins Hospital,icu,2023-07-22,170,170,100.0
HOSP-4542,The Johns Hopkins Hospital,pediatrics,,230,80,34.78260869565217
HOSP-4543,The Johns Hopkins Hospital,maternity,2021-07-13,200,290,145.0
HOSP-4545,The Johns Hopkins Hospital,pediatrics,2021-09-30,190,310,163.1578947368421
HOSP-4545,The Johns Hopkins Hospital,surgery,2022-12-29,260,160,61.53846153846154
HOSP-4547,The Johns Hopkins Hospital,er,,250,210,84.0
HOSP-4547,The Johns Hopkins Hospital,maternity,2022-10-23,450,380,84.44444444444444
HOSP-4548,The Johns Hopkins Hospital,surgery,,170,60,35.294117647058826
HOSP-4549,The Johns Hopkins Hospital,er,2020-08-24,440,400,90.9090909090909
HOSP-4549,The Johns Hopkins Hospital,pediatrics,,300,300,100.0
HOSP-4550,The Johns Hopkins Hospital,er,,330,170,51.515151515151516
HOSP-4551,The Johns Hopkins Hospital,icu,,200,350,175.0
HOSP-4552,The Johns Hopkins Hospital,maternity,,230,130,56.52173913043478
HOSP-4553,The Johns Hopkins Hospital,er,2022-09-25,350,180,51.42857142857142
HOSP-4553,The Johns Hopkins Hospital,er,,380,10,2.631578947368421
HOSP-4554,The Johns Hopkins Hospital,pediatrics,2020-09-16,300,80,26.666666666666668
HOSP-4554,The Johns Hopkins Hospital,surgery,,150,190,126.66666666666666
HOSP-4555,The Johns Hopkins Hospital,er,2020-12-24,310,130,41.935483870967744
HOSP-4555,The Johns Hopkins Hospital,pediatrics,,270,240,88.88888888888889
HOSP-4556,The Johns Hopkins Hospital,pediatrics,,290,360,124.13793103448276
HOSP-4557,The Johns Hopkins Hospital,er,,400,160,40.0
HOSP-4558,The Johns Hopkins Hospital,maternity,,210,10,4.761904761904762
HOSP-4559,The Johns Hopkins Hospital,surgery,2020-11-29,470,280,59.57446808510638
HOSP-4561,The Johns Hopkins Hospital,maternity,2022-06-22,250,400,160.0
HOSP-4561,The Johns Hopkins Hospital,pediatrics,,120,360,300.0
HOSP-4562,The Johns Hopkins Hospital,surgery,,220,260,118.18181818181819
HOSP-4563,The Johns Hopkins Hospital,icu,2021-09-27,440,40,9.090909090909092
HOSP-4564,The Johns Hopkins Hospital,icu,,100,230,229.99999999999997
HOSP-4564,The Johns Hopkins Hospital,maternity,2021-04-19,140,250,178.57142857142858
HOSP-4566,The Johns Hopkins Hospital,surgery,2020-08-30,160,240,150.0
HOSP-4566,The Johns Hopkins Hospital,surgery,2021-05-19,160,120,75.0
HOSP-4568,The Johns Hopkins Hospital,pediatrics,2024-04-22,440,140,31.818181818181817
HOSP-4572,The Johns Hopkins Hospital,pediatrics,,300,380,126.66666666666666
HOSP-4573,The Johns Hopkins Hospital,surgery,2021-08-26,460,130,28.26086956521739
HOSP-4574,The Johns Hopkins Hospital,er,2022-06-26,500,10,2.0
HOSP-4576,The Johns Hopkins Hospital,maternity,,190,250,131.57894736842107
HOSP-4577,The Johns Hopkins Hospital,er,,500,20,4.0
HOSP-4579,The Johns Hopkins Hospital,icu,,380,130,34.21052631578947
HOSP-4579,The Johns Hopkins Hospital,surgery,2021-06-26,440,170,38.63636363636363
HOSP-4580,The Johns Hopkins Hospital,er,,200,70,35.0
HOSP-4581,The Johns Hopkins Hospital,er,2021-05-23,270,70,25.925925925925924
HOSP-4581,The Johns Hopkins Hospital,pediatrics,2021-12-31,410,130,31.70731707317073
HOSP-4583,The Johns Hopkins Hospital,er,2020-11-26,290,210,72.41379310344827
HOSP-4583,The Johns Hopkins Hospital,er,2024-03-19,460,200,43.47826086956522
HOSP-4583,The Johns Hopkins Hospital,pediatrics,,160,140,87.5
HOSP-4585,The Johns Hopkins Hospital,maternity,2022-10-31,420,100,23.809523809523807
HOSP-4585,The Johns Hopkins Hospital,surgery,,150,110,73.33333333333333
HOSP-4586,The Johns Hopkins Hospital,maternity,,280,100,35.714285714285715
HOSP-4587,The Johns Hopkins Hospital,er,2021-11-14,160,120,75.0
HOSP-4587,The Johns Hopkins Hospital,pediatrics,,110,0,0.0
HOSP-4588,The Johns Hopkins Hospital,er,,240,60,25.0
HOSP-4588,The Johns Hopkins Hospital,maternity,2020-08-20,200,250,125.0
HOSP-4589,The Johns Hopkins Hospital,icu,2022-06-13,320,200,62.5
HOSP-4589,The Johns Hopkins Hospital,pediatrics,2020-08-31,190,310,163.1578947368421
HOSP-4591,The Johns Hopkins Hospital,er,2022-10-13,220,20,9.090909090909092
HOSP-4593,The Johns Hopkins Hospital,surgery,2023-07-24,170,210,123.52941176470588
HOSP-4593,The Johns Hopkins Hospital,surgery,2023-10-20,130,340,261.53846153846155
HOSP-4595,The Johns Hopkins Hospital,maternity,,240,240,100.0
HOSP-4596,The Johns Hopkins Hospital,surgery,,430,50,11.627906976744185
HOSP-4597,The Johns Hopkins Hospital,maternity,2022-08-13,350,140,40.0
HOSP-4597,The Johns Hopkins Hospital,pediatrics,2021-10-17,210,370,176.19047619047618
HOSP-4599,The Johns Hopkins Hospital,maternity,2021-05-13,320,110,34.375
HOSP-4599,The Johns Hopkins Hospital,pediatrics,2020-08-19,180,90,50.0
HOSP-4599,The Johns Hopkins Hospital,pediatrics,2021-04-24,240,30,12.5
HOSP-4600,The Johns Hopkins Hospital,er,2023-11-26,440,60,13.636363636363635
HOSP-4600,The Johns Hopkins Hospital,er,,500,100,20.0
HOSP-4602,The Johns Hopkins Hospital,surgery,,340,160,47.05882352941176
HOSP-4603,The Johns Hopkins Hospital,maternity,2024-05-26,290,290,100.0
HOSP-4605,The Johns Hopkins Hospital,surgery,2020-10-28,390,0,0.0
HOSP-4606,The Johns Hopkins Hospital,icu,2022-01-30,190,10,5.263157894736842
HOSP-4607,The Johns Hopkins Hospital,er,2024-05-17,260,330,126.92307692307692
HOSP-4608,The Johns Hopkins Hospital,surgery,2021-02-16,400,30,7.5
HOSP-4611,The Johns Hopkins Hospital,pediatrics,2021-04-23,260,330,126.92307692307692
HOSP-4612,The Johns Hopkins Hospital,surgery,,120,260,216.66666666666666
HOSP-4613,The Johns Hopkins Hospital,pediatrics,2023-08-29,490,150,30.612244897959183
HOSP-4613,The Johns Hopkins Hospital,pediatrics,,470,100,21.27659574468085
HOSP-4615,The Johns Hopkins Hospital,er,,240,360,150.0
HOSP-4615,The Johns Hopkins Hospital,icu,2020-10-29,210,40,19.047619047619047
HOSP-4616,The Johns Hopkins Hospital,pediatrics,,210,200,95.23809523809523
HOSP-4618,The Johns Hopkins Hospital,maternity,2022-07-21,450,300,66.66666666666666
HOSP-4618,The Johns Hopkins Hospital,pediatrics,2021-06-20,260,400,153.84615384615387
HOSP-4618,The Johns Hopkins Hospital,surgery,2021-09-26,500,220,44.0
HOSP-4618,The Johns Hopkins Hospital,surgery,2021-12-13,310,370,119.35483870967742
HOSP-4619,The Johns Hopkins Hospital,maternity,2024-06-13,420,360,85.71428571428571
HOSP-4621,The Johns Hopkins Hospital,icu,2023-12-28,250,210,84.0
HOSP-4621,The Johns Hopkins Hospital,maternity,,480,200,41.66666666666667
HOSP-4621,The Johns Hopkins Hospital,pediatrics,2022-04-20,410,180,43.90243902439025
HOSP-4623,The Johns Hopkins Hospital,icu,2022-01-19,500,390,78.0
HOSP-4623,The Johns Hopkins Hospital,surgery,2022-11-30,430,50,11.627906976744185
HOSP-4624,The Johns Hopkins Hospital,er,,270,310,114.81481481481481
HOSP-4625,The Johns Hopkins Hospital,maternity,,470,0,0.0
HOSP-4626,The Johns Hopkins Hospital,icu,2024-04-26,280,380,135.71428571428572
HOSP-4626,The Johns Hopkins Hospital,icu,,260,0,0.0
HOSP-4630,The Johns Hopkins Hospital,er,,170,150,88.23529411764706
HOSP-4630,The Johns Hopkins Hospital,icu,,450,230,51.11111111111111
HOSP-4630,The Johns Hopkins Hospital,pediatrics,2024-03-14,190,310,163.1578947368421
HOSP-4633,The Johns Hopkins Hospital,icu,2023-05-25,160,10,6.25
HOSP-4633,The Johns Hopkins Hospital,surgery,2023-07-27,220,0,0.0
HOSP-4633,The Johns Hopkins Hospital,surgery,2024-05-14,490,270,55.10204081632652
HOSP-4635,The Johns Hopkins Hospital,er,2022-06-20,330,260,78.78787878787878
HOSP-4638,The Johns Hopkins Hospital,pediatrics,2024-06-26,420,120,28.57142857142857
HOSP-4638,The Johns Hopkins Hospital,surgery,2022-11-14,300,390,130.0
HOSP-4640,The Johns Hopkins Hospital,er,2024-05-16,220,100,45.45454545454545
HOSP-4640,The Johns Hopkins Hospital,maternity,,180,160,88.88888888888889
HOSP-4640,The Johns Hopkins Hospital,pediatrics,,290,70,24.137931034482758
HOSP-4641,The Johns Hopkins Hospital,maternity,2023-08-16,140,260,185.71428571428572
HOSP-4642,The Johns Hopkins Hospital,pediatrics,2022-09-19,380,140,36.84210526315789
HOSP-4648,The Johns Hopkins Hospital,icu,2021-09-15,260,190,73.07692307692307
HOSP-4648,The Johns Hopkins Hospital,pediatrics,2021-01-24,480,350,72.91666666666666
HOSP-4648,The Johns Hopkins Hospital,pediatrics,2022-02-13,280,190,67.85714285714286
HOSP-4649,The Johns Hopkins Hospital,pediatrics,,460,280,60.86956521739131
HOSP-4650,The Johns Hopkins Hospital,pediatrics,,280,110,39.285714285714285
HOSP-4651,The Johns Hopkins Hospital,surgery,2021-04-15,120,220,183.33333333333331
HOSP-4651,The Johns Hopkins Hospital,surgery,2021-11-21,410,300,73.17073170731707
HOSP-4652,The Johns Hopkins Hospital,maternity,,380,350,92.10526315789474
HOSP-4652,The Johns Hopkins Hospital,pediatrics,2022-08-26,310,130,41.935483870967744
HOSP-4652,The Johns Hopkins Hospital,surgery,2020-08-30,340,70,20.588235294117645
HOSP-4652,The Johns Hopkins Hospital,surgery,2023-05-14,210,380,180.95238095238096
HOSP-4654,The Johns Hopkins Hospital,icu,2024-04-19,410,110,26.82926829268293
HOSP-4655,The Johns Hopkins Hospital,surgery,,320,30,9.375
HOSP-4657,The Johns Hopkins Hospital,er,,380,10,2.631578947368421
HOSP-4658,The Johns Hopkins Hospital,pediatrics,2023-05-19,310,390,125.80645161290323
HOSP-4659,The Johns Hopkins Hospital,maternity,,410,210,51.21951219512195
HOSP-4660,The Johns Hopkins Hospital,er,,300,350,116.66666666666667
HOSP-4660,The Johns Hopkins Hospital,icu,,260,100,38.46153846153847
HOSP-4662,The Johns Hopkins Hospital,pediatrics,2021-07-14,440,90,20.454545454545457
HOSP-4663,The Johns Hopkins Hospital,icu,2023-06-15,190,290,152.63157894736844
HOSP-4664,The Johns Hopkins Hospital,pediatrics,2022-03-13,300,70,23.333333333333332
HOSP-4665,The Johns Hopkins Hospital,maternity,2022-11-13,480,230,47.91666666666667
HOSP-4665,The Johns Hopkins Hospital,surgery,,400,130,32.5
HOSP-4666,The Johns Hopkins Hospital,er,,180,300,166.66666666666669
HOSP-4667,The Johns Hopkins Hospital,er,2021-04-21,160,260,162.5
HOSP-4668,The Johns Hopkins Hospital,er,,350,140,40.0
HOSP-4668,The Johns Hopkins Hospital,icu,,460,190,41.30434782608695
HOSP-4668,The Johns Hopkins Hospital,surgery,,440,180,40.909090909090914
HOSP-4669,The Johns Hopkins Hospital,er,2021-03-14,210,60,28.57142857142857
HOSP-4669,The Johns Hopkins Hospital,pediatrics,2020-08-16,340,340,100.0
HOSP-4670,The Johns Hopkins Hospital,maternity,2023-05-31,430,260,60.46511627906976
HOSP-4670,The Johns Hopkins Hospital,pediatrics,2022-10-16,370,100,27.027027027027028
HOSP-4671,The Johns Hopkins Hospital,er,,390,210,53.84615384615385
HOSP-4671,The Johns Hopkins Hospital,pediatrics,2020-11-13,450,300,66.66666666666666
HOSP-4671,The Johns Hopkins Hospital,pediatrics,2022-02-20,430,190,44.18604651162791
HOSP-4671,The Johns Hopkins Hospital,pediatrics,2023-04-29,160,190,118.75
HOSP-4672,The Johns Hopkins Hospital,icu,2023-11-29,240,200,83.33333333333334
HOSP-4672,The Johns Hopkins Hospital,surgery,2023-09-29,330,40,12.121212121212121
HOSP-4673,The Johns Hopkins Hospital,surgery,2022-03-22,170,390,229.41176470588235
HOSP-4674,The Johns Hopkins Hospital,icu,,280,180,64.28571428571429
HOSP-4675,The Johns Hopkins Hospital,icu,,230,130,56.52173913043478
HOSP-4675,The Johns Hopkins Hospital,maternity,2021-12-15,130,350,269.2307692307692
HOSP-4675,The Johns Hopkins Hospital,pediatrics,,310,140,45.16129032258064
HOSP-4677,The Johns Hopkins Hospital,maternity,,380,70,18.421052631578945
HOSP-4680,The Johns Hopkins Hospital,maternity,,230,270,117.3913043478261
HOSP-4681,The Johns Hopkins Hospital,icu,,290,80,27.586206896551722
HOSP-4681,The Johns Hopkins Hospital,maternity,2023-03-22,440,200,45.45454545454545
HOSP-4681,The Johns Hopkins Hospital,surgery,,400,300,75.0
HOSP-4683,The Johns Hopkins Hospital,er,,450,170,37.77777777777778
HOSP-4683,The Johns Hopkins Hospital,pediatrics,2020-10-23,240,190,79.16666666666666
HOSP-4683,The Johns Hopkins Hospital,pediatrics,2021-09-26,130,380,292.30769230769226
HOSP-4683,The Johns Hopkins Hospital,surgery,2022-04-15,190,210,110.5263157894737
HOSP-4683,The Johns Hopkins Hospital,surgery,2023-06-22,350,130,37.142857142857146
HOSP-4684,The Johns Hopkins Hospital,er,,470,40,8.51063829787234
HOSP-4684,The Johns Hopkins Hospital,maternity,2022-03-27,370,240,64.86486486486487
HOSP-4685,The Johns Hopkins Hospital,pediatrics,2023-09-29,310,360,116.12903225806453
HOSP-4686,The Johns Hopkins Hospital,icu,2024-01-14,430,190,44.18604651162791
HOSP-4686,The Johns Hopkins Hospital,pediatrics,2022-05-21,140,230,164.28571428571428
HOSP-4686,The Johns Hopkins Hospital,pediatrics,2023-11-15,130,210,161.53846153846155
HOSP-4686,The Johns Hopkins Hospital,surgery,2022-05-20,190,330,173.6842105263158
HOSP-4687,The Johns Hopkins Hospital,icu,,370,100,27.027027027027028
HOSP-4687,The Johns Hopkins Hospital,surgery,2021-02-22,290,70,24.137931034482758
HOSP-4687,The Johns Hopkins Hospital,surgery,2022-01-31,280,320,114.28571428571428
HOSP-4688,The Johns Hopkins Hospital,maternity,2021-09-13,280,210,75.0
HOSP-4689,The Johns Hopkins Hospital,icu,2023-02-28,100,270,270.0
HOSP-4690,The Johns Hopkins Hospital,maternity,,160,200,125.0
HOSP-4691,The Johns Hopkins Hospital,icu,2023-02-27,260,170,65.38461538461539
HOSP-4692,The Johns Hopkins Hospital,er,2021-12-21,490,30,6.122448979591836
HOSP-4692,The Johns Hopkins Hospital,pediatrics,2021-07-20,390,60,15.384615384615385
HOSP-4695,The Johns Hopkins Hospital,icu,,410,340,82.92682926829268
HOSP-4697,The Johns Hopkins Hospital,maternity,2021-08-31,370,210,56.75675675675676
HOSP-4697,The Johns Hopkins Hospital,pediatrics,2021-12-13,280,270,96.42857142857143
HOSP-4698,The Johns Hopkins Hospital,pediatrics,,300,260,86.66666666666667
HOSP-4699,The Johns Hopkins Hospital,pediatrics,2021-08-28,180,320,177.77777777777777
HOSP-4699,The Johns Hopkins Hospital,surgery,2020-11-13,400,290,72.5
HOSP-4701,The Johns Hopkins Hospital,er,,490,120,24.489795918367346
HOSP-4701,The Johns Hopkins Hospital,maternity,2023-04-17,310,290,93.54838709677419
HOSP-4701,The Johns Hopkins Hospital,pediatrics,,420,100,23.809523809523807
HOSP-4703,The Johns Hopkins Hospital,maternity,2022-10-13,310,130,41.935483870967744
HOSP-4703,The Johns Hopkins Hospital,pediatrics,2023-08-31,370,160,43.24324324324324
HOSP-4705,The Johns Hopkins Hospital,maternity,2022-05-25,350,370,105.71428571428572
HOSP-4705,The Johns Hopkins Hospital,surgery,2023-06-18,300,340,113.33333333333333
HOSP-4706,The Johns Hopkins Hospital,pediatrics,2021-09-15,100,260,260.0
HOSP-4707,The Johns Hopkins Hospital,icu,,200,80,40.0
HOSP-4708,The Johns Hopkins Hospital,pediatrics,,300,150,50.0
HOSP-4709,The Johns Hopkins Hospital,er,,130,140,107.6923076923077
HOSP-4711,The Johns Hopkins Hospital,pediatrics,,220,340,154.54545454545453
HOSP-4713,The Johns Hopkins Hospital,icu,,100,120,120.0
HOSP-4714,The Johns Hopkins Hospital,surgery,,350,40,11.428571428571429
HOSP-4716,The Johns Hopkins Hospital,maternity,,290,300,103.44827586206897
HOSP-4717,The Johns Hopkins Hospital,er,,220,310,140.9090909090909
HOSP-4717,The Johns Hopkins Hospital,surgery,,230,380,165.2173913043478
HOSP-4718,The Johns Hopkins Hospital,surgery,,490,130,26.53061224489796
HOSP-4719,The Johns Hopkins Hospital,maternity,2021-04-21,140,130,92.85714285714286
HOSP-4719,The Johns Hopkins Hospital,pediatrics,2022-10-24,260,360,138.46153846153845
HOSP-4720,The Johns Hopkins Hospital,icu,2022-11-22,380,300,78.94736842105263
HOSP-4720,The Johns Hopkins Hospital,maternity,2022-10-15,190,300,157.89473684210526
HOSP-4720,The Johns Hopkins Hospital,surgery,2023-12-14,480,70,14.583333333333334
HOSP-4721,The Johns Hopkins Hospital,er,2024-01-25,180,390,216.66666666666666
HOSP-4721,The Johns Hopkins Hospital,pediatrics,,500,70,14.000000000000002
HOSP-4722,The Johns Hopkins Hospital,maternity,2021-09-23,480,140,29.166666666666668
HOSP-4723,The Johns Hopkins Hospital,surgery,,200,150,75.0
HOSP-4724,The Johns Hopkins Hospital,er,,160,120,75.0
HOSP-4725,The Johns Hopkins Hospital,pediatrics,2024-06-20,360,200,55.55555555555556
HOSP-4726,The Johns Hopkins Hospital,pediatrics,2024-06-25,340,10,2.941176470588235
HOSP-4727,The Johns Hopkins Hospital,er,2023-05-26,300,220,73.33333333333333
HOSP-4727,The Johns Hopkins Hospital,icu,,290,200,68.96551724137932
HOSP-4727,The Johns Hopkins Hospital,surgery,2021-09-17,310,340,109.6774193548387
HOSP-4728,The Johns Hopkins Hospital,icu,,360,120,33.33333333333333
HOSP-4728,The Johns Hopkins Hospital,surgery,2024-07-21,440,340,77.27272727272727
HOSP-4731,The Johns Hopkins Hospital,icu,,300,170,56.666666666666664
HOSP-4731,The Johns Hopkins Hospital,maternity,,330,90,27.27272727272727
HOSP-4734,The Johns Hopkins Hospital,maternity,2024-04-19,240,190,79.16666666666666
HOSP-4734,The Johns Hopkins Hospital,surgery,2022-10-22,120,70,58.333333333333336
HOSP-4735,The Johns Hopkins Hospital,maternity,2020-08-29,450,40,8.88888888888889
HOSP-4739,The Johns Hopkins Hospital,er,2023-09-21,120,20,16.666666666666664
HOSP-4739,The Johns Hopkins Hospital,maternity,,470,390,82.97872340425532
HOSP-4739,The Johns Hopkins Hospital,surgery,2020-09-17,320,20,6.25
HOSP-4740,The Johns Hopkins Hospital,surgery,2022-03-18,320,110,34.375
HOSP-4742,The Johns Hopkins Hospital,er,2022-02-18,440,110,25.0
HOSP-4742,The Johns Hopkins Hospital,maternity,2024-01-30,110,220,200.0
HOSP-4742,The Johns Hopkins Hospital,pediatrics,,240,400,166.66666666666669
HOSP-4743,The Johns Hopkins Hospital,pediatrics,,150,70,46.666666666666664
HOSP-4744,The Johns Hopkins Hospital,icu,2020-11-19,310,370,119.35483870967742
HOSP-4748,The Johns Hopkins Hospital,maternity,2022-02-16,230,150,65.21739130434783
HOSP-4749,The Johns Hopkins Hospital,maternity,2021-04-21,480,20,4.166666666666666
HOSP-4755,The Johns Hopkins Hospital,pediatrics,2021-08-25,360,400,111.11111111111111
HOSP-4755,The Johns Hopkins Hospital,surgery,,470,330,70.2127659574468
HOSP-4756,The Johns Hopkins Hospital,surgery,2024-02-25,370,80,21.62162162162162
HOSP-4757,The Johns Hopkins Hospital,pediatrics,2020-10-19,400,0,0.0
HOSP-4758,The Johns Hopkins Hospital,icu,2022-12-15,220,210,95.45454545454545
HOSP-4758,The Johns Hopkins Hospital,surgery,2022-08-29,460,140,30.434782608695656
HOSP-4759,The Johns Hopkins Hospital,icu,,210,10,4.761904761904762
HOSP-4759,The Johns Hopkins Hospital,pediatrics,2022-12-16,160,70,43.75
HOSP-4759,The Johns Hopkins Hospital,pediatrics,,250,200,80.0
HOSP-4759,The Johns Hopkins Hospital,surgery,2021-01-28,130,340,261.53846153846155
HOSP-4760,The Johns Hopkins Hospital,icu,2022-05-22,190,230,121.05263157894737
HOSP-4761,The Johns Hopkins Hospital,er,2022-07-23,380,90,23.684210526315788
HOSP-4762,The Johns Hopkins Hospital,maternity,,340,290,85.29411764705883
HOSP-4762,The Johns Hopkins Hospital,pediatrics,2023-10-24,420,350,83.33333333333334
HOSP-4762,The Johns Hopkins Hospital,pediatrics,,230,220,95.65217391304348
HOSP-4762,The Johns Hopkins Hospital,surgery,,210,30,14.285714285714285
HOSP-4763,The Johns Hopkins Hospital,maternity,2021-04-15,390,340,87.17948717948718
HOSP-4766,The Johns Hopkins Hospital,icu,,140,300,214.28571428571428
HOSP-4766,The Johns Hopkins Hospital,pediatrics,,340,280,82.35294117647058
HOSP-4767,The Johns Hopkins Hospital,icu,2024-05-25,180,80,44.44444444444444
HOSP-4767,The Johns Hopkins Hospital,maternity,,250,340,136.0
HOSP-4767,The Johns Hopkins Hospital,pediatrics,2021-03-31,490,270,55.10204081632652
HOSP-4768,The Johns Hopkins Hospital,maternity,,310,180,58.06451612903226
HOSP-4768,The Johns Hopkins Hospital,pediatrics,2023-02-22,500,290,57.99999999999999
HOSP-4769,The Johns Hopkins Hospital,er,2023-11-18,270,390,144.44444444444443
HOSP-4769,The Johns Hopkins Hospital,maternity,,400,10,2.5
HOSP-4769,The Johns Hopkins Hospital,pediatrics,2020-09-28,320,40,12.5
HOSP-4769,The Johns Hopkins Hospital,surgery,2022-04-14,450,120,26.666666666666668
HOSP-4769,The Johns Hopkins Hospital,surgery,2022-10-26,280,50,17.857142857142858
HOSP-4770,The Johns Hopkins Hospital,surgery,2021-01-22,200,320,160.0
HOSP-4770,The Johns Hopkins Hospital,surgery,,240,340,141.66666666666669
HOSP-4772,The Johns Hopkins Hospital,pediatrics,2022-07-17,190,320,168.42105263157893
HOSP-4773,The Johns Hopkins Hospital,surgery,2022-11-29,390,210,53.84615384615385
HOSP-4774,The Johns Hopkins Hospital,er,2024-03-26,480,240,50.0
HOSP-4776,The Johns Hopkins Hospital,er,2021-12-13,120,120,100.0
HOSP-4776,The Johns Hopkins Hospital,maternity,2023-02-19,220,260,118.18181818181819
HOSP-4777,The Johns Hopkins Hospital,icu,2020-07-24,390,400,102.56410256410255
HOSP-4777,The Johns Hopkins Hospital,surgery,2021-07-18,380,100,26.31578947368421
HOSP-4779,The Johns Hopkins Hospital,pediatrics,,490,210,42.857142857142854
HOSP-4780,The Johns Hopkins Hospital,er,2022-05-13,200,370,185.0
HOSP-4782,The Johns Hopkins Hospital,icu,,320,50,15.625
HOSP-4783,The Johns Hopkins Hospital,er,,240,130,54.166666666666664
HOSP-4784,The Johns Hopkins Hospital,icu,2021-02-23,430,60,13.953488372093023
HOSP-4784,The Johns Hopkins Hospital,pediatrics,2023-12-26,470,30,6.382978723404255
HOSP-4785,The Johns Hopkins Hospital,er,2021-08-23,270,80,29.629629629629626
HOSP-4785,The Johns Hopkins Hospital,er,2023-09-23,230,390,169.56521739130434
HOSP-4787,The Johns Hopkins Hospital,maternity,2023-12-22,460,220,47.82608695652174
HOSP-4788,The Johns Hopkins Hospital,er,2023-03-30,240,390,162.5
HOSP-4788,The Johns Hopkins Hospital,er,,330,230,69.6969696969697
HOSP-4788,The Johns Hopkins Hospital,maternity,2021-10-31,170,40,23.52941176470588
HOSP-4788,The Johns Hopkins Hospital,maternity,2023-01-27,150,10,6.666666666666667
HOSP-4788,The Johns Hopkins Hospital,pediatrics,2023-08-22,220,80,36.36363636363637
HOSP-4791,The Johns Hopkins Hospital,er,2023-04-22,380,50,13.157894736842104
HOSP-4791,The Johns Hopkins Hospital,pediatrics,2020-08-26,280,380,135.71428571428572
HOSP-4791,The Johns Hopkins Hospital,pediatrics,,160,320,200.0
HOSP-4791,The Johns Hopkins Hospital,surgery,2020-12-19,350,190,54.285714285714285
HOSP-4793,The Johns Hopkins Hospital,surgery,2023-02-17,420,320,76.19047619047619
HOSP-4794,The Johns Hopkins Hospital,er,2022-02-20,190,220,115.78947368421053
HOSP-4794,The Johns Hopkins Hospital,maternity,2021-08-16,140,150,107.14285714285714
HOSP-4795,The Johns Hopkins Hospital,icu,,360,130,36.11111111111111
HOSP-4796,The Johns Hopkins Hospital,pediatrics,2022-03-18,120,270,225.0
HOSP-4798,The Johns Hopkins Hospital,maternity,,330,370,112.12121212121211
HOSP-4800,The Johns Hopkins Hospital,er,2022-12-22,360,170,47.22222222222222
HOSP-4800,The Johns Hopkins Hospital,er,2024-05-24,470,50,10.638297872340425
HOSP-4800,The Johns Hopkins Hospital,pediatrics,,350,140,40.0
HOSP-4802,The Johns Hopkins Hospital,icu,2020-11-17,370,20,5.405405405405405
HOSP-4803,The Johns Hopkins Hospital,er,2024-02-20,270,0,0.0
HOSP-4807,The Johns Hopkins Hospital,icu,2024-01-31,330,140,42.42424242424242
HOSP-4807,The Johns Hopkins Hospital,pediatrics,2022-08-26,200,40,20.0
HOSP-4812,The Johns Hopkins Hospital,pediatrics,2021-01-31,320,80,25.0
HOSP-4816,The Johns Hopkins Hospital,er,2023-12-28,320,350,109.375
HOSP-4818,The Johns Hopkins Hospital,er,2023-01-21,200,80,40.0
HOSP-4818,The Johns Hopkins Hospital,icu,,170,120,70.58823529411765
HOSP-4820,The Johns Hopkins Hospital,maternity,2022-10-13,360,140,38.88888888888889
HOSP-4820,The Johns Hopkins Hospital,maternity,2023-04-18,210,240,114.28571428571428
HOSP-4821,The Johns Hopkins Hospital,maternity,2021-07-22,440,140,31.818181818181817
HOSP-4821,The Johns Hopkins Hospital,pediatrics,2023-04-14,440,270,61.36363636363637
HOSP-4822,The Johns Hopkins Hospital,er,,230,150,65.21739130434783
HOSP-4822,The Johns Hopkins Hospital,pediatrics,2021-10-18,440,130,29.545454545454547
HOSP-4823,The Johns Hopkins Hospital,icu,,260,370,142.30769230769232
HOSP-4824,The Johns Hopkins Hospital,pediatrics,2020-08-19,330,240,72.72727272727273
HOSP-4824,The Johns Hopkins Hospital,surgery,2020-11-14,340,110,32.35294117647059
HOSP-4826,The Johns Hopkins Hospital,er,,490,310,63.26530612244898
HOSP-4827,The Johns Hopkins Hospital,maternity,,430,20,4.651162790697675
HOSP-4828,The Johns Hopkins Hospital,er,,340,170,50.0
HOSP-4829,The Johns Hopkins Hospital,er,,310,310,100.0
HOSP-4831,The Johns Hopkins Hospital,icu,2022-06-23,500,310,62.0
HOSP-4832,The Johns Hopkins Hospital,er,2021-07-29,130,230,176.9230769230769
HOSP-4832,The Johns Hopkins Hospital,er,2022-03-29,330,110,33.33333333333333
HOSP-4832,The Johns Hopkins Hospital,maternity,2020-12-27,400,160,40.0
HOSP-4832,The Johns Hopkins Hospital,pediatrics,2022-05-17,430,180,41.86046511627907
HOSP-4832,The Johns Hopkins Hospital,pediatrics,2022-09-25,500,70,14.000000000000002
HOSP-4832,The Johns Hopkins Hospital,surgery,2022-04-29,330,90,27.27272727272727
HOSP-4833,The Johns Hopkins Hospital,er,2024-01-29,170,120,70.58823529411765
HOSP-4834,The Johns Hopkins Hospital,icu,2021-08-17,270,400,148.14814814814815
HOSP-4835,The Johns Hopkins Hospital,maternity,,160,320,200.0
HOSP-4835,The Johns Hopkins Hospital,pediatrics,,280,370,132.14285714285714
HOSP-4836,The Johns Hopkins Hospital,icu,2021-10-28,460,330,71.73913043478261
HOSP-4838,The Johns Hopkins Hospital,maternity,,410,270,65.85365853658537
HOSP-4838,The Johns Hopkins Hospital,pediatrics,2021-03-15,280,270,96.42857142857143
HOSP-4838,The Johns Hopkins Hospital,pediatrics,2022-09-28,330,190,57.57575757575758
HOSP-4839,The Johns Hopkins Hospital,surgery,,180,340,188.88888888888889
HOSP-4840,The Johns Hopkins Hospital,maternity,2022-08-29,420,220,52.38095238095239
HOSP-4841,The Johns Hopkins Hospital,er,,290,350,120.6896551724138
HOSP-4841,The Johns Hopkins Hospital,maternity,,340,100,29.411764705882355
HOSP-4842,The Johns Hopkins Hospital,er,2023-06-21,400,60,15.0
HOSP-4842,The Johns Hopkins Hospital,surgery,,390,340,87.17948717948718
HOSP-4843,The Johns Hopkins Hospital,surgery,2024-06-30,270,200,74.07407407407408
HOSP-4844,The Johns Hopkins Hospital,pediatrics,,370,240,64.86486486486487
HOSP-4846,The Johns Hopkins Hospital,icu,2021-01-27,490,100,20.408163265306122
HOSP-4846,The Johns Hopkins Hospital,pediatrics,2024-01-25,490,160,32.6530612244898
HOSP-4847,The Johns Hopkins Hospital,pediatrics,2023-02-23,350,60,17.142857142857142
HOSP-4848,The Johns Hopkins Hospital,pediatrics,2023-12-28,440,40,9.090909090909092
HOSP-4849,The Johns Hopkins Hospital,er,2024-01-18,500,210,42.0
HOSP-4850,The Johns Hopkins Hospital,er,,330,80,24.242424242424242
HOSP-4850,The Johns Hopkins Hospital,maternity,2022-01-21,140,30,21.428571428571427
HOSP-4853,The Johns Hopkins Hospital,er,2023-04-25,450,300,66.66666666666666
HOSP-4854,The Johns Hopkins Hospital,er,2022-12-22,480,240,50.0
HOSP-4854,The Johns Hopkins Hospital,icu,2020-11-18,310,100,32.25806451612903
HOSP-4854,The Johns Hopkins Hospital,pediatrics,,130,340,261.53846153846155
HOSP-4856,The Johns Hopkins Hospital,icu,2024-03-18,360,60,16.666666666666664
HOSP-4858,The Johns Hopkins Hospital,icu,,420,360,85.71428571428571
HOSP-4858,The Johns Hopkins Hospital,pediatrics,,220,310,140.9090909090909
HOSP-4859,The Johns Hopkins Hospital,er,,450,200,44.44444444444444
HOSP-4862,The Johns Hopkins Hospital,surgery,2023-04-16,270,140,51.85185185185185
HOSP-4864,The Johns Hopkins Hospital,er,2021-03-17,320,240,75.0
HOSP-4865,The Johns Hopkins Hospital,pediatrics,,500,330,66.0
HOSP-4866,The Johns Hopkins Hospital,er,,360,130,36.11111111111111
HOSP-4866,The Johns Hopkins Hospital,maternity,2021-11-15,270,280,103.7037037037037
HOSP-4867,The Johns Hopkins Hospital,icu,,320,0,0.0
HOSP-4869,The Johns Hopkins Hospital,pediatrics,2022-09-13,330,190,57.57575757575758
HOSP-4870,The Johns Hopkins Hospital,er,2022-02-22,450,270,60.0
HOSP-4871,The Johns Hopkins Hospital,surgery,2022-09-23,240,20,8.333333333333332
HOSP-4872,The Johns Hopkins Hospital,maternity,,130,80,61.53846153846154
HOSP-4872,The Johns Hopkins Hospital,pediatrics,,180,220,122.22222222222223
HOSP-4872,The Johns Hopkins Hospital,surgery,2022-05-29,280,300,107.14285714285714
HOSP-4872,The Johns Hopkins Hospital,surgery,2023-01-14,390,50,12.82051282051282
HOSP-4872,The Johns Hopkins Hospital,surgery,2024-03-29,440,390,88.63636363636364
HOSP-4873,The Johns Hopkins Hospital,maternity,2024-03-13,400,30,7.5
HOSP-4878,The Johns Hopkins Hospital,icu,2021-10-13,300,60,20.0
HOSP-4878,The Johns Hopkins Hospital,pediatrics,2022-09-29,160,340,212.5
HOSP-4880,The Johns Hopkins Hospital,icu,2020-09-21,250,70,28.000000000000004
HOSP-4881,The Johns Hopkins Hospital,surgery,2021-10-13,210,380,180.95238095238096
HOSP-4882,The Johns Hopkins Hospital,pediatrics,2021-11-24,200,100,50.0
HOSP-4883,The Johns Hopkins Hospital,maternity,,340,100,29.411764705882355
HOSP-4883,The Johns Hopkins Hospital,surgery,,450,360,80.0
HOSP-4884,The Johns Hopkins Hospital,surgery,,280,340,121.42857142857142
HOSP-4885,The Johns Hopkins Hospital,pediatrics,,500,100,20.0
HOSP-4886,The Johns Hopkins Hospital,er,,190,370,194.73684210526315
HOSP-4888,The Johns Hopkins Hospital,pediatrics,2023-04-28,220,130,59.09090909090909
HOSP-4890,The Johns Hopkins Hospital,er,2023-12-31,250,330,132.0
HOSP-4890,The Johns Hopkins Hospital,pediatrics,,460,10,2.1739130434782608
HOSP-4891,The Johns Hopkins Hospital,maternity,2020-09-27,290,390,134.48275862068965
HOSP-4892,The Johns Hopkins Hospital,er,2021-07-13,210,280,133.33333333333331
HOSP-4892,The Johns Hopkins Hospital,pediatrics,2024-04-13,470,340,72.3404255319149
HOSP-4893,The Johns Hopkins Hospital,er,2023-05-14,130,190,146.15384615384613
HOSP-4894,The Johns Hopkins Hospital,er,,310,20,6.451612903225806
HOSP-4894,The Johns Hopkins Hospital,icu,,500,70,14.000000000000002
HOSP-4895,The Johns Hopkins Hospital,maternity,2023-12-20,270,300,111.11111111111111
HOSP-4896,The Johns Hopkins Hospital,maternity,,190,160,84.21052631578947
HOSP-4897,The Johns Hopkins Hospital,surgery,,400,10,2.5
HOSP-4903,The Johns Hopkins Hospital,maternity,2022-04-14,300,300,100.0
HOSP-4904,The Johns Hopkins Hospital,icu,2020-11-13,440,140,31.818181818181817
HOSP-4905,The Johns Hopkins Hospital,er,,460,10,2.1739130434782608
HOSP-4905,The Johns Hopkins Hospital,pediatrics,,280,110,39.285714285714285
HOSP-4905,The Johns Hopkins Hospital,surgery,2021-10-16,220,280,127.27272727272727
HOSP-4909,The Johns Hopkins Hospital,surgery,2022-07-22,450,230,51.11111111111111
HOSP-4910,The Johns Hopkins Hospital,er,2021-04-16,300,360,120.0
HOSP-4910,The Johns Hopkins Hospital,er,,450,350,77.77777777777779
HOSP-4911,The Johns Hopkins Hospital,icu,2023-09-19,250,120,48.0
HOSP-4912,The Johns Hopkins Hospital,pediatrics,,500,90,18.0
HOSP-4913,The Johns Hopkins Hospital,pediatrics,2023-08-30,310,50,16.129032258064516
HOSP-4914,The Johns Hopkins Hospital,er,2020-10-22,440,110,25.0
HOSP-4914,The Johns Hopkins Hospital,pediatrics,2021-10-16,390,50,12.82051282051282
HOSP-4916,The Johns Hopkins Hospital,pediatrics,2022-03-19,190,80,42.10526315789473
HOSP-4918,The Johns Hopkins Hospital,surgery,2021-06-21,430,370,86.04651162790698
HOSP-4921,The Johns Hopkins Hospital,er,,110,370,336.3636363636364
HOSP-4921,The Johns Hopkins Hospital,icu,,160,230,143.75
HOSP-4923,The Johns Hopkins Hospital,maternity,,120,40,33.33333333333333
HOSP-4925,The Johns Hopkins Hospital,er,,260,310,119.23076923076923
HOSP-4926,The Johns Hopkins Hospital,icu,,320,320,100.0
HOSP-4927,The Johns Hopkins Hospital,er,2022-08-13,300,290,96.66666666666667
HOSP-4927,The Johns Hopkins Hospital,icu,2021-03-24,130,250,192.30769230769232
HOSP-4927,The Johns Hopkins Hospital,icu,,140,330,235.71428571428572
HOSP-4927,The Johns Hopkins Hospital,surgery,2021-08-20,430,250,58.139534883720934
HOSP-4927,The Johns Hopkins Hospital,surgery,,100,360,360.0
HOSP-4931,The Johns Hopkins Hospital,surgery,2022-07-20,490,370,75.51020408163265
HOSP-4933,The Johns Hopkins Hospital,er,,380,300,78.94736842105263
HOSP-4935,The Johns Hopkins Hospital,icu,,440,160,36.36363636363637
HOSP-4937,The Johns Hopkins Hospital,pediatrics,2022-06-21,270,140,51.85185185185185
HOSP-4941,The Johns Hopkins Hospital,icu,,300,190,63.33333333333333
HOSP-4942,The Johns Hopkins Hospital,icu,,300,230,76.66666666666667
HOSP-4942,The Johns Hopkins Hospital,pediatrics,2021-05-13,420,20,4.761904761904762
HOSP-4943,The Johns Hopkins Hospital,surgery,,360,70,19.444444444444446
HOSP-4944,The Johns Hopkins Hospital,er,,290,70,24.137931034482758
HOSP-4944,The Johns Hopkins Hospital,maternity,2021-05-30,190,60,31.57894736842105
HOSP-4944,The Johns Hopkins Hospital,pediatrics,2021-01-22,400,300,75.0
HOSP-4944,The Johns Hopkins Hospital,pediatrics,2022-12-19,200,400,200.0
HOSP-4946,The Johns Hopkins Hospital,pediatrics,2022-03-25,200,0,0.0
HOSP-4946,The Johns Hopkins Hospital,surgery,2024-01-31,300,210,70.0
HOSP-4947,The Johns Hopkins Hospital,maternity,2022-10-29,140,280,200.0
HOSP-4949,The Johns Hopkins Hospital,pediatrics,2020-11-22,300,130,43.333333333333336
HOSP-4952,The Johns Hopkins Hospital,maternity,,160,170,106.25
HOSP-4952,The Johns Hopkins Hospital,surgery,2022-05-31,410,50,12.195121951219512
HOSP-4952,The Johns Hopkins Hospital,surgery,,140,240,171.42857142857142
HOSP-4953,The Johns Hopkins Hospital,maternity,2022-02-20,330,30,9.090909090909092
HOSP-4955,The Johns Hopkins Hospital,surgery,2022-11-14,240,170,70.83333333333334
HOSP-4956,The Johns Hopkins Hospital,maternity,2020-08-14,440,360,81.81818181818183
HOSP-4956,The Johns Hopkins Hospital,maternity,,460,100,21.73913043478261
HOSP-4957,The Johns Hopkins Hospital,pediatrics,2021-12-20,460,20,4.3478260869565215
HOSP-4958,The Johns Hopkins Hospital,er,2023-04-28,390,390,100.0
HOSP-4958,The Johns Hopkins Hospital,pediatrics,2024-01-18,100,60,60.0
HOSP-4959,The Johns Hopkins Hospital,surgery,,490,260,53.06122448979592
HOSP-4963,The Johns Hopkins Hospital,pediatrics,2020-11-15,350,80,22.857142857142858
HOSP-4963,The Johns Hopkins Hospital,surgery,2020-12-30,220,200,90.9090909090909
HOSP-4964,The Johns Hopkins Hospital,pediatrics,2023-09-16,460,360,78.26086956521739
HOSP-4966,The Johns Hopkins Hospital,icu,2022-05-19,320,360,112.5
HOSP-4967,The Johns Hopkins Hospital,surgery,,470,220,46.808510638297875
HOSP-4968,The Johns Hopkins Hospital,icu,2021-12-15,260,310,119.23076923076923
HOSP-4968,The Johns Hopkins Hospital,icu,,240,0,0.0
HOSP-4968,The Johns Hopkins Hospital,maternity,,230,290,126.08695652173914
HOSP-4968,The Johns Hopkins Hospital,pediatrics,2020-10-19,140,200,142.85714285714286
HOSP-4970,The Johns Hopkins Hospital,pediatrics,,410,40,9.75609756097561
HOSP-4971,The Johns Hopkins Hospital,surgery,,260,370,142.30769230769232
HOSP-4972,The Johns Hopkins Hospital,pediatrics,,310,250,80.64516129032258
HOSP-4973,The Johns Hopkins Hospital,icu,,280,200,71.42857142857143
HOSP-4973,The Johns Hopkins Hospital,maternity,2023-03-24,440,390,88.63636363636364
HOSP-4975,The Johns Hopkins Hospital,icu,2023-09-30,210,150,71.42857142857143
HOSP-4975,The Johns Hopkins Hospital,maternity,2022-09-15,220,10,4.545454545454546
HOSP-4976,The Johns Hopkins Hospital,maternity,,210,190,90.47619047619048
HOSP-4979,The Johns Hopkins Hospital,pediatrics,2021-02-18,400,190,47.5
HOSP-4979,The Johns Hopkins Hospital,surgery,,340,290,85.29411764705883
HOSP-4981,The Johns Hopkins Hospital,er,,230,210,91.30434782608695
HOSP-4981,The Johns Hopkins Hospital,icu,2024-03-25,470,100,21.27659574468085
HOSP-4981,The Johns Hopkins Hospital,surgery,2021-04-19,400,160,40.0
HOSP-4982,The Johns Hopkins Hospital,pediatrics,2024-05-21,370,370,100.0
HOSP-4984,The Johns Hopkins Hospital,er,2023-01-30,360,30,8.333333333333332
HOSP-4984,The Johns Hopkins Hospital,maternity,2024-07-18,410,10,2.4390243902439024
HOSP-4985,The Johns Hopkins Hospital,icu,2023-07-27,370,280,75.67567567567568
HOSP-4987,The Johns Hopkins Hospital,er,2022-10-19,100,360,360.0
HOSP-4987,The Johns Hopkins Hospital,icu,,200,70,35.0
HOSP-4989,The Johns Hopkins Hospital,er,2024-01-14,360,50,13.88888888888889
HOSP-4989,The Johns Hopkins Hospital,pediatrics,2023-06-16,130,350,269.2307692307692
HOSP-4989,The Johns Hopkins Hospital,surgery,2021-07-29,170,370,217.6470588235294
HOSP-4990,The Johns Hopkins Hospital,icu,2021-12-22,370,310,83.78378378378379
HOSP-4990,The Johns Hopkins Hospital,icu,2023-02-26,490,340,69.38775510204081
HOSP-4991,The Johns Hopkins Hospital,er,,170,180,105.88235294117648
HOSP-4991,The Johns Hopkins Hospital,maternity,2023-07-24,140,220,157.14285714285714
HOSP-4991,The Johns Hopkins Hospital,surgery,,400,370,92.5
HOSP-4992,The Johns Hopkins Hospital,er,2020-08-23,320,320,100.0
HOSP-4992,The Johns Hopkins Hospital,pediatrics,,360,210,58.333333333333336
HOSP-4992,The Johns Hopkins Hospital,surgery,2024-02-16,400,300,75.0
HOSP-4993,The Johns Hopkins Hospital,pediatrics,,310,240,77.41935483870968
HOSP-4994,The Johns Hopkins Hospital,pediatrics,2022-08-25,500,310,62.0
HOSP-4995,The Johns Hopkins Hospital,icu,2021-04-15,370,150,40.54054054054054
HOSP-4996,The Johns Hopkins Hospital,icu,,490,290,59.183673469387756
HOSP-4997,The Johns Hopkins Hospital,pediatrics,,500,130,26.0
HOSP-4998,The Johns Hopkins Hospital,icu,2022-12-16,270,60,22.22222222222222
HOSP-5001,The Johns Hopkins Hospital,er,,390,90,23.076923076923077
HOSP-5002,The Johns Hopkins Hospital,icu,2023-03-16,370,100,27.027027027027028
HOSP-5002,The Johns Hopkins Hospital,icu,2023-07-25,490,370,75.51020408163265
HOSP-5002,The Johns Hopkins Hospital,surgery,2023-07-23,390,120,30.76923076923077
HOSP-5003,The Johns Hopkins Hospital,er,2020-09-20,230,180,78.26086956521739
HOSP-5003,The Johns Hopkins Hospital,icu,2023-09-16,390,180,46.15384615384615
HOSP-5004,The Johns Hopkins Hospital,icu,2020-09-22,220,330,150.0
HOSP-5006,The Johns Hopkins Hospital,er,2021-10-22,130,110,84.61538461538461
HOSP-5008,The Johns Hopkins Hospital,er,2021-08-16,470,210,44.680851063829785
HOSP-5008,The Johns Hopkins Hospital,pediatrics,2021-07-18,240,200,83.33333333333334
HOSP-5009,The Johns Hopkins Hospital,surgery,2024-06-28,460,220,47.82608695652174
HOSP-5009,The Johns Hopkins Hospital,surgery,,180,280,155.55555555555557
HOSP-5010,The Johns Hopkins Hospital,er,,210,40,19.047619047619047
HOSP-5011,The Johns Hopkins Hospital,er,,150,310,206.66666666666669
HOSP-5012,The Johns Hopkins Hospital,maternity,2021-07-16,150,330,220.00000000000003
HOSP-5016,The Johns Hopkins Hospital,pediatrics,2021-01-25,300,260,86.66666666666667
HOSP-5018,The Johns Hopkins Hospital,icu,,200,40,20.0
HOSP-5019,The Johns Hopkins Hospital,surgery,2021-06-30,120,220,183.33333333333331
HOSP-5020,The Johns Hopkins Hospital,icu,,380,70,18.421052631578945
HOSP-5021,The Johns Hopkins Hospital,er,,470,200,42.5531914893617
HOSP-5023,The Johns Hopkins Hospital,er,,370,0,0.0
HOSP-5023,The Johns Hopkins Hospital,icu,2020-09-13,210,70,33.33333333333333
HOSP-5023,The Johns Hopkins Hospital,icu,2021-04-22,230,310,134.7826086956522
HOSP-5023,The Johns Hopkins Hospital,icu,,120,280,233.33333333333334
HOSP-5023,The Johns Hopkins Hospital,pediatrics,2024-03-18,470,10,2.127659574468085
HOSP-5023,The Johns Hopkins Hospital,surgery,,130,190,146.15384615384613
HOSP-5024,The Johns Hopkins Hospital,er,,360,300,83.33333333333334
HOSP-5024,The Johns Hopkins Hospital,surgery,2023-02-19,460,110,23.91304347826087
HOSP-5027,The Johns Hopkins Hospital,surgery,2022-08-31,300,270,90.0
HOSP-5028,The Johns Hopkins Hospital,er,2022-05-28,120,270,225.0
HOSP-5028,The Johns Hopkins Hospital,er,,110,310,281.8181818181818
HOSP-5028,The Johns Hopkins Hospital,maternity,2020-08-18,250,400,160.0
HOSP-5029,The Johns Hopkins Hospital,icu,2022-05-14,330,60,18.181818181818183
HOSP-5030,The Johns Hopkins Hospital,maternity,2022-09-28,110,130,118.18181818181819
HOSP-5031,The Johns Hopkins Hospital,surgery,,390,360,92.3076923076923
HOSP-5032,The Johns Hopkins Hospital,maternity,,160,40,25.0
HOSP-5032,The Johns Hopkins Hospital,surgery,2023-01-17,280,90,32.142857142857146
HOSP-5033,The Johns Hopkins Hospital,surgery,2024-03-28,380,350,92.10526315789474
HOSP-5034,The Johns Hopkins Hospital,icu,2021-10-20,210,10,4.761904761904762
HOSP-5035,The Johns Hopkins Hospital,pediatrics,,380,80,21.052631578947366
HOSP-5035,The Johns Hopkins Hospital,surgery,2023-11-21,500,370,74.0
HOSP-5038,The Johns Hopkins Hospital,maternity,2022-02-27,500,400,80.0
HOSP-5038,The Johns Hopkins Hospital,pediatrics,2020-12-15,130,200,153.84615384615387
HOSP-5039,The Johns Hopkins Hospital,er,,100,270,270.0
HOSP-5039,The Johns Hopkins Hospital,surgery,2023-02-24,330,110,33.33333333333333
HOSP-5039,The Johns Hopkins Hospital,surgery,2023-06-23,240,160,66.66666666666666
HOSP-5040,The Johns Hopkins Hospital,pediatrics,2022-06-30,210,350,166.66666666666669
HOSP-5041,The Johns Hopkins Hospital,icu,,430,40,9.30232558139535
HOSP-5043,The Johns Hopkins Hospital,pediatrics,2023-12-16,420,120,28.57142857142857
HOSP-5043,The Johns Hopkins Hospital,pediatrics,,290,80,27.586206896551722
HOSP-5043,The Johns Hopkins Hospital,surgery,2022-02-24,400,140,35.0
HOSP-5044,The Johns Hopkins Hospital,icu,,420,360,85.71428571428571
HOSP-5044,The Johns Hopkins Hospital,maternity,2021-10-13,150,350,233.33333333333334
HOSP-5045,The Johns Hopkins Hospital,pediatrics,2023-07-16,280,20,7.142857142857142
HOSP-5047,The Johns Hopkins Hospital,er,2021-02-23,200,160,80.0
HOSP-5047,The Johns Hopkins Hospital,maternity,,290,280,96.55172413793103
HOSP-5048,The Johns Hopkins Hospital,surgery,2021-06-30,320,270,84.375
HOSP-5048,The Johns Hopkins Hospital,surgery,2024-02-27,120,80,66.66666666666666
HOSP-5050,The Johns Hopkins Hospital,er,2021-12-21,330,230,69.6969696969697
HOSP-5050,The Johns Hopkins Hospital,er,,400,270,67.5
HOSP-5052,The Johns Hopkins Hospital,pediatrics,2023-02-16,290,360,124.13793103448276
HOSP-5052,The Johns Hopkins Hospital,surgery,,420,130,30.952380952380953
HOSP-5053,The Johns Hopkins Hospital,maternity,2024-01-28,440,100,22.727272727272727
HOSP-5054,The Johns Hopkins Hospital,maternity,2021-12-14,220,300,136.36363636363635
HOSP-5057,The Johns Hopkins Hospital,maternity,,390,50,12.82051282051282
HOSP-5060,The Johns Hopkins Hospital,surgery,2023-07-14,500,140,28.000000000000004
HOSP-5064,The Johns Hopkins Hospital,icu,2023-07-17,420,110,26.190476190476193
HOSP-5067,The Johns Hopkins Hospital,er,2023-12-19,310,260,83.87096774193549
HOSP-5068,The Johns Hopkins Hospital,maternity,2023-12-23,160,250,156.25
HOSP-5068,The Johns Hopkins Hospital,surgery,2023-06-30,490,310,63.26530612244898
HOSP-5069,The Johns Hopkins Hospital,er,,170,130,76.47058823529412
HOSP-5070,The Johns Hopkins Hospital,icu,2021-09-18,500,280,56.00000000000001
HOSP-5070,The Johns Hopkins Hospital,icu,2024-01-13,330,240,72.72727272727273
HOSP-5071,The Johns Hopkins Hospital,er,2021-11-18,440,120,27.27272727272727
HOSP-5071,The Johns Hopkins Hospital,icu,,190,140,73.68421052631578
HOSP-5072,The Johns Hopkins Hospital,maternity,,490,10,2.0408163265306123
HOSP-5073,The Johns Hopkins Hospital,er,,480,30,6.25
HOSP-5074,The Johns Hopkins Hospital,icu,2020-12-19,320,350,109.375
HOSP-5076,The Johns Hopkins Hospital,icu,,290,290,100.0
HOSP-5077,The Johns Hopkins Hospital,pediatrics,2021-04-16,300,390,130.0
HOSP-5078,The Johns Hopkins Hospital,surgery,,360,400,111.11111111111111
HOSP-5080,The Johns Hopkins Hospital,maternity,,170,20,11.76470588235294
HOSP-5081,The Johns Hopkins Hospital,icu,,210,250,119.04761904761905
HOSP-5081,The Johns Hopkins Hospital,maternity,2024-03-15,460,330,71.73913043478261
HOSP-5081,The Johns Hopkins Hospital,pediatrics,,270,140,51.85185185185185
HOSP-5082,The Johns Hopkins Hospital,er,2024-04-30,160,310,193.75
HOSP-5085,The Johns Hopkins Hospital,icu,2022-11-20,390,380,97.43589743589743
HOSP-5085,The Johns Hopkins Hospital,surgery,2023-01-24,170,300,176.47058823529412
HOSP-5085,The Johns Hopkins Hospital,surgery,2023-03-27,360,390,108.33333333333333
HOSP-5086,The Johns Hopkins Hospital,pediatrics,2023-01-16,180,20,11.11111111111111
HOSP-5088,The Johns Hopkins Hospital,er,2020-12-31,280,80,28.57142857142857
HOSP-5088,The Johns Hopkins Hospital,pediatrics,2024-01-27,470,150,31.914893617021278
HOSP-5090,The Johns Hopkins Hospital,surgery,,350,250,71.42857142857143
HOSP-5091,The Johns Hopkins Hospital,icu,2021-03-22,370,200,54.054054054054056
HOSP-5092,The Johns Hopkins Hospital,maternity,2023-01-17,410,160,39.02439024390244
HOSP-5092,The Johns Hopkins Hospital,maternity,2024-01-17,230,10,4.3478260869565215
HOSP-5092,The Johns Hopkins Hospital,pediatrics,2023-01-30,140,350,250.0
HOSP-5094,The Johns Hopkins Hospital,icu,2024-04-15,370,290,78.37837837837837
HOSP-5095,The Johns Hopkins Hospital,maternity,,140,30,21.428571428571427
HOSP-5096,The Johns Hopkins Hospital,surgery,2023-01-20,200,180,90.0
HOSP-5097,The Johns Hopkins Hospital,er,,340,300,88.23529411764706
HOSP-5097,The Johns Hopkins Hospital,pediatrics,,310,100,32.25806451612903
HOSP-5098,The Johns Hopkins Hospital,er,,290,150,51.724137931034484
HOSP-5098,The Johns Hopkins Hospital,icu,2021-03-26,430,180,41.86046511627907
HOSP-5100,The Johns Hopkins Hospital,icu,2022-04-28,400,110,27.500000000000004
HOSP-5100,The Johns Hopkins Hospital,pediatrics,2024-03-18,280,260,92.85714285714286
HOSP-5101,The Johns Hopkins Hospital,er,,380,360,94.73684210526315
HOSP-5101,The Johns Hopkins Hospital,icu,2024-07-17,410,160,39.02439024390244
HOSP-5101,The Johns Hopkins Hospital,pediatrics,2022-02-14,270,130,48.148148148148145
HOSP-5103,The Johns Hopkins Hospital,maternity,2022-07-17,380,70,18.421052631578945
HOSP-5104,The Johns Hopkins Hospital,maternity,2024-06-13,270,350,129.62962962962962
HOSP-5105,The Johns Hopkins Hospital,icu,,330,260,78.78787878787878
HOSP-5105,The Johns Hopkins Hospital,maternity,,220,360,163.63636363636365
HOSP-5105,The Johns Hopkins Hospital,surgery,2022-02-27,160,200,125.0
HOSP-5108,The Johns Hopkins Hospital,icu,2023-11-26,400,0,0.0
HOSP-5108,The Johns Hopkins Hospital,maternity,,420,100,23.809523809523807
HOSP-5110,The Johns Hopkins Hospital,icu,,220,150,68.18181818181817
HOSP-5111,The Johns Hopkins Hospital,er,2021-02-20,160,370,231.25
HOSP-5112,The Johns Hopkins Hospital,surgery,2021-10-19,400,230,57.49999999999999
HOSP-5112,The Johns Hopkins Hospital,surgery,2023-02-15,100,350,350.0
HOSP-5113,The Johns Hopkins Hospital,pediatrics,,250,120,48.0
HOSP-5114,The Johns Hopkins Hospital,er,,250,230,92.0
HOSP-5114,The Johns Hopkins Hospital,icu,2021-08-20,270,330,122.22222222222223
HOSP-5116,The Johns Hopkins Hospital,er,2022-01-26,490,350,71.42857142857143
HOSP-5116,The Johns Hopkins Hospital,maternity,2020-12-18,480,0,0.0
HOSP-5116,The Johns Hopkins Hospital,pediatrics,2021-06-21,370,10,2.7027027027027026
HOSP-5117,The Johns Hopkins Hospital,pediatrics,,230,180,78.26086956521739
HOSP-5119,The Johns Hopkins Hospital,maternity,2022-06-17,360,240,66.66666666666666
HOSP-5119,The Johns Hopkins Hospital,pediatrics,2022-09-20,180,200,111.11111111111111
HOSP-5119,The Johns Hopkins Hospital,surgery,,160,320,200.0
HOSP-5120,The Johns Hopkins Hospital,pediatrics,,100,330,330.0
HOSP-5120,The Johns Hopkins Hospital,surgery,2024-05-29,430,330,76.74418604651163
HOSP-5121,The Johns Hopkins Hospital,maternity,2021-12-19,350,60,17.142857142857142
HOSP-5121,The Johns Hopkins Hospital,pediatrics,,180,370,205.55555555555554
HOSP-5123,The Johns Hopkins Hospital,icu,2021-10-31,470,180,38.297872340425535
HOSP-5125,The Johns Hopkins Hospital,er,,430,160,37.2093023255814
HOSP-5125,The Johns Hopkins Hospital,maternity,2022-06-29,460,280,60.86956521739131
HOSP-5126,The Johns Hopkins Hospital,icu,2023-02-27,210,240,114.28571428571428
HOSP-5126,The Johns Hopkins Hospital,icu,,210,140,66.66666666666666
HOSP-5126,The Johns Hopkins Hospital,maternity,2020-08-27,490,350,71.42857142857143
HOSP-5126,The Johns Hopkins Hospital,pediatrics,2023-07-20,280,320,114.28571428571428
HOSP-5127,The Johns Hopkins Hospital,er,2023-02-28,380,170,44.73684210526316
HOSP-5127,The Johns Hopkins Hospital,er,2023-04-23,110,310,281.8181818181818
HOSP-5127,The Johns Hopkins Hospital,er,,430,160,37.2093023255814
HOSP-5129,The Johns Hopkins Hospital,icu,,210,260,123.80952380952381
HOSP-5132,The Johns Hopkins Hospital,er,2022-05-13,460,150,32.608695652173914
HOSP-5132,The Johns Hopkins Hospital,pediatrics,2022-08-19,430,0,0.0
HOSP-5132,The Johns Hopkins Hospital,pediatrics,2023-01-31,250,210,84.0
HOSP-5133,The Johns Hopkins Hospital,icu,2024-03-28,200,350,175.0
HOSP-5133,The Johns Hopkins Hospital,pediatrics,2021-03-16,200,370,185.0
HOSP-5134,The Johns Hopkins Hospital,surgery,,500,400,80.0
HOSP-5135,The Johns Hopkins Hospital,maternity,2024-06-30,110,120,109.09090909090908
HOSP-5136,The Johns Hopkins Hospital,icu,,370,290,78.37837837837837
HOSP-5136,The Johns Hopkins Hospital,pediatrics,2021-12-17,300,270,90.0
HOSP-5136,The Johns Hopkins Hospital,surgery,2022-11-30,270,370,137.03703703703704
HOSP-5136,The Johns Hopkins Hospital,surgery,,490,220,44.89795918367347
HOSP-5138,The Johns Hopkins Hospital,icu,2020-08-30,250,270,108.0
HOSP-5139,The Johns Hopkins Hospital,er,2021-12-16,180,20,11.11111111111111
HOSP-5139,The Johns Hopkins Hospital,icu,,450,160,35.55555555555556
HOSP-5139,The Johns Hopkins Hospital,surgery,,240,330,137.5
HOSP-5140,The Johns Hopkins Hospital,er,,400,170,42.5
HOSP-5140,The Johns Hopkins Hospital,pediatrics,,110,380,345.45454545454544
HOSP-5141,The Johns Hopkins Hospital,er,2022-10-19,250,390,156.0
HOSP-5141,The Johns Hopkins Hospital,icu,2024-03-20,370,290,78.37837837837837
HOSP-5141,The Johns Hopkins Hospital,pediatrics,2021-06-25,330,270,81.81818181818183
HOSP-5142,The Johns Hopkins Hospital,er,2023-10-16,490,20,4.081632653061225
HOSP-5142,The Johns Hopkins Hospital,surgery,2022-01-13,400,270,67.5
HOSP-5143,The Johns Hopkins Hospital,icu,,460,350,76.08695652173914
HOSP-5144,The Johns Hopkins Hospital,maternity,2021-10-28,130,120,92.3076923076923
HOSP-5144,The Johns Hopkins Hospital,pediatrics,,210,230,109.52380952380953
HOSP-5144,The Johns Hopkins Hospital,surgery,2021-04-17,470,110,23.404255319148938
HOSP-5144,The Johns Hopkins Hospital,surgery,2023-11-15,430,400,93.02325581395348
HOSP-5145,The Johns Hopkins Hospital,er,,350,350,100.0
HOSP-5147,The Johns Hopkins Hospital,er,2024-02-25,280,150,53.57142857142857
HOSP-5148,The Johns Hopkins Hospital,icu,2024-01-24,110,260,236.36363636363637
HOSP-5152,The Johns Hopkins Hospital,surgery,2023-03-21,370,50,13.513513513513514
HOSP-5153,The Johns Hopkins Hospital,maternity,2021-03-20,450,310,68.88888888888889
HOSP-5153,The Johns Hopkins Hospital,maternity,,390,380,97.43589743589743
HOSP-5154,The Johns Hopkins Hospital,pediatrics,,460,160,34.78260869565217
HOSP-5155,The Johns Hopkins Hospital,icu,2021-08-21,410,290,70.73170731707317
HOSP-5155,The Johns Hopkins Hospital,icu,,330,80,24.242424242424242
HOSP-5156,The Johns Hopkins Hospital,icu,,390,330,84.61538461538461
HOSP-5159,The Johns Hopkins Hospital,icu,,450,50,11.11111111111111
HOSP-5159,The Johns Hopkins Hospital,surgery,,160,0,0.0
HOSP-5161,The Johns Hopkins Hospital,icu,,390,0,0.0
HOSP-5161,The Johns Hopkins Hospital,maternity,2021-08-28,190,160,84.21052631578947
HOSP-5161,The Johns Hopkins Hospital,surgery,2021-11-26,400,240,60.0
HOSP-5163,The Johns Hopkins Hospital,maternity,,130,330,253.84615384615384
HOSP-5163,The Johns Hopkins Hospital,surgery,2021-07-31,240,320,133.33333333333331
HOSP-5165,The Johns Hopkins Hospital,icu,,500,400,80.0
HOSP-5165,The Johns Hopkins Hospital,maternity,2024-01-26,110,400,363.6363636363636
HOSP-5166,The Johns Hopkins Hospital,er,2022-10-14,480,20,4.166666666666666
HOSP-5166,The Johns Hopkins Hospital,pediatrics,2020-12-20,250,390,156.0
HOSP-5167,The Johns Hopkins Hospital,er,2023-02-14,350,90,25.71428571428571
HOSP-5167,The Johns Hopkins Hospital,er,,230,180,78.26086956521739
HOSP-5167,The Johns Hopkins Hospital,icu,,250,320,128.0
HOSP-5168,The Johns Hopkins Hospital,pediatrics,,330,310,93.93939393939394
HOSP-5169,The Johns Hopkins Hospital,surgery,2024-05-30,480,40,8.333333333333332
HOSP-5170,The Johns Hopkins Hospital,icu,,500,80,16.0
HOSP-5171,The Johns Hopkins Hospital,er,2021-04-29,340,20,5.88235294117647
HOSP-5171,The Johns Hopkins Hospital,maternity,2024-03-14,170,150,88.23529411764706
HOSP-5171,The Johns Hopkins Hospital,pediatrics,2024-04-21,410,390,95.1219512195122
HOSP-5172,The Johns Hopkins Hospital,icu,2023-12-20,340,360,105.88235294117648
HOSP-5173,The Johns Hopkins Hospital,maternity,2021-05-19,120,80,66.66666666666666
HOSP-5174,The Johns Hopkins Hospital,icu,,430,290,67.44186046511628
HOSP-5174,The Johns Hopkins Hospital,maternity,2021-07-18,100,250,250.0
HOSP-5178,The Johns Hopkins Hospital,er,2023-11-18,170,250,147.05882352941177
HOSP-5180,The Johns Hopkins Hospital,er,,500,40,8.0
HOSP-5180,The Johns Hopkins Hospital,icu,,480,280,58.333333333333336
HOSP-5180,The Johns Hopkins Hospital,maternity,2022-02-27,420,220,52.38095238095239
HOSP-5180,The Johns Hopkins Hospital,pediatrics,2023-04-17,200,0,0.0
HOSP-5180,The Johns Hopkins Hospital,pediatrics,,100,280,280.0
HOSP-5181,The Johns Hopkins Hospital,pediatrics,,200,360,180.0
HOSP-5184,The Johns Hopkins Hospital,icu,2023-02-23,140,80,57.14285714285714
HOSP-5184,The Johns Hopkins Hospital,maternity,,280,300,107.14285714285714
HOSP-5185,The Johns Hopkins Hospital,surgery,2020-08-25,300,180,60.0
HOSP-5186,The Johns Hopkins Hospital,er,2022-07-28,420,160,38.095238095238095
HOSP-5187,The Johns Hopkins Hospital,icu,,390,310,79.48717948717949
HOSP-5191,The Johns Hopkins Hospital,er,2021-12-29,370,380,102.7027027027027
HOSP-5191,The Johns Hopkins Hospital,maternity,,280,320,114.28571428571428
HOSP-5192,The Johns Hopkins Hospital,icu,2021-06-28,310,260,83.87096774193549
HOSP-5192,The Johns Hopkins Hospital,maternity,,410,80,19.51219512195122
HOSP-5193,The Johns Hopkins Hospital,pediatrics,,480,10,2.083333333333333
HOSP-5195,The Johns Hopkins Hospital,icu,2023-03-29,230,110,47.82608695652174
HOSP-5195,The Johns Hopkins Hospital,maternity,2024-02-13,300,170,56.666666666666664
HOSP-5195,The Johns Hopkins Hospital,pediatrics,2023-07-26,200,200,100.0
HOSP-5195,The Johns Hopkins Hospital,pediatrics,,190,290,152.63157894736844
HOSP-5196,The Johns Hopkins Hospital,surgery,,330,0,0.0
HOSP-5197,The Johns Hopkins Hospital,er,2023-12-23,140,30,21.428571428571427
HOSP-5198,The Johns Hopkins Hospital,icu,2021-09-16,420,200,47.61904761904761
HOSP-5198,The Johns Hopkins Hospital,maternity,2023-08-16,410,210,51.21951219512195
HOSP-5200,The Johns Hopkins Hospital,er,,120,390,325.0
HOSP-5200,The Johns Hopkins Hospital,maternity,,320,170,53.125
HOSP-5200,The Johns Hopkins Hospital,surgery,,110,360,327.2727272727273
HOSP-5201,The Johns Hopkins Hospital,icu,2024-03-18,180,170,94.44444444444444
HOSP-5205,The Johns Hopkins Hospital,icu,2021-11-27,460,310,67.3913043478261
HOSP-5205,The Johns Hopkins Hospital,surgery,,150,320,213.33333333333334
HOSP-5206,The Johns Hopkins Hospital,surgery,,250,400,160.0
HOSP-5208,The Johns Hopkins Hospital,maternity,2022-11-29,310,30,9.67741935483871
HOSP-5208,The Johns Hopkins Hospital,surgery,2020-09-13,110,340,309.09090909090907
HOSP-5209,The Johns Hopkins Hospital,er,,440,0,0.0
HOSP-5209,The Johns Hopkins Hospital,maternity,,210,370,176.19047619047618
HOSP-5210,The Johns Hopkins Hospital,er,,400,240,60.0
HOSP-5210,The Johns Hopkins Hospital,pediatrics,,410,200,48.78048780487805
HOSP-5210,The Johns Hopkins Hospital,surgery,2022-06-20,290,30,10.344827586206897
HOSP-5211,The Johns Hopkins Hospital,surgery,2022-06-18,310,160,51.61290322580645
HOSP-5213,The Johns Hopkins Hospital,icu,2023-05-25,390,140,35.8974358974359
HOSP-5213,The Johns Hopkins Hospital,pediatrics,2021-09-20,420,110,26.190476190476193
HOSP-5213,The Johns Hopkins Hospital,pediatrics,2021-11-19,150,50,33.33333333333333
HOSP-5214,The Johns Hopkins Hospital,icu,,370,250,67.56756756756756
HOSP-5214,The Johns Hopkins Hospital,pediatrics,2021-12-17,260,270,103.84615384615385
HOSP-5214,The Johns Hopkins Hospital,pediatrics,2022-01-31,420,150,35.714285714285715
HOSP-5214,The Johns Hopkins Hospital,pediatrics,2024-04-18,210,40,19.047619047619047
HOSP-5215,The Johns Hopkins Hospital,er,2020-08-22,350,250,71.42857142857143
HOSP-5215,The Johns Hopkins Hospital,er,,300,10,3.3333333333333335
HOSP-5217,The Johns Hopkins Hospital,pediatrics,2022-09-27,110,230,209.0909090909091
HOSP-5218,The Johns Hopkins Hospital,icu,,130,0,0.0
HOSP-5218,The Johns Hopkins Hospital,maternity,2023-11-25,300,390,130.0
HOSP-5218,The Johns Hopkins Hospital,surgery,2024-05-18,220,310,140.9090909090909
HOSP-5219,The Johns Hopkins Hospital,surgery,,140,400,285.7142857142857
HOSP-5220,The Johns Hopkins Hospital,icu,2022-05-19,450,300,66.66666666666666
HOSP-5220,The Johns Hopkins Hospital,pediatrics,,200,220,110.00000000000001
HOSP-5220,The Johns Hopkins Hospital,surgery,,390,190,48.717948717948715
HOSP-5222,The Johns Hopkins Hospital,er,2023-05-19,310,250,80.64516129032258
HOSP-5222,The Johns Hopkins Hospital,icu,2021-08-18,120,300,250.0
HOSP-5222,The Johns Hopkins Hospital,maternity,,500,70,14.000000000000002
HOSP-5223,The Johns Hopkins Hospital,er,2023-04-23,350,360,102.85714285714285
HOSP-5223,The Johns Hopkins Hospital,icu,2022-04-27,330,40,12.121212121212121
HOSP-5225,The Johns Hopkins Hospital,maternity,,400,260,65.0
HOSP-5226,The Johns Hopkins Hospital,pediatrics,2024-07-16,100,50,50.0
HOSP-5226,The Johns Hopkins Hospital,surgery,,480,30,6.25
HOSP-5227,The Johns Hopkins Hospital,er,,450,160,35.55555555555556
HOSP-5227,The Johns Hopkins Hospital,icu,2021-02-23,100,120,120.0
HOSP-5227,The Johns Hopkins Hospital,surgery,2023-09-16,320,10,3.125
HOSP-5228,The Johns Hopkins Hospital,surgery,2021-06-27,120,160,133.33333333333331
HOSP-5229,The Johns Hopkins Hospital,pediatrics,2023-07-16,450,310,68.88888888888889
HOSP-5229,The Johns Hopkins Hospital,surgery,2023-02-20,190,50,26.31578947368421
HOSP-5230,The Johns Hopkins Hospital,er,2021-02-18,240,40,16.666666666666664
HOSP-5230,The Johns Hopkins Hospital,maternity,,230,90,39.130434782608695
HOSP-5234,The Johns Hopkins Hospital,icu,,260,30,11.538461538461538
HOSP-5234,The Johns Hopkins Hospital,pediatrics,,290,240,82.75862068965517
HOSP-5235,The Johns Hopkins Hospital,pediatrics,,440,320,72.72727272727273
HOSP-5236,The Johns Hopkins Hospital,er,2021-10-25,430,330,76.74418604651163
HOSP-5237,The Johns Hopkins Hospital,pediatrics,2023-07-20,350,10,2.857142857142857
HOSP-5239,The Johns Hopkins Hospital,maternity,2020-07-30,230,120,52.17391304347826
HOSP-5240,The Johns Hopkins Hospital,maternity,2022-05-23,410,400,97.5609756097561
HOSP-5240,The Johns Hopkins Hospital,pediatrics,,370,360,97.2972972972973
HOSP-5241,The Johns Hopkins Hospital,pediatrics,2021-02-17,220,200,90.9090909090909
HOSP-5241,The Johns Hopkins Hospital,surgery,2022-11-29,240,200,83.33333333333334
HOSP-5241,The Johns Hopkins Hospital,surgery,,300,40,13.333333333333334
HOSP-5242,The Johns Hopkins Hospital,icu,,120,330,275.0
HOSP-5243,The Johns Hopkins Hospital,icu,2022-10-14,160,280,175.0
HOSP-5243,The Johns Hopkins Hospital,maternity,2022-05-27,330,50,15.151515151515152
HOSP-5243,The Johns Hopkins Hospital,surgery,2021-10-15,290,20,6.896551724137931
HOSP-5245,The Johns Hopkins Hospital,er,2021-11-17,460,50,10.869565217391305
HOSP-5245,The Johns Hopkins Hospital,er,2023-11-29,250,230,92.0
HOSP-5245,The Johns Hopkins Hospital,icu,2023-08-26,460,170,36.95652173913043
HOSP-5245,The Johns Hopkins Hospital,maternity,,270,210,77.77777777777779
HOSP-5246,The Johns Hopkins Hospital,er,2020-10-22,220,330,150.0
HOSP-5246,The Johns Hopkins Hospital,icu,,390,380,97.43589743589743
HOSP-5246,The Johns Hopkins Hospital,surgery,2023-08-28,390,200,51.28205128205128
HOSP-5247,The Johns Hopkins Hospital,er,2020-08-17,290,100,34.48275862068966
HOSP-5248,The Johns Hopkins Hospital,pediatrics,2021-12-20,280,50,17.857142857142858
HOSP-5248,The Johns Hopkins Hospital,pediatrics,,270,360,133.33333333333331
HOSP-5249,The Johns Hopkins Hospital,er,2021-06-30,150,350,233.33333333333334
HOSP-5249,The Johns Hopkins Hospital,er,2022-07-26,100,200,200.0
HOSP-5249,The Johns Hopkins Hospital,maternity,2023-06-23,150,250,166.66666666666669
HOSP-5251,The Johns Hopkins Hospital,icu,2024-04-26,210,390,185.71428571428572
HOSP-5252,The Johns Hopkins Hospital,icu,2024-01-20,330,0,0.0
HOSP-5253,The Johns Hopkins Hospital,surgery,2023-01-26,380,50,13.157894736842104
HOSP-5254,The Johns Hopkins Hospital,er,2021-07-31,400,70,17.5
HOSP-5257,The Johns Hopkins Hospital,maternity,,370,320,86.48648648648648
HOSP-5257,The Johns Hopkins Hospital,pediatrics,,330,210,63.63636363636363
HOSP-5257,The Johns Hopkins Hospital,surgery,2021-03-20,270,30,11.11111111111111
HOSP-5258,The Johns Hopkins Hospital,er,2023-10-28,400,0,0.0
HOSP-5258,The Johns Hopkins Hospital,er,,390,400,102.56410256410255
HOSP-5259,The Johns Hopkins Hospital,er,2021-04-30,380,50,13.157894736842104
HOSP-5263,The Johns Hopkins Hospital,icu,2023-02-16,100,230,229.99999999999997
HOSP-5266,The Johns Hopkins Hospital,icu,2023-12-14,400,250,62.5
HOSP-5266,The Johns Hopkins Hospital,surgery,2020-08-16,310,200,64.51612903225806
HOSP-5267,The Johns Hopkins Hospital,er,,320,280,87.5
HOSP-5268,The Johns Hopkins Hospital,surgery,2020-11-20,250,10,4.0
HOSP-5269,The Johns Hopkins Hospital,er,,340,390,114.70588235294117
HOSP-5269,The Johns Hopkins Hospital,maternity,2021-11-18,350,120,34.285714285714285
HOSP-5270,The Johns Hopkins Hospital,pediatrics,,240,60,25.0
HOSP-5271,The Johns Hopkins Hospital,icu,,410,220,53.65853658536586
HOSP-5272,The Johns Hopkins Hospital,er,2020-12-30,480,180,37.5
HOSP-5272,The Johns Hopkins Hospital,surgery,2023-06-18,350,340,97.14285714285714
HOSP-5273,The Johns Hopkins Hospital,surgery,,470,300,63.829787234042556
HOSP-5274,The Johns Hopkins Hospital,maternity,2022-02-18,420,400,95.23809523809523
HOSP-5274,The Johns Hopkins Hospital,pediatrics,2021-07-16,350,240,68.57142857142857
HOSP-5275,The Johns Hopkins Hospital,icu,,420,310,73.80952380952381
HOSP-5275,The Johns Hopkins Hospital,maternity,2024-03-15,280,150,53.57142857142857
HOSP-5276,The Johns Hopkins Hospital,maternity,2023-03-24,130,390,300.0
HOSP-5276,The Johns Hopkins Hospital,pediatrics,2023-01-20,230,40,17.391304347826086
HOSP-5276,The Johns Hopkins Hospital,surgery,,470,180,38.297872340425535
HOSP-5277,The Johns Hopkins Hospital,maternity,2021-07-21,380,80,21.052631578947366
HOSP-5277,The Johns Hopkins Hospital,pediatrics,,410,60,14.634146341463413
HOSP-5278,The Johns Hopkins Hospital,er,2021-01-18,340,20,5.88235294117647
HOSP-5279,The Johns Hopkins Hospital,icu,2021-07-25,220,170,77.27272727272727
HOSP-5283,The Johns Hopkins Hospital,icu,2021-06-14,410,160,39.02439024390244
HOSP-5283,The Johns Hopkins Hospital,pediatrics,2021-05-22,420,390,92.85714285714286
HOSP-5284,The Johns Hopkins Hospital,er,,350,60,17.142857142857142
HOSP-5284,The Johns Hopkins Hospital,icu,2023-11-18,240,250,104.16666666666667
HOSP-5285,The Johns Hopkins Hospital,icu,,220,180,81.81818181818183
HOSP-5285,The Johns Hopkins Hospital,pediatrics,,200,290,145.0
HOSP-5286,The Johns Hopkins Hospital,er,2022-04-25,150,330,220.00000000000003
HOSP-5286,The Johns Hopkins Hospital,surgery,2023-01-20,140,220,157.14285714285714
HOSP-5288,The Johns Hopkins Hospital,icu,2022-09-18,400,290,72.5
HOSP-5288,The Johns Hopkins Hospital,icu,,370,210,56.75675675675676
HOSP-5291,The Johns Hopkins Hospital,icu,2022-04-17,190,210,110.5263157894737
HOSP-5292,The Johns Hopkins Hospital,icu,2021-06-17,270,250,92.5925925925926
HOSP-5292,The Johns Hopkins Hospital,icu,,230,160,69.56521739130434
HOSP-5293,The Johns Hopkins Hospital,icu,2022-02-26,360,350,97.22222222222221
HOSP-5293,The Johns Hopkins Hospital,icu,2022-05-16,250,180,72.0
HOSP-5293,The Johns Hopkins Hospital,maternity,,370,280,75.67567567567568
HOSP-5294,The Johns Hopkins Hospital,er,2024-06-22,310,110,35.483870967741936
HOSP-5294,The Johns Hopkins Hospital,pediatrics,,260,60,23.076923076923077
HOSP-5296,The Johns Hopkins Hospital,er,2024-07-13,140,140,100.0
HOSP-5298,The Johns Hopkins Hospital,maternity,2024-01-15,170,340,200.0
HOSP-5299,The Johns Hopkins Hospital,pediatrics,2024-04-22,310,270,87.09677419354838
HOSP-5300,The Johns Hopkins Hospital,er,2023-09-27,380,50,13.157894736842104
HOSP-5300,The Johns Hopkins Hospital,pediatrics,2023-03-18,440,330,75.0
HOSP-5301,The Johns Hopkins Hospital,pediatrics,2024-02-25,290,320,110.34482758620689
HOSP-5301,The Johns Hopkins Hospital,surgery,,340,380,111.76470588235294
HOSP-5303,The Johns Hopkins Hospital,pediatrics,2021-06-19,460,390,84.78260869565217
HOSP-5306,The Johns Hopkins Hospital,surgery,2022-08-17,180,370,205.55555555555554
HOSP-5306,The Johns Hopkins Hospital,surgery,2023-12-28,420,80,19.047619047619047
HOSP-5307,The Johns Hopkins Hospital,er,2022-06-28,380,150,39.473684210526315
HOSP-5308,The Johns Hopkins Hospital,er,,390,240,61.53846153846154
HOSP-5311,The Johns Hopkins Hospital,er,2021-10-13,390,160,41.02564102564102
HOSP-5312,The Johns Hopkins Hospital,er,2020-10-31,380,380,100.0
HOSP-5312,The Johns Hopkins Hospital,maternity,,360,220,61.111111111111114
HOSP-5312,The Johns Hopkins Hospital,surgery,2023-01-29,140,120,85.71428571428571
HOSP-5312,The Johns Hopkins Hospital,surgery,2024-05-18,420,90,21.428571428571427
HOSP-5313,The Johns Hopkins Hospital,maternity,,290,40,13.793103448275861
HOSP-5313,The Johns Hopkins Hospital,surgery,2020-10-22,160,250,156.25
HOSP-5314,The Johns Hopkins Hospital,er,2021-10-22,180,330,183.33333333333331
HOSP-5314,The Johns Hopkins Hospital,maternity,2022-12-15,450,360,80.0
HOSP-5314,The Johns Hopkins Hospital,pediatrics,2021-06-23,440,190,43.18181818181818
HOSP-5315,The Johns Hopkins Hospital,pediatrics,2022-08-30,290,180,62.06896551724138
HOSP-5316,The Johns Hopkins Hospital,er,,380,60,15.789473684210526
HOSP-5316,The Johns Hopkins Hospital,icu,2021-07-20,290,270,93.10344827586206
HOSP-5317,The Johns Hopkins Hospital,er,2022-01-20,390,100,25.64102564102564
HOSP-5320,The Johns Hopkins Hospital,surgery,,190,350,184.21052631578948
HOSP-5322,The Johns Hopkins Hospital,er,,500,370,74.0
HOSP-5322,The Johns Hopkins Hospital,icu,,460,170,36.95652173913043
HOSP-5325,The Johns Hopkins Hospital,surgery,,120,280,233.33333333333334
HOSP-5329,The Johns Hopkins Hospital,er,,140,220,157.14285714285714
HOSP-5329,The Johns Hopkins Hospital,maternity,2020-12-17,460,250,54.347826086956516
HOSP-5330,The Johns Hopkins Hospital,surgery,2022-05-20,440,380,86.36363636363636
HOSP-5332,The Johns Hopkins Hospital,er,2020-10-19,480,160,33.33333333333333
HOSP-5332,The Johns Hopkins Hospital,icu,2020-11-13,350,30,8.571428571428571
HOSP-5335,The Johns Hopkins Hospital,er,,280,330,117.85714285714286
HOSP-5335,The Johns Hopkins Hospital,maternity,2023-08-17,310,230,74.19354838709677
HOSP-5336,The Johns Hopkins Hospital,icu,2022-03-26,140,140,100.0
HOSP-5337,The Johns Hopkins Hospital,pediatrics,,210,10,4.761904761904762
HOSP-5338,The Johns Hopkins Hospital,er,2024-04-18,350,70,20.0
HOSP-5338,The Johns Hopkins Hospital,er,,270,70,25.925925925925924
HOSP-5339,The Johns Hopkins Hospital,icu,,240,50,20.833333333333336
HOSP-5340,The Johns Hopkins Hospital,maternity,2022-03-25,230,320,139.1304347826087
HOSP-5341,The Johns Hopkins Hospital,icu,2023-07-30,150,390,260.0
HOSP-5341,The Johns Hopkins Hospital,icu,2024-06-16,290,290,100.0
HOSP-5341,The Johns Hopkins Hospital,maternity,,330,240,72.72727272727273
HOSP-5342,The Johns Hopkins Hospital,surgery,2020-10-27,190,100,52.63157894736842
HOSP-5343,The Johns Hopkins Hospital,icu,,380,50,13.157894736842104
HOSP-5343,The Johns Hopkins Hospital,maternity,2023-11-29,320,30,9.375
HOSP-5343,The Johns Hopkins Hospital,pediatrics,2023-08-17,230,230,100.0
HOSP-5343,The Johns Hopkins Hospital,surgery,2021-04-13,440,30,6.8181818181818175
HOSP-5344,The Johns Hopkins Hospital,pediatrics,,220,400,181.8181818181818
HOSP-5344,The Johns Hopkins Hospital,surgery,2023-03-27,270,230,85.18518518518519
HOSP-5349,The Johns Hopkins Hospital,maternity,,500,360,72.0
HOSP-5349,The Johns Hopkins Hospital,surgery,,180,390,216.66666666666666
HOSP-5352,The Johns Hopkins Hospital,surgery,,180,190,105.55555555555556
HOSP-5353,The Johns Hopkins Hospital,er,2022-11-23,220,150,68.18181818181817
HOSP-5353,The Johns Hopkins Hospital,surgery,,120,180,150.0
HOSP-5354,The Johns Hopkins Hospital,er,,460,0,0.0
HOSP-5354,The Johns Hopkins Hospital,icu,,160,320,200.0
HOSP-5355,The Johns Hopkins Hospital,pediatrics,,380,100,26.31578947368421
HOSP-5355,The Johns Hopkins Hospital,surgery,,260,170,65.38461538461539
HOSP-5356,The Johns Hopkins Hospital,er,2021-02-19,390,30,7.6923076923076925
HOSP-5356,The Johns Hopkins Hospital,surgery,2022-08-30,110,0,0.0
HOSP-5357,The Johns Hopkins Hospital,maternity,,390,120,30.76923076923077
HOSP-5358,The Johns Hopkins Hospital,surgery,,430,400,93.02325581395348
HOSP-5364,The Johns Hopkins Hospital,surgery,2022-12-13,460,370,80.43478260869566
HOSP-5365,The Johns Hopkins Hospital,maternity,,480,260,54.166666666666664
HOSP-5365,The Johns Hopkins Hospital,pediatrics,2023-11-22,280,200,71.42857142857143
HOSP-5367,The Johns Hopkins Hospital,pediatrics,2024-06-21,240,90,37.5
HOSP-5368,The Johns Hopkins Hospital,maternity,2023-09-28,490,290,59.183673469387756
HOSP-5369,The Johns Hopkins Hospital,er,2022-12-17,210,0,0.0
HOSP-5369,The Johns Hopkins Hospital,icu,,110,20,18.181818181818183
HOSP-5372,The Johns Hopkins Hospital,icu,2020-08-26,260,190,73.07692307692307
HOSP-5372,The Johns Hopkins Hospital,pediatrics,2021-08-23,360,350,97.22222222222221
HOSP-5373,The Johns Hopkins Hospital,er,2022-10-22,240,210,87.5
HOSP-5374,The Johns Hopkins Hospital,maternity,2021-04-15,280,70,25.0
HOSP-5374,The Johns Hopkins Hospital,pediatrics,,500,380,76.0
HOSP-5376,The Johns Hopkins Hospital,icu,,500,370,74.0
HOSP-5376,The Johns Hopkins Hospital,maternity,,360,390,108.33333333333333
HOSP-5377,The Johns Hopkins Hospital,surgery,2022-12-30,300,100,33.33333333333333
HOSP-5378,The Johns Hopkins Hospital,er,,480,70,14.583333333333334
HOSP-5378,The Johns Hopkins Hospital,surgery,2023-01-15,270,290,107.40740740740742
HOSP-5379,The Johns Hopkins Hospital,icu,,280,200,71.42857142857143
HOSP-5380,The Johns Hopkins Hospital,icu,,280,10,3.571428571428571
HOSP-5380,The Johns Hopkins Hospital,maternity,2024-01-26,190,200,105.26315789473684
HOSP-5380,The Johns Hopkins Hospital,surgery,2023-05-26,270,30,11.11111111111111
HOSP-5381,The Johns Hopkins Hospital,icu,2023-03-28,290,60,20.689655172413794
HOSP-5381,The Johns Hopkins Hospital,maternity,2024-03-27,340,210,61.76470588235294
HOSP-5381,The Johns Hopkins Hospital,surgery,2021-01-15,430,0,0.0
HOSP-5381,The Johns Hopkins Hospital,surgery,,210,110,52.38095238095239
HOSP-5383,The Johns Hopkins Hospital,maternity,2021-05-30,330,250,75.75757575757575
HOSP-5383,The Johns Hopkins Hospital,pediatrics,,400,250,62.5
HOSP-5384,The Johns Hopkins Hospital,maternity,,370,380,102.7027027027027
HOSP-5384,The Johns Hopkins Hospital,pediatrics,2021-08-19,320,100,31.25
HOSP-5384,The Johns Hopkins Hospital,pediatrics,,410,330,80.48780487804879
HOSP-5385,The Johns Hopkins Hospital,er,2020-10-16,160,150,93.75
HOSP-5385,The Johns Hopkins Hospital,pediatrics,2023-01-16,260,10,3.8461538461538463
HOSP-5385,The Johns Hopkins Hospital,surgery,2024-05-17,120,320,266.66666666666663
HOSP-5387,The Johns Hopkins Hospital,surgery,,170,350,205.88235294117646
HOSP-5388,The Johns Hopkins Hospital,surgery,2023-04-13,120,360,300.0
HOSP-5389,The Johns Hopkins Hospital,surgery,2023-04-22,360,80,22.22222222222222
HOSP-5389,The Johns Hopkins Hospital,surgery,2024-04-14,350,270,77.14285714285715
HOSP-5390,The Johns Hopkins Hospital,pediatrics,2022-11-30,380,210,55.26315789473685
HOSP-5392,The Johns Hopkins Hospital,surgery,,160,0,0.0
HOSP-5393,The Johns Hopkins Hospital,er,2024-01-31,290,400,137.93103448275863
HOSP-5393,The Johns Hopkins Hospital,icu,,500,0,0.0
HOSP-5394,The Johns Hopkins Hospital,er,,260,0,0.0
HOSP-5394,The Johns Hopkins Hospital,icu,,280,90,32.142857142857146
HOSP-5394,The Johns Hopkins Hospital,maternity,,350,0,0.0
HOSP-5395,The Johns Hopkins Hospital,pediatrics,2022-03-17,310,340,109.6774193548387
HOSP-5397,The Johns Hopkins Hospital,surgery,2021-07-25,130,180,138.46153846153845
HOSP-5398,The Johns Hopkins Hospital,surgery,2020-08-19,130,310,238.46153846153845
HOSP-5402,The Johns Hopkins Hospital,maternity,2024-02-21,480,140,29.166666666666668
HOSP-5402,The Johns Hopkins Hospital,pediatrics,,250,130,52.0
HOSP-5403,The Johns Hopkins Hospital,er,,270,60,22.22222222222222
HOSP-5404,The Johns Hopkins Hospital,er,2024-02-28,480,190,39.58333333333333
HOSP-5404,The Johns Hopkins Hospital,pediatrics,,340,110,32.35294117647059
HOSP-5406,The Johns Hopkins Hospital,pediatrics,2021-05-15,360,90,25.0
HOSP-5406,The Johns Hopkins Hospital,surgery,2020-12-13,300,60,20.0
HOSP-5410,The Johns Hopkins Hospital,icu,,190,270,142.10526315789474
HOSP-5410,The Johns Hopkins Hospital,maternity,2024-01-29,320,360,112.5
HOSP-5411,The Johns Hopkins Hospital,er,2023-06-30,500,130,26.0
HOSP-5411,The Johns Hopkins Hospital,surgery,,410,70,17.073170731707318
HOSP-5413,The Johns Hopkins Hospital,er,2022-11-16,160,40,25.0
HOSP-5413,The Johns Hopkins Hospital,er,2023-05-13,460,20,4.3478260869565215
HOSP-5413,The Johns Hopkins Hospital,surgery,2021-05-13,120,80,66.66666666666666
HOSP-5414,The Johns Hopkins Hospital,icu,2021-07-25,290,70,24.137931034482758
HOSP-5414,The Johns Hopkins Hospital,maternity,2022-05-31,180,0,0.0
HOSP-5414,The Johns Hopkins Hospital,surgery,2023-04-26,430,10,2.3255813953488373
HOSP-5416,The Johns Hopkins Hospital,maternity,2020-11-13,340,160,47.05882352941176
HOSP-5416,The Johns Hopkins Hospital,surgery,,160,400,250.0
HOSP-5417,The Johns Hopkins Hospital,pediatrics,,120,390,325.0
HOSP-5418,The Johns Hopkins Hospital,er,,450,270,60.0
HOSP-5418,The Johns Hopkins Hospital,maternity,,470,390,82.97872340425532
HOSP-5420,The Johns Hopkins Hospital,icu,2020-07-25,190,50,26.31578947368421
HOSP-5420,The Johns Hopkins Hospital,maternity,2020-08-26,200,270,135.0
HOSP-5421,The Johns Hopkins Hospital,icu,2021-01-24,350,150,42.857142857142854
HOSP-5422,The Johns Hopkins Hospital,er,2021-10-20,150,300,200.0
HOSP-5422,The Johns Hopkins Hospital,er,2022-02-25,260,340,130.76923076923077
HOSP-5424,The Johns Hopkins Hospital,maternity,2021-06-19,130,350,269.2307692307692
HOSP-5424,The Johns Hopkins Hospital,surgery,2023-03-23,210,30,14.285714285714285
HOSP-5425,The Johns Hopkins Hospital,icu,2024-03-15,260,60,23.076923076923077
HOSP-5425,The Johns Hopkins Hospital,maternity,2021-03-13,390,140,35.8974358974359
HOSP-5425,The Johns Hopkins Hospital,maternity,,200,110,55.00000000000001
HOSP-5426,The Johns Hopkins Hospital,maternity,,380,20,5.263157894736842
HOSP-5426,The Johns Hopkins Hospital,pediatrics,2021-04-29,480,270,56.25
HOSP-5427,The Johns Hopkins Hospital,icu,2022-10-24,120,220,183.33333333333331
HOSP-5429,The Johns Hopkins Hospital,icu,,450,130,28.888888888888886
HOSP-5429,The Johns Hopkins Hospital,pediatrics,,340,370,108.8235294117647
HOSP-5429,The Johns Hopkins Hospital,surgery,2020-11-13,190,130,68.42105263157895
HOSP-5429,The Johns Hopkins Hospital,surgery,2022-01-28,260,20,7.6923076923076925
HOSP-5430,The Johns Hopkins Hospital,er,2021-05-30,250,140,56.00000000000001
HOSP-5430,The Johns Hopkins Hospital,surgery,,390,80,20.51282051282051
HOSP-5431,The Johns Hopkins Hospital,surgery,2021-07-21,170,280,164.70588235294116
HOSP-5432,The Johns Hopkins Hospital,er,2021-05-31,430,10,2.3255813953488373
HOSP-5432,The Johns Hopkins Hospital,er,2022-01-14,200,130,65.0
HOSP-5432,The Johns Hopkins Hospital,surgery,2024-02-14,110,80,72.72727272727273
HOSP-5433,The Johns Hopkins Hospital,surgery,2020-09-17,260,210,80.76923076923077
HOSP-5433,The Johns Hopkins Hospital,surgery,,410,310,75.60975609756098
HOSP-5434,The Johns Hopkins Hospital,icu,,470,210,44.680851063829785
HOSP-5434,The Johns Hopkins Hospital,surgery,2022-01-13,400,200,50.0
HOSP-5435,The Johns Hopkins Hospital,maternity,2022-01-18,200,290,145.0
HOSP-5436,The Johns Hopkins Hospital,er,2023-09-28,210,270,128.57142857142858
HOSP-5438,The Johns Hopkins Hospital,maternity,,480,180,37.5
HOSP-5438,The Johns Hopkins Hospital,surgery,,490,400,81.63265306122449
HOSP-5439,The Johns Hopkins Hospital,pediatrics,2024-05-16,230,280,121.73913043478262
HOSP-5441,The Johns Hopkins Hospital,pediatrics,2023-11-14,450,110,24.444444444444443
HOSP-5441,The Johns Hopkins Hospital,surgery,2021-11-21,480,400,83.33333333333334
HOSP-5443,The Johns Hopkins Hospital,pediatrics,2021-07-29,370,40,10.81081081081081
HOSP-5444,The Johns Hopkins Hospital,maternity,2023-09-14,260,40,15.384615384615385
HOSP-5444,The Johns Hopkins Hospital,surgery,2021-07-23,430,380,88.37209302325581
HOSP-5445,The Johns Hopkins Hospital,pediatrics,2021-11-21,400,90,22.5
HOSP-5445,The Johns Hopkins Hospital,surgery,2021-12-31,280,290,103.57142857142858
HOSP-5448,The Johns Hopkins Hospital,er,2023-06-21,350,30,8.571428571428571
HOSP-5450,The Johns Hopkins Hospital,maternity,2020-08-19,180,170,94.44444444444444
HOSP-5450,The Johns Hopkins Hospital,surgery,2023-09-22,210,260,123.80952380952381
HOSP-5451,The Johns Hopkins Hospital,er,,380,10,2.631578947368421
HOSP-5452,The Johns Hopkins Hospital,pediatrics,2023-11-19,500,80,16.0
HOSP-5452,The Johns Hopkins Hospital,pediatrics,,380,290,76.31578947368422
HOSP-5453,The Johns Hopkins Hospital,maternity,2023-12-21,260,200,76.92307692307693
HOSP-5453,The Johns Hopkins Hospital,surgery,2022-08-25,380,90,23.684210526315788
HOSP-5454,The Johns Hopkins Hospital,pediatrics,,150,340,226.66666666666666
HOSP-5455,The Johns Hopkins Hospital,surgery,2023-04-17,500,250,50.0
HOSP-5456,The Johns Hopkins Hospital,er,2020-10-30,460,300,65.21739130434783
HOSP-5456,The Johns Hopkins Hospital,pediatrics,2023-11-18,100,340,340.0
HOSP-5457,The Johns Hopkins Hospital,surgery,,100,170,170.0
HOSP-5458,The Johns Hopkins Hospital,er,,130,400,307.69230769230774
HOSP-5458,The Johns Hopkins Hospital,surgery,,170,250,147.05882352941177
HOSP-5459,The Johns Hopkins Hospital,er,2020-12-21,270,190,70.37037037037037
HOSP-5461,The Johns Hopkins Hospital,er,2022-02-27,180,200,111.11111111111111
HOSP-5462,The Johns Hopkins Hospital,maternity,,350,320,91.42857142857143
HOSP-5463,The Johns Hopkins Hospital,er,2023-03-28,440,190,43.18181818181818
HOSP-5464,The Johns Hopkins Hospital,icu,,180,320,177.77777777777777
HOSP-5464,The Johns Hopkins Hospital,maternity,2022-08-18,420,400,95.23809523809523
HOSP-5465,The Johns Hopkins Hospital,icu,,420,310,73.80952380952381
HOSP-5465,The Johns Hopkins Hospital,pediatrics,,190,30,15.789473684210526
HOSP-5467,The Johns Hopkins Hospital,maternity,2024-01-22,300,0,0.0
HOSP-5467,The Johns Hopkins Hospital,pediatrics,2024-01-18,500,30,6.0
HOSP-5470,The Johns Hopkins Hospital,pediatrics,2020-11-20,460,10,2.1739130434782608
HOSP-5471,The Johns Hopkins Hospital,er,2022-12-31,320,180,56.25
HOSP-5471,The Johns Hopkins Hospital,icu,2022-10-17,140,230,164.28571428571428
HOSP-5474,The Johns Hopkins Hospital,icu,2021-07-21,450,320,71.11111111111111
HOSP-5474,The Johns Hopkins Hospital,pediatrics,2024-06-13,200,250,125.0
HOSP-5475,The Johns Hopkins Hospital,surgery,,470,100,21.27659574468085
HOSP-5477,The Johns Hopkins Hospital,er,,430,360,83.72093023255815
HOSP-5477,The Johns Hopkins Hospital,icu,2022-02-15,450,30,6.666666666666667
HOSP-5477,The Johns Hopkins Hospital,surgery,2020-09-29,250,380,152.0
HOSP-5479,The Johns Hopkins Hospital,er,,340,120,35.294117647058826
HOSP-5481,The Johns Hopkins Hospital,icu,2021-01-30,250,200,80.0
HOSP-5482,The Johns Hopkins Hospital,er,2021-11-13,170,390,229.41176470588235
HOSP-5482,The Johns Hopkins Hospital,icu,,440,160,36.36363636363637
HOSP-5482,The Johns Hopkins Hospital,maternity,,170,90,52.94117647058824
HOSP-5484,The Johns Hopkins Hospital,er,2023-04-27,410,400,97.5609756097561
HOSP-5486,The Johns Hopkins Hospital,er,2024-04-19,330,290,87.87878787878788
HOSP-5486,The Johns Hopkins Hospital,maternity,2021-12-26,210,390,185.71428571428572
HOSP-5486,The Johns Hopkins Hospital,pediatrics,2023-02-16,310,180,58.06451612903226
HOSP-5487,The Johns Hopkins Hospital,pediatrics,2023-06-18,180,220,122.22222222222223
HOSP-5488,The Johns Hopkins Hospital,er,2020-08-26,340,360,105.88235294117648
HOSP-5489,The Johns Hopkins Hospital,icu,,430,210,48.837209302325576
HOSP-5489,The Johns Hopkins Hospital,surgery,2021-08-25,250,100,40.0
HOSP-5489,The Johns Hopkins Hospital,surgery,2023-04-20,330,400,121.21212121212122
HOSP-5490,The Johns Hopkins Hospital,er,2023-11-22,290,400,137.93103448275863
HOSP-5491,The Johns Hopkins Hospital,pediatrics,2024-05-24,270,220,81.48148148148148
HOSP-5494,The Johns Hopkins Hospital,icu,,310,20,6.451612903225806
HOSP-5494,The Johns Hopkins Hospital,surgery,,370,330,89.1891891891892
HOSP-5496,The Johns Hopkins Hospital,maternity,2024-04-17,200,180,90.0
HOSP-5497,The Johns Hopkins Hospital,surgery,,270,40,14.814814814814813
HOSP-5499,The Johns Hopkins Hospital,er,,220,260,118.18181818181819
HOSP-5500,The Johns Hopkins Hospital,surgery,,340,20,5.88235294117647
HOSP-5501,The Johns Hopkins Hospital,pediatrics,2023-10-20,190,380,200.0
HOSP-5503,The Johns Hopkins Hospital,pediatrics,,440,210,47.72727272727273
HOSP-5505,The Johns Hopkins Hospital,icu,2020-12-19,380,270,71.05263157894737
HOSP-5505,The Johns Hopkins Hospital,pediatrics,2021-09-26,360,170,47.22222222222222
HOSP-5507,The Johns Hopkins Hospital,er,2023-07-29,230,140,60.86956521739131
HOSP-5508,The Johns Hopkins Hospital,icu,2023-05-15,440,370,84.0909090909091
HOSP-5509,The Johns Hopkins Hospital,maternity,2023-08-21,410,150,36.58536585365854
HOSP-5511,The Johns Hopkins Hospital,maternity,2022-08-29,470,170,36.17021276595745
HOSP-5512,The Johns Hopkins Hospital,pediatrics,,120,90,75.0
HOSP-5514,The Johns Hopkins Hospital,pediatrics,,350,270,77.14285714285715
HOSP-5515,The Johns Hopkins Hospital,er,,400,330,82.5
HOSP-5515,The Johns Hopkins Hospital,surgery,2023-02-24,270,120,44.44444444444444
HOSP-5516,The Johns Hopkins Hospital,pediatrics,2021-01-17,490,100,20.408163265306122
HOSP-5517,The Johns Hopkins Hospital,maternity,2020-08-24,190,110,57.89473684210527
HOSP-5517,The Johns Hopkins Hospital,maternity,2021-07-13,250,160,64.0
HOSP-5517,The Johns Hopkins Hospital,maternity,2021-09-25,350,0,0.0
HOSP-5517,The Johns Hopkins Hospital,pediatrics,2023-05-23,100,70,70.0
HOSP-5517,The Johns Hopkins Hospital,surgery,,500,110,22.0
HOSP-5518,The Johns Hopkins Hospital,maternity,,150,150,100.0
HOSP-5518,The Johns Hopkins Hospital,pediatrics,2022-10-24,370,130,35.13513513513514
HOSP-5519,The Johns Hopkins Hospital,surgery,,210,230,109.52380952380953
HOSP-5520,The Johns Hopkins Hospital,icu,,370,50,13.513513513513514
HOSP-5520,The Johns Hopkins Hospital,maternity,2020-08-28,440,130,29.545454545454547
HOSP-5524,The Johns Hopkins Hospital,pediatrics,2022-07-20,350,120,34.285714285714285
HOSP-5525,The Johns Hopkins Hospital,er,,280,0,0.0
HOSP-5525,The Johns Hopkins Hospital,icu,2022-08-23,360,180,50.0
HOSP-5527,The Johns Hopkins Hospital,icu,2024-05-13,400,50,12.5
HOSP-5528,The Johns Hopkins Hospital,er,2022-05-27,120,60,50.0
HOSP-5528,The Johns Hopkins Hospital,icu,,390,90,23.076923076923077
HOSP-5529,The Johns Hopkins Hospital,icu,2021-03-30,260,40,15.384615384615385
HOSP-5529,The Johns Hopkins Hospital,maternity,,350,70,20.0
HOSP-5530,The Johns Hopkins Hospital,pediatrics,,290,260,89.65517241379311
HOSP-5533,The Johns Hopkins Hospital,er,2020-11-13,230,150,65.21739130434783
HOSP-5534,The Johns Hopkins Hospital,er,2020-10-18,470,380,80.85106382978722
HOSP-5534,The Johns Hopkins Hospital,icu,2022-09-26,320,310,96.875
HOSP-5535,The Johns Hopkins Hospital,pediatrics,2021-04-21,400,50,12.5
HOSP-5535,The Johns Hopkins Hospital,surgery,,230,290,126.08695652173914
HOSP-5537,The Johns Hopkins Hospital,icu,,360,130,36.11111111111111
HOSP-5541,The Johns Hopkins Hospital,pediatrics,2024-03-26,390,20,5.128205128205128
HOSP-5541,The Johns Hopkins Hospital,surgery,2024-03-20,440,10,2.272727272727273
HOSP-5542,The Johns Hopkins Hospital,pediatrics,2022-10-22,360,70,19.444444444444446
HOSP-5544,The Johns Hopkins Hospital,er,2021-05-30,380,380,100.0
HOSP-5546,The Johns Hopkins Hospital,maternity,2023-09-19,330,180,54.54545454545454
HOSP-5546,The Johns Hopkins Hospital,surgery,,260,90,34.61538461538461
HOSP-5547,The Johns Hopkins Hospital,surgery,2022-12-25,100,380,380.0
HOSP-5547,The Johns Hopkins Hospital,surgery,,280,350,125.0
HOSP-5548,The Johns Hopkins Hospital,er,2024-05-17,250,390,156.0
HOSP-5548,The Johns Hopkins Hospital,surgery,,260,100,38.46153846153847
HOSP-5549,The Johns Hopkins Hospital,pediatrics,,190,210,110.5263157894737
HOSP-5551,The Johns Hopkins Hospital,pediatrics,,240,400,166.66666666666669
HOSP-5554,The Johns Hopkins Hospital,maternity,2024-02-16,290,350,120.6896551724138
HOSP-5554,The Johns Hopkins Hospital,surgery,2023-01-24,390,140,35.8974358974359
HOSP-5555,The Johns Hopkins Hospital,maternity,,200,110,55.00000000000001
HOSP-5557,The Johns Hopkins Hospital,er,2023-07-24,390,290,74.35897435897436
HOSP-5557,The Johns Hopkins Hospital,maternity,,190,120,63.1578947368421
HOSP-5558,The Johns Hopkins Hospital,surgery,2021-10-14,310,320,103.2258064516129
HOSP-5558,The Johns Hopkins Hospital,surgery,2021-11-24,210,360,171.42857142857142
HOSP-5559,The Johns Hopkins Hospital,icu,2022-12-20,160,250,156.25
HOSP-5561,The Johns Hopkins Hospital,maternity,2023-10-30,460,300,65.21739130434783
HOSP-5561,The Johns Hopkins Hospital,pediatrics,,220,80,36.36363636363637
HOSP-5562,The Johns Hopkins Hospital,er,2023-07-13,180,10,5.555555555555555
HOSP-5562,The Johns Hopkins Hospital,er,,150,80,53.333333333333336
HOSP-5563,The Johns Hopkins Hospital,icu,2024-02-14,210,20,9.523809523809524
HOSP-5563,The Johns Hopkins Hospital,pediatrics,,470,220,46.808510638297875
HOSP-5563,The Johns Hopkins Hospital,surgery,2023-08-29,370,280,75.67567567567568
HOSP-5565,The Johns Hopkins Hospital,pediatrics,2023-08-20,420,270,64.28571428571429
HOSP-5566,The Johns Hopkins Hospital,icu,,490,140,28.57142857142857
HOSP-5567,The Johns Hopkins Hospital,er,2021-06-16,210,320,152.38095238095238
HOSP-5567,The Johns Hopkins Hospital,maternity,,130,70,53.84615384615385
HOSP-5569,The Johns Hopkins Hospital,er,2024-02-19,210,150,71.42857142857143
HOSP-5570,The Johns Hopkins Hospital,icu,,480,300,62.5
HOSP-5571,The Johns Hopkins Hospital,pediatrics,2021-04-30,440,20,4.545454545454546
HOSP-5572,The Johns Hopkins Hospital,icu,,430,210,48.837209302325576
HOSP-5572,The Johns Hopkins Hospital,surgery,2022-04-19,360,130,36.11111111111111
HOSP-5573,The Johns Hopkins Hospital,er,2021-01-18,110,0,0.0
HOSP-5573,The Johns Hopkins Hospital,surgery,,300,140,46.666666666666664
HOSP-5574,The Johns Hopkins Hospital,pediatrics,,120,400,333.33333333333337
HOSP-5576,The Johns Hopkins Hospital,pediatrics,,140,150,107.14285714285714
HOSP-5576,The Johns Hopkins Hospital,surgery,2022-12-14,300,60,20.0
HOSP-5577,The Johns Hopkins Hospital,surgery,,370,190,51.35135135135135
HOSP-5578,The Johns Hopkins Hospital,er,2022-10-27,130,290,223.0769230769231
HOSP-5578,The Johns Hopkins Hospital,pediatrics,2022-12-15,370,110,29.72972972972973
HOSP-5579,The Johns Hopkins Hospital,maternity,2022-12-24,160,400,250.0
HOSP-5579,The Johns Hopkins Hospital,pediatrics,,190,120,63.1578947368421
HOSP-5581,The Johns Hopkins Hospital,er,2022-05-27,180,250,138.88888888888889
HOSP-5581,The Johns Hopkins Hospital,maternity,2023-08-23,440,120,27.27272727272727
HOSP-5581,The Johns Hopkins Hospital,surgery,2021-09-19,120,90,75.0
HOSP-5581,The Johns Hopkins Hospital,surgery,2024-06-14,160,120,75.0
HOSP-5584,The Johns Hopkins Hospital,pediatrics,,460,60,13.043478260869565
HOSP-5587,The Johns Hopkins Hospital,surgery,,480,0,0.0
HOSP-5588,The Johns Hopkins Hospital,maternity,2024-05-27,350,20,5.714285714285714
HOSP-5589,The Johns Hopkins Hospital,er,,170,400,235.29411764705884
HOSP-5589,The Johns Hopkins Hospital,surgery,,170,90,52.94117647058824
HOSP-5591,The Johns Hopkins Hospital,er,,340,310,91.17647058823529
HOSP-5593,The Johns Hopkins Hospital,pediatrics,2023-08-28,170,250,147.05882352941177
HOSP-5595,The Johns Hopkins Hospital,er,2022-10-30,460,80,17.391304347826086
HOSP-5595,The Johns Hopkins Hospital,surgery,2023-10-24,340,190,55.88235294117647
HOSP-5597,The Johns Hopkins Hospital,surgery,2022-09-28,480,160,33.33333333333333
HOSP-5598,The Johns Hopkins Hospital,surgery,,430,320,74.4186046511628
HOSP-5599,The Johns Hopkins Hospital,er,2020-10-22,250,60,24.0
HOSP-5599,The Johns Hopkins Hospital,icu,2024-02-18,450,120,26.666666666666668
HOSP-5599,The Johns Hopkins Hospital,maternity,2021-09-28,420,30,7.142857142857142
HOSP-5600,The Johns Hopkins Hospital,er,2021-03-27,240,130,54.166666666666664
HOSP-5601,The Johns Hopkins Hospital,maternity,,460,370,80.43478260869566
HOSP-5601,The Johns Hopkins Hospital,surgery,2021-03-20,490,260,53.06122448979592
HOSP-5602,The Johns Hopkins Hospital,icu,,160,350,218.75
HOSP-5604,The Johns Hopkins Hospital,icu,,100,170,170.0
HOSP-5605,The Johns Hopkins Hospital,er,2024-02-23,130,380,292.30769230769226
HOSP-5605,The Johns Hopkins Hospital,icu,,270,370,137.03703703703704
HOSP-5606,The Johns Hopkins Hospital,icu,2022-01-16,170,210,123.52941176470588
HOSP-5606,The Johns Hopkins Hospital,maternity,2024-03-17,150,30,20.0
HOSP-5606,The Johns Hopkins Hospital,surgery,2021-08-28,160,380,237.5
HOSP-5607,The Johns Hopkins Hospital,icu,,290,140,48.275862068965516
HOSP-5607,The Johns Hopkins Hospital,maternity,2021-06-14,470,140,29.78723404255319
HOSP-5609,The Johns Hopkins Hospital,er,2021-05-17,190,210,110.5263157894737
HOSP-5609,The Johns Hopkins Hospital,icu,,270,90,33.33333333333333
HOSP-5610,The Johns Hopkins Hospital,maternity,,480,300,62.5
HOSP-5610,The Johns Hopkins Hospital,pediatrics,2021-12-30,230,330,143.47826086956522
HOSP-5612,The Johns Hopkins Hospital,pediatrics,,260,180,69.23076923076923
HOSP-5613,The Johns Hopkins Hospital,maternity,2024-03-30,200,380,190.0
HOSP-5614,The Johns Hopkins Hospital,icu,,330,120,36.36363636363637
HOSP-5614,The Johns Hopkins Hospital,pediatrics,2021-01-27,180,120,66.66666666666666
HOSP-5616,The Johns Hopkins Hospital,surgery,,380,110,28.947368421052634
HOSP-5617,The Johns Hopkins Hospital,er,2021-11-15,180,210,116.66666666666667
HOSP-5617,The Johns Hopkins Hospital,er,2022-02-22,470,100,21.27659574468085
HOSP-5617,The Johns Hopkins Hospital,pediatrics,2022-09-16,440,0,0.0
HOSP-5620,The Johns Hopkins Hospital,icu,2023-01-17,260,190,73.07692307692307
HOSP-5621,The Johns Hopkins Hospital,icu,2022-11-24,280,120,42.857142857142854
HOSP-5621,The Johns Hopkins Hospital,maternity,2021-12-15,290,190,65.51724137931035
HOSP-5622,The Johns Hopkins Hospital,surgery,,480,380,79.16666666666666
HOSP-5624,The Johns Hopkins Hospital,maternity,,360,130,36.11111111111111
HOSP-5626,The Johns Hopkins Hospital,er,2023-01-22,450,370,82.22222222222221
HOSP-5626,The Johns Hopkins Hospital,pediatrics,2022-07-20,120,120,100.0
HOSP-5626,The Johns Hopkins Hospital,surgery,,330,180,54.54545454545454
HOSP-5627,The Johns Hopkins Hospital,surgery,2022-10-23,250,20,8.0
HOSP-5629,The Johns Hopkins Hospital,er,,310,110,35.483870967741936
HOSP-5629,The Johns Hopkins Hospital,pediatrics,2023-02-18,280,60,21.428571428571427
HOSP-5630,The Johns Hopkins Hospital,maternity,2022-08-15,490,330,67.3469387755102
HOSP-5630,The Johns Hopkins Hospital,maternity,,450,70,15.555555555555555
HOSP-5631,The Johns Hopkins Hospital,icu,2021-11-26,410,230,56.09756097560976
HOSP-5631,The Johns Hopkins Hospital,icu,2024-01-24,150,220,146.66666666666666
HOSP-5632,The Johns Hopkins Hospital,surgery,2020-09-23,180,0,0.0
HOSP-5632,The Johns Hopkins Hospital,surgery,2024-07-22,120,320,266.66666666666663
HOSP-5633,The Johns Hopkins Hospital,er,,370,250,67.56756756756756
HOSP-5633,The Johns Hopkins Hospital,icu,,210,30,14.285714285714285
HOSP-5635,The Johns Hopkins Hospital,maternity,2024-05-21,350,310,88.57142857142857
HOSP-5637,The Johns Hopkins Hospital,icu,2024-06-18,110,220,200.0
HOSP-5637,The Johns Hopkins Hospital,surgery,2021-02-17,490,170,34.69387755102041
HOSP-5637,The Johns Hopkins Hospital,surgery,2021-12-22,170,130,76.47058823529412
HOSP-5638,The Johns Hopkins Hospital,icu,2023-05-23,400,230,57.49999999999999
HOSP-5638,The Johns Hopkins Hospital,pediatrics,,410,60,14.634146341463413
HOSP-5639,The Johns Hopkins Hospital,pediatrics,2021-03-20,180,120,66.66666666666666
HOSP-5639,The Johns Hopkins Hospital,pediatrics,2023-12-28,180,170,94.44444444444444
HOSP-5641,The Johns Hopkins Hospital,icu,2020-12-25,210,70,33.33333333333333
HOSP-5641,The Johns Hopkins Hospital,surgery,,480,280,58.333333333333336
HOSP-5642,The Johns Hopkins Hospital,icu,,120,220,183.33333333333331
HOSP-5642,The Johns Hopkins Hospital,maternity,2022-01-28,260,360,138.46153846153845
HOSP-5642,The Johns Hopkins Hospital,maternity,,250,280,112.00000000000001
HOSP-5643,The Johns Hopkins Hospital,icu,2023-10-28,260,360,138.46153846153845
HOSP-5644,The Johns Hopkins Hospital,maternity,,120,310,258.33333333333337
HOSP-5645,The Johns Hopkins Hospital,er,,380,130,34.21052631578947
HOSP-5645,The Johns Hopkins Hospital,surgery,2023-11-13,300,0,0.0
HOSP-5647,The Johns Hopkins Hospital,surgery,2023-11-19,130,40,30.76923076923077
HOSP-5648,The Johns Hopkins Hospital,er,,260,150,57.692307692307686
HOSP-5648,The Johns Hopkins Hospital,maternity,2023-03-25,380,330,86.8421052631579
HOSP-5651,The Johns Hopkins Hospital,er,2020-08-16,410,110,26.82926829268293
HOSP-5651,The Johns Hopkins Hospital,er,,440,130,29.545454545454547
HOSP-5651,The Johns Hopkins Hospital,icu,2024-01-14,270,240,88.88888888888889
HOSP-5651,The Johns Hopkins Hospital,surgery,2020-10-21,350,160,45.714285714285715
HOSP-5654,The Johns Hopkins Hospital,maternity,,450,330,73.33333333333333
HOSP-5657,The Johns Hopkins Hospital,er,2024-06-27,450,90,20.0
HOSP-5657,The Johns Hopkins Hospital,icu,2023-08-13,260,10,3.8461538461538463
HOSP-5657,The Johns Hopkins Hospital,maternity,2022-06-19,370,0,0.0
HOSP-5658,The Johns Hopkins Hospital,icu,2020-11-24,500,0,0.0
HOSP-5658,The Johns Hopkins Hospital,pediatrics,2024-04-17,170,260,152.94117647058823
HOSP-5659,The Johns Hopkins Hospital,surgery,,390,0,0.0
HOSP-5660,The Johns Hopkins Hospital,surgery,,340,280,82.35294117647058
HOSP-5661,The Johns Hopkins Hospital,icu,2021-06-18,320,400,125.0
HOSP-5661,The Johns Hopkins Hospital,surgery,2024-06-13,370,210,56.75675675675676
HOSP-5662,The Johns Hopkins Hospital,maternity,2021-09-22,240,340,141.66666666666669
HOSP-5663,The Johns Hopkins Hospital,maternity,2024-05-26,200,210,105.0
HOSP-5664,The Johns Hopkins Hospital,icu,2021-01-24,220,40,18.181818181818183
HOSP-5665,The Johns Hopkins Hospital,icu,,350,310,88.57142857142857
HOSP-5665,The Johns Hopkins Hospital,pediatrics,,410,80,19.51219512195122
HOSP-5666,The Johns Hopkins Hospital,maternity,,120,340,283.33333333333337
HOSP-5667,The Johns Hopkins Hospital,er,,280,380,135.71428571428572
HOSP-5669,The Johns Hopkins Hospital,pediatrics,2023-02-27,210,50,23.809523809523807
HOSP-5670,The Johns Hopkins Hospital,maternity,2024-05-18,380,240,63.1578947368421
HOSP-5670,The Johns Hopkins Hospital,surgery,,280,360,128.57142857142858
HOSP-5671,The Johns Hopkins Hospital,surgery,2021-06-13,260,150,57.692307692307686
HOSP-5672,The Johns Hopkins Hospital,surgery,2022-08-31,300,290,96.66666666666667
HOSP-5672,The Johns Hopkins Hospital,surgery,,480,120,25.0
HOSP-5674,The Johns Hopkins Hospital,er,,290,70,24.137931034482758
HOSP-5674,The Johns Hopkins Hospital,icu,2022-09-13,150,240,160.0
HOSP-5675,The Johns Hopkins Hospital,pediatrics,2021-10-26,490,190,38.775510204081634
HOSP-5676,The Johns Hopkins Hospital,maternity,,270,170,62.96296296296296
HOSP-5678,The Johns Hopkins Hospital,er,2022-09-28,460,150,32.608695652173914
HOSP-5678,The Johns Hopkins Hospital,maternity,2020-10-17,130,230,176.9230769230769
HOSP-5678,The Johns Hopkins Hospital,pediatrics,,360,290,80.55555555555556
HOSP-5680,The Johns Hopkins Hospital,er,,170,330,194.11764705882354
HOSP-5680,The Johns Hopkins Hospital,icu,2023-05-24,310,280,90.32258064516128
HOSP-5682,The Johns Hopkins Hospital,er,,420,230,54.761904761904766
HOSP-5682,The Johns Hopkins Hospital,icu,,220,310,140.9090909090909
HOSP-5683,The Johns Hopkins Hospital,pediatrics,2021-08-13,120,80,66.66666666666666
HOSP-5684,The Johns Hopkins Hospital,pediatrics,2023-06-23,180,90,50.0
HOSP-5685,The Johns Hopkins Hospital,surgery,2023-07-14,470,270,57.446808510638306
HOSP-5686,The Johns Hopkins Hospital,maternity,2024-05-16,490,120,24.489795918367346
HOSP-5686,The Johns Hopkins Hospital,maternity,2024-06-21,430,240,55.81395348837209
HOSP-5687,The Johns Hopkins Hospital,er,,370,170,45.94594594594595
HOSP-5689,The Johns Hopkins Hospital,er,2021-06-29,240,50,20.833333333333336
HOSP-5690,The Johns Hopkins Hospital,maternity,,280,290,103.57142857142858
HOSP-5691,The Johns Hopkins Hospital,pediatrics,,140,160,114.28571428571428
HOSP-5693,The Johns Hopkins Hospital,icu,,420,360,85.71428571428571
HOSP-5693,The Johns Hopkins Hospital,pediatrics,,310,70,22.58064516129032
HOSP-5693,The Johns Hopkins Hospital,surgery,,280,270,96.42857142857143
HOSP-5694,The Johns Hopkins Hospital,pediatrics,2023-06-18,150,360,240.0
HOSP-5694,The Johns Hopkins Hospital,pediatrics,,270,270,100.0
HOSP-5694,The Johns Hopkins Hospital,surgery,2020-08-15,150,230,153.33333333333334
HOSP-5694,The Johns Hopkins Hospital,surgery,,240,60,25.0
HOSP-5695,The Johns Hopkins Hospital,er,,390,280,71.7948717948718
HOSP-5696,The Johns Hopkins Hospital,er,,370,240,64.86486486486487
HOSP-5696,The Johns Hopkins Hospital,icu,2022-01-18,140,260,185.71428571428572
HOSP-5697,The Johns Hopkins Hospital,pediatrics,2021-12-19,470,10,2.127659574468085
HOSP-5698,The Johns Hopkins Hospital,maternity,2023-06-20,150,60,40.0
HOSP-5699,The Johns Hopkins Hospital,maternity,,360,170,47.22222222222222
HOSP-5702,The Johns Hopkins Hospital,surgery,2021-11-16,450,10,2.2222222222222223
HOSP-5703,The Johns Hopkins Hospital,icu,,420,0,0.0
HOSP-5705,The Johns Hopkins Hospital,maternity,,220,340,154.54545454545453
HOSP-5706,The Johns Hopkins Hospital,er,,300,10,3.3333333333333335
HOSP-5706,The Johns Hopkins Hospital,pediatrics,,100,70,70.0
HOSP-5707,The Johns Hopkins Hospital,maternity,2021-10-30,190,160,84.21052631578947
HOSP-5707,The Johns Hopkins Hospital,maternity,,230,190,82.6086956521739
HOSP-5708,The Johns Hopkins Hospital,er,,380,340,89.47368421052632
HOSP-5709,The Johns Hopkins Hospital,er,2021-10-30,480,180,37.5
HOSP-5711,The Johns Hopkins Hospital,icu,,350,350,100.0
HOSP-5711,The Johns Hopkins Hospital,pediatrics,2020-10-29,170,40,23.52941176470588
HOSP-5713,The Johns Hopkins Hospital,er,2021-03-15,240,300,125.0
HOSP-5716,The Johns Hopkins Hospital,maternity,,200,350,175.0
HOSP-5716,The Johns Hopkins Hospital,pediatrics,2024-06-27,110,180,163.63636363636365
HOSP-5717,The Johns Hopkins Hospital,pediatrics,2020-10-15,460,0,0.0
HOSP-5718,The Johns Hopkins Hospital,icu,2023-04-13,380,10,2.631578947368421
HOSP-5718,The Johns Hopkins Hospital,surgery,,490,290,59.183673469387756
HOSP-5719,The Johns Hopkins Hospital,er,2024-06-28,430,90,20.930232558139537
HOSP-5720,The Johns Hopkins Hospital,maternity,2023-12-27,250,360,144.0
HOSP-5721,The Johns Hopkins Hospital,er,,100,130,130.0
HOSP-5722,The Johns Hopkins Hospital,maternity,2022-09-19,450,0,0.0
HOSP-5723,The Johns Hopkins Hospital,surgery,,160,230,143.75
HOSP-5724,The Johns Hopkins Hospital,icu,,160,330,206.25
HOSP-5724,The Johns Hopkins Hospital,pediatrics,2021-12-25,110,330,300.0
HOSP-5724,The Johns Hopkins Hospital,pediatrics,,500,250,50.0
HOSP-5725,The Johns Hopkins Hospital,surgery,2021-03-19,460,50,10.869565217391305
HOSP-5726,The Johns Hopkins Hospital,er,2022-12-31,470,50,10.638297872340425
HOSP-5726,The Johns Hopkins Hospital,surgery,2020-09-18,240,230,95.83333333333334
HOSP-5727,The Johns Hopkins Hospital,icu,,180,390,216.66666666666666
HOSP-5728,The Johns Hopkins Hospital,surgery,2022-08-27,240,400,166.66666666666669
HOSP-5728,The Johns Hopkins Hospital,surgery,2024-04-30,250,250,100.0
HOSP-5730,The Johns Hopkins Hospital,er,,500,180,36.0
HOSP-5731,The Johns Hopkins Hospital,maternity,2020-12-22,210,320,152.38095238095238
HOSP-5732,The Johns Hopkins Hospital,surgery,2024-06-26,450,320,71.11111111111111
HOSP-5734,The Johns Hopkins Hospital,pediatrics,2024-01-21,290,270,93.10344827586206
HOSP-5735,The Johns Hopkins Hospital,maternity,2024-03-28,370,240,64.86486486486487
HOSP-5737,The Johns Hopkins Hospital,er,2020-10-26,360,110,30.555555555555557
HOSP-5738,The Johns Hopkins Hospital,surgery,,490,390,79.59183673469387
HOSP-5742,The Johns Hopkins Hospital,surgery,,330,320,96.96969696969697
HOSP-5743,The Johns Hopkins Hospital,pediatrics,2023-12-22,150,380,253.33333333333331
HOSP-5745,The Johns Hopkins Hospital,maternity,2020-07-26,240,300,125.0
HOSP-5745,The Johns Hopkins Hospital,pediatrics,2023-05-17,190,30,15.789473684210526
HOSP-5747,The Johns Hopkins Hospital,icu,2022-09-25,270,100,37.03703703703704
HOSP-5747,The Johns Hopkins Hospital,surgery,2024-04-22,380,370,97.36842105263158
HOSP-5748,The Johns Hopkins Hospital,er,2021-01-25,100,320,320.0
HOSP-5748,The Johns Hopkins Hospital,pediatrics,,200,320,160.0
HOSP-5750,The Johns Hopkins Hospital,icu,,230,40,17.391304347826086
HOSP-5755,The Johns Hopkins Hospital,maternity,,490,90,18.367346938775512
HOSP-5756,The Johns Hopkins Hospital,maternity,2024-03-20,260,260,100.0
HOSP-5756,The Johns Hopkins Hospital,surgery,2020-12-15,420,320,76.19047619047619
HOSP-5757,The Johns Hopkins Hospital,surgery,,360,120,33.33333333333333
HOSP-5758,The Johns Hopkins Hospital,maternity,,320,130,40.625
HOSP-5759,The Johns Hopkins Hospital,maternity,,260,270,103.84615384615385
HOSP-5760,The Johns Hopkins Hospital,icu,2022-08-18,380,300,78.94736842105263
HOSP-5761,The Johns Hopkins Hospital,er,2022-09-16,280,140,50.0
HOSP-5763,The Johns Hopkins Hospital,icu,,480,370,77.08333333333334
HOSP-5764,The Johns Hopkins Hospital,pediatrics,2020-09-14,440,280,63.63636363636363
HOSP-5764,The Johns Hopkins Hospital,surgery,,230,320,139.1304347826087
HOSP-5768,The Johns Hopkins Hospital,maternity,,340,200,58.82352941176471
HOSP-5768,The Johns Hopkins Hospital,surgery,,290,330,113.79310344827587
HOSP-5771,The Johns Hopkins Hospital,maternity,,330,390,118.18181818181819
HOSP-5772,The Johns Hopkins Hospital,er,2024-05-20,270,90,33.33333333333333
HOSP-5773,The Johns Hopkins Hospital,er,,380,60,15.789473684210526
HOSP-5773,The Johns Hopkins Hospital,icu,2021-01-15,160,10,6.25
HOSP-5774,The Johns Hopkins Hospital,surgery,,460,160,34.78260869565217
HOSP-5775,The Johns Hopkins Hospital,surgery,,340,90,26.47058823529412
HOSP-5776,The Johns Hopkins Hospital,icu,,200,350,175.0
HOSP-5778,The Johns Hopkins Hospital,er,2023-01-13,460,280,60.86956521739131
HOSP-5779,The Johns Hopkins Hospital,pediatrics,2021-05-21,240,220,91.66666666666666
HOSP-5780,The Johns Hopkins Hospital,icu,2022-05-23,300,140,46.666666666666664
HOSP-5781,The Johns Hopkins Hospital,er,,310,370,119.35483870967742
HOSP-5781,The Johns Hopkins Hospital,icu,2024-03-13,360,130,36.11111111111111
HOSP-5783,The Johns Hopkins Hospital,er,2022-10-19,400,370,92.5
HOSP-5784,The Johns Hopkins Hospital,maternity,,430,320,74.4186046511628
HOSP-5785,The Johns Hopkins Hospital,er,,210,10,4.761904761904762
HOSP-5786,The Johns Hopkins Hospital,er,2023-08-18,150,10,6.666666666666667
HOSP-5787,The Johns Hopkins Hospital,er,,290,330,113.79310344827587
HOSP-5789,The Johns Hopkins Hospital,icu,2021-02-26,490,190,38.775510204081634
HOSP-5791,The Johns Hopkins Hospital,pediatrics,2021-01-15,330,150,45.45454545454545
HOSP-5792,The Johns Hopkins Hospital,er,2021-01-25,140,90,64.28571428571429
HOSP-5793,The Johns Hopkins Hospital,er,2023-12-25,290,150,51.724137931034484
HOSP-5794,The Johns Hopkins Hospital,maternity,,290,60,20.689655172413794
HOSP-5796,The Johns Hopkins Hospital,er,2021-05-24,340,220,64.70588235294117
HOSP-5796,The Johns Hopkins Hospital,er,2024-05-15,190,90,47.368421052631575
HOSP-5796,The Johns Hopkins Hospital,er,2024-07-15,500,80,16.0
HOSP-5796,The Johns Hopkins Hospital,pediatrics,,430,300,69.76744186046511
HOSP-5797,The Johns Hopkins Hospital,icu,2023-07-13,310,330,106.4516129032258
HOSP-5797,The Johns Hopkins Hospital,icu,2024-04-29,100,100,100.0
HOSP-5797,The Johns Hopkins Hospital,pediatrics,2022-12-27,160,350,218.75
HOSP-5799,The Johns Hopkins Hospital,maternity,,100,70,70.0
HOSP-5800,The Johns Hopkins Hospital,surgery,2024-01-29,350,260,74.28571428571429
HOSP-5802,The Johns Hopkins Hospital,maternity,,400,380,95.0
HOSP-5803,The Johns Hopkins Hospital,maternity,2024-05-24,160,340,212.5
HOSP-5804,The Johns Hopkins Hospital,pediatrics,,120,380,316.66666666666663
HOSP-5805,The Johns Hopkins Hospital,pediatrics,,150,340,226.66666666666666
HOSP-5806,The Johns Hopkins Hospital,maternity,2024-03-13,300,110,36.666666666666664
HOSP-5808,The Johns Hopkins Hospital,er,2024-02-29,290,210,72.41379310344827
HOSP-5808,The Johns Hopkins Hospital,pediatrics,2023-01-17,200,30,15.0
HOSP-5808,The Johns Hopkins Hospital,pediatrics,,390,200,51.28205128205128
HOSP-5809,The Johns Hopkins Hospital,maternity,2022-02-15,280,210,75.0
HOSP-5810,The Johns Hopkins Hospital,maternity,,450,250,55.55555555555556
HOSP-5811,The Johns Hopkins Hospital,pediatrics,,100,210,210.0
HOSP-5812,The Johns Hopkins Hospital,icu,,460,100,21.73913043478261
HOSP-5812,The Johns Hopkins Hospital,surgery,,390,60,15.384615384615385
HOSP-5813,The Johns Hopkins Hospital,icu,2022-08-17,210,270,128.57142857142858
HOSP-5813,The Johns Hopkins Hospital,pediatrics,,330,260,78.78787878787878
HOSP-5815,The Johns Hopkins Hospital,er,2020-12-17,500,50,10.0
HOSP-5815,The Johns Hopkins Hospital,icu,2024-03-22,400,250,62.5
HOSP-5815,The Johns Hopkins Hospital,maternity,2023-03-26,300,130,43.333333333333336
HOSP-5817,The Johns Hopkins Hospital,surgery,2021-05-28,380,190,50.0
HOSP-5818,The Johns Hopkins Hospital,pediatrics,2021-09-17,100,230,229.99999999999997
HOSP-5819,The Johns Hopkins Hospital,maternity,2021-06-26,440,340,77.27272727272727
HOSP-5821,The Johns Hopkins Hospital,surgery,,420,130,30.952380952380953
HOSP-5822,The Johns Hopkins Hospital,er,2023-03-14,240,100,41.66666666666667
HOSP-5822,The Johns Hopkins Hospital,icu,,490,0,0.0
HOSP-5824,The Johns Hopkins Hospital,pediatrics,2023-10-25,170,80,47.05882352941176
HOSP-5825,The Johns Hopkins Hospital,icu,,160,120,75.0
HOSP-5825,The Johns Hopkins Hospital,maternity,2024-01-19,110,380,345.45454545454544
HOSP-5825,The Johns Hopkins Hospital,surgery,,450,400,88.88888888888889
HOSP-5826,The Johns Hopkins Hospital,maternity,,480,160,33.33333333333333
HOSP-5827,The Johns Hopkins Hospital,icu,2021-05-30,480,190,39.58333333333333
HOSP-5828,The Johns Hopkins Hospital,maternity,2022-04-15,100,220,220.00000000000003
HOSP-5830,The Johns Hopkins Hospital,er,2021-08-16,230,340,147.82608695652172
HOSP-5830,The Johns Hopkins Hospital,maternity,,240,310,129.16666666666669
HOSP-5831,The Johns Hopkins Hospital,icu,,220,20,9.090909090909092
HOSP-5831,The Johns Hopkins Hospital,surgery,,150,290,193.33333333333334
HOSP-5833,The Johns Hopkins Hospital,er,2024-05-28,200,90,45.0
HOSP-5833,The Johns Hopkins Hospital,maternity,,270,280,103.7037037037037
HOSP-5835,The Johns Hopkins Hospital,er,2020-09-14,490,240,48.97959183673469
HOSP-5835,The Johns Hopkins Hospital,er,2020-12-27,480,250,52.083333333333336
HOSP-5838,The Johns Hopkins Hospital,maternity,2023-11-16,120,100,83.33333333333334
HOSP-5838,The Johns Hopkins Hospital,pediatrics,,270,230,85.18518518518519
HOSP-5840,The Johns Hopkins Hospital,icu,,140,300,214.28571428571428
HOSP-5840,The Johns Hopkins Hospital,maternity,,430,70,16.27906976744186
HOSP-5841,The Johns Hopkins Hospital,er,,180,190,105.55555555555556
HOSP-5843,The Johns Hopkins Hospital,pediatrics,2022-01-19,120,230,191.66666666666669
HOSP-5844,The Johns Hopkins Hospital,pediatrics,2024-04-17,280,10,3.571428571428571
HOSP-5846,The Johns Hopkins Hospital,maternity,,320,350,109.375
HOSP-5846,The Johns Hopkins Hospital,pediatrics,2022-06-30,100,230,229.99999999999997
HOSP-5847,The Johns Hopkins Hospital,er,2022-07-13,340,150,44.11764705882353
HOSP-5848,The Johns Hopkins Hospital,pediatrics,2021-10-23,180,270,150.0
HOSP-5849,The Johns Hopkins Hospital,er,,470,310,65.95744680851064
HOSP-5849,The Johns Hopkins Hospital,pediatrics,2022-10-15,460,100,21.73913043478261
HOSP-5849,The Johns Hopkins Hospital,surgery,2021-12-24,430,340,79.06976744186046
HOSP-5850,The Johns Hopkins Hospital,er,2024-02-25,290,150,51.724137931034484
HOSP-5850,The Johns Hopkins Hospital,maternity,,140,220,157.14285714285714
HOSP-5850,The Johns Hopkins Hospital,surgery,2022-10-15,410,330,80.48780487804879
HOSP-5852,The Johns Hopkins Hospital,icu,,420,400,95.23809523809523
HOSP-5852,The Johns Hopkins Hospital,maternity,2023-09-26,310,100,32.25806451612903
HOSP-5853,The Johns Hopkins Hospital,er,2022-10-31,410,170,41.46341463414634
HOSP-5853,The Johns Hopkins Hospital,icu,2023-12-18,190,20,10.526315789473683
HOSP-5854,The Johns Hopkins Hospital,surgery,2023-09-13,160,400,250.0
HOSP-5855,The Johns Hopkins Hospital,surgery,,230,390,169.56521739130434
HOSP-5856,The Johns Hopkins Hospital,er,,370,150,40.54054054054054
HOSP-5858,The Johns Hopkins Hospital,er,,330,280,84.84848484848484
HOSP-5858,The Johns Hopkins Hospital,icu,,120,60,50.0
HOSP-5858,The Johns Hopkins Hospital,maternity,2023-05-16,470,50,10.638297872340425
HOSP-5860,The Johns Hopkins Hospital,er,,480,390,81.25
HOSP-5861,The Johns Hopkins Hospital,icu,,230,110,47.82608695652174
HOSP-5861,The Johns Hopkins Hospital,surgery,2023-10-27,330,150,45.45454545454545
HOSP-5862,The Johns Hopkins Hospital,surgery,,280,130,46.42857142857143
HOSP-5863,The Johns Hopkins Hospital,maternity,2021-10-27,400,80,20.0
HOSP-5864,The Johns Hopkins Hospital,maternity,2024-04-24,120,370,308.33333333333337
HOSP-5866,The Johns Hopkins Hospital,icu,,280,30,10.714285714285714
HOSP-5868,The Johns Hopkins Hospital,icu,2022-07-14,150,370,246.66666666666669
HOSP-5868,The Johns Hopkins Hospital,maternity,2020-08-16,410,70,17.073170731707318
HOSP-5869,The Johns Hopkins Hospital,maternity,,110,170,154.54545454545453
HOSP-5870,The Johns Hopkins Hospital,icu,,370,220,59.45945945945946
HOSP-5870,The Johns Hopkins Hospital,surgery,2020-07-30,210,240,114.28571428571428
HOSP-5871,The Johns Hopkins Hospital,er,2021-08-15,410,390,95.1219512195122
HOSP-5872,The Johns Hopkins Hospital,icu,2021-03-18,170,340,200.0
HOSP-5872,The Johns Hopkins Hospital,pediatrics,2020-10-24,170,60,35.294117647058826
HOSP-5874,The Johns Hopkins Hospital,er,,160,30,18.75
HOSP-5875,The Johns Hopkins Hospital,maternity,,140,400,285.7142857142857
HOSP-5876,The Johns Hopkins Hospital,icu,2021-10-22,340,400,117.64705882352942
HOSP-5876,The Johns Hopkins Hospital,icu,,470,0,0.0
HOSP-5876,The Johns Hopkins Hospital,pediatrics,,230,370,160.8695652173913
HOSP-5879,The Johns Hopkins Hospital,maternity,2023-08-30,490,240,48.97959183673469
HOSP-5881,The Johns Hopkins Hospital,pediatrics,,370,170,45.94594594594595
HOSP-5882,The Johns Hopkins Hospital,icu,2020-08-19,110,120,109.09090909090908
HOSP-5882,The Johns Hopkins Hospital,icu,2021-04-15,420,360,85.71428571428571
HOSP-5882,The Johns Hopkins Hospital,maternity,2020-10-13,300,180,60.0
HOSP-5883,The Johns Hopkins Hospital,maternity,2022-02-20,170,130,76.47058823529412
HOSP-5883,The Johns Hopkins Hospital,pediatrics,2022-02-26,450,180,40.0
HOSP-5884,The Johns Hopkins Hospital,er,,290,190,65.51724137931035
HOSP-5886,The Johns Hopkins Hospital,maternity,2021-05-16,250,60,24.0
HOSP-5886,The Johns Hopkins Hospital,pediatrics,2020-09-25,450,170,37.77777777777778
HOSP-5886,The Johns Hopkins Hospital,pediatrics,,490,390,79.59183673469387
HOSP-5887,The Johns Hopkins Hospital,er,2023-03-17,120,70,58.333333333333336
HOSP-5888,The Johns Hopkins Hospital,er,2022-07-23,220,340,154.54545454545453
HOSP-5889,The Johns Hopkins Hospital,icu,,450,90,20.0
HOSP-5891,The Johns Hopkins Hospital,maternity,2021-08-16,490,70,14.285714285714285
HOSP-5891,The Johns Hopkins Hospital,surgery,2023-09-17,430,380,88.37209302325581
HOSP-5892,The Johns Hopkins Hospital,er,2021-03-25,460,240,52.17391304347826
HOSP-5892,The Johns Hopkins Hospital,surgery,2021-12-18,240,20,8.333333333333332
HOSP-5898,The Johns Hopkins Hospital,maternity,2021-10-30,140,70,50.0
HOSP-5898,The Johns Hopkins Hospital,maternity,2023-06-20,340,130,38.23529411764706
HOSP-5899,The Johns Hopkins Hospital,er,2023-11-19,390,40,10.256410256410255
HOSP-5899,The Johns Hopkins Hospital,icu,,300,40,13.333333333333334
HOSP-5900,The Johns Hopkins Hospital,pediatrics,,450,260,57.77777777777777
HOSP-5901,The Johns Hopkins Hospital,maternity,2024-01-18,400,90,22.5
HOSP-5901,The Johns Hopkins Hospital,maternity,,230,150,65.21739130434783
HOSP-5901,The Johns Hopkins Hospital,surgery,,360,230,63.888888888888886
HOSP-5902,The Johns Hopkins Hospital,icu,2022-02-23,240,90,37.5
HOSP-5903,The Johns Hopkins Hospital,maternity,,310,70,22.58064516129032
HOSP-5904,The Johns Hopkins Hospital,pediatrics,2023-08-29,120,360,300.0
HOSP-5904,The Johns Hopkins Hospital,surgery,,270,10,3.7037037037037033
HOSP-5905,The Johns Hopkins Hospital,er,,470,280,59.57446808510638
HOSP-5906,The Johns Hopkins Hospital,surgery,2023-09-13,210,80,38.095238095238095
HOSP-5911,The Johns Hopkins Hospital,pediatrics,,170,310,182.35294117647058
HOSP-5913,The Johns Hopkins Hospital,pediatrics,2024-04-27,500,220,44.0
HOSP-5915,The Johns Hopkins Hospital,icu,2023-05-21,330,190,57.57575757575758
HOSP-5916,The Johns Hopkins Hospital,pediatrics,,170,370,217.6470588235294
HOSP-5917,The Johns Hopkins Hospital,er,,120,200,166.66666666666669
HOSP-5917,The Johns Hopkins Hospital,icu,,390,90,23.076923076923077
HOSP-5918,The Johns Hopkins Hospital,icu,,130,280,215.3846153846154
HOSP-5918,The Johns Hopkins Hospital,pediatrics,2023-03-25,350,250,71.42857142857143
HOSP-5919,The Johns Hopkins Hospital,er,,140,390,278.57142857142856
HOSP-5920,The Johns Hopkins Hospital,pediatrics,,180,270,150.0
HOSP-5921,The Johns Hopkins Hospital,pediatrics,2022-03-27,430,100,23.25581395348837
HOSP-5921,The Johns Hopkins Hospital,pediatrics,,300,250,83.33333333333334
HOSP-5922,The Johns Hopkins Hospital,icu,,190,340,178.94736842105263
HOSP-5922,The Johns Hopkins Hospital,surgery,,450,240,53.333333333333336
HOSP-5924,The Johns Hopkins Hospital,maternity,2024-06-14,150,200,133.33333333333331
HOSP-5924,The Johns Hopkins Hospital,surgery,2023-05-17,370,70,18.91891891891892
HOSP-5925,The Johns Hopkins Hospital,surgery,,230,30,13.043478260869565
HOSP-5926,The Johns Hopkins Hospital,er,,310,20,6.451612903225806
HOSP-5926,The Johns Hopkins Hospital,surgery,2024-02-16,450,240,53.333333333333336
HOSP-5927,The Johns Hopkins Hospital,pediatrics,,450,40,8.88888888888889
HOSP-5927,The Johns Hopkins Hospital,surgery,,140,60,42.857142857142854
HOSP-5928,The Johns Hopkins Hospital,maternity,2020-12-23,260,100,38.46153846153847
HOSP-5928,The Johns Hopkins Hospital,pediatrics,,430,20,4.651162790697675
HOSP-5931,The Johns Hopkins Hospital,icu,2023-05-18,260,390,150.0
HOSP-5931,The Johns Hopkins Hospital,pediatrics,2021-04-20,480,240,50.0
HOSP-5934,The Johns Hopkins Hospital,er,2022-06-22,100,30,30.0
HOSP-5934,The Johns Hopkins Hospital,surgery,2023-02-27,400,140,35.0
HOSP-5936,The Johns Hopkins Hospital,icu,2023-09-27,340,400,117.64705882352942
HOSP-5938,The Johns Hopkins Hospital,er,,380,180,47.368421052631575
HOSP-5938,The Johns Hopkins Hospital,maternity,,410,280,68.29268292682927
HOSP-5939,The Johns Hopkins Hospital,maternity,,400,240,60.0
HOSP-5939,The Johns Hopkins Hospital,pediatrics,,230,350,152.17391304347828
HOSP-5940,The Johns Hopkins Hospital,er,,280,0,0.0
HOSP-5940,The Johns Hopkins Hospital,maternity,2021-01-18,500,360,72.0
HOSP-5940,The Johns Hopkins Hospital,pediatrics,,240,190,79.16666666666666
HOSP-5941,The Johns Hopkins Hospital,icu,,400,190,47.5
HOSP-5941,The Johns Hopkins Hospital,pediatrics,,130,340,261.53846153846155
HOSP-5941,The Johns Hopkins Hospital,surgery,2020-09-13,260,250,96.15384615384616
HOSP-5942,The Johns Hopkins Hospital,icu,2020-12-29,100,150,150.0
HOSP-5943,The Johns Hopkins Hospital,surgery,,110,330,300.0
HOSP-5944,The Johns Hopkins Hospital,icu,2021-08-17,300,150,50.0
HOSP-5944,The Johns Hopkins Hospital,icu,,200,70,35.0
HOSP-5946,The Johns Hopkins Hospital,maternity,2020-07-25,100,30,30.0
HOSP-5947,The Johns Hopkins Hospital,icu,2021-10-14,310,260,83.87096774193549
HOSP-5948,The Johns Hopkins Hospital,icu,2020-12-17,270,130,48.148148148148145
HOSP-5948,The Johns Hopkins Hospital,pediatrics,2021-07-21,420,270,64.28571428571429
HOSP-5948,The Johns Hopkins Hospital,pediatrics,,190,180,94.73684210526315
HOSP-5948,The Johns Hopkins Hospital,surgery,,180,150,83.33333333333334
HOSP-5949,The Johns Hopkins Hospital,pediatrics,,230,380,165.2173913043478
HOSP-5949,The Johns Hopkins Hospital,surgery,2023-01-26,120,230,191.66666666666669
HOSP-5951,The Johns Hopkins Hospital,er,,250,180,72.0
HOSP-5952,The Johns Hopkins Hospital,icu,2023-03-16,370,80,21.62162162162162
HOSP-5953,The Johns Hopkins Hospital,er,2024-05-22,210,370,176.19047619047618
HOSP-5953,The Johns Hopkins Hospital,icu,2021-09-13,300,30,10.0
HOSP-5953,The Johns Hopkins Hospital,icu,,200,30,15.0
HOSP-5954,The Johns Hopkins Hospital,er,2021-10-29,220,320,145.45454545454547
HOSP-5954,The Johns Hopkins Hospital,surgery,,340,290,85.29411764705883
HOSP-5955,The Johns Hopkins Hospital,er,2022-03-16,470,260,55.319148936170215
HOSP-5955,The Johns Hopkins Hospital,maternity,2023-06-22,460,120,26.08695652173913
HOSP-5955,The Johns Hopkins Hospital,pediatrics,2021-03-29,290,390,134.48275862068965
HOSP-5956,The Johns Hopkins Hospital,icu,2023-06-25,330,20,6.0606060606060606
HOSP-5959,The Johns Hopkins Hospital,pediatrics,2022-09-13,410,180,43.90243902439025
HOSP-5960,The Johns Hopkins Hospital,er,2024-03-25,370,150,40.54054054054054
HOSP-5960,The Johns Hopkins Hospital,surgery,,370,120,32.432432432432435
HOSP-5964,The Johns Hopkins Hospital,er,2022-01-18,430,220,51.162790697674424
HOSP-5964,The Johns Hopkins Hospital,pediatrics,2021-07-27,100,230,229.99999999999997
HOSP-5966,The Johns Hopkins Hospital,maternity,2023-04-20,410,150,36.58536585365854
HOSP-5966,The Johns Hopkins Hospital,pediatrics,,470,140,29.78723404255319
HOSP-5967,The Johns Hopkins Hospital,er,2020-08-25,410,350,85.36585365853658
HOSP-5968,The Johns Hopkins Hospital,maternity,,190,300,157.89473684210526
HOSP-5969,The Johns Hopkins Hospital,maternity,2022-01-17,170,170,100.0
HOSP-5971,The Johns Hopkins Hospital,pediatrics,2020-10-23,340,260,76.47058823529412
HOSP-5972,The Johns Hopkins Hospital,er,2021-05-25,380,350,92.10526315789474
HOSP-5972,The Johns Hopkins Hospital,icu,,250,20,8.0
HOSP-5972,The Johns Hopkins Hospital,pediatrics,2021-03-17,450,180,40.0
HOSP-5972,The Johns Hopkins Hospital,surgery,2024-06-17,100,300,300.0
HOSP-5975,The Johns Hopkins Hospital,icu,2022-10-15,280,50,17.857142857142858
HOSP-5975,The Johns Hopkins Hospital,pediatrics,,350,230,65.71428571428571
HOSP-5976,The Johns Hopkins Hospital,icu,2024-03-15,420,210,50.0
HOSP-5976,The Johns Hopkins Hospital,surgery,,320,20,6.25
HOSP-5977,The Johns Hopkins Hospital,icu,,270,240,88.88888888888889
HOSP-5977,The Johns Hopkins Hospital,pediatrics,2024-05-28,400,80,20.0
HOSP-5980,The Johns Hopkins Hospital,icu,,110,280,254.54545454545453
HOSP-5982,The Johns Hopkins Hospital,er,,150,280,186.66666666666666
HOSP-5982,The Johns Hopkins Hospital,maternity,,130,100,76.92307692307693
HOSP-5982,The Johns Hopkins Hospital,surgery,2022-06-19,370,210,56.75675675675676
HOSP-5983,The Johns Hopkins Hospital,er,2022-01-27,420,10,2.380952380952381
HOSP-5988,The Johns Hopkins Hospital,icu,,300,50,16.666666666666664
HOSP-5988,The Johns Hopkins Hospital,maternity,,420,190,45.23809523809524
HOSP-5989,The Johns Hopkins Hospital,er,,340,290,85.29411764705883
HOSP-5990,The Johns Hopkins Hospital,maternity,2022-11-14,230,210,91.30434782608695
HOSP-5991,The Johns Hopkins Hospital,maternity,2020-10-15,430,280,65.11627906976744
HOSP-5991,The Johns Hopkins Hospital,surgery,2021-03-27,460,90,19.565217391304348
HOSP-5992,The Johns Hopkins Hospital,icu,,280,160,57.14285714285714
HOSP-5994,The Johns Hopkins Hospital,maternity,,190,330,173.6842105263158
HOSP-5994,The Johns Hopkins Hospital,surgery,2021-01-30,370,400,108.10810810810811
HOSP-5994,The Johns Hopkins Hospital,surgery,,140,350,250.0
HOSP-5997,The Johns Hopkins Hospital,maternity,,240,110,45.83333333333333
HOSP-5998,The Johns Hopkins Hospital,maternity,,140,150,107.14285714285714
HOSP-6000,The Johns Hopkins Hospital,maternity,2023-10-18,190,10,5.263157894736842
HOSP-6000,The Johns Hopkins Hospital,pediatrics,2024-05-29,210,90,42.857142857142854
HOSP-6002,The Johns Hopkins Hospital,surgery,2021-06-19,340,290,85.29411764705883
HOSP-6002,The Johns Hopkins Hospital,surgery,,290,0,0.0
HOSP-6004,The Johns Hopkins Hospital,surgery,2021-07-28,400,40,10.0
HOSP-6004,The Johns Hopkins Hospital,surgery,2023-06-15,310,270,87.09677419354838
HOSP-6004,The Johns Hopkins Hospital,surgery,2024-01-31,500,170,34.0
HOSP-6006,The Johns Hopkins Hospital,er,,470,140,29.78723404255319
HOSP-6006,The Johns Hopkins Hospital,icu,2020-08-23,440,110,25.0
HOSP-6007,The Johns Hopkins Hospital,er,2021-11-26,500,40,8.0
HOSP-6007,The Johns Hopkins Hospital,maternity,2022-05-26,370,270,72.97297297297297
HOSP-6009,The Johns Hopkins Hospital,surgery,,120,280,233.33333333333334
HOSP-6010,The Johns Hopkins Hospital,maternity,,500,20,4.0
HOSP-6012,The Johns Hopkins Hospital,icu,2021-12-23,440,190,43.18181818181818
HOSP-6013,The Johns Hopkins Hospital,surgery,,340,30,8.823529411764707
HOSP-6014,The Johns Hopkins Hospital,icu,2022-01-19,170,300,176.47058823529412
HOSP-6017,The Johns Hopkins Hospital,surgery,2021-04-26,390,360,92.3076923076923
HOSP-6018,The Johns Hopkins Hospital,maternity,,410,290,70.73170731707317
HOSP-6021,The Johns Hopkins Hospital,er,2021-07-18,490,70,14.285714285714285
HOSP-6023,The Johns Hopkins Hospital,maternity,2022-02-16,120,320,266.66666666666663
HOSP-6024,The Johns Hopkins Hospital,pediatrics,,240,130,54.166666666666664
HOSP-6026,The Johns Hopkins Hospital,icu,2021-12-29,330,80,24.242424242424242
HOSP-6026,The Johns Hopkins Hospital,pediatrics,2022-11-28,460,260,56.52173913043478
HOSP-6026,The Johns Hopkins Hospital,pediatrics,2023-05-23,250,310,124.0
HOSP-6027,The Johns Hopkins Hospital,surgery,2022-03-24,390,290,74.35897435897436
HOSP-6027,The Johns Hopkins Hospital,surgery,2023-04-15,190,250,131.57894736842107
HOSP-6028,The Johns Hopkins Hospital,pediatrics,2023-02-24,320,400,125.0
HOSP-6030,The Johns Hopkins Hospital,er,2022-05-20,100,50,50.0
HOSP-6030,The Johns Hopkins Hospital,er,,260,350,134.6153846153846
HOSP-6030,The Johns Hopkins Hospital,maternity,2023-09-23,290,50,17.24137931034483
HOSP-6030,The Johns Hopkins Hospital,surgery,,360,70,19.444444444444446
HOSP-6031,The Johns Hopkins Hospital,surgery,2023-04-14,440,150,34.090909090909086
HOSP-6035,The Johns Hopkins Hospital,er,,310,340,109.6774193548387
HOSP-6036,The Johns Hopkins Hospital,er,,160,0,0.0
HOSP-6036,The Johns Hopkins Hospital,surgery,2023-03-16,160,110,68.75
HOSP-6037,The Johns Hopkins Hospital,er,,380,400,105.26315789473684
HOSP-6037,The Johns Hopkins Hospital,icu,,300,130,43.333333333333336
HOSP-6038,The Johns Hopkins Hospital,icu,,290,60,20.689655172413794
HOSP-6039,The Johns Hopkins Hospital,icu,2021-02-22,120,320,266.66666666666663
HOSP-6039,The Johns Hopkins Hospital,maternity,,420,130,30.952380952380953
HOSP-6040,The Johns Hopkins Hospital,pediatrics,2023-10-18,140,160,114.28571428571428
HOSP-6041,The Johns Hopkins Hospital,maternity,,190,190,100.0
HOSP-6043,The Johns Hopkins Hospital,maternity,2023-05-23,360,50,13.88888888888889
HOSP-6045,The Johns Hopkins Hospital,er,,220,290,131.8181818181818
HOSP-6048,The Johns Hopkins Hospital,icu,2023-10-25,280,40,14.285714285714285
HOSP-6049,The Johns Hopkins Hospital,icu,,370,180,48.64864864864865
HOSP-6050,The Johns Hopkins Hospital,icu,2021-05-18,480,360,75.0
HOSP-6050,The Johns Hopkins Hospital,maternity,2020-08-28,120,80,66.66666666666666
HOSP-6052,The Johns Hopkins Hospital,icu,2021-01-23,410,340,82.92682926829268
HOSP-6052,The Johns Hopkins Hospital,pediatrics,,350,340,97.14285714285714
HOSP-6053,The Johns Hopkins Hospital,er,2020-09-21,210,0,0.0
HOSP-6054,The Johns Hopkins Hospital,maternity,2021-01-28,220,290,131.8181818181818
HOSP-6055,The Johns Hopkins Hospital,maternity,2022-12-14,430,120,27.906976744186046
HOSP-6056,The Johns Hopkins Hospital,pediatrics,2022-03-20,290,210,72.41379310344827
HOSP-6056,The Johns Hopkins Hospital,pediatrics,2024-04-29,290,70,24.137931034482758
HOSP-6058,The Johns Hopkins Hospital,er,,310,130,41.935483870967744
HOSP-6058,The Johns Hopkins Hospital,surgery,2023-05-30,460,180,39.130434782608695
HOSP-6058,The Johns Hopkins Hospital,surgery,2023-09-16,390,170,43.58974358974359
HOSP-6059,The Johns Hopkins Hospital,er,2020-07-31,180,140,77.77777777777779
HOSP-6059,The Johns Hopkins Hospital,icu,2022-04-18,280,340,121.42857142857142
HOSP-6059,The Johns Hopkins Hospital,surgery,,450,320,71.11111111111111
HOSP-6061,The Johns Hopkins Hospital,er,,450,160,35.55555555555556
HOSP-6063,The Johns Hopkins Hospital,er,2020-11-28,230,230,100.0
HOSP-6063,The Johns Hopkins Hospital,er,,410,400,97.5609756097561
HOSP-6063,The Johns Hopkins Hospital,pediatrics,2023-11-19,380,10,2.631578947368421
HOSP-6064,The Johns Hopkins Hospital,surgery,2022-03-17,150,330,220.00000000000003
HOSP-6066,The Johns Hopkins Hospital,er,,300,360,120.0
HOSP-6066,The Johns Hopkins Hospital,icu,2024-06-19,400,200,50.0
HOSP-6068,The Johns Hopkins Hospital,er,2024-03-15,260,350,134.6153846153846
HOSP-6069,The Johns Hopkins Hospital,maternity,2023-07-24,140,200,142.85714285714286
HOSP-6071,The Johns Hopkins Hospital,er,,340,260,76.47058823529412
HOSP-6071,The Johns Hopkins Hospital,icu,2020-11-27,210,270,128.57142857142858
HOSP-6071,The Johns Hopkins Hospital,surgery,2020-09-25,270,40,14.814814814814813
HOSP-6072,The Johns Hopkins Hospital,icu,,150,150,100.0
HOSP-6073,The Johns Hopkins Hospital,pediatrics,2021-01-23,180,220,122.22222222222223
HOSP-6074,The Johns Hopkins Hospital,icu,,500,70,14.000000000000002
HOSP-6074,The Johns Hopkins Hospital,maternity,2023-08-21,130,200,153.84615384615387
HOSP-6075,The Johns Hopkins Hospital,er,2021-12-29,350,30,8.571428571428571
HOSP-6076,The Johns Hopkins Hospital,surgery,2021-01-18,320,130,40.625
HOSP-6079,The Johns Hopkins Hospital,pediatrics,2021-03-16,150,120,80.0
HOSP-6080,The Johns Hopkins Hospital,er,2023-12-27,100,180,180.0
HOSP-6080,The Johns Hopkins Hospital,er,,410,350,85.36585365853658
HOSP-6080,The Johns Hopkins Hospital,pediatrics,,160,60,37.5
HOSP-6080,The Johns Hopkins Hospital,surgery,2020-08-18,180,50,27.77777777777778
HOSP-6082,The Johns Hopkins Hospital,icu,,450,170,37.77777777777778
HOSP-6082,The Johns Hopkins Hospital,pediatrics,,210,250,119.04761904761905
HOSP-6083,The Johns Hopkins Hospital,er,2022-06-18,400,170,42.5
HOSP-6083,The Johns Hopkins Hospital,pediatrics,2021-05-15,370,160,43.24324324324324
HOSP-6084,The Johns Hopkins Hospital,er,2021-05-18,470,150,31.914893617021278
HOSP-6085,The Johns Hopkins Hospital,icu,,140,80,57.14285714285714
HOSP-6085,The Johns Hopkins Hospital,surgery,2023-07-25,170,110,64.70588235294117
HOSP-6087,The Johns Hopkins Hospital,surgery,2021-01-28,420,50,11.904761904761903
HOSP-6089,The Johns Hopkins Hospital,maternity,,330,270,81.81818181818183
HOSP-6089,The Johns Hopkins Hospital,surgery,2023-07-14,250,60,24.0
HOSP-6091,The Johns Hopkins Hospital,surgery,2023-09-25,310,40,12.903225806451612
HOSP-6091,The Johns Hopkins Hospital,surgery,,440,290,65.9090909090909
HOSP-6093,The Johns Hopkins Hospital,icu,,310,10,3.225806451612903
HOSP-6093,The Johns Hopkins Hospital,pediatrics,2021-10-13,260,190,73.07692307692307
HOSP-6095,The Johns Hopkins Hospital,er,2022-12-31,470,400,85.1063829787234
HOSP-6095,The Johns Hopkins Hospital,icu,,380,140,36.84210526315789
HOSP-6097,The Johns Hopkins Hospital,surgery,,260,220,84.61538461538461
HOSP-6099,The Johns Hopkins Hospital,er,2023-03-29,470,370,78.72340425531915
HOSP-6100,The Johns Hopkins Hospital,maternity,,270,330,122.22222222222223
HOSP-6100,The Johns Hopkins Hospital,pediatrics,2024-05-20,300,80,26.666666666666668
HOSP-6101,The Johns Hopkins Hospital,er,2024-05-30,270,250,92.5925925925926
HOSP-6103,The Johns Hopkins Hospital,er,2021-05-25,360,20,5.555555555555555
HOSP-6104,The Johns Hopkins Hospital,pediatrics,,460,360,78.26086956521739
HOSP-6106,The Johns Hopkins Hospital,er,,420,40,9.523809523809524
HOSP-6107,The Johns Hopkins Hospital,er,,160,340,212.5
HOSP-6108,The Johns Hopkins Hospital,er,,360,250,69.44444444444444
HOSP-6108,The Johns Hopkins Hospital,icu,,480,270,56.25
HOSP-6108,The Johns Hopkins Hospital,maternity,2021-09-24,460,380,82.6086956521739
HOSP-6108,The Johns Hopkins Hospital,surgery,2023-11-25,320,60,18.75
HOSP-6109,The Johns Hopkins Hospital,pediatrics,2022-09-21,200,360,180.0
HOSP-6111,The Johns Hopkins Hospital,pediatrics,2021-01-21,330,160,48.484848484848484
HOSP-6111,The Johns Hopkins Hospital,pediatrics,,460,330,71.73913043478261
HOSP-6113,The Johns Hopkins Hospital,maternity,,180,180,100.0
HOSP-6113,The Johns Hopkins Hospital,pediatrics,2023-05-24,280,30,10.714285714285714
HOSP-6114,The Johns Hopkins Hospital,er,,140,260,185.71428571428572
HOSP-6114,The Johns Hopkins Hospital,surgery,,190,150,78.94736842105263
HOSP-6117,The Johns Hopkins Hospital,er,2024-03-31,220,60,27.27272727272727
HOSP-6120,The Johns Hopkins Hospital,er,2021-08-25,450,150,33.33333333333333
HOSP-6120,The Johns Hopkins Hospital,maternity,2022-03-30,180,340,188.88888888888889
HOSP-6120,The Johns Hopkins Hospital,pediatrics,,120,160,133.33333333333331
HOSP-6120,The Johns Hopkins Hospital,surgery,2023-02-16,410,350,85.36585365853658
HOSP-6121,The Johns Hopkins Hospital,maternity,,230,200,86.95652173913044
HOSP-6123,The Johns Hopkins Hospital,maternity,2023-10-17,430,110,25.581395348837212
HOSP-6124,The Johns Hopkins Hospital,er,,270,240,88.88888888888889
HOSP-6124,The Johns Hopkins Hospital,pediatrics,,190,150,78.94736842105263
HOSP-6124,The Johns Hopkins Hospital,surgery,2024-04-20,430,100,23.25581395348837
HOSP-6128,The Johns Hopkins Hospital,maternity,2023-07-23,120,100,83.33333333333334
HOSP-6132,The Johns Hopkins Hospital,maternity,2021-06-26,280,340,121.42857142857142
HOSP-6133,The Johns Hopkins Hospital,maternity,,160,220,137.5
HOSP-6133,The Johns Hopkins Hospital,pediatrics,,280,390,139.28571428571428
HOSP-6134,The Johns Hopkins Hospital,er,2021-03-21,280,70,25.0
HOSP-6134,The Johns Hopkins Hospital,icu,2022-11-20,410,350,85.36585365853658
HOSP-6134,The Johns Hopkins Hospital,surgery,2023-02-27,160,70,43.75
HOSP-6135,The Johns Hopkins Hospital,icu,2023-08-18,120,140,116.66666666666667
HOSP-6135,The Johns Hopkins Hospital,surgery,2024-01-31,280,150,53.57142857142857
HOSP-6137,The Johns Hopkins Hospital,er,2021-02-27,460,360,78.26086956521739
HOSP-6137,The Johns Hopkins Hospital,maternity,2021-12-19,160,350,218.75
HOSP-6138,The Johns Hopkins Hospital,icu,,150,150,100.0
HOSP-6140,The Johns Hopkins Hospital,icu,2022-04-14,410,380,92.6829268292683
HOSP-6140,The Johns Hopkins Hospital,icu,,140,370,264.2857142857143
HOSP-6141,The Johns Hopkins Hospital,pediatrics,2023-08-14,120,110,91.66666666666666
HOSP-6142,The Johns Hopkins Hospital,maternity,2022-10-17,490,20,4.081632653061225
HOSP-6143,The Johns Hopkins Hospital,er,,230,310,134.7826086956522
HOSP-6143,The Johns Hopkins Hospital,surgery,2021-01-21,270,190,70.37037037037037
HOSP-6144,The Johns Hopkins Hospital,er,2020-10-24,150,210,140.0
HOSP-6146,The Johns Hopkins Hospital,er,2021-04-23,390,340,87.17948717948718
HOSP-6147,The Johns Hopkins Hospital,er,2021-11-20,220,320,145.45454545454547
HOSP-6147,The Johns Hopkins Hospital,er,,460,280,60.86956521739131
HOSP-6147,The Johns Hopkins Hospital,pediatrics,,250,260,104.0
HOSP-6148,The Johns Hopkins Hospital,er,2024-02-23,440,280,63.63636363636363
HOSP-6149,The Johns Hopkins Hospital,er,,440,100,22.727272727272727
HOSP-6149,The Johns Hopkins Hospital,pediatrics,2020-08-19,210,360,171.42857142857142
HOSP-6150,The Johns Hopkins Hospital,icu,2023-07-27,100,90,90.0
HOSP-6151,The Johns Hopkins Hospital,surgery,,250,390,156.0
HOSP-6154,The Johns Hopkins Hospital,er,2023-08-13,360,180,50.0
HOSP-6154,The Johns Hopkins Hospital,maternity,2024-03-18,500,360,72.0
HOSP-6155,The Johns Hopkins Hospital,er,2022-04-26,140,130,92.85714285714286
HOSP-6155,The Johns Hopkins Hospital,icu,2020-09-22,190,140,73.68421052631578
HOSP-6155,The Johns Hopkins Hospital,pediatrics,,230,220,95.65217391304348
HOSP-6156,The Johns Hopkins Hospital,er,2024-06-17,290,360,124.13793103448276
HOSP-6156,The Johns Hopkins Hospital,maternity,,310,280,90.32258064516128
HOSP-6157,The Johns Hopkins Hospital,surgery,,110,140,127.27272727272727
HOSP-6159,The Johns Hopkins Hospital,surgery,2024-03-19,330,60,18.181818181818183
HOSP-6160,The Johns Hopkins Hospital,icu,2024-02-21,360,240,66.66666666666666
HOSP-6160,The Johns Hopkins Hospital,maternity,,290,40,13.793103448275861
HOSP-6163,The Johns Hopkins Hospital,er,2023-12-26,270,350,129.62962962962962
HOSP-6166,The Johns Hopkins Hospital,er,2022-09-23,220,50,22.727272727272727
HOSP-6167,The Johns Hopkins Hospital,icu,2021-04-26,350,40,11.428571428571429
HOSP-6167,The Johns Hopkins Hospital,icu,2021-04-30,320,100,31.25
HOSP-6169,The Johns Hopkins Hospital,maternity,2021-08-15,330,250,75.75757575757575
HOSP-6169,The Johns Hopkins Hospital,pediatrics,2021-08-29,120,250,208.33333333333334
HOSP-6169,The Johns Hopkins Hospital,pediatrics,,500,170,34.0
HOSP-6170,The Johns Hopkins Hospital,maternity,,210,400,190.47619047619045
HOSP-6170,The Johns Hopkins Hospital,pediatrics,,190,250,131.57894736842107
HOSP-6172,The Johns Hopkins Hospital,er,,310,350,112.90322580645163
HOSP-6173,The Johns Hopkins Hospital,maternity,,310,100,32.25806451612903
HOSP-6175,The Johns Hopkins Hospital,surgery,2022-06-16,270,290,107.40740740740742
HOSP-6177,The Johns Hopkins Hospital,surgery,2021-08-20,350,170,48.57142857142857
HOSP-6178,The Johns Hopkins Hospital,pediatrics,,140,10,7.142857142857142
HOSP-6179,The Johns Hopkins Hospital,icu,,500,260,52.0
HOSP-6180,The Johns Hopkins Hospital,er,,380,240,63.1578947368421
HOSP-6180,The Johns Hopkins Hospital,maternity,2021-06-29,230,390,169.56521739130434
HOSP-6181,The Johns Hopkins Hospital,er,2023-03-19,160,170,106.25
HOSP-6181,The Johns Hopkins Hospital,icu,2020-08-16,480,260,54.166666666666664
HOSP-6181,The Johns Hopkins Hospital,surgery,,200,190,95.0
HOSP-6182,The Johns Hopkins Hospital,surgery,2023-06-13,470,390,82.97872340425532
HOSP-6183,The Johns Hopkins Hospital,surgery,,440,160,36.36363636363637
HOSP-6185,The Johns Hopkins Hospital,maternity,2024-04-27,190,340,178.94736842105263
HOSP-6185,The Johns Hopkins Hospital,pediatrics,2022-04-18,190,400,210.52631578947367
HOSP-6187,The Johns Hopkins Hospital,icu,,440,260,59.09090909090909
HOSP-6188,The Johns Hopkins Hospital,er,2022-11-24,470,390,82.97872340425532
HOSP-6190,The Johns Hopkins Hospital,er,2023-02-20,160,80,50.0
HOSP-6194,The Johns Hopkins Hospital,icu,2023-04-26,150,150,100.0
HOSP-6194,The Johns Hopkins Hospital,maternity,2023-12-30,220,160,72.72727272727273
HOSP-6195,The Johns Hopkins Hospital,er,2024-04-29,350,200,57.14285714285714
HOSP-6196,The Johns Hopkins Hospital,pediatrics,2024-06-27,250,220,88.0
HOSP-6196,The Johns Hopkins Hospital,surgery,2023-11-27,390,260,66.66666666666666
HOSP-6201,The Johns Hopkins Hospital,maternity,2021-02-16,460,270,58.69565217391305
HOSP-6201,The Johns Hopkins Hospital,maternity,,410,270,65.85365853658537
HOSP-6202,The Johns Hopkins Hospital,pediatrics,2022-07-31,120,150,125.0
HOSP-6203,The Johns Hopkins Hospital,pediatrics,2021-08-17,280,390,139.28571428571428
HOSP-6204,The Johns Hopkins Hospital,er,2022-07-21,440,400,90.9090909090909
HOSP-6205,The Johns Hopkins Hospital,maternity,2022-01-14,260,10,3.8461538461538463
HOSP-6207,The Johns Hopkins Hospital,pediatrics,2022-01-14,270,210,77.77777777777779
HOSP-6208,The Johns Hopkins Hospital,pediatrics,,480,390,81.25
HOSP-6216,The Johns Hopkins Hospital,pediatrics,2021-07-17,390,190,48.717948717948715
HOSP-6217,The Johns Hopkins Hospital,er,2021-10-20,350,360,102.85714285714285
HOSP-6217,The Johns Hopkins Hospital,maternity,2023-09-17,470,230,48.93617021276596
HOSP-6217,The Johns Hopkins Hospital,maternity,,340,240,70.58823529411765
HOSP-6217,The Johns Hopkins Hospital,pediatrics,,380,170,44.73684210526316
HOSP-6218,The Johns Hopkins Hospital,pediatrics,2021-09-29,400,40,10.0
HOSP-6219,The Johns Hopkins Hospital,icu,,410,200,48.78048780487805
HOSP-6219,The Johns Hopkins Hospital,maternity,2023-05-31,140,360,257.14285714285717
HOSP-6220,The Johns Hopkins Hospital,surgery,2021-07-16,170,200,117.64705882352942
HOSP-6222,The Johns Hopkins Hospital,icu,,260,10,3.8461538461538463
HOSP-6222,The Johns Hopkins Hospital,surgery,,260,130,50.0
HOSP-6223,The Johns Hopkins Hospital,maternity,2024-05-21,230,210,91.30434782608695
HOSP-6223,The Johns Hopkins Hospital,surgery,2021-08-31,230,280,121.73913043478262
HOSP-6226,The Johns Hopkins Hospital,maternity,2022-11-13,280,370,132.14285714285714
HOSP-6226,The Johns Hopkins Hospital,pediatrics,2022-09-29,280,340,121.42857142857142
HOSP-6228,The Johns Hopkins Hospital,maternity,2023-09-17,180,310,172.22222222222223
HOSP-6228,The Johns Hopkins Hospital,pediatrics,,320,240,75.0
HOSP-6228,The Johns Hopkins Hospital,surgery,2021-12-27,180,340,188.88888888888889
HOSP-6229,The Johns Hopkins Hospital,er,2022-04-26,490,10,2.0408163265306123
HOSP-6229,The Johns Hopkins Hospital,pediatrics,2023-06-14,400,220,55.00000000000001
HOSP-6229,The Johns Hopkins Hospital,surgery,,440,110,25.0
HOSP-6231,The Johns Hopkins Hospital,er,2023-03-21,180,360,200.0
HOSP-6232,The Johns Hopkins Hospital,maternity,2023-06-15,490,290,59.183673469387756
HOSP-6234,The Johns Hopkins Hospital,surgery,2024-02-24,340,190,55.88235294117647
HOSP-6236,The Johns Hopkins Hospital,icu,2023-02-28,250,340,136.0
HOSP-6238,The Johns Hopkins Hospital,icu,,130,190,146.15384615384613
HOSP-6239,The Johns Hopkins Hospital,icu,,270,380,140.74074074074073
HOSP-6241,The Johns Hopkins Hospital,icu,2023-01-31,460,320,69.56521739130434
HOSP-6244,The Johns Hopkins Hospital,maternity,2021-04-26,420,60,14.285714285714285
HOSP-6244,The Johns Hopkins Hospital,pediatrics,2020-11-23,230,230,100.0
HOSP-6246,The Johns Hopkins Hospital,pediatrics,2021-05-29,210,310,147.61904761904762
HOSP-6246,The Johns Hopkins Hospital,surgery,2023-03-20,210,180,85.71428571428571
HOSP-6251,The Johns Hopkins Hospital,er,,300,280,93.33333333333333
HOSP-6251,The Johns Hopkins Hospital,maternity,2024-04-19,280,130,46.42857142857143
HOSP-6252,The Johns Hopkins Hospital,maternity,,370,290,78.37837837837837
HOSP-6253,The Johns Hopkins Hospital,icu,2023-02-25,100,130,130.0
HOSP-6253,The Johns Hopkins Hospital,pediatrics,,410,80,19.51219512195122
HOSP-6255,The Johns Hopkins Hospital,icu,2022-09-20,460,100,21.73913043478261
HOSP-6256,The Johns Hopkins Hospital,er,2023-01-29,220,100,45.45454545454545
HOSP-6257,The Johns Hopkins Hospital,pediatrics,2024-06-22,180,240,133.33333333333331
HOSP-6258,The Johns Hopkins Hospital,surgery,2021-03-19,270,10,3.7037037037037033
HOSP-6258,The Johns Hopkins Hospital,surgery,,480,370,77.08333333333334
HOSP-6259,The Johns Hopkins Hospital,surgery,2021-08-22,400,310,77.5
HOSP-6262,The Johns Hopkins Hospital,er,2022-01-24,210,270,128.57142857142858
HOSP-6262,The Johns Hopkins Hospital,pediatrics,2020-12-18,430,200,46.51162790697674
HOSP-6263,The Johns Hopkins Hospital,surgery,,200,290,145.0
HOSP-6265,The Johns Hopkins Hospital,maternity,2021-09-23,180,250,138.88888888888889
HOSP-6266,The Johns Hopkins Hospital,pediatrics,,150,380,253.33333333333331
HOSP-6268,The Johns Hopkins Hospital,maternity,2024-07-21,280,280,100.0
HOSP-6269,The Johns Hopkins Hospital,er,2024-03-16,150,260,173.33333333333334
HOSP-6269,The Johns Hopkins Hospital,icu,2021-03-23,450,20,4.444444444444445
HOSP-6271,The Johns Hopkins Hospital,er,,340,350,102.94117647058823
HOSP-6271,The Johns Hopkins Hospital,icu,,100,330,330.0
HOSP-6272,The Johns Hopkins Hospital,maternity,2021-12-22,220,390,177.27272727272728
HOSP-6273,The Johns Hopkins Hospital,er,2020-12-24,270,90,33.33333333333333
HOSP-6273,The Johns Hopkins Hospital,surgery,2023-12-18,180,300,166.66666666666669
HOSP-6274,The Johns Hopkins Hospital,pediatrics,2021-08-19,460,180,39.130434782608695
HOSP-6274,The Johns Hopkins Hospital,pediatrics,2024-02-17,130,60,46.15384615384615
HOSP-6277,The Johns Hopkins Hospital,er,2021-07-22,250,50,20.0
HOSP-6277,The Johns Hopkins Hospital,pediatrics,2022-08-31,220,350,159.0909090909091
HOSP-6277,The Johns Hopkins Hospital,surgery,,420,270,64.28571428571429
HOSP-6279,The Johns Hopkins Hospital,surgery,,380,350,92.10526315789474
HOSP-6280,The Johns Hopkins Hospital,icu,2024-03-30,250,0,0.0
HOSP-6280,The Johns Hopkins Hospital,icu,,470,70,14.893617021276595
HOSP-6280,The Johns Hopkins Hospital,pediatrics,2023-10-16,100,30,30.0
HOSP-6280,The Johns Hopkins Hospital,surgery,2022-06-13,390,290,74.35897435897436
HOSP-6281,The Johns Hopkins Hospital,surgery,2023-11-26,420,130,30.952380952380953
HOSP-6282,The Johns Hopkins Hospital,icu,,320,300,93.75
HOSP-6282,The Johns Hopkins Hospital,surgery,2021-10-21,110,340,309.09090909090907
HOSP-6282,The Johns Hopkins Hospital,surgery,2024-02-22,410,110,26.82926829268293
HOSP-6283,The Johns Hopkins Hospital,icu,,230,400,173.91304347826087
HOSP-6283,The Johns Hopkins Hospital,pediatrics,,150,180,120.0
HOSP-6285,The Johns Hopkins Hospital,maternity,2022-04-18,100,310,310.0
HOSP-6287,The Johns Hopkins Hospital,pediatrics,2024-04-14,420,380,90.47619047619048
HOSP-6287,The Johns Hopkins Hospital,pediatrics,,210,110,52.38095238095239
HOSP-6288,The Johns Hopkins Hospital,er,,310,170,54.83870967741935
HOSP-6288,The Johns Hopkins Hospital,pediatrics,,320,90,28.125
HOSP-6289,The Johns Hopkins Hospital,maternity,,270,270,100.0
HOSP-6290,The Johns Hopkins Hospital,pediatrics,2021-07-13,150,340,226.66666666666666
HOSP-6290,The Johns Hopkins Hospital,surgery,2020-09-26,300,300,100.0
HOSP-6291,The Johns Hopkins Hospital,maternity,2023-03-29,100,320,320.0
HOSP-6292,The Johns Hopkins Hospital,er,2022-11-19,440,20,4.545454545454546
HOSP-6295,The Johns Hopkins Hospital,icu,,130,230,176.9230769230769
HOSP-6295,The Johns Hopkins Hospital,pediatrics,2023-05-26,370,60,16.216216216216218
HOSP-6297,The Johns Hopkins Hospital,surgery,,470,160,34.04255319148936
HOSP-6299,The Johns Hopkins Hospital,maternity,,170,390,229.41176470588235
HOSP-6299,The Johns Hopkins Hospital,pediatrics,,310,240,77.41935483870968
HOSP-6300,The Johns Hopkins Hospital,er,2020-07-26,450,320,71.11111111111111
HOSP-6300,The Johns Hopkins Hospital,pediatrics,2022-08-25,490,240,48.97959183673469
HOSP-6301,The Johns Hopkins Hospital,er,,450,180,40.0
HOSP-6302,The Johns Hopkins Hospital,icu,,120,50,41.66666666666667
HOSP-6302,The Johns Hopkins Hospital,surgery,2021-01-30,310,0,0.0
HOSP-6304,The Johns Hopkins Hospital,surgery,2023-09-25,370,160,43.24324324324324
HOSP-6305,The Johns Hopkins Hospital,surgery,2022-12-30,360,0,0.0
HOSP-6305,The Johns Hopkins Hospital,surgery,2023-09-16,220,100,45.45454545454545
HOSP-6306,The Johns Hopkins Hospital,surgery,2022-05-29,220,310,140.9090909090909
HOSP-6307,The Johns Hopkins Hospital,er,,230,240,104.34782608695652
HOSP-6307,The Johns Hopkins Hospital,pediatrics,2024-07-17,320,150,46.875
HOSP-6309,The Johns Hopkins Hospital,er,2022-08-15,360,200,55.55555555555556
HOSP-6309,The Johns Hopkins Hospital,icu,,130,60,46.15384615384615
HOSP-6310,The Johns Hopkins Hospital,icu,2023-11-25,240,50,20.833333333333336
HOSP-6315,The Johns Hopkins Hospital,surgery,,430,130,30.23255813953488
HOSP-6318,The Johns Hopkins Hospital,pediatrics,,370,360,97.2972972972973
HOSP-6319,The Johns Hopkins Hospital,surgery,2022-07-26,380,190,50.0
HOSP-6320,The Johns Hopkins Hospital,er,2020-12-16,410,10,2.4390243902439024
HOSP-6320,The Johns Hopkins Hospital,er,2022-07-18,500,110,22.0
HOSP-6321,The Johns Hopkins Hospital,maternity,2022-08-28,110,110,100.0
HOSP-6321,The Johns Hopkins Hospital,pediatrics,,260,140,53.84615384615385
HOSP-6322,The Johns Hopkins Hospital,er,2021-08-22,140,400,285.7142857142857
HOSP-6322,The Johns Hopkins Hospital,icu,2023-06-19,430,290,67.44186046511628
HOSP-6325,The Johns Hopkins Hospital,icu,2023-04-22,500,10,2.0
HOSP-6325,The Johns Hopkins Hospital,maternity,,180,50,27.77777777777778
HOSP-6326,The Johns Hopkins Hospital,maternity,2020-09-22,170,30,17.647058823529413
HOSP-6327,The Johns Hopkins Hospital,pediatrics,2023-05-28,250,320,128.0
HOSP-6327,The Johns Hopkins Hospital,pediatrics,,450,90,20.0
HOSP-6329,The Johns Hopkins Hospital,icu,2024-01-15,190,310,163.1578947368421
HOSP-6329,The Johns Hopkins Hospital,surgery,2020-08-24,140,160,114.28571428571428
HOSP-6329,The Johns Hopkins Hospital,surgery,2021-04-26,480,40,8.333333333333332
HOSP-6330,The Johns Hopkins Hospital,icu,,280,180,64.28571428571429
HOSP-6330,The Johns Hopkins Hospital,maternity,,430,300,69.76744186046511
HOSP-6331,The Johns Hopkins Hospital,pediatrics,,240,390,162.5
HOSP-6332,The Johns Hopkins Hospital,er,2021-03-18,290,260,89.65517241379311
HOSP-6332,The Johns Hopkins Hospital,surgery,2020-09-26,400,380,95.0
HOSP-6333,The Johns Hopkins Hospital,maternity,2021-02-25,260,360,138.46153846153845
HOSP-6333,The Johns Hopkins Hospital,maternity,2022-09-23,330,240,72.72727272727273
HOSP-6336,The Johns Hopkins Hospital,er,2022-10-29,220,230,104.54545454545455
HOSP-6336,The Johns Hopkins Hospital,er,2023-08-22,240,160,66.66666666666666
HOSP-6336,The Johns Hopkins Hospital,icu,,470,370,78.72340425531915
HOSP-6338,The Johns Hopkins Hospital,pediatrics,2021-06-26,110,10,9.090909090909092
HOSP-6339,The Johns Hopkins Hospital,pediatrics,,300,390,130.0
HOSP-6341,The Johns Hopkins Hospital,pediatrics,,380,360,94.73684210526315
HOSP-6341,The Johns Hopkins Hospital,surgery,2020-12-19,480,360,75.0
HOSP-6341,The Johns Hopkins Hospital,surgery,,330,120,36.36363636363637
HOSP-6342,The Johns Hopkins Hospital,icu,2023-08-29,100,260,260.0
HOSP-6342,The Johns Hopkins Hospital,icu,,310,110,35.483870967741936
HOSP-6345,The Johns Hopkins Hospital,er,,310,160,51.61290322580645
HOSP-6345,The Johns Hopkins Hospital,surgery,2021-03-21,460,360,78.26086956521739
HOSP-6345,The Johns Hopkins Hospital,surgery,2022-02-13,460,350,76.08695652173914
HOSP-6345,The Johns Hopkins Hospital,surgery,2022-09-25,400,110,27.500000000000004
HOSP-6346,The Johns Hopkins Hospital,maternity,2020-08-23,230,50,21.73913043478261
HOSP-6348,The Johns Hopkins Hospital,icu,2023-04-21,220,320,145.45454545454547
HOSP-6348,The Johns Hopkins Hospital,pediatrics,2021-08-16,310,150,48.38709677419355
HOSP-6349,The Johns Hopkins Hospital,er,,200,400,200.0
HOSP-6349,The Johns Hopkins Hospital,pediatrics,,310,60,19.35483870967742
HOSP-6350,The Johns Hopkins Hospital,surgery,2021-11-19,500,390,78.0
HOSP-6354,The Johns Hopkins Hospital,icu,2022-12-21,210,240,114.28571428571428
HOSP-6354,The Johns Hopkins Hospital,pediatrics,,360,230,63.888888888888886
HOSP-6355,The Johns Hopkins Hospital,er,2024-05-29,300,370,123.33333333333334
HOSP-6355,The Johns Hopkins Hospital,er,,380,110,28.947368421052634
HOSP-6356,The Johns Hopkins Hospital,er,2021-06-24,280,10,3.571428571428571
HOSP-6356,The Johns Hopkins Hospital,er,2021-08-15,360,260,72.22222222222221
HOSP-6356,The Johns Hopkins Hospital,maternity,,100,390,390.0
HOSP-6356,The Johns Hopkins Hospital,pediatrics,2023-09-22,450,200,44.44444444444444
HOSP-6359,The Johns Hopkins Hospital,er,2024-06-18,110,140,127.27272727272727
HOSP-6361,The Johns Hopkins Hospital,surgery,,340,70,20.588235294117645
HOSP-6363,The Johns Hopkins Hospital,er,,310,300,96.7741935483871
HOSP-6363,The Johns Hopkins Hospital,icu,,170,260,152.94117647058823
HOSP-6363,The Johns Hopkins Hospital,surgery,2024-03-30,340,170,50.0
HOSP-6364,The Johns Hopkins Hospital,er,2020-08-14,150,130,86.66666666666667
HOSP-6364,The Johns Hopkins Hospital,icu,2022-09-23,230,330,143.47826086956522
HOSP-6364,The Johns Hopkins Hospital,pediatrics,,350,20,5.714285714285714
HOSP-6365,The Johns Hopkins Hospital,maternity,2022-02-26,500,290,57.99999999999999
HOSP-6365,The Johns Hopkins Hospital,maternity,,280,240,85.71428571428571
HOSP-6368,The Johns Hopkins Hospital,surgery,,250,70,28.000000000000004
HOSP-6369,The Johns Hopkins Hospital,maternity,2024-03-22,320,0,0.0
HOSP-6369,The Johns Hopkins Hospital,pediatrics,2021-08-25,410,250,60.97560975609756
HOSP-6369,The Johns Hopkins Hospital,pediatrics,2021-08-31,300,320,106.66666666666667
HOSP-6369,The Johns Hopkins Hospital,pediatrics,,120,380,316.66666666666663
HOSP-6370,The Johns Hopkins Hospital,er,2020-07-29,310,400,129.03225806451613
HOSP-6370,The Johns Hopkins Hospital,icu,2020-12-24,330,390,118.18181818181819
HOSP-6371,The Johns Hopkins Hospital,icu,2023-12-17,280,380,135.71428571428572
HOSP-6372,The Johns Hopkins Hospital,pediatrics,,340,320,94.11764705882352
HOSP-6373,The Johns Hopkins Hospital,maternity,,470,210,44.680851063829785
HOSP-6374,The Johns Hopkins Hospital,icu,2020-08-17,470,380,80.85106382978722
HOSP-6374,The Johns Hopkins Hospital,maternity,2021-06-16,160,260,162.5
HOSP-6374,The Johns Hopkins Hospital,maternity,,360,200,55.55555555555556
HOSP-6374,The Johns Hopkins Hospital,pediatrics,2022-01-24,210,90,42.857142857142854
HOSP-6374,The Johns Hopkins Hospital,surgery,2020-11-29,390,260,66.66666666666666
HOSP-6375,The Johns Hopkins Hospital,maternity,,400,360,90.0
HOSP-6379,The Johns Hopkins Hospital,er,2021-05-26,320,340,106.25
HOSP-6379,The Johns Hopkins Hospital,er,2024-02-27,240,230,95.83333333333334
HOSP-6379,The Johns Hopkins Hospital,surgery,,110,100,90.9090909090909
HOSP-6380,The Johns Hopkins Hospital,er,2023-08-14,190,310,163.1578947368421
HOSP-6380,The Johns Hopkins Hospital,er,,230,320,139.1304347826087
HOSP-6380,The Johns Hopkins Hospital,icu,2023-06-19,130,200,153.84615384615387
HOSP-6380,The Johns Hopkins Hospital,maternity,,340,30,8.823529411764707
HOSP-6381,The Johns Hopkins Hospital,pediatrics,,320,350,109.375
HOSP-6382,The Johns Hopkins Hospital,icu,2021-06-15,140,70,50.0
HOSP-6382,The Johns Hopkins Hospital,surgery,,140,70,50.0
HOSP-6383,The Johns Hopkins Hospital,maternity,2023-10-25,160,110,68.75
HOSP-6384,The Johns Hopkins Hospital,er,,330,150,45.45454545454545
HOSP-6384,The Johns Hopkins Hospital,maternity,2024-01-25,120,340,283.33333333333337
HOSP-6384,The Johns Hopkins Hospital,pediatrics,,220,0,0.0
HOSP-6385,The Johns Hopkins Hospital,surgery,2022-03-16,250,150,60.0
HOSP-6385,The Johns Hopkins Hospital,surgery,2024-05-17,170,90,52.94117647058824
HOSP-6387,The Johns Hopkins Hospital,maternity,,280,370,132.14285714285714
HOSP-6391,The Johns Hopkins Hospital,maternity,2021-06-16,460,290,63.04347826086957
HOSP-6392,The Johns Hopkins Hospital,icu,2023-01-26,270,360,133.33333333333331
HOSP-6396,The Johns Hopkins Hospital,er,2020-09-18,280,150,53.57142857142857
HOSP-6396,The Johns Hopkins Hospital,maternity,2022-03-28,270,30,11.11111111111111
HOSP-6396,The Johns Hopkins Hospital,maternity,2023-12-14,450,380,84.44444444444444
HOSP-6401,The Johns Hopkins Hospital,maternity,2022-01-24,330,180,54.54545454545454
HOSP-6401,The Johns Hopkins Hospital,maternity,,160,210,131.25
HOSP-6402,The Johns Hopkins Hospital,maternity,2021-01-21,310,150,48.38709677419355
HOSP-6404,The Johns Hopkins Hospital,er,2023-11-28,400,30,7.5
HOSP-6404,The Johns Hopkins Hospital,er,2023-12-28,470,90,19.148936170212767
HOSP-6405,The Johns Hopkins Hospital,pediatrics,,380,360,94.73684210526315
HOSP-6405,The Johns Hopkins Hospital,surgery,,120,270,225.0
HOSP-6406,The Johns Hopkins Hospital,icu,,220,240,109.09090909090908
HOSP-6407,The Johns Hopkins Hospital,surgery,,200,40,20.0
HOSP-6408,The Johns Hopkins Hospital,pediatrics,2024-05-17,310,370,119.35483870967742
HOSP-6408,The Johns Hopkins Hospital,surgery,,440,330,75.0
HOSP-6409,The Johns Hopkins Hospital,er,2021-01-26,140,60,42.857142857142854
HOSP-6409,The Johns Hopkins Hospital,er,,390,300,76.92307692307693
HOSP-6410,The Johns Hopkins Hospital,pediatrics,2023-08-19,260,50,19.230769230769234
HOSP-6411,The Johns Hopkins Hospital,pediatrics,2024-06-22,450,290,64.44444444444444
HOSP-6411,The Johns Hopkins Hospital,surgery,2021-06-29,480,30,6.25
HOSP-6413,The Johns Hopkins Hospital,maternity,2024-02-29,350,400,114.28571428571428
HOSP-6415,The Johns Hopkins Hospital,pediatrics,,380,380,100.0
HOSP-6416,The Johns Hopkins Hospital,er,,130,70,53.84615384615385
HOSP-6417,The Johns Hopkins Hospital,icu,,300,340,113.33333333333333
HOSP-6417,The Johns Hopkins Hospital,surgery,2023-02-15,180,340,188.88888888888889
HOSP-6418,The Johns Hopkins Hospital,surgery,2024-01-14,330,330,100.0
HOSP-6419,The Johns Hopkins Hospital,er,,320,30,9.375
HOSP-6419,The Johns Hopkins Hospital,icu,,260,40,15.384615384615385
HOSP-6420,The Johns Hopkins Hospital,maternity,2021-07-28,340,120,35.294117647058826
HOSP-6420,The Johns Hopkins Hospital,surgery,,360,260,72.22222222222221
HOSP-6422,The Johns Hopkins Hospital,er,2021-11-25,340,220,64.70588235294117
HOSP-6423,The Johns Hopkins Hospital,er,2024-05-19,320,210,65.625
HOSP-6423,The Johns Hopkins Hospital,icu,2022-04-30,120,70,58.333333333333336
HOSP-6424,The Johns Hopkins Hospital,maternity,2020-12-20,330,330,100.0
HOSP-6425,The Johns Hopkins Hospital,maternity,,110,190,172.72727272727272
HOSP-6426,The Johns Hopkins Hospital,surgery,2022-06-19,350,340,97.14285714285714
HOSP-6427,The Johns Hopkins Hospital,maternity,2024-04-26,110,380,345.45454545454544
HOSP-6428,The Johns Hopkins Hospital,er,,400,0,0.0
HOSP-6429,The Johns Hopkins Hospital,pediatrics,2022-02-19,440,50,11.363636363636363
HOSP-6430,The Johns Hopkins Hospital,er,,120,150,125.0
HOSP-6434,The Johns Hopkins Hospital,maternity,2023-10-19,140,40,28.57142857142857
HOSP-6434,The Johns Hopkins Hospital,surgery,2021-11-27,290,60,20.689655172413794
HOSP-6435,The Johns Hopkins Hospital,er,2020-07-24,390,320,82.05128205128204
HOSP-6436,The Johns Hopkins Hospital,icu,2022-12-17,370,130,35.13513513513514
HOSP-6436,The Johns Hopkins Hospital,surgery,2023-02-19,370,70,18.91891891891892
HOSP-6437,The Johns Hopkins Hospital,maternity,2023-11-30,180,390,216.66666666666666
HOSP-6437,The Johns Hopkins Hospital,surgery,,350,200,57.14285714285714
HOSP-6439,The Johns Hopkins Hospital,surgery,,180,50,27.77777777777778
HOSP-6440,The Johns Hopkins Hospital,pediatrics,2023-07-20,390,180,46.15384615384615
HOSP-6440,The Johns Hopkins Hospital,pediatrics,,390,40,10.256410256410255
HOSP-6440,The Johns Hopkins Hospital,surgery,2024-05-22,420,100,23.809523809523807
HOSP-6441,The Johns Hopkins Hospital,icu,,420,260,61.904761904761905
HOSP-6441,The Johns Hopkins Hospital,pediatrics,,330,400,121.21212121212122
HOSP-6442,The Johns Hopkins Hospital,er,,160,280,175.0
HOSP-6442,The Johns Hopkins Hospital,maternity,2024-06-30,100,340,340.0
HOSP-6444,The Johns Hopkins Hospital,icu,,380,150,39.473684210526315
HOSP-6444,The Johns Hopkins Hospital,maternity,2021-08-19,490,280,57.14285714285714
HOSP-6445,The Johns Hopkins Hospital,pediatrics,2023-03-25,260,300,115.38461538461537
HOSP-6446,The Johns Hopkins Hospital,maternity,2023-04-22,250,140,56.00000000000001
HOSP-6447,The Johns Hopkins Hospital,er,,310,240,77.41935483870968
HOSP-6448,The Johns Hopkins Hospital,pediatrics,,200,170,85.0
HOSP-6449,The Johns Hopkins Hospital,er,2020-10-20,180,50,27.77777777777778
HOSP-6450,The Johns Hopkins Hospital,pediatrics,,270,30,11.11111111111111
HOSP-6451,The Johns Hopkins Hospital,icu,2022-12-23,170,400,235.29411764705884
HOSP-6452,The Johns Hopkins Hospital,er,2021-01-24,210,390,185.71428571428572
HOSP-6452,The Johns Hopkins Hospital,pediatrics,,350,380,108.57142857142857
HOSP-6454,The Johns Hopkins Hospital,maternity,2021-09-20,500,100,20.0
HOSP-6454,The Johns Hopkins Hospital,surgery,,230,250,108.69565217391303
HOSP-6456,The Johns Hopkins Hospital,er,2021-07-16,150,220,146.66666666666666
HOSP-6457,The Johns Hopkins Hospital,icu,2023-05-19,410,250,60.97560975609756
HOSP-6459,The Johns Hopkins Hospital,icu,2024-03-29,450,40,8.88888888888889
HOSP-6462,The Johns Hopkins Hospital,er,,230,380,165.2173913043478
HOSP-6462,The Johns Hopkins Hospital,icu,2020-10-20,160,300,187.5
HOSP-6462,The Johns Hopkins Hospital,maternity,2021-06-16,490,80,16.3265306122449
HOSP-6464,The Johns Hopkins Hospital,pediatrics,2022-07-15,450,380,84.44444444444444
HOSP-6464,The Johns Hopkins Hospital,surgery,2021-03-24,190,220,115.78947368421053
HOSP-6465,The Johns Hopkins Hospital,maternity,2022-03-26,300,110,36.666666666666664
HOSP-6465,The Johns Hopkins Hospital,surgery,,120,340,283.33333333333337
HOSP-6467,The Johns Hopkins Hospital,maternity,2020-09-25,310,70,22.58064516129032
HOSP-6468,The Johns Hopkins Hospital,er,2021-05-17,150,300,200.0
HOSP-6468,The Johns Hopkins Hospital,pediatrics,,380,0,0.0
HOSP-6468,The Johns Hopkins Hospital,surgery,,340,320,94.11764705882352
HOSP-6469,The Johns Hopkins Hospital,er,2022-07-23,120,80,66.66666666666666
HOSP-6470,The Johns Hopkins Hospital,surgery,,450,370,82.22222222222221
HOSP-6471,The Johns Hopkins Hospital,surgery,2020-12-16,150,40,26.666666666666668
HOSP-6473,The Johns Hopkins Hospital,pediatrics,2021-11-15,390,280,71.7948717948718
HOSP-6473,The Johns Hopkins Hospital,surgery,2023-09-20,310,200,64.51612903225806
HOSP-6475,The Johns Hopkins Hospital,maternity,2023-06-14,150,300,200.0
HOSP-6477,The Johns Hopkins Hospital,er,,240,280,116.66666666666667
HOSP-6477,The Johns Hopkins Hospital,maternity,2020-12-13,310,400,129.03225806451613
HOSP-6478,The Johns Hopkins Hospital,er,2021-01-26,130,330,253.84615384615384
HOSP-6479,The Johns Hopkins Hospital,er,2021-03-21,340,50,14.705882352941178
HOSP-6480,The Johns Hopkins Hospital,pediatrics,2024-01-27,350,70,20.0
HOSP-6481,The Johns Hopkins Hospital,er,2023-05-20,500,30,6.0
HOSP-6482,The Johns Hopkins Hospital,icu,2023-01-27,440,10,2.272727272727273
HOSP-6484,The Johns Hopkins Hospital,icu,,150,60,40.0
HOSP-6484,The Johns Hopkins Hospital,maternity,,180,10,5.555555555555555
HOSP-6485,The Johns Hopkins Hospital,maternity,2024-03-27,380,340,89.47368421052632
HOSP-6487,The Johns Hopkins Hospital,er,2023-02-19,110,80,72.72727272727273
HOSP-6488,The Johns Hopkins Hospital,er,,200,70,35.0
HOSP-6489,The Johns Hopkins Hospital,pediatrics,2021-09-18,190,260,136.8421052631579
HOSP-6493,The Johns Hopkins Hospital,icu,2020-08-18,460,340,73.91304347826086
HOSP-6493,The Johns Hopkins Hospital,icu,,200,30,15.0
HOSP-6495,The Johns Hopkins Hospital,er,2024-02-24,500,30,6.0
HOSP-6495,The Johns Hopkins Hospital,er,,190,390,205.26315789473685
HOSP-6497,The Johns Hopkins Hospital,maternity,2021-07-18,500,300,60.0
HOSP-6497,The Johns Hopkins Hospital,pediatrics,2023-03-24,340,400,117.64705882352942
HOSP-6498,The Johns Hopkins Hospital,er,,500,270,54.0
HOSP-6498,The Johns Hopkins Hospital,pediatrics,,420,210,50.0
HOSP-6498,The Johns Hopkins Hospital,surgery,2020-10-20,400,0,0.0
HOSP-6498,The Johns Hopkins Hospital,surgery,2021-03-28,240,170,70.83333333333334
HOSP-6500,The Johns Hopkins Hospital,icu,,340,90,26.47058823529412
HOSP-6501,The Johns Hopkins Hospital,maternity,2021-05-16,340,250,73.52941176470588
HOSP-6501,The Johns Hopkins Hospital,surgery,,150,230,153.33333333333334
HOSP-6502,The Johns Hopkins Hospital,er,,420,0,0.0
HOSP-6503,The Johns Hopkins Hospital,icu,2022-07-25,310,240,77.41935483870968
HOSP-6505,The Johns Hopkins Hospital,icu,2023-10-23,300,40,13.333333333333334
HOSP-6507,The Johns Hopkins Hospital,pediatrics,2022-06-27,440,170,38.63636363636363
HOSP-6508,The Johns Hopkins Hospital,er,,100,330,330.0
HOSP-6508,The Johns Hopkins Hospital,maternity,,230,50,21.73913043478261
HOSP-6508,The Johns Hopkins Hospital,pediatrics,2023-12-22,210,270,128.57142857142858
HOSP-6512,The Johns Hopkins Hospital,er,,110,230,209.0909090909091
HOSP-6513,The Johns Hopkins Hospital,icu,,450,300,66.66666666666666
HOSP-6514,The Johns Hopkins Hospital,er,2022-10-25,250,360,144.0
HOSP-6515,The Johns Hopkins Hospital,maternity,2021-04-28,370,260,70.27027027027027
HOSP-6517,The Johns Hopkins Hospital,er,,170,90,52.94117647058824
HOSP-6517,The Johns Hopkins Hospital,icu,,330,110,33.33333333333333
HOSP-6520,The Johns Hopkins Hospital,maternity,2021-08-19,410,370,90.2439024390244
HOSP-6521,The Johns Hopkins Hospital,maternity,2020-09-17,240,350,145.83333333333331
HOSP-6522,The Johns Hopkins Hospital,surgery,2021-06-21,410,360,87.8048780487805
HOSP-6522,The Johns Hopkins Hospital,surgery,2021-08-27,250,250,100.0
HOSP-6524,The Johns Hopkins Hospital,icu,2021-02-13,130,280,215.3846153846154
HOSP-6524,The Johns Hopkins Hospital,icu,2022-06-20,340,30,8.823529411764707
HOSP-6525,The Johns Hopkins Hospital,maternity,2023-05-31,370,0,0.0
HOSP-6525,The Johns Hopkins Hospital,surgery,2022-03-24,250,200,80.0
HOSP-6526,The Johns Hopkins Hospital,icu,2022-12-22,170,60,35.294117647058826
HOSP-6526,The Johns Hopkins Hospital,pediatrics,2021-05-28,330,100,30.303030303030305
HOSP-6527,The Johns Hopkins Hospital,surgery,2021-05-17,270,110,40.74074074074074
HOSP-6528,The Johns Hopkins Hospital,maternity,2023-08-27,190,270,142.10526315789474
HOSP-6528,The Johns Hopkins Hospital,surgery,2021-05-22,200,390,195.0
HOSP-6528,The Johns Hopkins Hospital,surgery,2021-08-26,150,400,266.66666666666663
HOSP-6528,The Johns Hopkins Hospital,surgery,2022-02-27,430,10,2.3255813953488373
HOSP-6529,The Johns Hopkins Hospital,icu,2024-07-15,320,380,118.75
HOSP-6530,The Johns Hopkins Hospital,er,2021-10-21,110,380,345.45454545454544
HOSP-6530,The Johns Hopkins Hospital,pediatrics,2024-02-27,250,200,80.0
HOSP-6531,The Johns Hopkins Hospital,icu,2022-11-28,190,100,52.63157894736842
HOSP-6532,The Johns Hopkins Hospital,er,2021-09-22,340,370,108.8235294117647
HOSP-6532,The Johns Hopkins Hospital,pediatrics,,160,270,168.75
HOSP-6532,The Johns Hopkins Hospital,surgery,2024-06-24,330,120,36.36363636363637
HOSP-6533,The Johns Hopkins Hospital,pediatrics,2023-04-24,250,340,136.0
HOSP-6533,The Johns Hopkins Hospital,surgery,2022-10-16,370,390,105.40540540540539
HOSP-6534,The Johns Hopkins Hospital,pediatrics,,370,160,43.24324324324324
HOSP-6535,The Johns Hopkins Hospital,maternity,,200,360,180.0
HOSP-6537,The Johns Hopkins Hospital,er,2023-03-26,310,130,41.935483870967744
HOSP-6537,The Johns Hopkins Hospital,icu,2021-10-17,460,200,43.47826086956522
HOSP-6537,The Johns Hopkins Hospital,maternity,,390,210,53.84615384615385
HOSP-6538,The Johns Hopkins Hospital,pediatrics,2021-04-25,210,10,4.761904761904762
HOSP-6540,The Johns Hopkins Hospital,icu,,400,220,55.00000000000001
HOSP-6541,The Johns Hopkins Hospital,maternity,2020-09-17,410,50,12.195121951219512
HOSP-6544,The Johns Hopkins Hospital,maternity,2024-01-14,150,150,100.0
HOSP-6544,The Johns Hopkins Hospital,maternity,,380,220,57.89473684210527
HOSP-6544,The Johns Hopkins Hospital,pediatrics,,130,210,161.53846153846155
HOSP-6546,The Johns Hopkins Hospital,icu,,450,240,53.333333333333336
HOSP-6547,The Johns Hopkins Hospital,er,2021-09-18,130,330,253.84615384615384
HOSP-6547,The Johns Hopkins Hospital,surgery,2022-11-14,230,120,52.17391304347826
HOSP-6548,The Johns Hopkins Hospital,icu,2021-08-28,430,40,9.30232558139535
HOSP-6549,The Johns Hopkins Hospital,pediatrics,2021-01-30,210,250,119.04761904761905
HOSP-6551,The Johns Hopkins Hospital,er,2021-07-18,220,330,150.0
HOSP-6551,The Johns Hopkins Hospital,icu,,380,40,10.526315789473683
HOSP-6553,The Johns Hopkins Hospital,pediatrics,2023-10-31,430,380,88.37209302325581
HOSP-6555,The Johns Hopkins Hospital,icu,,170,130,76.47058823529412
HOSP-6558,The Johns Hopkins Hospital,pediatrics,2020-10-17,200,260,130.0
HOSP-6559,The Johns Hopkins Hospital,pediatrics,2022-03-26,240,100,41.66666666666667
HOSP-6559,The Johns Hopkins Hospital,pediatrics,,410,160,39.02439024390244
HOSP-6562,The Johns Hopkins Hospital,icu,2021-01-27,350,370,105.71428571428572
HOSP-6563,The Johns Hopkins Hospital,surgery,2020-12-31,450,160,35.55555555555556
HOSP-6564,The Johns Hopkins Hospital,pediatrics,,470,10,2.127659574468085
HOSP-6565,The Johns Hopkins Hospital,pediatrics,,210,290,138.0952380952381
HOSP-6567,The Johns Hopkins Hospital,er,2023-10-15,330,100,30.303030303030305
HOSP-6567,The Johns Hopkins Hospital,maternity,,200,230,114.99999999999999
HOSP-6568,The Johns Hopkins Hospital,er,2022-12-30,410,340,82.92682926829268
HOSP-6569,The Johns Hopkins Hospital,pediatrics,,500,60,12.0
HOSP-6570,The Johns Hopkins Hospital,er,2021-02-27,500,280,56.00000000000001
HOSP-6573,The Johns Hopkins Hospital,icu,,310,10,3.225806451612903
HOSP-6574,The Johns Hopkins Hospital,er,,400,90,22.5
HOSP-6576,The Johns Hopkins Hospital,er,2021-04-16,200,10,5.0
HOSP-6578,The Johns Hopkins Hospital,maternity,2022-02-18,130,20,15.384615384615385
HOSP-6578,The Johns Hopkins Hospital,maternity,,100,390,390.0
HOSP-6579,The Johns Hopkins Hospital,icu,,150,350,233.33333333333334
HOSP-6580,The Johns Hopkins Hospital,maternity,,220,40,18.181818181818183
HOSP-6581,The Johns Hopkins Hospital,surgery,,280,350,125.0
HOSP-6584,The Johns Hopkins Hospital,surgery,2021-08-24,360,190,52.77777777777778
HOSP-6585,The Johns Hopkins Hospital,er,2023-01-24,240,290,120.83333333333333
HOSP-6585,The Johns Hopkins Hospital,icu,,290,0,0.0
HOSP-6585,The Johns Hopkins Hospital,surgery,2021-08-22,100,320,320.0
HOSP-6586,The Johns Hopkins Hospital,pediatrics,2023-10-30,340,140,41.17647058823529
HOSP-6587,The Johns Hopkins Hospital,icu,,430,190,44.18604651162791
HOSP-6587,The Johns Hopkins Hospital,pediatrics,2021-12-22,220,240,109.09090909090908
HOSP-6588,The Johns Hopkins Hospital,icu,2021-03-15,180,310,172.22222222222223
HOSP-6591,The Johns Hopkins Hospital,er,,480,40,8.333333333333332
HOSP-6591,The Johns Hopkins Hospital,pediatrics,,140,210,150.0
HOSP-6594,The Johns Hopkins Hospital,surgery,,120,370,308.33333333333337
HOSP-6595,The Johns Hopkins Hospital,maternity,,240,40,16.666666666666664
HOSP-6598,The Johns Hopkins Hospital,surgery,2022-08-23,300,110,36.666666666666664
HOSP-6599,The Johns Hopkins Hospital,er,2021-06-15,220,40,18.181818181818183
HOSP-6599,The Johns Hopkins Hospital,maternity,2024-04-15,360,110,30.555555555555557
HOSP-6599,The Johns Hopkins Hospital,surgery,2020-12-24,430,90,20.930232558139537
HOSP-6600,The Johns Hopkins Hospital,er,2020-08-26,210,310,147.61904761904762
HOSP-6600,The Johns Hopkins Hospital,icu,2023-09-23,310,400,129.03225806451613
HOSP-6601,The Johns Hopkins Hospital,er,2021-04-25,450,220,48.888888888888886
HOSP-6601,The Johns Hopkins Hospital,maternity,2022-12-22,130,360,276.9230769230769
HOSP-6602,The Johns Hopkins Hospital,surgery,2021-10-19,390,210,53.84615384615385
HOSP-6603,The Johns Hopkins Hospital,icu,2023-08-31,400,200,50.0
HOSP-6603,The Johns Hopkins Hospital,surgery,,490,340,69.38775510204081
HOSP-6604,The Johns Hopkins Hospital,maternity,,120,100,83.33333333333334
HOSP-6606,The Johns Hopkins Hospital,er,,460,80,17.391304347826086
HOSP-6607,The Johns Hopkins Hospital,maternity,,470,310,65.95744680851064
HOSP-6607,The Johns Hopkins Hospital,pediatrics,2021-01-30,240,90,37.5
HOSP-6607,The Johns Hopkins Hospital,surgery,2021-07-16,340,370,108.8235294117647
HOSP-6608,The Johns Hopkins Hospital,pediatrics,,110,340,309.09090909090907
HOSP-6609,The Johns Hopkins Hospital,er,2023-05-31,370,200,54.054054054054056
HOSP-6609,The Johns Hopkins Hospital,er,2024-06-25,470,40,8.51063829787234
HOSP-6610,The Johns Hopkins Hospital,er,2021-08-23,270,270,100.0
HOSP-6610,The Johns Hopkins Hospital,pediatrics,,160,370,231.25
HOSP-6611,The Johns Hopkins Hospital,pediatrics,2020-10-29,320,10,3.125
HOSP-6612,The Johns Hopkins Hospital,er,2022-12-26,360,20,5.555555555555555
HOSP-6612,The Johns Hopkins Hospital,icu,,370,350,94.5945945945946
HOSP-6613,The Johns Hopkins Hospital,maternity,2023-04-29,170,330,194.11764705882354
HOSP-6613,The Johns Hopkins Hospital,pediatrics,2021-02-23,380,130,34.21052631578947
HOSP-6614,The Johns Hopkins Hospital,er,,460,320,69.56521739130434
HOSP-6614,The Johns Hopkins Hospital,icu,2021-09-27,460,310,67.3913043478261
HOSP-6614,The Johns Hopkins Hospital,icu,2022-08-22,420,140,33.33333333333333
HOSP-6616,The Johns Hopkins Hospital,er,,240,50,20.833333333333336
HOSP-6616,The Johns Hopkins Hospital,icu,2023-09-16,190,20,10.526315789473683
HOSP-6617,The Johns Hopkins Hospital,maternity,,400,140,35.0
HOSP-6617,The Johns Hopkins Hospital,pediatrics,2021-11-25,220,70,31.818181818181817
HOSP-6618,The Johns Hopkins Hospital,er,2021-01-16,220,250,113.63636363636364
HOSP-6619,The Johns Hopkins Hospital,er,2023-03-17,400,240,60.0
HOSP-6619,The Johns Hopkins Hospital,pediatrics,,470,310,65.95744680851064
HOSP-6620,The Johns Hopkins Hospital,surgery,2023-10-27,300,230,76.66666666666667
HOSP-6622,The Johns Hopkins Hospital,pediatrics,2022-01-15,130,100,76.92307692307693
HOSP-6624,The Johns Hopkins Hospital,er,,420,220,52.38095238095239
HOSP-6626,The Johns Hopkins Hospital,er,2021-05-25,390,400,102.56410256410255
HOSP-6627,The Johns Hopkins Hospital,surgery,2020-08-22,310,50,16.129032258064516
HOSP-6628,The Johns Hopkins Hospital,er,2020-09-19,370,130,35.13513513513514
HOSP-6628,The Johns Hopkins Hospital,er,,340,150,44.11764705882353
HOSP-6629,The Johns Hopkins Hospital,maternity,2022-06-19,140,330,235.71428571428572
HOSP-6629,The Johns Hopkins Hospital,surgery,2022-12-22,100,280,280.0
HOSP-6630,The Johns Hopkins Hospital,er,2021-12-22,240,50,20.833333333333336
HOSP-6630,The Johns Hopkins Hospital,icu,2022-01-24,400,190,47.5
HOSP-6630,The Johns Hopkins Hospital,surgery,2024-07-16,270,330,122.22222222222223
HOSP-6631,The Johns Hopkins Hospital,icu,2023-01-30,210,340,161.9047619047619
HOSP-6631,The Johns Hopkins Hospital,pediatrics,,240,260,108.33333333333333
HOSP-6631,The Johns Hopkins Hospital,surgery,,480,190,39.58333333333333
HOSP-6632,The Johns Hopkins Hospital,maternity,,280,40,14.285714285714285
HOSP-6633,The Johns Hopkins Hospital,surgery,2022-03-26,110,130,118.18181818181819
HOSP-6635,The Johns Hopkins Hospital,er,2023-10-17,360,200,55.55555555555556
HOSP-6635,The Johns Hopkins Hospital,surgery,2023-09-27,130,290,223.0769230769231
HOSP-6637,The Johns Hopkins Hospital,icu,2023-07-19,360,300,83.33333333333334
HOSP-6638,The Johns Hopkins Hospital,icu,2022-09-21,310,50,16.129032258064516
HOSP-6639,The Johns Hopkins Hospital,er,,190,80,42.10526315789473
HOSP-6640,The Johns Hopkins Hospital,icu,2023-03-17,110,50,45.45454545454545
HOSP-6641,The Johns Hopkins Hospital,er,2021-07-14,350,390,111.42857142857143
HOSP-6641,The Johns Hopkins Hospital,icu,,380,240,63.1578947368421
HOSP-6641,The Johns Hopkins Hospital,surgery,,370,130,35.13513513513514
HOSP-6642,The Johns Hopkins Hospital,surgery,2024-05-15,270,290,107.40740740740742
HOSP-6646,The Johns Hopkins Hospital,surgery,2022-09-15,200,100,50.0
HOSP-6646,The Johns Hopkins Hospital,surgery,,420,280,66.66666666666666
HOSP-6647,The Johns Hopkins Hospital,icu,,460,100,21.73913043478261
HOSP-6648,The Johns Hopkins Hospital,maternity,2022-01-21,400,270,67.5
HOSP-6649,The Johns Hopkins Hospital,icu,,380,390,102.63157894736842
HOSP-6649,The Johns Hopkins Hospital,maternity,,130,140,107.6923076923077
HOSP-6649,The Johns Hopkins Hospital,surgery,2022-04-16,200,170,85.0
HOSP-6650,The Johns Hopkins Hospital,icu,2024-06-21,100,10,10.0
HOSP-6654,The Johns Hopkins Hospital,er,,340,250,73.52941176470588
HOSP-6654,The Johns Hopkins Hospital,pediatrics,2022-03-17,350,150,42.857142857142854
HOSP-6655,The Johns Hopkins Hospital,surgery,2020-11-17,390,70,17.94871794871795
HOSP-6657,The Johns Hopkins Hospital,er,2024-05-16,220,280,127.27272727272727
HOSP-6657,The Johns Hopkins Hospital,maternity,2023-02-14,170,50,29.411764705882355
HOSP-6658,The Johns Hopkins Hospital,icu,2024-01-16,480,260,54.166666666666664
HOSP-6658,The Johns Hopkins Hospital,surgery,2021-10-24,220,70,31.818181818181817
HOSP-6658,The Johns Hopkins Hospital,surgery,2023-04-15,100,320,320.0
HOSP-6659,The Johns Hopkins Hospital,surgery,2022-04-15,190,200,105.26315789473684
HOSP-6660,The Johns Hopkins Hospital,er,,250,180,72.0
HOSP-6661,The Johns Hopkins Hospital,icu,2023-05-29,360,210,58.333333333333336
HOSP-6661,The Johns Hopkins Hospital,pediatrics,2023-11-17,290,180,62.06896551724138
HOSP-6661,The Johns Hopkins Hospital,surgery,,200,130,65.0
HOSP-6662,The Johns Hopkins Hospital,er,2023-07-15,250,250,100.0
HOSP-6662,The Johns Hopkins Hospital,maternity,,320,260,81.25
HOSP-6664,The Johns Hopkins Hospital,surgery,2023-03-25,250,110,44.0
HOSP-6664,The Johns Hopkins Hospital,surgery,2024-05-28,360,380,105.55555555555556
HOSP-6666,The Johns Hopkins Hospital,surgery,2023-04-18,200,50,25.0
HOSP-6668,The Johns Hopkins Hospital,surgery,,330,380,115.15151515151516
HOSP-6669,The Johns Hopkins Hospital,icu,,350,130,37.142857142857146
HOSP-6669,The Johns Hopkins Hospital,surgery,2021-06-23,120,290,241.66666666666666
HOSP-6673,The Johns Hopkins Hospital,maternity,2024-02-22,110,100,90.9090909090909
HOSP-6674,The Johns Hopkins Hospital,er,2021-09-18,140,100,71.42857142857143
HOSP-6677,The Johns Hopkins Hospital,surgery,,160,280,175.0
HOSP-6679,The Johns Hopkins Hospital,maternity,,210,220,104.76190476190477
HOSP-6679,The Johns Hopkins Hospital,pediatrics,2020-08-14,410,350,85.36585365853658
HOSP-6680,The Johns Hopkins Hospital,icu,,400,100,25.0
HOSP-6680,The Johns Hopkins Hospital,pediatrics,,360,220,61.111111111111114
HOSP-6681,The Johns Hopkins Hospital,er,2023-08-13,180,340,188.88888888888889
HOSP-6681,The Johns Hopkins Hospital,surgery,2024-03-13,270,360,133.33333333333331
HOSP-6682,The Johns Hopkins Hospital,icu,,280,180,64.28571428571429
HOSP-6684,The Johns Hopkins Hospital,icu,2020-09-17,150,390,260.0
HOSP-6684,The Johns Hopkins Hospital,maternity,2023-12-28,110,320,290.90909090909093
HOSP-6684,The Johns Hopkins Hospital,maternity,,130,10,7.6923076923076925
HOSP-6685,The Johns Hopkins Hospital,er,2023-10-28,490,150,30.612244897959183
HOSP-6685,The Johns Hopkins Hospital,er,2024-01-16,100,400,400.0
HOSP-6686,The Johns Hopkins Hospital,icu,2024-04-18,370,400,108.10810810810811
HOSP-6686,The Johns Hopkins Hospital,maternity,2022-05-26,390,130,33.33333333333333
HOSP-6686,The Johns Hopkins Hospital,pediatrics,2021-03-26,250,310,124.0
HOSP-6687,The Johns Hopkins Hospital,er,2024-05-19,470,300,63.829787234042556
HOSP-6689,The Johns Hopkins Hospital,pediatrics,,400,290,72.5
HOSP-6690,The Johns Hopkins Hospital,maternity,2020-07-31,130,360,276.9230769230769
HOSP-6690,The Johns Hopkins Hospital,pediatrics,,250,330,132.0
HOSP-6692,The Johns Hopkins Hospital,pediatrics,,190,120,63.1578947368421
HOSP-6694,The Johns Hopkins Hospital,maternity,2021-07-22,130,190,146.15384615384613
HOSP-6694,The Johns Hopkins Hospital,surgery,,450,370,82.22222222222221
HOSP-6696,The Johns Hopkins Hospital,pediatrics,2020-12-24,240,160,66.66666666666666
HOSP-6697,The Johns Hopkins Hospital,er,2023-07-15,220,60,27.27272727272727
HOSP-6697,The Johns Hopkins Hospital,pediatrics,2021-02-24,420,240,57.14285714285714
HOSP-6698,The Johns Hopkins Hospital,er,,170,130,76.47058823529412
HOSP-6698,The Johns Hopkins Hospital,icu,2021-08-24,360,190,52.77777777777778
HOSP-6699,The Johns Hopkins Hospital,icu,,220,210,95.45454545454545
HOSP-6700,The Johns Hopkins Hospital,er,2023-04-30,140,290,207.14285714285717
HOSP-6700,The Johns Hopkins Hospital,icu,2021-09-18,230,70,30.434782608695656
HOSP-6701,The Johns Hopkins Hospital,icu,,390,260,66.66666666666666
HOSP-6701,The Johns Hopkins Hospital,pediatrics,,420,200,47.61904761904761
HOSP-6702,The Johns Hopkins Hospital,pediatrics,2022-04-16,130,80,61.53846153846154
HOSP-6703,The Johns Hopkins Hospital,surgery,,330,400,121.21212121212122
HOSP-6704,The Johns Hopkins Hospital,er,,480,390,81.25
HOSP-6704,The Johns Hopkins Hospital,icu,,390,320,82.05128205128204
HOSP-6704,The Johns Hopkins Hospital,pediatrics,2022-05-19,120,400,333.33333333333337
HOSP-6705,The Johns Hopkins Hospital,er,2022-09-30,380,170,44.73684210526316
HOSP-6705,The Johns Hopkins Hospital,surgery,2021-06-15,280,230,82.14285714285714
HOSP-6706,The Johns Hopkins Hospital,maternity,2023-03-26,240,70,29.166666666666668
HOSP-6706,The Johns Hopkins Hospital,pediatrics,2021-05-14,470,240,51.06382978723404
HOSP-6707,The Johns Hopkins Hospital,er,,250,40,16.0
HOSP-6707,The Johns Hopkins Hospital,surgery,,220,20,9.090909090909092
HOSP-6708,The Johns Hopkins Hospital,pediatrics,2023-06-21,200,180,90.0
HOSP-6709,The Johns Hopkins Hospital,maternity,2022-01-16,350,180,51.42857142857142
HOSP-6709,The Johns Hopkins Hospital,maternity,2023-04-16,410,70,17.073170731707318
HOSP-6710,The Johns Hopkins Hospital,er,,420,90,21.428571428571427
HOSP-6711,The Johns Hopkins Hospital,maternity,,460,340,73.91304347826086
HOSP-6712,The Johns Hopkins Hospital,maternity,,400,40,10.0
HOSP-6712,The Johns Hopkins Hospital,surgery,2021-06-28,350,360,102.85714285714285
HOSP-6713,The Johns Hopkins Hospital,maternity,2022-11-28,230,130,56.52173913043478
HOSP-6713,The Johns Hopkins Hospital,maternity,2024-04-24,190,200,105.26315789473684
HOSP-6713,The Johns Hopkins Hospital,surgery,2020-09-21,120,220,183.33333333333331
HOSP-6713,The Johns Hopkins Hospital,surgery,2024-06-13,480,350,72.91666666666666
HOSP-6715,The Johns Hopkins Hospital,maternity,2023-10-27,370,270,72.97297297297297
HOSP-6716,The Johns Hopkins Hospital,er,2023-04-26,380,180,47.368421052631575
HOSP-6717,The Johns Hopkins Hospital,surgery,2021-03-25,270,210,77.77777777777779
HOSP-6720,The Johns Hopkins Hospital,icu,2021-04-23,370,360,97.2972972972973
HOSP-6721,The Johns Hopkins Hospital,surgery,2023-02-13,210,40,19.047619047619047
HOSP-6722,The Johns Hopkins Hospital,icu,2022-09-13,220,270,122.72727272727273
HOSP-6722,The Johns Hopkins Hospital,pediatrics,2023-01-25,290,10,3.4482758620689653
HOSP-6723,The Johns Hopkins Hospital,er,2021-06-14,400,300,75.0
HOSP-6723,The Johns Hopkins Hospital,icu,2022-09-30,130,200,153.84615384615387
HOSP-6725,The Johns Hopkins Hospital,er,2022-01-29,110,60,54.54545454545454
HOSP-6728,The Johns Hopkins Hospital,pediatrics,2023-09-21,350,340,97.14285714285714
HOSP-6729,The Johns Hopkins Hospital,icu,,200,320,160.0
HOSP-6730,The Johns Hopkins Hospital,maternity,2021-01-14,320,120,37.5
HOSP-6732,The Johns Hopkins Hospital,er,2023-10-26,270,180,66.66666666666666
HOSP-6732,The Johns Hopkins Hospital,er,,390,130,33.33333333333333
HOSP-6732,The Johns Hopkins Hospital,pediatrics,2024-02-16,450,150,33.33333333333333
HOSP-6733,The Johns Hopkins Hospital,maternity,,330,90,27.27272727272727
HOSP-6734,The Johns Hopkins Hospital,er,,500,70,14.000000000000002
HOSP-6735,The Johns Hopkins Hospital,pediatrics,,420,170,40.476190476190474
HOSP-6738,The Johns Hopkins Hospital,er,,100,240,240.0
HOSP-6738,The Johns Hopkins Hospital,pediatrics,,400,260,65.0
HOSP-6741,The Johns Hopkins Hospital,maternity,,170,200,117.64705882352942
HOSP-6742,The Johns Hopkins Hospital,er,,200,50,25.0
HOSP-6742,The Johns Hopkins Hospital,maternity,2022-10-16,400,390,97.5
HOSP-6743,The Johns Hopkins Hospital,surgery,2020-09-18,500,370,74.0
HOSP-6744,The Johns Hopkins Hospital,maternity,,370,390,105.40540540540539
HOSP-6744,The Johns Hopkins Hospital,pediatrics,2023-07-16,240,300,125.0
HOSP-6744,The Johns Hopkins Hospital,surgery,,490,330,67.3469387755102
HOSP-6745,The Johns Hopkins Hospital,maternity,2022-04-29,220,50,22.727272727272727
HOSP-6747,The Johns Hopkins Hospital,pediatrics,,210,300,142.85714285714286
HOSP-6750,The Johns Hopkins Hospital,pediatrics,2021-12-13,270,30,11.11111111111111
HOSP-6752,The Johns Hopkins Hospital,er,,200,110,55.00000000000001
HOSP-6752,The Johns Hopkins Hospital,pediatrics,,130,130,100.0
HOSP-6752,The Johns Hopkins Hospital,surgery,2024-07-13,460,350,76.08695652173914
HOSP-6753,The Johns Hopkins Hospital,er,2022-08-27,160,0,0.0
HOSP-6753,The Johns Hopkins Hospital,maternity,2022-07-29,390,360,92.3076923076923
HOSP-6753,The Johns Hopkins Hospital,pediatrics,,460,230,50.0
HOSP-6755,The Johns Hopkins Hospital,er,,460,290,63.04347826086957
HOSP-6756,The Johns Hopkins Hospital,surgery,,190,350,184.21052631578948
HOSP-6757,The Johns Hopkins Hospital,pediatrics,2023-01-18,440,300,68.18181818181817
HOSP-6757,The Johns Hopkins Hospital,pediatrics,,250,30,12.0
HOSP-6758,The Johns Hopkins Hospital,maternity,2023-11-14,330,280,84.84848484848484
HOSP-6759,The Johns Hopkins Hospital,er,2021-09-17,220,140,63.63636363636363
HOSP-6759,The Johns Hopkins Hospital,er,2024-04-30,410,370,90.2439024390244
HOSP-6759,The Johns Hopkins Hospital,er,,120,50,41.66666666666667
HOSP-6759,The Johns Hopkins Hospital,pediatrics,2023-02-14,360,150,41.66666666666667
HOSP-6760,The Johns Hopkins Hospital,er,2022-03-24,330,350,106.06060606060606
HOSP-6760,The Johns Hopkins Hospital,er,,310,100,32.25806451612903
HOSP-6760,The Johns Hopkins Hospital,pediatrics,2021-12-16,500,230,46.0
HOSP-6760,The Johns Hopkins Hospital,pediatrics,2022-01-14,100,240,240.0
HOSP-6761,The Johns Hopkins Hospital,surgery,,180,340,188.88888888888889
HOSP-6762,The Johns Hopkins Hospital,icu,2022-08-20,290,310,106.89655172413792
HOSP-6762,The Johns Hopkins Hospital,surgery,2021-10-26,270,180,66.66666666666666
HOSP-6763,The Johns Hopkins Hospital,er,2023-07-20,250,110,44.0
HOSP-6763,The Johns Hopkins Hospital,icu,,180,60,33.33333333333333
HOSP-6763,The Johns Hopkins Hospital,maternity,2024-05-15,500,280,56.00000000000001
HOSP-6763,The Johns Hopkins Hospital,pediatrics,,150,390,260.0
HOSP-6764,The Johns Hopkins Hospital,er,,140,290,207.14285714285717
HOSP-6765,The Johns Hopkins Hospital,icu,2021-11-27,480,50,10.416666666666668
HOSP-6765,The Johns Hopkins Hospital,maternity,,290,330,113.79310344827587
HOSP-6765,The Johns Hopkins Hospital,surgery,2022-12-28,100,100,100.0
HOSP-6766,The Johns Hopkins Hospital,icu,,200,140,70.0
HOSP-6771,The Johns Hopkins Hospital,icu,2023-05-18,200,0,0.0
HOSP-6771,The Johns Hopkins Hospital,maternity,,400,80,20.0
HOSP-6772,The Johns Hopkins Hospital,er,2022-10-18,140,130,92.85714285714286
HOSP-6772,The Johns Hopkins Hospital,pediatrics,,190,240,126.3157894736842
HOSP-6773,The Johns Hopkins Hospital,icu,2020-12-29,330,30,9.090909090909092
HOSP-6773,The Johns Hopkins Hospital,pediatrics,2021-05-25,160,380,237.5
HOSP-6773,The Johns Hopkins Hospital,surgery,,380,160,42.10526315789473
HOSP-6774,The Johns Hopkins Hospital,er,,180,300,166.66666666666669
HOSP-6775,The Johns Hopkins Hospital,er,2021-12-16,370,330,89.1891891891892
HOSP-6775,The Johns Hopkins Hospital,pediatrics,,240,150,62.5
HOSP-6776,The Johns Hopkins Hospital,surgery,2021-11-16,130,250,192.30769230769232
HOSP-6777,The Johns Hopkins Hospital,er,2023-06-18,110,60,54.54545454545454
HOSP-6777,The Johns Hopkins Hospital,icu,2021-09-19,180,310,172.22222222222223
HOSP-6777,The Johns Hopkins Hospital,surgery,2023-06-19,330,110,33.33333333333333
HOSP-6778,The Johns Hopkins Hospital,pediatrics,,370,100,27.027027027027028
HOSP-6779,The Johns Hopkins Hospital,er,2023-07-29,450,10,2.2222222222222223
HOSP-6779,The Johns Hopkins Hospital,maternity,2021-09-27,490,60,12.244897959183673
HOSP-6779,The Johns Hopkins Hospital,pediatrics,2021-07-18,300,40,13.333333333333334
HOSP-6779,The Johns Hopkins Hospital,surgery,2021-05-20,430,350,81.3953488372093
HOSP-6780,The Johns Hopkins Hospital,er,,190,210,110.5263157894737
HOSP-6781,The Johns Hopkins Hospital,maternity,2021-08-22,280,380,135.71428571428572
HOSP-6782,The Johns Hopkins Hospital,icu,,320,150,46.875
HOSP-6782,The Johns Hopkins Hospital,surgery,2020-12-27,300,80,26.666666666666668
HOSP-6783,The Johns Hopkins Hospital,er,,320,260,81.25
HOSP-6784,The Johns Hopkins Hospital,er,2021-08-24,350,390,111.42857142857143
HOSP-6784,The Johns Hopkins Hospital,pediatrics,,200,20,10.0
HOSP-6785,The Johns Hopkins Hospital,maternity,2023-06-18,340,200,58.82352941176471
HOSP-6785,The Johns Hopkins Hospital,pediatrics,,220,20,9.090909090909092
HOSP-6786,The Johns Hopkins Hospital,pediatrics,2024-04-14,360,360,100.0
HOSP-6787,The Johns Hopkins Hospital,maternity,2020-11-17,460,170,36.95652173913043
HOSP-6787,The Johns Hopkins Hospital,pediatrics,2021-08-21,230,320,139.1304347826087
HOSP-6788,The Johns Hopkins Hospital,pediatrics,2021-03-15,470,380,80.85106382978722
HOSP-6791,The Johns Hopkins Hospital,icu,,350,130,37.142857142857146
HOSP-6792,The Johns Hopkins Hospital,maternity,2023-07-20,190,220,115.78947368421053
HOSP-6794,The Johns Hopkins Hospital,er,2023-06-14,340,280,82.35294117647058
HOSP-6794,The Johns Hopkins Hospital,pediatrics,,110,170,154.54545454545453
HOSP-6795,The Johns Hopkins Hospital,er,2023-08-29,130,350,269.2307692307692
HOSP-6797,The Johns Hopkins Hospital,maternity,,160,40,25.0
HOSP-6798,The Johns Hopkins Hospital,surgery,,190,100,52.63157894736842
HOSP-6799,The Johns Hopkins Hospital,icu,2023-03-23,440,190,43.18181818181818
HOSP-6799,The Johns Hopkins Hospital,maternity,2024-03-23,360,240,66.66666666666666
HOSP-6800,The Johns Hopkins Hospital,er,2020-10-19,290,70,24.137931034482758
HOSP-6803,The Johns Hopkins Hospital,icu,,210,90,42.857142857142854
HOSP-6803,The Johns Hopkins Hospital,surgery,2021-12-20,120,340,283.33333333333337
HOSP-6803,The Johns Hopkins Hospital,surgery,,350,20,5.714285714285714
HOSP-6804,The Johns Hopkins Hospital,er,2023-02-19,210,340,161.9047619047619
HOSP-6804,The Johns Hopkins Hospital,er,,450,250,55.55555555555556
HOSP-6804,The Johns Hopkins Hospital,pediatrics,,350,50,14.285714285714285
HOSP-6805,The Johns Hopkins Hospital,icu,2020-12-28,330,340,103.03030303030303
HOSP-6805,The Johns Hopkins Hospital,pediatrics,,310,300,96.7741935483871
HOSP-6806,The Johns Hopkins Hospital,er,,450,50,11.11111111111111
HOSP-6807,The Johns Hopkins Hospital,surgery,,240,390,162.5
HOSP-6808,The Johns Hopkins Hospital,maternity,,420,220,52.38095238095239
HOSP-6808,The Johns Hopkins Hospital,pediatrics,,430,260,60.46511627906976
HOSP-6808,The Johns Hopkins Hospital,surgery,,500,230,46.0
HOSP-6809,The Johns Hopkins Hospital,surgery,,240,150,62.5
HOSP-6811,The Johns Hopkins Hospital,er,2022-02-21,300,330,110.00000000000001
HOSP-6811,The Johns Hopkins Hospital,icu,2023-09-29,220,100,45.45454545454545
HOSP-6811,The Johns Hopkins Hospital,surgery,2021-05-17,460,270,58.69565217391305
HOSP-6812,The Johns Hopkins Hospital,surgery,,320,60,18.75
HOSP-6814,The Johns Hopkins Hospital,pediatrics,2021-04-26,440,350,79.54545454545455
HOSP-6815,The Johns Hopkins Hospital,icu,2020-11-20,170,230,135.29411764705884
HOSP-6816,The Johns Hopkins Hospital,surgery,,230,80,34.78260869565217
HOSP-6817,The Johns Hopkins Hospital,pediatrics,2021-07-27,140,270,192.85714285714286
HOSP-6819,The Johns Hopkins Hospital,pediatrics,2020-08-21,210,270,128.57142857142858
HOSP-6819,The Johns Hopkins Hospital,pediatrics,,280,260,92.85714285714286
HOSP-6820,The Johns Hopkins Hospital,er,,170,310,182.35294117647058
HOSP-6820,The Johns Hopkins Hospital,surgery,2022-08-27,360,150,41.66666666666667
HOSP-6821,The Johns Hopkins Hospital,icu,2021-06-29,350,80,22.857142857142858
HOSP-6822,The Johns Hopkins Hospital,er,2022-08-24,260,330,126.92307692307692
HOSP-6822,The Johns Hopkins Hospital,maternity,,230,110,47.82608695652174
HOSP-6822,The Johns Hopkins Hospital,surgery,,140,390,278.57142857142856
HOSP-6824,The Johns Hopkins Hospital,surgery,2021-01-24,350,150,42.857142857142854
HOSP-6827,The Johns Hopkins Hospital,pediatrics,2020-10-14,280,50,17.857142857142858
HOSP-6828,The Johns Hopkins Hospital,er,2021-04-22,230,190,82.6086956521739
HOSP-6829,The Johns Hopkins Hospital,surgery,,380,20,5.263157894736842
HOSP-6830,The Johns Hopkins Hospital,er,2022-04-16,200,0,0.0
HOSP-6830,The Johns Hopkins Hospital,icu,2023-11-29,390,110,28.205128205128204
HOSP-6830,The Johns Hopkins Hospital,maternity,2022-04-19,460,170,36.95652173913043
HOSP-6831,The Johns Hopkins Hospital,er,,160,20,12.5
HOSP-6831,The Johns Hopkins Hospital,maternity,,380,120,31.57894736842105
HOSP-6832,The Johns Hopkins Hospital,er,2024-01-19,490,0,0.0
HOSP-6833,The Johns Hopkins Hospital,icu,2024-06-29,400,110,27.500000000000004
HOSP-6834,The Johns Hopkins Hospital,pediatrics,2023-07-20,500,280,56.00000000000001
HOSP-6834,The Johns Hopkins Hospital,surgery,2020-10-31,380,150,39.473684210526315
HOSP-6834,The Johns Hopkins Hospital,surgery,2022-11-26,370,270,72.97297297297297
HOSP-6836,The Johns Hopkins Hospital,er,2020-09-13,440,140,31.818181818181817
HOSP-6837,The Johns Hopkins Hospital,icu,,180,320,177.77777777777777
HOSP-6839,The Johns Hopkins Hospital,surgery,2020-09-17,330,170,51.515151515151516
HOSP-6840,The Johns Hopkins Hospital,pediatrics,2021-11-20,140,30,21.428571428571427
HOSP-6840,The Johns Hopkins Hospital,surgery,2020-12-19,210,70,33.33333333333333
HOSP-6841,The Johns Hopkins Hospital,icu,2023-10-27,160,270,168.75
HOSP-6841,The Johns Hopkins Hospital,pediatrics,,450,190,42.22222222222222
HOSP-6842,The Johns Hopkins Hospital,pediatrics,2022-11-13,420,90,21.428571428571427
HOSP-6846,The Johns Hopkins Hospital,er,,100,200,200.0
HOSP-6846,The Johns Hopkins Hospital,maternity,,370,230,62.16216216216216
HOSP-6846,The Johns Hopkins Hospital,pediatrics,2022-03-24,420,280,66.66666666666666
HOSP-6848,The Johns Hopkins Hospital,maternity,,480,80,16.666666666666664
HOSP-6851,The Johns Hopkins Hospital,er,2023-10-21,100,90,90.0
HOSP-6851,The Johns Hopkins Hospital,maternity,2021-08-15,250,190,76.0
HOSP-6854,The Johns Hopkins Hospital,maternity,2023-01-17,350,370,105.71428571428572
HOSP-6855,The Johns Hopkins Hospital,pediatrics,2022-12-29,220,70,31.818181818181817
HOSP-6856,The Johns Hopkins Hospital,icu,,360,20,5.555555555555555
HOSP-6856,The Johns Hopkins Hospital,maternity,2022-05-18,350,220,62.857142857142854
HOSP-6856,The Johns Hopkins Hospital,pediatrics,2022-11-20,290,370,127.58620689655173
HOSP-6857,The Johns Hopkins Hospital,icu,2022-07-26,170,90,52.94117647058824
HOSP-6858,The Johns Hopkins Hospital,icu,,220,0,0.0
HOSP-6858,The Johns Hopkins Hospital,surgery,,350,180,51.42857142857142
HOSP-6859,The Johns Hopkins Hospital,icu,2023-09-22,280,370,132.14285714285714
HOSP-6860,The Johns Hopkins Hospital,icu,,370,370,100.0
HOSP-6860,The Johns Hopkins Hospital,maternity,,270,70,25.925925925925924
HOSP-6861,The Johns Hopkins Hospital,icu,2023-01-15,390,30,7.6923076923076925
HOSP-6862,The Johns Hopkins Hospital,surgery,,170,130,76.47058823529412
HOSP-6863,The Johns Hopkins Hospital,surgery,,190,220,115.78947368421053
HOSP-6864,The Johns Hopkins Hospital,pediatrics,2021-01-18,480,260,54.166666666666664
HOSP-6864,The Johns Hopkins Hospital,pediatrics,2022-07-15,170,60,35.294117647058826
HOSP-6865,The Johns Hopkins Hospital,surgery,2022-07-19,470,100,21.27659574468085
HOSP-6866,The Johns Hopkins Hospital,icu,2024-03-28,290,80,27.586206896551722
HOSP-6869,The Johns Hopkins Hospital,surgery,,230,150,65.21739130434783
HOSP-6871,The Johns Hopkins Hospital,er,,140,170,121.42857142857142
HOSP-6871,The Johns Hopkins Hospital,maternity,2021-10-22,120,390,325.0
HOSP-6871,The Johns Hopkins Hospital,maternity,2022-08-24,470,250,53.191489361702125
HOSP-6871,The Johns Hopkins Hospital,pediatrics,2023-07-21,130,80,61.53846153846154
HOSP-6872,The Johns Hopkins Hospital,surgery,,260,200,76.92307692307693
HOSP-6874,The Johns Hopkins Hospital,surgery,2022-08-17,100,110,110.00000000000001
HOSP-6876,The Johns Hopkins Hospital,er,2023-10-21,500,190,38.0
HOSP-6876,The Johns Hopkins Hospital,maternity,2022-12-26,230,130,56.52173913043478
HOSP-6878,The Johns Hopkins Hospital,pediatrics,,300,180,60.0
HOSP-6880,The Johns Hopkins Hospital,maternity,2024-05-26,160,50,31.25
HOSP-6880,The Johns Hopkins Hospital,pediatrics,2023-06-26,150,250,166.66666666666669
HOSP-6882,The Johns Hopkins Hospital,maternity,2020-09-18,270,170,62.96296296296296
HOSP-6883,The Johns Hopkins Hospital,er,2022-10-29,240,320,133.33333333333331
HOSP-6883,The Johns Hopkins Hospital,er,2023-10-19,230,30,13.043478260869565
HOSP-6883,The Johns Hopkins Hospital,pediatrics,2024-07-19,340,30,8.823529411764707
HOSP-6886,The Johns Hopkins Hospital,maternity,2023-01-28,480,250,52.083333333333336
HOSP-6888,The Johns Hopkins Hospital,maternity,2021-07-15,310,310,100.0
HOSP-6888,The Johns Hopkins Hospital,maternity,,470,260,55.319148936170215
HOSP-6890,The Johns Hopkins Hospital,er,,180,30,16.666666666666664
HOSP-6890,The Johns Hopkins Hospital,maternity,,340,350,102.94117647058823
HOSP-6891,The Johns Hopkins Hospital,er,2023-05-31,250,380,152.0
HOSP-6892,The Johns Hopkins Hospital,icu,,440,290,65.9090909090909
HOSP-6892,The Johns Hopkins Hospital,maternity,2022-05-13,120,10,8.333333333333332
HOSP-6892,The Johns Hopkins Hospital,pediatrics,2023-06-28,330,400,121.21212121212122
HOSP-6893,The Johns Hopkins Hospital,surgery,,150,370,246.66666666666669
HOSP-6894,The Johns Hopkins Hospital,icu,,240,240,100.0
HOSP-6896,The Johns Hopkins Hospital,er,,200,310,155.0
HOSP-6896,The Johns Hopkins Hospital,pediatrics,2023-03-29,300,220,73.33333333333333
HOSP-6896,The Johns Hopkins Hospital,surgery,,430,170,39.53488372093023
HOSP-6897,The Johns Hopkins Hospital,icu,,170,220,129.41176470588235
HOSP-6897,The Johns Hopkins Hospital,maternity,,470,100,21.27659574468085
HOSP-6897,The Johns Hopkins Hospital,pediatrics,2022-04-17,110,10,9.090909090909092
HOSP-6898,The Johns Hopkins Hospital,er,2024-01-31,390,90,23.076923076923077
HOSP-6900,The Johns Hopkins Hospital,er,2021-08-14,120,260,216.66666666666666
HOSP-6900,The Johns Hopkins Hospital,icu,2022-06-21,420,110,26.190476190476193
HOSP-6900,The Johns Hopkins Hospital,maternity,2022-12-17,320,60,18.75
HOSP-6900,The Johns Hopkins Hospital,surgery,2023-08-14,170,200,117.64705882352942
HOSP-6901,The Johns Hopkins Hospital,maternity,2023-08-19,500,120,24.0
HOSP-6902,The Johns Hopkins Hospital,maternity,2022-03-18,370,300,81.08108108108108
HOSP-6902,The Johns Hopkins Hospital,surgery,,150,90,60.0
HOSP-6903,The Johns Hopkins Hospital,maternity,2020-11-27,450,220,48.888888888888886
HOSP-6905,The Johns Hopkins Hospital,pediatrics,2021-12-23,270,140,51.85185185185185
HOSP-6907,The Johns Hopkins Hospital,er,2022-02-24,450,300,66.66666666666666
HOSP-6907,The Johns Hopkins Hospital,maternity,,270,70,25.925925925925924
HOSP-6909,The Johns Hopkins Hospital,er,2021-01-27,390,110,28.205128205128204
HOSP-6909,The Johns Hopkins Hospital,pediatrics,2021-10-13,490,40,8.16326530612245
HOSP-6914,The Johns Hopkins Hospital,er,,230,400,173.91304347826087
HOSP-6916,The Johns Hopkins Hospital,icu,2021-06-13,380,0,0.0
HOSP-6917,The Johns Hopkins Hospital,surgery,,110,230,209.0909090909091
HOSP-6918,The Johns Hopkins Hospital,icu,2021-05-31,390,380,97.43589743589743
HOSP-6918,The Johns Hopkins Hospital,maternity,2020-10-14,420,340,80.95238095238095
HOSP-6918,The Johns Hopkins Hospital,maternity,,280,20,7.142857142857142
HOSP-6918,The Johns Hopkins Hospital,pediatrics,,370,370,100.0
HOSP-6920,The Johns Hopkins Hospital,er,2021-03-16,430,240,55.81395348837209
HOSP-6922,The Johns Hopkins Hospital,er,2020-07-31,390,140,35.8974358974359
HOSP-6922,The Johns Hopkins Hospital,pediatrics,2022-02-21,430,250,58.139534883720934
HOSP-6923,The Johns Hopkins Hospital,icu,2023-08-20,300,330,110.00000000000001
HOSP-6923,The Johns Hopkins Hospital,icu,,450,220,48.888888888888886
HOSP-6923,The Johns Hopkins Hospital,surgery,2023-08-22,300,60,20.0
HOSP-6924,The Johns Hopkins Hospital,icu,,410,20,4.878048780487805
HOSP-6925,The Johns Hopkins Hospital,pediatrics,,230,310,134.7826086956522
HOSP-6926,The Johns Hopkins Hospital,er,,430,0,0.0
HOSP-6927,The Johns Hopkins Hospital,icu,2023-01-13,380,150,39.473684210526315
HOSP-6928,The Johns Hopkins Hospital,surgery,2023-02-18,330,340,103.03030303030303
HOSP-6929,The Johns Hopkins Hospital,icu,2022-03-30,400,20,5.0
HOSP-6929,The Johns Hopkins Hospital,maternity,2020-10-26,350,310,88.57142857142857
HOSP-6929,The Johns Hopkins Hospital,pediatrics,,220,330,150.0
HOSP-6929,The Johns Hopkins Hospital,surgery,,140,110,78.57142857142857
HOSP-6931,The Johns Hopkins Hospital,er,2021-02-15,300,120,40.0
HOSP-6931,The Johns Hopkins Hospital,er,,360,0,0.0
HOSP-6932,The Johns Hopkins Hospital,er,,310,210,67.74193548387096
HOSP-6932,The Johns Hopkins Hospital,maternity,,420,80,19.047619047619047
HOSP-6934,The Johns Hopkins Hospital,er,,330,400,121.21212121212122
HOSP-6935,The Johns Hopkins Hospital,er,2021-07-24,300,50,16.666666666666664
HOSP-6936,The Johns Hopkins Hospital,pediatrics,2020-12-22,220,180,81.81818181818183
HOSP-6937,The Johns Hopkins Hospital,maternity,2021-05-29,460,190,41.30434782608695
HOSP-6939,The Johns Hopkins Hospital,er,,230,140,60.86956521739131
HOSP-6940,The Johns Hopkins Hospital,er,2020-10-25,420,370,88.09523809523809
HOSP-6940,The Johns Hopkins Hospital,er,2023-08-22,150,320,213.33333333333334
HOSP-6941,The Johns Hopkins Hospital,pediatrics,2024-06-13,320,60,18.75
HOSP-6945,The Johns Hopkins Hospital,icu,,430,110,25.581395348837212
HOSP-6945,The Johns Hopkins Hospital,surgery,,360,370,102.77777777777777
HOSP-6947,The Johns Hopkins Hospital,icu,,370,300,81.08108108108108
HOSP-6947,The Johns Hopkins Hospital,maternity,2021-07-23,110,200,181.8181818181818
HOSP-6947,The Johns Hopkins Hospital,maternity,2022-08-22,270,280,103.7037037037037
HOSP-6948,The Johns Hopkins Hospital,icu,2022-01-19,450,150,33.33333333333333
HOSP-6949,The Johns Hopkins Hospital,surgery,2020-11-18,180,220,122.22222222222223
HOSP-6950,The Johns Hopkins Hospital,icu,2021-06-22,130,330,253.84615384615384
HOSP-6952,The Johns Hopkins Hospital,icu,,300,400,133.33333333333331
HOSP-6953,The Johns Hopkins Hospital,er,2021-06-28,350,220,62.857142857142854
HOSP-6954,The Johns Hopkins Hospital,icu,2023-03-17,180,250,138.88888888888889
HOSP-6956,The Johns Hopkins Hospital,icu,2021-05-30,450,150,33.33333333333333
HOSP-6957,The Johns Hopkins Hospital,icu,,250,90,36.0
HOSP-6957,The Johns Hopkins Hospital,surgery,2023-12-18,330,210,63.63636363636363
HOSP-6957,The Johns Hopkins Hospital,surgery,,310,210,67.74193548387096
HOSP-6959,The Johns Hopkins Hospital,maternity,,350,140,40.0
HOSP-6960,The Johns Hopkins Hospital,er,,370,170,45.94594594594595
HOSP-6960,The Johns Hopkins Hospital,pediatrics,,470,240,51.06382978723404
HOSP-6962,The Johns Hopkins Hospital,surgery,2022-06-20,440,270,61.36363636363637
HOSP-6963,The Johns Hopkins Hospital,er,2021-08-29,160,160,100.0
HOSP-6965,The Johns Hopkins Hospital,icu,2023-11-21,270,280,103.7037037037037
HOSP-6965,The Johns Hopkins Hospital,maternity,2022-10-24,210,100,47.61904761904761
HOSP-6965,The Johns Hopkins Hospital,pediatrics,,160,20,12.5
HOSP-6966,The Johns Hopkins Hospital,pediatrics,2020-08-20,200,0,0.0
HOSP-6966,The Johns Hopkins Hospital,pediatrics,2020-10-18,250,290,115.99999999999999
HOSP-6968,The Johns Hopkins Hospital,er,2021-12-26,330,240,72.72727272727273
HOSP-6968,The Johns Hopkins Hospital,maternity,2022-07-16,120,300,250.0
HOSP-6971,The Johns Hopkins Hospital,maternity,2022-01-31,460,210,45.65217391304348
HOSP-6972,The Johns Hopkins Hospital,er,2023-12-26,120,210,175.0
HOSP-6972,The Johns Hopkins Hospital,er,,320,270,84.375
HOSP-6973,The Johns Hopkins Hospital,er,,200,280,140.0
HOSP-6974,The Johns Hopkins Hospital,er,,150,300,200.0
HOSP-6974,The Johns Hopkins Hospital,icu,2022-12-20,440,310,70.45454545454545
HOSP-6974,The Johns Hopkins Hospital,maternity,2020-07-24,120,250,208.33333333333334
HOSP-6974,The Johns Hopkins Hospital,pediatrics,,410,70,17.073170731707318
HOSP-6975,The Johns Hopkins Hospital,icu,,310,150,48.38709677419355
HOSP-6976,The Johns Hopkins Hospital,surgery,2021-01-26,290,400,137.93103448275863
HOSP-6977,The Johns Hopkins Hospital,maternity,,160,270,168.75
HOSP-6978,The Johns Hopkins Hospital,surgery,,200,110,55.00000000000001
HOSP-6979,The Johns Hopkins Hospital,pediatrics,,470,80,17.02127659574468
HOSP-6980,The Johns Hopkins Hospital,er,,260,380,146.15384615384613
HOSP-6980,The Johns Hopkins Hospital,surgery,2022-02-14,470,150,31.914893617021278
HOSP-6980,The Johns Hopkins Hospital,surgery,,140,240,171.42857142857142
HOSP-6981,The Johns Hopkins Hospital,surgery,2020-10-19,330,290,87.87878787878788
HOSP-6983,The Johns Hopkins Hospital,maternity,2021-04-25,190,230,121.05263157894737
HOSP-6983,The Johns Hopkins Hospital,pediatrics,,360,180,50.0
HOSP-6984,The Johns Hopkins Hospital,pediatrics,2022-11-26,260,310,119.23076923076923
HOSP-6986,The Johns Hopkins Hospital,maternity,2023-08-25,330,30,9.090909090909092
HOSP-6986,The Johns Hopkins Hospital,pediatrics,2023-01-24,220,110,50.0
HOSP-6987,The Johns Hopkins Hospital,icu,2023-04-14,370,160,43.24324324324324
HOSP-6987,The Johns Hopkins Hospital,icu,2023-10-13,180,250,138.88888888888889
HOSP-6988,The Johns Hopkins Hospital,maternity,,310,70,22.58064516129032
HOSP-6991,The Johns Hopkins Hospital,icu,,360,320,88.88888888888889
HOSP-6991,The Johns Hopkins Hospital,maternity,,320,200,62.5
HOSP-6991,The Johns Hopkins Hospital,pediatrics,2021-11-25,410,210,51.21951219512195
HOSP-6992,The Johns Hopkins Hospital,pediatrics,2021-06-15,110,30,27.27272727272727
HOSP-6993,The Johns Hopkins Hospital,icu,2020-10-25,230,190,82.6086956521739
HOSP-6994,The Johns Hopkins Hospital,surgery,,280,10,3.571428571428571
HOSP-6996,The Johns Hopkins Hospital,pediatrics,,120,90,75.0
HOSP-6997,The Johns Hopkins Hospital,icu,2022-08-18,380,240,63.1578947368421
HOSP-6997,The Johns Hopkins Hospital,maternity,,490,220,44.89795918367347
HOSP-6999,The Johns Hopkins Hospital,surgery,2023-04-28,460,210,45.65217391304348
HOSP-7004,The Johns Hopkins Hospital,icu,,280,30,10.714285714285714
HOSP-7008,The Johns Hopkins Hospital,icu,2023-06-23,410,280,68.29268292682927
HOSP-7008,The Johns Hopkins Hospital,icu,,330,200,60.60606060606061
HOSP-7010,The Johns Hopkins Hospital,er,2022-04-26,490,30,6.122448979591836
HOSP-7011,The Johns Hopkins Hospital,er,2021-02-13,330,230,69.6969696969697
HOSP-7011,The Johns Hopkins Hospital,icu,2022-07-24,110,210,190.9090909090909
HOSP-7013,The Johns Hopkins Hospital,icu,2021-12-20,360,90,25.0
HOSP-7013,The Johns Hopkins Hospital,maternity,2021-07-21,120,340,283.33333333333337
HOSP-7015,The Johns Hopkins Hospital,pediatrics,2022-03-27,210,200,95.23809523809523
HOSP-7015,The Johns Hopkins Hospital,surgery,2020-08-28,200,100,50.0
HOSP-7016,The Johns Hopkins Hospital,maternity,2021-06-30,390,160,41.02564102564102
HOSP-7016,The Johns Hopkins Hospital,maternity,,110,240,218.18181818181816
HOSP-7016,The Johns Hopkins Hospital,pediatrics,,500,60,12.0
HOSP-7017,The Johns Hopkins Hospital,er,2022-10-24,180,280,155.55555555555557
HOSP-7020,The Johns Hopkins Hospital,surgery,,290,80,27.586206896551722
HOSP-7022,The Johns Hopkins Hospital,icu,2022-04-19,190,110,57.89473684210527
HOSP-7023,The Johns Hopkins Hospital,er,2024-01-20,280,270,96.42857142857143
HOSP-7023,The Johns Hopkins Hospital,icu,,170,90,52.94117647058824
HOSP-7024,The Johns Hopkins Hospital,maternity,2021-11-27,170,330,194.11764705882354
HOSP-7025,The Johns Hopkins Hospital,icu,2021-01-27,120,260,216.66666666666666
HOSP-7025,The Johns Hopkins Hospital,pediatrics,2020-09-20,220,0,0.0
HOSP-7026,The Johns Hopkins Hospital,icu,2021-01-21,500,280,56.00000000000001
HOSP-7026,The Johns Hopkins Hospital,pediatrics,2023-02-27,150,290,193.33333333333334
HOSP-7027,The Johns Hopkins Hospital,maternity,2024-05-31,440,120,27.27272727272727
HOSP-7027,The Johns Hopkins Hospital,maternity,,260,50,19.230769230769234
HOSP-7028,The Johns Hopkins Hospital,pediatrics,2021-02-17,190,290,152.63157894736844
HOSP-7028,The Johns Hopkins Hospital,pediatrics,2023-09-15,290,310,106.89655172413792
HOSP-7028,The Johns Hopkins Hospital,pediatrics,2024-04-25,420,400,95.23809523809523
HOSP-7029,The Johns Hopkins Hospital,icu,2021-04-23,500,370,74.0
HOSP-7029,The Johns Hopkins Hospital,maternity,,120,60,50.0
HOSP-7030,The Johns Hopkins Hospital,icu,2021-04-25,270,20,7.4074074074074066
HOSP-7030,The Johns Hopkins Hospital,maternity,2021-06-14,390,250,64.1025641025641
HOSP-7031,The Johns Hopkins Hospital,pediatrics,2023-11-24,470,80,17.02127659574468
HOSP-7032,The Johns Hopkins Hospital,er,,290,260,89.65517241379311
HOSP-7033,The Johns Hopkins Hospital,er,2023-10-31,330,220,66.66666666666666
HOSP-7033,The Johns Hopkins Hospital,icu,,230,100,43.47826086956522
HOSP-7033,The Johns Hopkins Hospital,maternity,,430,130,30.23255813953488
HOSP-7034,The Johns Hopkins Hospital,icu,,220,190,86.36363636363636
HOSP-7036,The Johns Hopkins Hospital,er,,370,20,5.405405405405405
HOSP-7036,The Johns Hopkins Hospital,pediatrics,,220,330,150.0
HOSP-7037,The Johns Hopkins Hospital,icu,2023-09-14,320,230,71.875
HOSP-7037,The Johns Hopkins Hospital,icu,,220,160,72.72727272727273
HOSP-7039,The Johns Hopkins Hospital,er,2021-01-20,100,220,220.00000000000003
HOSP-7039,The Johns Hopkins Hospital,icu,2021-01-19,280,220,78.57142857142857
HOSP-7040,The Johns Hopkins Hospital,er,2021-07-27,110,270,245.45454545454547
HOSP-7041,The Johns Hopkins Hospital,pediatrics,2023-08-30,480,90,18.75
HOSP-7042,The Johns Hopkins Hospital,surgery,2023-10-30,350,90,25.71428571428571
HOSP-7043,The Johns Hopkins Hospital,maternity,2023-08-29,370,110,29.72972972972973
HOSP-7043,The Johns Hopkins Hospital,surgery,,420,50,11.904761904761903
HOSP-7045,The Johns Hopkins Hospital,surgery,2023-12-28,380,170,44.73684210526316
HOSP-7047,The Johns Hopkins Hospital,surgery,,310,240,77.41935483870968
HOSP-7050,The Johns Hopkins Hospital,er,2022-03-14,360,250,69.44444444444444
HOSP-7051,The Johns Hopkins Hospital,er,2023-11-17,290,310,106.89655172413792
HOSP-7052,The Johns Hopkins Hospital,maternity,2022-01-21,140,380,271.42857142857144
HOSP-7054,The Johns Hopkins Hospital,icu,,320,130,40.625
HOSP-7056,The Johns Hopkins Hospital,maternity,,170,50,29.411764705882355
HOSP-7058,The Johns Hopkins Hospital,surgery,,140,250,178.57142857142858
HOSP-7059,The Johns Hopkins Hospital,pediatrics,2021-05-27,350,110,31.428571428571427
HOSP-7061,The Johns Hopkins Hospital,er,2024-05-27,140,380,271.42857142857144
HOSP-7061,The Johns Hopkins Hospital,pediatrics,2024-03-30,370,80,21.62162162162162
HOSP-7061,The Johns Hopkins Hospital,pediatrics,,100,20,20.0
HOSP-7063,The Johns Hopkins Hospital,surgery,2024-03-15,310,110,35.483870967741936
HOSP-7064,The Johns Hopkins Hospital,icu,,240,20,8.333333333333332
HOSP-7065,The Johns Hopkins Hospital,icu,,170,210,123.52941176470588
HOSP-7065,The Johns Hopkins Hospital,pediatrics,2022-11-14,150,10,6.666666666666667
HOSP-7067,The Johns Hopkins Hospital,pediatrics,,490,320,65.3061224489796
HOSP-7068,The Johns Hopkins Hospital,pediatrics,2021-07-28,130,340,261.53846153846155
HOSP-7069,The Johns Hopkins Hospital,icu,2022-05-14,140,370,264.2857142857143
HOSP-7069,The Johns Hopkins Hospital,pediatrics,,120,20,16.666666666666664
HOSP-7070,The Johns Hopkins Hospital,pediatrics,,450,240,53.333333333333336
HOSP-7071,The Johns Hopkins Hospital,pediatrics,2021-12-13,290,30,10.344827586206897
HOSP-7072,The Johns Hopkins Hospital,maternity,,370,90,24.324324324324326
HOSP-7073,The Johns Hopkins Hospital,er,2023-09-28,350,320,91.42857142857143
HOSP-7073,The Johns Hopkins Hospital,maternity,2023-08-31,430,40,9.30232558139535
HOSP-7073,The Johns Hopkins Hospital,pediatrics,2022-02-15,250,20,8.0
HOSP-7074,The Johns Hopkins Hospital,pediatrics,2023-12-26,380,260,68.42105263157895
HOSP-7074,The Johns Hopkins Hospital,surgery,,460,350,76.08695652173914
HOSP-7075,The Johns Hopkins Hospital,er,2020-12-19,450,150,33.33333333333333
HOSP-7075,The Johns Hopkins Hospital,maternity,2021-06-16,130,80,61.53846153846154
HOSP-7076,The Johns Hopkins Hospital,maternity,2020-08-17,440,390,88.63636363636364
HOSP-7078,The Johns Hopkins Hospital,icu,2022-01-16,250,320,128.0
HOSP-7079,The Johns Hopkins Hospital,surgery,2020-12-16,280,90,32.142857142857146
HOSP-7082,The Johns Hopkins Hospital,icu,,380,90,23.684210526315788
HOSP-7082,The Johns Hopkins Hospital,maternity,,160,200,125.0
HOSP-7084,The Johns Hopkins Hospital,surgery,2021-04-25,280,100,35.714285714285715
HOSP-7085,The Johns Hopkins Hospital,surgery,2022-11-14,190,90,47.368421052631575
HOSP-7086,The Johns Hopkins Hospital,surgery,,120,90,75.0
HOSP-7087,The Johns Hopkins Hospital,surgery,,380,90,23.684210526315788
HOSP-7088,The Johns Hopkins Hospital,maternity,2022-04-19,230,170,73.91304347826086
HOSP-7089,The Johns Hopkins Hospital,maternity,2024-05-29,200,130,65.0
HOSP-7090,The Johns Hopkins Hospital,icu,2022-06-14,200,180,90.0
HOSP-7091,The Johns Hopkins Hospital,maternity,2022-05-17,190,400,210.52631578947367
HOSP-7092,The Johns Hopkins Hospital,surgery,,390,80,20.51282051282051
HOSP-7093,The Johns Hopkins Hospital,surgery,2022-05-20,350,310,88.57142857142857
HOSP-7093,The Johns Hopkins Hospital,surgery,2023-11-15,170,80,47.05882352941176
HOSP-7094,The Johns Hopkins Hospital,pediatrics,2020-10-29,330,130,39.39393939393939
HOSP-7096,The Johns Hopkins Hospital,er,2022-01-26,380,190,50.0
HOSP-7097,The Johns Hopkins Hospital,icu,2021-08-27,160,300,187.5
HOSP-7098,The Johns Hopkins Hospital,icu,2024-04-17,170,30,17.647058823529413
HOSP-7100,The Johns Hopkins Hospital,maternity,2022-12-31,470,10,2.127659574468085
HOSP-7100,The Johns Hopkins Hospital,surgery,,250,140,56.00000000000001
HOSP-7102,The Johns Hopkins Hospital,er,2023-05-14,130,240,184.6153846153846
HOSP-7103,The Johns Hopkins Hospital,icu,2021-07-18,300,330,110.00000000000001
HOSP-7106,The Johns Hopkins Hospital,er,2020-11-27,280,270,96.42857142857143
HOSP-7107,The Johns Hopkins Hospital,pediatrics,2022-11-15,430,220,51.162790697674424
HOSP-7107,The Johns Hopkins Hospital,surgery,2022-03-27,210,50,23.809523809523807
HOSP-7108,The Johns Hopkins Hospital,er,2022-01-27,480,10,2.083333333333333
HOSP-7108,The Johns Hopkins Hospital,pediatrics,,160,220,137.5
HOSP-7109,The Johns Hopkins Hospital,maternity,2021-06-22,360,320,88.88888888888889
HOSP-7109,The Johns Hopkins Hospital,pediatrics,2022-09-13,280,160,57.14285714285714
HOSP-7110,The Johns Hopkins Hospital,maternity,2024-05-15,470,110,23.404255319148938
HOSP-7111,The Johns Hopkins Hospital,maternity,2022-10-28,370,330,89.1891891891892
HOSP-7111,The Johns Hopkins Hospital,maternity,2023-07-29,110,210,190.9090909090909
HOSP-7112,The Johns Hopkins Hospital,icu,2022-08-15,140,190,135.71428571428572
HOSP-7113,The Johns Hopkins Hospital,er,2022-11-30,260,230,88.46153846153845
HOSP-7113,The Johns Hopkins Hospital,surgery,2021-12-22,430,260,60.46511627906976
HOSP-7114,The Johns Hopkins Hospital,maternity,,230,300,130.43478260869566
HOSP-7114,The Johns Hopkins Hospital,pediatrics,2022-01-31,250,310,124.0
HOSP-7114,The Johns Hopkins Hospital,pediatrics,2023-06-29,230,240,104.34782608695652
HOSP-7115,The Johns Hopkins Hospital,icu,2020-08-31,320,400,125.0
HOSP-7116,The Johns Hopkins Hospital,icu,,210,360,171.42857142857142
HOSP-7117,The Johns Hopkins Hospital,maternity,,430,120,27.906976744186046
HOSP-7119,The Johns Hopkins Hospital,icu,,350,120,34.285714285714285
HOSP-7120,The Johns Hopkins Hospital,maternity,,490,70,14.285714285714285
HOSP-7121,The Johns Hopkins Hospital,er,,240,260,108.33333333333333
HOSP-7122,The Johns Hopkins Hospital,maternity,2023-12-23,270,70,25.925925925925924
HOSP-7123,The Johns Hopkins Hospital,icu,2020-10-18,290,150,51.724137931034484
HOSP-7123,The Johns Hopkins Hospital,pediatrics,2022-09-16,250,180,72.0
HOSP-7124,The Johns Hopkins Hospital,surgery,,360,130,36.11111111111111
HOSP-7125,The Johns Hopkins Hospital,icu,2022-01-23,170,180,105.88235294117648
HOSP-7126,The Johns Hopkins Hospital,er,,500,280,56.00000000000001
HOSP-7126,The Johns Hopkins Hospital,maternity,,370,130,35.13513513513514
HOSP-7127,The Johns Hopkins Hospital,surgery,2021-05-14,450,280,62.22222222222222
HOSP-7127,The Johns Hopkins Hospital,surgery,,420,280,66.66666666666666
HOSP-7129,The Johns Hopkins Hospital,maternity,2023-01-29,320,120,37.5
HOSP-7130,The Johns Hopkins Hospital,pediatrics,,130,190,146.15384615384613
HOSP-7131,The Johns Hopkins Hospital,er,,470,180,38.297872340425535
HOSP-7131,The Johns Hopkins Hospital,maternity,2021-04-26,330,180,54.54545454545454
HOSP-7131,The Johns Hopkins Hospital,maternity,2021-09-26,290,200,68.96551724137932
HOSP-7133,The Johns Hopkins Hospital,maternity,2024-01-15,440,40,9.090909090909092
HOSP-7133,The Johns Hopkins Hospital,pediatrics,2022-09-14,200,140,70.0
HOSP-7134,The Johns Hopkins Hospital,maternity,2021-01-14,340,100,29.411764705882355
HOSP-7135,The Johns Hopkins Hospital,icu,2023-03-20,430,240,55.81395348837209
HOSP-7136,The Johns Hopkins Hospital,maternity,,260,0,0.0
HOSP-7136,The Johns Hopkins Hospital,pediatrics,,270,390,144.44444444444443
HOSP-7137,The Johns Hopkins Hospital,icu,2023-01-18,320,330,103.125
HOSP-7137,The Johns Hopkins Hospital,icu,,130,110,84.61538461538461
HOSP-7137,The Johns Hopkins Hospital,pediatrics,2023-06-16,490,200,40.816326530612244
HOSP-7138,The Johns Hopkins Hospital,er,2023-02-14,470,200,42.5531914893617
HOSP-7139,The Johns Hopkins Hospital,maternity,2022-08-31,300,170,56.666666666666664
HOSP-7140,The Johns Hopkins Hospital,icu,2020-12-20,230,50,21.73913043478261
HOSP-7141,The Johns Hopkins Hospital,er,2020-10-18,110,330,300.0
HOSP-7141,The Johns Hopkins Hospital,surgery,2022-05-17,280,130,46.42857142857143
HOSP-7142,The Johns Hopkins Hospital,er,2021-10-14,140,50,35.714285714285715
HOSP-7142,The Johns Hopkins Hospital,maternity,,420,200,47.61904761904761
HOSP-7143,The Johns Hopkins Hospital,icu,2023-03-26,170,0,0.0
HOSP-7145,The Johns Hopkins Hospital,surgery,2022-03-18,390,130,33.33333333333333
HOSP-7145,The Johns Hopkins Hospital,surgery,,240,0,0.0
HOSP-7147,The Johns Hopkins Hospital,er,2024-06-27,430,260,60.46511627906976
HOSP-7147,The Johns Hopkins Hospital,icu,2022-03-20,250,90,36.0
HOSP-7148,The Johns Hopkins Hospital,maternity,2020-10-14,200,310,155.0
HOSP-7148,The Johns Hopkins Hospital,maternity,,420,260,61.904761904761905
HOSP-7151,The Johns Hopkins Hospital,er,2022-09-27,280,340,121.42857142857142
HOSP-7154,The Johns Hopkins Hospital,icu,2021-07-26,220,180,81.81818181818183
HOSP-7154,The Johns Hopkins Hospital,icu,2022-03-18,200,360,180.0
HOSP-7157,The Johns Hopkins Hospital,icu,2022-02-25,160,100,62.5
HOSP-7159,The Johns Hopkins Hospital,er,,410,70,17.073170731707318
HOSP-7161,The Johns Hopkins Hospital,er,,170,280,164.70588235294116
HOSP-7162,The Johns Hopkins Hospital,er,2021-06-16,400,230,57.49999999999999
HOSP-7165,The Johns Hopkins Hospital,er,2022-02-28,100,290,290.0
HOSP-7165,The Johns Hopkins Hospital,surgery,,280,20,7.142857142857142
HOSP-7167,The Johns Hopkins Hospital,icu,,400,220,55.00000000000001
HOSP-7169,The Johns Hopkins Hospital,pediatrics,,300,80,26.666666666666668
HOSP-7170,The Johns Hopkins Hospital,icu,2020-10-23,260,200,76.92307692307693
HOSP-7170,The Johns Hopkins Hospital,surgery,,290,150,51.724137931034484
HOSP-7171,The Johns Hopkins Hospital,pediatrics,2022-07-27,310,330,106.4516129032258
HOSP-7171,The Johns Hopkins Hospital,pediatrics,,160,70,43.75
HOSP-7173,The Johns Hopkins Hospital,er,,140,250,178.57142857142858
HOSP-7174,The Johns Hopkins Hospital,er,2023-03-29,200,230,114.99999999999999
HOSP-7174,The Johns Hopkins Hospital,maternity,2023-01-27,320,40,12.5
HOSP-7175,The Johns Hopkins Hospital,surgery,2021-12-20,140,280,200.0
HOSP-7176,The Johns Hopkins Hospital,surgery,2022-11-24,190,160,84.21052631578947
HOSP-7178,The Johns Hopkins Hospital,pediatrics,,410,330,80.48780487804879
HOSP-7179,The Johns Hopkins Hospital,pediatrics,,450,130,28.888888888888886
HOSP-7180,The Johns Hopkins Hospital,er,,190,100,52.63157894736842
HOSP-7180,The Johns Hopkins Hospital,pediatrics,2024-02-23,390,380,97.43589743589743
HOSP-7181,The Johns Hopkins Hospital,icu,2022-03-31,150,190,126.66666666666666
HOSP-7182,The Johns Hopkins Hospital,pediatrics,,260,110,42.30769230769231
HOSP-7183,The Johns Hopkins Hospital,er,2024-03-21,110,310,281.8181818181818
HOSP-7183,The Johns Hopkins Hospital,maternity,2022-07-14,360,330,91.66666666666666
HOSP-7183,The Johns Hopkins Hospital,surgery,,390,290,74.35897435897436
HOSP-7185,The Johns Hopkins Hospital,icu,2023-02-22,450,190,42.22222222222222
HOSP-7186,The Johns Hopkins Hospital,maternity,2024-01-31,460,240,52.17391304347826
HOSP-7186,The Johns Hopkins Hospital,maternity,,430,20,4.651162790697675
HOSP-7187,The Johns Hopkins Hospital,surgery,,210,250,119.04761904761905
HOSP-7188,The Johns Hopkins Hospital,er,2022-12-22,100,190,190.0
HOSP-7188,The Johns Hopkins Hospital,maternity,2020-11-17,450,40,8.88888888888889
HOSP-7188,The Johns Hopkins Hospital,surgery,2020-08-23,410,300,73.17073170731707
HOSP-7189,The Johns Hopkins Hospital,maternity,,280,180,64.28571428571429
HOSP-7189,The Johns Hopkins Hospital,surgery,,460,290,63.04347826086957
HOSP-7190,The Johns Hopkins Hospital,maternity,2022-06-18,150,20,13.333333333333334
HOSP-7190,The Johns Hopkins Hospital,pediatrics,2022-11-21,200,190,95.0
HOSP-7190,The Johns Hopkins Hospital,surgery,2022-04-15,250,130,52.0
HOSP-7190,The Johns Hopkins Hospital,surgery,,180,150,83.33333333333334
HOSP-7191,The Johns Hopkins Hospital,er,,410,320,78.04878048780488
HOSP-7191,The Johns Hopkins Hospital,maternity,,240,140,58.333333333333336
HOSP-7191,The Johns Hopkins Hospital,surgery,2023-07-14,310,140,45.16129032258064
HOSP-7192,The Johns Hopkins Hospital,maternity,2021-03-25,110,80,72.72727272727273
HOSP-7192,The Johns Hopkins Hospital,maternity,2022-05-28,220,90,40.909090909090914
HOSP-7192,The Johns Hopkins Hospital,surgery,,430,30,6.976744186046512
HOSP-7194,The Johns Hopkins Hospital,er,2021-10-18,440,290,65.9090909090909
HOSP-7194,The Johns Hopkins Hospital,er,2024-01-16,230,0,0.0
HOSP-7195,The Johns Hopkins Hospital,er,2022-01-22,440,310,70.45454545454545
HOSP-7197,The Johns Hopkins Hospital,icu,,420,30,7.142857142857142
HOSP-7197,The Johns Hopkins Hospital,maternity,2021-09-24,360,180,50.0
HOSP-7197,The Johns Hopkins Hospital,maternity,,290,340,117.24137931034481
HOSP-7197,The Johns Hopkins Hospital,pediatrics,2023-09-13,230,370,160.8695652173913
HOSP-7197,The Johns Hopkins Hospital,pediatrics,,380,190,50.0
HOSP-7197,The Johns Hopkins Hospital,surgery,2021-04-29,200,290,145.0
HOSP-7199,The Johns Hopkins Hospital,pediatrics,,250,290,115.99999999999999
HOSP-7200,The Johns Hopkins Hospital,er,,110,190,172.72727272727272
HOSP-7200,The Johns Hopkins Hospital,maternity,2020-10-27,270,0,0.0
HOSP-7201,The Johns Hopkins Hospital,maternity,2021-01-25,170,90,52.94117647058824
HOSP-7202,The Johns Hopkins Hospital,icu,,280,400,142.85714285714286
HOSP-7203,The Johns Hopkins Hospital,pediatrics,2021-09-27,250,310,124.0
HOSP-7206,The Johns Hopkins Hospital,icu,,430,130,30.23255813953488
HOSP-7206,The Johns Hopkins Hospital,pediatrics,2023-11-15,360,250,69.44444444444444
HOSP-7206,The Johns Hopkins Hospital,surgery,2022-06-22,190,300,157.89473684210526
HOSP-7207,The Johns Hopkins Hospital,er,2023-06-30,440,310,70.45454545454545
HOSP-7207,The Johns Hopkins Hospital,maternity,2023-07-31,180,370,205.55555555555554
HOSP-7208,The Johns Hopkins Hospital,maternity,2024-07-15,500,30,6.0
HOSP-7208,The Johns Hopkins Hospital,maternity,,120,0,0.0
HOSP-7209,The Johns Hopkins Hospital,er,,370,110,29.72972972972973
HOSP-7209,The Johns Hopkins Hospital,icu,,130,310,238.46153846153845
HOSP-7210,The Johns Hopkins Hospital,pediatrics,2023-03-13,260,360,138.46153846153845
HOSP-7211,The Johns Hopkins Hospital,pediatrics,,310,120,38.70967741935484
HOSP-7212,The Johns Hopkins Hospital,icu,2022-11-18,480,10,2.083333333333333
HOSP-7212,The Johns Hopkins Hospital,icu,2023-10-21,500,110,22.0
HOSP-7214,The Johns Hopkins Hospital,surgery,2023-01-29,500,110,22.0
HOSP-7216,The Johns Hopkins Hospital,icu,,410,210,51.21951219512195
HOSP-7216,The Johns Hopkins Hospital,maternity,,180,180,100.0
HOSP-7217,The Johns Hopkins Hospital,icu,,200,90,45.0
HOSP-7218,The Johns Hopkins Hospital,maternity,,390,30,7.6923076923076925
HOSP-7220,The Johns Hopkins Hospital,er,,320,170,53.125
HOSP-7220,The Johns Hopkins Hospital,icu,2024-03-23,100,210,210.0
HOSP-7221,The Johns Hopkins Hospital,er,2021-05-13,300,390,130.0
HOSP-7221,The Johns Hopkins Hospital,pediatrics,2022-02-20,310,380,122.58064516129032
HOSP-7223,The Johns Hopkins Hospital,pediatrics,2020-11-15,240,260,108.33333333333333
HOSP-7226,The Johns Hopkins Hospital,icu,2023-01-23,420,60,14.285714285714285
HOSP-7227,The Johns Hopkins Hospital,surgery,,120,300,250.0
HOSP-7228,The Johns Hopkins Hospital,maternity,2023-10-25,470,370,78.72340425531915
HOSP-7231,The Johns Hopkins Hospital,pediatrics,,330,120,36.36363636363637
HOSP-7233,The Johns Hopkins Hospital,er,2022-09-19,230,240,104.34782608695652
HOSP-7233,The Johns Hopkins Hospital,er,2024-06-23,500,80,16.0
HOSP-7233,The Johns Hopkins Hospital,pediatrics,2020-09-19,180,250,138.88888888888889
HOSP-7234,The Johns Hopkins Hospital,maternity,,130,310,238.46153846153845
HOSP-7234,The Johns Hopkins Hospital,pediatrics,2024-01-19,130,310,238.46153846153845
HOSP-7240,The Johns Hopkins Hospital,maternity,,180,10,5.555555555555555
HOSP-7240,The Johns Hopkins Hospital,pediatrics,2022-09-23,410,280,68.29268292682927
HOSP-7240,The Johns Hopkins Hospital,pediatrics,,130,290,223.0769230769231
HOSP-7241,The Johns Hopkins Hospital,icu,2020-12-31,370,150,40.54054054054054
HOSP-7242,The Johns Hopkins Hospital,er,2023-12-16,180,150,83.33333333333334
HOSP-7242,The Johns Hopkins Hospital,icu,2021-08-21,490,290,59.183673469387756
HOSP-7242,The Johns Hopkins Hospital,maternity,2024-03-18,220,120,54.54545454545454
HOSP-7243,The Johns Hopkins Hospital,er,,350,320,91.42857142857143
HOSP-7243,The Johns Hopkins Hospital,surgery,,320,60,18.75
HOSP-7244,The Johns Hopkins Hospital,pediatrics,,190,340,178.94736842105263
HOSP-7244,The Johns Hopkins Hospital,surgery,2023-08-18,390,50,12.82051282051282
HOSP-7245,The Johns Hopkins Hospital,pediatrics,,230,310,134.7826086956522
HOSP-7247,The Johns Hopkins Hospital,er,,230,260,113.04347826086956
HOSP-7248,The Johns Hopkins Hospital,er,,450,120,26.666666666666668
HOSP-7249,The Johns Hopkins Hospital,surgery,2022-03-21,330,60,18.181818181818183
HOSP-7250,The Johns Hopkins Hospital,er,2022-09-24,170,380,223.52941176470588
HOSP-7250,The Johns Hopkins Hospital,maternity,2023-05-25,500,70,14.000000000000002
HOSP-7250,The Johns Hopkins Hospital,pediatrics,2024-07-14,350,40,11.428571428571429
HOSP-7250,The Johns Hopkins Hospital,pediatrics,,470,180,38.297872340425535
HOSP-7251,The Johns Hopkins Hospital,er,,420,230,54.761904761904766
HOSP-7251,The Johns Hopkins Hospital,surgery,2021-04-25,270,170,62.96296296296296
HOSP-7252,The Johns Hopkins Hospital,surgery,2024-07-13,300,270,90.0
HOSP-7253,The Johns Hopkins Hospital,icu,,400,50,12.5
HOSP-7253,The Johns Hopkins Hospital,pediatrics,2022-05-23,260,40,15.384615384615385
HOSP-7254,The Johns Hopkins Hospital,er,2023-12-21,300,240,80.0
HOSP-7254,The Johns Hopkins Hospital,maternity,2023-05-25,150,170,113.33333333333333
HOSP-7254,The Johns Hopkins Hospital,surgery,2023-11-15,150,160,106.66666666666667
HOSP-7257,The Johns Hopkins Hospital,maternity,2023-12-26,360,160,44.44444444444444
HOSP-7257,The Johns Hopkins Hospital,surgery,,490,60,12.244897959183673
HOSP-7258,The Johns Hopkins Hospital,er,,450,60,13.333333333333334
HOSP-7258,The Johns Hopkins Hospital,icu,,290,380,131.0344827586207
HOSP-7258,The Johns Hopkins Hospital,maternity,,420,240,57.14285714285714
HOSP-7258,The Johns Hopkins Hospital,pediatrics,,310,100,32.25806451612903
HOSP-7258,The Johns Hopkins Hospital,surgery,,380,250,65.78947368421053
HOSP-7259,The Johns Hopkins Hospital,icu,,400,60,15.0
HOSP-7261,The Johns Hopkins Hospital,pediatrics,,310,200,64.51612903225806
HOSP-7264,The Johns Hopkins Hospital,maternity,,430,300,69.76744186046511
HOSP-7264,The Johns Hopkins Hospital,surgery,2022-11-13,480,180,37.5
HOSP-7265,The Johns Hopkins Hospital,pediatrics,2021-03-19,390,60,15.384615384615385
HOSP-7266,The Johns Hopkins Hospital,er,,300,290,96.66666666666667
HOSP-7266,The Johns Hopkins Hospital,icu,,210,370,176.19047619047618
HOSP-7267,The Johns Hopkins Hospital,icu,2023-11-29,460,330,71.73913043478261
HOSP-7267,The Johns Hopkins Hospital,pediatrics,,360,80,22.22222222222222
HOSP-7268,The Johns Hopkins Hospital,er,2023-04-24,430,0,0.0
HOSP-7269,The Johns Hopkins Hospital,surgery,,240,20,8.333333333333332
HOSP-7270,The Johns Hopkins Hospital,maternity,,440,170,38.63636363636363
HOSP-7271,The Johns Hopkins Hospital,er,,470,230,48.93617021276596
HOSP-7271,The Johns Hopkins Hospital,surgery,,400,100,25.0
HOSP-7272,The Johns Hopkins Hospital,icu,,140,300,214.28571428571428
HOSP-7273,The Johns Hopkins Hospital,icu,,480,140,29.166666666666668
HOSP-7274,The Johns Hopkins Hospital,icu,2021-09-18,420,180,42.857142857142854
HOSP-7276,The Johns Hopkins Hospital,surgery,2023-02-25,440,310,70.45454545454545
HOSP-7276,The Johns Hopkins Hospital,surgery,,350,390,111.42857142857143
HOSP-7277,The Johns Hopkins Hospital,icu,,140,330,235.71428571428572
HOSP-7277,The Johns Hopkins Hospital,surgery,,230,10,4.3478260869565215
HOSP-7278,The Johns Hopkins Hospital,er,2021-01-26,180,0,0.0
HOSP-7278,The Johns Hopkins Hospital,maternity,2022-04-23,460,310,67.3913043478261
HOSP-7278,The Johns Hopkins Hospital,pediatrics,,420,250,59.523809523809526
HOSP-7281,The Johns Hopkins Hospital,maternity,2020-12-20,110,320,290.90909090909093
HOSP-7282,The Johns Hopkins Hospital,pediatrics,,290,160,55.172413793103445
HOSP-7283,The Johns Hopkins Hospital,er,2022-04-13,360,280,77.77777777777779
HOSP-7284,The Johns Hopkins Hospital,pediatrics,,280,290,103.57142857142858
HOSP-7285,The Johns Hopkins Hospital,pediatrics,,320,170,53.125
HOSP-7286,The Johns Hopkins Hospital,icu,,470,160,34.04255319148936
HOSP-7289,The Johns Hopkins Hospital,pediatrics,2020-12-18,480,180,37.5
HOSP-7290,The Johns Hopkins Hospital,er,,350,20,5.714285714285714
HOSP-7292,The Johns Hopkins Hospital,surgery,,470,370,78.72340425531915
HOSP-7294,The Johns Hopkins Hospital,pediatrics,,490,230,46.93877551020408
HOSP-7294,The Johns Hopkins Hospital,surgery,2024-04-23,480,10,2.083333333333333
HOSP-7295,The Johns Hopkins Hospital,surgery,2023-02-19,460,350,76.08695652173914
HOSP-7296,The Johns Hopkins Hospital,icu,2022-02-17,100,0,0.0
HOSP-7296,The Johns Hopkins Hospital,maternity,,430,320,74.4186046511628
HOSP-7296,The Johns Hopkins Hospital,pediatrics,2022-06-27,300,240,80.0
HOSP-7299,The Johns Hopkins Hospital,surgery,2024-06-18,310,320,103.2258064516129
HOSP-7300,The Johns Hopkins Hospital,surgery,,250,160,64.0
HOSP-7302,The Johns Hopkins Hospital,pediatrics,,220,290,131.8181818181818
HOSP-7305,The Johns Hopkins Hospital,maternity,2021-08-25,130,150,115.38461538461537
HOSP-7305,The Johns Hopkins Hospital,surgery,2021-07-13,260,340,130.76923076923077
HOSP-7306,The Johns Hopkins Hospital,er,2024-03-24,170,330,194.11764705882354
HOSP-7308,The Johns Hopkins Hospital,pediatrics,2021-01-21,490,80,16.3265306122449
HOSP-7308,The Johns Hopkins Hospital,pediatrics,2023-04-14,420,140,33.33333333333333
HOSP-7309,The Johns Hopkins Hospital,er,,400,130,32.5
HOSP-7309,The Johns Hopkins Hospital,maternity,2023-05-19,300,40,13.333333333333334
HOSP-7310,The Johns Hopkins Hospital,er,2022-08-16,380,370,97.36842105263158
HOSP-7310,The Johns Hopkins Hospital,icu,2021-03-27,170,310,182.35294117647058
HOSP-7310,The Johns Hopkins Hospital,icu,2023-09-21,460,130,28.26086956521739
HOSP-7310,The Johns Hopkins Hospital,surgery,2022-11-28,320,100,31.25
HOSP-7313,The Johns Hopkins Hospital,surgery,2023-09-13,290,120,41.37931034482759
HOSP-7316,The Johns Hopkins Hospital,maternity,,500,230,46.0
HOSP-7316,The Johns Hopkins Hospital,pediatrics,,140,300,214.28571428571428
HOSP-7317,The Johns Hopkins Hospital,maternity,2021-10-14,310,400,129.03225806451613
HOSP-7317,The Johns Hopkins Hospital,pediatrics,,420,130,30.952380952380953
HOSP-7318,The Johns Hopkins Hospital,pediatrics,2023-04-16,490,90,18.367346938775512
HOSP-7318,The Johns Hopkins Hospital,surgery,2021-04-20,480,10,2.083333333333333
HOSP-7319,The Johns Hopkins Hospital,icu,,110,40,36.36363636363637
HOSP-7320,The Johns Hopkins Hospital,icu,,270,300,111.11111111111111
HOSP-7320,The Johns Hopkins Hospital,maternity,2023-01-19,420,230,54.761904761904766
HOSP-7323,The Johns Hopkins Hospital,icu,,490,250,51.02040816326531
HOSP-7323,The Johns Hopkins Hospital,pediatrics,2022-01-29,140,140,100.0
HOSP-7323,The Johns Hopkins Hospital,pediatrics,2023-08-31,270,340,125.92592592592592
HOSP-7324,The Johns Hopkins Hospital,pediatrics,2020-07-28,310,10,3.225806451612903
HOSP-7324,The Johns Hopkins Hospital,surgery,,190,20,10.526315789473683
HOSP-7327,The Johns Hopkins Hospital,er,2023-07-19,110,270,245.45454545454547
HOSP-7327,The Johns Hopkins Hospital,er,,180,10,5.555555555555555
HOSP-7327,The Johns Hopkins Hospital,maternity,2023-01-27,490,330,67.3469387755102
HOSP-7327,The Johns Hopkins Hospital,surgery,2024-04-26,280,190,67.85714285714286
HOSP-7328,The Johns Hopkins Hospital,er,2023-12-21,230,100,43.47826086956522
HOSP-7328,The Johns Hopkins Hospital,er,,450,200,44.44444444444444
HOSP-7328,The Johns Hopkins Hospital,surgery,2020-10-23,240,240,100.0
HOSP-7329,The Johns Hopkins Hospital,surgery,2023-10-30,380,50,13.157894736842104
HOSP-7330,The Johns Hopkins Hospital,er,2021-12-15,470,140,29.78723404255319
HOSP-7330,The Johns Hopkins Hospital,icu,2024-01-27,370,330,89.1891891891892
HOSP-7332,The Johns Hopkins Hospital,icu,2022-11-28,220,350,159.0909090909091
HOSP-7332,The Johns Hopkins Hospital,maternity,2023-05-16,460,20,4.3478260869565215
HOSP-7333,The Johns Hopkins Hospital,maternity,2024-04-25,310,350,112.90322580645163
HOSP-7334,The Johns Hopkins Hospital,er,,500,370,74.0
HOSP-7334,The Johns Hopkins Hospital,surgery,,320,10,3.125
HOSP-7335,The Johns Hopkins Hospital,surgery,,460,70,15.217391304347828
HOSP-7336,The Johns Hopkins Hospital,icu,2022-05-25,100,210,210.0
HOSP-7336,The Johns Hopkins Hospital,icu,2022-11-25,180,320,177.77777777777777
HOSP-7337,The Johns Hopkins Hospital,maternity,2023-12-21,460,330,71.73913043478261
HOSP-7337,The Johns Hopkins Hospital,maternity,,140,220,157.14285714285714
HOSP-7338,The Johns Hopkins Hospital,maternity,2023-02-17,250,370,148.0
HOSP-7339,The Johns Hopkins Hospital,icu,,280,160,57.14285714285714
HOSP-7339,The Johns Hopkins Hospital,maternity,2022-06-13,440,20,4.545454545454546
HOSP-7340,The Johns Hopkins Hospital,maternity,2023-12-24,420,250,59.523809523809526
HOSP-7340,The Johns Hopkins Hospital,pediatrics,2020-12-21,350,220,62.857142857142854
HOSP-7340,The Johns Hopkins Hospital,surgery,,230,290,126.08695652173914
HOSP-7341,The Johns Hopkins Hospital,maternity,2021-11-22,310,240,77.41935483870968
HOSP-7342,The Johns Hopkins Hospital,maternity,2021-03-18,460,300,65.21739130434783
HOSP-7345,The Johns Hopkins Hospital,er,2021-03-31,210,240,114.28571428571428
HOSP-7345,The Johns Hopkins Hospital,er,,410,150,36.58536585365854
HOSP-7345,The Johns Hopkins Hospital,maternity,2023-02-23,270,30,11.11111111111111
HOSP-7349,The Johns Hopkins Hospital,maternity,,350,40,11.428571428571429
HOSP-7351,The Johns Hopkins Hospital,maternity,,390,180,46.15384615384615
HOSP-7353,The Johns Hopkins Hospital,pediatrics,2021-02-21,430,330,76.74418604651163
HOSP-7353,The Johns Hopkins Hospital,pediatrics,,340,400,117.64705882352942
HOSP-7354,The Johns Hopkins Hospital,surgery,2020-10-16,340,100,29.411764705882355
HOSP-7355,The Johns Hopkins Hospital,er,2024-02-28,350,130,37.142857142857146
HOSP-7357,The Johns Hopkins Hospital,icu,,440,350,79.54545454545455
HOSP-7357,The Johns Hopkins Hospital,surgery,,120,190,158.33333333333331
HOSP-7358,The Johns Hopkins Hospital,icu,2020-09-18,250,130,52.0
HOSP-7358,The Johns Hopkins Hospital,maternity,,290,170,58.620689655172406
HOSP-7359,The Johns Hopkins Hospital,icu,,200,300,150.0
HOSP-7362,The Johns Hopkins Hospital,surgery,2021-05-29,350,120,34.285714285714285
HOSP-7363,The Johns Hopkins Hospital,maternity,2023-07-19,330,180,54.54545454545454
HOSP-7365,The Johns Hopkins Hospital,surgery,2023-05-26,160,60,37.5
HOSP-7367,The Johns Hopkins Hospital,er,2021-10-17,370,0,0.0
HOSP-7369,The Johns Hopkins Hospital,icu,2021-07-23,190,330,173.6842105263158
HOSP-7369,The Johns Hopkins Hospital,icu,,260,50,19.230769230769234
HOSP-7371,The Johns Hopkins Hospital,er,,420,290,69.04761904761905
HOSP-7372,The Johns Hopkins Hospital,icu,2023-03-24,490,320,65.3061224489796
HOSP-7372,The Johns Hopkins Hospital,pediatrics,,250,20,8.0
HOSP-7372,The Johns Hopkins Hospital,surgery,2022-02-14,120,30,25.0
HOSP-7373,The Johns Hopkins Hospital,er,,340,390,114.70588235294117
HOSP-7374,The Johns Hopkins Hospital,er,,190,250,131.57894736842107
HOSP-7374,The Johns Hopkins Hospital,maternity,,200,300,150.0
HOSP-7375,The Johns Hopkins Hospital,surgery,2022-07-25,370,140,37.83783783783784
HOSP-7377,The Johns Hopkins Hospital,surgery,2020-07-29,180,350,194.44444444444443
HOSP-7378,The Johns Hopkins Hospital,pediatrics,2021-10-21,170,110,64.70588235294117
HOSP-7380,The Johns Hopkins Hospital,maternity,,180,80,44.44444444444444
HOSP-7380,The Johns Hopkins Hospital,pediatrics,2021-07-22,180,400,222.22222222222223
HOSP-7380,The Johns Hopkins Hospital,pediatrics,2022-12-21,290,100,34.48275862068966
HOSP-7382,The Johns Hopkins Hospital,icu,,320,310,96.875
HOSP-7383,The Johns Hopkins Hospital,icu,,350,180,51.42857142857142
HOSP-7384,The Johns Hopkins Hospital,maternity,2024-07-16,250,310,124.0
HOSP-7384,The Johns Hopkins Hospital,pediatrics,,330,200,60.60606060606061
HOSP-7384,The Johns Hopkins Hospital,surgery,,340,110,32.35294117647059
HOSP-7385,The Johns Hopkins Hospital,maternity,2022-03-27,130,300,230.76923076923075
HOSP-7386,The Johns Hopkins Hospital,er,,430,220,51.162790697674424
HOSP-7386,The Johns Hopkins Hospital,pediatrics,2021-11-21,500,280,56.00000000000001
HOSP-7386,The Johns Hopkins Hospital,pediatrics,2022-08-17,440,90,20.454545454545457
HOSP-7387,The Johns Hopkins Hospital,maternity,2021-04-30,390,290,74.35897435897436
HOSP-7388,The Johns Hopkins Hospital,er,2022-07-16,360,30,8.333333333333332
HOSP-7388,The Johns Hopkins Hospital,pediatrics,2021-05-13,370,250,67.56756756756756
HOSP-7388,The Johns Hopkins Hospital,surgery,2022-08-18,200,0,0.0
HOSP-7389,The Johns Hopkins Hospital,maternity,2021-06-24,210,170,80.95238095238095
HOSP-7389,The Johns Hopkins Hospital,pediatrics,,120,340,283.33333333333337
HOSP-7392,The Johns Hopkins Hospital,surgery,,500,360,72.0
HOSP-7393,The Johns Hopkins Hospital,icu,2023-11-21,220,350,159.0909090909091
HOSP-7393,The Johns Hopkins Hospital,icu,2023-12-24,300,230,76.66666666666667
HOSP-7393,The Johns Hopkins Hospital,surgery,2021-04-26,390,120,30.76923076923077
HOSP-7394,The Johns Hopkins Hospital,surgery,2021-07-22,340,340,100.0
HOSP-7395,The Johns Hopkins Hospital,er,2021-03-25,230,190,82.6086956521739
HOSP-7395,The Johns Hopkins Hospital,surgery,2022-02-28,210,210,100.0
HOSP-7396,The Johns Hopkins Hospital,icu,2023-02-24,370,0,0.0
HOSP-7397,The Johns Hopkins Hospital,er,2023-04-14,360,40,11.11111111111111
HOSP-7397,The Johns Hopkins Hospital,er,,280,50,17.857142857142858
HOSP-7397,The Johns Hopkins Hospital,maternity,,110,320,290.90909090909093
HOSP-7399,The Johns Hopkins Hospital,er,2023-06-23,330,140,42.42424242424242
HOSP-7399,The Johns Hopkins Hospital,surgery,2021-10-13,490,380,77.55102040816327
HOSP-7399,The Johns Hopkins Hospital,surgery,,280,50,17.857142857142858
HOSP-7400,The Johns Hopkins Hospital,surgery,,250,390,156.0
HOSP-7407,The Johns Hopkins Hospital,pediatrics,2023-03-25,370,90,24.324324324324326
HOSP-7407,The Johns Hopkins Hospital,pediatrics,,320,320,100.0
HOSP-7409,The Johns Hopkins Hospital,maternity,,500,230,46.0
HOSP-7411,The Johns Hopkins Hospital,maternity,2021-09-20,180,350,194.44444444444443
HOSP-7412,The Johns Hopkins Hospital,icu,,390,380,97.43589743589743
HOSP-7413,The Johns Hopkins Hospital,pediatrics,,140,290,207.14285714285717
HOSP-7415,The Johns Hopkins Hospital,er,2020-10-28,350,170,48.57142857142857
HOSP-7415,The Johns Hopkins Hospital,er,,170,100,58.82352941176471
HOSP-7417,The Johns Hopkins Hospital,maternity,2021-08-20,430,210,48.837209302325576
HOSP-7417,The Johns Hopkins Hospital,pediatrics,,430,310,72.09302325581395
HOSP-7418,The Johns Hopkins Hospital,er,,490,290,59.183673469387756
HOSP-7418,The Johns Hopkins Hospital,pediatrics,2021-05-28,290,310,106.89655172413792
HOSP-7419,The Johns Hopkins Hospital,er,2021-12-24,300,30,10.0
HOSP-7419,The Johns Hopkins Hospital,er,2022-09-30,130,60,46.15384615384615
HOSP-7419,The Johns Hopkins Hospital,maternity,2020-09-20,130,40,30.76923076923077
HOSP-7421,The Johns Hopkins Hospital,maternity,,490,100,20.408163265306122
HOSP-7425,The Johns Hopkins Hospital,pediatrics,,140,300,214.28571428571428
HOSP-7426,The Johns Hopkins Hospital,icu,2021-01-20,480,220,45.83333333333333
HOSP-7428,The Johns Hopkins Hospital,surgery,2021-11-16,120,310,258.33333333333337
HOSP-7429,The Johns Hopkins Hospital,maternity,2023-04-21,280,70,25.0
HOSP-7430,The Johns Hopkins Hospital,icu,2023-08-15,500,400,80.0
HOSP-7431,The Johns Hopkins Hospital,surgery,,250,220,88.0
HOSP-7432,The Johns Hopkins Hospital,er,,420,30,7.142857142857142
HOSP-7433,The Johns Hopkins Hospital,er,,310,260,83.87096774193549
HOSP-7438,The Johns Hopkins Hospital,maternity,2021-04-15,350,240,68.57142857142857
HOSP-7438,The Johns Hopkins Hospital,pediatrics,,180,160,88.88888888888889
HOSP-7439,The Johns Hopkins Hospital,pediatrics,2021-05-21,110,370,336.3636363636364
HOSP-7441,The Johns Hopkins Hospital,surgery,2020-08-20,310,0,0.0
HOSP-7442,The Johns Hopkins Hospital,er,,210,340,161.9047619047619
HOSP-7442,The Johns Hopkins Hospital,pediatrics,,490,20,4.081632653061225
HOSP-7442,The Johns Hopkins Hospital,surgery,2023-06-28,470,10,2.127659574468085
HOSP-7443,The Johns Hopkins Hospital,er,2023-04-17,170,370,217.6470588235294
HOSP-7443,The Johns Hopkins Hospital,surgery,,220,140,63.63636363636363
HOSP-7444,The Johns Hopkins Hospital,pediatrics,2022-05-24,380,130,34.21052631578947
HOSP-7444,The Johns Hopkins Hospital,pediatrics,2022-08-20,270,120,44.44444444444444
HOSP-7445,The Johns Hopkins Hospital,er,2023-02-28,270,10,3.7037037037037033
HOSP-7447,The Johns Hopkins Hospital,surgery,,160,240,150.0
HOSP-7449,The Johns Hopkins Hospital,maternity,2024-04-15,160,140,87.5
HOSP-7451,The Johns Hopkins Hospital,surgery,2022-02-27,380,0,0.0
HOSP-7455,The Johns Hopkins Hospital,icu,,120,50,41.66666666666667
HOSP-7456,The Johns Hopkins Hospital,surgery,2024-03-21,140,360,257.14285714285717
HOSP-7458,The Johns Hopkins Hospital,icu,,350,30,8.571428571428571
HOSP-7459,The Johns Hopkins Hospital,icu,2021-04-28,160,100,62.5
HOSP-7459,The Johns Hopkins Hospital,maternity,2021-04-28,450,330,73.33333333333333
HOSP-7459,The Johns Hopkins Hospital,maternity,,160,160,100.0
HOSP-7459,The Johns Hopkins Hospital,pediatrics,2023-07-29,200,110,55.00000000000001
HOSP-7460,The Johns Hopkins Hospital,surgery,2023-03-27,150,130,86.66666666666667
HOSP-7460,The Johns Hopkins Hospital,surgery,,380,380,100.0
HOSP-7461,The Johns Hopkins Hospital,er,2021-06-25,160,280,175.0
HOSP-7462,The Johns Hopkins Hospital,er,2021-10-28,360,240,66.66666666666666
HOSP-7464,The Johns Hopkins Hospital,maternity,2021-10-16,260,330,126.92307692307692
HOSP-7464,The Johns Hopkins Hospital,surgery,2024-07-14,250,90,36.0
HOSP-7465,The Johns Hopkins Hospital,maternity,2022-02-13,310,170,54.83870967741935
HOSP-7465,The Johns Hopkins Hospital,pediatrics,2023-06-16,120,310,258.33333333333337
HOSP-7466,The Johns Hopkins Hospital,pediatrics,,350,50,14.285714285714285
HOSP-7467,The Johns Hopkins Hospital,er,,400,200,50.0
HOSP-7467,The Johns Hopkins Hospital,icu,2023-03-23,420,400,95.23809523809523
HOSP-7468,The Johns Hopkins Hospital,icu,2023-07-30,160,340,212.5
HOSP-7470,The Johns Hopkins Hospital,icu,2022-04-24,440,150,34.090909090909086
HOSP-7470,The Johns Hopkins Hospital,icu,2023-12-31,400,310,77.5
HOSP-7471,The Johns Hopkins Hospital,er,,160,390,243.75
HOSP-7471,The Johns Hopkins Hospital,pediatrics,2020-08-25,290,270,93.10344827586206
HOSP-7471,The Johns Hopkins Hospital,pediatrics,2022-10-28,450,30,6.666666666666667
HOSP-7472,The Johns Hopkins Hospital,er,2023-12-25,210,80,38.095238095238095
HOSP-7472,The Johns Hopkins Hospital,icu,2023-07-14,200,380,190.0
HOSP-7472,The Johns Hopkins Hospital,icu,,300,160,53.333333333333336
HOSP-7473,The Johns Hopkins Hospital,icu,2021-09-29,230,180,78.26086956521739
HOSP-7473,The Johns Hopkins Hospital,maternity,2023-07-16,360,30,8.333333333333332
HOSP-7473,The Johns Hopkins Hospital,surgery,,190,210,110.5263157894737
HOSP-7475,The Johns Hopkins Hospital,icu,,360,390,108.33333333333333
HOSP-7476,The Johns Hopkins Hospital,maternity,,480,250,52.083333333333336
HOSP-7477,The Johns Hopkins Hospital,er,,270,370,137.03703703703704
HOSP-7479,The Johns Hopkins Hospital,er,2024-04-24,150,230,153.33333333333334
HOSP-7480,The Johns Hopkins Hospital,surgery,,420,20,4.761904761904762
HOSP-7482,The Johns Hopkins Hospital,pediatrics,2022-01-29,130,160,123.07692307692308
HOSP-7482,The Johns Hopkins Hospital,pediatrics,2024-03-22,260,160,61.53846153846154
HOSP-7483,The Johns Hopkins Hospital,er,,410,100,24.390243902439025
HOSP-7483,The Johns Hopkins Hospital,pediatrics,,140,320,228.57142857142856
HOSP-7483,The Johns Hopkins Hospital,surgery,2020-10-25,120,320,266.66666666666663
HOSP-7484,The Johns Hopkins Hospital,er,,440,220,50.0
HOSP-7484,The Johns Hopkins Hospital,maternity,,440,40,9.090909090909092
HOSP-7487,The Johns Hopkins Hospital,pediatrics,,170,200,117.64705882352942
HOSP-7488,The Johns Hopkins Hospital,icu,,260,80,30.76923076923077
HOSP-7488,The Johns Hopkins Hospital,maternity,,440,300,68.18181818181817
HOSP-7490,The Johns Hopkins Hospital,er,,280,390,139.28571428571428
HOSP-7490,The Johns Hopkins Hospital,pediatrics,2024-03-23,110,250,227.27272727272728
HOSP-7491,The Johns Hopkins Hospital,icu,,500,80,16.0
HOSP-7493,The Johns Hopkins Hospital,er,,290,60,20.689655172413794
HOSP-7494,The Johns Hopkins Hospital,icu,2021-05-31,350,50,14.285714285714285
HOSP-7494,The Johns Hopkins Hospital,surgery,2023-09-14,290,40,13.793103448275861
HOSP-7495,The Johns Hopkins Hospital,pediatrics,2022-03-20,380,60,15.789473684210526
HOSP-7497,The Johns Hopkins Hospital,maternity,,340,210,61.76470588235294
HOSP-7499,The Johns Hopkins Hospital,pediatrics,2021-05-13,230,0,0.0
HOSP-7499,The Johns Hopkins Hospital,surgery,,240,20,8.333333333333332
HOSP-7500,The Johns Hopkins Hospital,icu,,420,10,2.380952380952381
HOSP-7501,The Johns Hopkins Hospital,pediatrics,,390,0,0.0
HOSP-7502,The Johns Hopkins Hospital,surgery,2020-12-20,410,160,39.02439024390244
HOSP-7503,The Johns Hopkins Hospital,maternity,,470,100,21.27659574468085
HOSP-7503,The Johns Hopkins Hospital,pediatrics,,170,240,141.1764705882353
HOSP-7504,The Johns Hopkins Hospital,maternity,,480,0,0.0
HOSP-7505,The Johns Hopkins Hospital,er,2021-07-14,440,90,20.454545454545457
HOSP-7505,The Johns Hopkins Hospital,pediatrics,,360,400,111.11111111111111
HOSP-7506,The Johns Hopkins Hospital,icu,2021-01-19,150,170,113.33333333333333
HOSP-7506,The Johns Hopkins Hospital,surgery,2023-11-26,230,130,56.52173913043478
HOSP-7511,The Johns Hopkins Hospital,pediatrics,2022-11-19,330,370,112.12121212121211
HOSP-7512,The Johns Hopkins Hospital,maternity,,480,360,75.0
HOSP-7512,The Johns Hopkins Hospital,pediatrics,,440,290,65.9090909090909
HOSP-7513,The Johns Hopkins Hospital,er,,460,120,26.08695652173913
HOSP-7514,The Johns Hopkins Hospital,pediatrics,,320,60,18.75
HOSP-7515,The Johns Hopkins Hospital,surgery,2021-10-27,220,350,159.0909090909091
HOSP-7516,The Johns Hopkins Hospital,maternity,,350,310,88.57142857142857
HOSP-7518,The Johns Hopkins Hospital,er,,410,260,63.41463414634146
HOSP-7518,The Johns Hopkins Hospital,icu,,170,330,194.11764705882354
HOSP-7519,The Johns Hopkins Hospital,icu,,250,390,156.0
HOSP-7520,The Johns Hopkins Hospital,pediatrics,,250,320,128.0
HOSP-7521,The Johns Hopkins Hospital,maternity,2021-08-14,210,240,114.28571428571428
HOSP-7526,The Johns Hopkins Hospital,er,2021-12-13,290,390,134.48275862068965
HOSP-7526,The Johns Hopkins Hospital,maternity,2020-08-13,390,400,102.56410256410255
HOSP-7527,The Johns Hopkins Hospital,pediatrics,2023-06-13,450,130,28.888888888888886
HOSP-7528,The Johns Hopkins Hospital,pediatrics,2022-04-13,310,70,22.58064516129032
HOSP-7528,The Johns Hopkins Hospital,pediatrics,,220,110,50.0
HOSP-7528,The Johns Hopkins Hospital,surgery,,330,140,42.42424242424242
HOSP-7531,The Johns Hopkins Hospital,icu,,300,290,96.66666666666667
HOSP-7531,The Johns Hopkins Hospital,maternity,2023-11-21,350,130,37.142857142857146
HOSP-7531,The Johns Hopkins Hospital,surgery,2023-06-21,380,60,15.789473684210526
HOSP-7533,The Johns Hopkins Hospital,icu,,250,300,120.0
HOSP-7533,The Johns Hopkins Hospital,pediatrics,2021-07-24,280,400,142.85714285714286
HOSP-7534,The Johns Hopkins Hospital,maternity,2023-04-25,480,140,29.166666666666668
HOSP-7534,The Johns Hopkins Hospital,surgery,,380,30,7.894736842105263
HOSP-7535,The Johns Hopkins Hospital,er,2023-12-17,140,370,264.2857142857143
HOSP-7535,The Johns Hopkins Hospital,maternity,2020-10-30,250,280,112.00000000000001
HOSP-7536,The Johns Hopkins Hospital,surgery,,380,150,39.473684210526315
HOSP-7537,The Johns Hopkins Hospital,er,,200,230,114.99999999999999
HOSP-7537,The Johns Hopkins Hospital,icu,2022-12-20,470,390,82.97872340425532
HOSP-7538,The Johns Hopkins Hospital,pediatrics,2022-03-19,460,60,13.043478260869565
HOSP-7538,The Johns Hopkins Hospital,surgery,2021-12-14,430,120,27.906976744186046
HOSP-7539,The Johns Hopkins Hospital,surgery,,200,0,0.0
HOSP-7540,The Johns Hopkins Hospital,er,2020-07-24,170,130,76.47058823529412
HOSP-7541,The Johns Hopkins Hospital,icu,,400,40,10.0
HOSP-7542,The Johns Hopkins Hospital,er,2022-10-20,100,50,50.0
HOSP-7542,The Johns Hopkins Hospital,maternity,2022-05-25,150,80,53.333333333333336
HOSP-7543,The Johns Hopkins Hospital,icu,,320,350,109.375
HOSP-7543,The Johns Hopkins Hospital,pediatrics,,170,180,105.88235294117648
HOSP-7545,The Johns Hopkins Hospital,icu,,490,150,30.612244897959183
HOSP-7547,The Johns Hopkins Hospital,icu,2021-02-15,270,310,114.81481481481481
HOSP-7550,The Johns Hopkins Hospital,er,2024-02-21,380,270,71.05263157894737
HOSP-7551,The Johns Hopkins Hospital,icu,,320,280,87.5
HOSP-7551,The Johns Hopkins Hospital,maternity,2022-03-26,250,230,92.0
HOSP-7551,The Johns Hopkins Hospital,pediatrics,,190,110,57.89473684210527
HOSP-7553,The Johns Hopkins Hospital,er,,440,280,63.63636363636363
HOSP-7553,The Johns Hopkins Hospital,pediatrics,,170,150,88.23529411764706
HOSP-7554,The Johns Hopkins Hospital,pediatrics,2022-04-21,100,370,370.0
HOSP-7555,The Johns Hopkins Hospital,maternity,,220,0,0.0
HOSP-7555,The Johns Hopkins Hospital,pediatrics,2023-11-30,180,190,105.55555555555556
HOSP-7555,The Johns Hopkins Hospital,pediatrics,,410,330,80.48780487804879
HOSP-7560,The Johns Hopkins Hospital,er,,150,10,6.666666666666667
HOSP-7561,The Johns Hopkins Hospital,maternity,,100,170,170.0
HOSP-7562,The Johns Hopkins Hospital,er,2022-12-21,200,310,155.0
HOSP-7562,The Johns Hopkins Hospital,er,2023-07-14,180,140,77.77777777777779
HOSP-7562,The Johns Hopkins Hospital,icu,2020-09-28,410,210,51.21951219512195
HOSP-7564,The Johns Hopkins Hospital,maternity,,470,200,42.5531914893617
HOSP-7564,The Johns Hopkins Hospital,pediatrics,2020-09-28,360,230,63.888888888888886
HOSP-7566,The Johns Hopkins Hospital,icu,2024-03-15,450,70,15.555555555555555
HOSP-7567,The Johns Hopkins Hospital,er,,350,60,17.142857142857142
HOSP-7570,The Johns Hopkins Hospital,pediatrics,2020-10-21,360,360,100.0
HOSP-7571,The Johns Hopkins Hospital,er,,120,160,133.33333333333331
HOSP-7571,The Johns Hopkins Hospital,maternity,2022-08-14,440,130,29.545454545454547
HOSP-7572,The Johns Hopkins Hospital,pediatrics,2020-09-15,470,360,76.59574468085107
HOSP-7572,The Johns Hopkins Hospital,surgery,,410,70,17.073170731707318
HOSP-7575,The Johns Hopkins Hospital,icu,2022-05-13,380,250,65.78947368421053
HOSP-7575,The Johns Hopkins Hospital,maternity,2021-11-21,240,180,75.0
HOSP-7575,The Johns Hopkins Hospital,surgery,2023-05-30,160,40,25.0
HOSP-7576,The Johns Hopkins Hospital,icu,2023-05-13,170,180,105.88235294117648
HOSP-7577,The Johns Hopkins Hospital,icu,,490,160,32.6530612244898
HOSP-7577,The Johns Hopkins Hospital,pediatrics,2021-04-21,340,20,5.88235294117647
HOSP-7579,The Johns Hopkins Hospital,er,2024-03-13,260,110,42.30769230769231
HOSP-7579,The Johns Hopkins Hospital,icu,,150,60,40.0
HOSP-7579,The Johns Hopkins Hospital,maternity,2021-11-27,150,310,206.66666666666669
HOSP-7579,The Johns Hopkins Hospital,pediatrics,,430,90,20.930232558139537
HOSP-7580,The Johns Hopkins Hospital,er,,180,330,183.33333333333331
HOSP-7581,The Johns Hopkins Hospital,er,2020-12-31,170,30,17.647058823529413
HOSP-7584,The Johns Hopkins Hospital,maternity,2023-02-18,390,90,23.076923076923077
HOSP-7585,The Johns Hopkins Hospital,surgery,,110,320,290.90909090909093
HOSP-7588,The Johns Hopkins Hospital,er,2021-12-25,420,10,2.380952380952381
HOSP-7588,The Johns Hopkins Hospital,surgery,2024-07-22,420,20,4.761904761904762
HOSP-7589,The Johns Hopkins Hospital,er,2022-07-18,470,10,2.127659574468085
HOSP-7589,The Johns Hopkins Hospital,surgery,,470,300,63.829787234042556
HOSP-7590,The Johns Hopkins Hospital,maternity,2020-10-19,270,360,133.33333333333331
HOSP-7591,The Johns Hopkins Hospital,icu,2020-10-22,120,180,150.0
HOSP-7591,The Johns Hopkins Hospital,icu,,130,190,146.15384615384613
HOSP-7591,The Johns Hopkins Hospital,maternity,2020-08-27,350,80,22.857142857142858
HOSP-7594,The Johns Hopkins Hospital,er,2021-11-27,410,280,68.29268292682927
HOSP-7596,The Johns Hopkins Hospital,maternity,2021-05-30,370,350,94.5945945945946
HOSP-7597,The Johns Hopkins Hospital,er,2022-06-13,400,0,0.0
HOSP-7598,The Johns Hopkins Hospital,maternity,2021-01-20,250,50,20.0
HOSP-7598,The Johns Hopkins Hospital,maternity,,110,0,0.0
HOSP-7599,The Johns Hopkins Hospital,maternity,2024-06-18,340,90,26.47058823529412
HOSP-7600,The Johns Hopkins Hospital,maternity,2022-05-13,370,140,37.83783783783784
HOSP-7601,The Johns Hopkins Hospital,surgery,2021-12-29,120,20,16.666666666666664
HOSP-7602,The Johns Hopkins Hospital,maternity,,300,110,36.666666666666664
HOSP-7602,The Johns Hopkins Hospital,surgery,2023-02-23,190,390,205.26315789473685
HOSP-7604,The Johns Hopkins Hospital,surgery,2023-09-30,260,350,134.6153846153846
HOSP-7604,The Johns Hopkins Hospital,surgery,,440,50,11.363636363636363
HOSP-7605,The Johns Hopkins Hospital,surgery,,280,190,67.85714285714286
HOSP-7606,The Johns Hopkins Hospital,er,2020-09-22,300,340,113.33333333333333
HOSP-7606,The Johns Hopkins Hospital,icu,2020-07-27,130,90,69.23076923076923
HOSP-7611,The Johns Hopkins Hospital,maternity,2021-03-18,190,90,47.368421052631575
HOSP-7611,The Johns Hopkins Hospital,surgery,,350,220,62.857142857142854
HOSP-7612,The Johns Hopkins Hospital,pediatrics,2023-09-23,270,180,66.66666666666666
HOSP-7613,The Johns Hopkins Hospital,er,,240,70,29.166666666666668
HOSP-7613,The Johns Hopkins Hospital,pediatrics,,470,160,34.04255319148936
HOSP-7614,The Johns Hopkins Hospital,pediatrics,2024-01-19,240,220,91.66666666666666
HOSP-7616,The Johns Hopkins Hospital,er,2021-09-21,320,70,21.875
HOSP-7616,The Johns Hopkins Hospital,er,,220,210,95.45454545454545
HOSP-7616,The Johns Hopkins Hospital,pediatrics,2022-09-27,420,330,78.57142857142857
HOSP-7619,The Johns Hopkins Hospital,icu,2024-07-22,140,390,278.57142857142856
HOSP-7619,The Johns Hopkins Hospital,pediatrics,2022-02-21,470,190,40.42553191489361
HOSP-7619,The Johns Hopkins Hospital,pediatrics,,310,340,109.6774193548387
HOSP-7621,The Johns Hopkins Hospital,maternity,,500,190,38.0
HOSP-7622,The Johns Hopkins Hospital,icu,2023-04-18,300,280,93.33333333333333
HOSP-7623,The Johns Hopkins Hospital,maternity,,210,140,66.66666666666666
HOSP-7625,The Johns Hopkins Hospital,surgery,,370,200,54.054054054054056
HOSP-7626,The Johns Hopkins Hospital,er,2020-08-15,320,340,106.25
HOSP-7626,The Johns Hopkins Hospital,er,2022-04-23,240,240,100.0
HOSP-7626,The Johns Hopkins Hospital,maternity,2022-10-23,320,300,93.75
HOSP-7627,The Johns Hopkins Hospital,er,,490,150,30.612244897959183
HOSP-7627,The Johns Hopkins Hospital,pediatrics,2021-06-27,500,190,38.0
HOSP-7627,The Johns Hopkins Hospital,surgery,2020-10-29,480,380,79.16666666666666
HOSP-7627,The Johns Hopkins Hospital,surgery,2023-01-15,410,300,73.17073170731707
HOSP-7628,The Johns Hopkins Hospital,icu,2022-01-18,260,100,38.46153846153847
HOSP-7628,The Johns Hopkins Hospital,surgery,2021-03-17,380,170,44.73684210526316
HOSP-7631,The Johns Hopkins Hospital,er,2020-12-13,370,140,37.83783783783784
HOSP-7633,The Johns Hopkins Hospital,icu,2022-06-14,270,320,118.5185185185185
HOSP-7633,The Johns Hopkins Hospital,pediatrics,2021-02-16,120,380,316.66666666666663
HOSP-7634,The Johns Hopkins Hospital,er,,100,40,40.0
HOSP-7635,The Johns Hopkins Hospital,er,2021-02-25,370,50,13.513513513513514
HOSP-7635,The Johns Hopkins Hospital,icu,2023-12-19,490,130,26.53061224489796
HOSP-7636,The Johns Hopkins Hospital,maternity,2023-01-21,150,110,73.33333333333333
HOSP-7636,The Johns Hopkins Hospital,pediatrics,,180,120,66.66666666666666
HOSP-7637,The Johns Hopkins Hospital,er,,420,140,33.33333333333333
HOSP-7637,The Johns Hopkins Hospital,pediatrics,2020-12-26,490,150,30.612244897959183
HOSP-7638,The Johns Hopkins Hospital,icu,2021-12-16,110,400,363.6363636363636
HOSP-7639,The Johns Hopkins Hospital,er,2024-06-21,300,20,6.666666666666667
HOSP-7640,The Johns Hopkins Hospital,maternity,,430,300,69.76744186046511
HOSP-7642,The Johns Hopkins Hospital,maternity,,370,220,59.45945945945946
HOSP-7642,The Johns Hopkins Hospital,surgery,2021-11-27,260,220,84.61538461538461
HOSP-7643,The Johns Hopkins Hospital,surgery,2021-06-29,180,250,138.88888888888889
HOSP-7644,The Johns Hopkins Hospital,icu,,310,10,3.225806451612903
HOSP-7646,The Johns Hopkins Hospital,surgery,2024-03-22,180,20,11.11111111111111
HOSP-7647,The Johns Hopkins Hospital,er,2020-10-21,300,130,43.333333333333336
HOSP-7647,The Johns Hopkins Hospital,icu,2020-09-17,150,30,20.0
HOSP-7648,The Johns Hopkins Hospital,er,2021-06-16,320,50,15.625
HOSP-7648,The Johns Hopkins Hospital,er,,120,50,41.66666666666667
HOSP-7649,The Johns Hopkins Hospital,pediatrics,2023-12-16,370,10,2.7027027027027026
HOSP-7651,The Johns Hopkins Hospital,surgery,2023-01-23,350,170,48.57142857142857
HOSP-7652,The Johns Hopkins Hospital,icu,2024-03-30,150,320,213.33333333333334
HOSP-7654,The Johns Hopkins Hospital,er,,280,40,14.285714285714285
HOSP-7654,The Johns Hopkins Hospital,icu,2020-09-14,390,170,43.58974358974359
HOSP-7654,The Johns Hopkins Hospital,surgery,2022-10-31,110,310,281.8181818181818
HOSP-7655,The Johns Hopkins Hospital,icu,2023-03-26,370,220,59.45945945945946
HOSP-7655,The Johns Hopkins Hospital,surgery,2022-11-17,250,110,44.0
HOSP-7655,The Johns Hopkins Hospital,surgery,,420,220,52.38095238095239
HOSP-7656,The Johns Hopkins Hospital,er,,170,60,35.294117647058826
HOSP-7657,The Johns Hopkins Hospital,maternity,2020-08-15,100,320,320.0
HOSP-7657,The Johns Hopkins Hospital,maternity,2021-09-25,400,80,20.0
HOSP-7658,The Johns Hopkins Hospital,icu,2020-08-19,250,300,120.0
HOSP-7659,The Johns Hopkins Hospital,er,2023-10-20,490,180,36.734693877551024
HOSP-7659,The Johns Hopkins Hospital,icu,,220,360,163.63636363636365
HOSP-7660,The Johns Hopkins Hospital,icu,2023-10-24,150,320,213.33333333333334
HOSP-7663,The Johns Hopkins Hospital,icu,2020-08-16,380,280,73.68421052631578
HOSP-7665,The Johns Hopkins Hospital,maternity,2021-08-16,450,390,86.66666666666667
HOSP-7665,The Johns Hopkins Hospital,surgery,,390,80,20.51282051282051
HOSP-7666,The Johns Hopkins Hospital,surgery,2024-01-20,470,200,42.5531914893617
HOSP-7669,The Johns Hopkins Hospital,maternity,,320,380,118.75
HOSP-7671,The Johns Hopkins Hospital,er,,100,320,320.0
HOSP-7673,The Johns Hopkins Hospital,icu,2020-09-13,370,250,67.56756756756756
HOSP-7676,The Johns Hopkins Hospital,icu,2022-01-26,230,200,86.95652173913044
HOSP-7676,The Johns Hopkins Hospital,pediatrics,,400,160,40.0
HOSP-7677,The Johns Hopkins Hospital,surgery,2023-01-18,260,130,50.0
HOSP-7678,The Johns Hopkins Hospital,pediatrics,,250,300,120.0
HOSP-7680,The Johns Hopkins Hospital,er,2024-05-31,500,260,52.0
HOSP-7681,The Johns Hopkins Hospital,pediatrics,2020-08-26,450,30,6.666666666666667
HOSP-7681,The Johns Hopkins Hospital,pediatrics,2023-08-13,330,10,3.0303030303030303
HOSP-7682,The Johns Hopkins Hospital,pediatrics,,500,240,48.0
HOSP-7683,The Johns Hopkins Hospital,surgery,2022-05-20,220,150,68.18181818181817
HOSP-7684,The Johns Hopkins Hospital,maternity,2020-10-30,320,150,46.875
HOSP-7684,The Johns Hopkins Hospital,maternity,2022-07-21,390,210,53.84615384615385
HOSP-7684,The Johns Hopkins Hospital,surgery,2021-10-17,220,60,27.27272727272727
HOSP-7684,The Johns Hopkins Hospital,surgery,,120,160,133.33333333333331
HOSP-7685,The Johns Hopkins Hospital,surgery,,210,120,57.14285714285714
HOSP-7687,The Johns Hopkins Hospital,icu,2021-06-13,320,380,118.75
HOSP-7687,The Johns Hopkins Hospital,surgery,,120,260,216.66666666666666
HOSP-7688,The Johns Hopkins Hospital,surgery,2021-07-17,340,60,17.647058823529413
HOSP-7688,The Johns Hopkins Hospital,surgery,,350,180,51.42857142857142
HOSP-7691,The Johns Hopkins Hospital,maternity,2023-10-24,480,380,79.16666666666666
HOSP-7691,The Johns Hopkins Hospital,surgery,2023-12-24,130,60,46.15384615384615
HOSP-7691,The Johns Hopkins Hospital,surgery,,160,400,250.0
HOSP-7692,The Johns Hopkins Hospital,er,,110,70,63.63636363636363
HOSP-7692,The Johns Hopkins Hospital,maternity,,240,370,154.16666666666669
HOSP-7692,The Johns Hopkins Hospital,surgery,2020-08-13,100,150,150.0
HOSP-7694,The Johns Hopkins Hospital,surgery,,410,250,60.97560975609756
HOSP-7695,The Johns Hopkins Hospital,er,2021-02-14,130,160,123.07692307692308
HOSP-7695,The Johns Hopkins Hospital,icu,2024-06-26,360,140,38.88888888888889
HOSP-7695,The Johns Hopkins Hospital,maternity,2024-03-16,150,240,160.0
HOSP-7695,The Johns Hopkins Hospital,pediatrics,,490,270,55.10204081632652
HOSP-7696,The Johns Hopkins Hospital,icu,2022-01-20,190,20,10.526315789473683
HOSP-7696,The Johns Hopkins Hospital,surgery,2022-07-30,170,90,52.94117647058824
HOSP-7697,The Johns Hopkins Hospital,er,2021-10-31,130,280,215.3846153846154
HOSP-7697,The Johns Hopkins Hospital,icu,,490,300,61.224489795918366
HOSP-7697,The Johns Hopkins Hospital,surgery,,220,140,63.63636363636363
HOSP-7700,The Johns Hopkins Hospital,icu,,420,390,92.85714285714286
HOSP-7700,The Johns Hopkins Hospital,maternity,2024-07-18,140,140,100.0
HOSP-7700,The Johns Hopkins Hospital,surgery,2021-04-26,270,70,25.925925925925924
HOSP-7701,The Johns Hopkins Hospital,er,2022-11-26,190,240,126.3157894736842
HOSP-7701,The Johns Hopkins Hospital,maternity,2021-11-14,100,320,320.0
HOSP-7701,The Johns Hopkins Hospital,surgery,,310,10,3.225806451612903
HOSP-7702,The Johns Hopkins Hospital,er,2024-01-22,250,350,140.0
HOSP-7702,The Johns Hopkins Hospital,maternity,,140,390,278.57142857142856
HOSP-7703,The Johns Hopkins Hospital,er,2023-09-29,200,400,200.0
HOSP-7703,The Johns Hopkins Hospital,surgery,2020-09-27,490,70,14.285714285714285
HOSP-7706,The Johns Hopkins Hospital,er,,410,190,46.34146341463415
HOSP-7706,The Johns Hopkins Hospital,icu,,500,210,42.0
HOSP-7709,The Johns Hopkins Hospital,er,,360,140,38.88888888888889
HOSP-7709,The Johns Hopkins Hospital,surgery,2024-04-14,170,20,11.76470588235294
HOSP-7711,The Johns Hopkins Hospital,er,2023-03-22,270,230,85.18518518518519
HOSP-7711,The Johns Hopkins Hospital,pediatrics,2022-01-23,460,210,45.65217391304348
HOSP-7711,The Johns Hopkins Hospital,surgery,2024-06-24,450,220,48.888888888888886
HOSP-7712,The Johns Hopkins Hospital,surgery,,320,370,115.625
HOSP-7713,The Johns Hopkins Hospital,maternity,,300,330,110.00000000000001
HOSP-7713,The Johns Hopkins Hospital,pediatrics,,410,140,34.146341463414636
HOSP-7714,The Johns Hopkins Hospital,surgery,2021-05-31,100,70,70.0
HOSP-7716,The Johns Hopkins Hospital,icu,2024-05-18,280,70,25.0
HOSP-7716,The Johns Hopkins Hospital,icu,,290,290,100.0
HOSP-7716,The Johns Hopkins Hospital,surgery,,150,400,266.66666666666663
HOSP-7717,The Johns Hopkins Hospital,surgery,2021-09-17,110,380,345.45454545454544
HOSP-7719,The Johns Hopkins Hospital,pediatrics,2021-03-15,420,110,26.190476190476193
HOSP-7725,The Johns Hopkins Hospital,er,2024-04-22,440,310,70.45454545454545
HOSP-7726,The Johns Hopkins Hospital,icu,2022-06-28,300,100,33.33333333333333
HOSP-7727,The Johns Hopkins Hospital,maternity,2021-09-18,130,210,161.53846153846155
HOSP-7727,The Johns Hopkins Hospital,surgery,2023-04-22,220,240,109.09090909090908
HOSP-7730,The Johns Hopkins Hospital,er,,220,210,95.45454545454545
HOSP-7730,The Johns Hopkins Hospital,pediatrics,2024-06-19,290,230,79.3103448275862
HOSP-7731,The Johns Hopkins Hospital,icu,,350,110,31.428571428571427
HOSP-7731,The Johns Hopkins Hospital,maternity,,370,310,83.78378378378379
HOSP-7732,The Johns Hopkins Hospital,icu,2023-05-28,270,180,66.66666666666666
HOSP-7733,The Johns Hopkins Hospital,pediatrics,2020-07-30,190,40,21.052631578947366
HOSP-7734,The Johns Hopkins Hospital,er,,400,180,45.0
HOSP-7734,The Johns Hopkins Hospital,pediatrics,,290,160,55.172413793103445
HOSP-7735,The Johns Hopkins Hospital,maternity,2024-02-22,150,30,20.0
HOSP-7735,The Johns Hopkins Hospital,surgery,2020-08-30,250,350,140.0
HOSP-7736,The Johns Hopkins Hospital,icu,,200,70,35.0
HOSP-7736,The Johns Hopkins Hospital,pediatrics,2022-04-24,490,10,2.0408163265306123
HOSP-7736,The Johns Hopkins Hospital,pediatrics,,260,0,0.0
HOSP-7737,The Johns Hopkins Hospital,pediatrics,2021-05-26,300,0,0.0
HOSP-7737,The Johns Hopkins Hospital,surgery,,440,390,88.63636363636364
HOSP-7738,The Johns Hopkins Hospital,maternity,,250,350,140.0
HOSP-7738,The Johns Hopkins Hospital,surgery,2022-11-21,250,320,128.0
HOSP-7740,The Johns Hopkins Hospital,icu,2024-02-14,250,300,120.0
HOSP-7740,The Johns Hopkins Hospital,maternity,2021-09-21,440,250,56.81818181818182
HOSP-7740,The Johns Hopkins Hospital,maternity,2022-04-18,240,280,116.66666666666667
HOSP-7741,The Johns Hopkins Hospital,maternity,2020-09-27,110,10,9.090909090909092
HOSP-7741,The Johns Hopkins Hospital,pediatrics,2023-05-24,120,70,58.333333333333336
HOSP-7741,The Johns Hopkins Hospital,surgery,,500,20,4.0
HOSP-7742,The Johns Hopkins Hospital,maternity,,470,200,42.5531914893617
HOSP-7744,The Johns Hopkins Hospital,icu,,110,170,154.54545454545453
HOSP-7744,The Johns Hopkins Hospital,surgery,2022-08-13,170,30,17.647058823529413
HOSP-7745,The Johns Hopkins Hospital,er,2021-11-24,440,100,22.727272727272727
HOSP-7745,The Johns Hopkins Hospital,pediatrics,,240,310,129.16666666666669
HOSP-7745,The Johns Hopkins Hospital,surgery,2021-07-14,240,90,37.5
HOSP-7747,The Johns Hopkins Hospital,surgery,,130,140,107.6923076923077
HOSP-7748,The Johns Hopkins Hospital,surgery,,290,250,86.20689655172413
HOSP-7750,The Johns Hopkins Hospital,icu,2020-08-23,260,230,88.46153846153845
HOSP-7751,The Johns Hopkins Hospital,er,,450,90,20.0
HOSP-7754,The Johns Hopkins Hospital,surgery,2020-07-31,270,100,37.03703703703704
HOSP-7754,The Johns Hopkins Hospital,surgery,2022-06-17,480,90,18.75
HOSP-7755,The Johns Hopkins Hospital,er,,410,310,75.60975609756098
HOSP-7755,The Johns Hopkins Hospital,pediatrics,,430,350,81.3953488372093
HOSP-7755,The Johns Hopkins Hospital,surgery,2022-02-25,160,330,206.25
HOSP-7756,The Johns Hopkins Hospital,icu,2022-12-25,430,20,4.651162790697675
HOSP-7756,The Johns Hopkins Hospital,pediatrics,2021-08-28,350,370,105.71428571428572
HOSP-7756,The Johns Hopkins Hospital,surgery,2021-03-25,350,40,11.428571428571429
HOSP-7758,The Johns Hopkins Hospital,pediatrics,,270,40,14.814814814814813
HOSP-7759,The Johns Hopkins Hospital,icu,2023-08-31,400,290,72.5
HOSP-7760,The Johns Hopkins Hospital,surgery,2022-09-29,170,130,76.47058823529412
HOSP-7761,The Johns Hopkins Hospital,pediatrics,,500,160,32.0
HOSP-7765,The Johns Hopkins Hospital,pediatrics,2021-07-27,210,250,119.04761904761905
HOSP-7767,The Johns Hopkins Hospital,icu,,370,110,29.72972972972973
HOSP-7767,The Johns Hopkins Hospital,maternity,,180,170,94.44444444444444
HOSP-7768,The Johns Hopkins Hospital,pediatrics,,170,10,5.88235294117647
HOSP-7769,The Johns Hopkins Hospital,er,,350,180,51.42857142857142
HOSP-7769,The Johns Hopkins Hospital,maternity,2022-11-27,190,360,189.4736842105263
HOSP-7769,The Johns Hopkins Hospital,pediatrics,,430,160,37.2093023255814
HOSP-7770,The Johns Hopkins Hospital,er,2020-08-31,340,30,8.823529411764707
HOSP-7770,The Johns Hopkins Hospital,er,2023-06-25,500,320,64.0
HOSP-7770,The Johns Hopkins Hospital,maternity,2022-06-18,330,60,18.181818181818183
HOSP-7772,The Johns Hopkins Hospital,maternity,2022-02-23,300,210,70.0
HOSP-7772,The Johns Hopkins Hospital,surgery,,360,360,100.0
HOSP-7775,The Johns Hopkins Hospital,maternity,,380,380,100.0
HOSP-7776,The Johns Hopkins Hospital,maternity,2020-08-13,150,190,126.66666666666666
HOSP-7778,The Johns Hopkins Hospital,er,2023-08-21,120,20,16.666666666666664
HOSP-7778,The Johns Hopkins Hospital,er,,280,100,35.714285714285715
HOSP-7778,The Johns Hopkins Hospital,maternity,2023-01-18,150,120,80.0
HOSP-7778,The Johns Hopkins Hospital,pediatrics,,300,80,26.666666666666668
HOSP-7780,The Johns Hopkins Hospital,maternity,2020-09-18,210,370,176.19047619047618
HOSP-7780,The Johns Hopkins Hospital,maternity,,400,70,17.5
HOSP-7781,The Johns Hopkins Hospital,maternity,2020-08-31,210,220,104.76190476190477
HOSP-7784,The Johns Hopkins Hospital,maternity,2022-10-26,300,120,40.0
HOSP-7785,The Johns Hopkins Hospital,er,,220,350,159.0909090909091
HOSP-7785,The Johns Hopkins Hospital,pediatrics,2021-02-14,110,60,54.54545454545454
HOSP-7785,The Johns Hopkins Hospital,surgery,2022-09-18,400,90,22.5
HOSP-7786,The Johns Hopkins Hospital,er,2023-07-28,390,40,10.256410256410255
HOSP-7787,The Johns Hopkins Hospital,er,2023-03-14,490,140,28.57142857142857
HOSP-7787,The Johns Hopkins Hospital,maternity,,130,280,215.3846153846154
HOSP-7787,The Johns Hopkins Hospital,surgery,,330,10,3.0303030303030303
HOSP-7788,The Johns Hopkins Hospital,icu,,500,110,22.0
HOSP-7789,The Johns Hopkins Hospital,icu,2021-12-15,130,260,200.0
HOSP-7790,The Johns Hopkins Hospital,icu,2021-09-30,470,180,38.297872340425535
HOSP-7790,The Johns Hopkins Hospital,pediatrics,,370,190,51.35135135135135
HOSP-7791,The Johns Hopkins Hospital,pediatrics,,320,120,37.5
HOSP-7793,The Johns Hopkins Hospital,maternity,2021-05-15,330,120,36.36363636363637
HOSP-7793,The Johns Hopkins Hospital,pediatrics,2023-02-27,350,90,25.71428571428571
HOSP-7796,The Johns Hopkins Hospital,er,,120,20,16.666666666666664
HOSP-7798,The Johns Hopkins Hospital,icu,,500,160,32.0
HOSP-7798,The Johns Hopkins Hospital,maternity,,130,180,138.46153846153845
HOSP-7799,The Johns Hopkins Hospital,er,2022-06-28,320,210,65.625
HOSP-7801,The Johns Hopkins Hospital,icu,,490,210,42.857142857142854
HOSP-7803,The Johns Hopkins Hospital,icu,,220,50,22.727272727272727
HOSP-7803,The Johns Hopkins Hospital,surgery,,410,180,43.90243902439025
HOSP-7804,The Johns Hopkins Hospital,er,2021-09-13,350,160,45.714285714285715
HOSP-7804,The Johns Hopkins Hospital,surgery,2022-09-15,320,320,100.0
HOSP-7805,The Johns Hopkins Hospital,er,2022-12-29,440,280,63.63636363636363
HOSP-7807,The Johns Hopkins Hospital,icu,2022-01-24,110,120,109.09090909090908
HOSP-7807,The Johns Hopkins Hospital,icu,2023-01-31,390,130,33.33333333333333
HOSP-7807,The Johns Hopkins Hospital,maternity,2021-12-18,110,90,81.81818181818183
HOSP-7807,The Johns Hopkins Hospital,surgery,2021-08-15,440,190,43.18181818181818
HOSP-7807,The Johns Hopkins Hospital,surgery,,410,340,82.92682926829268
HOSP-7808,The Johns Hopkins Hospital,er,,410,60,14.634146341463413
HOSP-7810,The Johns Hopkins Hospital,surgery,,320,280,87.5
HOSP-7813,The Johns Hopkins Hospital,pediatrics,,240,90,37.5
HOSP-7814,The Johns Hopkins Hospital,er,2022-12-31,460,40,8.695652173913043
HOSP-7814,The Johns Hopkins Hospital,maternity,2024-02-29,330,280,84.84848484848484
HOSP-7815,The Johns Hopkins Hospital,er,2020-11-29,300,120,40.0
HOSP-7815,The Johns Hopkins Hospital,maternity,,330,210,63.63636363636363
HOSP-7817,The Johns Hopkins Hospital,er,,370,90,24.324324324324326
HOSP-7820,The Johns Hopkins Hospital,er,2020-09-13,500,10,2.0
HOSP-7820,The Johns Hopkins Hospital,er,2021-11-28,270,270,100.0
HOSP-7821,The Johns Hopkins Hospital,icu,2023-03-14,380,50,13.157894736842104
HOSP-7821,The Johns Hopkins Hospital,maternity,2023-10-14,500,130,26.0
HOSP-7821,The Johns Hopkins Hospital,pediatrics,,500,310,62.0
HOSP-7824,The Johns Hopkins Hospital,icu,2024-03-18,170,40,23.52941176470588
HOSP-7825,The Johns Hopkins Hospital,maternity,,470,280,59.57446808510638
HOSP-7827,The Johns Hopkins Hospital,pediatrics,,370,390,105.40540540540539
HOSP-7827,The Johns Hopkins Hospital,surgery,,160,180,112.5
HOSP-7829,The Johns Hopkins Hospital,pediatrics,2020-07-25,500,360,72.0
HOSP-7831,The Johns Hopkins Hospital,pediatrics,,200,170,85.0
HOSP-7832,The Johns Hopkins Hospital,er,2023-05-18,380,310,81.57894736842105
HOSP-7835,The Johns Hopkins Hospital,er,2022-01-13,330,290,87.87878787878788
HOSP-7835,The Johns Hopkins Hospital,maternity,,130,270,207.6923076923077
HOSP-7836,The Johns Hopkins Hospital,er,,130,60,46.15384615384615
HOSP-7836,The Johns Hopkins Hospital,icu,,290,90,31.03448275862069
HOSP-7836,The Johns Hopkins Hospital,surgery,,200,310,155.0
HOSP-7840,The Johns Hopkins Hospital,er,2021-12-17,170,180,105.88235294117648
HOSP-7840,The Johns Hopkins Hospital,icu,2021-03-26,230,370,160.8695652173913
HOSP-7841,The Johns Hopkins Hospital,maternity,,440,340,77.27272727272727
HOSP-7842,The Johns Hopkins Hospital,icu,2020-08-22,390,330,84.61538461538461
HOSP-7842,The Johns Hopkins Hospital,icu,2020-11-20,280,60,21.428571428571427
HOSP-7843,The Johns Hopkins Hospital,maternity,,130,290,223.0769230769231
HOSP-7843,The Johns Hopkins Hospital,pediatrics,,250,140,56.00000000000001
HOSP-7845,The Johns Hopkins Hospital,er,2023-12-21,470,150,31.914893617021278
HOSP-7845,The Johns Hopkins Hospital,icu,2024-05-24,330,90,27.27272727272727
HOSP-7847,The Johns Hopkins Hospital,pediatrics,2024-03-17,340,140,41.17647058823529
HOSP-7847,The Johns Hopkins Hospital,pediatrics,,430,170,39.53488372093023
HOSP-7848,The Johns Hopkins Hospital,surgery,2024-01-13,160,160,100.0
HOSP-7851,The Johns Hopkins Hospital,icu,,280,60,21.428571428571427
HOSP-7852,The Johns Hopkins Hospital,er,2022-11-16,490,160,32.6530612244898
HOSP-7852,The Johns Hopkins Hospital,pediatrics,,290,120,41.37931034482759
HOSP-7853,The Johns Hopkins Hospital,pediatrics,2022-01-31,150,340,226.66666666666666
HOSP-7854,The Johns Hopkins Hospital,surgery,,320,330,103.125
HOSP-7855,The Johns Hopkins Hospital,surgery,2022-06-28,170,270,158.8235294117647
HOSP-7855,The Johns Hopkins Hospital,surgery,2023-07-19,190,230,121.05263157894737
HOSP-7855,The Johns Hopkins Hospital,surgery,,400,280,70.0
HOSP-7856,The Johns Hopkins Hospital,er,2022-01-31,170,250,147.05882352941177
HOSP-7856,The Johns Hopkins Hospital,maternity,,310,330,106.4516129032258
HOSP-7857,The Johns Hopkins Hospital,icu,,340,370,108.8235294117647
HOSP-7858,The Johns Hopkins Hospital,surgery,2023-08-17,290,80,27.586206896551722
HOSP-7859,The Johns Hopkins Hospital,er,2022-05-19,470,350,74.46808510638297
HOSP-7859,The Johns Hopkins Hospital,pediatrics,2021-03-16,160,290,181.25
HOSP-7862,The Johns Hopkins Hospital,icu,2021-05-31,380,10,2.631578947368421
HOSP-7862,The Johns Hopkins Hospital,maternity,2023-07-27,180,320,177.77777777777777
HOSP-7862,The Johns Hopkins Hospital,surgery,,410,250,60.97560975609756
HOSP-7865,The Johns Hopkins Hospital,er,2021-04-15,160,10,6.25
HOSP-7865,The Johns Hopkins Hospital,icu,,340,110,32.35294117647059
HOSP-7866,The Johns Hopkins Hospital,icu,2021-08-14,200,380,190.0
HOSP-7867,The Johns Hopkins Hospital,maternity,,450,230,51.11111111111111
HOSP-7868,The Johns Hopkins Hospital,icu,,100,30,30.0
HOSP-7868,The Johns Hopkins Hospital,maternity,2023-01-22,240,380,158.33333333333331
HOSP-7870,The Johns Hopkins Hospital,surgery,2020-12-28,320,260,81.25
HOSP-7871,The Johns Hopkins Hospital,icu,2020-12-31,450,210,46.666666666666664
HOSP-7872,The Johns Hopkins Hospital,icu,2022-08-13,300,330,110.00000000000001
HOSP-7873,The Johns Hopkins Hospital,maternity,2023-09-28,190,120,63.1578947368421
HOSP-7873,The Johns Hopkins Hospital,maternity,,390,170,43.58974358974359
HOSP-7873,The Johns Hopkins Hospital,surgery,2022-08-15,310,0,0.0
HOSP-7874,The Johns Hopkins Hospital,icu,2022-04-24,450,280,62.22222222222222
HOSP-7874,The Johns Hopkins Hospital,maternity,2021-11-21,140,120,85.71428571428571
HOSP-7874,The Johns Hopkins Hospital,surgery,2020-07-31,310,30,9.67741935483871
HOSP-7876,The Johns Hopkins Hospital,icu,2023-06-29,140,70,50.0
HOSP-7877,The Johns Hopkins Hospital,pediatrics,,140,270,192.85714285714286
HOSP-7878,The Johns Hopkins Hospital,pediatrics,2024-03-13,410,100,24.390243902439025
HOSP-7879,The Johns Hopkins Hospital,icu,,480,280,58.333333333333336
HOSP-7879,The Johns Hopkins Hospital,maternity,,470,40,8.51063829787234
HOSP-7882,The Johns Hopkins Hospital,er,,220,300,136.36363636363635
HOSP-7887,The Johns Hopkins Hospital,surgery,2023-11-17,250,310,124.0
HOSP-7888,The Johns Hopkins Hospital,er,2020-11-28,400,170,42.5
HOSP-7888,The Johns Hopkins Hospital,maternity,,460,190,41.30434782608695
HOSP-7889,The Johns Hopkins Hospital,er,2023-10-18,120,270,225.0
HOSP-7890,The Johns Hopkins Hospital,pediatrics,2021-11-30,170,380,223.52941176470588
HOSP-7890,The Johns Hopkins Hospital,pediatrics,,290,40,13.793103448275861
HOSP-7891,The Johns Hopkins Hospital,icu,,290,270,93.10344827586206
HOSP-7891,The Johns Hopkins Hospital,surgery,,480,400,83.33333333333334
HOSP-7892,The Johns Hopkins Hospital,icu,2021-02-24,150,170,113.33333333333333
HOSP-7892,The Johns Hopkins Hospital,maternity,2022-04-25,420,120,28.57142857142857
HOSP-7894,The Johns Hopkins Hospital,pediatrics,2021-03-16,200,240,120.0
HOSP-7896,The Johns Hopkins Hospital,pediatrics,,420,280,66.66666666666666
HOSP-7896,The Johns Hopkins Hospital,surgery,2022-05-14,300,400,133.33333333333331
HOSP-7897,The Johns Hopkins Hospital,maternity,,140,110,78.57142857142857
HOSP-7897,The Johns Hopkins Hospital,surgery,2023-10-20,390,280,71.7948717948718
HOSP-7898,The Johns Hopkins Hospital,maternity,,110,140,127.27272727272727
HOSP-7899,The Johns Hopkins Hospital,er,,260,380,146.15384615384613
HOSP-7900,The Johns Hopkins Hospital,maternity,,240,0,0.0
HOSP-7901,The Johns Hopkins Hospital,icu,,290,210,72.41379310344827
HOSP-7902,The Johns Hopkins Hospital,pediatrics,2023-08-25,120,300,250.0
HOSP-7906,The Johns Hopkins Hospital,pediatrics,,120,50,41.66666666666667
HOSP-7907,The Johns Hopkins Hospital,icu,2021-03-30,180,350,194.44444444444443
HOSP-7907,The Johns Hopkins Hospital,pediatrics,2021-08-30,130,380,292.30769230769226
HOSP-7909,The Johns Hopkins Hospital,maternity,,440,200,45.45454545454545
HOSP-7910,The Johns Hopkins Hospital,pediatrics,2020-09-13,250,240,96.0
HOSP-7911,The Johns Hopkins Hospital,surgery,2020-09-24,150,390,260.0
HOSP-7912,The Johns Hopkins Hospital,surgery,2023-07-29,400,240,60.0
HOSP-7912,The Johns Hopkins Hospital,surgery,2024-03-14,250,310,124.0
HOSP-7913,The Johns Hopkins Hospital,er,2023-12-30,160,350,218.75
HOSP-7914,The Johns Hopkins Hospital,er,2023-11-17,220,270,122.72727272727273
HOSP-7914,The Johns Hopkins Hospital,er,,170,180,105.88235294117648
HOSP-7914,The Johns Hopkins Hospital,icu,2021-04-13,230,380,165.2173913043478
HOSP-7916,The Johns Hopkins Hospital,maternity,2021-08-27,180,0,0.0
HOSP-7918,The Johns Hopkins Hospital,surgery,2022-06-23,360,170,47.22222222222222
HOSP-7918,The Johns Hopkins Hospital,surgery,2024-05-13,190,50,26.31578947368421
HOSP-7921,The Johns Hopkins Hospital,icu,2022-09-24,220,170,77.27272727272727
HOSP-7921,The Johns Hopkins Hospital,maternity,,480,30,6.25
HOSP-7921,The Johns Hopkins Hospital,pediatrics,2023-12-22,400,80,20.0
HOSP-7922,The Johns Hopkins Hospital,maternity,,200,220,110.00000000000001
HOSP-7923,The Johns Hopkins Hospital,icu,,380,180,47.368421052631575
HOSP-7926,The Johns Hopkins Hospital,icu,2021-04-17,290,0,0.0
HOSP-7926,The Johns Hopkins Hospital,icu,,340,30,8.823529411764707
HOSP-7927,The Johns Hopkins Hospital,icu,2022-01-13,220,30,13.636363636363635
HOSP-7927,The Johns Hopkins Hospital,icu,2023-03-16,280,250,89.28571428571429
HOSP-7928,The Johns Hopkins Hospital,er,2024-04-23,320,350,109.375
HOSP-7928,The Johns Hopkins Hospital,er,2024-04-29,370,60,16.216216216216218
HOSP-7928,The Johns Hopkins Hospital,er,2024-07-22,270,340,125.92592592592592
HOSP-7928,The Johns Hopkins Hospital,maternity,2024-06-23,420,300,71.42857142857143
HOSP-7929,The Johns Hopkins Hospital,er,2023-07-29,490,300,61.224489795918366
HOSP-7929,The Johns Hopkins Hospital,pediatrics,2022-04-24,440,60,13.636363636363635
HOSP-7929,The Johns Hopkins Hospital,pediatrics,,170,210,123.52941176470588
HOSP-7930,The Johns Hopkins Hospital,er,,300,90,30.0
HOSP-7932,The Johns Hopkins Hospital,icu,2020-11-25,290,150,51.724137931034484
HOSP-7933,The Johns Hopkins Hospital,maternity,2021-05-18,380,260,68.42105263157895
HOSP-7933,The Johns Hopkins Hospital,surgery,,200,360,180.0
HOSP-7934,The Johns Hopkins Hospital,er,,280,400,142.85714285714286
HOSP-7934,The Johns Hopkins Hospital,pediatrics,2024-01-16,290,290,100.0
HOSP-7935,The Johns Hopkins Hospital,icu,,320,230,71.875
HOSP-7936,The Johns Hopkins Hospital,icu,2022-03-22,360,290,80.55555555555556
HOSP-7936,The Johns Hopkins Hospital,maternity,,390,320,82.05128205128204
HOSP-7937,The Johns Hopkins Hospital,pediatrics,2020-08-20,240,170,70.83333333333334
HOSP-7938,The Johns Hopkins Hospital,maternity,2024-04-26,230,210,91.30434782608695
HOSP-7938,The Johns Hopkins Hospital,maternity,,330,70,21.21212121212121
HOSP-7938,The Johns Hopkins Hospital,surgery,2023-11-13,130,240,184.6153846153846
HOSP-7940,The Johns Hopkins Hospital,er,2023-04-23,490,300,61.224489795918366
HOSP-7940,The Johns Hopkins Hospital,er,2023-10-28,290,150,51.724137931034484
HOSP-7940,The Johns Hopkins Hospital,surgery,2022-04-28,170,300,176.47058823529412
HOSP-7941,The Johns Hopkins Hospital,maternity,2022-02-27,170,190,111.76470588235294
HOSP-7942,The Johns Hopkins Hospital,icu,2022-05-26,230,240,104.34782608695652
HOSP-7942,The Johns Hopkins Hospital,pediatrics,2022-06-27,350,100,28.57142857142857
HOSP-7943,The Johns Hopkins Hospital,maternity,,450,360,80.0
HOSP-7943,The Johns Hopkins Hospital,pediatrics,2023-05-20,140,150,107.14285714285714
HOSP-7945,The Johns Hopkins Hospital,surgery,2022-07-25,500,330,66.0
HOSP-7946,The Johns Hopkins Hospital,surgery,,150,320,213.33333333333334
HOSP-7948,The Johns Hopkins Hospital,pediatrics,2022-03-22,130,230,176.9230769230769
HOSP-7949,The Johns Hopkins Hospital,pediatrics,,190,180,94.73684210526315
HOSP-7949,The Johns Hopkins Hospital,surgery,2021-08-13,250,370,148.0
HOSP-7950,The Johns Hopkins Hospital,pediatrics,,390,120,30.76923076923077
HOSP-7953,The Johns Hopkins Hospital,maternity,2023-09-16,450,20,4.444444444444445
HOSP-7955,The Johns Hopkins Hospital,icu,,350,190,54.285714285714285
HOSP-7956,The Johns Hopkins Hospital,icu,2021-09-20,190,210,110.5263157894737
HOSP-7956,The Johns Hopkins Hospital,maternity,2021-05-15,140,0,0.0
HOSP-7956,The Johns Hopkins Hospital,maternity,2023-02-23,280,330,117.85714285714286
HOSP-7958,The Johns Hopkins Hospital,maternity,,210,150,71.42857142857143
HOSP-7958,The Johns Hopkins Hospital,pediatrics,2021-10-21,190,270,142.10526315789474
HOSP-7958,The Johns Hopkins Hospital,pediatrics,,190,220,115.78947368421053
HOSP-7959,The Johns Hopkins Hospital,er,2023-03-28,190,0,0.0
HOSP-7960,The Johns Hopkins Hospital,er,,240,390,162.5
HOSP-7962,The Johns Hopkins Hospital,icu,,330,280,84.84848484848484
HOSP-7963,The Johns Hopkins Hospital,er,,330,20,6.0606060606060606
HOSP-7963,The Johns Hopkins Hospital,icu,2020-10-28,420,320,76.19047619047619
HOSP-7963,The Johns Hopkins Hospital,pediatrics,2023-05-24,470,130,27.659574468085108
HOSP-7964,The Johns Hopkins Hospital,icu,2022-06-24,110,50,45.45454545454545
HOSP-7964,The Johns Hopkins Hospital,pediatrics,,320,180,56.25
HOSP-7965,The Johns Hopkins Hospital,surgery,2023-02-13,410,120,29.268292682926827
HOSP-7965,The Johns Hopkins Hospital,surgery,,490,400,81.63265306122449
HOSP-7966,The Johns Hopkins Hospital,maternity,2021-08-19,110,310,281.8181818181818
HOSP-7967,The Johns Hopkins Hospital,surgery,2023-02-14,430,340,79.06976744186046
HOSP-7968,The Johns Hopkins Hospital,maternity,,460,190,41.30434782608695
HOSP-7968,The Johns Hopkins Hospital,pediatrics,,450,200,44.44444444444444
HOSP-7968,The Johns Hopkins Hospital,surgery,2021-01-28,360,190,52.77777777777778
HOSP-7970,The Johns Hopkins Hospital,icu,2021-08-23,280,180,64.28571428571429
HOSP-7970,The Johns Hopkins Hospital,pediatrics,2022-11-20,200,180,90.0
HOSP-7970,The Johns Hopkins Hospital,surgery,2023-03-31,460,150,32.608695652173914
HOSP-7971,The Johns Hopkins Hospital,icu,,430,200,46.51162790697674
HOSP-7971,The Johns Hopkins Hospital,surgery,,410,290,70.73170731707317
HOSP-7974,The Johns Hopkins Hospital,maternity,,140,350,250.0
HOSP-7974,The Johns Hopkins Hospital,surgery,2020-12-13,210,60,28.57142857142857
HOSP-7976,The Johns Hopkins Hospital,er,2022-03-26,500,290,57.99999999999999
HOSP-7977,The Johns Hopkins Hospital,er,,310,380,122.58064516129032
HOSP-7977,The Johns Hopkins Hospital,icu,,180,120,66.66666666666666
HOSP-7977,The Johns Hopkins Hospital,maternity,,270,260,96.29629629629629
HOSP-7977,The Johns Hopkins Hospital,surgery,2023-06-21,490,40,8.16326530612245
HOSP-7978,The Johns Hopkins Hospital,maternity,2022-01-23,280,260,92.85714285714286
HOSP-7980,The Johns Hopkins Hospital,maternity,2021-12-18,380,70,18.421052631578945
HOSP-7981,The Johns Hopkins Hospital,maternity,2020-10-18,380,290,76.31578947368422
HOSP-7981,The Johns Hopkins Hospital,maternity,2023-06-24,260,260,100.0
HOSP-7983,The Johns Hopkins Hospital,er,2023-05-24,200,350,175.0
HOSP-7983,The Johns Hopkins Hospital,surgery,,490,160,32.6530612244898
HOSP-7984,The Johns Hopkins Hospital,er,2024-02-24,200,220,110.00000000000001
HOSP-7986,The Johns Hopkins Hospital,icu,,180,50,27.77777777777778
HOSP-7987,The Johns Hopkins Hospital,pediatrics,2024-01-19,270,210,77.77777777777779
HOSP-7987,The Johns Hopkins Hospital,surgery,,110,400,363.6363636363636
HOSP-7988,The Johns Hopkins Hospital,pediatrics,2024-05-31,220,80,36.36363636363637
HOSP-7988,The Johns Hopkins Hospital,pediatrics,,300,330,110.00000000000001
HOSP-7989,The Johns Hopkins Hospital,maternity,2022-05-18,240,390,162.5
HOSP-7989,The Johns Hopkins Hospital,pediatrics,,330,360,109.09090909090908
HOSP-7990,The Johns Hopkins Hospital,icu,2021-12-16,420,140,33.33333333333333
HOSP-7990,The Johns Hopkins Hospital,maternity,2020-07-27,500,40,8.0
HOSP-7990,The Johns Hopkins Hospital,pediatrics,2022-01-16,420,240,57.14285714285714
HOSP-7990,The Johns Hopkins Hospital,surgery,,190,330,173.6842105263158
HOSP-7991,The Johns Hopkins Hospital,surgery,2023-04-18,150,190,126.66666666666666
HOSP-7992,The Johns Hopkins Hospital,er,2021-12-31,490,130,26.53061224489796
HOSP-7992,The Johns Hopkins Hospital,er,2024-05-18,200,130,65.0
HOSP-7992,The Johns Hopkins Hospital,surgery,,170,100,58.82352941176471
HOSP-7993,The Johns Hopkins Hospital,icu,2021-03-19,490,20,4.081632653061225
HOSP-7993,The Johns Hopkins Hospital,surgery,2022-04-21,440,330,75.0
HOSP-7995,The Johns Hopkins Hospital,surgery,2021-02-18,430,250,58.139534883720934
HOSP-7996,The Johns Hopkins Hospital,surgery,2021-11-15,310,240,77.41935483870968
HOSP-7997,The Johns Hopkins Hospital,icu,2021-09-29,470,190,40.42553191489361
HOSP-7998,The Johns Hopkins Hospital,er,,210,30,14.285714285714285
HOSP-7998,The Johns Hopkins Hospital,icu,2023-12-13,350,100,28.57142857142857
HOSP-7998,The Johns Hopkins Hospital,surgery,,360,200,55.55555555555556
HOSP-7999,The Johns Hopkins Hospital,pediatrics,2022-06-17,440,260,59.09090909090909
HOSP-7999,The Johns Hopkins Hospital,pediatrics,,100,390,390.0
HOSP-8000,The Johns Hopkins Hospital,maternity,2020-09-23,140,200,142.85714285714286
HOSP-8000,The Johns Hopkins Hospital,pediatrics,2024-01-16,310,250,80.64516129032258
HOSP-8001,The Johns Hopkins Hospital,icu,,330,20,6.0606060606060606
HOSP-8002,The Johns Hopkins Hospital,pediatrics,2021-03-28,180,290,161.11111111111111
HOSP-8002,The Johns Hopkins Hospital,surgery,,270,10,3.7037037037037033
HOSP-8003,The Johns Hopkins Hospital,icu,2022-07-26,250,290,115.99999999999999
HOSP-8004,The Johns Hopkins Hospital,icu,2021-04-23,290,80,27.586206896551722
HOSP-8005,The Johns Hopkins Hospital,maternity,2021-06-13,410,20,4.878048780487805
HOSP-8005,The Johns Hopkins Hospital,maternity,2022-03-22,340,190,55.88235294117647
HOSP-8006,The Johns Hopkins Hospital,icu,2023-07-15,220,270,122.72727272727273
HOSP-8006,The Johns Hopkins Hospital,icu,,400,250,62.5
HOSP-8006,The Johns Hopkins Hospital,maternity,2020-10-15,100,0,0.0
HOSP-8006,The Johns Hopkins Hospital,pediatrics,2021-11-19,160,0,0.0
HOSP-8007,The Johns Hopkins Hospital,er,2024-04-13,470,110,23.404255319148938
HOSP-8007,The Johns Hopkins Hospital,maternity,2021-04-22,430,250,58.139534883720934
HOSP-8007,The Johns Hopkins Hospital,surgery,2024-01-23,110,90,81.81818181818183
HOSP-8007,The Johns Hopkins Hospital,surgery,,250,290,115.99999999999999
HOSP-8008,The Johns Hopkins Hospital,maternity,2023-04-23,100,310,310.0
HOSP-8009,The Johns Hopkins Hospital,pediatrics,2021-03-25,190,310,163.1578947368421
HOSP-8009,The Johns Hopkins Hospital,pediatrics,2023-05-15,110,20,18.181818181818183
HOSP-8010,The Johns Hopkins Hospital,surgery,,430,170,39.53488372093023
HOSP-8011,The Johns Hopkins Hospital,pediatrics,,480,320,66.66666666666666
HOSP-8011,The Johns Hopkins Hospital,surgery,,280,340,121.42857142857142
HOSP-8013,The Johns Hopkins Hospital,er,2021-09-24,250,390,156.0
HOSP-8015,The Johns Hopkins Hospital,icu,2022-01-23,250,260,104.0
HOSP-8017,The Johns Hopkins Hospital,er,2023-08-20,300,90,30.0
HOSP-8018,The Johns Hopkins Hospital,er,2024-04-15,110,100,90.9090909090909
HOSP-8018,The Johns Hopkins Hospital,icu,2023-04-25,120,190,158.33333333333331
HOSP-8018,The Johns Hopkins Hospital,maternity,2023-08-15,160,330,206.25
HOSP-8018,The Johns Hopkins Hospital,pediatrics,2022-11-30,170,340,200.0
HOSP-8019,The Johns Hopkins Hospital,er,2024-04-24,300,390,130.0
HOSP-8020,The Johns Hopkins Hospital,pediatrics,,110,260,236.36363636363637
HOSP-8020,The Johns Hopkins Hospital,surgery,2021-01-16,180,220,122.22222222222223
HOSP-8022,The Johns Hopkins Hospital,pediatrics,2020-12-20,160,250,156.25
HOSP-8023,The Johns Hopkins Hospital,er,,500,310,62.0
HOSP-8023,The Johns Hopkins Hospital,maternity,,400,110,27.500000000000004
HOSP-8024,The Johns Hopkins Hospital,surgery,2021-12-21,200,280,140.0
HOSP-8025,The Johns Hopkins Hospital,er,2022-05-23,240,200,83.33333333333334
HOSP-8025,The Johns Hopkins Hospital,er,,430,90,20.930232558139537
HOSP-8027,The Johns Hopkins Hospital,er,2022-07-14,150,0,0.0
HOSP-8028,The Johns Hopkins Hospital,icu,,100,360,360.0
HOSP-8029,The Johns Hopkins Hospital,maternity,2024-02-18,300,210,70.0
HOSP-8030,The Johns Hopkins Hospital,pediatrics,2022-06-18,440,50,11.363636363636363
HOSP-8031,The Johns Hopkins Hospital,surgery,2022-09-29,210,150,71.42857142857143
HOSP-8031,The Johns Hopkins Hospital,surgery,,220,250,113.63636363636364
HOSP-8032,The Johns Hopkins Hospital,maternity,2023-09-19,440,0,0.0
HOSP-8032,The Johns Hopkins Hospital,pediatrics,2024-01-23,400,370,92.5
HOSP-8032,The Johns Hopkins Hospital,surgery,2020-09-29,360,300,83.33333333333334
HOSP-8034,The Johns Hopkins Hospital,maternity,,450,390,86.66666666666667
HOSP-8038,The Johns Hopkins Hospital,maternity,2023-04-30,500,150,30.0
HOSP-8040,The Johns Hopkins Hospital,icu,,130,90,69.23076923076923
HOSP-8040,The Johns Hopkins Hospital,surgery,2022-06-18,380,50,13.157894736842104
HOSP-8041,The Johns Hopkins Hospital,maternity,2022-11-13,500,30,6.0
HOSP-8041,The Johns Hopkins Hospital,pediatrics,,400,190,47.5
HOSP-8041,The Johns Hopkins Hospital,surgery,2021-11-18,150,310,206.66666666666669
HOSP-8042,The Johns Hopkins Hospital,icu,,440,320,72.72727272727273
HOSP-8044,The Johns Hopkins Hospital,er,,170,60,35.294117647058826
HOSP-8044,The Johns Hopkins Hospital,icu,2022-01-14,260,190,73.07692307692307
HOSP-8045,The Johns Hopkins Hospital,pediatrics,2023-08-18,420,130,30.952380952380953
HOSP-8047,The Johns Hopkins Hospital,maternity,2022-12-25,360,300,83.33333333333334
HOSP-8047,The Johns Hopkins Hospital,maternity,,400,180,45.0
HOSP-8047,The Johns Hopkins Hospital,pediatrics,,100,90,90.0
HOSP-8047,The Johns Hopkins Hospital,surgery,2022-06-26,310,280,90.32258064516128
HOSP-8048,The Johns Hopkins Hospital,maternity,2020-08-23,200,320,160.0
HOSP-8050,The Johns Hopkins Hospital,maternity,2023-07-20,430,10,2.3255813953488373
HOSP-8051,The Johns Hopkins Hospital,pediatrics,,150,60,40.0
HOSP-8052,The Johns Hopkins Hospital,er,,480,250,52.083333333333336
HOSP-8053,The Johns Hopkins Hospital,maternity,2024-06-16,430,260,60.46511627906976
HOSP-8054,The Johns Hopkins Hospital,icu,2023-11-29,160,210,131.25
HOSP-8054,The Johns Hopkins Hospital,pediatrics,2020-08-25,190,160,84.21052631578947
HOSP-8055,The Johns Hopkins Hospital,pediatrics,2022-03-13,240,200,83.33333333333334
HOSP-8056,The Johns Hopkins Hospital,er,2020-12-20,410,200,48.78048780487805
HOSP-8056,The Johns Hopkins Hospital,surgery,2021-01-19,400,90,22.5
HOSP-8057,The Johns Hopkins Hospital,maternity,,430,40,9.30232558139535
HOSP-8057,The Johns Hopkins Hospital,pediatrics,,440,340,77.27272727272727
HOSP-8058,The Johns Hopkins Hospital,icu,2022-11-25,100,60,60.0
HOSP-8058,The Johns Hopkins Hospital,surgery,,450,290,64.44444444444444
HOSP-8059,The Johns Hopkins Hospital,er,,260,30,11.538461538461538
HOSP-8059,The Johns Hopkins Hospital,surgery,2020-11-15,120,300,250.0
HOSP-8060,The Johns Hopkins Hospital,pediatrics,,400,200,50.0
HOSP-8061,The Johns Hopkins Hospital,surgery,,220,100,45.45454545454545
HOSP-8062,The Johns Hopkins Hospital,er,2021-09-14,170,170,100.0
HOSP-8062,The Johns Hopkins Hospital,icu,,100,350,350.0
HOSP-8062,The Johns Hopkins Hospital,maternity,2021-03-24,480,80,16.666666666666664
HOSP-8064,The Johns Hopkins Hospital,maternity,,280,150,53.57142857142857
HOSP-8065,The Johns Hopkins Hospital,icu,2024-07-16,230,40,17.391304347826086
HOSP-8067,The Johns Hopkins Hospital,icu,2021-05-15,280,290,103.57142857142858
HOSP-8068,The Johns Hopkins Hospital,icu,2023-10-29,110,110,100.0
HOSP-8069,The Johns Hopkins Hospital,maternity,2023-02-22,480,400,83.33333333333334
HOSP-8071,The Johns Hopkins Hospital,icu,,200,160,80.0
HOSP-8071,The Johns Hopkins Hospital,maternity,2021-06-15,110,230,209.0909090909091
HOSP-8071,The Johns Hopkins Hospital,pediatrics,2024-06-22,210,140,66.66666666666666
HOSP-8072,The Johns Hopkins Hospital,icu,2021-10-19,490,160,32.6530612244898
HOSP-8072,The Johns Hopkins Hospital,maternity,2022-02-17,170,200,117.64705882352942
HOSP-8072,The Johns Hopkins Hospital,surgery,2024-02-28,360,180,50.0
HOSP-8075,The Johns Hopkins Hospital,pediatrics,2021-11-29,470,100,21.27659574468085
HOSP-8076,The Johns Hopkins Hospital,maternity,2024-03-21,350,30,8.571428571428571
HOSP-8077,The Johns Hopkins Hospital,pediatrics,2022-11-27,130,220,169.23076923076923
HOSP-8078,The Johns Hopkins Hospital,maternity,2020-09-25,420,360,85.71428571428571
HOSP-8078,The Johns Hopkins Hospital,pediatrics,2023-08-17,190,320,168.42105263157893
HOSP-8078,The Johns Hopkins Hospital,pediatrics,,220,170,77.27272727272727
HOSP-8080,The Johns Hopkins Hospital,icu,2023-08-17,210,290,138.0952380952381
HOSP-8080,The Johns Hopkins Hospital,icu,,480,290,60.416666666666664
HOSP-8080,The Johns Hopkins Hospital,pediatrics,2021-08-29,170,130,76.47058823529412
HOSP-8080,The Johns Hopkins Hospital,pediatrics,2023-12-20,360,340,94.44444444444444
HOSP-8081,The Johns Hopkins Hospital,pediatrics,,150,130,86.66666666666667
HOSP-8081,The Johns Hopkins Hospital,surgery,2021-06-27,410,250,60.97560975609756
HOSP-8082,The Johns Hopkins Hospital,icu,2022-11-18,180,230,127.77777777777777
HOSP-8082,The Johns Hopkins Hospital,icu,,150,250,166.66666666666669
HOSP-8082,The Johns Hopkins Hospital,surgery,2023-06-28,180,320,177.77777777777777
HOSP-8085,The Johns Hopkins Hospital,maternity,,400,30,7.5
HOSP-8085,The Johns Hopkins Hospital,pediatrics,,210,180,85.71428571428571
HOSP-8086,The Johns Hopkins Hospital,er,,280,300,107.14285714285714
HOSP-8086,The Johns Hopkins Hospital,pediatrics,2024-07-13,250,220,88.0
HOSP-8087,The Johns Hopkins Hospital,icu,2023-10-30,250,280,112.00000000000001
HOSP-8087,The Johns Hopkins Hospital,maternity,2022-07-20,220,40,18.181818181818183
HOSP-8088,The Johns Hopkins Hospital,maternity,,410,30,7.317073170731707
HOSP-8089,The Johns Hopkins Hospital,maternity,2024-04-22,110,390,354.54545454545456
HOSP-8090,The Johns Hopkins Hospital,icu,,430,340,79.06976744186046
HOSP-8090,The Johns Hopkins Hospital,maternity,2021-02-19,320,310,96.875
HOSP-8090,The Johns Hopkins Hospital,pediatrics,2022-07-29,450,280,62.22222222222222
HOSP-8090,The Johns Hopkins Hospital,surgery,,360,370,102.77777777777777
HOSP-8091,The Johns Hopkins Hospital,er,,500,310,62.0
HOSP-8092,The Johns Hopkins Hospital,maternity,2023-11-26,120,210,175.0
HOSP-8092,The Johns Hopkins Hospital,maternity,,390,250,64.1025641025641
HOSP-8092,The Johns Hopkins Hospital,surgery,2022-11-27,130,390,300.0
HOSP-8093,The Johns Hopkins Hospital,icu,2020-12-19,350,60,17.142857142857142
HOSP-8095,The Johns Hopkins Hospital,icu,2024-07-22,180,370,205.55555555555554
HOSP-8095,The Johns Hopkins Hospital,surgery,2023-05-25,260,190,73.07692307692307
HOSP-8096,The Johns Hopkins Hospital,maternity,2024-05-28,320,230,71.875
HOSP-8096,The Johns Hopkins Hospital,maternity,,130,310,238.46153846153845
HOSP-8096,The Johns Hopkins Hospital,surgery,2021-03-24,270,90,33.33333333333333
HOSP-8097,The Johns Hopkins Hospital,icu,2020-09-29,310,180,58.06451612903226
HOSP-8099,The Johns Hopkins Hospital,pediatrics,2023-12-30,500,140,28.000000000000004
HOSP-8099,The Johns Hopkins Hospital,pediatrics,,340,400,117.64705882352942
HOSP-8100,The Johns Hopkins Hospital,er,,410,320,78.04878048780488
HOSP-8101,The Johns Hopkins Hospital,icu,,420,220,52.38095238095239
HOSP-8101,The Johns Hopkins Hospital,pediatrics,2024-07-13,390,180,46.15384615384615
HOSP-8101,The Johns Hopkins Hospital,pediatrics,,460,0,0.0
HOSP-8102,The Johns Hopkins Hospital,pediatrics,,480,370,77.08333333333334
HOSP-8104,The Johns Hopkins Hospital,maternity,,380,90,23.684210526315788
HOSP-8105,The Johns Hopkins Hospital,icu,2023-06-14,430,90,20.930232558139537
HOSP-8105,The Johns Hopkins Hospital,icu,,150,10,6.666666666666667
HOSP-8106,The Johns Hopkins Hospital,er,2024-04-24,280,200,71.42857142857143
HOSP-8106,The Johns Hopkins Hospital,er,,340,360,105.88235294117648
HOSP-8106,The Johns Hopkins Hospital,maternity,2021-10-30,220,220,100.0
HOSP-8106,The Johns Hopkins Hospital,surgery,2023-08-30,260,340,130.76923076923077
HOSP-8108,The Johns Hopkins Hospital,icu,2022-01-16,270,20,7.4074074074074066
HOSP-8110,The Johns Hopkins Hospital,pediatrics,2021-04-13,370,20,5.405405405405405
HOSP-8110,The Johns Hopkins Hospital,pediatrics,,170,390,229.41176470588235
HOSP-8112,The Johns Hopkins Hospital,maternity,2024-07-13,170,290,170.58823529411765
HOSP-8112,The Johns Hopkins Hospital,pediatrics,,470,360,76.59574468085107
HOSP-8114,The Johns Hopkins Hospital,maternity,2021-06-24,140,250,178.57142857142858
HOSP-8114,The Johns Hopkins Hospital,pediatrics,2021-05-13,180,0,0.0
HOSP-8118,The Johns Hopkins Hospital,icu,2022-08-20,270,190,70.37037037037037
HOSP-8118,The Johns Hopkins Hospital,surgery,,470,60,12.76595744680851
HOSP-8119,The Johns Hopkins Hospital,maternity,2022-05-21,130,210,161.53846153846155
HOSP-8119,The Johns Hopkins Hospital,surgery,,310,330,106.4516129032258
HOSP-8121,The Johns Hopkins Hospital,pediatrics,2023-12-21,360,250,69.44444444444444
HOSP-8122,The Johns Hopkins Hospital,pediatrics,2024-03-14,300,0,0.0
HOSP-8123,The Johns Hopkins Hospital,er,2024-03-13,200,370,185.0
HOSP-8124,The Johns Hopkins Hospital,icu,2022-05-23,410,340,82.92682926829268
HOSP-8125,The Johns Hopkins Hospital,icu,2024-06-13,180,230,127.77777777777777
HOSP-8125,The Johns Hopkins Hospital,maternity,2021-05-20,470,350,74.46808510638297
HOSP-8125,The Johns Hopkins Hospital,pediatrics,2023-02-21,240,160,66.66666666666666
HOSP-8125,The Johns Hopkins Hospital,surgery,2021-04-21,450,220,48.888888888888886
HOSP-8128,The Johns Hopkins Hospital,pediatrics,,430,100,23.25581395348837
HOSP-8129,The Johns Hopkins Hospital,er,,260,120,46.15384615384615
HOSP-8130,The Johns Hopkins Hospital,er,,270,0,0.0
HOSP-8130,The Johns Hopkins Hospital,surgery,,370,70,18.91891891891892
HOSP-8131,The Johns Hopkins Hospital,pediatrics,,200,90,45.0
HOSP-8132,The Johns Hopkins Hospital,maternity,2023-03-18,140,220,157.14285714285714
HOSP-8133,The Johns Hopkins Hospital,maternity,2022-07-14,490,50,10.204081632653061
HOSP-8134,The Johns Hopkins Hospital,er,2021-09-21,360,120,33.33333333333333
HOSP-8134,The Johns Hopkins Hospital,maternity,2022-03-27,100,250,250.0
HOSP-8134,The Johns Hopkins Hospital,pediatrics,2024-03-22,300,130,43.333333333333336
HOSP-8135,The Johns Hopkins Hospital,icu,,240,50,20.833333333333336
HOSP-8137,The Johns Hopkins Hospital,icu,2021-08-17,220,360,163.63636363636365
HOSP-8138,The Johns Hopkins Hospital,maternity,2021-02-27,310,320,103.2258064516129
HOSP-8139,The Johns Hopkins Hospital,pediatrics,2023-03-21,350,0,0.0
HOSP-8140,The Johns Hopkins Hospital,icu,,490,360,73.46938775510205
HOSP-8141,The Johns Hopkins Hospital,er,2021-10-16,230,370,160.8695652173913
HOSP-8142,The Johns Hopkins Hospital,icu,2022-09-27,110,50,45.45454545454545
HOSP-8142,The Johns Hopkins Hospital,surgery,2024-03-17,280,50,17.857142857142858
HOSP-8143,The Johns Hopkins Hospital,surgery,2024-03-19,220,150,68.18181818181817
HOSP-8144,The Johns Hopkins Hospital,surgery,,430,50,11.627906976744185
HOSP-8145,The Johns Hopkins Hospital,maternity,2021-08-13,140,390,278.57142857142856
HOSP-8145,The Johns Hopkins Hospital,pediatrics,2022-05-31,130,380,292.30769230769226
HOSP-8146,The Johns Hopkins Hospital,er,,420,160,38.095238095238095
HOSP-8149,The Johns Hopkins Hospital,maternity,2020-10-22,240,350,145.83333333333331
HOSP-8149,The Johns Hopkins Hospital,maternity,2023-10-23,280,80,28.57142857142857
HOSP-8149,The Johns Hopkins Hospital,maternity,,440,70,15.909090909090908
HOSP-8150,The Johns Hopkins Hospital,icu,2023-12-21,330,330,100.0
HOSP-8151,The Johns Hopkins Hospital,pediatrics,,290,390,134.48275862068965
HOSP-8152,The Johns Hopkins Hospital,icu,2020-09-23,460,370,80.43478260869566
HOSP-8152,The Johns Hopkins Hospital,icu,2022-09-19,180,170,94.44444444444444
HOSP-8152,The Johns Hopkins Hospital,icu,2023-08-18,130,220,169.23076923076923
HOSP-8153,The Johns Hopkins Hospital,maternity,,280,90,32.142857142857146
HOSP-8155,The Johns Hopkins Hospital,icu,2023-09-22,500,360,72.0
HOSP-8155,The Johns Hopkins Hospital,pediatrics,2022-03-28,470,310,65.95744680851064
HOSP-8157,The Johns Hopkins Hospital,icu,,190,220,115.78947368421053
HOSP-8157,The Johns Hopkins Hospital,maternity,,430,50,11.627906976744185
HOSP-8158,The Johns Hopkins Hospital,icu,,240,370,154.16666666666669
HOSP-8159,The Johns Hopkins Hospital,icu,,380,200,52.63157894736842
HOSP-8161,The Johns Hopkins Hospital,surgery,2024-03-27,240,110,45.83333333333333
HOSP-8162,The Johns Hopkins Hospital,er,2024-07-20,450,180,40.0
HOSP-8162,The Johns Hopkins Hospital,er,,350,300,85.71428571428571
HOSP-8162,The Johns Hopkins Hospital,icu,,190,200,105.26315789473684
HOSP-8163,The Johns Hopkins Hospital,icu,2020-10-21,370,140,37.83783783783784
HOSP-8164,The Johns Hopkins Hospital,er,,470,280,59.57446808510638
HOSP-8164,The Johns Hopkins Hospital,icu,,350,150,42.857142857142854
HOSP-8165,The Johns Hopkins Hospital,er,,130,330,253.84615384615384
HOSP-8167,The Johns Hopkins Hospital,pediatrics,2023-06-24,200,290,145.0
HOSP-8167,The Johns Hopkins Hospital,pediatrics,2023-12-15,380,220,57.89473684210527
HOSP-8168,The Johns Hopkins Hospital,maternity,,140,360,257.14285714285717
HOSP-8168,The Johns Hopkins Hospital,surgery,2023-06-29,490,360,73.46938775510205
HOSP-8169,The Johns Hopkins Hospital,surgery,2021-08-20,210,100,47.61904761904761
HOSP-8172,The Johns Hopkins Hospital,er,,220,60,27.27272727272727
HOSP-8172,The Johns Hopkins Hospital,pediatrics,2022-07-15,430,30,6.976744186046512
HOSP-8173,The Johns Hopkins Hospital,pediatrics,2020-12-13,270,370,137.03703703703704
HOSP-8174,The Johns Hopkins Hospital,er,2022-03-25,340,160,47.05882352941176
HOSP-8174,The Johns Hopkins Hospital,maternity,2023-03-16,260,120,46.15384615384615
HOSP-8175,The Johns Hopkins Hospital,er,2021-05-24,450,70,15.555555555555555
HOSP-8175,The Johns Hopkins Hospital,er,2022-12-23,420,30,7.142857142857142
HOSP-8176,The Johns Hopkins Hospital,maternity,2020-11-24,400,150,37.5
HOSP-8177,The Johns Hopkins Hospital,pediatrics,,120,10,8.333333333333332
HOSP-8179,The Johns Hopkins Hospital,pediatrics,2023-10-29,390,40,10.256410256410255
HOSP-8180,The Johns Hopkins Hospital,icu,2021-03-29,120,390,325.0
HOSP-8183,The Johns Hopkins Hospital,er,,350,390,111.42857142857143
HOSP-8184,The Johns Hopkins Hospital,surgery,2021-03-20,420,0,0.0
HOSP-8185,The Johns Hopkins Hospital,er,2023-09-30,230,240,104.34782608695652
HOSP-8185,The Johns Hopkins Hospital,er,,210,150,71.42857142857143
HOSP-8187,The Johns Hopkins Hospital,icu,2023-03-13,150,170,113.33333333333333
HOSP-8190,The Johns Hopkins Hospital,pediatrics,2021-12-26,390,350,89.74358974358975
HOSP-8191,The Johns Hopkins Hospital,er,2021-10-14,320,230,71.875
HOSP-8191,The Johns Hopkins Hospital,maternity,2024-01-31,110,80,72.72727272727273
HOSP-8193,The Johns Hopkins Hospital,surgery,2022-06-25,130,350,269.2307692307692
HOSP-8193,The Johns Hopkins Hospital,surgery,,110,20,18.181818181818183
HOSP-8194,The Johns Hopkins Hospital,er,,470,300,63.829787234042556
HOSP-8195,The Johns Hopkins Hospital,surgery,,260,140,53.84615384615385
HOSP-8196,The Johns Hopkins Hospital,icu,2022-04-28,430,100,23.25581395348837
HOSP-8198,The Johns Hopkins Hospital,maternity,2021-09-29,280,270,96.42857142857143
HOSP-8199,The Johns Hopkins Hospital,icu,2022-02-25,110,100,90.9090909090909
HOSP-8199,The Johns Hopkins Hospital,maternity,2023-01-19,350,320,91.42857142857143
HOSP-8201,The Johns Hopkins Hospital,er,2023-07-13,170,50,29.411764705882355
HOSP-8202,The Johns Hopkins Hospital,maternity,,310,30,9.67741935483871
HOSP-8202,The Johns Hopkins Hospital,pediatrics,,200,270,135.0
HOSP-8203,The Johns Hopkins Hospital,surgery,2023-09-14,430,300,69.76744186046511
HOSP-8204,The Johns Hopkins Hospital,er,2022-05-21,350,360,102.85714285714285
HOSP-8205,The Johns Hopkins Hospital,pediatrics,,440,240,54.54545454545454
HOSP-8206,The Johns Hopkins Hospital,icu,2024-06-27,140,130,92.85714285714286
HOSP-8208,The Johns Hopkins Hospital,icu,2024-06-15,480,90,18.75
HOSP-8208,The Johns Hopkins Hospital,icu,,340,170,50.0
HOSP-8209,The Johns Hopkins Hospital,er,2024-01-20,230,80,34.78260869565217
HOSP-8209,The Johns Hopkins Hospital,maternity,,490,280,57.14285714285714
HOSP-8210,The Johns Hopkins Hospital,maternity,2023-06-24,410,370,90.2439024390244
HOSP-8211,The Johns Hopkins Hospital,surgery,,270,370,137.03703703703704
HOSP-8213,The Johns Hopkins Hospital,er,,330,380,115.15151515151516
HOSP-8214,The Johns Hopkins Hospital,er,,110,400,363.6363636363636
HOSP-8214,The Johns Hopkins Hospital,pediatrics,2022-05-29,380,320,84.21052631578947
HOSP-8215,The Johns Hopkins Hospital,icu,2023-11-22,240,170,70.83333333333334
HOSP-8216,The Johns Hopkins Hospital,er,2021-10-28,330,330,100.0
HOSP-8216,The Johns Hopkins Hospital,er,,290,380,131.0344827586207
HOSP-8217,The Johns Hopkins Hospital,er,2023-06-29,250,320,128.0
HOSP-8218,The Johns Hopkins Hospital,pediatrics,,250,360,144.0
HOSP-8219,The Johns Hopkins Hospital,surgery,2020-12-16,240,340,141.66666666666669
HOSP-8220,The Johns Hopkins Hospital,er,2021-03-21,240,200,83.33333333333334
HOSP-8220,The Johns Hopkins Hospital,icu,,280,380,135.71428571428572
HOSP-8221,The Johns Hopkins Hospital,pediatrics,2022-11-30,200,300,150.0
HOSP-8221,The Johns Hopkins Hospital,pediatrics,2023-10-17,290,210,72.41379310344827
HOSP-8222,The Johns Hopkins Hospital,pediatrics,2020-09-13,280,250,89.28571428571429
HOSP-8223,The Johns Hopkins Hospital,pediatrics,,270,140,51.85185185185185
HOSP-8224,The Johns Hopkins Hospital,er,2022-06-29,290,170,58.620689655172406
HOSP-8224,The Johns Hopkins Hospital,er,,190,200,105.26315789473684
HOSP-8224,The Johns Hopkins Hospital,icu,2023-09-29,380,10,2.631578947368421
HOSP-8224,The Johns Hopkins Hospital,surgery,2022-04-16,160,10,6.25
HOSP-8225,The Johns Hopkins Hospital,er,2023-04-14,260,100,38.46153846153847
HOSP-8226,The Johns Hopkins Hospital,pediatrics,2023-09-30,240,40,16.666666666666664
HOSP-8227,The Johns Hopkins Hospital,icu,2020-10-15,290,390,134.48275862068965
HOSP-8227,The Johns Hopkins Hospital,icu,,470,220,46.808510638297875
HOSP-8227,The Johns Hopkins Hospital,maternity,2023-04-25,320,290,90.625
HOSP-8227,The Johns Hopkins Hospital,pediatrics,2020-09-28,500,310,62.0
HOSP-8227,The Johns Hopkins Hospital,surgery,,260,260,100.0
HOSP-8228,The Johns Hopkins Hospital,icu,2024-02-14,150,60,40.0
HOSP-8228,The Johns Hopkins Hospital,maternity,,410,300,73.17073170731707
HOSP-8229,The Johns Hopkins Hospital,er,2022-08-22,340,340,100.0
HOSP-8230,The Johns Hopkins Hospital,maternity,2022-09-25,270,210,77.77777777777779
HOSP-8234,The Johns Hopkins Hospital,maternity,2021-01-31,280,270,96.42857142857143
HOSP-8234,The Johns Hopkins Hospital,maternity,2023-08-29,380,40,10.526315789473683
HOSP-8235,The Johns Hopkins Hospital,icu,2022-06-22,410,210,51.21951219512195
HOSP-8237,The Johns Hopkins Hospital,maternity,2022-07-27,180,270,150.0
HOSP-8238,The Johns Hopkins Hospital,er,2021-04-30,470,270,57.446808510638306
HOSP-8238,The Johns Hopkins Hospital,pediatrics,2020-10-13,300,340,113.33333333333333
HOSP-8239,The Johns Hopkins Hospital,maternity,,300,40,13.333333333333334
HOSP-8239,The Johns Hopkins Hospital,pediatrics,2021-08-22,480,290,60.416666666666664
HOSP-8241,The Johns Hopkins Hospital,icu,,150,230,153.33333333333334
HOSP-8243,The Johns Hopkins Hospital,er,2021-11-20,260,220,84.61538461538461
HOSP-8243,The Johns Hopkins Hospital,pediatrics,2023-09-17,190,60,31.57894736842105
HOSP-8244,The Johns Hopkins Hospital,er,2021-07-26,190,330,173.6842105263158
HOSP-8244,The Johns Hopkins Hospital,icu,2021-12-28,140,90,64.28571428571429
HOSP-8244,The Johns Hopkins Hospital,icu,2022-03-15,410,260,63.41463414634146
HOSP-8244,The Johns Hopkins Hospital,pediatrics,2022-03-31,270,120,44.44444444444444
HOSP-8245,The Johns Hopkins Hospital,er,2020-08-31,480,80,16.666666666666664
HOSP-8245,The Johns Hopkins Hospital,icu,2021-09-16,440,400,90.9090909090909
HOSP-8247,The Johns Hopkins Hospital,pediatrics,2021-12-14,320,70,21.875
HOSP-8247,The Johns Hopkins Hospital,surgery,,260,70,26.923076923076923
HOSP-8249,The Johns Hopkins Hospital,surgery,,210,320,152.38095238095238
HOSP-8250,The Johns Hopkins Hospital,surgery,2022-07-13,220,340,154.54545454545453
HOSP-8251,The Johns Hopkins Hospital,er,,100,130,130.0
HOSP-8251,The Johns Hopkins Hospital,maternity,2023-03-28,480,10,2.083333333333333
HOSP-8252,The Johns Hopkins Hospital,er,2020-09-22,420,280,66.66666666666666
HOSP-8255,The Johns Hopkins Hospital,er,,330,340,103.03030303030303
HOSP-8258,The Johns Hopkins Hospital,icu,2022-01-22,490,140,28.57142857142857
HOSP-8260,The Johns Hopkins Hospital,pediatrics,2022-07-16,490,100,20.408163265306122
HOSP-8260,The Johns Hopkins Hospital,pediatrics,2023-05-18,270,10,3.7037037037037033
HOSP-8260,The Johns Hopkins Hospital,surgery,,360,80,22.22222222222222
HOSP-8263,The Johns Hopkins Hospital,er,2024-03-16,330,10,3.0303030303030303
HOSP-8265,The Johns Hopkins Hospital,er,2024-04-25,400,300,75.0
HOSP-8265,The Johns Hopkins Hospital,pediatrics,2024-01-23,360,170,47.22222222222222
HOSP-8267,The Johns Hopkins Hospital,pediatrics,,240,20,8.333333333333332
HOSP-8267,The Johns Hopkins Hospital,surgery,2021-11-30,120,190,158.33333333333331
HOSP-8269,The Johns Hopkins Hospital,surgery,,500,310,62.0
HOSP-8270,The Johns Hopkins Hospital,maternity,2021-11-15,480,190,39.58333333333333
HOSP-8270,The Johns Hopkins Hospital,pediatrics,2022-02-19,440,20,4.545454545454546
HOSP-8270,The Johns Hopkins Hospital,pediatrics,2024-07-22,120,180,150.0
HOSP-8271,The Johns Hopkins Hospital,icu,,330,200,60.60606060606061
HOSP-8271,The Johns Hopkins Hospital,surgery,2021-11-19,470,160,34.04255319148936
HOSP-8272,The Johns Hopkins Hospital,er,2023-06-13,220,390,177.27272727272728
HOSP-8272,The Johns Hopkins Hospital,icu,2023-05-23,230,380,165.2173913043478
HOSP-8272,The Johns Hopkins Hospital,maternity,2020-10-19,410,200,48.78048780487805
HOSP-8272,The Johns Hopkins Hospital,maternity,2023-03-26,360,120,33.33333333333333
HOSP-8272,The Johns Hopkins Hospital,pediatrics,2024-03-24,160,140,87.5
HOSP-8272,The Johns Hopkins Hospital,pediatrics,,330,10,3.0303030303030303
HOSP-8273,The Johns Hopkins Hospital,pediatrics,,300,30,10.0
HOSP-8274,The Johns Hopkins Hospital,icu,2023-07-23,420,260,61.904761904761905
HOSP-8278,The Johns Hopkins Hospital,er,2020-10-22,350,50,14.285714285714285
HOSP-8279,The Johns Hopkins Hospital,er,2021-08-23,210,150,71.42857142857143
HOSP-8279,The Johns Hopkins Hospital,icu,2023-10-28,250,220,88.0
HOSP-8281,The Johns Hopkins Hospital,er,,310,190,61.29032258064516
HOSP-8281,The Johns Hopkins Hospital,surgery,2021-11-21,300,20,6.666666666666667
HOSP-8283,The Johns Hopkins Hospital,pediatrics,2021-10-28,160,120,75.0
HOSP-8283,The Johns Hopkins Hospital,pediatrics,2022-01-19,390,220,56.41025641025641
HOSP-8283,The Johns Hopkins Hospital,surgery,,410,300,73.17073170731707
HOSP-8285,The Johns Hopkins Hospital,maternity,2022-10-23,340,170,50.0
HOSP-8285,The Johns Hopkins Hospital,pediatrics,2022-11-23,360,210,58.333333333333336
HOSP-8286,The Johns Hopkins Hospital,er,,250,210,84.0
HOSP-8286,The Johns Hopkins Hospital,maternity,2020-07-25,210,70,33.33333333333333
HOSP-8286,The Johns Hopkins Hospital,maternity,2023-11-22,200,10,5.0
HOSP-8286,The Johns Hopkins Hospital,surgery,2021-07-18,470,220,46.808510638297875
HOSP-8287,The Johns Hopkins Hospital,pediatrics,2020-08-22,160,330,206.25
HOSP-8287,The Johns Hopkins Hospital,pediatrics,2023-12-29,360,60,16.666666666666664
HOSP-8288,The Johns Hopkins Hospital,er,2020-11-27,240,130,54.166666666666664
HOSP-8289,The Johns Hopkins Hospital,maternity,,380,360,94.73684210526315
HOSP-8289,The Johns Hopkins Hospital,pediatrics,2021-03-22,230,60,26.08695652173913
HOSP-8291,The Johns Hopkins Hospital,maternity,2022-02-22,140,210,150.0
HOSP-8291,The Johns Hopkins Hospital,pediatrics,2023-10-25,240,250,104.16666666666667
HOSP-8291,The Johns Hopkins Hospital,surgery,,480,320,66.66666666666666
HOSP-8293,The Johns Hopkins Hospital,pediatrics,2023-07-17,400,80,20.0
HOSP-8295,The Johns Hopkins Hospital,surgery,,440,140,31.818181818181817
HOSP-8297,The Johns Hopkins Hospital,maternity,2023-10-23,130,170,130.76923076923077
HOSP-8297,The Johns Hopkins Hospital,surgery,2023-11-14,170,140,82.35294117647058
HOSP-8298,The Johns Hopkins Hospital,maternity,2023-02-15,480,380,79.16666666666666
HOSP-8299,The Johns Hopkins Hospital,er,,490,40,8.16326530612245
HOSP-8301,The Johns Hopkins Hospital,icu,2024-05-24,250,30,12.0
HOSP-8302,The Johns Hopkins Hospital,icu,2020-08-16,480,40,8.333333333333332
HOSP-8302,The Johns Hopkins Hospital,maternity,2022-09-25,260,160,61.53846153846154
HOSP-8303,The Johns Hopkins Hospital,icu,2022-01-19,150,240,160.0
HOSP-8303,The Johns Hopkins Hospital,maternity,,410,230,56.09756097560976
HOSP-8304,The Johns Hopkins Hospital,maternity,2022-10-26,420,400,95.23809523809523
HOSP-8307,The Johns Hopkins Hospital,er,2020-09-25,370,400,108.10810810810811
HOSP-8308,The Johns Hopkins Hospital,pediatrics,,430,60,13.953488372093023
HOSP-8309,The Johns Hopkins Hospital,maternity,,440,10,2.272727272727273
HOSP-8309,The Johns Hopkins Hospital,pediatrics,2023-11-21,280,290,103.57142857142858
HOSP-8310,The Johns Hopkins Hospital,icu,2022-11-17,360,130,36.11111111111111
HOSP-8310,The Johns Hopkins Hospital,pediatrics,2023-12-24,330,310,93.93939393939394
HOSP-8311,The Johns Hopkins Hospital,pediatrics,,310,260,83.87096774193549
HOSP-8312,The Johns Hopkins Hospital,icu,,420,40,9.523809523809524
HOSP-8313,The Johns Hopkins Hospital,er,2021-11-26,110,60,54.54545454545454
HOSP-8313,The Johns Hopkins Hospital,maternity,,100,350,350.0
HOSP-8314,The Johns Hopkins Hospital,surgery,2023-06-17,370,40,10.81081081081081
HOSP-8316,The Johns Hopkins Hospital,er,2023-12-13,500,270,54.0
HOSP-8316,The Johns Hopkins Hospital,pediatrics,,110,130,118.18181818181819
HOSP-8317,The Johns Hopkins Hospital,maternity,2023-11-16,170,330,194.11764705882354
HOSP-8317,The Johns Hopkins Hospital,maternity,,220,70,31.818181818181817
HOSP-8318,The Johns Hopkins Hospital,icu,2020-12-22,280,50,17.857142857142858
HOSP-8320,The Johns Hopkins Hospital,icu,,140,230,164.28571428571428
HOSP-8320,The Johns Hopkins Hospital,pediatrics,,130,290,223.0769230769231
HOSP-8320,The Johns Hopkins Hospital,surgery,,480,40,8.333333333333332
HOSP-8321,The Johns Hopkins Hospital,maternity,2020-09-13,130,350,269.2307692307692
HOSP-8322,The Johns Hopkins Hospital,surgery,2020-12-28,260,320,123.07692307692308
HOSP-8324,The Johns Hopkins Hospital,maternity,,340,70,20.588235294117645
HOSP-8325,The Johns Hopkins Hospital,icu,2023-09-21,410,380,92.6829268292683
HOSP-8325,The Johns Hopkins Hospital,pediatrics,2023-10-16,330,170,51.515151515151516
HOSP-8326,The Johns Hopkins Hospital,pediatrics,2022-06-20,270,260,96.29629629629629
HOSP-8327,The Johns Hopkins Hospital,icu,,290,280,96.55172413793103
HOSP-8330,The Johns Hopkins Hospital,maternity,2023-11-22,230,150,65.21739130434783
HOSP-8334,The Johns Hopkins Hospital,pediatrics,,400,360,90.0
HOSP-8334,The Johns Hopkins Hospital,surgery,2022-06-19,400,280,70.0
HOSP-8335,The Johns Hopkins Hospital,surgery,2023-12-23,370,280,75.67567567567568
HOSP-8338,The Johns Hopkins Hospital,icu,,430,80,18.6046511627907
HOSP-8340,The Johns Hopkins Hospital,er,,320,80,25.0
HOSP-8341,The Johns Hopkins Hospital,icu,2021-06-27,370,50,13.513513513513514
HOSP-8341,The Johns Hopkins Hospital,pediatrics,,210,20,9.523809523809524
HOSP-8345,The Johns Hopkins Hospital,er,2024-05-25,350,340,97.14285714285714
HOSP-8345,The Johns Hopkins Hospital,maternity,,160,210,131.25
HOSP-8346,The Johns Hopkins Hospital,maternity,2023-08-31,480,220,45.83333333333333
HOSP-8347,The Johns Hopkins Hospital,icu,2021-12-27,200,220,110.00000000000001
HOSP-8347,The Johns Hopkins Hospital,maternity,2023-03-25,250,260,104.0
HOSP-8347,The Johns Hopkins Hospital,surgery,2022-09-20,240,240,100.0
HOSP-8349,The Johns Hopkins Hospital,maternity,2021-06-17,330,290,87.87878787878788
HOSP-8349,The Johns Hopkins Hospital,surgery,2021-01-16,420,240,57.14285714285714
HOSP-8350,The Johns Hopkins Hospital,maternity,2022-04-21,170,310,182.35294117647058
HOSP-8353,The Johns Hopkins Hospital,er,,340,350,102.94117647058823
HOSP-8353,The Johns Hopkins Hospital,maternity,2022-05-14,210,30,14.285714285714285
HOSP-8353,The Johns Hopkins Hospital,surgery,2024-04-19,130,360,276.9230769230769
HOSP-8357,The Johns Hopkins Hospital,surgery,2023-10-22,490,300,61.224489795918366
HOSP-8358,The Johns Hopkins Hospital,surgery,2024-04-22,470,360,76.59574468085107
HOSP-8360,The Johns Hopkins Hospital,surgery,2022-05-19,110,290,263.6363636363636
HOSP-8361,The Johns Hopkins Hospital,pediatrics,2021-07-23,130,100,76.92307692307693
HOSP-8362,The Johns Hopkins Hospital,er,2023-03-24,480,360,75.0
HOSP-8362,The Johns Hopkins Hospital,icu,2024-06-29,410,200,48.78048780487805
HOSP-8362,The Johns Hopkins Hospital,maternity,2020-12-27,220,280,127.27272727272727
HOSP-8363,The Johns Hopkins Hospital,er,2021-04-24,310,390,125.80645161290323
HOSP-8363,The Johns Hopkins Hospital,surgery,,490,210,42.857142857142854
HOSP-8364,The Johns Hopkins Hospital,pediatrics,2023-01-22,130,280,215.3846153846154
HOSP-8365,The Johns Hopkins Hospital,icu,2021-07-13,350,120,34.285714285714285
HOSP-8365,The Johns Hopkins Hospital,icu,2021-07-19,430,70,16.27906976744186
HOSP-8366,The Johns Hopkins Hospital,surgery,2024-01-17,230,60,26.08695652173913
HOSP-8369,The Johns Hopkins Hospital,er,2020-07-27,360,380,105.55555555555556
HOSP-8369,The Johns Hopkins Hospital,maternity,2020-11-30,170,370,217.6470588235294
HOSP-8370,The Johns Hopkins Hospital,icu,,330,80,24.242424242424242
HOSP-8371,The Johns Hopkins Hospital,icu,2021-07-14,270,280,103.7037037037037
HOSP-8371,The Johns Hopkins Hospital,surgery,,460,200,43.47826086956522
HOSP-8372,The Johns Hopkins Hospital,maternity,,150,350,233.33333333333334
HOSP-8372,The Johns Hopkins Hospital,surgery,2020-12-28,210,390,185.71428571428572
HOSP-8374,The Johns Hopkins Hospital,pediatrics,2023-03-26,310,160,51.61290322580645
HOSP-8375,The Johns Hopkins Hospital,pediatrics,2023-05-24,260,60,23.076923076923077
HOSP-8376,The Johns Hopkins Hospital,icu,2020-12-30,140,220,157.14285714285714
HOSP-8376,The Johns Hopkins Hospital,pediatrics,2021-06-29,350,330,94.28571428571428
HOSP-8376,The Johns Hopkins Hospital,pediatrics,,150,100,66.66666666666666
HOSP-8377,The Johns Hopkins Hospital,icu,2021-10-14,260,310,119.23076923076923
HOSP-8378,The Johns Hopkins Hospital,er,2022-03-14,460,290,63.04347826086957
HOSP-8378,The Johns Hopkins Hospital,maternity,2021-12-27,350,90,25.71428571428571
HOSP-8378,The Johns Hopkins Hospital,pediatrics,2021-05-21,440,250,56.81818181818182
HOSP-8378,The Johns Hopkins Hospital,pediatrics,,450,370,82.22222222222221
HOSP-8380,The Johns Hopkins Hospital,maternity,2020-11-14,330,130,39.39393939393939
HOSP-8381,The Johns Hopkins Hospital,er,,330,20,6.0606060606060606
HOSP-8381,The Johns Hopkins Hospital,pediatrics,2023-12-19,490,260,53.06122448979592
HOSP-8381,The Johns Hopkins Hospital,pediatrics,2024-02-16,360,70,19.444444444444446
HOSP-8382,The Johns Hopkins Hospital,pediatrics,,240,370,154.16666666666669
HOSP-8383,The Johns Hopkins Hospital,er,2022-04-30,240,340,141.66666666666669
HOSP-8384,The Johns Hopkins Hospital,icu,2023-09-24,310,310,100.0
HOSP-8385,The Johns Hopkins Hospital,pediatrics,2023-02-22,300,190,63.33333333333333
HOSP-8387,The Johns Hopkins Hospital,maternity,2021-12-25,160,180,112.5
HOSP-8388,The Johns Hopkins Hospital,maternity,,320,110,34.375
HOSP-8389,The Johns Hopkins Hospital,er,2021-09-22,260,110,42.30769230769231
HOSP-8389,The Johns Hopkins Hospital,icu,2023-08-16,390,130,33.33333333333333
HOSP-8390,The Johns Hopkins Hospital,pediatrics,2022-12-30,440,150,34.090909090909086
HOSP-8392,The Johns Hopkins Hospital,icu,,200,150,75.0
HOSP-8393,The Johns Hopkins Hospital,icu,,140,330,235.71428571428572
HOSP-8393,The Johns Hopkins Hospital,maternity,2022-11-24,140,270,192.85714285714286
HOSP-8393,The Johns Hopkins Hospital,surgery,2021-01-30,200,310,155.0
HOSP-8396,The Johns Hopkins Hospital,icu,2021-10-19,170,30,17.647058823529413
HOSP-8398,The Johns Hopkins Hospital,icu,2021-08-27,260,90,34.61538461538461
HOSP-8399,The Johns Hopkins Hospital,icu,2022-10-29,300,160,53.333333333333336
HOSP-8401,The Johns Hopkins Hospital,er,2024-04-22,410,60,14.634146341463413
HOSP-8401,The Johns Hopkins Hospital,maternity,,490,20,4.081632653061225
HOSP-8402,The Johns Hopkins Hospital,icu,2022-02-16,180,300,166.66666666666669
HOSP-8402,The Johns Hopkins Hospital,surgery,,420,0,0.0
HOSP-8403,The Johns Hopkins Hospital,pediatrics,,440,20,4.545454545454546
HOSP-8405,The Johns Hopkins Hospital,maternity,,190,380,200.0
HOSP-8406,The Johns Hopkins Hospital,surgery,2023-05-30,120,310,258.33333333333337
HOSP-8407,The Johns Hopkins Hospital,icu,2022-12-31,450,370,82.22222222222221
HOSP-8408,The Johns Hopkins Hospital,surgery,,230,350,152.17391304347828
HOSP-8409,The Johns Hopkins Hospital,maternity,2021-04-30,470,390,82.97872340425532
HOSP-8411,The Johns Hopkins Hospital,er,2023-09-14,320,10,3.125
HOSP-8413,The Johns Hopkins Hospital,er,2021-08-24,460,190,41.30434782608695
HOSP-8415,The Johns Hopkins Hospital,maternity,2022-06-27,170,100,58.82352941176471
HOSP-8416,The Johns Hopkins Hospital,pediatrics,,160,30,18.75
HOSP-8418,The Johns Hopkins Hospital,er,2021-02-13,190,190,100.0
HOSP-8418,The Johns Hopkins Hospital,icu,2020-12-29,290,20,6.896551724137931
HOSP-8419,The Johns Hopkins Hospital,pediatrics,2022-01-27,360,380,105.55555555555556
HOSP-8420,The Johns Hopkins Hospital,maternity,2022-11-17,270,250,92.5925925925926
HOSP-8420,The Johns Hopkins Hospital,maternity,2024-07-16,400,380,95.0
HOSP-8421,The Johns Hopkins Hospital,pediatrics,2021-06-17,220,320,145.45454545454547
HOSP-8421,The Johns Hopkins Hospital,pediatrics,2022-11-24,100,270,270.0
HOSP-8422,The Johns Hopkins Hospital,maternity,,430,130,30.23255813953488
HOSP-8422,The Johns Hopkins Hospital,pediatrics,2022-10-31,110,400,363.6363636363636
HOSP-8423,The Johns Hopkins Hospital,surgery,2024-06-20,300,70,23.333333333333332
HOSP-8423,The Johns Hopkins Hospital,surgery,,140,130,92.85714285714286
HOSP-8425,The Johns Hopkins Hospital,er,2021-10-21,440,10,2.272727272727273
HOSP-8426,The Johns Hopkins Hospital,icu,2022-05-28,340,190,55.88235294117647
HOSP-8427,The Johns Hopkins Hospital,er,2023-10-16,230,40,17.391304347826086
HOSP-8427,The Johns Hopkins Hospital,er,,220,150,68.18181818181817
HOSP-8428,The Johns Hopkins Hospital,icu,,240,290,120.83333333333333
HOSP-8428,The Johns Hopkins Hospital,maternity,2020-11-26,110,330,300.0
HOSP-8430,The Johns Hopkins Hospital,icu,,150,270,180.0
HOSP-8431,The Johns Hopkins Hospital,maternity,,280,40,14.285714285714285
HOSP-8431,The Johns Hopkins Hospital,surgery,2021-06-19,270,200,74.07407407407408
HOSP-8433,The Johns Hopkins Hospital,surgery,,380,230,60.526315789473685
HOSP-8434,The Johns Hopkins Hospital,er,,180,10,5.555555555555555
HOSP-8436,The Johns Hopkins Hospital,icu,,470,280,59.57446808510638
HOSP-8436,The Johns Hopkins Hospital,surgery,2021-04-22,370,210,56.75675675675676
HOSP-8439,The Johns Hopkins Hospital,pediatrics,,220,360,163.63636363636365
HOSP-8440,The Johns Hopkins Hospital,er,2020-09-18,450,130,28.888888888888886
HOSP-8440,The Johns Hopkins Hospital,maternity,,490,220,44.89795918367347
HOSP-8441,The Johns Hopkins Hospital,er,2021-06-14,260,340,130.76923076923077
HOSP-8441,The Johns Hopkins Hospital,pediatrics,2021-03-20,350,40,11.428571428571429
HOSP-8443,The Johns Hopkins Hospital,icu,,460,160,34.78260869565217
HOSP-8443,The Johns Hopkins Hospital,maternity,2022-11-17,440,380,86.36363636363636
HOSP-8443,The Johns Hopkins Hospital,surgery,2022-10-21,150,200,133.33333333333331
HOSP-8444,The Johns Hopkins Hospital,er,2021-04-30,460,300,65.21739130434783
HOSP-8445,The Johns Hopkins Hospital,maternity,2022-06-18,500,320,64.0
HOSP-8446,The Johns Hopkins Hospital,pediatrics,2023-11-15,270,180,66.66666666666666
HOSP-8447,The Johns Hopkins Hospital,icu,2020-09-14,460,10,2.1739130434782608
HOSP-8447,The Johns Hopkins Hospital,icu,2021-04-26,490,20,4.081632653061225
HOSP-8449,The Johns Hopkins Hospital,maternity,,230,40,17.391304347826086
HOSP-8453,The Johns Hopkins Hospital,er,2021-07-17,240,160,66.66666666666666
HOSP-8453,The Johns Hopkins Hospital,icu,2022-02-15,300,70,23.333333333333332
HOSP-8453,The Johns Hopkins Hospital,maternity,2021-04-15,390,60,15.384615384615385
HOSP-8454,The Johns Hopkins Hospital,surgery,2022-12-30,330,400,121.21212121212122
HOSP-8458,The Johns Hopkins Hospital,pediatrics,,280,70,25.0
HOSP-8461,The Johns Hopkins Hospital,pediatrics,2021-02-14,320,370,115.625
HOSP-8464,The Johns Hopkins Hospital,pediatrics,2021-04-30,380,270,71.05263157894737
HOSP-8464,The Johns Hopkins Hospital,pediatrics,2023-02-22,110,200,181.8181818181818
HOSP-8465,The Johns Hopkins Hospital,surgery,2021-07-30,270,30,11.11111111111111
HOSP-8466,The Johns Hopkins Hospital,pediatrics,,170,290,170.58823529411765
HOSP-8467,The Johns Hopkins Hospital,er,2024-03-17,140,160,114.28571428571428
HOSP-8468,The Johns Hopkins Hospital,maternity,2022-10-30,140,40,28.57142857142857
HOSP-8468,The Johns Hopkins Hospital,maternity,,160,140,87.5
HOSP-8468,The Johns Hopkins Hospital,pediatrics,2024-04-30,430,240,55.81395348837209
HOSP-8469,The Johns Hopkins Hospital,surgery,2021-04-24,470,30,6.382978723404255
HOSP-8471,The Johns Hopkins Hospital,icu,2021-04-25,280,320,114.28571428571428
HOSP-8471,The Johns Hopkins Hospital,maternity,2022-08-14,100,220,220.00000000000003
HOSP-8471,The Johns Hopkins Hospital,surgery,2022-09-19,320,330,103.125
HOSP-8472,The Johns Hopkins Hospital,maternity,,400,170,42.5
HOSP-8473,The Johns Hopkins Hospital,maternity,,440,150,34.090909090909086
HOSP-8473,The Johns Hopkins Hospital,pediatrics,2020-09-29,290,100,34.48275862068966
HOSP-8474,The Johns Hopkins Hospital,pediatrics,,360,360,100.0
HOSP-8475,The Johns Hopkins Hospital,er,2022-04-14,110,240,218.18181818181816
HOSP-8476,The Johns Hopkins Hospital,er,,380,170,44.73684210526316
HOSP-8476,The Johns Hopkins Hospital,surgery,2021-01-14,390,210,53.84615384615385
HOSP-8477,The Johns Hopkins Hospital,icu,2021-06-15,150,310,206.66666666666669
HOSP-8480,The Johns Hopkins Hospital,pediatrics,,250,270,108.0
HOSP-8481,The Johns Hopkins Hospital,pediatrics,2020-11-30,450,400,88.88888888888889
HOSP-8483,The Johns Hopkins Hospital,er,,110,210,190.9090909090909
HOSP-8484,The Johns Hopkins Hospital,icu,2022-04-26,160,190,118.75
HOSP-8484,The Johns Hopkins Hospital,pediatrics,,390,10,2.564102564102564
HOSP-8486,The Johns Hopkins Hospital,er,,140,140,100.0
HOSP-8486,The Johns Hopkins Hospital,maternity,2021-05-29,420,340,80.95238095238095
HOSP-8491,The Johns Hopkins Hospital,er,2020-11-22,170,80,47.05882352941176
HOSP-8491,The Johns Hopkins Hospital,er,,390,390,100.0
HOSP-8491,The Johns Hopkins Hospital,surgery,2022-03-29,180,370,205.55555555555554
HOSP-8492,The Johns Hopkins Hospital,er,2022-02-16,310,40,12.903225806451612
HOSP-8492,The Johns Hopkins Hospital,pediatrics,2021-07-26,300,240,80.0
HOSP-8493,The Johns Hopkins Hospital,maternity,,460,120,26.08695652173913
HOSP-8494,The Johns Hopkins Hospital,icu,,500,380,76.0
HOSP-8495,The Johns Hopkins Hospital,er,,150,180,120.0
HOSP-8496,The Johns Hopkins Hospital,icu,,250,90,36.0
HOSP-8496,The Johns Hopkins Hospital,pediatrics,,340,280,82.35294117647058
HOSP-8497,The Johns Hopkins Hospital,icu,2020-12-17,250,220,88.0
HOSP-8497,The Johns Hopkins Hospital,maternity,2020-11-20,150,250,166.66666666666669
HOSP-8499,The Johns Hopkins Hospital,icu,2022-03-28,110,270,245.45454545454547
HOSP-8499,The Johns Hopkins Hospital,icu,,210,230,109.52380952380953
HOSP-8499,The Johns Hopkins Hospital,surgery,2020-10-26,310,380,122.58064516129032
HOSP-8501,The Johns Hopkins Hospital,er,2024-01-23,220,150,68.18181818181817
HOSP-8501,The Johns Hopkins Hospital,maternity,2020-08-30,250,40,16.0
HOSP-8502,The Johns Hopkins Hospital,pediatrics,2021-01-19,230,170,73.91304347826086
HOSP-8502,The Johns Hopkins Hospital,surgery,2020-10-31,290,30,10.344827586206897
HOSP-8502,The Johns Hopkins Hospital,surgery,2020-12-16,180,380,211.11111111111111
HOSP-8502,The Johns Hopkins Hospital,surgery,2022-08-17,250,330,132.0
HOSP-8504,The Johns Hopkins Hospital,icu,2023-07-21,300,180,60.0
HOSP-8504,The Johns Hopkins Hospital,pediatrics,,150,300,200.0
HOSP-8507,The Johns Hopkins Hospital,er,2022-01-21,310,370,119.35483870967742
HOSP-8508,The Johns Hopkins Hospital,er,,210,340,161.9047619047619
HOSP-8508,The Johns Hopkins Hospital,maternity,,180,340,188.88888888888889
HOSP-8508,The Johns Hopkins Hospital,surgery,,470,130,27.659574468085108
HOSP-8510,The Johns Hopkins Hospital,icu,2023-12-29,270,70,25.925925925925924
HOSP-8511,The Johns Hopkins Hospital,pediatrics,2021-03-16,370,270,72.97297297297297
HOSP-8511,The Johns Hopkins Hospital,pediatrics,2021-09-20,500,210,42.0
HOSP-8512,The Johns Hopkins Hospital,pediatrics,,200,160,80.0
HOSP-8512,The Johns Hopkins Hospital,surgery,2022-04-15,240,280,116.66666666666667
HOSP-8513,The Johns Hopkins Hospital,er,2022-06-30,500,200,40.0
HOSP-8513,The Johns Hopkins Hospital,icu,,200,380,190.0
HOSP-8513,The Johns Hopkins Hospital,pediatrics,2022-02-19,290,110,37.93103448275862
HOSP-8515,The Johns Hopkins Hospital,er,2021-06-30,100,150,150.0
HOSP-8515,The Johns Hopkins Hospital,surgery,,490,130,26.53061224489796
HOSP-8516,The Johns Hopkins Hospital,pediatrics,,340,400,117.64705882352942
HOSP-8517,The Johns Hopkins Hospital,icu,2023-10-17,250,290,115.99999999999999
HOSP-8517,The Johns Hopkins Hospital,icu,2023-10-29,200,360,180.0
HOSP-8517,The Johns Hopkins Hospital,surgery,2021-03-16,250,330,132.0
HOSP-8518,The Johns Hopkins Hospital,surgery,,300,250,83.33333333333334
HOSP-8519,The Johns Hopkins Hospital,surgery,2022-12-31,400,60,15.0
HOSP-8520,The Johns Hopkins Hospital,er,2023-03-21,370,210,56.75675675675676
HOSP-8520,The Johns Hopkins Hospital,er,2023-06-24,340,170,50.0
HOSP-8520,The Johns Hopkins Hospital,er,,450,80,17.77777777777778
HOSP-8520,The Johns Hopkins Hospital,icu,,330,320,96.96969696969697
HOSP-8520,The Johns Hopkins Hospital,surgery,2021-02-25,330,400,121.21212121212122
HOSP-8521,The Johns Hopkins Hospital,er,2021-03-15,320,320,100.0
HOSP-8521,The Johns Hopkins Hospital,maternity,2023-04-18,200,240,120.0
HOSP-8522,The Johns Hopkins Hospital,maternity,2021-12-20,100,270,270.0
HOSP-8523,The Johns Hopkins Hospital,maternity,2021-10-13,380,380,100.0
HOSP-8524,The Johns Hopkins Hospital,er,,280,200,71.42857142857143
HOSP-8525,The Johns Hopkins Hospital,icu,2022-03-28,160,380,237.5
HOSP-8525,The Johns Hopkins Hospital,pediatrics,,190,300,157.89473684210526
HOSP-8526,The Johns Hopkins Hospital,er,2021-10-29,370,270,72.97297297297297
HOSP-8526,The Johns Hopkins Hospital,er,2024-03-23,280,110,39.285714285714285
HOSP-8528,The Johns Hopkins Hospital,icu,,140,400,285.7142857142857
HOSP-8529,The Johns Hopkins Hospital,er,2023-07-30,350,40,11.428571428571429
HOSP-8529,The Johns Hopkins Hospital,icu,2020-11-24,270,120,44.44444444444444
HOSP-8529,The Johns Hopkins Hospital,pediatrics,2021-10-16,420,320,76.19047619047619
HOSP-8529,The Johns Hopkins Hospital,surgery,,150,90,60.0
HOSP-8531,The Johns Hopkins Hospital,surgery,2022-08-21,140,130,92.85714285714286
HOSP-8531,The Johns Hopkins Hospital,surgery,2023-03-30,300,360,120.0
HOSP-8532,The Johns Hopkins Hospital,er,2021-07-31,180,200,111.11111111111111
HOSP-8534,The Johns Hopkins Hospital,er,,260,0,0.0
HOSP-8534,The Johns Hopkins Hospital,maternity,,110,300,272.7272727272727
HOSP-8534,The Johns Hopkins Hospital,surgery,,250,40,16.0
HOSP-8536,The Johns Hopkins Hospital,icu,,390,30,7.6923076923076925
HOSP-8537,The Johns Hopkins Hospital,maternity,2022-07-17,120,270,225.0
HOSP-8539,The Johns Hopkins Hospital,er,,470,200,42.5531914893617
HOSP-8541,The Johns Hopkins Hospital,icu,2020-11-26,360,250,69.44444444444444
HOSP-8541,The Johns Hopkins Hospital,icu,2022-12-18,230,240,104.34782608695652
HOSP-8542,The Johns Hopkins Hospital,icu,,130,110,84.61538461538461
HOSP-8542,The Johns Hopkins Hospital,surgery,2020-10-17,130,340,261.53846153846155
HOSP-8545,The Johns Hopkins Hospital,surgery,2022-12-14,490,100,20.408163265306122
HOSP-8547,The Johns Hopkins Hospital,surgery,2021-09-13,240,310,129.16666666666669
HOSP-8548,The Johns Hopkins Hospital,surgery,2022-12-26,290,370,127.58620689655173
HOSP-8553,The Johns Hopkins Hospital,pediatrics,2021-04-17,120,30,25.0
HOSP-8553,The Johns Hopkins Hospital,pediatrics,2021-10-24,230,70,30.434782608695656
HOSP-8554,The Johns Hopkins Hospital,icu,2023-09-21,340,320,94.11764705882352
HOSP-8556,The Johns Hopkins Hospital,maternity,2022-02-21,460,200,43.47826086956522
HOSP-8557,The Johns Hopkins Hospital,pediatrics,,120,110,91.66666666666666
HOSP-8558,The Johns Hopkins Hospital,er,,150,130,86.66666666666667
HOSP-8558,The Johns Hopkins Hospital,icu,,330,220,66.66666666666666
HOSP-8559,The Johns Hopkins Hospital,er,2020-10-30,430,340,79.06976744186046
HOSP-8559,The Johns Hopkins Hospital,icu,2021-01-16,500,120,24.0
HOSP-8559,The Johns Hopkins Hospital,surgery,2022-11-28,140,280,200.0
HOSP-8560,The Johns Hopkins Hospital,maternity,2021-08-17,470,260,55.319148936170215
HOSP-8560,The Johns Hopkins Hospital,maternity,,230,350,152.17391304347828
HOSP-8560,The Johns Hopkins Hospital,pediatrics,,120,0,0.0
HOSP-8561,The Johns Hopkins Hospital,surgery,2022-10-20,490,380,77.55102040816327
HOSP-8562,The Johns Hopkins Hospital,er,2021-01-29,290,400,137.93103448275863
HOSP-8562,The Johns Hopkins Hospital,er,,150,110,73.33333333333333
HOSP-8563,The Johns Hopkins Hospital,er,2021-03-30,110,10,9.090909090909092
HOSP-8563,The Johns Hopkins Hospital,surgery,,110,310,281.8181818181818
HOSP-8571,The Johns Hopkins Hospital,er,2020-10-15,140,40,28.57142857142857
HOSP-8573,The Johns Hopkins Hospital,surgery,2021-07-31,300,170,56.666666666666664
HOSP-8575,The Johns Hopkins Hospital,er,,270,400,148.14814814814815
HOSP-8576,The Johns Hopkins Hospital,er,2022-03-14,150,90,60.0
HOSP-8576,The Johns Hopkins Hospital,pediatrics,2023-08-27,210,40,19.047619047619047
HOSP-8576,The Johns Hopkins Hospital,surgery,2023-05-23,320,240,75.0
HOSP-8577,The Johns Hopkins Hospital,er,2024-07-16,100,90,90.0
HOSP-8577,The Johns Hopkins Hospital,icu,,460,200,43.47826086956522
HOSP-8577,The Johns Hopkins Hospital,maternity,2021-04-17,450,150,33.33333333333333
HOSP-8578,The Johns Hopkins Hospital,er,,440,50,11.363636363636363
HOSP-8579,The Johns Hopkins Hospital,pediatrics,2022-01-18,490,240,48.97959183673469
HOSP-8579,The Johns Hopkins Hospital,surgery,2020-09-30,170,160,94.11764705882352
HOSP-8580,The Johns Hopkins Hospital,icu,2021-08-15,340,30,8.823529411764707
HOSP-8583,The Johns Hopkins Hospital,pediatrics,,300,280,93.33333333333333
HOSP-8584,The Johns Hopkins Hospital,er,2022-01-28,400,280,70.0
HOSP-8584,The Johns Hopkins Hospital,maternity,,230,180,78.26086956521739
HOSP-8584,The Johns Hopkins Hospital,surgery,2024-03-13,180,0,0.0
HOSP-8586,The Johns Hopkins Hospital,maternity,2022-10-23,310,260,83.87096774193549
HOSP-8587,The Johns Hopkins Hospital,maternity,,280,150,53.57142857142857
HOSP-8588,The Johns Hopkins Hospital,maternity,,260,390,150.0
HOSP-8589,The Johns Hopkins Hospital,surgery,2023-01-19,380,260,68.42105263157895
HOSP-8589,The Johns Hopkins Hospital,surgery,,480,270,56.25
HOSP-8591,The Johns Hopkins Hospital,er,2022-03-25,190,50,26.31578947368421
HOSP-8591,The Johns Hopkins Hospital,icu,2024-03-31,360,360,100.0
HOSP-8592,The Johns Hopkins Hospital,er,2022-08-14,200,220,110.00000000000001
HOSP-8594,The Johns Hopkins Hospital,maternity,2022-03-21,370,120,32.432432432432435
HOSP-8595,The Johns Hopkins Hospital,er,,110,260,236.36363636363637
HOSP-8595,The Johns Hopkins Hospital,surgery,2021-04-25,230,400,173.91304347826087
HOSP-8596,The Johns Hopkins Hospital,maternity,,110,120,109.09090909090908
HOSP-8597,The Johns Hopkins Hospital,er,2023-01-25,350,400,114.28571428571428
HOSP-8597,The Johns Hopkins Hospital,pediatrics,2022-03-17,270,310,114.81481481481481
HOSP-8599,The Johns Hopkins Hospital,er,2021-09-14,410,20,4.878048780487805
HOSP-8600,The Johns Hopkins Hospital,er,,300,180,60.0
HOSP-8602,The Johns Hopkins Hospital,pediatrics,2024-06-14,260,260,100.0
HOSP-8603,The Johns Hopkins Hospital,icu,2022-11-30,160,190,118.75
HOSP-8604,The Johns Hopkins Hospital,icu,2022-04-27,320,250,78.125
HOSP-8605,The Johns Hopkins Hospital,pediatrics,2023-05-30,240,190,79.16666666666666
HOSP-8607,The Johns Hopkins Hospital,er,2021-06-15,100,20,20.0
HOSP-8607,The Johns Hopkins Hospital,surgery,2020-09-19,300,300,100.0
HOSP-8608,The Johns Hopkins Hospital,icu,,310,90,29.03225806451613
HOSP-8610,The Johns Hopkins Hospital,er,2024-02-28,190,50,26.31578947368421
HOSP-8610,The Johns Hopkins Hospital,surgery,2021-08-27,410,80,19.51219512195122
HOSP-8611,The Johns Hopkins Hospital,er,2023-10-25,210,10,4.761904761904762
HOSP-8611,The Johns Hopkins Hospital,icu,,450,90,20.0
HOSP-8611,The Johns Hopkins Hospital,surgery,2021-07-19,290,250,86.20689655172413
HOSP-8613,The Johns Hopkins Hospital,pediatrics,,250,360,144.0
HOSP-8614,The Johns Hopkins Hospital,maternity,2021-12-30,440,50,11.363636363636363
HOSP-8614,The Johns Hopkins Hospital,maternity,,290,180,62.06896551724138
HOSP-8615,The Johns Hopkins Hospital,pediatrics,,350,70,20.0
HOSP-8615,The Johns Hopkins Hospital,surgery,2023-08-16,250,320,128.0
HOSP-8616,The Johns Hopkins Hospital,icu,2021-01-18,190,70,36.84210526315789
HOSP-8616,The Johns Hopkins Hospital,pediatrics,2023-10-31,500,40,8.0
HOSP-8616,The Johns Hopkins Hospital,pediatrics,,270,10,3.7037037037037033
HOSP-8617,The Johns Hopkins Hospital,icu,2024-07-16,210,50,23.809523809523807
HOSP-8617,The Johns Hopkins Hospital,icu,,440,210,47.72727272727273
HOSP-8619,The Johns Hopkins Hospital,er,2021-07-16,200,80,40.0
HOSP-8619,The Johns Hopkins Hospital,icu,2023-12-21,470,230,48.93617021276596
HOSP-8619,The Johns Hopkins Hospital,pediatrics,2020-12-28,500,150,30.0
HOSP-8619,The Johns Hopkins Hospital,surgery,2020-11-18,170,300,176.47058823529412
HOSP-8620,The Johns Hopkins Hospital,icu,2023-03-21,430,350,81.3953488372093
HOSP-8622,The Johns Hopkins Hospital,icu,2021-09-22,400,210,52.5
HOSP-8622,The Johns Hopkins Hospital,icu,,360,260,72.22222222222221
HOSP-8622,The Johns Hopkins Hospital,pediatrics,2022-01-22,330,380,115.15151515151516
HOSP-8623,The Johns Hopkins Hospital,er,2023-10-27,140,230,164.28571428571428
HOSP-8624,The Johns Hopkins Hospital,er,2024-03-26,170,220,129.41176470588235
HOSP-8625,The Johns Hopkins Hospital,icu,2023-03-13,480,340,70.83333333333334
HOSP-8627,The Johns Hopkins Hospital,maternity,,150,310,206.66666666666669
HOSP-8629,The Johns Hopkins Hospital,er,,160,390,243.75
HOSP-8629,The Johns Hopkins Hospital,maternity,2023-05-28,170,100,58.82352941176471
HOSP-8630,The Johns Hopkins Hospital,maternity,2021-05-19,270,130,48.148148148148145
HOSP-8631,The Johns Hopkins Hospital,icu,2022-12-22,490,200,40.816326530612244
HOSP-8632,The Johns Hopkins Hospital,maternity,2022-09-23,390,270,69.23076923076923
HOSP-8632,The Johns Hopkins Hospital,maternity,2022-11-15,130,380,292.30769230769226
HOSP-8633,The Johns Hopkins Hospital,pediatrics,,350,200,57.14285714285714
HOSP-8634,The Johns Hopkins Hospital,pediatrics,2024-02-20,470,20,4.25531914893617
HOSP-8634,The Johns Hopkins Hospital,pediatrics,,490,380,77.55102040816327
HOSP-8636,The Johns Hopkins Hospital,surgery,,290,260,89.65517241379311
HOSP-8637,The Johns Hopkins Hospital,er,2023-11-14,300,120,40.0
HOSP-8637,The Johns Hopkins Hospital,pediatrics,2024-04-23,350,110,31.428571428571427
HOSP-8638,The Johns Hopkins Hospital,icu,,330,130,39.39393939393939
HOSP-8639,The Johns Hopkins Hospital,surgery,2022-11-27,440,340,77.27272727272727
HOSP-8639,The Johns Hopkins Hospital,surgery,,140,250,178.57142857142858
HOSP-8642,The Johns Hopkins Hospital,pediatrics,,350,320,91.42857142857143
HOSP-8642,The Johns Hopkins Hospital,surgery,2023-12-22,450,280,62.22222222222222
HOSP-8643,The Johns Hopkins Hospital,icu,2021-05-27,260,60,23.076923076923077
HOSP-8644,The Johns Hopkins Hospital,er,2021-01-14,200,140,70.0
HOSP-8644,The Johns Hopkins Hospital,surgery,2021-01-18,120,400,333.33333333333337
HOSP-8645,The Johns Hopkins Hospital,icu,2022-07-29,200,100,50.0
HOSP-8648,The Johns Hopkins Hospital,er,2020-09-22,260,270,103.84615384615385
HOSP-8648,The Johns Hopkins Hospital,pediatrics,2022-10-26,380,290,76.31578947368422
HOSP-8650,The Johns Hopkins Hospital,er,2023-08-18,190,270,142.10526315789474
HOSP-8650,The Johns Hopkins Hospital,icu,,210,400,190.47619047619045
HOSP-8652,The Johns Hopkins Hospital,er,2022-07-21,200,320,160.0
HOSP-8653,The Johns Hopkins Hospital,pediatrics,,480,180,37.5
HOSP-8654,The Johns Hopkins Hospital,pediatrics,,360,390,108.33333333333333
HOSP-8655,The Johns Hopkins Hospital,maternity,,380,240,63.1578947368421
HOSP-8657,The Johns Hopkins Hospital,pediatrics,,140,100,71.42857142857143
HOSP-8658,The Johns Hopkins Hospital,er,2020-11-26,480,220,45.83333333333333
HOSP-8658,The Johns Hopkins Hospital,er,2023-05-18,310,180,58.06451612903226
HOSP-8658,The Johns Hopkins Hospital,pediatrics,2020-10-18,120,100,83.33333333333334
HOSP-8658,The Johns Hopkins Hospital,pediatrics,2024-05-24,450,150,33.33333333333333
HOSP-8659,The Johns Hopkins Hospital,icu,2023-07-30,140,370,264.2857142857143
HOSP-8659,The Johns Hopkins Hospital,surgery,2022-02-24,140,330,235.71428571428572
HOSP-8660,The Johns Hopkins Hospital,icu,,300,270,90.0
HOSP-8660,The Johns Hopkins Hospital,pediatrics,2021-03-28,280,50,17.857142857142858
HOSP-8661,The Johns Hopkins Hospital,er,,110,200,181.8181818181818
HOSP-8661,The Johns Hopkins Hospital,icu,2023-06-15,330,120,36.36363636363637
HOSP-8661,The Johns Hopkins Hospital,surgery,2021-12-26,370,180,48.64864864864865
HOSP-8662,The Johns Hopkins Hospital,maternity,,390,250,64.1025641025641
HOSP-8662,The Johns Hopkins Hospital,surgery,,320,20,6.25
HOSP-8664,The Johns Hopkins Hospital,icu,,460,150,32.608695652173914
HOSP-8664,The Johns Hopkins Hospital,surgery,2023-11-26,330,370,112.12121212121211
HOSP-8666,The Johns Hopkins Hospital,er,2022-09-20,280,80,28.57142857142857
HOSP-8666,The Johns Hopkins Hospital,icu,2021-02-26,140,380,271.42857142857144
HOSP-8669,The Johns Hopkins Hospital,icu,,350,330,94.28571428571428
HOSP-8671,The Johns Hopkins Hospital,maternity,2024-06-14,220,280,127.27272727272727
HOSP-8673,The Johns Hopkins Hospital,maternity,,310,180,58.06451612903226
HOSP-8674,The Johns Hopkins Hospital,surgery,2020-07-28,130,300,230.76923076923075
HOSP-8676,The Johns Hopkins Hospital,er,2021-07-13,440,330,75.0
HOSP-8677,The Johns Hopkins Hospital,icu,2024-06-29,330,360,109.09090909090908
HOSP-8678,The Johns Hopkins Hospital,maternity,2024-03-21,120,0,0.0
HOSP-8680,The Johns Hopkins Hospital,icu,2020-12-29,370,40,10.81081081081081
HOSP-8682,The Johns Hopkins Hospital,pediatrics,,360,70,19.444444444444446
HOSP-8684,The Johns Hopkins Hospital,er,2022-01-22,500,190,38.0
HOSP-8688,The Johns Hopkins Hospital,er,,270,280,103.7037037037037
HOSP-8688,The Johns Hopkins Hospital,maternity,2021-08-30,370,360,97.2972972972973
HOSP-8689,The Johns Hopkins Hospital,pediatrics,,140,270,192.85714285714286
HOSP-8690,The Johns Hopkins Hospital,maternity,2020-09-24,380,90,23.684210526315788
HOSP-8691,The Johns Hopkins Hospital,er,2022-11-14,380,140,36.84210526315789
HOSP-8691,The Johns Hopkins Hospital,surgery,2021-02-14,500,230,46.0
HOSP-8692,The Johns Hopkins Hospital,surgery,2023-05-18,410,300,73.17073170731707
HOSP-8696,The Johns Hopkins Hospital,pediatrics,2022-03-13,260,270,103.84615384615385
HOSP-8696,The Johns Hopkins Hospital,pediatrics,2024-02-17,160,0,0.0
HOSP-8697,The Johns Hopkins Hospital,er,,490,400,81.63265306122449
HOSP-8698,The Johns Hopkins Hospital,er,2023-05-15,360,0,0.0
HOSP-8698,The Johns Hopkins Hospital,surgery,2022-12-30,430,290,67.44186046511628
HOSP-8699,The Johns Hopkins Hospital,icu,2021-05-14,410,210,51.21951219512195
HOSP-8699,The Johns Hopkins Hospital,maternity,,410,290,70.73170731707317
HOSP-8699,The Johns Hopkins Hospital,surgery,2023-07-28,430,290,67.44186046511628
HOSP-8700,The Johns Hopkins Hospital,icu,2021-06-25,270,50,18.51851851851852
HOSP-8701,The Johns Hopkins Hospital,er,,300,320,106.66666666666667
HOSP-8701,The Johns Hopkins Hospital,pediatrics,,250,140,56.00000000000001
HOSP-8702,The Johns Hopkins Hospital,er,2020-11-15,290,330,113.79310344827587
HOSP-8703,The Johns Hopkins Hospital,pediatrics,2022-08-22,420,280,66.66666666666666
HOSP-8704,The Johns Hopkins Hospital,maternity,2021-11-19,170,210,123.52941176470588
HOSP-8705,The Johns Hopkins Hospital,pediatrics,2021-09-27,410,120,29.268292682926827
HOSP-8706,The Johns Hopkins Hospital,er,2024-03-24,110,90,81.81818181818183
HOSP-8706,The Johns Hopkins Hospital,pediatrics,2021-01-20,180,360,200.0
HOSP-8707,The Johns Hopkins Hospital,icu,2021-03-29,280,280,100.0
HOSP-8707,The Johns Hopkins Hospital,maternity,2020-12-19,170,60,35.294117647058826
HOSP-8707,The Johns Hopkins Hospital,surgery,2021-05-27,100,210,210.0
HOSP-8710,The Johns Hopkins Hospital,er,2023-08-20,340,390,114.70588235294117
HOSP-8712,The Johns Hopkins Hospital,surgery,2024-01-25,390,180,46.15384615384615
HOSP-8713,The Johns Hopkins Hospital,pediatrics,2020-12-14,120,20,16.666666666666664
HOSP-8720,The Johns Hopkins Hospital,pediatrics,,340,20,5.88235294117647
HOSP-8720,The Johns Hopkins Hospital,surgery,2023-04-22,290,70,24.137931034482758
HOSP-8721,The Johns Hopkins Hospital,er,2021-06-29,430,280,65.11627906976744
HOSP-8721,The Johns Hopkins Hospital,pediatrics,2023-03-30,110,70,63.63636363636363
HOSP-8721,The Johns Hopkins Hospital,surgery,2023-06-15,200,250,125.0
HOSP-8723,The Johns Hopkins Hospital,er,2023-01-30,140,30,21.428571428571427
HOSP-8724,The Johns Hopkins Hospital,pediatrics,2021-02-23,170,330,194.11764705882354
HOSP-8725,The Johns Hopkins Hospital,er,,380,50,13.157894736842104
HOSP-8725,The Johns Hopkins Hospital,icu,2022-04-20,240,80,33.33333333333333
HOSP-8727,The Johns Hopkins Hospital,surgery,,130,100,76.92307692307693
HOSP-8728,The Johns Hopkins Hospital,maternity,2023-12-13,210,0,0.0
HOSP-8728,The Johns Hopkins Hospital,surgery,2023-03-23,490,350,71.42857142857143
HOSP-8731,The Johns Hopkins Hospital,pediatrics,,150,390,260.0
HOSP-8732,The Johns Hopkins Hospital,icu,,430,80,18.6046511627907
HOSP-8733,The Johns Hopkins Hospital,pediatrics,2020-08-30,310,50,16.129032258064516
HOSP-8734,The Johns Hopkins Hospital,er,2021-12-28,130,400,307.69230769230774
HOSP-8734,The Johns Hopkins Hospital,pediatrics,2023-04-14,410,190,46.34146341463415
HOSP-8735,The Johns Hopkins Hospital,surgery,2023-04-25,430,110,25.581395348837212
HOSP-8736,The Johns Hopkins Hospital,surgery,2020-10-28,490,20,4.081632653061225
HOSP-8736,The Johns Hopkins Hospital,surgery,,100,20,20.0
HOSP-8737,The Johns Hopkins Hospital,icu,,120,220,183.33333333333331
HOSP-8738,The Johns Hopkins Hospital,icu,2023-11-24,230,30,13.043478260869565
HOSP-8738,The Johns Hopkins Hospital,pediatrics,2024-03-24,160,390,243.75
HOSP-8739,The Johns Hopkins Hospital,icu,2021-05-23,320,200,62.5
HOSP-8741,The Johns Hopkins Hospital,maternity,2023-12-29,260,140,53.84615384615385
HOSP-8741,The Johns Hopkins Hospital,surgery,,480,250,52.083333333333336
HOSP-8742,The Johns Hopkins Hospital,er,2023-12-28,370,320,86.48648648648648
HOSP-8742,The Johns Hopkins Hospital,icu,,210,230,109.52380952380953
HOSP-8742,The Johns Hopkins Hospital,maternity,2023-05-15,420,300,71.42857142857143
HOSP-8743,The Johns Hopkins Hospital,maternity,,450,390,86.66666666666667
HOSP-8744,The Johns Hopkins Hospital,maternity,2023-09-30,400,170,42.5
HOSP-8745,The Johns Hopkins Hospital,surgery,,290,350,120.6896551724138
HOSP-8746,The Johns Hopkins Hospital,pediatrics,,250,250,100.0
HOSP-8747,The Johns Hopkins Hospital,surgery,2021-09-26,340,140,41.17647058823529
HOSP-8748,The Johns Hopkins Hospital,er,2021-07-13,350,190,54.285714285714285
HOSP-8749,The Johns Hopkins Hospital,icu,2024-04-23,440,100,22.727272727272727
HOSP-8749,The Johns Hopkins Hospital,maternity,2020-12-24,270,160,59.25925925925925
HOSP-8752,The Johns Hopkins Hospital,er,2021-05-31,240,50,20.833333333333336
HOSP-8752,The Johns Hopkins Hospital,er,2022-03-20,160,170,106.25
HOSP-8752,The Johns Hopkins Hospital,er,,130,140,107.6923076923077
HOSP-8752,The Johns Hopkins Hospital,maternity,2021-09-30,320,190,59.375
HOSP-8752,The Johns Hopkins Hospital,surgery,,400,170,42.5
HOSP-8753,The Johns Hopkins Hospital,er,2022-05-20,240,110,45.83333333333333
HOSP-8753,The Johns Hopkins Hospital,surgery,2023-10-27,140,200,142.85714285714286
HOSP-8754,The Johns Hopkins Hospital,icu,2024-05-28,480,60,12.5
HOSP-8755,The Johns Hopkins Hospital,icu,2024-04-17,470,220,46.808510638297875
HOSP-8755,The Johns Hopkins Hospital,pediatrics,2021-12-26,480,160,33.33333333333333
HOSP-8756,The Johns Hopkins Hospital,icu,,460,280,60.86956521739131
HOSP-8758,The Johns Hopkins Hospital,icu,2024-05-18,150,280,186.66666666666666
HOSP-8758,The Johns Hopkins Hospital,pediatrics,,260,130,50.0
HOSP-8759,The Johns Hopkins Hospital,icu,2023-07-15,250,130,52.0
HOSP-8760,The Johns Hopkins Hospital,surgery,2021-07-31,100,40,40.0
HOSP-8761,The Johns Hopkins Hospital,icu,,480,370,77.08333333333334
HOSP-8763,The Johns Hopkins Hospital,er,2021-08-31,450,180,40.0
HOSP-8763,The Johns Hopkins Hospital,icu,,420,170,40.476190476190474
HOSP-8764,The Johns Hopkins Hospital,pediatrics,2021-07-24,320,40,12.5
HOSP-8765,The Johns Hopkins Hospital,surgery,2021-07-27,220,20,9.090909090909092
HOSP-8768,The Johns Hopkins Hospital,maternity,,180,230,127.77777777777777
HOSP-8769,The Johns Hopkins Hospital,icu,,410,180,43.90243902439025
HOSP-8769,The Johns Hopkins Hospital,pediatrics,,490,280,57.14285714285714
HOSP-8771,The Johns Hopkins Hospital,er,,440,180,40.909090909090914
HOSP-8771,The Johns Hopkins Hospital,icu,2021-03-18,450,250,55.55555555555556
HOSP-8771,The Johns Hopkins Hospital,icu,,480,300,62.5
HOSP-8771,The Johns Hopkins Hospital,surgery,,460,50,10.869565217391305
HOSP-8772,The Johns Hopkins Hospital,maternity,,440,260,59.09090909090909
HOSP-8773,The Johns Hopkins Hospital,pediatrics,,350,180,51.42857142857142
HOSP-8774,The Johns Hopkins Hospital,pediatrics,2020-09-21,450,60,13.333333333333334
HOSP-8775,The Johns Hopkins Hospital,maternity,,440,100,22.727272727272727
HOSP-8776,The Johns Hopkins Hospital,surgery,2024-07-14,100,370,370.0
HOSP-8777,The Johns Hopkins Hospital,er,,210,90,42.857142857142854
HOSP-8777,The Johns Hopkins Hospital,icu,2023-08-14,260,400,153.84615384615387
HOSP-8777,The Johns Hopkins Hospital,maternity,2022-11-22,250,280,112.00000000000001
HOSP-8777,The Johns Hopkins Hospital,pediatrics,2020-12-27,420,210,50.0
HOSP-8777,The Johns Hopkins Hospital,surgery,,170,210,123.52941176470588
HOSP-8778,The Johns Hopkins Hospital,er,2021-06-17,270,310,114.81481481481481
HOSP-8778,The Johns Hopkins Hospital,pediatrics,2023-12-13,180,290,161.11111111111111
HOSP-8780,The Johns Hopkins Hospital,surgery,,190,160,84.21052631578947
HOSP-8781,The Johns Hopkins Hospital,pediatrics,2023-12-19,110,100,90.9090909090909
HOSP-8782,The Johns Hopkins Hospital,icu,2022-04-23,490,160,32.6530612244898
HOSP-8783,The Johns Hopkins Hospital,icu,2021-07-21,170,120,70.58823529411765
HOSP-8784,The Johns Hopkins Hospital,er,,460,160,34.78260869565217
HOSP-8784,The Johns Hopkins Hospital,surgery,2021-08-27,500,300,60.0
HOSP-8786,The Johns Hopkins Hospital,icu,2020-11-16,450,210,46.666666666666664
HOSP-8786,The Johns Hopkins Hospital,pediatrics,2021-10-19,380,340,89.47368421052632
HOSP-8786,The Johns Hopkins Hospital,pediatrics,2023-05-23,310,260,83.87096774193549
HOSP-8788,The Johns Hopkins Hospital,maternity,2022-12-30,370,390,105.40540540540539
HOSP-8790,The Johns Hopkins Hospital,icu,2020-09-17,250,370,148.0
HOSP-8790,The Johns Hopkins Hospital,maternity,2020-08-17,390,140,35.8974358974359
HOSP-8790,The Johns Hopkins Hospital,pediatrics,,430,240,55.81395348837209
HOSP-8791,The Johns Hopkins Hospital,maternity,,100,90,90.0
HOSP-8792,The Johns Hopkins Hospital,icu,,150,190,126.66666666666666
HOSP-8793,The Johns Hopkins Hospital,icu,2024-05-15,300,120,40.0
HOSP-8793,The Johns Hopkins Hospital,surgery,2024-04-30,280,210,75.0
HOSP-8793,The Johns Hopkins Hospital,surgery,,260,90,34.61538461538461
HOSP-8794,The Johns Hopkins Hospital,maternity,,480,0,0.0
HOSP-8795,The Johns Hopkins Hospital,maternity,2022-04-26,150,360,240.0
HOSP-8797,The Johns Hopkins Hospital,er,2024-04-17,490,170,34.69387755102041
HOSP-8797,The Johns Hopkins Hospital,pediatrics,,140,70,50.0
HOSP-8799,The Johns Hopkins Hospital,er,2022-10-24,340,190,55.88235294117647
HOSP-8799,The Johns Hopkins Hospital,maternity,2020-12-28,100,170,170.0
HOSP-8800,The Johns Hopkins Hospital,er,,350,120,34.285714285714285
HOSP-8800,The Johns Hopkins Hospital,maternity,,270,290,107.40740740740742
HOSP-8801,The Johns Hopkins Hospital,surgery,,480,90,18.75
HOSP-8802,The Johns Hopkins Hospital,pediatrics,,240,100,41.66666666666667
HOSP-8804,The Johns Hopkins Hospital,maternity,2022-12-18,400,210,52.5
HOSP-8806,The Johns Hopkins Hospital,pediatrics,,130,330,253.84615384615384
HOSP-8807,The Johns Hopkins Hospital,surgery,,310,370,119.35483870967742
HOSP-8808,The Johns Hopkins Hospital,er,2023-10-17,330,140,42.42424242424242
HOSP-8808,The Johns Hopkins Hospital,maternity,2023-11-22,120,80,66.66666666666666
HOSP-8808,The Johns Hopkins Hospital,pediatrics,2021-07-13,410,230,56.09756097560976
HOSP-8809,The Johns Hopkins Hospital,icu,2024-04-21,130,150,115.38461538461537
HOSP-8811,The Johns Hopkins Hospital,er,2020-12-22,490,140,28.57142857142857
HOSP-8812,The Johns Hopkins Hospital,er,2023-12-20,280,320,114.28571428571428
HOSP-8813,The Johns Hopkins Hospital,er,,180,180,100.0
HOSP-8813,The Johns Hopkins Hospital,surgery,2021-01-27,280,140,50.0
HOSP-8816,The Johns Hopkins Hospital,icu,2021-04-20,140,190,135.71428571428572
HOSP-8817,The Johns Hopkins Hospital,maternity,,280,50,17.857142857142858
HOSP-8818,The Johns Hopkins Hospital,er,2023-05-21,180,320,177.77777777777777
HOSP-8818,The Johns Hopkins Hospital,surgery,2021-03-20,290,100,34.48275862068966
HOSP-8818,The Johns Hopkins Hospital,surgery,2021-06-17,180,220,122.22222222222223
HOSP-8819,The Johns Hopkins Hospital,er,,390,140,35.8974358974359
HOSP-8819,The Johns Hopkins Hospital,surgery,,340,260,76.47058823529412
HOSP-8820,The Johns Hopkins Hospital,pediatrics,2024-06-24,380,280,73.68421052631578
HOSP-8820,The Johns Hopkins Hospital,surgery,,140,80,57.14285714285714
HOSP-8821,The Johns Hopkins Hospital,icu,2024-04-30,440,10,2.272727272727273
HOSP-8821,The Johns Hopkins Hospital,maternity,2023-10-24,250,390,156.0
HOSP-8821,The Johns Hopkins Hospital,pediatrics,,220,320,145.45454545454547
HOSP-8823,The Johns Hopkins Hospital,surgery,2021-01-16,350,280,80.0
HOSP-8824,The Johns Hopkins Hospital,icu,2021-09-29,110,170,154.54545454545453
HOSP-8825,The Johns Hopkins Hospital,maternity,2021-02-23,200,180,90.0
HOSP-8828,The Johns Hopkins Hospital,er,,230,40,17.391304347826086
HOSP-8828,The Johns Hopkins Hospital,icu,2021-12-14,500,240,48.0
HOSP-8828,The Johns Hopkins Hospital,pediatrics,2021-06-15,300,370,123.33333333333334
HOSP-8828,The Johns Hopkins Hospital,pediatrics,,430,320,74.4186046511628
HOSP-8828,The Johns Hopkins Hospital,surgery,2022-01-27,120,130,108.33333333333333
HOSP-8829,The Johns Hopkins Hospital,pediatrics,2022-11-16,450,230,51.11111111111111
HOSP-8829,The Johns Hopkins Hospital,surgery,,140,320,228.57142857142856
HOSP-8833,The Johns Hopkins Hospital,maternity,2022-02-18,100,320,320.0
HOSP-8833,The Johns Hopkins Hospital,maternity,2023-03-13,480,240,50.0
HOSP-8835,The Johns Hopkins Hospital,maternity,2021-10-18,200,160,80.0
HOSP-8836,The Johns Hopkins Hospital,er,2021-02-15,440,250,56.81818181818182
HOSP-8838,The Johns Hopkins Hospital,er,,120,240,200.0
HOSP-8840,The Johns Hopkins Hospital,surgery,2024-06-19,110,170,154.54545454545453
HOSP-8841,The Johns Hopkins Hospital,pediatrics,2021-08-27,210,0,0.0
HOSP-8842,The Johns Hopkins Hospital,icu,2020-07-25,100,60,60.0
HOSP-8842,The Johns Hopkins Hospital,surgery,2022-09-30,330,50,15.151515151515152
HOSP-8843,The Johns Hopkins Hospital,er,2022-06-28,400,60,15.0
HOSP-8844,The Johns Hopkins Hospital,maternity,,330,30,9.090909090909092
HOSP-8844,The Johns Hopkins Hospital,surgery,2022-04-21,480,340,70.83333333333334
HOSP-8845,The Johns Hopkins Hospital,maternity,,200,230,114.99999999999999
HOSP-8846,The Johns Hopkins Hospital,surgery,2023-05-16,430,40,9.30232558139535
HOSP-8851,The Johns Hopkins Hospital,maternity,2023-04-15,210,30,14.285714285714285
HOSP-8852,The Johns Hopkins Hospital,icu,2024-05-24,250,300,120.0
HOSP-8852,The Johns Hopkins Hospital,pediatrics,2022-06-28,450,250,55.55555555555556
HOSP-8852,The Johns Hopkins Hospital,pediatrics,,290,20,6.896551724137931
HOSP-8853,The Johns Hopkins Hospital,er,2021-02-25,330,10,3.0303030303030303
HOSP-8855,The Johns Hopkins Hospital,surgery,2023-08-21,450,190,42.22222222222222
HOSP-8856,The Johns Hopkins Hospital,pediatrics,,430,320,74.4186046511628
HOSP-8857,The Johns Hopkins Hospital,pediatrics,,500,110,22.0
HOSP-8858,The Johns Hopkins Hospital,surgery,2024-02-24,200,340,170.0
HOSP-8859,The Johns Hopkins Hospital,surgery,2022-12-29,140,60,42.857142857142854
HOSP-8860,The Johns Hopkins Hospital,icu,2024-04-25,370,100,27.027027027027028
HOSP-8860,The Johns Hopkins Hospital,surgery,2021-05-24,480,110,22.916666666666664
HOSP-8861,The Johns Hopkins Hospital,er,2023-02-26,440,80,18.181818181818183
HOSP-8861,The Johns Hopkins Hospital,surgery,2020-08-18,320,260,81.25
HOSP-8863,The Johns Hopkins Hospital,pediatrics,,170,20,11.76470588235294
HOSP-8863,The Johns Hopkins Hospital,surgery,,190,80,42.10526315789473
HOSP-8864,The Johns Hopkins Hospital,icu,,500,150,30.0
HOSP-8864,The Johns Hopkins Hospital,maternity,2023-07-25,220,210,95.45454545454545
HOSP-8865,The Johns Hopkins Hospital,er,2023-12-26,330,360,109.09090909090908
HOSP-8866,The Johns Hopkins Hospital,er,2020-09-25,230,150,65.21739130434783
HOSP-8867,The Johns Hopkins Hospital,er,,200,10,5.0
HOSP-8867,The Johns Hopkins Hospital,icu,2021-12-24,280,90,32.142857142857146
HOSP-8868,The Johns Hopkins Hospital,er,2024-05-30,430,10,2.3255813953488373
HOSP-8869,The Johns Hopkins Hospital,maternity,2021-10-20,380,190,50.0
HOSP-8870,The Johns Hopkins Hospital,er,2022-06-17,110,210,190.9090909090909
HOSP-8870,The Johns Hopkins Hospital,maternity,,240,70,29.166666666666668
HOSP-8871,The Johns Hopkins Hospital,er,,260,260,100.0
HOSP-8872,The Johns Hopkins Hospital,er,,200,320,160.0
HOSP-8873,The Johns Hopkins Hospital,er,,360,210,58.333333333333336
HOSP-8873,The Johns Hopkins Hospital,surgery,2024-03-27,340,40,11.76470588235294
HOSP-8874,The Johns Hopkins Hospital,pediatrics,2022-09-14,290,160,55.172413793103445
HOSP-8875,The Johns Hopkins Hospital,maternity,,290,90,31.03448275862069
HOSP-8875,The Johns Hopkins Hospital,surgery,,450,280,62.22222222222222
HOSP-8876,The Johns Hopkins Hospital,surgery,2022-04-24,100,340,340.0
HOSP-8878,The Johns Hopkins Hospital,maternity,,440,270,61.36363636363637
HOSP-8879,The Johns Hopkins Hospital,maternity,2022-01-24,480,210,43.75
HOSP-8879,The Johns Hopkins Hospital,pediatrics,2023-11-28,480,210,43.75
HOSP-8879,The Johns Hopkins Hospital,pediatrics,,100,350,350.0
HOSP-8879,The Johns Hopkins Hospital,surgery,2023-03-25,340,370,108.8235294117647
HOSP-8879,The Johns Hopkins Hospital,surgery,,470,400,85.1063829787234
HOSP-8880,The Johns Hopkins Hospital,maternity,2021-01-26,480,180,37.5
HOSP-8880,The Johns Hopkins Hospital,maternity,2024-05-31,460,190,41.30434782608695
HOSP-8880,The Johns Hopkins Hospital,maternity,,130,0,0.0
HOSP-8881,The Johns Hopkins Hospital,pediatrics,2023-05-21,380,140,36.84210526315789
HOSP-8883,The Johns Hopkins Hospital,er,,160,110,68.75
HOSP-8883,The Johns Hopkins Hospital,surgery,2023-03-18,470,220,46.808510638297875
HOSP-8883,The Johns Hopkins Hospital,surgery,,130,120,92.3076923076923
HOSP-8884,The Johns Hopkins Hospital,icu,2021-11-26,110,130,118.18181818181819
HOSP-8885,The Johns Hopkins Hospital,er,2020-10-17,440,210,47.72727272727273
HOSP-8885,The Johns Hopkins Hospital,er,,400,300,75.0
HOSP-8885,The Johns Hopkins Hospital,icu,2023-11-24,400,260,65.0
HOSP-8885,The Johns Hopkins Hospital,surgery,2022-10-20,370,10,2.7027027027027026
HOSP-8886,The Johns Hopkins Hospital,er,2023-11-23,450,70,15.555555555555555
HOSP-8886,The Johns Hopkins Hospital,icu,,470,340,72.3404255319149
HOSP-8888,The Johns Hopkins Hospital,er,2022-12-21,380,10,2.631578947368421
HOSP-8890,The Johns Hopkins Hospital,maternity,2024-04-17,490,350,71.42857142857143
HOSP-8891,The Johns Hopkins Hospital,icu,2024-04-23,430,170,39.53488372093023
HOSP-8891,The Johns Hopkins Hospital,maternity,,240,250,104.16666666666667
HOSP-8892,The Johns Hopkins Hospital,er,2024-06-23,130,370,284.61538461538464
HOSP-8892,The Johns Hopkins Hospital,pediatrics,2022-09-27,340,60,17.647058823529413
HOSP-8894,The Johns Hopkins Hospital,er,,490,260,53.06122448979592
HOSP-8894,The Johns Hopkins Hospital,pediatrics,2021-04-18,350,230,65.71428571428571
HOSP-8899,The Johns Hopkins Hospital,icu,,310,0,0.0
HOSP-8899,The Johns Hopkins Hospital,maternity,2023-02-19,300,140,46.666666666666664
HOSP-8899,The Johns Hopkins Hospital,pediatrics,,260,80,30.76923076923077
HOSP-8900,The Johns Hopkins Hospital,icu,2023-12-23,150,340,226.66666666666666
HOSP-8901,The Johns Hopkins Hospital,icu,,270,390,144.44444444444443
HOSP-8902,The Johns Hopkins Hospital,er,,310,160,51.61290322580645
HOSP-8903,The Johns Hopkins Hospital,er,2021-10-30,200,390,195.0
HOSP-8904,The Johns Hopkins Hospital,pediatrics,2022-10-13,160,170,106.25
HOSP-8906,The Johns Hopkins Hospital,maternity,,140,100,71.42857142857143
HOSP-8907,The Johns Hopkins Hospital,icu,2020-10-17,220,260,118.18181818181819
HOSP-8907,The Johns Hopkins Hospital,pediatrics,,450,370,82.22222222222221
HOSP-8908,The Johns Hopkins Hospital,icu,2022-01-30,490,60,12.244897959183673
HOSP-8909,The Johns Hopkins Hospital,surgery,2021-08-28,200,120,60.0
HOSP-8910,The Johns Hopkins Hospital,icu,2022-06-13,210,280,133.33333333333331
HOSP-8910,The Johns Hopkins Hospital,surgery,2023-08-28,140,370,264.2857142857143
HOSP-8911,The Johns Hopkins Hospital,er,,390,0,0.0
HOSP-8912,The Johns Hopkins Hospital,er,2022-02-14,250,400,160.0
HOSP-8912,The Johns Hopkins Hospital,er,,410,20,4.878048780487805
HOSP-8914,The Johns Hopkins Hospital,surgery,,270,300,111.11111111111111
HOSP-8915,The Johns Hopkins Hospital,maternity,,320,370,115.625
HOSP-8917,The Johns Hopkins Hospital,pediatrics,2023-01-15,430,10,2.3255813953488373
HOSP-8917,The Johns Hopkins Hospital,surgery,,410,90,21.951219512195124
HOSP-8918,The Johns Hopkins Hospital,er,,470,190,40.42553191489361
HOSP-8918,The Johns Hopkins Hospital,icu,,360,100,27.77777777777778
HOSP-8918,The Johns Hopkins Hospital,surgery,,480,390,81.25
HOSP-8919,The Johns Hopkins Hospital,er,2023-10-31,300,270,90.0
HOSP-8920,The Johns Hopkins Hospital,er,2021-05-15,280,290,103.57142857142858
HOSP-8920,The Johns Hopkins Hospital,maternity,,170,310,182.35294117647058
HOSP-8920,The Johns Hopkins Hospital,surgery,,450,230,51.11111111111111
HOSP-8921,The Johns Hopkins Hospital,maternity,2022-08-16,150,110,73.33333333333333
HOSP-8922,The Johns Hopkins Hospital,er,2022-12-27,100,290,290.0
HOSP-8924,The Johns Hopkins Hospital,surgery,2022-06-14,450,80,17.77777777777778
HOSP-8925,The Johns Hopkins Hospital,er,2020-09-20,290,30,10.344827586206897
HOSP-8925,The Johns Hopkins Hospital,maternity,,240,290,120.83333333333333
HOSP-8925,The Johns Hopkins Hospital,pediatrics,,150,60,40.0
HOSP-8925,The Johns Hopkins Hospital,surgery,,240,120,50.0
HOSP-8926,The Johns Hopkins Hospital,er,2023-07-23,280,300,107.14285714285714
HOSP-8930,The Johns Hopkins Hospital,maternity,2021-09-21,280,90,32.142857142857146
HOSP-8930,The Johns Hopkins Hospital,maternity,2022-12-17,160,340,212.5
HOSP-8931,The Johns Hopkins Hospital,maternity,,380,400,105.26315789473684
HOSP-8931,The Johns Hopkins Hospital,pediatrics,2021-05-18,440,260,59.09090909090909
HOSP-8932,The Johns Hopkins Hospital,maternity,2024-05-15,100,20,20.0
HOSP-8932,The Johns Hopkins Hospital,pediatrics,2024-07-19,140,330,235.71428571428572
HOSP-8933,The Johns Hopkins Hospital,maternity,2023-09-20,330,260,78.78787878787878
HOSP-8933,The Johns Hopkins Hospital,surgery,,400,10,2.5
HOSP-8936,The Johns Hopkins Hospital,er,,330,40,12.121212121212121
HOSP-8937,The Johns Hopkins Hospital,er,2024-01-17,270,70,25.925925925925924
HOSP-8937,The Johns Hopkins Hospital,er,,500,110,22.0
HOSP-8939,The Johns Hopkins Hospital,maternity,,190,370,194.73684210526315
HOSP-8940,The Johns Hopkins Hospital,er,2023-03-19,210,180,85.71428571428571
HOSP-8940,The Johns Hopkins Hospital,pediatrics,,370,270,72.97297297297297
HOSP-8942,The Johns Hopkins Hospital,maternity,,130,290,223.0769230769231
HOSP-8943,The Johns Hopkins Hospital,icu,,400,20,5.0
HOSP-8943,The Johns Hopkins Hospital,pediatrics,,250,320,128.0
HOSP-8944,The Johns Hopkins Hospital,pediatrics,,500,380,76.0
HOSP-8945,The Johns Hopkins Hospital,icu,2024-03-15,150,280,186.66666666666666
HOSP-8945,The Johns Hopkins Hospital,maternity,2022-02-13,480,350,72.91666666666666
HOSP-8945,The Johns Hopkins Hospital,maternity,,440,350,79.54545454545455
HOSP-8945,The Johns Hopkins Hospital,pediatrics,,360,220,61.111111111111114
HOSP-8945,The Johns Hopkins Hospital,surgery,2023-11-14,190,350,184.21052631578948
HOSP-8946,The Johns Hopkins Hospital,icu,,470,260,55.319148936170215
HOSP-8946,The Johns Hopkins Hospital,pediatrics,,380,330,86.8421052631579
HOSP-8946,The Johns Hopkins Hospital,surgery,2022-08-26,360,230,63.888888888888886
HOSP-8948,The Johns Hopkins Hospital,surgery,2020-12-15,440,250,56.81818181818182
HOSP-8950,The Johns Hopkins Hospital,surgery,,440,110,25.0
HOSP-8954,The Johns Hopkins Hospital,surgery,2022-03-28,180,230,127.77777777777777
HOSP-8954,The Johns Hopkins Hospital,surgery,2024-03-22,360,220,61.111111111111114
HOSP-8956,The Johns Hopkins Hospital,maternity,2022-02-13,340,210,61.76470588235294
HOSP-8957,The Johns Hopkins Hospital,pediatrics,2023-09-18,180,30,16.666666666666664
HOSP-8959,The Johns Hopkins Hospital,surgery,,310,330,106.4516129032258
HOSP-8960,The Johns Hopkins Hospital,pediatrics,,190,260,136.8421052631579
HOSP-8961,The Johns Hopkins Hospital,icu,2024-05-18,500,270,54.0
HOSP-8962,The Johns Hopkins Hospital,pediatrics,,250,190,76.0
HOSP-8963,The Johns Hopkins Hospital,maternity,2024-06-17,280,20,7.142857142857142
HOSP-8963,The Johns Hopkins Hospital,surgery,2021-09-24,470,200,42.5531914893617
HOSP-8963,The Johns Hopkins Hospital,surgery,,210,130,61.904761904761905
HOSP-8965,The Johns Hopkins Hospital,icu,2023-01-17,240,190,79.16666666666666
HOSP-8965,The Johns Hopkins Hospital,icu,2023-01-24,110,250,227.27272727272728
HOSP-8965,The Johns Hopkins Hospital,icu,,110,20,18.181818181818183
HOSP-8966,The Johns Hopkins Hospital,surgery,,150,280,186.66666666666666
HOSP-8967,The Johns Hopkins Hospital,er,2022-11-13,220,160,72.72727272727273
HOSP-8968,The Johns Hopkins Hospital,maternity,2023-02-26,110,130,118.18181818181819
HOSP-8968,The Johns Hopkins Hospital,pediatrics,2023-01-16,340,0,0.0
HOSP-8969,The Johns Hopkins Hospital,er,,240,200,83.33333333333334
HOSP-8970,The Johns Hopkins Hospital,icu,2022-05-19,240,60,25.0
HOSP-8970,The Johns Hopkins Hospital,icu,,110,250,227.27272727272728
HOSP-8971,The Johns Hopkins Hospital,er,2021-09-28,480,280,58.333333333333336
HOSP-8971,The Johns Hopkins Hospital,er,2021-12-18,460,20,4.3478260869565215
HOSP-8971,The Johns Hopkins Hospital,surgery,,490,120,24.489795918367346
HOSP-8972,The Johns Hopkins Hospital,surgery,,100,20,20.0
HOSP-8973,The Johns Hopkins Hospital,er,2021-10-18,480,160,33.33333333333333
HOSP-8973,The Johns Hopkins Hospital,maternity,,450,240,53.333333333333336
HOSP-8973,The Johns Hopkins Hospital,pediatrics,2023-06-20,190,200,105.26315789473684
HOSP-8973,The Johns Hopkins Hospital,surgery,2022-02-28,360,320,88.88888888888889
HOSP-8974,The Johns Hopkins Hospital,er,,160,380,237.5
HOSP-8975,The Johns Hopkins Hospital,pediatrics,,120,390,325.0
HOSP-8976,The Johns Hopkins Hospital,maternity,,430,220,51.162790697674424
HOSP-8978,The Johns Hopkins Hospital,er,2023-02-26,430,270,62.7906976744186
HOSP-8978,The Johns Hopkins Hospital,maternity,,320,290,90.625
HOSP-8979,The Johns Hopkins Hospital,er,2021-12-19,320,180,56.25
HOSP-8979,The Johns Hopkins Hospital,maternity,2023-10-23,210,330,157.14285714285714
HOSP-8980,The Johns Hopkins Hospital,er,2022-10-27,350,230,65.71428571428571
HOSP-8980,The Johns Hopkins Hospital,er,,120,200,166.66666666666669
HOSP-8980,The Johns Hopkins Hospital,icu,,370,300,81.08108108108108
HOSP-8981,The Johns Hopkins Hospital,icu,,480,80,16.666666666666664
HOSP-8981,The Johns Hopkins Hospital,surgery,2022-07-27,370,210,56.75675675675676
HOSP-8982,The Johns Hopkins Hospital,icu,2021-11-24,220,300,136.36363636363635
HOSP-8983,The Johns Hopkins Hospital,er,2022-12-29,280,230,82.14285714285714
HOSP-8985,The Johns Hopkins Hospital,er,2022-07-24,290,90,31.03448275862069
HOSP-8986,The Johns Hopkins Hospital,icu,2023-11-17,390,310,79.48717948717949
HOSP-8986,The Johns Hopkins Hospital,surgery,2022-02-21,140,200,142.85714285714286
HOSP-8987,The Johns Hopkins Hospital,icu,2023-11-26,300,80,26.666666666666668
HOSP-8988,The Johns Hopkins Hospital,er,,290,390,134.48275862068965
HOSP-8991,The Johns Hopkins Hospital,er,,400,390,97.5
HOSP-8991,The Johns Hopkins Hospital,maternity,2024-03-26,350,400,114.28571428571428
HOSP-8992,The Johns Hopkins Hospital,icu,2024-06-22,300,370,123.33333333333334
HOSP-8992,The Johns Hopkins Hospital,pediatrics,2023-05-20,170,130,76.47058823529412
HOSP-8994,The Johns Hopkins Hospital,er,,440,360,81.81818181818183
HOSP-8996,The Johns Hopkins Hospital,pediatrics,,370,360,97.2972972972973
HOSP-8996,The Johns Hopkins Hospital,surgery,2022-11-16,220,280,127.27272727272727
HOSP-8998,The Johns Hopkins Hospital,icu,,290,60,20.689655172413794
HOSP-9000,The Johns Hopkins Hospital,maternity,2020-07-30,440,350,79.54545454545455
HOSP-9001,The Johns Hopkins Hospital,er,2022-04-27,180,70,38.88888888888889
HOSP-9002,The Johns Hopkins Hospital,pediatrics,2021-01-27,270,170,62.96296296296296
HOSP-9003,The Johns Hopkins Hospital,icu,2022-02-17,190,210,110.5263157894737
HOSP-9003,The Johns Hopkins Hospital,maternity,2021-11-14,470,380,80.85106382978722
HOSP-9003,The Johns Hopkins Hospital,surgery,2022-01-29,390,230,58.97435897435898
HOSP-9006,The Johns Hopkins Hospital,surgery,2024-01-26,410,140,34.146341463414636
HOSP-9007,The Johns Hopkins Hospital,icu,2024-06-26,230,180,78.26086956521739
HOSP-9007,The Johns Hopkins Hospital,icu,,330,0,0.0
HOSP-9007,The Johns Hopkins Hospital,surgery,2022-07-28,140,320,228.57142857142856
HOSP-9008,The Johns Hopkins Hospital,surgery,,410,210,51.21951219512195
HOSP-9009,The Johns Hopkins Hospital,er,2022-09-26,430,270,62.7906976744186
HOSP-9011,The Johns Hopkins Hospital,icu,2023-02-18,270,190,70.37037037037037
HOSP-9011,The Johns Hopkins Hospital,surgery,2021-08-31,320,400,125.0
HOSP-9012,The Johns Hopkins Hospital,icu,2020-11-15,180,230,127.77777777777777
HOSP-9012,The Johns Hopkins Hospital,icu,2022-06-25,180,370,205.55555555555554
HOSP-9012,The Johns Hopkins Hospital,pediatrics,,370,90,24.324324324324326
HOSP-9014,The Johns Hopkins Hospital,er,2024-02-19,330,390,118.18181818181819
HOSP-9015,The Johns Hopkins Hospital,er,2022-06-22,480,150,31.25
HOSP-9015,The Johns Hopkins Hospital,maternity,,500,70,14.000000000000002
HOSP-9015,The Johns Hopkins Hospital,surgery,,140,380,271.42857142857144
HOSP-9016,The Johns Hopkins Hospital,icu,2023-01-31,410,270,65.85365853658537
HOSP-9017,The Johns Hopkins Hospital,icu,2022-02-13,330,320,96.96969696969697
HOSP-9017,The Johns Hopkins Hospital,pediatrics,2024-05-28,330,250,75.75757575757575
HOSP-9018,The Johns Hopkins Hospital,icu,2021-01-17,410,350,85.36585365853658
HOSP-9018,The Johns Hopkins Hospital,icu,2022-08-31,250,110,44.0
HOSP-9018,The Johns Hopkins Hospital,icu,,490,350,71.42857142857143
HOSP-9019,The Johns Hopkins Hospital,icu,,300,240,80.0
HOSP-9021,The Johns Hopkins Hospital,er,2022-08-29,390,320,82.05128205128204
HOSP-9021,The Johns Hopkins Hospital,surgery,,140,340,242.85714285714283
HOSP-9022,The Johns Hopkins Hospital,icu,,260,340,130.76923076923077
HOSP-9022,The Johns Hopkins Hospital,pediatrics,2024-02-22,280,40,14.285714285714285
HOSP-9022,The Johns Hopkins Hospital,surgery,2020-10-18,470,80,17.02127659574468
HOSP-9024,The Johns Hopkins Hospital,er,2023-05-15,450,110,24.444444444444443
HOSP-9025,The Johns Hopkins Hospital,maternity,,220,180,81.81818181818183
HOSP-9026,The Johns Hopkins Hospital,pediatrics,2024-03-28,460,250,54.347826086956516
HOSP-9028,The Johns Hopkins Hospital,pediatrics,,470,80,17.02127659574468
HOSP-9029,The Johns Hopkins Hospital,surgery,,270,60,22.22222222222222
HOSP-9030,The Johns Hopkins Hospital,maternity,2021-09-28,330,400,121.21212121212122
HOSP-9030,The Johns Hopkins Hospital,maternity,2022-01-25,500,390,78.0
HOSP-9032,The Johns Hopkins Hospital,maternity,2023-08-15,210,370,176.19047619047618
HOSP-9033,The Johns Hopkins Hospital,er,,180,190,105.55555555555556
HOSP-9035,The Johns Hopkins Hospital,maternity,2023-11-30,190,110,57.89473684210527
HOSP-9035,The Johns Hopkins Hospital,maternity,,260,0,0.0
HOSP-9035,The Johns Hopkins Hospital,pediatrics,2021-03-26,320,270,84.375
HOSP-9035,The Johns Hopkins Hospital,pediatrics,,100,310,310.0
HOSP-9036,The Johns Hopkins Hospital,er,,410,80,19.51219512195122
HOSP-9037,The Johns Hopkins Hospital,surgery,,150,70,46.666666666666664
HOSP-9038,The Johns Hopkins Hospital,er,,130,120,92.3076923076923
HOSP-9039,The Johns Hopkins Hospital,maternity,,100,200,200.0
HOSP-9039,The Johns Hopkins Hospital,surgery,2022-12-31,480,70,14.583333333333334
HOSP-9040,The Johns Hopkins Hospital,icu,2023-04-25,140,190,135.71428571428572
HOSP-9041,The Johns Hopkins Hospital,pediatrics,2022-01-25,220,360,163.63636363636365
HOSP-9042,The Johns Hopkins Hospital,icu,2023-11-13,130,230,176.9230769230769
HOSP-9043,The Johns Hopkins Hospital,er,2023-10-18,230,160,69.56521739130434
HOSP-9044,The Johns Hopkins Hospital,icu,2023-03-22,420,100,23.809523809523807
HOSP-9046,The Johns Hopkins Hospital,icu,,140,140,100.0
HOSP-9046,The Johns Hopkins Hospital,pediatrics,,100,70,70.0
HOSP-9046,The Johns Hopkins Hospital,surgery,,220,110,50.0
HOSP-9047,The Johns Hopkins Hospital,maternity,2021-07-23,390,20,5.128205128205128
HOSP-9047,The Johns Hopkins Hospital,pediatrics,2021-08-28,140,110,78.57142857142857
HOSP-9048,The Johns Hopkins Hospital,pediatrics,,100,80,80.0
HOSP-9051,The Johns Hopkins Hospital,maternity,2023-04-26,440,80,18.181818181818183
HOSP-9052,The Johns Hopkins Hospital,er,2021-06-24,340,20,5.88235294117647
HOSP-9052,The Johns Hopkins Hospital,pediatrics,,240,110,45.83333333333333
HOSP-9052,The Johns Hopkins Hospital,surgery,2021-06-14,120,240,200.0
HOSP-9053,The Johns Hopkins Hospital,maternity,,480,80,16.666666666666664
HOSP-9054,The Johns Hopkins Hospital,er,2021-09-17,230,350,152.17391304347828
HOSP-9054,The Johns Hopkins Hospital,icu,2021-01-29,370,180,48.64864864864865
HOSP-9054,The Johns Hopkins Hospital,icu,2023-11-26,350,10,2.857142857142857
HOSP-9055,The Johns Hopkins Hospital,surgery,2020-11-17,470,330,70.2127659574468
HOSP-9056,The Johns Hopkins Hospital,pediatrics,2021-04-23,360,380,105.55555555555556
HOSP-9057,The Johns Hopkins Hospital,er,2023-12-27,240,30,12.5
HOSP-9057,The Johns Hopkins Hospital,icu,,140,60,42.857142857142854
HOSP-9057,The Johns Hopkins Hospital,maternity,,330,230,69.6969696969697
HOSP-9058,The Johns Hopkins Hospital,pediatrics,,250,290,115.99999999999999
HOSP-9060,The Johns Hopkins Hospital,icu,,440,240,54.54545454545454
HOSP-9060,The Johns Hopkins Hospital,pediatrics,2020-07-29,330,290,87.87878787878788
HOSP-9060,The Johns Hopkins Hospital,pediatrics,2022-03-25,160,170,106.25
HOSP-9060,The Johns Hopkins Hospital,surgery,,170,10,5.88235294117647
HOSP-9061,The Johns Hopkins Hospital,icu,2021-03-28,220,340,154.54545454545453
HOSP-9063,The Johns Hopkins Hospital,er,,440,230,52.27272727272727
HOSP-9064,The Johns Hopkins Hospital,pediatrics,2022-08-30,450,310,68.88888888888889
HOSP-9064,The Johns Hopkins Hospital,pediatrics,,380,290,76.31578947368422
HOSP-9064,The Johns Hopkins Hospital,surgery,,250,110,44.0
HOSP-9065,The Johns Hopkins Hospital,icu,2024-01-19,350,120,34.285714285714285
HOSP-9067,The Johns Hopkins Hospital,pediatrics,2024-02-15,270,400,148.14814814814815
HOSP-9067,The Johns Hopkins Hospital,surgery,,110,390,354.54545454545456
HOSP-9068,The Johns Hopkins Hospital,pediatrics,,290,80,27.586206896551722
HOSP-9069,The Johns Hopkins Hospital,icu,2023-10-29,450,70,15.555555555555555
HOSP-9070,The Johns Hopkins Hospital,pediatrics,2020-09-14,320,290,90.625
HOSP-9071,The Johns Hopkins Hospital,surgery,2022-10-24,250,130,52.0
HOSP-9071,The Johns Hopkins Hospital,surgery,,380,300,78.94736842105263
HOSP-9072,The Johns Hopkins Hospital,pediatrics,,440,160,36.36363636363637
HOSP-9073,The Johns Hopkins Hospital,er,,200,240,120.0
HOSP-9073,The Johns Hopkins Hospital,icu,2023-01-23,460,390,84.78260869565217
HOSP-9074,The Johns Hopkins Hospital,icu,2024-03-26,460,50,10.869565217391305
HOSP-9076,The Johns Hopkins Hospital,icu,,240,30,12.5
HOSP-9077,The Johns Hopkins Hospital,pediatrics,2021-08-28,460,180,39.130434782608695
HOSP-9078,The Johns Hopkins Hospital,pediatrics,,170,220,129.41176470588235
HOSP-9079,The Johns Hopkins Hospital,pediatrics,,270,70,25.925925925925924
HOSP-9081,The Johns Hopkins Hospital,er,2023-11-24,180,120,66.66666666666666
HOSP-9082,The Johns Hopkins Hospital,er,2021-03-29,140,190,135.71428571428572
HOSP-9087,The Johns Hopkins Hospital,maternity,2021-06-14,220,220,100.0
HOSP-9087,The Johns Hopkins Hospital,maternity,,150,190,126.66666666666666
HOSP-9088,The Johns Hopkins Hospital,maternity,,110,100,90.9090909090909
HOSP-9089,The Johns Hopkins Hospital,pediatrics,2022-09-23,380,180,47.368421052631575
HOSP-9090,The Johns Hopkins Hospital,pediatrics,2020-11-23,250,320,128.0
HOSP-9090,The Johns Hopkins Hospital,surgery,2021-08-24,110,310,281.8181818181818
HOSP-9091,The Johns Hopkins Hospital,icu,2024-05-21,400,320,80.0
HOSP-9091,The Johns Hopkins Hospital,maternity,2022-05-18,450,380,84.44444444444444
HOSP-9092,The Johns Hopkins Hospital,surgery,2023-07-31,350,240,68.57142857142857
HOSP-9093,The Johns Hopkins Hospital,icu,,140,370,264.2857142857143
HOSP-9094,The Johns Hopkins Hospital,surgery,,380,200,52.63157894736842
HOSP-9095,The Johns Hopkins Hospital,pediatrics,2023-07-23,150,300,200.0
HOSP-9095,The Johns Hopkins Hospital,pediatrics,,110,310,281.8181818181818
HOSP-9097,The Johns Hopkins Hospital,er,,360,350,97.22222222222221
HOSP-9098,The Johns Hopkins Hospital,er,,330,230,69.6969696969697
HOSP-9098,The Johns Hopkins Hospital,pediatrics,2023-09-19,160,250,156.25
HOSP-9099,The Johns Hopkins Hospital,er,2023-12-15,200,340,170.0
HOSP-9099,The Johns Hopkins Hospital,er,,360,140,38.88888888888889
HOSP-9099,The Johns Hopkins Hospital,pediatrics,,270,250,92.5925925925926
HOSP-9100,The Johns Hopkins Hospital,pediatrics,,500,190,38.0
HOSP-9101,The Johns Hopkins Hospital,icu,,340,150,44.11764705882353
HOSP-9101,The Johns Hopkins Hospital,maternity,,170,100,58.82352941176471
HOSP-9101,The Johns Hopkins Hospital,pediatrics,,140,260,185.71428571428572
HOSP-9102,The Johns Hopkins Hospital,icu,2022-04-21,160,110,68.75
HOSP-9103,The Johns Hopkins Hospital,maternity,2023-12-21,470,180,38.297872340425535
HOSP-9104,The Johns Hopkins Hospital,er,,260,0,0.0
HOSP-9108,The Johns Hopkins Hospital,er,2020-12-13,150,340,226.66666666666666
HOSP-9110,The Johns Hopkins Hospital,icu,,330,240,72.72727272727273
HOSP-9111,The Johns Hopkins Hospital,er,,190,300,157.89473684210526
HOSP-9111,The Johns Hopkins Hospital,icu,,470,330,70.2127659574468
HOSP-9112,The Johns Hopkins Hospital,surgery,,380,60,15.789473684210526
HOSP-9113,The Johns Hopkins Hospital,maternity,,360,200,55.55555555555556
HOSP-9113,The Johns Hopkins Hospital,pediatrics,2023-10-23,390,200,51.28205128205128
HOSP-9114,The Johns Hopkins Hospital,maternity,2024-03-23,460,370,80.43478260869566
HOSP-9115,The Johns Hopkins Hospital,surgery,2023-04-28,160,220,137.5
HOSP-9116,The Johns Hopkins Hospital,er,2024-01-30,150,130,86.66666666666667
HOSP-9116,The Johns Hopkins Hospital,pediatrics,2023-04-17,320,190,59.375
HOSP-9117,The Johns Hopkins Hospital,er,2022-07-27,180,220,122.22222222222223
HOSP-9119,The Johns Hopkins Hospital,surgery,2020-09-20,390,30,7.6923076923076925
HOSP-9122,The Johns Hopkins Hospital,surgery,,140,340,242.85714285714283
HOSP-9123,The Johns Hopkins Hospital,maternity,,150,30,20.0
HOSP-9123,The Johns Hopkins Hospital,pediatrics,,190,20,10.526315789473683
HOSP-9124,The Johns Hopkins Hospital,pediatrics,2021-02-15,410,260,63.41463414634146
HOSP-9125,The Johns Hopkins Hospital,maternity,2023-04-30,150,120,80.0
HOSP-9129,The Johns Hopkins Hospital,icu,,130,80,61.53846153846154
HOSP-9130,The Johns Hopkins Hospital,maternity,2022-12-16,150,320,213.33333333333334
HOSP-9131,The Johns Hopkins Hospital,pediatrics,2022-04-13,490,10,2.0408163265306123
HOSP-9131,The Johns Hopkins Hospital,surgery,2023-09-28,460,250,54.347826086956516
HOSP-9132,The Johns Hopkins Hospital,er,2024-01-27,120,390,325.0
HOSP-9132,The Johns Hopkins Hospital,maternity,2020-07-29,430,20,4.651162790697675
HOSP-9133,The Johns Hopkins Hospital,maternity,,460,10,2.1739130434782608
HOSP-9136,The Johns Hopkins Hospital,surgery,2024-04-18,210,10,4.761904761904762
HOSP-9137,The Johns Hopkins Hospital,pediatrics,2023-08-14,270,260,96.29629629629629
HOSP-9137,The Johns Hopkins Hospital,surgery,2023-09-17,120,340,283.33333333333337
HOSP-9139,The Johns Hopkins Hospital,maternity,,340,360,105.88235294117648
HOSP-9139,The Johns Hopkins Hospital,surgery,2024-04-16,360,250,69.44444444444444
HOSP-9140,The Johns Hopkins Hospital,maternity,2023-07-28,110,330,300.0
HOSP-9141,The Johns Hopkins Hospital,maternity,2022-08-25,350,40,11.428571428571429
HOSP-9143,The Johns Hopkins Hospital,surgery,2020-09-24,350,380,108.57142857142857
HOSP-9145,The Johns Hopkins Hospital,surgery,,330,170,51.515151515151516
HOSP-9148,The Johns Hopkins Hospital,icu,2023-08-31,290,390,134.48275862068965
HOSP-9148,The Johns Hopkins Hospital,surgery,2023-07-21,100,60,60.0
HOSP-9149,The Johns Hopkins Hospital,er,2024-06-30,320,170,53.125
HOSP-9149,The Johns Hopkins Hospital,icu,,230,110,47.82608695652174
HOSP-9149,The Johns Hopkins Hospital,pediatrics,,460,220,47.82608695652174
HOSP-9149,The Johns Hopkins Hospital,surgery,,340,390,114.70588235294117
HOSP-9150,The Johns Hopkins Hospital,er,2021-03-16,210,190,90.47619047619048
HOSP-9155,The Johns Hopkins Hospital,icu,,320,0,0.0
HOSP-9156,The Johns Hopkins Hospital,icu,,400,210,52.5
HOSP-9157,The Johns Hopkins Hospital,icu,2024-05-17,170,250,147.05882352941177
HOSP-9158,The Johns Hopkins Hospital,surgery,2022-03-30,190,80,42.10526315789473
HOSP-9159,The Johns Hopkins Hospital,surgery,2023-04-13,200,10,5.0
HOSP-9159,The Johns Hopkins Hospital,surgery,2023-06-25,280,130,46.42857142857143
HOSP-9160,The Johns Hopkins Hospital,er,2023-10-26,220,370,168.1818181818182
HOSP-9160,The Johns Hopkins Hospital,er,,120,110,91.66666666666666
HOSP-9161,The Johns Hopkins Hospital,surgery,2023-05-13,290,370,127.58620689655173
HOSP-9162,The Johns Hopkins Hospital,maternity,2021-10-23,250,380,152.0
HOSP-9163,The Johns Hopkins Hospital,er,,140,10,7.142857142857142
HOSP-9164,The Johns Hopkins Hospital,er,,290,10,3.4482758620689653
HOSP-9164,The Johns Hopkins Hospital,maternity,2020-11-18,280,90,32.142857142857146
HOSP-9169,The Johns Hopkins Hospital,icu,2021-03-14,460,150,32.608695652173914
HOSP-9169,The Johns Hopkins Hospital,pediatrics,2022-08-16,170,390,229.41176470588235
HOSP-9170,The Johns Hopkins Hospital,surgery,,140,130,92.85714285714286
HOSP-9172,The Johns Hopkins Hospital,er,2021-03-21,230,10,4.3478260869565215
HOSP-9172,The Johns Hopkins Hospital,surgery,,180,350,194.44444444444443
HOSP-9173,The Johns Hopkins Hospital,pediatrics,2022-09-28,340,300,88.23529411764706
HOSP-9174,The Johns Hopkins Hospital,pediatrics,2021-10-23,450,340,75.55555555555556
HOSP-9174,The Johns Hopkins Hospital,surgery,2021-12-19,110,270,245.45454545454547
HOSP-9176,The Johns Hopkins Hospital,er,2023-11-22,250,370,148.0
HOSP-9176,The Johns Hopkins Hospital,icu,2022-04-13,220,270,122.72727272727273
HOSP-9176,The Johns Hopkins Hospital,maternity,,470,260,55.319148936170215
HOSP-9177,The Johns Hopkins Hospital,er,2022-08-22,230,130,56.52173913043478
HOSP-9177,The Johns Hopkins Hospital,pediatrics,2024-05-30,270,70,25.925925925925924
HOSP-9179,The Johns Hopkins Hospital,maternity,2022-09-27,330,0,0.0
HOSP-9180,The Johns Hopkins Hospital,er,2022-11-18,100,110,110.00000000000001
HOSP-9182,The Johns Hopkins Hospital,pediatrics,,350,230,65.71428571428571
HOSP-9183,The Johns Hopkins Hospital,er,2024-04-28,120,190,158.33333333333331
HOSP-9183,The Johns Hopkins Hospital,pediatrics,,450,100,22.22222222222222
HOSP-9184,The Johns Hopkins Hospital,surgery,,250,30,12.0
HOSP-9186,The Johns Hopkins Hospital,icu,,360,240,66.66666666666666
HOSP-9186,The Johns Hopkins Hospital,maternity,,110,240,218.18181818181816
HOSP-9186,The Johns Hopkins Hospital,surgery,2024-02-18,420,180,42.857142857142854
HOSP-9187,The Johns Hopkins Hospital,er,,440,40,9.090909090909092
HOSP-9187,The Johns Hopkins Hospital,maternity,2023-12-23,440,330,75.0
HOSP-9190,The Johns Hopkins Hospital,surgery,2020-12-23,230,300,130.43478260869566
HOSP-9190,The Johns Hopkins Hospital,surgery,,250,230,92.0
HOSP-9191,The Johns Hopkins Hospital,maternity,2023-03-16,380,140,36.84210526315789
HOSP-9192,The Johns Hopkins Hospital,er,,160,20,12.5
HOSP-9192,The Johns Hopkins Hospital,icu,2021-09-29,360,310,86.11111111111111
HOSP-9193,The Johns Hopkins Hospital,er,2021-05-26,410,70,17.073170731707318
HOSP-9193,The Johns Hopkins Hospital,surgery,,480,340,70.83333333333334
HOSP-9194,The Johns Hopkins Hospital,pediatrics,2021-04-28,380,280,73.68421052631578
HOSP-9196,The Johns Hopkins Hospital,icu,,400,150,37.5
HOSP-9196,The Johns Hopkins Hospital,surgery,2020-11-29,220,300,136.36363636363635
HOSP-9197,The Johns Hopkins Hospital,er,2023-06-29,370,50,13.513513513513514
HOSP-9197,The Johns Hopkins Hospital,surgery,2020-07-25,220,290,131.8181818181818
HOSP-9199,The Johns Hopkins Hospital,maternity,2021-10-27,250,60,24.0
HOSP-9199,The Johns Hopkins Hospital,surgery,,290,130,44.827586206896555
HOSP-9201,The Johns Hopkins Hospital,icu,2020-11-29,260,110,42.30769230769231
HOSP-9201,The Johns Hopkins Hospital,pediatrics,2023-10-13,250,50,20.0
HOSP-9205,The Johns Hopkins Hospital,surgery,,270,330,122.22222222222223
HOSP-9206,The Johns Hopkins Hospital,icu,2022-11-27,350,260,74.28571428571429
HOSP-9207,The Johns Hopkins Hospital,pediatrics,2022-02-27,280,350,125.0
HOSP-9210,The Johns Hopkins Hospital,maternity,,390,90,23.076923076923077
HOSP-9212,The Johns Hopkins Hospital,er,,320,380,118.75
HOSP-9212,The Johns Hopkins Hospital,pediatrics,,130,130,100.0
HOSP-9213,The Johns Hopkins Hospital,pediatrics,2022-05-28,160,250,156.25
HOSP-9213,The Johns Hopkins Hospital,surgery,2024-06-17,240,240,100.0
HOSP-9214,The Johns Hopkins Hospital,pediatrics,,100,280,280.0
HOSP-9215,The Johns Hopkins Hospital,pediatrics,2021-04-26,170,240,141.1764705882353
HOSP-9218,The Johns Hopkins Hospital,maternity,,130,30,23.076923076923077
HOSP-9218,The Johns Hopkins Hospital,pediatrics,,440,120,27.27272727272727
HOSP-9219,The Johns Hopkins Hospital,pediatrics,2021-11-26,150,390,260.0
HOSP-9220,The Johns Hopkins Hospital,er,2022-07-27,440,190,43.18181818181818
HOSP-9221,The Johns Hopkins Hospital,maternity,2023-02-28,470,110,23.404255319148938
HOSP-9223,The Johns Hopkins Hospital,pediatrics,2022-11-15,140,320,228.57142857142856
HOSP-9224,The Johns Hopkins Hospital,icu,2021-09-24,400,230,57.49999999999999
HOSP-9226,The Johns Hopkins Hospital,maternity,2023-06-17,460,300,65.21739130434783
HOSP-9228,The Johns Hopkins Hospital,icu,,500,300,60.0
HOSP-9229,The Johns Hopkins Hospital,pediatrics,2021-03-28,470,200,42.5531914893617
HOSP-9229,The Johns Hopkins Hospital,surgery,2021-10-28,450,260,57.77777777777777
HOSP-9229,The Johns Hopkins Hospital,surgery,2022-01-21,170,10,5.88235294117647
HOSP-9229,The Johns Hopkins Hospital,surgery,,460,190,41.30434782608695
HOSP-9230,The Johns Hopkins Hospital,pediatrics,2021-06-14,340,340,100.0
HOSP-9231,The Johns Hopkins Hospital,surgery,,220,130,59.09090909090909
HOSP-9232,The Johns Hopkins Hospital,icu,,380,180,47.368421052631575
HOSP-9233,The Johns Hopkins Hospital,pediatrics,2023-05-18,480,130,27.083333333333332
HOSP-9235,The Johns Hopkins Hospital,icu,2023-11-22,180,370,205.55555555555554
HOSP-9237,The Johns Hopkins Hospital,er,2020-10-24,130,200,153.84615384615387
HOSP-9237,The Johns Hopkins Hospital,er,2023-11-16,190,320,168.42105263157893
HOSP-9238,The Johns Hopkins Hospital,er,,390,20,5.128205128205128
HOSP-9238,The Johns Hopkins Hospital,pediatrics,2023-08-26,490,330,67.3469387755102
HOSP-9239,The Johns Hopkins Hospital,icu,2024-01-23,490,30,6.122448979591836
HOSP-9239,The Johns Hopkins Hospital,maternity,2022-07-22,260,230,88.46153846153845
HOSP-9239,The Johns Hopkins Hospital,maternity,2024-03-16,400,360,90.0
HOSP-9241,The Johns Hopkins Hospital,maternity,,150,10,6.666666666666667
HOSP-9243,The Johns Hopkins Hospital,icu,,170,160,94.11764705882352
HOSP-9246,The Johns Hopkins Hospital,icu,2021-09-20,480,150,31.25
HOSP-9246,The Johns Hopkins Hospital,surgery,,120,350,291.66666666666663
HOSP-9249,The Johns Hopkins Hospital,icu,2024-01-15,260,130,50.0
HOSP-9250,The Johns Hopkins Hospital,er,2022-12-13,320,210,65.625
HOSP-9250,The Johns Hopkins Hospital,pediatrics,2021-08-14,120,150,125.0
HOSP-9250,The Johns Hopkins Hospital,surgery,2023-10-14,330,170,51.515151515151516
HOSP-9251,The Johns Hopkins Hospital,surgery,2024-03-31,500,10,2.0
HOSP-9252,The Johns Hopkins Hospital,er,,140,150,107.14285714285714
HOSP-9253,The Johns Hopkins Hospital,icu,2022-10-19,200,300,150.0
HOSP-9254,The Johns Hopkins Hospital,er,2021-05-23,360,0,0.0
HOSP-9255,The Johns Hopkins Hospital,pediatrics,,240,120,50.0
HOSP-9256,The Johns Hopkins Hospital,maternity,2022-04-21,490,80,16.3265306122449
HOSP-9257,The Johns Hopkins Hospital,surgery,2024-03-27,220,100,45.45454545454545
HOSP-9259,The Johns Hopkins Hospital,icu,2023-03-25,440,300,68.18181818181817
HOSP-9262,The Johns Hopkins Hospital,maternity,,150,210,140.0
HOSP-9263,The Johns Hopkins Hospital,er,,400,360,90.0
HOSP-9263,The Johns Hopkins Hospital,maternity,2020-10-13,240,320,133.33333333333331
HOSP-9263,The Johns Hopkins Hospital,maternity,2023-12-19,330,290,87.87878787878788
HOSP-9264,The Johns Hopkins Hospital,maternity,2020-10-14,280,10,3.571428571428571
HOSP-9264,The Johns Hopkins Hospital,surgery,,190,90,47.368421052631575
HOSP-9266,The Johns Hopkins Hospital,icu,2021-06-23,420,320,76.19047619047619
HOSP-9266,The Johns Hopkins Hospital,surgery,,160,280,175.0
HOSP-9267,The Johns Hopkins Hospital,er,2024-01-25,120,400,333.33333333333337
HOSP-9268,The Johns Hopkins Hospital,pediatrics,,370,140,37.83783783783784
HOSP-9269,The Johns Hopkins Hospital,er,2022-09-27,240,90,37.5
HOSP-9270,The Johns Hopkins Hospital,icu,,290,90,31.03448275862069
HOSP-9270,The Johns Hopkins Hospital,maternity,2024-06-23,220,170,77.27272727272727
HOSP-9270,The Johns Hopkins Hospital,pediatrics,,400,20,5.0
HOSP-9270,The Johns Hopkins Hospital,surgery,2023-03-23,470,400,85.1063829787234
HOSP-9271,The Johns Hopkins Hospital,er,,120,80,66.66666666666666
HOSP-9271,The Johns Hopkins Hospital,pediatrics,2021-01-17,230,260,113.04347826086956
HOSP-9272,The Johns Hopkins Hospital,er,2021-02-24,330,150,45.45454545454545
HOSP-9273,The Johns Hopkins Hospital,icu,2022-05-25,180,140,77.77777777777779
HOSP-9273,The Johns Hopkins Hospital,surgery,,340,130,38.23529411764706
HOSP-9274,The Johns Hopkins Hospital,pediatrics,,430,20,4.651162790697675
HOSP-9277,The Johns Hopkins Hospital,surgery,2022-11-30,310,120,38.70967741935484
HOSP-9278,The Johns Hopkins Hospital,pediatrics,2021-08-27,170,170,100.0
HOSP-9279,The Johns Hopkins Hospital,er,,460,400,86.95652173913044
HOSP-9279,The Johns Hopkins Hospital,maternity,2022-02-18,100,330,330.0
HOSP-9279,The Johns Hopkins Hospital,maternity,2022-06-26,110,210,190.9090909090909
HOSP-9280,The Johns Hopkins Hospital,er,,430,280,65.11627906976744
HOSP-9280,The Johns Hopkins Hospital,pediatrics,,190,250,131.57894736842107
HOSP-9282,The Johns Hopkins Hospital,maternity,2021-07-24,260,340,130.76923076923077
HOSP-9282,The Johns Hopkins Hospital,maternity,,390,90,23.076923076923077
HOSP-9283,The Johns Hopkins Hospital,icu,,170,40,23.52941176470588
HOSP-9284,The Johns Hopkins Hospital,icu,2021-09-18,120,180,150.0
HOSP-9284,The Johns Hopkins Hospital,pediatrics,,310,90,29.03225806451613
HOSP-9286,The Johns Hopkins Hospital,er,2023-11-16,290,320,110.34482758620689
HOSP-9286,The Johns Hopkins Hospital,maternity,2022-04-26,240,190,79.16666666666666
HOSP-9286,The Johns Hopkins Hospital,pediatrics,,340,360,105.88235294117648
HOSP-9286,The Johns Hopkins Hospital,surgery,,280,120,42.857142857142854
HOSP-9287,The Johns Hopkins Hospital,maternity,2021-10-30,480,290,60.416666666666664
HOSP-9287,The Johns Hopkins Hospital,maternity,2023-02-22,410,400,97.5609756097561
HOSP-9288,The Johns Hopkins Hospital,er,2022-04-30,420,70,16.666666666666664
HOSP-9288,The Johns Hopkins Hospital,icu,2023-10-31,490,170,34.69387755102041
HOSP-9290,The Johns Hopkins Hospital,icu,2021-01-14,120,320,266.66666666666663
HOSP-9291,The Johns Hopkins Hospital,er,2021-10-23,310,170,54.83870967741935
HOSP-9292,The Johns Hopkins Hospital,pediatrics,2020-11-27,220,110,50.0
HOSP-9292,The Johns Hopkins Hospital,pediatrics,2022-10-27,290,50,17.24137931034483
HOSP-9292,The Johns Hopkins Hospital,pediatrics,,450,280,62.22222222222222
HOSP-9292,The Johns Hopkins Hospital,surgery,2024-02-25,390,260,66.66666666666666
HOSP-9293,The Johns Hopkins Hospital,maternity,2023-07-24,330,180,54.54545454545454
HOSP-9294,The Johns Hopkins Hospital,er,2023-02-13,420,390,92.85714285714286
HOSP-9295,The Johns Hopkins Hospital,icu,,350,110,31.428571428571427
HOSP-9295,The Johns Hopkins Hospital,maternity,2021-07-23,230,300,130.43478260869566
HOSP-9295,The Johns Hopkins Hospital,surgery,,130,360,276.9230769230769
HOSP-9297,The Johns Hopkins Hospital,icu,2024-01-14,330,20,6.0606060606060606
HOSP-9297,The Johns Hopkins Hospital,maternity,2022-10-21,470,40,8.51063829787234
HOSP-9298,The Johns Hopkins Hospital,pediatrics,2023-10-25,300,70,23.333333333333332
HOSP-9299,The Johns Hopkins Hospital,er,2023-03-27,300,50,16.666666666666664
HOSP-9300,The Johns Hopkins Hospital,er,,210,400,190.47619047619045
HOSP-9300,The Johns Hopkins Hospital,icu,,490,10,2.0408163265306123
HOSP-9300,The Johns Hopkins Hospital,surgery,2021-06-15,380,0,0.0
HOSP-9301,The Johns Hopkins Hospital,pediatrics,2020-08-28,490,160,32.6530612244898
HOSP-9301,The Johns Hopkins Hospital,pediatrics,,330,340,103.03030303030303
HOSP-9302,The Johns Hopkins Hospital,maternity,,370,260,70.27027027027027
HOSP-9303,The Johns Hopkins Hospital,er,2023-05-17,470,10,2.127659574468085
HOSP-9303,The Johns Hopkins Hospital,surgery,2021-04-14,100,330,330.0
HOSP-9304,The Johns Hopkins Hospital,maternity,,330,220,66.66666666666666
HOSP-9305,The Johns Hopkins Hospital,maternity,2024-06-14,230,170,73.91304347826086
HOSP-9305,The Johns Hopkins Hospital,pediatrics,2023-01-20,410,390,95.1219512195122
HOSP-9306,The Johns Hopkins Hospital,icu,,470,230,48.93617021276596
HOSP-9308,The Johns Hopkins Hospital,er,2024-06-28,280,310,110.71428571428572
HOSP-9308,The Johns Hopkins Hospital,maternity,,390,360,92.3076923076923
HOSP-9309,The Johns Hopkins Hospital,pediatrics,,230,0,0.0
HOSP-9310,The Johns Hopkins Hospital,icu,2024-04-17,190,230,121.05263157894737
HOSP-9310,The Johns Hopkins Hospital,maternity,2021-05-27,160,80,50.0
HOSP-9310,The Johns Hopkins Hospital,maternity,2023-05-21,420,80,19.047619047619047
HOSP-9310,The Johns Hopkins Hospital,surgery,2022-01-13,120,80,66.66666666666666
HOSP-9312,The Johns Hopkins Hospital,icu,2022-04-21,250,140,56.00000000000001
HOSP-9312,The Johns Hopkins Hospital,icu,2022-04-30,420,200,47.61904761904761
HOSP-9313,The Johns Hopkins Hospital,surgery,2022-09-19,480,70,14.583333333333334
HOSP-9315,The Johns Hopkins Hospital,er,2023-10-21,130,400,307.69230769230774
HOSP-9315,The Johns Hopkins Hospital,er,2024-07-18,480,300,62.5
HOSP-9317,The Johns Hopkins Hospital,pediatrics,,420,260,61.904761904761905
HOSP-9318,The Johns Hopkins Hospital,icu,,380,60,15.789473684210526
HOSP-9318,The Johns Hopkins Hospital,maternity,2021-11-14,380,240,63.1578947368421
HOSP-9318,The Johns Hopkins Hospital,pediatrics,2021-12-14,160,370,231.25
HOSP-9318,The Johns Hopkins Hospital,surgery,,240,150,62.5
HOSP-9319,The Johns Hopkins Hospital,er,,470,10,2.127659574468085
HOSP-9321,The Johns Hopkins Hospital,er,,340,30,8.823529411764707
HOSP-9321,The Johns Hopkins Hospital,maternity,2021-06-20,280,340,121.42857142857142
HOSP-9322,The Johns Hopkins Hospital,pediatrics,,110,30,27.27272727272727
HOSP-9323,The Johns Hopkins Hospital,icu,,390,280,71.7948717948718
HOSP-9323,The Johns Hopkins Hospital,maternity,2023-09-28,200,360,180.0
HOSP-9324,The Johns Hopkins Hospital,er,,330,200,60.60606060606061
HOSP-9325,The Johns Hopkins Hospital,er,,500,370,74.0
HOSP-9325,The Johns Hopkins Hospital,icu,2023-04-16,430,80,18.6046511627907
HOSP-9325,The Johns Hopkins Hospital,surgery,2020-09-25,320,180,56.25
HOSP-9325,The Johns Hopkins Hospital,surgery,2022-11-24,500,210,42.0
HOSP-9326,The Johns Hopkins Hospital,icu,2023-09-29,240,350,145.83333333333331
HOSP-9327,The Johns Hopkins Hospital,maternity,2022-05-27,250,260,104.0
HOSP-9327,The Johns Hopkins Hospital,pediatrics,,290,160,55.172413793103445
HOSP-9329,The Johns Hopkins Hospital,icu,,350,250,71.42857142857143
HOSP-9332,The Johns Hopkins Hospital,er,2021-06-26,350,60,17.142857142857142
HOSP-9332,The Johns Hopkins Hospital,er,,490,380,77.55102040816327
HOSP-9333,The Johns Hopkins Hospital,er,,190,190,100.0
HOSP-9334,The Johns Hopkins Hospital,maternity,,410,70,17.073170731707318
HOSP-9337,The Johns Hopkins Hospital,maternity,2024-01-28,270,90,33.33333333333333
HOSP-9339,The Johns Hopkins Hospital,surgery,2021-12-31,430,50,11.627906976744185
HOSP-9340,The Johns Hopkins Hospital,maternity,,190,350,184.21052631578948
HOSP-9342,The Johns Hopkins Hospital,maternity,2023-08-15,410,190,46.34146341463415
HOSP-9342,The Johns Hopkins Hospital,surgery,2021-11-21,320,80,25.0
HOSP-9343,The Johns Hopkins Hospital,er,2021-07-28,300,300,100.0
HOSP-9343,The Johns Hopkins Hospital,pediatrics,2024-02-19,350,310,88.57142857142857
HOSP-9343,The Johns Hopkins Hospital,surgery,2022-12-21,180,390,216.66666666666666
HOSP-9343,The Johns Hopkins Hospital,surgery,,140,200,142.85714285714286
HOSP-9346,The Johns Hopkins Hospital,er,2022-10-29,350,300,85.71428571428571
HOSP-9348,The Johns Hopkins Hospital,icu,2020-12-26,400,290,72.5
HOSP-9348,The Johns Hopkins Hospital,pediatrics,,460,120,26.08695652173913
HOSP-9349,The Johns Hopkins Hospital,maternity,2023-03-19,110,240,218.18181818181816
HOSP-9350,The Johns Hopkins Hospital,pediatrics,,260,360,138.46153846153845
HOSP-9352,The Johns Hopkins Hospital,icu,2023-07-20,210,200,95.23809523809523
HOSP-9352,The Johns Hopkins Hospital,pediatrics,2023-04-23,430,370,86.04651162790698
HOSP-9352,The Johns Hopkins Hospital,pediatrics,,190,290,152.63157894736844
HOSP-9352,The Johns Hopkins Hospital,surgery,2021-10-19,360,390,108.33333333333333
HOSP-9354,The Johns Hopkins Hospital,icu,,240,370,154.16666666666669
HOSP-9355,The Johns Hopkins Hospital,pediatrics,2021-02-21,500,240,48.0
HOSP-9356,The Johns Hopkins Hospital,surgery,2023-08-14,470,10,2.127659574468085
HOSP-9358,The Johns Hopkins Hospital,surgery,2020-11-19,460,70,15.217391304347828
HOSP-9359,The Johns Hopkins Hospital,er,2022-09-17,200,80,40.0
HOSP-9359,The Johns Hopkins Hospital,icu,2022-06-16,210,350,166.66666666666669
HOSP-9359,The Johns Hopkins Hospital,icu,,460,280,60.86956521739131
HOSP-9360,The Johns Hopkins Hospital,surgery,2020-12-29,480,210,43.75
HOSP-9361,The Johns Hopkins Hospital,pediatrics,2023-08-22,420,230,54.761904761904766
HOSP-9362,The Johns Hopkins Hospital,maternity,2023-09-21,210,310,147.61904761904762
HOSP-9362,The Johns Hopkins Hospital,surgery,2021-09-14,380,190,50.0
HOSP-9362,The Johns Hopkins Hospital,surgery,,130,140,107.6923076923077
HOSP-9363,The Johns Hopkins Hospital,icu,,380,150,39.473684210526315
HOSP-9363,The Johns Hopkins Hospital,maternity,,290,60,20.689655172413794
HOSP-9363,The Johns Hopkins Hospital,pediatrics,2024-03-23,210,370,176.19047619047618
HOSP-9363,The Johns Hopkins Hospital,pediatrics,2024-06-19,110,200,181.8181818181818
HOSP-9364,The Johns Hopkins Hospital,maternity,2022-11-17,280,20,7.142857142857142
HOSP-9366,The Johns Hopkins Hospital,er,2021-05-21,250,280,112.00000000000001
HOSP-9366,The Johns Hopkins Hospital,maternity,2023-06-20,170,120,70.58823529411765
HOSP-9368,The Johns Hopkins Hospital,er,2021-09-18,330,20,6.0606060606060606
HOSP-9368,The Johns Hopkins Hospital,er,2023-12-24,300,90,30.0
HOSP-9369,The Johns Hopkins Hospital,maternity,2021-03-16,380,390,102.63157894736842
HOSP-9370,The Johns Hopkins Hospital,icu,,470,330,70.2127659574468
HOSP-9371,The Johns Hopkins Hospital,er,2021-08-20,250,230,92.0
HOSP-9371,The Johns Hopkins Hospital,er,2023-08-16,200,310,155.0
HOSP-9373,The Johns Hopkins Hospital,maternity,2022-02-23,100,160,160.0
HOSP-9373,The Johns Hopkins Hospital,maternity,,180,230,127.77777777777777
HOSP-9377,The Johns Hopkins Hospital,er,2023-06-18,190,280,147.36842105263156
HOSP-9377,The Johns Hopkins Hospital,er,2023-12-24,450,370,82.22222222222221
HOSP-9377,The Johns Hopkins Hospital,pediatrics,2022-12-30,110,220,200.0
HOSP-9378,The Johns Hopkins Hospital,icu,,230,300,130.43478260869566
HOSP-9378,The Johns Hopkins Hospital,maternity,2023-10-13,470,280,59.57446808510638
HOSP-9378,The Johns Hopkins Hospital,surgery,2022-02-26,420,100,23.809523809523807
HOSP-9379,The Johns Hopkins Hospital,er,,220,40,18.181818181818183
HOSP-9379,The Johns Hopkins Hospital,pediatrics,,500,260,52.0
HOSP-9380,The Johns Hopkins Hospital,er,2022-01-24,430,110,25.581395348837212
HOSP-9381,The Johns Hopkins Hospital,pediatrics,2022-08-31,240,300,125.0
HOSP-9382,The Johns Hopkins Hospital,er,,220,320,145.45454545454547
HOSP-9383,The Johns Hopkins Hospital,er,2023-03-24,170,150,88.23529411764706
HOSP-9383,The Johns Hopkins Hospital,surgery,,400,80,20.0
HOSP-9391,The Johns Hopkins Hospital,surgery,2021-07-16,430,110,25.581395348837212
HOSP-9392,The Johns Hopkins Hospital,er,2022-10-13,180,310,172.22222222222223
HOSP-9393,The Johns Hopkins Hospital,maternity,2021-09-24,370,200,54.054054054054056
HOSP-9395,The Johns Hopkins Hospital,er,,190,140,73.68421052631578
HOSP-9395,The Johns Hopkins Hospital,pediatrics,2021-11-27,250,190,76.0
HOSP-9396,The Johns Hopkins Hospital,icu,2022-07-28,350,0,0.0
HOSP-9396,The Johns Hopkins Hospital,maternity,2021-08-19,380,330,86.8421052631579
HOSP-9398,The Johns Hopkins Hospital,icu,,480,380,79.16666666666666
HOSP-9398,The Johns Hopkins Hospital,maternity,2023-10-20,230,90,39.130434782608695
HOSP-9399,The Johns Hopkins Hospital,maternity,2021-11-14,410,370,90.2439024390244
HOSP-9400,The Johns Hopkins Hospital,pediatrics,2020-10-19,280,120,42.857142857142854
HOSP-9401,The Johns Hopkins Hospital,er,2021-03-18,100,240,240.0
HOSP-9401,The Johns Hopkins Hospital,surgery,,450,140,31.11111111111111
HOSP-9402,The Johns Hopkins Hospital,pediatrics,2023-07-17,150,320,213.33333333333334
HOSP-9402,The Johns Hopkins Hospital,pediatrics,,340,130,38.23529411764706
HOSP-9403,The Johns Hopkins Hospital,maternity,2023-09-18,350,280,80.0
HOSP-9404,The Johns Hopkins Hospital,maternity,2023-03-26,260,40,15.384615384615385
HOSP-9404,The Johns Hopkins Hospital,maternity,2023-12-28,380,100,26.31578947368421
HOSP-9405,The Johns Hopkins Hospital,pediatrics,2022-12-17,210,320,152.38095238095238
HOSP-9406,The Johns Hopkins Hospital,pediatrics,2022-06-17,350,60,17.142857142857142
HOSP-9406,The Johns Hopkins Hospital,pediatrics,2023-06-30,150,0,0.0
HOSP-9406,The Johns Hopkins Hospital,surgery,2022-12-28,100,20,20.0
HOSP-9407,The Johns Hopkins Hospital,er,2022-07-28,150,60,40.0
HOSP-9407,The Johns Hopkins Hospital,icu,2021-12-16,140,230,164.28571428571428
HOSP-9407,The Johns Hopkins Hospital,surgery,,270,0,0.0
HOSP-9409,The Johns Hopkins Hospital,maternity,2024-01-13,190,50,26.31578947368421
HOSP-9410,The Johns Hopkins Hospital,pediatrics,,270,140,51.85185185185185
HOSP-9412,The Johns Hopkins Hospital,icu,,230,270,117.3913043478261
HOSP-9412,The Johns Hopkins Hospital,maternity,2023-04-24,410,210,51.21951219512195
HOSP-9415,The Johns Hopkins Hospital,icu,2022-10-19,260,250,96.15384615384616
HOSP-9415,The Johns Hopkins Hospital,pediatrics,,420,20,4.761904761904762
HOSP-9416,The Johns Hopkins Hospital,er,2022-01-25,330,240,72.72727272727273
HOSP-9416,The Johns Hopkins Hospital,maternity,2023-11-14,170,110,64.70588235294117
HOSP-9418,The Johns Hopkins Hospital,er,,150,150,100.0
HOSP-9420,The Johns Hopkins Hospital,er,2023-05-24,410,290,70.73170731707317
HOSP-9424,The Johns Hopkins Hospital,pediatrics,2023-08-24,240,170,70.83333333333334
HOSP-9425,The Johns Hopkins Hospital,er,2023-06-16,270,330,122.22222222222223
HOSP-9425,The Johns Hopkins Hospital,er,,420,170,40.476190476190474
HOSP-9427,The Johns Hopkins Hospital,er,2020-11-25,120,140,116.66666666666667
HOSP-9427,The Johns Hopkins Hospital,maternity,2021-10-25,420,170,40.476190476190474
HOSP-9430,The Johns Hopkins Hospital,er,2022-09-30,490,140,28.57142857142857
HOSP-9430,The Johns Hopkins Hospital,er,,500,50,10.0
HOSP-9431,The Johns Hopkins Hospital,er,,500,290,57.99999999999999
HOSP-9431,The Johns Hopkins Hospital,surgery,2021-11-19,270,30,11.11111111111111
HOSP-9433,The Johns Hopkins Hospital,er,,250,360,144.0
HOSP-9433,The Johns Hopkins Hospital,maternity,2023-04-21,400,330,82.5
HOSP-9435,The Johns Hopkins Hospital,icu,2021-03-18,170,210,123.52941176470588
HOSP-9435,The Johns Hopkins Hospital,icu,,190,210,110.5263157894737
HOSP-9436,The Johns Hopkins Hospital,icu,2021-07-27,440,100,22.727272727272727
HOSP-9437,The Johns Hopkins Hospital,icu,2024-01-29,480,390,81.25
HOSP-9437,The Johns Hopkins Hospital,surgery,,490,50,10.204081632653061
HOSP-9438,The Johns Hopkins Hospital,pediatrics,2021-05-15,320,60,18.75
HOSP-9439,The Johns Hopkins Hospital,pediatrics,2024-04-20,120,140,116.66666666666667
HOSP-9440,The Johns Hopkins Hospital,er,,280,260,92.85714285714286
HOSP-9441,The Johns Hopkins Hospital,maternity,,500,270,54.0
HOSP-9442,The Johns Hopkins Hospital,icu,2021-03-23,110,400,363.6363636363636
HOSP-9443,The Johns Hopkins Hospital,maternity,,350,220,62.857142857142854
HOSP-9445,The Johns Hopkins Hospital,er,2022-05-15,150,100,66.66666666666666
HOSP-9450,The Johns Hopkins Hospital,icu,2022-09-18,360,260,72.22222222222221
HOSP-9450,The Johns Hopkins Hospital,icu,,200,200,100.0
HOSP-9450,The Johns Hopkins Hospital,maternity,2021-10-24,410,210,51.21951219512195
HOSP-9451,The Johns Hopkins Hospital,er,2024-06-14,420,110,26.190476190476193
HOSP-9451,The Johns Hopkins Hospital,surgery,,420,280,66.66666666666666
HOSP-9453,The Johns Hopkins Hospital,er,2024-04-19,160,250,156.25
HOSP-9453,The Johns Hopkins Hospital,icu,,410,250,60.97560975609756
HOSP-9453,The Johns Hopkins Hospital,pediatrics,,420,310,73.80952380952381
HOSP-9453,The Johns Hopkins Hospital,surgery,2022-12-28,400,140,35.0
HOSP-9458,The Johns Hopkins Hospital,pediatrics,2020-12-22,170,200,117.64705882352942
HOSP-9458,The Johns Hopkins Hospital,pediatrics,2024-01-29,460,370,80.43478260869566
HOSP-9458,The Johns Hopkins Hospital,pediatrics,,210,170,80.95238095238095
HOSP-9460,The Johns Hopkins Hospital,pediatrics,2022-12-29,240,380,158.33333333333331
HOSP-9461,The Johns Hopkins Hospital,maternity,2021-03-13,190,220,115.78947368421053
HOSP-9462,The Johns Hopkins Hospital,icu,2023-07-25,350,40,11.428571428571429
HOSP-9463,The Johns Hopkins Hospital,er,,350,170,48.57142857142857
HOSP-9463,The Johns Hopkins Hospital,maternity,,110,60,54.54545454545454
HOSP-9463,The Johns Hopkins Hospital,pediatrics,2022-12-20,290,190,65.51724137931035
HOSP-9463,The Johns Hopkins Hospital,surgery,2021-04-14,220,240,109.09090909090908
HOSP-9463,The Johns Hopkins Hospital,surgery,2021-09-17,440,170,38.63636363636363
HOSP-9465,The Johns Hopkins Hospital,icu,,450,190,42.22222222222222
HOSP-9467,The Johns Hopkins Hospital,pediatrics,2022-09-30,450,400,88.88888888888889
HOSP-9467,The Johns Hopkins Hospital,surgery,2022-11-23,420,300,71.42857142857143
HOSP-9468,The Johns Hopkins Hospital,surgery,,350,280,80.0
HOSP-9469,The Johns Hopkins Hospital,surgery,,350,230,65.71428571428571
HOSP-9473,The Johns Hopkins Hospital,maternity,2021-10-13,150,320,213.33333333333334
HOSP-9473,The Johns Hopkins Hospital,surgery,2023-11-15,340,290,85.29411764705883
HOSP-9474,The Johns Hopkins Hospital,er,2022-08-24,220,400,181.8181818181818
HOSP-9474,The Johns Hopkins Hospital,maternity,2022-04-20,480,330,68.75
HOSP-9475,The Johns Hopkins Hospital,er,,360,250,69.44444444444444
HOSP-9476,The Johns Hopkins Hospital,er,2022-09-14,300,90,30.0
HOSP-9477,The Johns Hopkins Hospital,surgery,2021-06-20,200,80,40.0
HOSP-9479,The Johns Hopkins Hospital,er,2023-03-20,130,380,292.30769230769226
HOSP-9486,The Johns Hopkins Hospital,maternity,,460,340,73.91304347826086
HOSP-9487,The Johns Hopkins Hospital,surgery,2022-04-30,160,180,112.5
HOSP-9489,The Johns Hopkins Hospital,icu,2023-10-19,330,280,84.84848484848484
HOSP-9490,The Johns Hopkins Hospital,maternity,,260,60,23.076923076923077
HOSP-9491,The Johns Hopkins Hospital,icu,2022-04-20,110,170,154.54545454545453
HOSP-9493,The Johns Hopkins Hospital,er,,350,310,88.57142857142857
HOSP-9494,The Johns Hopkins Hospital,pediatrics,,460,200,43.47826086956522
HOSP-9495,The Johns Hopkins Hospital,maternity,2020-11-25,340,60,17.647058823529413
HOSP-9495,The Johns Hopkins Hospital,pediatrics,2023-09-22,340,170,50.0
HOSP-9496,The Johns Hopkins Hospital,pediatrics,,430,360,83.72093023255815
HOSP-9496,The Johns Hopkins Hospital,surgery,2024-03-23,120,0,0.0
HOSP-9497,The Johns Hopkins Hospital,er,,250,170,68.0
HOSP-9497,The Johns Hopkins Hospital,maternity,2021-08-13,470,200,42.5531914893617
HOSP-9498,The Johns Hopkins Hospital,surgery,,430,60,13.953488372093023
HOSP-9499,The Johns Hopkins Hospital,maternity,2022-06-23,300,260,86.66666666666667
HOSP-9499,The Johns Hopkins Hospital,pediatrics,2022-11-23,410,180,43.90243902439025
HOSP-9499,The Johns Hopkins Hospital,surgery,2022-10-14,300,100,33.33333333333333
HOSP-9501,The Johns Hopkins Hospital,surgery,2020-12-21,240,120,50.0
HOSP-9503,The Johns Hopkins Hospital,icu,,460,270,58.69565217391305
HOSP-9503,The Johns Hopkins Hospital,maternity,2020-11-30,150,160,106.66666666666667
HOSP-9505,The Johns Hopkins Hospital,surgery,2020-08-16,500,120,24.0
HOSP-9506,The Johns Hopkins Hospital,pediatrics,2022-04-25,420,400,95.23809523809523
HOSP-9506,The Johns Hopkins Hospital,pediatrics,2024-05-24,450,330,73.33333333333333
HOSP-9507,The Johns Hopkins Hospital,icu,,310,210,67.74193548387096
HOSP-9507,The Johns Hopkins Hospital,surgery,,220,100,45.45454545454545
HOSP-9509,The Johns Hopkins Hospital,pediatrics,,480,230,47.91666666666667
HOSP-9511,The Johns Hopkins Hospital,er,2021-04-19,110,150,136.36363636363635
HOSP-9512,The Johns Hopkins Hospital,maternity,2021-05-29,410,90,21.951219512195124
HOSP-9512,The Johns Hopkins Hospital,pediatrics,2021-03-17,500,330,66.0
HOSP-9512,The Johns Hopkins Hospital,pediatrics,2024-01-31,450,190,42.22222222222222
HOSP-9514,The Johns Hopkins Hospital,maternity,,230,160,69.56521739130434
HOSP-9514,The Johns Hopkins Hospital,pediatrics,2021-07-20,410,290,70.73170731707317
HOSP-9515,The Johns Hopkins Hospital,pediatrics,2021-08-15,190,240,126.3157894736842
HOSP-9515,The Johns Hopkins Hospital,surgery,,500,70,14.000000000000002
HOSP-9516,The Johns Hopkins Hospital,pediatrics,2021-10-15,480,200,41.66666666666667
HOSP-9517,The Johns Hopkins Hospital,er,2021-09-23,320,30,9.375
HOSP-9518,The Johns Hopkins Hospital,maternity,,310,90,29.03225806451613
HOSP-9521,The Johns Hopkins Hospital,maternity,2022-09-25,190,20,10.526315789473683
HOSP-9524,The Johns Hopkins Hospital,icu,2024-01-28,280,260,92.85714285714286
HOSP-9524,The Johns Hopkins Hospital,pediatrics,2020-12-18,470,210,44.680851063829785
HOSP-9524,The Johns Hopkins Hospital,pediatrics,2021-10-21,420,90,21.428571428571427
HOSP-9525,The Johns Hopkins Hospital,maternity,2021-10-13,380,30,7.894736842105263
HOSP-9526,The Johns Hopkins Hospital,er,,220,240,109.09090909090908
HOSP-9527,The Johns Hopkins Hospital,pediatrics,,440,260,59.09090909090909
HOSP-9531,The Johns Hopkins Hospital,icu,,120,270,225.0
HOSP-9532,The Johns Hopkins Hospital,icu,,340,330,97.05882352941177
HOSP-9533,The Johns Hopkins Hospital,icu,2024-05-22,110,140,127.27272727272727
HOSP-9533,The Johns Hopkins Hospital,pediatrics,2023-09-19,110,140,127.27272727272727
HOSP-9533,The Johns Hopkins Hospital,surgery,2022-03-16,280,160,57.14285714285714
HOSP-9534,The Johns Hopkins Hospital,icu,2020-10-31,290,20,6.896551724137931
HOSP-9534,The Johns Hopkins Hospital,icu,2021-11-28,100,290,290.0
HOSP-9534,The Johns Hopkins Hospital,maternity,,330,40,12.121212121212121
HOSP-9535,The Johns Hopkins Hospital,maternity,,490,370,75.51020408163265
HOSP-9535,The Johns Hopkins Hospital,surgery,2021-07-13,450,310,68.88888888888889
HOSP-9536,The Johns Hopkins Hospital,maternity,2020-10-25,260,20,7.6923076923076925
HOSP-9536,The Johns Hopkins Hospital,pediatrics,2021-03-21,290,90,31.03448275862069
HOSP-9538,The Johns Hopkins Hospital,er,2024-02-22,500,360,72.0
HOSP-9539,The Johns Hopkins Hospital,er,2022-08-30,340,340,100.0
HOSP-9539,The Johns Hopkins Hospital,er,2023-04-13,430,170,39.53488372093023
HOSP-9540,The Johns Hopkins Hospital,icu,2020-12-28,250,150,60.0
HOSP-9542,The Johns Hopkins Hospital,maternity,2023-01-18,130,60,46.15384615384615
HOSP-9546,The Johns Hopkins Hospital,icu,2024-01-13,270,80,29.629629629629626
HOSP-9546,The Johns Hopkins Hospital,pediatrics,,450,90,20.0
HOSP-9547,The Johns Hopkins Hospital,er,,240,340,141.66666666666669
HOSP-9547,The Johns Hopkins Hospital,icu,,500,180,36.0
HOSP-9548,The Johns Hopkins Hospital,er,2021-09-30,490,200,40.816326530612244
HOSP-9549,The Johns Hopkins Hospital,er,2023-07-31,330,380,115.15151515151516
HOSP-9549,The Johns Hopkins Hospital,er,2024-06-15,250,90,36.0
HOSP-9552,The Johns Hopkins Hospital,er,2024-03-30,280,290,103.57142857142858
HOSP-9552,The Johns Hopkins Hospital,icu,2023-06-26,490,350,71.42857142857143
HOSP-9554,The Johns Hopkins Hospital,surgery,2022-10-19,380,280,73.68421052631578
HOSP-9554,The Johns Hopkins Hospital,surgery,2024-06-26,300,310,103.33333333333334
HOSP-9555,The Johns Hopkins Hospital,icu,2024-05-14,380,150,39.473684210526315
HOSP-9555,The Johns Hopkins Hospital,pediatrics,2022-07-20,490,230,46.93877551020408
HOSP-9556,The Johns Hopkins Hospital,er,2023-06-26,470,140,29.78723404255319
HOSP-9556,The Johns Hopkins Hospital,pediatrics,2023-09-14,280,60,21.428571428571427
HOSP-9557,The Johns Hopkins Hospital,er,2020-11-27,150,390,260.0
HOSP-9557,The Johns Hopkins Hospital,maternity,2023-06-29,340,270,79.41176470588235
HOSP-9558,The Johns Hopkins Hospital,maternity,2020-09-26,180,150,83.33333333333334
HOSP-9559,The Johns Hopkins Hospital,maternity,,220,160,72.72727272727273
HOSP-9561,The Johns Hopkins Hospital,maternity,,210,370,176.19047619047618
HOSP-9561,The Johns Hopkins Hospital,surgery,2023-10-14,350,330,94.28571428571428
HOSP-9563,The Johns Hopkins Hospital,er,2024-02-24,390,70,17.94871794871795
HOSP-9564,The Johns Hopkins Hospital,er,2022-03-21,290,120,41.37931034482759
HOSP-9565,The Johns Hopkins Hospital,pediatrics,2021-09-29,390,170,43.58974358974359
HOSP-9566,The Johns Hopkins Hospital,pediatrics,2021-02-22,270,270,100.0
HOSP-9566,The Johns Hopkins Hospital,pediatrics,2023-01-19,290,50,17.24137931034483
HOSP-9567,The Johns Hopkins Hospital,pediatrics,2022-05-20,140,20,14.285714285714285
HOSP-9567,The Johns Hopkins Hospital,surgery,,240,350,145.83333333333331
HOSP-9570,The Johns Hopkins Hospital,er,2022-07-19,110,50,45.45454545454545
HOSP-9571,The Johns Hopkins Hospital,er,2023-01-17,380,380,100.0
HOSP-9571,The Johns Hopkins Hospital,maternity,,500,130,26.0
HOSP-9573,The Johns Hopkins Hospital,icu,2020-09-17,440,190,43.18181818181818
HOSP-9574,The Johns Hopkins Hospital,er,2022-09-23,100,70,70.0
HOSP-9574,The Johns Hopkins Hospital,pediatrics,,110,160,145.45454545454547
HOSP-9576,The Johns Hopkins Hospital,er,,350,130,37.142857142857146
HOSP-9577,The Johns Hopkins Hospital,er,2021-11-25,260,360,138.46153846153845
HOSP-9577,The Johns Hopkins Hospital,er,2023-08-14,420,210,50.0
HOSP-9577,The Johns Hopkins Hospital,icu,2022-06-29,190,290,152.63157894736844
HOSP-9577,The Johns Hopkins Hospital,maternity,,440,190,43.18181818181818
HOSP-9579,The Johns Hopkins Hospital,pediatrics,,410,320,78.04878048780488
HOSP-9581,The Johns Hopkins Hospital,er,2023-10-20,440,330,75.0
HOSP-9584,The Johns Hopkins Hospital,maternity,,110,20,18.181818181818183
HOSP-9585,The Johns Hopkins Hospital,surgery,,260,310,119.23076923076923
HOSP-9587,The Johns Hopkins Hospital,er,2023-09-25,150,40,26.666666666666668
HOSP-9588,The Johns Hopkins Hospital,pediatrics,2023-01-21,480,0,0.0
HOSP-9589,The Johns Hopkins Hospital,icu,2022-05-27,440,70,15.909090909090908
HOSP-9589,The Johns Hopkins Hospital,icu,,430,240,55.81395348837209
HOSP-9590,The Johns Hopkins Hospital,icu,2024-05-30,190,50,26.31578947368421
HOSP-9590,The Johns Hopkins Hospital,pediatrics,2022-10-13,340,40,11.76470588235294
HOSP-9591,The Johns Hopkins Hospital,pediatrics,,100,220,220.00000000000003
HOSP-9592,The Johns Hopkins Hospital,surgery,2021-08-26,110,50,45.45454545454545
HOSP-9593,The Johns Hopkins Hospital,pediatrics,,320,10,3.125
HOSP-9594,The Johns Hopkins Hospital,icu,,380,150,39.473684210526315
HOSP-9595,The Johns Hopkins Hospital,er,2023-09-18,500,360,72.0
HOSP-9596,The Johns Hopkins Hospital,icu,2020-10-18,180,310,172.22222222222223
HOSP-9596,The Johns Hopkins Hospital,surgery,,490,250,51.02040816326531
HOSP-9597,The Johns Hopkins Hospital,surgery,,270,200,74.07407407407408
HOSP-9598,The Johns Hopkins Hospital,maternity,,120,370,308.33333333333337
HOSP-9600,The Johns Hopkins Hospital,er,,130,400,307.69230769230774
HOSP-9600,The Johns Hopkins Hospital,pediatrics,,160,220,137.5
HOSP-9601,The Johns Hopkins Hospital,er,,240,110,45.83333333333333
HOSP-9601,The Johns Hopkins Hospital,surgery,,180,0,0.0
HOSP-9602,The Johns Hopkins Hospital,surgery,,450,60,13.333333333333334
HOSP-9603,The Johns Hopkins Hospital,icu,2021-10-23,170,230,135.29411764705884
HOSP-9604,The Johns Hopkins Hospital,icu,,150,300,200.0
HOSP-9605,The Johns Hopkins Hospital,icu,2022-03-26,190,260,136.8421052631579
HOSP-9605,The Johns Hopkins Hospital,maternity,,230,330,143.47826086956522
HOSP-9605,The Johns Hopkins Hospital,pediatrics,2021-11-21,500,130,26.0
HOSP-9605,The Johns Hopkins Hospital,pediatrics,,100,80,80.0
HOSP-9607,The Johns Hopkins Hospital,er,2023-06-15,210,280,133.33333333333331
HOSP-9608,The Johns Hopkins Hospital,maternity,,170,220,129.41176470588235
HOSP-9609,The Johns Hopkins Hospital,er,,360,60,16.666666666666664
HOSP-9610,The Johns Hopkins Hospital,icu,2021-08-19,250,330,132.0
HOSP-9610,The Johns Hopkins Hospital,icu,,220,80,36.36363636363637
HOSP-9611,The Johns Hopkins Hospital,pediatrics,2020-09-14,230,230,100.0
HOSP-9611,The Johns Hopkins Hospital,pediatrics,2023-06-21,460,360,78.26086956521739
HOSP-9612,The Johns Hopkins Hospital,surgery,,360,250,69.44444444444444
HOSP-9613,The Johns Hopkins Hospital,icu,,220,400,181.8181818181818
HOSP-9615,The Johns Hopkins Hospital,pediatrics,,280,220,78.57142857142857
HOSP-9616,The Johns Hopkins Hospital,er,,340,380,111.76470588235294
HOSP-9616,The Johns Hopkins Hospital,icu,,410,390,95.1219512195122
HOSP-9616,The Johns Hopkins Hospital,pediatrics,,430,60,13.953488372093023
HOSP-9616,The Johns Hopkins Hospital,surgery,2021-05-13,310,80,25.806451612903224
HOSP-9617,The Johns Hopkins Hospital,maternity,2024-01-30,270,150,55.55555555555556
HOSP-9619,The Johns Hopkins Hospital,maternity,2023-02-14,200,30,15.0
HOSP-9620,The Johns Hopkins Hospital,er,2021-08-21,360,310,86.11111111111111
HOSP-9620,The Johns Hopkins Hospital,er,,250,160,64.0
HOSP-9620,The Johns Hopkins Hospital,icu,2021-08-19,260,40,15.384615384615385
HOSP-9620,The Johns Hopkins Hospital,icu,,450,50,11.11111111111111
HOSP-9620,The Johns Hopkins Hospital,pediatrics,2024-02-14,480,0,0.0
HOSP-9620,The Johns Hopkins Hospital,pediatrics,,220,290,131.8181818181818
HOSP-9621,The Johns Hopkins Hospital,er,,400,270,67.5
HOSP-9622,The Johns Hopkins Hospital,pediatrics,2023-10-31,270,180,66.66666666666666
HOSP-9622,The Johns Hopkins Hospital,pediatrics,,500,150,30.0
HOSP-9623,The Johns Hopkins Hospital,icu,2021-02-27,230,300,130.43478260869566
HOSP-9623,The Johns Hopkins Hospital,surgery,2022-08-30,290,230,79.3103448275862
HOSP-9625,The Johns Hopkins Hospital,icu,2020-12-24,400,190,47.5
HOSP-9628,The Johns Hopkins Hospital,er,2022-06-24,260,370,142.30769230769232
HOSP-9628,The Johns Hopkins Hospital,icu,2020-09-29,240,60,25.0
HOSP-9628,The Johns Hopkins Hospital,surgery,,430,240,55.81395348837209
HOSP-9629,The Johns Hopkins Hospital,maternity,2020-08-21,500,90,18.0
HOSP-9629,The Johns Hopkins Hospital,maternity,2023-12-23,440,310,70.45454545454545
HOSP-9630,The Johns Hopkins Hospital,er,2022-11-22,130,130,100.0
HOSP-9630,The Johns Hopkins Hospital,icu,,500,260,52.0
HOSP-9630,The Johns Hopkins Hospital,surgery,,160,340,212.5
HOSP-9631,The Johns Hopkins Hospital,surgery,,350,140,40.0
HOSP-9632,The Johns Hopkins Hospital,icu,2020-08-26,440,390,88.63636363636364
HOSP-9632,The Johns Hopkins Hospital,maternity,,400,400,100.0
HOSP-9633,The Johns Hopkins Hospital,pediatrics,,140,30,21.428571428571427
HOSP-9635,The Johns Hopkins Hospital,er,,220,30,13.636363636363635
HOSP-9636,The Johns Hopkins Hospital,maternity,2021-08-29,460,270,58.69565217391305
HOSP-9637,The Johns Hopkins Hospital,maternity,,390,340,87.17948717948718
HOSP-9639,The Johns Hopkins Hospital,surgery,,400,330,82.5
HOSP-9641,The Johns Hopkins Hospital,maternity,2021-09-23,150,0,0.0
HOSP-9642,The Johns Hopkins Hospital,maternity,,480,210,43.75
HOSP-9643,The Johns Hopkins Hospital,icu,,210,380,180.95238095238096
HOSP-9645,The Johns Hopkins Hospital,icu,2024-05-26,270,300,111.11111111111111
HOSP-9645,The Johns Hopkins Hospital,surgery,2022-07-25,440,130,29.545454545454547
HOSP-9646,The Johns Hopkins Hospital,maternity,2021-10-27,240,240,100.0
HOSP-9647,The Johns Hopkins Hospital,surgery,2021-09-15,290,240,82.75862068965517
HOSP-9648,The Johns Hopkins Hospital,maternity,2023-07-17,310,270,87.09677419354838
HOSP-9649,The Johns Hopkins Hospital,pediatrics,2020-08-18,270,10,3.7037037037037033
HOSP-9650,The Johns Hopkins Hospital,surgery,2024-07-20,150,250,166.66666666666669
HOSP-9655,The Johns Hopkins Hospital,icu,2023-03-25,420,340,80.95238095238095
HOSP-9656,The Johns Hopkins Hospital,er,2022-01-15,120,260,216.66666666666666
HOSP-9656,The Johns Hopkins Hospital,maternity,2023-12-25,330,160,48.484848484848484
HOSP-9656,The Johns Hopkins Hospital,pediatrics,2023-11-18,480,360,75.0
HOSP-9661,The Johns Hopkins Hospital,pediatrics,2020-12-18,130,90,69.23076923076923
HOSP-9661,The Johns Hopkins Hospital,surgery,,100,70,70.0
HOSP-9662,The Johns Hopkins Hospital,maternity,2021-07-17,450,80,17.77777777777778
HOSP-9662,The Johns Hopkins Hospital,maternity,,320,280,87.5
HOSP-9666,The Johns Hopkins Hospital,maternity,2021-07-30,230,210,91.30434782608695
HOSP-9667,The Johns Hopkins Hospital,icu,2021-11-20,210,290,138.0952380952381
HOSP-9667,The Johns Hopkins Hospital,icu,2023-08-31,450,70,15.555555555555555
HOSP-9667,The Johns Hopkins Hospital,maternity,2023-08-22,230,380,165.2173913043478
HOSP-9667,The Johns Hopkins Hospital,surgery,2020-09-14,360,400,111.11111111111111
HOSP-9667,The Johns Hopkins Hospital,surgery,,410,380,92.6829268292683
HOSP-9668,The Johns Hopkins Hospital,icu,2020-07-26,120,230,191.66666666666669
HOSP-9670,The Johns Hopkins Hospital,maternity,2022-01-18,280,230,82.14285714285714
HOSP-9671,The Johns Hopkins Hospital,icu,2022-08-13,330,130,39.39393939393939
HOSP-9673,The Johns Hopkins Hospital,er,,440,30,6.8181818181818175
HOSP-9673,The Johns Hopkins Hospital,icu,2023-06-25,270,70,25.925925925925924
HOSP-9673,The Johns Hopkins Hospital,maternity,2021-09-14,460,110,23.91304347826087
HOSP-9674,The Johns Hopkins Hospital,er,2022-02-17,380,360,94.73684210526315
HOSP-9674,The Johns Hopkins Hospital,surgery,2022-10-31,100,140,140.0
HOSP-9675,The Johns Hopkins Hospital,er,,400,380,95.0
HOSP-9675,The Johns Hopkins Hospital,surgery,2022-02-27,150,60,40.0
HOSP-9675,The Johns Hopkins Hospital,surgery,,330,90,27.27272727272727
HOSP-9676,The Johns Hopkins Hospital,pediatrics,,130,160,123.07692307692308
HOSP-9677,The Johns Hopkins Hospital,er,2023-05-21,490,260,53.06122448979592
HOSP-9678,The Johns Hopkins Hospital,icu,2023-04-29,270,200,74.07407407407408
HOSP-9679,The Johns Hopkins Hospital,maternity,2024-03-17,170,0,0.0
HOSP-9681,The Johns Hopkins Hospital,er,2023-02-25,460,90,19.565217391304348
HOSP-9681,The Johns Hopkins Hospital,icu,2021-10-13,140,160,114.28571428571428
HOSP-9681,The Johns Hopkins Hospital,icu,,130,110,84.61538461538461
HOSP-9681,The Johns Hopkins Hospital,maternity,2022-04-21,120,220,183.33333333333331
HOSP-9681,The Johns Hopkins Hospital,surgery,2023-10-26,200,110,55.00000000000001
HOSP-9682,The Johns Hopkins Hospital,er,2024-01-17,430,210,48.837209302325576
HOSP-9684,The Johns Hopkins Hospital,maternity,,460,290,63.04347826086957
HOSP-9685,The Johns Hopkins Hospital,er,2023-02-19,160,60,37.5
HOSP-9686,The Johns Hopkins Hospital,pediatrics,2023-01-20,110,60,54.54545454545454
HOSP-9688,The Johns Hopkins Hospital,maternity,2020-07-25,440,110,25.0
HOSP-9688,The Johns Hopkins Hospital,maternity,,130,260,200.0
HOSP-9688,The Johns Hopkins Hospital,pediatrics,2022-12-23,150,60,40.0
HOSP-9691,The Johns Hopkins Hospital,pediatrics,2023-06-19,350,50,14.285714285714285
HOSP-9691,The Johns Hopkins Hospital,pediatrics,,340,120,35.294117647058826
HOSP-9692,The Johns Hopkins Hospital,pediatrics,,160,110,68.75
HOSP-9693,The Johns Hopkins Hospital,icu,,300,240,80.0
HOSP-9693,The Johns Hopkins Hospital,surgery,2021-08-13,250,290,115.99999999999999
HOSP-9694,The Johns Hopkins Hospital,er,2023-05-29,120,30,25.0
HOSP-9694,The Johns Hopkins Hospital,maternity,2021-08-29,390,190,48.717948717948715
HOSP-9695,The Johns Hopkins Hospital,er,2023-08-30,420,360,85.71428571428571
HOSP-9696,The Johns Hopkins Hospital,er,2020-09-26,210,240,114.28571428571428
HOSP-9696,The Johns Hopkins Hospital,pediatrics,2020-10-27,170,180,105.88235294117648
HOSP-9697,The Johns Hopkins Hospital,icu,2021-04-20,300,310,103.33333333333334
HOSP-9698,The Johns Hopkins Hospital,surgery,,380,50,13.157894736842104
HOSP-9699,The Johns Hopkins Hospital,icu,2023-05-25,170,220,129.41176470588235
HOSP-9700,The Johns Hopkins Hospital,maternity,,130,300,230.76923076923075
HOSP-9701,The Johns Hopkins Hospital,icu,2022-04-15,330,310,93.93939393939394
HOSP-9701,The Johns Hopkins Hospital,surgery,,230,190,82.6086956521739
HOSP-9702,The Johns Hopkins Hospital,surgery,,220,140,63.63636363636363
HOSP-9704,The Johns Hopkins Hospital,er,,250,80,32.0
HOSP-9704,The Johns Hopkins Hospital,maternity,2023-12-23,210,20,9.523809523809524
HOSP-9705,The Johns Hopkins Hospital,surgery,2022-08-29,220,220,100.0
HOSP-9706,The Johns Hopkins Hospital,er,,160,230,143.75
HOSP-9706,The Johns Hopkins Hospital,icu,2021-10-31,440,150,34.090909090909086
HOSP-9706,The Johns Hopkins Hospital,surgery,,460,150,32.608695652173914
HOSP-9707,The Johns Hopkins Hospital,er,2024-02-24,260,50,19.230769230769234
HOSP-9707,The Johns Hopkins Hospital,icu,2023-05-25,240,130,54.166666666666664
HOSP-9710,The Johns Hopkins Hospital,er,,420,370,88.09523809523809
HOSP-9712,The Johns Hopkins Hospital,icu,2023-07-18,470,340,72.3404255319149
HOSP-9714,The Johns Hopkins Hospital,icu,2023-09-18,320,100,31.25
HOSP-9714,The Johns Hopkins Hospital,pediatrics,2020-09-23,230,220,95.65217391304348
HOSP-9715,The Johns Hopkins Hospital,maternity,,460,300,65.21739130434783
HOSP-9715,The Johns Hopkins Hospital,pediatrics,2021-05-23,470,50,10.638297872340425
HOSP-9717,The Johns Hopkins Hospital,pediatrics,2024-05-19,350,270,77.14285714285715
HOSP-9719,The Johns Hopkins Hospital,er,2023-12-21,440,200,45.45454545454545
HOSP-9719,The Johns Hopkins Hospital,maternity,2022-11-14,260,370,142.30769230769232
HOSP-9720,The Johns Hopkins Hospital,pediatrics,2020-11-30,360,230,63.888888888888886
HOSP-9720,The Johns Hopkins Hospital,pediatrics,,490,50,10.204081632653061
HOSP-9723,The Johns Hopkins Hospital,icu,2023-01-19,390,380,97.43589743589743
HOSP-9723,The Johns Hopkins Hospital,maternity,2023-04-16,100,60,60.0
HOSP-9723,The Johns Hopkins Hospital,surgery,,170,180,105.88235294117648
HOSP-9725,The Johns Hopkins Hospital,er,2023-12-19,130,220,169.23076923076923
HOSP-9725,The Johns Hopkins Hospital,pediatrics,2022-03-30,360,400,111.11111111111111
HOSP-9727,The Johns Hopkins Hospital,er,,460,20,4.3478260869565215
HOSP-9728,The Johns Hopkins Hospital,er,2023-05-31,260,110,42.30769230769231
HOSP-9728,The Johns Hopkins Hospital,surgery,2024-07-13,500,80,16.0
HOSP-9730,The Johns Hopkins Hospital,er,2021-07-22,330,120,36.36363636363637
HOSP-9730,The Johns Hopkins Hospital,maternity,2023-09-30,480,30,6.25
HOSP-9732,The Johns Hopkins Hospital,maternity,2024-03-30,150,380,253.33333333333331
HOSP-9734,The Johns Hopkins Hospital,maternity,2023-12-27,290,350,120.6896551724138
HOSP-9735,The Johns Hopkins Hospital,er,2023-05-26,340,290,85.29411764705883
HOSP-9735,The Johns Hopkins Hospital,pediatrics,2020-07-24,320,380,118.75
HOSP-9735,The Johns Hopkins Hospital,pediatrics,,370,80,21.62162162162162
HOSP-9736,The Johns Hopkins Hospital,maternity,2023-01-24,250,230,92.0
HOSP-9736,The Johns Hopkins Hospital,pediatrics,,380,50,13.157894736842104
HOSP-9738,The Johns Hopkins Hospital,er,2021-08-15,400,220,55.00000000000001
HOSP-9738,The Johns Hopkins Hospital,maternity,2023-02-23,210,100,47.61904761904761
HOSP-9738,The Johns Hopkins Hospital,pediatrics,,490,180,36.734693877551024
HOSP-9740,The Johns Hopkins Hospital,pediatrics,2022-04-19,270,240,88.88888888888889
HOSP-9740,The Johns Hopkins Hospital,surgery,,150,390,260.0
HOSP-9741,The Johns Hopkins Hospital,icu,2022-03-23,290,140,48.275862068965516
HOSP-9742,The Johns Hopkins Hospital,er,,270,240,88.88888888888889
HOSP-9742,The Johns Hopkins Hospital,maternity,2024-03-18,130,90,69.23076923076923
HOSP-9743,The Johns Hopkins Hospital,maternity,2022-04-29,420,270,64.28571428571429
HOSP-9743,The Johns Hopkins Hospital,surgery,2022-09-25,440,390,88.63636363636364
HOSP-9745,The Johns Hopkins Hospital,icu,,230,200,86.95652173913044
HOSP-9747,The Johns Hopkins Hospital,icu,2021-06-30,490,250,51.02040816326531
HOSP-9748,The Johns Hopkins Hospital,maternity,2020-08-22,280,390,139.28571428571428
HOSP-9748,The Johns Hopkins Hospital,surgery,2023-09-22,170,290,170.58823529411765
HOSP-9750,The Johns Hopkins Hospital,icu,,320,60,18.75
HOSP-9753,The Johns Hopkins Hospital,icu,2021-05-31,190,20,10.526315789473683
HOSP-9753,The Johns Hopkins Hospital,surgery,2022-02-27,380,310,81.57894736842105
HOSP-9756,The Johns Hopkins Hospital,maternity,2023-12-22,360,190,52.77777777777778
HOSP-9758,The Johns Hopkins Hospital,er,2022-11-30,150,50,33.33333333333333
HOSP-9758,The Johns Hopkins Hospital,pediatrics,,100,190,190.0
HOSP-9759,The Johns Hopkins Hospital,icu,,130,310,238.46153846153845
HOSP-9760,The Johns Hopkins Hospital,maternity,,340,230,67.64705882352942
HOSP-9761,The Johns Hopkins Hospital,surgery,2023-01-28,210,30,14.285714285714285
HOSP-9762,The Johns Hopkins Hospital,maternity,2024-02-23,130,20,15.384615384615385
HOSP-9762,The Johns Hopkins Hospital,pediatrics,2023-01-15,420,210,50.0
HOSP-9764,The Johns Hopkins Hospital,surgery,,490,230,46.93877551020408
HOSP-9765,The Johns Hopkins Hospital,er,,250,370,148.0
HOSP-9766,The Johns Hopkins Hospital,pediatrics,2020-07-29,480,350,72.91666666666666
HOSP-9766,The Johns Hopkins Hospital,surgery,2022-08-23,120,320,266.66666666666663
HOSP-9767,The Johns Hopkins Hospital,icu,,500,10,2.0
HOSP-9768,The Johns Hopkins Hospital,icu,2023-08-16,210,360,171.42857142857142
HOSP-9770,The Johns Hopkins Hospital,er,,470,380,80.85106382978722
HOSP-9771,The Johns Hopkins Hospital,maternity,,170,290,170.58823529411765
HOSP-9773,The Johns Hopkins Hospital,surgery,2021-05-21,440,230,52.27272727272727
HOSP-9774,The Johns Hopkins Hospital,icu,,260,170,65.38461538461539
HOSP-9774,The Johns Hopkins Hospital,maternity,2023-04-30,340,230,67.64705882352942
HOSP-9775,The Johns Hopkins Hospital,icu,2023-03-20,110,90,81.81818181818183
HOSP-9777,The Johns Hopkins Hospital,surgery,2021-11-27,190,70,36.84210526315789
HOSP-9779,The Johns Hopkins Hospital,er,,110,150,136.36363636363635
HOSP-9782,The Johns Hopkins Hospital,icu,2021-09-26,230,230,100.0
HOSP-9783,The Johns Hopkins Hospital,icu,2020-11-26,400,10,2.5
HOSP-9783,The Johns Hopkins Hospital,pediatrics,2023-08-31,190,340,178.94736842105263
HOSP-9784,The Johns Hopkins Hospital,er,2020-07-29,160,310,193.75
HOSP-9784,The Johns Hopkins Hospital,pediatrics,,440,60,13.636363636363635
HOSP-9784,The Johns Hopkins Hospital,surgery,2023-07-26,420,90,21.428571428571427
HOSP-9785,The Johns Hopkins Hospital,maternity,,380,170,44.73684210526316
HOSP-9785,The Johns Hopkins Hospital,surgery,2021-07-28,470,360,76.59574468085107
HOSP-9785,The Johns Hopkins Hospital,surgery,2021-08-25,390,90,23.076923076923077
HOSP-9787,The Johns Hopkins Hospital,maternity,2023-09-24,350,360,102.85714285714285
HOSP-9789,The Johns Hopkins Hospital,maternity,2023-11-27,170,230,135.29411764705884
HOSP-9790,The Johns Hopkins Hospital,surgery,2021-04-21,460,370,80.43478260869566
HOSP-9792,The Johns Hopkins Hospital,surgery,,160,10,6.25
HOSP-9793,The Johns Hopkins Hospital,maternity,2022-12-13,480,190,39.58333333333333
HOSP-9798,The Johns Hopkins Hospital,surgery,2021-09-25,440,60,13.636363636363635
HOSP-9799,The Johns Hopkins Hospital,pediatrics,2021-11-17,160,260,162.5
HOSP-9799,The Johns Hopkins Hospital,surgery,2023-09-18,220,400,181.8181818181818
HOSP-9799,The Johns Hopkins Hospital,surgery,2024-04-17,220,280,127.27272727272727
HOSP-9801,The Johns Hopkins Hospital,maternity,,450,290,64.44444444444444
HOSP-9802,The Johns Hopkins Hospital,er,2023-06-29,390,380,97.43589743589743
HOSP-9802,The Johns Hopkins Hospital,er,,350,180,51.42857142857142
HOSP-9802,The Johns Hopkins Hospital,icu,,110,20,18.181818181818183
HOSP-9803,The Johns Hopkins Hospital,maternity,,200,190,95.0
HOSP-9804,The Johns Hopkins Hospital,icu,2021-04-15,240,270,112.5
HOSP-9806,The Johns Hopkins Hospital,maternity,2023-04-17,260,330,126.92307692307692
HOSP-9807,The Johns Hopkins Hospital,maternity,2024-05-30,500,250,50.0
HOSP-9808,The Johns Hopkins Hospital,maternity,2021-03-25,340,260,76.47058823529412
HOSP-9808,The Johns Hopkins Hospital,surgery,2020-11-20,500,350,70.0
HOSP-9810,The Johns Hopkins Hospital,icu,2024-07-19,160,130,81.25
HOSP-9811,The Johns Hopkins Hospital,er,2021-10-18,500,50,10.0
HOSP-9811,The Johns Hopkins Hospital,pediatrics,,490,280,57.14285714285714
HOSP-9812,The Johns Hopkins Hospital,icu,2021-09-25,100,150,150.0
HOSP-9812,The Johns Hopkins Hospital,maternity,,380,270,71.05263157894737
HOSP-9812,The Johns Hopkins Hospital,pediatrics,2021-03-19,500,380,76.0
HOSP-9813,The Johns Hopkins Hospital,icu,,280,310,110.71428571428572
HOSP-9814,The Johns Hopkins Hospital,pediatrics,,260,20,7.6923076923076925
HOSP-9815,The Johns Hopkins Hospital,icu,2022-11-23,270,220,81.48148148148148
HOSP-9815,The Johns Hopkins Hospital,maternity,2021-03-30,320,20,6.25
HOSP-9815,The Johns Hopkins Hospital,maternity,,230,240,104.34782608695652
HOSP-9816,The Johns Hopkins Hospital,maternity,2021-04-24,300,30,10.0
HOSP-9819,The Johns Hopkins Hospital,icu,2022-02-16,110,370,336.3636363636364
HOSP-9819,The Johns Hopkins Hospital,surgery,,220,20,9.090909090909092
HOSP-9821,The Johns Hopkins Hospital,er,,250,160,64.0
HOSP-9821,The Johns Hopkins Hospital,surgery,2021-11-14,170,120,70.58823529411765
HOSP-9822,The Johns Hopkins Hospital,er,,180,350,194.44444444444443
HOSP-9822,The Johns Hopkins Hospital,maternity,,490,390,79.59183673469387
HOSP-9825,The Johns Hopkins Hospital,er,2023-06-20,120,90,75.0
HOSP-9825,The Johns Hopkins Hospital,icu,2020-10-24,370,20,5.405405405405405
HOSP-9825,The Johns Hopkins Hospital,pediatrics,2024-04-20,430,150,34.883720930232556
HOSP-9826,The Johns Hopkins Hospital,icu,,330,0,0.0
HOSP-9829,The Johns Hopkins Hospital,pediatrics,,220,120,54.54545454545454
HOSP-9830,The Johns Hopkins Hospital,maternity,2024-04-26,240,100,41.66666666666667
HOSP-9831,The Johns Hopkins Hospital,icu,,390,50,12.82051282051282
HOSP-9831,The Johns Hopkins Hospital,maternity,,270,80,29.629629629629626
HOSP-9831,The Johns Hopkins Hospital,pediatrics,,400,250,62.5
HOSP-9832,The Johns Hopkins Hospital,icu,2023-06-14,170,340,200.0
HOSP-9832,The Johns Hopkins Hospital,maternity,,270,160,59.25925925925925
HOSP-9832,The Johns Hopkins Hospital,surgery,,120,260,216.66666666666666
HOSP-9833,The Johns Hopkins Hospital,maternity,,130,140,107.6923076923077
HOSP-9833,The Johns Hopkins Hospital,surgery,,280,180,64.28571428571429
HOSP-9834,The Johns Hopkins Hospital,er,,260,10,3.8461538461538463
HOSP-9834,The Johns Hopkins Hospital,icu,2022-06-15,220,260,118.18181818181819
HOSP-9835,The Johns Hopkins Hospital,maternity,2023-02-25,450,80,17.77777777777778
HOSP-9836,The Johns Hopkins Hospital,icu,2020-10-30,200,220,110.00000000000001
HOSP-9836,The Johns Hopkins Hospital,icu,,270,260,96.29629629629629
HOSP-9836,The Johns Hopkins Hospital,surgery,2022-12-19,150,250,166.66666666666669
HOSP-9838,The Johns Hopkins Hospital,icu,2023-06-16,300,180,60.0
HOSP-9838,The Johns Hopkins Hospital,pediatrics,2020-08-15,200,30,15.0
HOSP-9839,The Johns Hopkins Hospital,surgery,2023-08-15,230,300,130.43478260869566
HOSP-9839,The Johns Hopkins Hospital,surgery,,430,30,6.976744186046512
HOSP-9840,The Johns Hopkins Hospital,er,2023-05-13,250,390,156.0
HOSP-9841,The Johns Hopkins Hospital,er,,340,100,29.411764705882355
HOSP-9842,The Johns Hopkins Hospital,surgery,,300,150,50.0
HOSP-9843,The Johns Hopkins Hospital,icu,,180,150,83.33333333333334
HOSP-9843,The Johns Hopkins Hospital,pediatrics,2021-06-16,170,100,58.82352941176471
HOSP-9848,The Johns Hopkins Hospital,maternity,,440,290,65.9090909090909
HOSP-9848,The Johns Hopkins Hospital,pediatrics,2020-10-15,180,100,55.55555555555556
HOSP-9848,The Johns Hopkins Hospital,pediatrics,,340,350,102.94117647058823
HOSP-9849,The Johns Hopkins Hospital,surgery,,410,120,29.268292682926827
HOSP-9851,The Johns Hopkins Hospital,surgery,,210,110,52.38095238095239
HOSP-9852,The Johns Hopkins Hospital,maternity,2022-02-14,390,280,71.7948717948718
HOSP-9852,The Johns Hopkins Hospital,maternity,,440,10,2.272727272727273
HOSP-9852,The Johns Hopkins Hospital,pediatrics,2023-03-19,460,320,69.56521739130434
HOSP-9853,The Johns Hopkins Hospital,pediatrics,2023-06-24,430,40,9.30232558139535
HOSP-9853,The Johns Hopkins Hospital,surgery,2021-07-16,280,330,117.85714285714286
HOSP-9854,The Johns Hopkins Hospital,icu,,310,10,3.225806451612903
HOSP-9854,The Johns Hopkins Hospital,maternity,,150,100,66.66666666666666
HOSP-9855,The Johns Hopkins Hospital,icu,,440,0,0.0
HOSP-9855,The Johns Hopkins Hospital,surgery,2022-04-16,250,250,100.0
HOSP-9856,The Johns Hopkins Hospital,maternity,2024-06-27,310,330,106.4516129032258
HOSP-9856,The Johns Hopkins Hospital,surgery,2020-09-17,270,390,144.44444444444443
HOSP-9856,The Johns Hopkins Hospital,surgery,2024-05-28,180,20,11.11111111111111
HOSP-9858,The Johns Hopkins Hospital,icu,2020-09-20,270,190,70.37037037037037
HOSP-9858,The Johns Hopkins Hospital,surgery,2021-07-20,420,50,11.904761904761903
HOSP-9859,The Johns Hopkins Hospital,pediatrics,2022-04-17,200,40,20.0
HOSP-9860,The Johns Hopkins Hospital,icu,,160,260,162.5
HOSP-9861,The Johns Hopkins Hospital,er,2021-03-24,230,110,47.82608695652174
HOSP-9861,The Johns Hopkins Hospital,pediatrics,2021-03-13,200,60,30.0
HOSP-9862,The Johns Hopkins Hospital,er,,290,40,13.793103448275861
HOSP-9862,The Johns Hopkins Hospital,pediatrics,2022-08-21,270,280,103.7037037037037
HOSP-9862,The Johns Hopkins Hospital,pediatrics,2023-09-27,120,270,225.0
HOSP-9862,The Johns Hopkins Hospital,surgery,2020-07-30,410,340,82.92682926829268
HOSP-9863,The Johns Hopkins Hospital,icu,,200,80,40.0
HOSP-9865,The Johns Hopkins Hospital,maternity,2022-02-19,200,260,130.0
HOSP-9866,The Johns Hopkins Hospital,er,,350,160,45.714285714285715
HOSP-9866,The Johns Hopkins Hospital,pediatrics,,130,140,107.6923076923077
HOSP-9867,The Johns Hopkins Hospital,icu,,270,320,118.5185185185185
HOSP-9870,The Johns Hopkins Hospital,pediatrics,,440,230,52.27272727272727
HOSP-9872,The Johns Hopkins Hospital,icu,2022-12-16,220,100,45.45454545454545
HOSP-9872,The Johns Hopkins Hospital,surgery,2022-06-30,460,210,45.65217391304348
HOSP-9872,The Johns Hopkins Hospital,surgery,2022-09-28,160,70,43.75
HOSP-9873,The Johns Hopkins Hospital,er,2021-02-20,160,160,100.0
HOSP-9873,The Johns Hopkins Hospital,pediatrics,2024-01-30,490,250,51.02040816326531
HOSP-9873,The Johns Hopkins Hospital,surgery,,120,210,175.0
HOSP-9876,The Johns Hopkins Hospital,er,,370,170,45.94594594594595
HOSP-9877,The Johns Hopkins Hospital,maternity,2024-03-23,380,210,55.26315789473685
HOSP-9878,The Johns Hopkins Hospital,er,,310,80,25.806451612903224
HOSP-9878,The Johns Hopkins Hospital,pediatrics,,320,20,6.25
HOSP-9879,The Johns Hopkins Hospital,icu,,290,280,96.55172413793103
HOSP-9879,The Johns Hopkins Hospital,pediatrics,2022-03-26,220,150,68.18181818181817
HOSP-9880,The Johns Hopkins Hospital,pediatrics,,180,280,155.55555555555557
HOSP-9882,The Johns Hopkins Hospital,er,,130,130,100.0
HOSP-9882,The Johns Hopkins Hospital,icu,2022-06-25,190,260,136.8421052631579
HOSP-9882,The Johns Hopkins Hospital,maternity,2022-03-30,380,190,50.0
HOSP-9883,The Johns Hopkins Hospital,pediatrics,2021-12-18,130,360,276.9230769230769
HOSP-9883,The Johns Hopkins Hospital,surgery,,100,180,180.0
HOSP-9884,The Johns Hopkins Hospital,maternity,2021-10-28,420,260,61.904761904761905
HOSP-9884,The Johns Hopkins Hospital,surgery,,150,380,253.33333333333331
HOSP-9885,The Johns Hopkins Hospital,pediatrics,2024-01-25,220,210,95.45454545454545
HOSP-9885,The Johns Hopkins Hospital,surgery,,370,30,8.108108108108109
HOSP-9886,The Johns Hopkins Hospital,surgery,,220,330,150.0
HOSP-9887,The Johns Hopkins Hospital,icu,2024-03-19,480,0,0.0
HOSP-9887,The Johns Hopkins Hospital,surgery,2023-02-21,210,110,52.38095238095239
HOSP-9888,The Johns Hopkins Hospital,er,2023-06-18,410,150,36.58536585365854
HOSP-9888,The Johns Hopkins Hospital,pediatrics,,100,100,100.0
HOSP-9890,The Johns Hopkins Hospital,icu,2024-02-18,360,220,61.111111111111114
HOSP-9890,The Johns Hopkins Hospital,maternity,,200,130,65.0
HOSP-9891,The Johns Hopkins Hospital,er,2023-09-13,210,50,23.809523809523807
HOSP-9895,The Johns Hopkins Hospital,er,,400,260,65.0
HOSP-9896,The Johns Hopkins Hospital,surgery,,450,60,13.333333333333334
HOSP-9898,The Johns Hopkins Hospital,maternity,2021-12-25,260,110,42.30769230769231
HOSP-9898,The Johns Hopkins Hospital,maternity,2024-02-21,190,260,136.8421052631579
HOSP-9898,The Johns Hopkins Hospital,surgery,,480,160,33.33333333333333
HOSP-9899,The Johns Hopkins Hospital,er,2021-08-26,210,50,23.809523809523807
HOSP-9899,The Johns Hopkins Hospital,pediatrics,2020-08-23,380,0,0.0
HOSP-9900,The Johns Hopkins Hospital,er,2023-07-19,360,230,63.888888888888886
HOSP-9900,The Johns Hopkins Hospital,icu,2021-09-17,220,60,27.27272727272727
HOSP-9901,The Johns Hopkins Hospital,er,,130,100,76.92307692307693
HOSP-9901,The Johns Hopkins Hospital,surgery,,470,230,48.93617021276596
HOSP-9903,The Johns Hopkins Hospital,pediatrics,2022-06-25,300,80,26.666666666666668
HOSP-9903,The Johns Hopkins Hospital,pediatrics,2023-12-23,150,270,180.0
HOSP-9904,The Johns Hopkins Hospital,maternity,2023-03-17,380,180,47.368421052631575
HOSP-9904,The Johns Hopkins Hospital,surgery,,330,270,81.81818181818183
HOSP-9908,The Johns Hopkins Hospital,er,2021-08-22,430,230,53.48837209302325
HOSP-9909,The Johns Hopkins Hospital,icu,2020-10-13,490,270,55.10204081632652
HOSP-9909,The Johns Hopkins Hospital,icu,,370,120,32.432432432432435
HOSP-9909,The Johns Hopkins Hospital,surgery,,370,250,67.56756756756756
HOSP-9911,The Johns Hopkins Hospital,maternity,2022-11-16,500,110,22.0
HOSP-9913,The Johns Hopkins Hospital,surgery,2022-09-19,480,70,14.583333333333334
HOSP-9914,The Johns Hopkins Hospital,surgery,2022-07-30,360,190,52.77777777777778
HOSP-9915,The Johns Hopkins Hospital,pediatrics,,230,340,147.82608695652172
HOSP-9916,The Johns Hopkins Hospital,pediatrics,2024-07-14,210,180,85.71428571428571
HOSP-9916,The Johns Hopkins Hospital,surgery,2023-12-19,280,330,117.85714285714286
HOSP-9918,The Johns Hopkins Hospital,surgery,2022-03-22,260,210,80.76923076923077
HOSP-9918,The Johns Hopkins Hospital,surgery,,230,150,65.21739130434783
HOSP-9920,The Johns Hopkins Hospital,maternity,2021-04-19,400,220,55.00000000000001
HOSP-9920,The Johns Hopkins Hospital,maternity,2024-04-28,270,20,7.4074074074074066
HOSP-9923,The Johns Hopkins Hospital,maternity,2023-02-14,200,290,145.0
HOSP-9923,The Johns Hopkins Hospital,surgery,2020-08-20,210,150,71.42857142857143
HOSP-9925,The Johns Hopkins Hospital,pediatrics,2021-06-15,150,120,80.0
HOSP-9926,The Johns Hopkins Hospital,surgery,,280,90,32.142857142857146
HOSP-9928,The Johns Hopkins Hospital,er,,440,210,47.72727272727273
HOSP-9930,The Johns Hopkins Hospital,surgery,2023-11-30,240,50,20.833333333333336
HOSP-9931,The Johns Hopkins Hospital,er,2022-01-25,210,370,176.19047619047618
HOSP-9931,The Johns Hopkins Hospital,er,2022-07-23,430,350,81.3953488372093
HOSP-9931,The Johns Hopkins Hospital,er,,480,310,64.58333333333334
HOSP-9933,The Johns Hopkins Hospital,surgery,,500,350,70.0
HOSP-9934,The Johns Hopkins Hospital,icu,2023-01-29,230,170,73.91304347826086
HOSP-9934,The Johns Hopkins Hospital,surgery,2022-01-31,320,200,62.5
HOSP-9937,The Johns Hopkins Hospital,surgery,2020-12-19,380,70,18.421052631578945
HOSP-9938,The Johns Hopkins Hospital,er,,160,320,200.0
HOSP-9940,The Johns Hopkins Hospital,surgery,2020-12-28,360,180,50.0
HOSP-9943,The Johns Hopkins Hospital,icu,2022-12-13,470,200,42.5531914893617
HOSP-9944,The Johns Hopkins Hospital,er,,390,10,2.564102564102564
HOSP-9944,The Johns Hopkins Hospital,icu,,360,320,88.88888888888889
HOSP-9945,The Johns Hopkins Hospital,icu,2021-03-14,240,310,129.16666666666669
HOSP-9945,The Johns Hopkins Hospital,surgery,2020-09-16,360,20,5.555555555555555
HOSP-9946,The Johns Hopkins Hospital,icu,2021-08-21,330,180,54.54545454545454
HOSP-9947,The Johns Hopkins Hospital,er,,390,70,17.94871794871795
HOSP-9948,The Johns Hopkins Hospital,pediatrics,2022-04-25,220,230,104.54545454545455
HOSP-9949,The Johns Hopkins Hospital,maternity,,210,150,71.42857142857143
HOSP-9950,The Johns Hopkins Hospital,maternity,,170,180,105.88235294117648
HOSP-9953,The Johns Hopkins Hospital,surgery,2022-04-25,460,270,58.69565217391305
HOSP-9953,The Johns Hopkins Hospital,surgery,,370,260,70.27027027027027
HOSP-9955,The Johns Hopkins Hospital,icu,,480,40,8.333333333333332
HOSP-9957,The Johns Hopkins Hospital,icu,2022-01-22,220,60,27.27272727272727
HOSP-9957,The Johns Hopkins Hospital,maternity,2021-07-24,360,280,77.77777777777779
HOSP-9957,The Johns Hopkins Hospital,maternity,,210,50,23.809523809523807
HOSP-9959,The Johns Hopkins Hospital,maternity,2021-02-15,110,170,154.54545454545453
HOSP-9960,The Johns Hopkins Hospital,pediatrics,,490,400,81.63265306122449
HOSP-9961,The Johns Hopkins Hospital,er,2020-08-17,360,150,41.66666666666667
HOSP-9961,The Johns Hopkins Hospital,er,,230,310,134.7826086956522
HOSP-9966,The Johns Hopkins Hospital,maternity,2023-09-24,110,70,63.63636363636363
HOSP-9966,The Johns Hopkins Hospital,maternity,2024-01-13,140,180,128.57142857142858
HOSP-9966,The Johns Hopkins Hospital,pediatrics,,170,240,141.1764705882353
HOSP-9967,The Johns Hopkins Hospital,pediatrics,,280,120,42.857142857142854
HOSP-9969,The Johns Hopkins Hospital,icu,2022-09-28,130,150,115.38461538461537
HOSP-9970,The Johns Hopkins Hospital,surgery,2023-11-24,390,100,25.64102564102564
HOSP-9971,The Johns Hopkins Hospital,surgery,2020-09-26,390,180,46.15384615384615
HOSP-9972,The Johns Hopkins Hospital,maternity,,480,400,83.33333333333334
HOSP-9974,The Johns Hopkins Hospital,surgery,2023-08-17,160,60,37.5
HOSP-9975,The Johns Hopkins Hospital,er,2020-08-21,370,220,59.45945945945946
HOSP-9976,The Johns Hopkins Hospital,pediatrics,2022-11-28,420,340,80.95238095238095
HOSP-9977,The Johns Hopkins Hospital,er,2021-03-18,120,150,125.0
HOSP-9977,The Johns Hopkins Hospital,maternity,2022-05-15,270,320,118.5185185185185
HOSP-9978,The Johns Hopkins Hospital,icu,2020-09-17,290,120,41.37931034482759
HOSP-9979,The Johns Hopkins Hospital,pediatrics,2024-04-16,250,380,152.0
HOSP-9980,The Johns Hopkins Hospital,icu,2024-03-23,450,240,53.333333333333336
HOSP-9980,The Johns Hopkins Hospital,icu,,270,90,33.33333333333333
HOSP-9981,The Johns Hopkins Hospital,surgery,2024-05-24,330,170,51.515151515151516
HOSP-9982,The Johns Hopkins Hospital,icu,2023-08-21,120,300,250.0
HOSP-9984,The Johns Hopkins Hospital,icu,2024-03-30,120,310,258.33333333333337
HOSP-9984,The Johns Hopkins Hospital,maternity,2021-09-23,360,110,30.555555555555557
HOSP-9984,The Johns Hopkins Hospital,maternity,,400,170,42.5
HOSP-9985,The Johns Hopkins Hospital,er,2020-12-27,490,250,51.02040816326531
HOSP-9985,The Johns Hopkins Hospital,icu,2020-11-20,460,160,34.78260869565217
HOSP-9985,The Johns Hopkins Hospital,surgery,,440,130,29.545454545454547
HOSP-9986,The Johns Hopkins Hospital,er,2023-07-24,250,240,96.0
HOSP-9987,The Johns Hopkins Hospital,er,,200,180,90.0
HOSP-9987,The Johns Hopkins Hospital,maternity,2023-03-25,210,40,19.047619047619047
HOSP-9988,The Johns Hopkins Hospital,surgery,,390,280,71.7948717948718
HOSP-9989,The Johns Hopkins Hospital,icu,2021-07-18,430,140,32.55813953488372
HOSP-9989,The Johns Hopkins Hospital,icu,,140,210,150.0
HOSP-9989,The Johns Hopkins Hospital,surgery,2021-05-28,420,350,83.33333333333334
HOSP-9990,The Johns Hopkins Hospital,er,2022-09-13,350,400,114.28571428571428
HOSP-9991,The Johns Hopkins Hospital,pediatrics,,430,380,88.37209302325581
HOSP-9992,The Johns Hopkins Hospital,icu,2023-11-15,450,10,2.2222222222222223
HOSP-9992,The Johns Hopkins Hospital,pediatrics,,260,370,142.30769230769232
HOSP-9993,The Johns Hopkins Hospital,pediatrics,2023-06-29,180,160,88.88888888888889
HOSP-9995,The Johns Hopkins Hospital,maternity,2020-08-19,490,400,81.63265306122449
HOSP-9996,The Johns Hopkins Hospital,maternity,,170,310,182.35294117647058
HOSP-9998,The Johns Hopkins Hospital,er,2024-01-27,370,70,18.91891891891892
