date,hospital_id,hospital_name,department_id,department_name,department_type,total_beds,occupied_beds_count,bed_occupancy_rate_pct,patients_admitted_count,patients_discharged_count,readmission_count,readmission_rate_pct,mortality_count,mortality_rate_pct,avg_length_of_stay_days,avg_treatment_time_hours,transfer_events_count,nurses_on_duty,doctors_on_duty,staff_to_patient_ratio,equipment_downtime_hours,avg_satisfaction_score,department_efficiency_score
2020-01-05,H001,MedTrack General Hospital,D001,Emergency Department,Emergency,9,1,11.1,1,1,0,0.0,0,0.0,0.2,4.1,0,1,1,2.0,0.61,5.0,63.8
2020-03-28,H001,MedTrack General Hospital,D001,Emergency Department,Emergency,9,1,11.1,1,1,0,0.0,0,0.0,0.6,13.4,0,1,1,2.0,0.82,4.6,63.5
2020-04-11,H001,MedTrack General Hospital,D001,Emergency Department,Emergency,9,0,0.0,0,0,0,0.0,0,0.0,0.9,21.7,0,1,1,0.0,0.54,,59.4
2020-04-12,H001,MedTrack General Hospital,D001,Emergency Department,Emergency,9,1,11.1,1,0,0,0.0,0,0.0,1.0,22.6,0,1,1,2.0,0.25,3.5,62.0
2020-04-13,H001,MedTrack General Hospital,D001,Emergency Department,Emergency,9,1,11.1,0,1,0,0.0,0,0.0,1.0,24.9,0,1,1,2.0,0.53,3.5,61.7
2020-04-15,H001,MedTrack General Hospital,D001,Emergency Department,Emergency,9,1,11.1,1,1,0,0.0,0,0.0,0.3,7.0,0,1,1,2.0,0.61,3.4,63.8
2020-06-10,H001,MedTrack General Hospital,D001,Emergency Department,Emergency,9,1,11.1,1,0,0,0.0,0,0.0,1.0,24.1,0,1,1,2.0,0.91,4.1,61.2
2020-06-11,H001,MedTrack General Hospital,D001,Emergency Department,Emergency,9,1,11.1,0,1,0,0.0,0,0.0,1.0,21.0,0,1,1,2.0,0.89,4.1,61.2
2020-06-26,H001,MedTrack General Hospital,D001,Emergency Department,Emergency,9,1,11.1,1,0,0,0.0,0,0.0,1.0,25.1,0,1,1,2.0,1.3,3.4,60.7
2020-06-27,H001,MedTrack General Hospital,D001,Emergency Department,Emergency,9,1,11.1,0,1,0,0.0,0,0.0,1.0,23.0,0,2,1,3.0,0.05,3.4,62.2
2020-07-26,H001,MedTrack General Hospital,D001,Emergency Department,Emergency,9,1,11.1,1,0,0,0.0,0,0.0,1.0,24.8,0,1,1,2.0,0.39,4.1,61.8
2020-07-27,H001,MedTrack General Hospital,D001,Emergency Department,Emergency,9,1,11.1,0,1,0,0.0,0,0.0,1.0,22.3,0,1,1,2.0,0.87,4.1,61.3
2020-07-29,H001,MedTrack General Hospital,D001,Emergency Department,Emergency,9,1,11.1,1,0,0,0.0,0,0.0,1.0,25.0,0,1,1,2.0,0.26,3.7,62.0
2020-07-30,H001,MedTrack General Hospital,D001,Emergency Department,Emergency,9,2,22.2,1,2,0,0.0,0,0.0,0.8,16.5,0,1,1,1.0,0.91,3.97,68.8
2020-09-17,H001,MedTrack General Hospital,D001,Emergency Department,Emergency,9,1,11.1,1,1,0,0.0,0,0.0,0.4,9.4,0,2,1,3.0,0.75,4.8,63.6
2020-10-07,H001,MedTrack General Hospital,D001,Emergency Department,Emergency,9,0,0.0,0,0,0,0.0,0,0.0,0.9,22.4,0,1,1,0.0,0.28,,59.7
2020-10-08,H001,MedTrack General Hospital,D001,Emergency Department,Emergency,9,1,11.1,1,1,0,0.0,0,0.0,0.5,11.6,0,1,1,2.0,0.62,4.7,63.8
2020-10-31,H001,MedTrack General Hospital,D001,Emergency Department,Emergency,9,1,11.1,1,0,0,0.0,0,0.0,1.0,20.4,0,1,1,2.0,0.56,4.0,61.6
2020-11-01,H001,MedTrack General Hospital,D001,Emergency Department,Emergency,9,1,11.1,0,1,0,0.0,0,0.0,1.0,22.4,0,1,1,2.0,0.76,4.0,61.4
2020-12-15,H001,MedTrack General Hospital,D001,Emergency Department,Emergency,9,1,11.1,1,1,0,0.0,0,0.0,0.6,13.1,0,1,1,2.0,0.52,4.6,63.9
2021-02-07,H001,MedTrack General Hospital,D001,Emergency Department,Emergency,9,1,11.1,1,0,0,0.0,0,0.0,1.0,21.5,0,2,1,3.0,0.58,3.6,61.6
2021-02-08,H001,MedTrack General Hospital,D001,Emergency Department,Emergency,9,1,11.1,0,1,0,0.0,0,0.0,1.0,20.8,0,1,1,2.0,0.64,3.6,61.5
2021-04-15,H001,MedTrack General Hospital,D001,Emergency Department,Emergency,9,1,11.1,1,1,0,0.0,0,0.0,0.3,7.4,0,1,1,2.0,0.63,4.8,63.8
2021-05-21,H001,MedTrack General Hospital,D001,Emergency Department,Emergency,9,1,11.1,1,1,0,0.0,0,0.0,0.2,4.8,0,2,1,3.0,0.13,4.0,64.4
2021-06-01,H001,MedTrack General Hospital,D001,Emergency Department,Emergency,9,1,11.1,1,0,0,0.0,0,0.0,1.0,24.5,0,1,1,2.0,0.62,2.8,61.6
2021-06-02,H001,MedTrack General Hospital,D001,Emergency Department,Emergency,9,1,11.1,0,1,0,0.0,0,0.0,1.0,21.1,0,1,1,2.0,0.43,2.8,61.8
2021-07-09,H001,MedTrack General Hospital,D001,Emergency Department,Emergency,9,1,11.1,1,0,0,0.0,0,0.0,1.0,20.7,0,2,1,3.0,0.76,4.8,61.4
2021-07-10,H001,MedTrack General Hospital,D001,Emergency Department,Emergency,9,1,11.1,0,1,0,0.0,0,0.0,1.0,24.4,0,1,1,2.0,0.87,4.8,61.3
2021-07-11,H001,MedTrack General Hospital,D001,Emergency Department,Emergency,9,0,0.0,0,0,0,0.0,0,0.0,0.9,22.4,0,1,1,0.0,0.64,,59.2
2021-07-13,H001,MedTrack General Hospital,D001,Emergency Department,Emergency,9,1,11.1,1,1,0,0.0,0,0.0,0.3,6.5,0,1,1,2.0,1.28,5.0,63.0
2021-09-24,H001,MedTrack General Hospital,D001,Emergency Department,Emergency,9,1,11.1,1,1,0,0.0,0,0.0,0.3,6.4,0,2,1,3.0,0.34,4.1,64.1
2021-09-25,H001,MedTrack General Hospital,D001,Emergency Department,Emergency,9,1,11.1,1,1,0,0.0,0,0.0,0.5,10.8,0,1,1,2.0,0.64,4.4,63.8
2021-10-06,H001,MedTrack General Hospital,D001,Emergency Department,Emergency,9,1,11.1,1,1,0,0.0,0,0.0,0.2,4.2,0,1,1,2.0,1.48,4.5,62.8
2021-10-09,H001,MedTrack General Hospital,D001,Emergency Department,Emergency,9,1,11.1,1,0,0,0.0,0,0.0,1.0,22.9,0,1,1,2.0,0.84,4.4,61.3
2021-10-10,H001,MedTrack General Hospital,D001,Emergency Department,Emergency,9,1,11.1,0,1,0,0.0,0,0.0,1.0,22.2,0,1,1,2.0,0.89,4.4,61.2
2021-11-27,H001,MedTrack General Hospital,D001,Emergency Department,Emergency,9,1,11.1,1,0,0,0.0,0,0.0,1.0,25.0,0,1,1,2.0,0.69,4.7,61.5
2021-11-28,H001,MedTrack General Hospital,D001,Emergency Department,Emergency,9,1,11.1,0,1,0,0.0,0,0.0,1.0,21.1,0,1,1,2.0,0.22,4.7,62.0
2022-02-17,H001,MedTrack General Hospital,D001,Emergency Department,Emergency,9,1,11.1,1,1,0,0.0,0,0.0,0.5,11.5,0,1,1,2.0,0.56,4.5,63.9
2022-04-28,H001,MedTrack General Hospital,D001,Emergency Department,Emergency,9,1,11.1,1,1,0,0.0,0,0.0,0.4,8.3,0,2,1,3.0,0.6,4.6,63.8
2022-06-03,H001,MedTrack General Hospital,D001,Emergency Department,Emergency,9,1,11.1,1,1,0,0.0,0,0.0,0.8,19.0,0,2,1,3.0,0.91,2.4,63.4
2022-06-16,H001,MedTrack General Hospital,D001,Emergency Department,Emergency,9,1,11.1,1,0,0,0.0,0,0.0,1.0,24.6,0,2,1,3.0,0.01,4.6,62.3
2022-06-17,H001,MedTrack General Hospital,D001,Emergency Department,Emergency,9,1,11.1,0,1,0,0.0,0,0.0,1.0,20.8,0,1,1,2.0,0.41,4.6,61.8
2022-12-19,H001,MedTrack General Hospital,D001,Emergency Department,Emergency,9,1,11.1,1,0,0,0.0,0,0.0,1.0,21.3,0,2,1,3.0,0.59,3.7,61.6
2022-12-20,H001,MedTrack General Hospital,D001,Emergency Department,Emergency,9,1,11.1,0,1,0,0.0,0,0.0,1.0,21.8,0,1,1,2.0,0.35,3.7,61.9
2023-04-24,H001,MedTrack General Hospital,D001,Emergency Department,Emergency,9,1,11.1,1,1,0,0.0,0,0.0,0.9,18.9,0,1,1,2.0,0.88,4.0,63.5
2023-06-19,H001,MedTrack General Hospital,D001,Emergency Department,Emergency,9,1,11.1,1,1,0,0.0,0,0.0,0.8,18.6,0,1,1,2.0,0.95,4.4,63.4
2023-06-26,H001,MedTrack General Hospital,D001,Emergency Department,Emergency,9,1,11.1,1,1,0,0.0,0,0.0,0.3,6.9,0,1,1,2.0,0.45,4.3,64.0
2023-08-12,H001,MedTrack General Hospital,D001,Emergency Department,Emergency,9,1,11.1,1,0,0,0.0,0,0.0,1.0,23.0,0,2,1,3.0,0.71,4.2,61.5
2023-08-13,H001,MedTrack General Hospital,D001,Emergency Department,Emergency,9,1,11.1,0,1,0,0.0,0,0.0,1.0,21.6,0,1,1,2.0,0.75,4.2,61.4
2023-08-19,H001,MedTrack General Hospital,D001,Emergency Department,Emergency,9,1,11.1,1,1,0,0.0,0,0.0,0.5,11.9,0,1,1,2.0,1.14,4.4,63.2
2023-12-05,H001,MedTrack General Hospital,D001,Emergency Department,Emergency,9,1,11.1,1,0,0,0.0,0,0.0,1.0,20.9,0,1,1,2.0,0.6,4.0,61.6
2023-12-06,H001,MedTrack General Hospital,D001,Emergency Department,Emergency,9,1,11.1,0,1,0,0.0,0,0.0,1.0,23.0,0,2,1,3.0,0.78,4.0,61.4
2024-04-05,H001,MedTrack General Hospital,D001,Emergency Department,Emergency,9,1,11.1,1,0,0,0.0,0,0.0,1.0,23.1,0,1,1,2.0,0.89,3.7,61.2
2024-04-06,H001,MedTrack General Hospital,D001,Emergency Department,Emergency,9,1,11.1,0,1,0,0.0,0,0.0,1.0,21.1,0,1,1,2.0,0.18,3.7,62.1
2024-06-21,H001,MedTrack General Hospital,D001,Emergency Department,Emergency,9,1,11.1,1,1,0,0.0,0,0.0,0.8,19.8,0,1,1,2.0,0.96,4.6,63.4
2024-07-30,H001,MedTrack General Hospital,D001,Emergency Department,Emergency,9,1,11.1,1,0,0,0.0,0,0.0,1.0,22.6,0,1,1,2.0,0.89,4.4,61.2
2024-07-31,H001,MedTrack General Hospital,D001,Emergency Department,Emergency,9,1,11.1,0,1,0,0.0,0,0.0,1.0,21.7,0,1,1,2.0,0.6,4.4,61.6
2024-08-26,H001,MedTrack General Hospital,D001,Emergency Department,Emergency,9,1,11.1,1,1,0,0.0,0,0.0,0.3,7.4,0,1,1,2.0,0.31,3.5,64.2
2024-08-27,H001,MedTrack General Hospital,D001,Emergency Department,Emergency,9,0,0.0,0,0,0,0.0,0,0.0,0.9,19.4,0,1,1,0.0,0.44,,59.5
2025-06-08,H001,MedTrack General Hospital,D001,Emergency Department,Emergency,9,1,11.1,1,1,0,0.0,0,0.0,0.5,11.0,0,1,1,2.0,0.11,3.8,64.4
2025-09-28,H001,MedTrack General Hospital,D001,Emergency Department,Emergency,9,1,11.1,1,0,0,0.0,0,0.0,1.0,22.1,0,1,1,2.0,1.21,4.1,60.9
2025-09-29,H001,MedTrack General Hospital,D001,Emergency Department,Emergency,9,1,11.1,0,1,0,0.0,0,0.0,1.0,24.0,0,1,1,2.0,0.93,4.1,61.2
2025-12-10,H001,MedTrack General Hospital,D001,Emergency Department,Emergency,9,1,11.1,1,0,0,0.0,0,0.0,1.0,21.6,0,1,1,2.0,0.44,3.3,61.8
2025-12-11,H001,MedTrack General Hospital,D001,Emergency Department,Emergency,9,1,11.1,0,1,0,0.0,0,0.0,1.0,24.5,0,1,1,2.0,0.99,3.3,61.1
2020-01-12,H001,MedTrack General Hospital,D002,General Medicine,Medical,12,1,8.3,1,0,0,0.0,0,0.0,6.0,122.8,0,1,1,2.0,0.62,4.4,53.9
2020-01-13,H001,MedTrack General Hospital,D002,General Medicine,Medical,12,1,8.3,0,0,0,0.0,0,0.0,4.2,94.5,0,1,1,2.0,0.07,,63.1
2020-01-14,H001,MedTrack General Hospital,D002,General Medicine,Medical,12,1,8.3,0,0,0,0.0,0,0.0,4.2,99.5,0,2,1,3.0,0.51,,62.6
2020-01-15,H001,MedTrack General Hospital,D002,General Medicine,Medical,12,1,8.3,0,0,0,0.0,0,0.0,4.2,93.1,0,1,1,2.0,0.57,,62.5
2020-01-16,H001,MedTrack General Hospital,D002,General Medicine,Medical,12,1,8.3,0,0,0,0.0,0,0.0,4.2,88.5,0,1,1,2.0,0.47,,62.6
2020-01-17,H001,MedTrack General Hospital,D002,General Medicine,Medical,12,1,8.3,0,0,0,0.0,0,0.0,4.2,104.8,0,1,1,2.0,0.49,,62.6
2020-01-18,H001,MedTrack General Hospital,D002,General Medicine,Medical,12,1,8.3,0,1,0,0.0,0,0.0,6.0,147.9,0,2,1,3.0,0.35,4.4,54.2
2020-06-27,H001,MedTrack General Hospital,D002,General Medicine,Medical,12,1,8.3,1,0,0,0.0,0,0.0,3.0,68.9,0,2,1,3.0,0.31,3.6,62.8
2020-06-28,H001,MedTrack General Hospital,D002,General Medicine,Medical,12,1,8.3,0,0,0,0.0,0,0.0,4.2,89.5,1,1,1,2.0,0.22,,62.9
2020-06-29,H001,MedTrack General Hospital,D002,General Medicine,Medical,12,1,8.3,0,0,0,0.0,0,0.0,4.2,101.8,0,1,1,2.0,0.28,,62.8
2020-06-30,H001,MedTrack General Hospital,D002,General Medicine,Medical,12,1,8.3,0,1,0,0.0,0,0.0,3.0,68.3,0,1,1,2.0,0.01,3.6,63.2
2020-10-01,H001,MedTrack General Hospital,D002,General Medicine,Medical,12,1,8.3,1,0,0,0.0,0,0.0,8.0,200.6,0,1,1,2.0,0.3,3.0,44.7
2020-10-02,H001,MedTrack General Hospital,D002,General Medicine,Medical,12,1,8.3,0,0,0,0.0,0,0.0,4.2,91.3,0,1,1,2.0,0.32,,62.8
2020-10-03,H001,MedTrack General Hospital,D002,General Medicine,Medical,12,1,8.3,0,0,0,0.0,0,0.0,4.2,91.5,0,1,1,2.0,0.11,,63.1
2020-10-04,H001,MedTrack General Hospital,D002,General Medicine,Medical,12,1,8.3,0,0,0,0.0,0,0.0,4.2,98.9,1,1,1,2.0,0.25,,62.9
2020-10-05,H001,MedTrack General Hospital,D002,General Medicine,Medical,12,1,8.3,0,0,0,0.0,0,0.0,4.2,101.4,0,1,1,2.0,0.38,,62.7
2020-10-06,H001,MedTrack General Hospital,D002,General Medicine,Medical,12,1,8.3,0,0,0,0.0,0,0.0,4.2,93.2,0,1,1,2.0,0.37,,62.7
2020-10-07,H001,MedTrack General Hospital,D002,General Medicine,Medical,12,1,8.3,0,0,0,0.0,0,0.0,4.2,96.5,0,1,1,2.0,0.29,,62.8
2020-10-08,H001,MedTrack General Hospital,D002,General Medicine,Medical,12,1,8.3,0,0,0,0.0,0,0.0,4.2,99.9,0,1,1,2.0,0.37,,62.7
2020-10-09,H001,MedTrack General Hospital,D002,General Medicine,Medical,12,1,8.3,0,1,0,0.0,0,0.0,8.0,175.5,0,1,1,2.0,0.27,3.0,44.8
2020-11-25,H001,MedTrack General Hospital,D002,General Medicine,Medical,12,1,8.3,1,0,0,0.0,0,0.0,4.0,97.4,0,1,1,2.0,0.22,3.7,62.9
2020-11-26,H001,MedTrack General Hospital,D002,General Medicine,Medical,12,1,8.3,0,0,0,0.0,0,0.0,4.2,100.0,0,1,1,2.0,0.38,,62.7
2020-11-27,H001,MedTrack General Hospital,D002,General Medicine,Medical,12,1,8.3,0,0,0,0.0,0,0.0,4.2,101.5,1,2,1,3.0,0.21,,62.9
2020-11-28,H001,MedTrack General Hospital,D002,General Medicine,Medical,12,1,8.3,0,0,0,0.0,0,0.0,4.2,93.3,0,1,1,2.0,0.0,,63.2
2020-11-29,H001,MedTrack General Hospital,D002,General Medicine,Medical,12,1,8.3,0,1,0,0.0,0,0.0,4.0,94.8,0,1,1,2.0,0.38,3.7,62.7
2021-01-05,H001,MedTrack General Hospital,D002,General Medicine,Medical,12,1,8.3,1,0,0,0.0,0,0.0,2.0,45.5,0,1,1,2.0,0.38,3.7,62.7
2021-01-06,H001,MedTrack General Hospital,D002,General Medicine,Medical,12,1,8.3,0,0,0,0.0,0,0.0,4.2,91.5,0,1,1,2.0,0.19,,63.0
2021-01-07,H001,MedTrack General Hospital,D002,General Medicine,Medical,12,1,8.3,0,1,0,0.0,0,0.0,2.0,43.1,0,2,1,3.0,0.23,3.7,62.9
2021-01-16,H001,MedTrack General Hospital,D002,General Medicine,Medical,12,1,8.3,1,0,0,0.0,0,0.0,3.0,66.5,0,2,1,3.0,0.14,4.1,63.0
2021-01-17,H001,MedTrack General Hospital,D002,General Medicine,Medical,12,1,8.3,0,0,0,0.0,0,0.0,4.2,93.3,1,1,1,2.0,0.21,,62.9
2021-01-18,H001,MedTrack General Hospital,D002,General Medicine,Medical,12,1,8.3,0,0,0,0.0,0,0.0,4.2,91.5,0,1,1,2.0,0.24,,62.9
2021-01-19,H001,MedTrack General Hospital,D002,General Medicine,Medical,12,1,8.3,0,1,0,0.0,0,0.0,3.0,74.7,0,1,1,2.0,0.11,4.1,63.1
2021-03-19,H001,MedTrack General Hospital,D002,General Medicine,Medical,12,1,8.3,1,0,0,0.0,0,0.0,9.0,194.6,0,1,1,2.0,0.17,,40.1
2021-03-20,H001,MedTrack General Hospital,D002,General Medicine,Medical,12,1,8.3,0,0,0,0.0,0,0.0,4.2,89.2,0,1,1,2.0,0.23,,62.9
2021-03-21,H001,MedTrack General Hospital,D002,General Medicine,Medical,12,1,8.3,0,0,0,0.0,0,0.0,4.2,96.9,0,1,1,2.0,0.03,,63.1
2021-03-22,H001,MedTrack General Hospital,D002,General Medicine,Medical,12,1,8.3,0,0,0,0.0,0,0.0,4.2,91.6,0,1,1,2.0,0.39,,62.7
2021-03-23,H001,MedTrack General Hospital,D002,General Medicine,Medical,12,1,8.3,0,0,0,0.0,0,0.0,4.2,89.6,1,1,1,2.0,0.4,,62.7
2021-03-24,H001,MedTrack General Hospital,D002,General Medicine,Medical,12,1,8.3,0,0,0,0.0,0,0.0,4.2,92.9,0,1,1,2.0,0.0,,63.2
2021-03-25,H001,MedTrack General Hospital,D002,General Medicine,Medical,12,1,8.3,0,0,0,0.0,0,0.0,4.2,96.3,0,1,1,2.0,0.36,,62.8
2021-03-26,H001,MedTrack General Hospital,D002,General Medicine,Medical,12,1,8.3,0,0,0,0.0,0,0.0,4.2,87.6,0,1,1,2.0,0.5,,62.6
2021-03-27,H001,MedTrack General Hospital,D002,General Medicine,Medical,12,1,8.3,0,0,0,0.0,0,0.0,4.2,101.7,0,1,1,2.0,0.45,,62.6
2021-03-28,H001,MedTrack General Hospital,D002,General Medicine,Medical,12,1,8.3,0,1,0,0.0,0,0.0,9.0,184.7,0,1,1,2.0,0.48,3.4,39.8
2021-05-12,H001,MedTrack General Hospital,D002,General Medicine,Medical,12,1,8.3,1,0,0,0.0,0,0.0,2.0,47.2,0,1,1,2.0,0.46,,62.6
2021-05-13,H001,MedTrack General Hospital,D002,General Medicine,Medical,12,1,8.3,0,0,0,0.0,0,0.0,4.2,90.8,0,2,1,3.0,0.26,,62.9
2021-05-14,H001,MedTrack General Hospital,D002,General Medicine,Medical,12,1,8.3,0,1,0,0.0,1,100.0,2.0,48.4,0,1,1,2.0,0.12,,63.0
2021-07-13,H001,MedTrack General Hospital,D002,General Medicine,Medical,12,0,0.0,0,0,0,0.0,0,0.0,4.2,98.0,0,1,1,0.0,0.51,,59.4
2021-07-14,H001,MedTrack General Hospital,D002,General Medicine,Medical,12,1,8.3,1,0,0,0.0,0,0.0,4.0,83.7,0,1,1,2.0,0.55,4.4,62.5
2021-07-15,H001,MedTrack General Hospital,D002,General Medicine,Medical,12,1,8.3,0,0,0,0.0,0,0.0,4.2,96.0,0,1,1,2.0,0.32,,62.8
2021-07-16,H001,MedTrack General Hospital,D002,General Medicine,Medical,12,1,8.3,0,0,0,0.0,0,0.0,4.2,86.2,0,1,1,2.0,0.24,,62.9
2021-07-17,H001,MedTrack General Hospital,D002,General Medicine,Medical,12,1,8.3,0,0,0,0.0,0,0.0,4.2,97.5,0,2,1,3.0,0.42,,62.7
2021-07-18,H001,MedTrack General Hospital,D002,General Medicine,Medical,12,1,8.3,0,1,0,0.0,0,0.0,4.0,81.9,0,1,1,2.0,0.39,4.4,62.7
2021-12-13,H001,MedTrack General Hospital,D002,General Medicine,Medical,12,0,0.0,0,0,0,0.0,0,0.0,4.2,98.1,0,1,1,0.0,0.37,,59.6
2021-12-14,H001,MedTrack General Hospital,D002,General Medicine,Medical,12,1,8.3,1,0,0,0.0,0,0.0,5.0,121.9,0,1,1,2.0,0.16,2.9,59.2
2021-12-15,H001,MedTrack General Hospital,D002,General Medicine,Medical,12,1,8.3,0,0,0,0.0,0,0.0,4.2,86.5,0,1,1,2.0,0.4,,62.7
2021-12-16,H001,MedTrack General Hospital,D002,General Medicine,Medical,12,1,8.3,0,0,0,0.0,0,0.0,4.2,92.5,1,1,1,2.0,0.04,,63.1
2021-12-17,H001,MedTrack General Hospital,D002,General Medicine,Medical,12,1,8.3,0,0,0,0.0,0,0.0,4.2,86.3,0,1,1,2.0,0.27,,62.9
2021-12-18,H001,MedTrack General Hospital,D002,General Medicine,Medical,12,1,8.3,0,0,0,0.0,0,0.0,4.2,91.7,0,2,1,3.0,0.3,,62.8
2021-12-19,H001,MedTrack General Hospital,D002,General Medicine,Medical,12,1,8.3,0,1,0,0.0,0,0.0,5.0,105.1,0,1,1,2.0,0.47,2.9,58.8
2021-12-20,H001,MedTrack General Hospital,D002,General Medicine,Medical,12,0,0.0,0,0,0,0.0,0,0.0,4.2,94.6,0,1,1,0.0,0.28,,59.7
2022-01-14,H001,MedTrack General Hospital,D002,General Medicine,Medical,12,1,8.3,1,0,1,100.0,0,0.0,4.0,95.9,1,1,1,2.0,0.47,5.0,42.6
2022-01-15,H001,MedTrack General Hospital,D002,General Medicine,Medical,12,1,8.3,0,0,0,0.0,0,0.0,4.2,94.4,0,1,1,2.0,0.3,,62.8
2022-01-16,H001,MedTrack General Hospital,D002,General Medicine,Medical,12,1,8.3,0,0,0,0.0,0,0.0,4.2,95.0,0,1,1,2.0,0.41,,62.7
2022-01-17,H001,MedTrack General Hospital,D002,General Medicine,Medical,12,1,8.3,0,0,0,0.0,0,0.0,4.2,96.9,0,1,1,2.0,0.62,,62.4
2022-01-18,H001,MedTrack General Hospital,D002,General Medicine,Medical,12,1,8.3,0,1,0,0.0,0,0.0,4.0,97.5,0,1,1,2.0,0.23,5.0,62.9
2022-07-13,H001,MedTrack General Hospital,D002,General Medicine,Medical,12,2,16.7,2,0,0,0.0,0,0.0,5.0,115.2,1,1,1,1.0,0.34,4.4,63.0
2022-07-14,H001,MedTrack General Hospital,D002,General Medicine,Medical,12,2,16.7,0,0,0,0.0,0,0.0,4.2,86.7,0,1,1,1.0,0.03,,67.2
2022-07-15,H001,MedTrack General Hospital,D002,General Medicine,Medical,12,2,16.7,0,0,0,0.0,0,0.0,4.2,88.4,0,1,1,1.0,0.54,,66.6
2022-07-16,H001,MedTrack General Hospital,D002,General Medicine,Medical,12,2,16.7,0,0,0,0.0,0,0.0,4.2,94.7,0,2,1,1.5,0.32,,66.8
2022-07-17,H001,MedTrack General Hospital,D002,General Medicine,Medical,12,2,16.7,0,0,0,0.0,0,0.0,4.2,88.0,0,1,1,1.0,0.52,,66.6
2022-07-18,H001,MedTrack General Hospital,D002,General Medicine,Medical,12,2,16.7,0,2,0,0.0,0,0.0,5.0,115.9,0,1,1,1.0,0.21,4.4,63.2
2022-07-20,H001,MedTrack General Hospital,D002,General Medicine,Medical,12,1,8.3,1,0,0,0.0,0,0.0,6.0,128.9,0,1,1,2.0,0.11,,54.5
2022-07-21,H001,MedTrack General Hospital,D002,General Medicine,Medical,12,1,8.3,0,0,0,0.0,0,0.0,4.2,99.0,0,2,1,3.0,0.31,,62.8
2022-07-22,H001,MedTrack General Hospital,D002,General Medicine,Medical,12,1,8.3,0,0,0,0.0,0,0.0,4.2,95.6,0,2,1,3.0,0.18,,63.0
2022-07-23,H001,MedTrack General Hospital,D002,General Medicine,Medical,12,1,8.3,0,0,0,0.0,0,0.0,4.2,97.9,0,1,1,2.0,0.33,,62.8
2022-07-24,H001,MedTrack General Hospital,D002,General Medicine,Medical,12,1,8.3,0,0,0,0.0,0,0.0,4.2,100.1,0,1,1,2.0,0.12,,63.0
2022-07-25,H001,MedTrack General Hospital,D002,General Medicine,Medical,12,1,8.3,0,0,0,0.0,0,0.0,4.2,103.0,1,2,1,3.0,0.63,,62.4
2022-07-26,H001,MedTrack General Hospital,D002,General Medicine,Medical,12,1,8.3,0,1,0,0.0,0,0.0,6.0,149.2,0,1,1,2.0,0.08,4.1,54.5
2022-09-05,H001,MedTrack General Hospital,D002,General Medicine,Medical,12,1,8.3,1,0,0,0.0,0,0.0,3.0,61.3,0,1,1,2.0,0.27,4.7,62.9
2022-09-06,H001,MedTrack General Hospital,D002,General Medicine,Medical,12,1,8.3,0,0,0,0.0,0,0.0,4.2,93.3,0,1,1,2.0,0.2,,62.9
2022-09-07,H001,MedTrack General Hospital,D002,General Medicine,Medical,12,1,8.3,0,0,0,0.0,0,0.0,4.2,88.4,0,1,1,2.0,0.0,,63.2
2022-09-08,H001,MedTrack General Hospital,D002,General Medicine,Medical,12,1,8.3,0,1,0,0.0,0,0.0,3.0,69.4,0,1,1,2.0,0.06,4.7,63.1
2022-09-13,H001,MedTrack General Hospital,D002,General Medicine,Medical,12,1,8.3,1,0,0,0.0,0,0.0,2.0,43.0,0,1,1,2.0,0.37,4.5,62.7
2022-09-14,H001,MedTrack General Hospital,D002,General Medicine,Medical,12,1,8.3,0,0,0,0.0,0,0.0,4.2,91.9,0,1,1,2.0,0.19,,63.0
2022-09-15,H001,MedTrack General Hospital,D002,General Medicine,Medical,12,1,8.3,0,1,0,0.0,0,0.0,2.0,42.7,0,1,1,2.0,0.24,4.5,62.9
2022-09-16,H001,MedTrack General Hospital,D002,General Medicine,Medical,12,0,0.0,0,0,0,0.0,0,0.0,4.2,103.1,0,1,1,0.0,0.24,,59.7
2022-09-24,H001,MedTrack General Hospital,D002,General Medicine,Medical,12,1,8.3,1,0,0,0.0,0,0.0,4.0,93.9,0,1,1,2.0,0.29,4.1,62.8
2022-09-25,H001,MedTrack General Hospital,D002,General Medicine,Medical,12,1,8.3,0,0,0,0.0,0,0.0,4.2,89.8,0,1,1,2.0,0.38,,62.7
2022-09-26,H001,MedTrack General Hospital,D002,General Medicine,Medical,12,1,8.3,0,0,0,0.0,0,0.0,4.2,97.1,0,2,1,3.0,0.16,,63.0
2022-09-27,H001,MedTrack General Hospital,D002,General Medicine,Medical,12,1,8.3,0,0,0,0.0,0,0.0,4.2,101.5,0,1,1,2.0,0.22,,62.9
2022-09-28,H001,MedTrack General Hospital,D002,General Medicine,Medical,12,1,8.3,0,1,0,0.0,0,0.0,4.0,99.7,0,1,1,2.0,0.57,4.1,62.5
2023-02-23,H001,MedTrack General Hospital,D002,General Medicine,Medical,12,1,8.3,1,0,0,0.0,0,0.0,7.0,155.6,0,2,1,3.0,0.42,3.2,49.3
2023-02-24,H001,MedTrack General Hospital,D002,General Medicine,Medical,12,1,8.3,0,0,0,0.0,0,0.0,4.2,105.8,0,1,1,2.0,0.21,,62.9
2023-02-25,H001,MedTrack General Hospital,D002,General Medicine,Medical,12,1,8.3,0,0,0,0.0,0,0.0,4.2,96.2,0,1,1,2.0,0.19,,63.0
2023-02-26,H001,MedTrack General Hospital,D002,General Medicine,Medical,12,1,8.3,0,0,0,0.0,0,0.0,4.2,94.6,0,1,1,2.0,0.16,,63.0
2023-02-27,H001,MedTrack General Hospital,D002,General Medicine,Medical,12,1,8.3,0,0,0,0.0,0,0.0,4.2,99.9,0,1,1,2.0,0.36,,62.8
2023-02-28,H001,MedTrack General Hospital,D002,General Medicine,Medical,12,1,8.3,0,0,0,0.0,0,0.0,4.2,85.7,0,1,1,2.0,0.32,,62.8
2023-03-01,H001,MedTrack General Hospital,D002,General Medicine,Medical,12,1,8.3,0,0,0,0.0,0,0.0,4.2,104.5,0,1,1,2.0,0.3,,62.8
2023-03-02,H001,MedTrack General Hospital,D002,General Medicine,Medical,12,1,8.3,0,1,0,0.0,0,0.0,7.0,150.6,0,1,1,2.0,0.17,3.2,49.6
2023-04-12,H001,MedTrack General Hospital,D002,General Medicine,Medical,12,1,8.3,1,0,0,0.0,0,0.0,1.0,21.0,0,1,1,2.0,0.3,3.4,62.8
2023-04-13,H001,MedTrack General Hospital,D002,General Medicine,Medical,12,1,8.3,0,1,0,0.0,0,0.0,1.0,21.2,0,1,1,2.0,0.32,,62.8
2023-04-14,H001,MedTrack General Hospital,D002,General Medicine,Medical,12,0,0.0,0,0,0,0.0,0,0.0,4.2,91.9,0,1,1,0.0,0.37,,59.6
2023-09-07,H001,MedTrack General Hospital,D002,General Medicine,Medical,12,1,8.3,1,1,0,0.0,0,0.0,0.8,16.3,1,1,1,2.0,0.19,4.7,63.0
2023-09-08,H001,MedTrack General Hospital,D002,General Medicine,Medical,12,0,0.0,0,0,0,0.0,0,0.0,4.2,91.5,0,1,1,0.0,0.45,,59.5
2024-04-09,H001,MedTrack General Hospital,D002,General Medicine,Medical,12,1,8.3,1,0,0,0.0,0,0.0,1.0,21.9,1,1,1,2.0,0.47,3.6,62.6
2024-04-10,H001,MedTrack General Hospital,D002,General Medicine,Medical,12,1,8.3,0,1,0,0.0,0,0.0,1.0,24.8,0,1,1,2.0,0.0,3.6,63.2
2025-05-15,H001,MedTrack General Hospital,D002,General Medicine,Medical,12,1,8.3,1,0,0,0.0,0,0.0,4.0,84.6,0,1,1,2.0,0.09,,63.1
2025-05-16,H001,MedTrack General Hospital,D002,General Medicine,Medical,12,1,8.3,0,0,0,0.0,0,0.0,4.2,86.1,0,1,1,2.0,0.46,,62.6
2025-05-17,H001,MedTrack General Hospital,D002,General Medicine,Medical,12,1,8.3,0,0,0,0.0,0,0.0,4.2,104.0,1,1,1,2.0,0.51,,62.6
2025-05-18,H001,MedTrack General Hospital,D002,General Medicine,Medical,12,1,8.3,0,0,0,0.0,0,0.0,4.2,101.6,0,1,1,2.0,0.46,,62.6
2025-05-19,H001,MedTrack General Hospital,D002,General Medicine,Medical,12,1,8.3,0,1,0,0.0,1,100.0,4.0,92.8,0,1,1,2.0,0.29,,62.8
2025-06-03,H001,MedTrack General Hospital,D002,General Medicine,Medical,12,1,8.3,1,0,0,0.0,0,0.0,4.0,94.3,0,1,1,2.0,0.23,3.4,62.9
2025-06-04,H001,MedTrack General Hospital,D002,General Medicine,Medical,12,1,8.3,0,0,0,0.0,0,0.0,4.2,93.5,1,1,1,2.0,0.48,,62.6
2025-06-05,H001,MedTrack General Hospital,D002,General Medicine,Medical,12,1,8.3,0,0,0,0.0,0,0.0,4.2,87.5,0,1,1,2.0,0.55,,62.5
2025-06-06,H001,MedTrack General Hospital,D002,General Medicine,Medical,12,1,8.3,0,0,0,0.0,0,0.0,4.2,87.0,0,1,1,2.0,0.17,,63.0
2025-06-07,H001,MedTrack General Hospital,D002,General Medicine,Medical,12,1,8.3,0,1,0,0.0,0,0.0,4.0,97.5,0,1,1,2.0,0.42,3.4,62.7
2025-07-07,H001,MedTrack General Hospital,D002,General Medicine,Medical,12,1,8.3,1,0,0,0.0,0,0.0,7.0,159.1,0,1,1,2.0,0.35,4.0,49.4
2025-07-08,H001,MedTrack General Hospital,D002,General Medicine,Medical,12,1,8.3,0,0,0,0.0,0,0.0,4.2,103.8,0,1,1,2.0,0.06,,63.1
2025-07-09,H001,MedTrack General Hospital,D002,General Medicine,Medical,12,1,8.3,0,0,0,0.0,0,0.0,4.2,91.5,0,1,1,2.0,0.08,,63.1
2025-07-10,H001,MedTrack General Hospital,D002,General Medicine,Medical,12,1,8.3,0,0,0,0.0,0,0.0,4.2,87.1,0,1,1,2.0,0.22,,62.9
2025-07-11,H001,MedTrack General Hospital,D002,General Medicine,Medical,12,1,8.3,0,0,0,0.0,0,0.0,4.2,91.1,0,1,1,2.0,0.27,,62.9
2025-07-12,H001,MedTrack General Hospital,D002,General Medicine,Medical,12,1,8.3,0,0,0,0.0,0,0.0,4.2,90.1,0,1,1,2.0,0.35,,62.8
2025-07-13,H001,MedTrack General Hospital,D002,General Medicine,Medical,12,1,8.3,0,0,0,0.0,0,0.0,4.2,96.0,0,1,1,2.0,0.37,,62.7
2025-07-14,H001,MedTrack General Hospital,D002,General Medicine,Medical,12,1,8.3,0,1,0,0.0,0,0.0,7.0,143.1,0,1,1,2.0,0.34,4.0,49.4
2025-09-14,H001,MedTrack General Hospital,D002,General Medicine,Medical,12,0,0.0,0,0,0,0.0,0,0.0,4.2,96.4,0,1,1,0.0,0.55,,59.3
2025-09-15,H001,MedTrack General Hospital,D002,General Medicine,Medical,12,1,8.3,1,0,0,0.0,0,0.0,6.0,141.3,0,1,1,2.0,0.3,4.4,54.3
2025-09-16,H001,MedTrack General Hospital,D002,General Medicine,Medical,12,1,8.3,0,0,0,0.0,0,0.0,4.2,94.8,0,1,1,2.0,0.31,,62.8
2025-09-17,H001,MedTrack General Hospital,D002,General Medicine,Medical,12,1,8.3,0,0,0,0.0,0,0.0,4.2,90.7,0,1,1,2.0,0.42,,62.7
2025-09-18,H001,MedTrack General Hospital,D002,General Medicine,Medical,12,1,8.3,0,0,0,0.0,0,0.0,4.2,105.7,0,1,1,2.0,0.28,,62.8
2025-09-19,H001,MedTrack General Hospital,D002,General Medicine,Medical,12,1,8.3,0,0,0,0.0,0,0.0,4.2,104.8,1,2,1,3.0,0.48,,62.6
2025-09-20,H001,MedTrack General Hospital,D002,General Medicine,Medical,12,1,8.3,0,0,0,0.0,0,0.0,4.2,86.1,0,1,1,2.0,0.3,,62.8
2025-09-21,H001,MedTrack General Hospital,D002,General Medicine,Medical,12,1,8.3,0,1,0,0.0,0,0.0,6.0,147.2,0,1,1,2.0,0.14,4.4,54.4
2025-10-08,H001,MedTrack General Hospital,D002,General Medicine,Medical,12,1,8.3,1,0,0,0.0,0,0.0,4.0,82.3,0,1,1,2.0,0.4,4.5,62.7
2025-10-09,H001,MedTrack General Hospital,D002,General Medicine,Medical,12,1,8.3,0,0,0,0.0,0,0.0,4.2,102.0,0,1,1,2.0,0.53,,62.5
2025-10-10,H001,MedTrack General Hospital,D002,General Medicine,Medical,12,1,8.3,0,0,0,0.0,0,0.0,4.2,102.4,0,1,1,2.0,0.54,,62.5
2025-10-11,H001,MedTrack General Hospital,D002,General Medicine,Medical,12,1,8.3,0,0,0,0.0,0,0.0,4.2,91.0,0,1,1,2.0,0.17,,63.0
2025-10-12,H001,MedTrack General Hospital,D002,General Medicine,Medical,12,1,8.3,0,1,0,0.0,0,0.0,4.0,95.4,0,1,1,2.0,0.28,4.5,62.8
2025-10-28,H001,MedTrack General Hospital,D002,General Medicine,Medical,12,1,8.3,1,1,0,0.0,0,0.0,0.8,17.9,1,1,1,2.0,0.17,4.5,63.0
2025-11-10,H001,MedTrack General Hospital,D002,General Medicine,Medical,12,1,8.3,1,0,0,0.0,0,0.0,3.0,68.9,1,1,1,2.0,0.0,4.5,63.2
2025-11-11,H001,MedTrack General Hospital,D002,General Medicine,Medical,12,1,8.3,0,0,0,0.0,0,0.0,4.2,103.4,0,1,1,2.0,0.3,,62.8
2025-11-12,H001,MedTrack General Hospital,D002,General Medicine,Medical,12,1,8.3,0,0,0,0.0,0,0.0,4.2,96.9,0,1,1,2.0,0.22,,62.9
2025-11-13,H001,MedTrack General Hospital,D002,General Medicine,Medical,12,1,8.3,0,1,0,0.0,0,0.0,3.0,63.8,0,1,1,2.0,0.08,4.5,63.1
2025-12-16,H001,MedTrack General Hospital,D002,General Medicine,Medical,12,1,8.3,1,0,0,0.0,0,0.0,6.0,124.1,0,1,1,2.0,0.3,4.2,54.3
2025-12-17,H001,MedTrack General Hospital,D002,General Medicine,Medical,12,1,8.3,0,0,0,0.0,0,0.0,4.2,100.0,0,1,1,2.0,0.36,,62.8
2025-12-18,H001,MedTrack General Hospital,D002,General Medicine,Medical,12,1,8.3,0,0,0,0.0,0,0.0,4.2,92.5,0,1,1,2.0,0.12,,63.0
2025-12-19,H001,MedTrack General Hospital,D002,General Medicine,Medical,12,1,8.3,0,0,0,0.0,0,0.0,4.2,87.4,1,1,1,2.0,0.58,,62.5
2025-12-20,H001,MedTrack General Hospital,D002,General Medicine,Medical,12,1,8.3,0,0,0,0.0,0,0.0,4.2,91.0,0,1,1,2.0,0.17,,63.0
2025-12-21,H001,MedTrack General Hospital,D002,General Medicine,Medical,12,1,8.3,0,0,0,0.0,0,0.0,4.2,97.9,0,2,1,3.0,0.68,,62.4
2025-12-22,H001,MedTrack General Hospital,D002,General Medicine,Medical,12,1,8.3,0,1,0,0.0,0,0.0,6.0,149.1,0,2,1,3.0,0.15,4.2,54.4
2020-07-29,H001,MedTrack General Hospital,D003,Cardiology,Medical,7,1,14.3,1,0,0,0.0,0,0.0,5.0,117.7,0,1,1,2.0,1.12,3.7,64.7
2020-07-30,H001,MedTrack General Hospital,D003,Cardiology,Medical,7,1,14.3,0,0,0,0.0,0,0.0,5.0,109.7,0,1,1,2.0,1.19,,64.6
2020-07-31,H001,MedTrack General Hospital,D003,Cardiology,Medical,7,1,14.3,0,0,0,0.0,0,0.0,5.0,104.3,0,1,1,2.0,1.44,,64.3
2020-08-01,H001,MedTrack General Hospital,D003,Cardiology,Medical,7,1,14.3,0,0,0,0.0,0,0.0,5.0,109.1,0,1,1,2.0,0.55,,65.4
2020-08-02,H001,MedTrack General Hospital,D003,Cardiology,Medical,7,1,14.3,0,0,0,0.0,0,0.0,5.0,107.9,1,1,1,2.0,0.31,,65.7
2020-08-03,H001,MedTrack General Hospital,D003,Cardiology,Medical,7,1,14.3,0,1,0,0.0,0,0.0,5.0,114.5,0,2,1,3.0,0.69,3.7,65.2
2020-08-04,H001,MedTrack General Hospital,D003,Cardiology,Medical,7,0,0.0,0,0,0,0.0,0,0.0,5.0,106.2,0,1,1,0.0,1.6,,58.1
2020-08-28,H001,MedTrack General Hospital,D003,Cardiology,Medical,7,1,14.3,1,0,1,100.0,0,0.0,2.0,45.7,0,2,1,3.0,1.17,4.4,44.7
2020-08-29,H001,MedTrack General Hospital,D003,Cardiology,Medical,7,1,14.3,0,0,0,0.0,0,0.0,5.0,116.8,1,1,1,2.0,0.13,,65.9
2020-08-30,H001,MedTrack General Hospital,D003,Cardiology,Medical,7,1,14.3,0,1,0,0.0,0,0.0,2.0,48.0,0,1,1,2.0,0.86,4.4,65.0
2021-01-04,H001,MedTrack General Hospital,D003,Cardiology,Medical,7,1,14.3,1,0,0,0.0,0,0.0,2.0,49.2,0,1,1,2.0,0.01,4.1,66.1
2021-01-05,H001,MedTrack General Hospital,D003,Cardiology,Medical,7,1,14.3,0,0,0,0.0,0,0.0,5.0,105.8,0,1,1,2.0,0.68,,65.2
2021-01-06,H001,MedTrack General Hospital,D003,Cardiology,Medical,7,1,14.3,0,1,0,0.0,0,0.0,2.0,46.1,0,1,1,2.0,0.96,4.1,64.9
2021-01-08,H001,MedTrack General Hospital,D003,Cardiology,Medical,7,1,14.3,1,0,0,0.0,0,0.0,5.0,119.1,0,1,1,2.0,0.8,4.7,65.1
2021-01-09,H001,MedTrack General Hospital,D003,Cardiology,Medical,7,1,14.3,0,0,0,0.0,0,0.0,5.0,104.0,0,2,1,3.0,1.1,,64.7
2021-01-10,H001,MedTrack General Hospital,D003,Cardiology,Medical,7,1,14.3,0,0,0,0.0,0,0.0,5.0,121.5,0,2,1,3.0,0.99,,64.9
2021-01-11,H001,MedTrack General Hospital,D003,Cardiology,Medical,7,1,14.3,0,0,0,0.0,0,0.0,5.0,109.3,0,1,1,2.0,0.4,,65.6
2021-01-12,H001,MedTrack General Hospital,D003,Cardiology,Medical,7,1,14.3,0,0,0,0.0,0,0.0,5.0,108.2,0,1,1,2.0,1.1,,64.7
2021-01-13,H001,MedTrack General Hospital,D003,Cardiology,Medical,7,1,14.3,0,1,0,0.0,0,0.0,5.0,116.1,0,2,1,3.0,1.3,4.7,64.5
2021-02-15,H001,MedTrack General Hospital,D003,Cardiology,Medical,7,1,14.3,1,0,0,0.0,0,0.0,4.0,91.0,0,1,1,2.0,1.7,4.7,64.0
2021-02-16,H001,MedTrack General Hospital,D003,Cardiology,Medical,7,1,14.3,0,0,0,0.0,0,0.0,5.0,108.0,0,1,1,2.0,0.7,,65.2
2021-02-17,H001,MedTrack General Hospital,D003,Cardiology,Medical,7,1,14.3,0,0,0,0.0,0,0.0,5.0,102.7,0,1,1,2.0,0.4,,65.6
2021-02-18,H001,MedTrack General Hospital,D003,Cardiology,Medical,7,1,14.3,0,0,0,0.0,0,0.0,5.0,103.3,0,1,1,2.0,1.31,,64.5
2021-02-19,H001,MedTrack General Hospital,D003,Cardiology,Medical,7,1,14.3,0,1,0,0.0,0,0.0,4.0,85.7,0,1,1,2.0,0.76,4.7,65.2
2021-04-30,H001,MedTrack General Hospital,D003,Cardiology,Medical,7,1,14.3,1,0,0,0.0,0,0.0,6.0,140.3,0,1,1,2.0,1.02,4.0,60.8
2021-05-01,H001,MedTrack General Hospital,D003,Cardiology,Medical,7,1,14.3,0,0,0,0.0,0,0.0,5.0,117.1,0,2,1,3.0,1.61,,64.1
2021-05-02,H001,MedTrack General Hospital,D003,Cardiology,Medical,7,1,14.3,0,0,0,0.0,0,0.0,5.0,110.6,0,1,1,2.0,0.7,,65.2
2021-05-03,H001,MedTrack General Hospital,D003,Cardiology,Medical,7,1,14.3,0,0,0,0.0,0,0.0,5.0,113.2,0,1,1,2.0,0.39,,65.6
2021-05-04,H001,MedTrack General Hospital,D003,Cardiology,Medical,7,1,14.3,0,0,0,0.0,0,0.0,5.0,124.2,0,1,1,2.0,1.2,,64.6
2021-05-05,H001,MedTrack General Hospital,D003,Cardiology,Medical,7,1,14.3,0,0,0,0.0,0,0.0,5.0,105.3,0,1,1,2.0,1.04,,64.8
2021-05-06,H001,MedTrack General Hospital,D003,Cardiology,Medical,7,1,14.3,0,1,0,0.0,0,0.0,6.0,145.4,0,1,1,2.0,0.0,4.0,62.1
2021-07-26,H001,MedTrack General Hospital,D003,Cardiology,Medical,7,1,14.3,1,0,0,0.0,0,0.0,10.0,218.1,0,1,1,2.0,0.6,3.0,45.3
2021-07-27,H001,MedTrack General Hospital,D003,Cardiology,Medical,7,1,14.3,0,0,0,0.0,0,0.0,5.0,124.9,0,1,1,2.0,0.87,,65.0
2021-07-28,H001,MedTrack General Hospital,D003,Cardiology,Medical,7,1,14.3,0,0,0,0.0,0,0.0,5.0,118.2,0,1,1,2.0,1.49,,64.3
2021-07-29,H001,MedTrack General Hospital,D003,Cardiology,Medical,7,1,14.3,0,0,0,0.0,0,0.0,5.0,103.4,0,1,1,2.0,1.1,,64.7
2021-07-30,H001,MedTrack General Hospital,D003,Cardiology,Medical,7,1,14.3,0,0,0,0.0,0,0.0,5.0,107.7,0,1,1,2.0,1.1,,64.7
2021-07-31,H001,MedTrack General Hospital,D003,Cardiology,Medical,7,1,14.3,0,0,0,0.0,0,0.0,5.0,116.3,0,1,1,2.0,0.77,,65.1
2021-08-01,H001,MedTrack General Hospital,D003,Cardiology,Medical,7,1,14.3,0,0,0,0.0,0,0.0,5.0,102.1,0,1,1,2.0,0.84,,65.1
2021-08-02,H001,MedTrack General Hospital,D003,Cardiology,Medical,7,1,14.3,0,0,0,0.0,0,0.0,5.0,125.1,0,1,1,2.0,0.97,,64.9
2021-08-03,H001,MedTrack General Hospital,D003,Cardiology,Medical,7,1,14.3,0,0,0,0.0,0,0.0,5.0,105.5,0,1,1,2.0,0.38,,65.6
2021-08-04,H001,MedTrack General Hospital,D003,Cardiology,Medical,7,1,14.3,0,0,0,0.0,0,0.0,5.0,106.7,0,1,1,2.0,0.52,,65.4
2021-08-05,H001,MedTrack General Hospital,D003,Cardiology,Medical,7,1,14.3,0,1,0,0.0,0,0.0,10.0,220.9,0,1,1,2.0,0.78,3.0,45.1
2021-10-10,H001,MedTrack General Hospital,D003,Cardiology,Medical,7,1,14.3,1,0,0,0.0,0,0.0,1.0,22.4,0,1,1,2.0,0.82,4.5,65.1
2021-10-11,H001,MedTrack General Hospital,D003,Cardiology,Medical,7,1,14.3,0,1,0,0.0,0,0.0,1.0,21.3,0,1,1,2.0,1.24,4.5,64.6
2022-02-16,H001,MedTrack General Hospital,D003,Cardiology,Medical,7,1,14.3,1,0,0,0.0,0,0.0,7.0,162.0,0,1,1,2.0,0.12,4.9,57.9
2022-02-17,H001,MedTrack General Hospital,D003,Cardiology,Medical,7,1,14.3,0,0,0,0.0,0,0.0,5.0,124.6,0,2,1,3.0,0.72,,65.2
2022-02-18,H001,MedTrack General Hospital,D003,Cardiology,Medical,7,1,14.3,0,0,0,0.0,0,0.0,5.0,114.4,0,1,1,2.0,0.93,,64.9
2022-02-19,H001,MedTrack General Hospital,D003,Cardiology,Medical,7,1,14.3,0,0,0,0.0,0,0.0,5.0,110.0,0,1,1,2.0,1.38,,64.4
2022-02-20,H001,MedTrack General Hospital,D003,Cardiology,Medical,7,1,14.3,0,0,0,0.0,0,0.0,5.0,117.0,0,1,1,2.0,1.03,,64.8
2022-02-21,H001,MedTrack General Hospital,D003,Cardiology,Medical,7,1,14.3,0,0,0,0.0,0,0.0,5.0,114.5,0,1,1,2.0,0.85,,65.0
2022-02-22,H001,MedTrack General Hospital,D003,Cardiology,Medical,7,1,14.3,0,0,0,0.0,0,0.0,5.0,120.7,0,1,1,2.0,1.7,,64.0
2022-02-23,H001,MedTrack General Hospital,D003,Cardiology,Medical,7,1,14.3,0,1,0,0.0,0,0.0,7.0,166.7,0,2,1,3.0,1.31,4.9,56.5
2022-07-31,H001,MedTrack General Hospital,D003,Cardiology,Medical,7,1,14.3,1,0,0,0.0,0,0.0,7.0,145.3,0,2,1,3.0,1.58,4.6,56.2
2022-08-01,H001,MedTrack General Hospital,D003,Cardiology,Medical,7,1,14.3,0,0,0,0.0,0,0.0,5.0,115.1,1,1,1,2.0,1.4,,64.4
2022-08-02,H001,MedTrack General Hospital,D003,Cardiology,Medical,7,1,14.3,0,0,0,0.0,0,0.0,5.0,121.3,0,1,1,2.0,0.33,,65.7
2022-08-03,H001,MedTrack General Hospital,D003,Cardiology,Medical,7,1,14.3,0,0,0,0.0,0,0.0,5.0,124.9,0,1,1,2.0,0.41,,65.6
2022-08-04,H001,MedTrack General Hospital,D003,Cardiology,Medical,7,1,14.3,0,0,0,0.0,0,0.0,5.0,114.4,0,1,1,2.0,0.52,,65.4
2022-08-05,H001,MedTrack General Hospital,D003,Cardiology,Medical,7,1,14.3,0,0,0,0.0,0,0.0,5.0,113.9,0,2,1,3.0,0.78,,65.1
2022-08-06,H001,MedTrack General Hospital,D003,Cardiology,Medical,7,1,14.3,0,0,0,0.0,0,0.0,5.0,102.3,0,2,1,3.0,1.02,,64.8
2022-08-07,H001,MedTrack General Hospital,D003,Cardiology,Medical,7,1,14.3,0,1,0,0.0,0,0.0,7.0,162.1,0,2,1,3.0,1.36,4.6,56.4
2022-08-09,H001,MedTrack General Hospital,D003,Cardiology,Medical,7,1,14.3,1,0,0,0.0,0,0.0,1.0,24.7,1,1,1,2.0,0.9,4.4,65.0
2022-08-10,H001,MedTrack General Hospital,D003,Cardiology,Medical,7,1,14.3,0,1,0,0.0,0,0.0,1.0,22.3,0,1,1,2.0,1.44,4.4,64.3
2022-09-25,H001,MedTrack General Hospital,D003,Cardiology,Medical,7,1,14.3,1,0,0,0.0,0,0.0,8.0,182.6,0,2,1,3.0,1.2,2.9,52.6
2022-09-26,H001,MedTrack General Hospital,D003,Cardiology,Medical,7,1,14.3,0,0,0,0.0,0,0.0,5.0,112.3,1,1,1,2.0,0.85,,65.0
2022-09-27,H001,MedTrack General Hospital,D003,Cardiology,Medical,7,1,14.3,0,0,0,0.0,0,0.0,5.0,114.5,0,1,1,2.0,1.49,,64.3
2022-09-28,H001,MedTrack General Hospital,D003,Cardiology,Medical,7,1,14.3,0,0,0,0.0,0,0.0,5.0,114.8,0,1,1,2.0,0.81,,65.1
2022-09-29,H001,MedTrack General Hospital,D003,Cardiology,Medical,7,1,14.3,0,0,0,0.0,0,0.0,5.0,119.2,0,1,1,2.0,0.66,,65.3
2022-09-30,H001,MedTrack General Hospital,D003,Cardiology,Medical,7,1,14.3,0,0,0,0.0,0,0.0,5.0,108.8,0,1,1,2.0,0.53,,65.4
2022-10-01,H001,MedTrack General Hospital,D003,Cardiology,Medical,7,1,14.3,0,0,0,0.0,0,0.0,5.0,120.1,0,1,1,2.0,0.23,,65.8
2022-10-02,H001,MedTrack General Hospital,D003,Cardiology,Medical,7,1,14.3,0,0,0,0.0,0,0.0,5.0,123.2,0,1,1,2.0,0.97,,64.9
2022-10-03,H001,MedTrack General Hospital,D003,Cardiology,Medical,7,1,14.3,0,1,0,0.0,0,0.0,8.0,195.8,0,1,1,2.0,1.66,2.9,52.1
2022-10-21,H001,MedTrack General Hospital,D003,Cardiology,Medical,7,0,0.0,0,0,0,0.0,0,0.0,5.0,125.4,0,1,1,0.0,0.61,,59.3
2022-10-22,H001,MedTrack General Hospital,D003,Cardiology,Medical,7,1,14.3,1,0,0,0.0,0,0.0,6.0,151.1,0,1,1,2.0,0.68,3.0,61.2
2022-10-23,H001,MedTrack General Hospital,D003,Cardiology,Medical,7,1,14.3,0,0,0,0.0,0,0.0,5.0,103.5,0,1,1,2.0,1.13,,64.7
2022-10-24,H001,MedTrack General Hospital,D003,Cardiology,Medical,7,1,14.3,0,0,0,0.0,0,0.0,5.0,119.5,0,1,1,2.0,1.26,,64.6
2022-10-25,H001,MedTrack General Hospital,D003,Cardiology,Medical,7,1,14.3,0,0,0,0.0,0,0.0,5.0,121.6,0,1,1,2.0,0.9,,65.0
2022-10-26,H001,MedTrack General Hospital,D003,Cardiology,Medical,7,1,14.3,0,0,0,0.0,0,0.0,5.0,119.0,0,1,1,2.0,1.14,,64.7
2022-10-27,H001,MedTrack General Hospital,D003,Cardiology,Medical,7,1,14.3,0,0,0,0.0,0,0.0,5.0,106.4,0,1,1,2.0,0.55,,65.4
2022-10-28,H001,MedTrack General Hospital,D003,Cardiology,Medical,7,1,14.3,0,1,0,0.0,0,0.0,6.0,148.9,0,1,1,2.0,0.7,3.0,61.2
2023-06-30,H001,MedTrack General Hospital,D003,Cardiology,Medical,7,1,14.3,1,0,0,0.0,0,0.0,7.0,173.3,0,1,1,2.0,0.89,4.4,57.0
2023-07-01,H001,MedTrack General Hospital,D003,Cardiology,Medical,7,1,14.3,0,0,0,0.0,0,0.0,5.0,104.6,0,1,1,2.0,1.24,,64.6
2023-07-02,H001,MedTrack General Hospital,D003,Cardiology,Medical,7,1,14.3,0,0,0,0.0,0,0.0,5.0,110.8,0,1,1,2.0,1.08,,64.8
2023-07-03,H001,MedTrack General Hospital,D003,Cardiology,Medical,7,1,14.3,0,0,0,0.0,0,0.0,5.0,102.4,1,2,1,3.0,0.73,,65.2
2023-07-04,H001,MedTrack General Hospital,D003,Cardiology,Medical,7,1,14.3,0,0,0,0.0,0,0.0,5.0,115.6,0,1,1,2.0,0.72,,65.2
2023-07-05,H001,MedTrack General Hospital,D003,Cardiology,Medical,7,1,14.3,0,0,0,0.0,0,0.0,5.0,106.3,0,2,1,3.0,0.96,,64.9
2023-07-06,H001,MedTrack General Hospital,D003,Cardiology,Medical,7,1,14.3,0,0,0,0.0,0,0.0,5.0,111.9,0,2,1,3.0,1.44,,64.3
2023-07-07,H001,MedTrack General Hospital,D003,Cardiology,Medical,7,1,14.3,0,1,0,0.0,0,0.0,7.0,171.9,0,2,1,3.0,0.86,4.4,57.0
2023-07-26,H001,MedTrack General Hospital,D003,Cardiology,Medical,7,0,0.0,0,0,0,0.0,0,0.0,5.0,103.0,0,1,1,0.0,0.9,,58.9
2023-07-27,H001,MedTrack General Hospital,D003,Cardiology,Medical,7,1,14.3,1,0,0,0.0,0,0.0,5.0,108.1,0,1,1,2.0,0.5,4.3,65.5
2023-07-28,H001,MedTrack General Hospital,D003,Cardiology,Medical,7,1,14.3,0,0,0,0.0,0,0.0,5.0,103.0,1,1,1,2.0,0.82,,65.1
2023-07-29,H001,MedTrack General Hospital,D003,Cardiology,Medical,7,1,14.3,0,0,0,0.0,0,0.0,5.0,112.7,0,1,1,2.0,1.76,,64.0
2023-07-30,H001,MedTrack General Hospital,D003,Cardiology,Medical,7,1,14.3,0,0,0,0.0,0,0.0,5.0,124.9,0,2,1,3.0,0.46,,65.5
2023-07-31,H001,MedTrack General Hospital,D003,Cardiology,Medical,7,1,14.3,0,0,0,0.0,0,0.0,5.0,117.5,0,1,1,2.0,0.91,,65.0
2023-08-01,H001,MedTrack General Hospital,D003,Cardiology,Medical,7,1,14.3,0,1,0,0.0,0,0.0,5.0,124.3,0,1,1,2.0,1.07,4.3,64.8
2023-09-07,H001,MedTrack General Hospital,D003,Cardiology,Medical,7,1,14.3,1,0,0,0.0,0,0.0,2.0,46.4,1,1,1,2.0,0.64,3.5,65.3
2023-09-08,H001,MedTrack General Hospital,D003,Cardiology,Medical,7,1,14.3,0,0,0,0.0,0,0.0,5.0,121.1,0,1,1,2.0,1.26,,64.6
2023-09-09,H001,MedTrack General Hospital,D003,Cardiology,Medical,7,1,14.3,0,1,0,0.0,0,0.0,2.0,50.1,0,1,1,2.0,1.41,3.5,64.4
2023-10-18,H001,MedTrack General Hospital,D003,Cardiology,Medical,7,1,14.3,1,0,0,0.0,0,0.0,7.0,173.5,0,1,1,2.0,1.83,3.8,55.9
2023-10-19,H001,MedTrack General Hospital,D003,Cardiology,Medical,7,1,14.3,0,0,0,0.0,0,0.0,5.0,122.7,0,1,1,2.0,0.96,,64.9
2023-10-20,H001,MedTrack General Hospital,D003,Cardiology,Medical,7,1,14.3,0,0,0,0.0,0,0.0,5.0,121.6,0,1,1,2.0,1.12,,64.7
2023-10-21,H001,MedTrack General Hospital,D003,Cardiology,Medical,7,1,14.3,0,0,0,0.0,0,0.0,5.0,124.7,0,1,1,2.0,1.75,,64.0
2023-10-22,H001,MedTrack General Hospital,D003,Cardiology,Medical,7,1,14.3,0,0,0,0.0,0,0.0,5.0,107.5,0,1,1,2.0,0.83,,65.1
2023-10-23,H001,MedTrack General Hospital,D003,Cardiology,Medical,7,1,14.3,0,0,0,0.0,0,0.0,5.0,125.3,0,1,1,2.0,0.66,,65.3
2023-10-24,H001,MedTrack General Hospital,D003,Cardiology,Medical,7,1,14.3,0,0,0,0.0,0,0.0,5.0,106.1,1,1,1,2.0,0.39,,65.6
2023-10-25,H001,MedTrack General Hospital,D003,Cardiology,Medical,7,1,14.3,0,1,0,0.0,0,0.0,7.0,176.3,0,1,1,2.0,0.7,3.8,57.2
2025-03-09,H001,MedTrack General Hospital,D003,Cardiology,Medical,7,1,14.3,1,0,0,0.0,0,0.0,3.0,64.1,0,1,1,2.0,0.0,4.1,66.1
2025-03-10,H001,MedTrack General Hospital,D003,Cardiology,Medical,7,1,14.3,0,0,0,0.0,0,0.0,5.0,120.6,0,1,1,2.0,1.25,,64.6
2025-03-11,H001,MedTrack General Hospital,D003,Cardiology,Medical,7,1,14.3,0,0,0,0.0,0,0.0,5.0,125.3,1,1,1,2.0,0.8,,65.1
2025-03-12,H001,MedTrack General Hospital,D003,Cardiology,Medical,7,1,14.3,0,1,0,0.0,0,0.0,3.0,68.8,0,1,1,2.0,1.21,4.1,64.6
2025-06-17,H001,MedTrack General Hospital,D003,Cardiology,Medical,7,1,14.3,1,0,1,100.0,0,0.0,9.0,197.9,1,1,1,2.0,2.06,4.9,27.6
2025-06-18,H001,MedTrack General Hospital,D003,Cardiology,Medical,7,1,14.3,0,0,0,0.0,0,0.0,5.0,106.9,0,1,1,2.0,0.94,,64.9
2025-06-19,H001,MedTrack General Hospital,D003,Cardiology,Medical,7,1,14.3,0,0,0,0.0,0,0.0,5.0,104.5,0,1,1,2.0,0.57,,65.4
2025-06-20,H001,MedTrack General Hospital,D003,Cardiology,Medical,7,1,14.3,0,0,0,0.0,0,0.0,5.0,115.6,0,1,1,2.0,0.44,,65.5
2025-06-21,H001,MedTrack General Hospital,D003,Cardiology,Medical,7,1,14.3,0,0,0,0.0,0,0.0,5.0,116.7,0,1,1,2.0,1.14,,64.7
2025-06-22,H001,MedTrack General Hospital,D003,Cardiology,Medical,7,1,14.3,0,0,0,0.0,0,0.0,5.0,125.9,0,2,1,3.0,0.55,,65.4
2025-06-23,H001,MedTrack General Hospital,D003,Cardiology,Medical,7,1,14.3,0,0,0,0.0,0,0.0,5.0,104.7,0,1,1,2.0,0.8,,65.1
2025-06-24,H001,MedTrack General Hospital,D003,Cardiology,Medical,7,1,14.3,0,0,0,0.0,0,0.0,5.0,116.7,0,1,1,2.0,0.82,,65.1
2025-06-25,H001,MedTrack General Hospital,D003,Cardiology,Medical,7,1,14.3,0,0,0,0.0,0,0.0,5.0,124.0,0,1,1,2.0,0.83,,65.1
2025-06-26,H001,MedTrack General Hospital,D003,Cardiology,Medical,7,1,14.3,0,1,0,0.0,0,0.0,9.0,209.2,0,1,1,2.0,0.75,4.9,49.2
2025-08-11,H001,MedTrack General Hospital,D003,Cardiology,Medical,7,1,14.3,1,0,0,0.0,0,0.0,5.0,111.5,0,1,1,2.0,0.84,4.8,65.1
2025-08-12,H001,MedTrack General Hospital,D003,Cardiology,Medical,7,1,14.3,0,0,0,0.0,0,0.0,5.0,118.6,0,1,1,2.0,1.39,,64.4
2025-08-13,H001,MedTrack General Hospital,D003,Cardiology,Medical,7,1,14.3,0,0,0,0.0,0,0.0,5.0,107.3,0,1,1,2.0,0.74,,65.2
2025-08-14,H001,MedTrack General Hospital,D003,Cardiology,Medical,7,1,14.3,0,0,0,0.0,0,0.0,5.0,112.1,0,1,1,2.0,0.87,,65.0
2025-08-15,H001,MedTrack General Hospital,D003,Cardiology,Medical,7,1,14.3,0,0,0,0.0,0,0.0,5.0,114.1,1,2,1,3.0,0.86,,65.0
2025-08-16,H001,MedTrack General Hospital,D003,Cardiology,Medical,7,1,14.3,0,1,0,0.0,0,0.0,5.0,124.4,0,2,1,3.0,0.71,4.8,65.2
2020-11-28,H001,MedTrack General Hospital,D004,Orthopedics,Surgical,6,1,16.7,1,0,0,0.0,0,0.0,5.0,107.7,0,1,1,2.0,0.71,4.1,64.1
2020-11-29,H001,MedTrack General Hospital,D004,Orthopedics,Surgical,6,1,16.7,0,0,0,0.0,0,0.0,4.5,93.3,0,1,1,2.0,1.29,,65.7
2020-11-30,H001,MedTrack General Hospital,D004,Orthopedics,Surgical,6,1,16.7,0,0,0,0.0,0,0.0,4.5,98.1,0,1,1,2.0,1.38,,65.6
2020-12-01,H001,MedTrack General Hospital,D004,Orthopedics,Surgical,6,1,16.7,0,0,0,0.0,0,0.0,4.5,110.9,0,1,1,2.0,0.79,,66.3
2020-12-02,H001,MedTrack General Hospital,D004,Orthopedics,Surgical,6,1,16.7,0,0,0,0.0,0,0.0,4.5,108.1,1,1,1,2.0,0.84,,66.2
2020-12-03,H001,MedTrack General Hospital,D004,Orthopedics,Surgical,6,1,16.7,0,1,0,0.0,0,0.0,5.0,111.7,0,1,1,2.0,0.93,4.1,63.9
2021-01-10,H001,MedTrack General Hospital,D004,Orthopedics,Surgical,6,1,16.7,1,0,0,0.0,0,0.0,7.0,152.3,0,1,1,2.0,0.59,3.5,55.4
2021-01-11,H001,MedTrack General Hospital,D004,Orthopedics,Surgical,6,1,16.7,0,0,0,0.0,0,0.0,4.5,100.1,0,2,1,3.0,0.13,,67.1
2021-01-12,H001,MedTrack General Hospital,D004,Orthopedics,Surgical,6,1,16.7,0,0,0,0.0,0,0.0,4.5,93.5,0,1,1,2.0,0.18,,67.0
2021-01-13,H001,MedTrack General Hospital,D004,Orthopedics,Surgical,6,1,16.7,0,0,0,0.0,0,0.0,4.5,101.1,0,1,1,2.0,1.33,,65.6
2021-01-14,H001,MedTrack General Hospital,D004,Orthopedics,Surgical,6,1,16.7,0,0,0,0.0,0,0.0,4.5,102.7,0,1,1,2.0,0.26,,66.9
2021-01-15,H001,MedTrack General Hospital,D004,Orthopedics,Surgical,6,1,16.7,0,0,0,0.0,0,0.0,4.5,97.2,0,1,1,2.0,0.86,,66.2
2021-01-16,H001,MedTrack General Hospital,D004,Orthopedics,Surgical,6,1,16.7,0,0,0,0.0,0,0.0,4.5,110.3,1,1,1,2.0,0.69,,66.4
2021-01-17,H001,MedTrack General Hospital,D004,Orthopedics,Surgical,6,1,16.7,0,1,0,0.0,0,0.0,7.0,143.5,0,1,1,2.0,0.18,3.5,55.9
2021-03-18,H001,MedTrack General Hospital,D004,Orthopedics,Surgical,6,0,0.0,0,0,0,0.0,0,0.0,4.5,111.2,0,1,1,0.0,0.57,,59.3
2021-03-19,H001,MedTrack General Hospital,D004,Orthopedics,Surgical,6,1,16.7,1,0,0,0.0,0,0.0,7.0,156.2,0,1,1,2.0,0.8,3.8,55.1
2021-03-20,H001,MedTrack General Hospital,D004,Orthopedics,Surgical,6,1,16.7,0,0,0,0.0,0,0.0,4.5,97.5,1,1,1,2.0,0.46,,66.7
2021-03-21,H001,MedTrack General Hospital,D004,Orthopedics,Surgical,6,1,16.7,0,0,0,0.0,0,0.0,4.5,94.9,0,2,1,3.0,1.11,,65.9
2021-03-22,H001,MedTrack General Hospital,D004,Orthopedics,Surgical,6,1,16.7,0,0,0,0.0,0,0.0,4.5,106.0,0,1,1,2.0,1.31,,65.6
2021-03-23,H001,MedTrack General Hospital,D004,Orthopedics,Surgical,6,1,16.7,0,0,0,0.0,0,0.0,4.5,93.7,0,1,1,2.0,0.69,,66.4
2021-03-24,H001,MedTrack General Hospital,D004,Orthopedics,Surgical,6,1,16.7,0,0,0,0.0,0,0.0,4.5,93.0,0,1,1,2.0,0.0,,67.2
2021-03-25,H001,MedTrack General Hospital,D004,Orthopedics,Surgical,6,1,16.7,0,0,0,0.0,0,0.0,4.5,94.8,0,1,1,2.0,0.24,,66.9
2021-03-26,H001,MedTrack General Hospital,D004,Orthopedics,Surgical,6,1,16.7,0,1,0,0.0,0,0.0,7.0,158.8,0,1,1,2.0,0.79,3.8,55.2
2021-04-22,H001,MedTrack General Hospital,D004,Orthopedics,Surgical,6,1,16.7,1,0,0,0.0,0,0.0,1.0,23.7,0,2,1,3.0,0.7,4.7,66.4
2021-04-23,H001,MedTrack General Hospital,D004,Orthopedics,Surgical,6,1,16.7,0,1,0,0.0,0,0.0,1.0,24.1,0,1,1,2.0,0.55,4.7,66.6
2022-05-18,H001,MedTrack General Hospital,D004,Orthopedics,Surgical,6,1,16.7,1,0,0,0.0,0,0.0,5.0,122.3,0,1,1,2.0,0.24,3.8,64.7
2022-05-19,H001,MedTrack General Hospital,D004,Orthopedics,Surgical,6,1,16.7,0,0,0,0.0,0,0.0,4.5,107.1,0,1,1,2.0,0.06,,67.1
2022-05-20,H001,MedTrack General Hospital,D004,Orthopedics,Surgical,6,1,16.7,0,0,0,0.0,0,0.0,4.5,93.6,0,2,1,3.0,1.01,,66.0
2022-05-21,H001,MedTrack General Hospital,D004,Orthopedics,Surgical,6,1,16.7,0,0,0,0.0,0,0.0,4.5,93.4,0,2,1,3.0,0.23,,66.9
2022-05-22,H001,MedTrack General Hospital,D004,Orthopedics,Surgical,6,1,16.7,0,0,0,0.0,0,0.0,4.5,100.3,0,1,1,2.0,1.11,,65.9
2022-05-23,H001,MedTrack General Hospital,D004,Orthopedics,Surgical,6,1,16.7,0,1,0,0.0,0,0.0,5.0,111.9,0,1,1,2.0,1.63,3.8,63.0
2022-07-07,H001,MedTrack General Hospital,D004,Orthopedics,Surgical,6,1,16.7,1,0,0,0.0,0,0.0,5.0,124.1,0,1,1,2.0,0.73,4.5,64.1
2022-07-08,H001,MedTrack General Hospital,D004,Orthopedics,Surgical,6,1,16.7,0,0,0,0.0,0,0.0,4.5,110.2,1,1,1,2.0,0.77,,66.3
2022-07-09,H001,MedTrack General Hospital,D004,Orthopedics,Surgical,6,1,16.7,0,0,0,0.0,0,0.0,4.5,101.3,0,1,1,2.0,0.89,,66.1
2022-07-10,H001,MedTrack General Hospital,D004,Orthopedics,Surgical,6,1,16.7,0,0,0,0.0,0,0.0,4.5,102.0,0,1,1,2.0,0.33,,66.8
2022-07-11,H001,MedTrack General Hospital,D004,Orthopedics,Surgical,6,1,16.7,0,0,0,0.0,0,0.0,4.5,96.4,0,1,1,2.0,0.68,,66.4
2022-07-12,H001,MedTrack General Hospital,D004,Orthopedics,Surgical,6,1,16.7,0,1,0,0.0,0,0.0,5.0,116.9,0,1,1,2.0,0.81,4.5,64.0
2023-04-10,H001,MedTrack General Hospital,D004,Orthopedics,Surgical,6,1,16.7,1,0,0,0.0,0,0.0,1.0,20.5,0,1,1,2.0,1.05,4.1,66.0
2023-04-11,H001,MedTrack General Hospital,D004,Orthopedics,Surgical,6,1,16.7,0,1,0,0.0,0,0.0,1.0,23.1,0,1,1,2.0,0.6,4.1,66.5
2023-04-12,H001,MedTrack General Hospital,D004,Orthopedics,Surgical,6,0,0.0,0,0,0,0.0,0,0.0,4.5,99.9,0,1,1,0.0,0.46,,59.4
2023-05-29,H001,MedTrack General Hospital,D004,Orthopedics,Surgical,6,1,16.7,1,0,0,0.0,0,0.0,1.0,22.5,0,1,1,2.0,0.91,3.2,66.1
2023-05-30,H001,MedTrack General Hospital,D004,Orthopedics,Surgical,6,1,16.7,0,1,0,0.0,0,0.0,1.0,23.9,0,1,1,2.0,1.04,3.2,66.0
2023-06-19,H001,MedTrack General Hospital,D004,Orthopedics,Surgical,6,1,16.7,1,0,0,0.0,0,0.0,3.0,62.6,0,1,1,2.0,0.7,3.2,66.4
2023-06-20,H001,MedTrack General Hospital,D004,Orthopedics,Surgical,6,1,16.7,0,0,0,0.0,0,0.0,4.5,92.0,0,1,1,2.0,0.84,,66.2
2023-06-21,H001,MedTrack General Hospital,D004,Orthopedics,Surgical,6,1,16.7,0,0,0,0.0,0,0.0,4.5,104.3,0,1,1,2.0,0.95,,66.1
2023-06-22,H001,MedTrack General Hospital,D004,Orthopedics,Surgical,6,1,16.7,0,1,0,0.0,0,0.0,3.0,72.4,0,1,1,2.0,0.62,3.2,66.5
2023-09-05,H001,MedTrack General Hospital,D004,Orthopedics,Surgical,6,1,16.7,1,0,0,0.0,0,0.0,2.0,46.8,1,1,1,2.0,0.8,4.4,66.3
2023-09-06,H001,MedTrack General Hospital,D004,Orthopedics,Surgical,6,1,16.7,0,0,0,0.0,0,0.0,4.5,107.6,0,1,1,2.0,0.71,,66.4
2023-09-07,H001,MedTrack General Hospital,D004,Orthopedics,Surgical,6,1,16.7,0,1,0,0.0,0,0.0,2.0,42.9,0,1,1,2.0,1.15,4.4,65.8
2024-01-07,H001,MedTrack General Hospital,D004,Orthopedics,Surgical,6,1,16.7,1,0,0,0.0,0,0.0,6.0,135.2,1,1,1,2.0,0.72,3.8,59.7
2024-01-08,H001,MedTrack General Hospital,D004,Orthopedics,Surgical,6,1,16.7,0,0,0,0.0,0,0.0,4.5,92.6,0,1,1,2.0,0.81,,66.2
2024-01-09,H001,MedTrack General Hospital,D004,Orthopedics,Surgical,6,2,33.3,1,0,0,0.0,0,0.0,5.0,116.2,0,1,1,1.0,0.31,3.1,72.6
2024-01-10,H001,MedTrack General Hospital,D004,Orthopedics,Surgical,6,2,33.3,0,0,0,0.0,0,0.0,4.5,113.0,0,1,1,1.0,0.88,,74.1
2024-01-11,H001,MedTrack General Hospital,D004,Orthopedics,Surgical,6,2,33.3,0,0,0,0.0,0,0.0,4.5,105.0,0,1,1,1.0,0.36,,74.8
2024-01-12,H001,MedTrack General Hospital,D004,Orthopedics,Surgical,6,2,33.3,0,0,0,0.0,0,0.0,4.5,111.1,0,1,1,1.0,0.0,,75.2
2024-01-13,H001,MedTrack General Hospital,D004,Orthopedics,Surgical,6,2,33.3,0,1,0,0.0,0,0.0,6.0,147.3,0,2,1,1.5,0.43,3.8,68.0
2024-01-14,H001,MedTrack General Hospital,D004,Orthopedics,Surgical,6,1,16.7,0,1,0,0.0,0,0.0,5.0,122.7,0,1,1,2.0,0.86,3.1,64.0
2024-08-12,H001,MedTrack General Hospital,D004,Orthopedics,Surgical,6,0,0.0,0,0,0,0.0,0,0.0,4.5,97.7,0,1,1,0.0,0.17,,59.8
2024-08-13,H001,MedTrack General Hospital,D004,Orthopedics,Surgical,6,1,16.7,1,0,0,0.0,0,0.0,4.0,92.4,0,1,1,2.0,1.04,3.1,66.0
2024-08-14,H001,MedTrack General Hospital,D004,Orthopedics,Surgical,6,1,16.7,0,0,0,0.0,0,0.0,4.5,105.0,0,2,1,3.0,0.84,,66.2
2024-08-15,H001,MedTrack General Hospital,D004,Orthopedics,Surgical,6,1,16.7,0,0,0,0.0,0,0.0,4.5,103.0,0,1,1,2.0,1.38,,65.6
2024-08-16,H001,MedTrack General Hospital,D004,Orthopedics,Surgical,6,1,16.7,0,0,0,0.0,0,0.0,4.5,104.6,0,1,1,2.0,0.94,,66.1
2024-08-17,H001,MedTrack General Hospital,D004,Orthopedics,Surgical,6,1,16.7,0,1,0,0.0,0,0.0,4.0,82.9,0,1,1,2.0,0.57,3.1,66.5
2024-12-07,H001,MedTrack General Hospital,D004,Orthopedics,Surgical,6,0,0.0,0,0,0,0.0,0,0.0,4.5,101.1,0,1,1,0.0,0.63,,59.2
2024-12-08,H001,MedTrack General Hospital,D004,Orthopedics,Surgical,6,1,16.7,1,0,0,0.0,0,0.0,6.0,143.1,0,1,1,2.0,0.96,3.2,59.4
2024-12-09,H001,MedTrack General Hospital,D004,Orthopedics,Surgical,6,1,16.7,0,0,0,0.0,0,0.0,4.5,105.6,0,1,1,2.0,1.14,,65.8
2024-12-10,H001,MedTrack General Hospital,D004,Orthopedics,Surgical,6,1,16.7,0,0,0,0.0,0,0.0,4.5,106.8,0,1,1,2.0,0.82,,66.2
2024-12-11,H001,MedTrack General Hospital,D004,Orthopedics,Surgical,6,1,16.7,0,0,0,0.0,0,0.0,4.5,97.2,0,1,1,2.0,1.14,,65.8
2024-12-12,H001,MedTrack General Hospital,D004,Orthopedics,Surgical,6,1,16.7,0,0,0,0.0,0,0.0,4.5,102.1,0,1,1,2.0,0.72,,66.4
2024-12-13,H001,MedTrack General Hospital,D004,Orthopedics,Surgical,6,1,16.7,0,0,0,0.0,0,0.0,4.5,107.5,0,1,1,2.0,1.0,,66.0
2024-12-14,H001,MedTrack General Hospital,D004,Orthopedics,Surgical,6,1,16.7,0,1,0,0.0,0,0.0,6.0,132.2,0,1,1,2.0,1.65,3.2,58.6
2025-03-05,H001,MedTrack General Hospital,D004,Orthopedics,Surgical,6,1,16.7,1,0,0,0.0,0,0.0,5.0,108.9,0,1,1,2.0,0.68,3.9,64.2
2025-03-06,H001,MedTrack General Hospital,D004,Orthopedics,Surgical,6,1,16.7,0,0,0,0.0,0,0.0,4.5,92.9,0,1,1,2.0,0.74,,66.3
2025-03-07,H001,MedTrack General Hospital,D004,Orthopedics,Surgical,6,1,16.7,0,0,0,0.0,0,0.0,4.5,97.7,0,2,1,3.0,0.6,,66.5
2025-03-08,H001,MedTrack General Hospital,D004,Orthopedics,Surgical,6,1,16.7,0,0,0,0.0,0,0.0,4.5,98.4,0,1,1,2.0,0.36,,66.8
2025-03-09,H001,MedTrack General Hospital,D004,Orthopedics,Surgical,6,1,16.7,0,0,0,0.0,0,0.0,4.5,113.3,0,1,1,2.0,0.76,,66.3
2025-03-10,H001,MedTrack General Hospital,D004,Orthopedics,Surgical,6,1,16.7,0,1,0,0.0,0,0.0,5.0,119.0,0,1,1,2.0,1.31,3.9,63.4
2025-04-15,H001,MedTrack General Hospital,D004,Orthopedics,Surgical,6,1,16.7,1,1,0,0.0,0,0.0,0.6,12.5,0,2,1,3.0,0.57,3.6,66.5
2025-05-27,H001,MedTrack General Hospital,D004,Orthopedics,Surgical,6,1,16.7,1,1,0,0.0,0,0.0,0.2,4.3,0,1,1,2.0,0.53,4.6,66.6
2025-06-06,H001,MedTrack General Hospital,D004,Orthopedics,Surgical,6,1,16.7,1,0,0,0.0,0,0.0,3.0,66.9,0,1,1,2.0,0.68,3.4,66.4
2025-06-07,H001,MedTrack General Hospital,D004,Orthopedics,Surgical,6,1,16.7,0,0,0,0.0,0,0.0,4.5,103.0,0,1,1,2.0,0.67,,66.4
2025-06-08,H001,MedTrack General Hospital,D004,Orthopedics,Surgical,6,1,16.7,0,0,0,0.0,0,0.0,4.5,104.2,0,2,1,3.0,0.64,,66.4
2025-06-09,H001,MedTrack General Hospital,D004,Orthopedics,Surgical,6,1,16.7,0,1,0,0.0,0,0.0,3.0,64.5,0,1,1,2.0,0.52,3.4,66.6
2025-07-01,H001,MedTrack General Hospital,D004,Orthopedics,Surgical,6,1,16.7,1,0,0,0.0,0,0.0,10.0,228.2,0,1,1,2.0,1.17,3.7,41.4
2025-07-02,H001,MedTrack General Hospital,D004,Orthopedics,Surgical,6,1,16.7,0,0,0,0.0,0,0.0,4.5,102.7,0,1,1,2.0,0.81,,66.2
2025-07-03,H001,MedTrack General Hospital,D004,Orthopedics,Surgical,6,1,16.7,0,0,0,0.0,0,0.0,4.5,100.9,0,1,1,2.0,0.87,,66.2
2025-07-04,H001,MedTrack General Hospital,D004,Orthopedics,Surgical,6,1,16.7,0,0,0,0.0,0,0.0,4.5,107.8,0,1,1,2.0,0.39,,66.7
2025-07-05,H001,MedTrack General Hospital,D004,Orthopedics,Surgical,6,1,16.7,0,0,0,0.0,0,0.0,4.5,99.1,0,1,1,2.0,0.93,,66.1
2025-07-06,H001,MedTrack General Hospital,D004,Orthopedics,Surgical,6,1,16.7,0,0,0,0.0,0,0.0,4.5,108.1,0,1,1,2.0,0.8,,66.3
2025-07-07,H001,MedTrack General Hospital,D004,Orthopedics,Surgical,6,1,16.7,0,0,0,0.0,0,0.0,4.5,96.7,1,1,1,2.0,0.68,,66.4
2025-07-08,H001,MedTrack General Hospital,D004,Orthopedics,Surgical,6,1,16.7,0,0,0,0.0,0,0.0,4.5,93.3,0,1,1,2.0,1.08,,65.9
2025-07-09,H001,MedTrack General Hospital,D004,Orthopedics,Surgical,6,1,16.7,0,0,0,0.0,0,0.0,4.5,98.0,0,1,1,2.0,0.71,,66.4
2025-07-10,H001,MedTrack General Hospital,D004,Orthopedics,Surgical,6,1,16.7,0,0,0,0.0,0,0.0,4.5,100.0,0,1,1,2.0,1.12,,65.9
2025-07-11,H001,MedTrack General Hospital,D004,Orthopedics,Surgical,6,1,16.7,0,1,0,0.0,0,0.0,10.0,210.5,0,1,1,2.0,0.36,3.7,42.3
2025-10-03,H001,MedTrack General Hospital,D004,Orthopedics,Surgical,6,1,16.7,1,0,0,0.0,0,0.0,5.0,121.5,0,1,1,2.0,0.72,3.5,64.1
2025-10-04,H001,MedTrack General Hospital,D004,Orthopedics,Surgical,6,1,16.7,0,0,0,0.0,0,0.0,4.5,103.5,0,1,1,2.0,0.94,,66.1
2025-10-05,H001,MedTrack General Hospital,D004,Orthopedics,Surgical,6,1,16.7,0,0,0,0.0,0,0.0,4.5,102.1,1,1,1,2.0,0.67,,66.4
2025-10-06,H001,MedTrack General Hospital,D004,Orthopedics,Surgical,6,1,16.7,0,0,0,0.0,0,0.0,4.5,106.0,0,2,1,3.0,1.05,,66.0
2025-10-07,H001,MedTrack General Hospital,D004,Orthopedics,Surgical,6,1,16.7,0,0,0,0.0,0,0.0,4.5,112.6,0,1,1,2.0,0.75,,66.3
2025-10-08,H001,MedTrack General Hospital,D004,Orthopedics,Surgical,6,1,16.7,0,1,0,0.0,0,0.0,5.0,107.9,0,1,1,2.0,0.72,3.5,64.1
2020-12-08,H001,MedTrack General Hospital,D005,Pediatrics,Medical,6,1,16.7,1,0,0,0.0,0,0.0,2.0,48.2,0,1,1,2.0,0.14,3.8,67.0
2020-12-09,H001,MedTrack General Hospital,D005,Pediatrics,Medical,6,1,16.7,0,0,0,0.0,0,0.0,2.6,63.6,0,1,1,2.0,0.08,,67.1
2020-12-10,H001,MedTrack General Hospital,D005,Pediatrics,Medical,6,1,16.7,0,1,0,0.0,0,0.0,2.0,43.2,0,1,1,2.0,0.46,3.8,66.7
2021-01-04,H001,MedTrack General Hospital,D005,Pediatrics,Medical,6,1,16.7,1,0,0,0.0,0,0.0,1.0,21.1,0,1,1,2.0,0.67,4.5,66.4
2021-01-05,H001,MedTrack General Hospital,D005,Pediatrics,Medical,6,1,16.7,0,1,0,0.0,0,0.0,1.0,21.8,1,1,1,2.0,0.42,4.5,66.7
2021-09-17,H001,MedTrack General Hospital,D005,Pediatrics,Medical,6,1,16.7,1,1,0,0.0,0,0.0,0.3,6.2,0,1,1,2.0,0.25,4.8,66.9
2021-10-03,H001,MedTrack General Hospital,D005,Pediatrics,Medical,6,1,16.7,1,0,0,0.0,0,0.0,3.0,67.7,1,1,1,2.0,0.51,4.5,63.5
2021-10-04,H001,MedTrack General Hospital,D005,Pediatrics,Medical,6,1,16.7,0,0,0,0.0,0,0.0,2.6,56.5,0,1,1,2.0,0.2,,67.0
2021-10-05,H001,MedTrack General Hospital,D005,Pediatrics,Medical,6,1,16.7,0,0,0,0.0,0,0.0,2.6,61.1,0,1,1,2.0,0.01,,67.2
2021-10-06,H001,MedTrack General Hospital,D005,Pediatrics,Medical,6,1,16.7,0,1,0,0.0,0,0.0,3.0,69.0,0,1,1,2.0,0.6,4.5,63.4
2022-04-20,H001,MedTrack General Hospital,D005,Pediatrics,Medical,6,1,16.7,1,0,0,0.0,0,0.0,1.0,24.6,1,1,1,2.0,0.36,3.7,66.8
2022-04-21,H001,MedTrack General Hospital,D005,Pediatrics,Medical,6,1,16.7,0,1,0,0.0,0,0.0,1.0,24.1,0,1,1,2.0,0.42,3.7,66.7
2023-03-28,H001,MedTrack General Hospital,D005,Pediatrics,Medical,6,1,16.7,1,1,0,0.0,0,0.0,0.7,17.5,0,1,1,2.0,0.42,4.2,66.7
2023-03-29,H001,MedTrack General Hospital,D005,Pediatrics,Medical,6,0,0.0,0,0,0,0.0,0,0.0,2.6,58.4,0,1,1,0.0,0.16,,59.8
2023-04-23,H001,MedTrack General Hospital,D005,Pediatrics,Medical,6,1,16.7,1,0,0,0.0,0,0.0,2.0,41.8,0,1,1,2.0,0.7,4.3,66.4
2023-04-24,H001,MedTrack General Hospital,D005,Pediatrics,Medical,6,2,33.3,1,0,0,0.0,0,0.0,5.0,120.4,1,2,1,1.5,0.18,4.7,56.5
2023-04-25,H001,MedTrack General Hospital,D005,Pediatrics,Medical,6,2,33.3,0,1,0,0.0,0,0.0,2.0,45.0,0,1,1,1.0,0.23,4.3,74.9
2023-04-26,H001,MedTrack General Hospital,D005,Pediatrics,Medical,6,1,16.7,0,0,0,0.0,0,0.0,2.6,60.3,1,1,1,2.0,0.28,,66.9
2023-04-27,H001,MedTrack General Hospital,D005,Pediatrics,Medical,6,1,16.7,0,0,0,0.0,0,0.0,2.6,53.6,0,1,1,2.0,0.26,,66.9
2023-04-28,H001,MedTrack General Hospital,D005,Pediatrics,Medical,6,1,16.7,0,0,0,0.0,0,0.0,2.6,58.5,0,2,1,3.0,0.45,,66.7
2023-04-29,H001,MedTrack General Hospital,D005,Pediatrics,Medical,6,1,16.7,0,1,0,0.0,0,0.0,5.0,109.1,0,1,1,2.0,0.36,4.7,48.3
2023-08-08,H001,MedTrack General Hospital,D005,Pediatrics,Medical,6,1,16.7,1,0,0,0.0,0,0.0,4.0,98.9,0,2,1,3.0,0.32,3.9,56.1
2023-08-09,H001,MedTrack General Hospital,D005,Pediatrics,Medical,6,1,16.7,0,0,0,0.0,0,0.0,2.6,58.2,0,2,1,3.0,0.27,,66.9
2023-08-10,H001,MedTrack General Hospital,D005,Pediatrics,Medical,6,1,16.7,0,0,0,0.0,0,0.0,2.6,60.0,0,1,1,2.0,0.24,,66.9
2023-08-11,H001,MedTrack General Hospital,D005,Pediatrics,Medical,6,1,16.7,0,0,0,0.0,0,0.0,2.6,62.7,0,1,1,2.0,0.35,,66.8
2023-08-12,H001,MedTrack General Hospital,D005,Pediatrics,Medical,6,1,16.7,0,1,0,0.0,0,0.0,4.0,86.5,0,2,1,3.0,0.63,3.9,55.7
2024-02-14,H001,MedTrack General Hospital,D005,Pediatrics,Medical,6,1,16.7,1,0,0,0.0,0,0.0,2.0,41.7,0,1,1,2.0,0.44,5.0,66.7
2024-02-15,H001,MedTrack General Hospital,D005,Pediatrics,Medical,6,1,16.7,0,0,0,0.0,0,0.0,2.6,55.6,0,1,1,2.0,0.1,,67.1
2024-02-16,H001,MedTrack General Hospital,D005,Pediatrics,Medical,6,1,16.7,0,1,0,0.0,0,0.0,2.0,47.0,0,2,1,3.0,0.23,5.0,66.9
2024-12-22,H001,MedTrack General Hospital,D005,Pediatrics,Medical,6,1,16.7,1,1,0,0.0,0,0.0,0.7,17.2,1,1,1,2.0,0.24,4.4,66.9
2025-08-03,H001,MedTrack General Hospital,D005,Pediatrics,Medical,6,1,16.7,1,0,0,0.0,0,0.0,4.0,89.1,0,1,1,2.0,0.16,3.9,56.3
2025-08-04,H001,MedTrack General Hospital,D005,Pediatrics,Medical,6,1,16.7,0,0,0,0.0,0,0.0,2.6,64.0,0,1,1,2.0,0.1,,67.1
2025-08-05,H001,MedTrack General Hospital,D005,Pediatrics,Medical,6,1,16.7,0,0,0,0.0,0,0.0,2.6,60.7,0,2,1,3.0,0.16,,67.0
2025-08-06,H001,MedTrack General Hospital,D005,Pediatrics,Medical,6,1,16.7,0,0,0,0.0,0,0.0,2.6,61.2,0,2,1,3.0,0.32,,66.8
2025-08-07,H001,MedTrack General Hospital,D005,Pediatrics,Medical,6,1,16.7,0,1,0,0.0,0,0.0,4.0,92.3,0,1,1,2.0,0.08,3.9,56.4
2025-08-08,H001,MedTrack General Hospital,D005,Pediatrics,Medical,6,0,0.0,0,0,0,0.0,0,0.0,2.6,57.6,0,1,1,0.0,0.54,,59.4
2020-06-21,H001,MedTrack General Hospital,D006,Neurology,Medical,6,1,16.7,1,0,1,100.0,0,0.0,7.0,164.8,0,1,1,2.0,1.84,3.4,39.6
2020-06-22,H001,MedTrack General Hospital,D006,Neurology,Medical,6,1,16.7,0,0,0,0.0,0,0.0,5.5,120.4,0,1,1,2.0,0.21,,67.0
2020-06-23,H001,MedTrack General Hospital,D006,Neurology,Medical,6,1,16.7,0,0,0,0.0,0,0.0,5.5,126.5,0,1,1,2.0,0.29,,66.9
2020-06-24,H001,MedTrack General Hospital,D006,Neurology,Medical,6,1,16.7,0,0,0,0.0,0,0.0,5.5,117.9,0,1,1,2.0,1.45,,65.5
2020-06-25,H001,MedTrack General Hospital,D006,Neurology,Medical,6,1,16.7,0,0,0,0.0,0,0.0,5.5,129.7,0,1,1,2.0,0.97,,66.1
2020-06-26,H001,MedTrack General Hospital,D006,Neurology,Medical,6,1,16.7,0,0,0,0.0,0,0.0,5.5,120.0,0,1,1,2.0,0.2,,67.0
2020-06-27,H001,MedTrack General Hospital,D006,Neurology,Medical,6,1,16.7,0,0,0,0.0,0,0.0,5.5,124.3,0,2,1,3.0,0.43,,66.7
2020-06-28,H001,MedTrack General Hospital,D006,Neurology,Medical,6,1,16.7,0,1,0,0.0,0,0.0,7.0,161.1,0,1,1,2.0,0.72,3.4,60.9
2020-07-07,H001,MedTrack General Hospital,D006,Neurology,Medical,6,1,16.7,1,0,0,0.0,0,0.0,2.0,47.6,0,2,1,3.0,0.67,3.6,66.4
2020-07-08,H001,MedTrack General Hospital,D006,Neurology,Medical,6,1,16.7,0,0,0,0.0,0,0.0,5.5,123.2,0,1,1,2.0,0.5,,66.6
2020-07-09,H001,MedTrack General Hospital,D006,Neurology,Medical,6,1,16.7,0,1,0,0.0,0,0.0,2.0,48.2,0,1,1,2.0,0.41,3.6,66.7
2020-11-03,H001,MedTrack General Hospital,D006,Neurology,Medical,6,1,16.7,1,0,0,0.0,0,0.0,4.0,89.8,0,1,1,2.0,0.54,3.8,66.6
2020-11-04,H001,MedTrack General Hospital,D006,Neurology,Medical,6,1,16.7,0,0,0,0.0,0,0.0,5.5,137.6,1,2,1,3.0,0.7,,66.4
2020-11-05,H001,MedTrack General Hospital,D006,Neurology,Medical,6,1,16.7,0,0,0,0.0,0,0.0,5.5,118.1,0,2,1,3.0,0.89,,66.1
2020-11-06,H001,MedTrack General Hospital,D006,Neurology,Medical,6,1,16.7,0,0,0,0.0,0,0.0,5.5,137.1,0,1,1,2.0,0.32,,66.8
2020-11-07,H001,MedTrack General Hospital,D006,Neurology,Medical,6,1,16.7,0,1,0,0.0,0,0.0,4.0,99.6,0,1,1,2.0,1.23,3.8,65.7
2021-01-08,H001,MedTrack General Hospital,D006,Neurology,Medical,6,1,16.7,1,0,0,0.0,0,0.0,2.0,45.4,0,2,1,3.0,0.88,4.0,66.2
2021-01-09,H001,MedTrack General Hospital,D006,Neurology,Medical,6,1,16.7,0,0,0,0.0,0,0.0,5.5,114.2,0,2,1,3.0,0.99,,66.0
2021-01-10,H001,MedTrack General Hospital,D006,Neurology,Medical,6,1,16.7,0,1,0,0.0,0,0.0,2.0,43.7,1,1,1,2.0,0.1,4.0,67.1
2021-03-22,H001,MedTrack General Hospital,D006,Neurology,Medical,6,1,16.7,1,0,0,0.0,0,0.0,1.0,22.6,1,2,1,3.0,0.49,3.6,66.6
2021-03-23,H001,MedTrack General Hospital,D006,Neurology,Medical,6,1,16.7,0,1,0,0.0,0,0.0,1.0,21.2,0,1,1,2.0,0.6,3.6,66.5
2021-06-03,H001,MedTrack General Hospital,D006,Neurology,Medical,6,1,16.7,1,0,0,0.0,0,0.0,3.0,74.2,0,2,1,3.0,0.66,4.6,66.4
2021-06-04,H001,MedTrack General Hospital,D006,Neurology,Medical,6,1,16.7,0,0,0,0.0,0,0.0,5.5,115.2,0,2,1,3.0,1.11,,65.9
2021-06-05,H001,MedTrack General Hospital,D006,Neurology,Medical,6,1,16.7,0,0,0,0.0,0,0.0,5.5,116.5,1,1,1,2.0,0.67,,66.4
2021-06-06,H001,MedTrack General Hospital,D006,Neurology,Medical,6,1,16.7,0,1,0,0.0,0,0.0,3.0,75.4,0,1,1,2.0,1.47,4.6,65.5
2021-08-25,H001,MedTrack General Hospital,D006,Neurology,Medical,6,1,16.7,1,0,0,0.0,0,0.0,3.0,68.1,0,1,1,2.0,1.05,3.3,66.0
2021-08-26,H001,MedTrack General Hospital,D006,Neurology,Medical,6,1,16.7,0,0,0,0.0,0,0.0,5.5,137.0,0,2,1,3.0,0.95,,66.1
2021-08-27,H001,MedTrack General Hospital,D006,Neurology,Medical,6,1,16.7,0,0,0,0.0,0,0.0,5.5,126.7,0,2,1,3.0,0.15,,67.0
2021-08-28,H001,MedTrack General Hospital,D006,Neurology,Medical,6,1,16.7,0,1,0,0.0,0,0.0,3.0,67.9,0,1,1,2.0,0.44,3.3,66.7
2022-01-05,H001,MedTrack General Hospital,D006,Neurology,Medical,6,1,16.7,1,0,0,0.0,0,0.0,5.0,109.5,0,1,1,2.0,0.72,,66.4
2022-01-06,H001,MedTrack General Hospital,D006,Neurology,Medical,6,1,16.7,0,0,0,0.0,0,0.0,5.5,123.6,0,1,1,2.0,0.2,,67.0
2022-01-07,H001,MedTrack General Hospital,D006,Neurology,Medical,6,1,16.7,0,0,0,0.0,0,0.0,5.5,123.5,0,1,1,2.0,0.36,,66.8
2022-01-08,H001,MedTrack General Hospital,D006,Neurology,Medical,6,1,16.7,0,0,0,0.0,0,0.0,5.5,118.4,1,2,1,3.0,0.77,,66.3
2022-01-09,H001,MedTrack General Hospital,D006,Neurology,Medical,6,1,16.7,0,0,0,0.0,0,0.0,5.5,130.9,0,1,1,2.0,1.04,,66.0
2022-01-10,H001,MedTrack General Hospital,D006,Neurology,Medical,6,1,16.7,0,1,0,0.0,1,100.0,5.0,106.7,0,1,1,2.0,0.58,,66.5
2022-01-13,H001,MedTrack General Hospital,D006,Neurology,Medical,6,1,16.7,1,0,0,0.0,0,0.0,4.0,89.4,0,2,1,3.0,1.14,4.2,65.8
2022-01-14,H001,MedTrack General Hospital,D006,Neurology,Medical,6,1,16.7,0,0,0,0.0,0,0.0,5.5,136.1,1,1,1,2.0,0.81,,66.2
2022-01-15,H001,MedTrack General Hospital,D006,Neurology,Medical,6,1,16.7,0,0,0,0.0,0,0.0,5.5,128.5,0,1,1,2.0,0.27,,66.9
2022-01-16,H001,MedTrack General Hospital,D006,Neurology,Medical,6,1,16.7,0,0,0,0.0,0,0.0,5.5,128.0,0,1,1,2.0,0.0,,67.2
2022-01-17,H001,MedTrack General Hospital,D006,Neurology,Medical,6,1,16.7,0,1,0,0.0,0,0.0,4.0,99.5,0,2,1,3.0,0.24,4.2,66.9
2022-09-01,H001,MedTrack General Hospital,D006,Neurology,Medical,6,1,16.7,1,0,0,0.0,0,0.0,3.0,74.3,0,1,1,2.0,1.12,3.9,65.9
2022-09-02,H001,MedTrack General Hospital,D006,Neurology,Medical,6,1,16.7,0,0,0,0.0,0,0.0,5.5,136.2,1,2,1,3.0,0.04,,67.2
2022-09-03,H001,MedTrack General Hospital,D006,Neurology,Medical,6,1,16.7,0,0,0,0.0,0,0.0,5.5,122.6,0,1,1,2.0,0.92,,66.1
2022-09-04,H001,MedTrack General Hospital,D006,Neurology,Medical,6,1,16.7,0,1,0,0.0,0,0.0,3.0,75.0,0,1,1,2.0,0.19,3.9,67.0
2023-02-14,H001,MedTrack General Hospital,D006,Neurology,Medical,6,0,0.0,0,0,0,0.0,0,0.0,5.5,134.8,0,1,1,0.0,1.26,,58.5
2023-02-15,H001,MedTrack General Hospital,D006,Neurology,Medical,6,1,16.7,1,0,0,0.0,0,0.0,4.0,85.3,0,1,1,2.0,0.52,3.7,66.6
2023-02-16,H001,MedTrack General Hospital,D006,Neurology,Medical,6,1,16.7,0,0,0,0.0,0,0.0,5.5,120.7,0,1,1,2.0,1.06,,65.9
2023-02-17,H001,MedTrack General Hospital,D006,Neurology,Medical,6,1,16.7,0,0,0,0.0,0,0.0,5.5,136.8,1,1,1,2.0,0.81,,66.2
2023-02-18,H001,MedTrack General Hospital,D006,Neurology,Medical,6,1,16.7,0,0,0,0.0,0,0.0,5.5,124.4,0,2,1,3.0,0.32,,66.8
2023-02-19,H001,MedTrack General Hospital,D006,Neurology,Medical,6,2,33.3,1,1,0,0.0,0,0.0,2.5,55.6,0,1,1,1.0,0.49,3.85,74.6
2023-02-20,H001,MedTrack General Hospital,D006,Neurology,Medical,6,1,16.7,0,1,0,0.0,0,0.0,1.0,21.5,1,1,1,2.0,0.09,4.0,67.1
2023-03-04,H001,MedTrack General Hospital,D006,Neurology,Medical,6,1,16.7,1,0,0,0.0,0,0.0,3.0,70.5,0,1,1,2.0,1.08,5.0,65.9
2023-03-05,H001,MedTrack General Hospital,D006,Neurology,Medical,6,1,16.7,0,0,0,0.0,0,0.0,5.5,134.7,0,1,1,2.0,0.55,,66.6
2023-03-06,H001,MedTrack General Hospital,D006,Neurology,Medical,6,1,16.7,0,0,0,0.0,0,0.0,5.5,138.0,0,1,1,2.0,0.46,,66.7
2023-03-07,H001,MedTrack General Hospital,D006,Neurology,Medical,6,1,16.7,0,1,0,0.0,0,0.0,3.0,66.7,0,2,1,3.0,0.58,5.0,66.5
2023-03-08,H001,MedTrack General Hospital,D006,Neurology,Medical,6,0,0.0,0,0,0,0.0,0,0.0,5.5,123.1,0,1,1,0.0,0.93,,58.9
2023-08-29,H001,MedTrack General Hospital,D006,Neurology,Medical,6,1,16.7,1,0,0,0.0,0,0.0,5.0,116.8,0,1,1,2.0,0.24,4.1,66.9
2023-08-30,H001,MedTrack General Hospital,D006,Neurology,Medical,6,1,16.7,0,0,0,0.0,0,0.0,5.5,129.3,0,1,1,2.0,0.55,,66.6
2023-08-31,H001,MedTrack General Hospital,D006,Neurology,Medical,6,1,16.7,0,0,0,0.0,0,0.0,5.5,123.5,0,1,1,2.0,0.69,,66.4
2023-09-01,H001,MedTrack General Hospital,D006,Neurology,Medical,6,1,16.7,0,0,0,0.0,0,0.0,5.5,124.7,0,1,1,2.0,0.01,,67.2
2023-09-02,H001,MedTrack General Hospital,D006,Neurology,Medical,6,1,16.7,0,0,0,0.0,0,0.0,5.5,133.6,0,2,1,3.0,0.79,,66.3
2023-09-03,H001,MedTrack General Hospital,D006,Neurology,Medical,6,1,16.7,0,1,0,0.0,0,0.0,5.0,103.1,0,1,1,2.0,0.65,4.1,66.4
2023-09-04,H001,MedTrack General Hospital,D006,Neurology,Medical,6,0,0.0,0,0,0,0.0,0,0.0,5.5,135.5,0,1,1,0.0,0.6,,59.3
2024-07-25,H001,MedTrack General Hospital,D006,Neurology,Medical,6,1,16.7,1,0,1,100.0,0,0.0,7.0,158.7,0,1,1,2.0,0.61,2.7,41.0
2024-07-26,H001,MedTrack General Hospital,D006,Neurology,Medical,6,1,16.7,0,0,0,0.0,0,0.0,5.5,126.5,0,1,1,2.0,1.24,,65.7
2024-07-27,H001,MedTrack General Hospital,D006,Neurology,Medical,6,1,16.7,0,0,0,0.0,0,0.0,5.5,137.4,0,1,1,2.0,0.85,,66.2
2024-07-28,H001,MedTrack General Hospital,D006,Neurology,Medical,6,1,16.7,0,0,0,0.0,0,0.0,5.5,120.1,0,1,1,2.0,0.97,,66.1
2024-07-29,H001,MedTrack General Hospital,D006,Neurology,Medical,6,1,16.7,0,0,0,0.0,0,0.0,5.5,121.8,0,1,1,2.0,0.97,,66.1
2024-07-30,H001,MedTrack General Hospital,D006,Neurology,Medical,6,1,16.7,0,0,0,0.0,0,0.0,5.5,113.8,0,1,1,2.0,0.29,,66.9
2024-07-31,H001,MedTrack General Hospital,D006,Neurology,Medical,6,1,16.7,0,0,0,0.0,0,0.0,5.5,123.7,0,1,1,2.0,0.87,,66.2
2024-08-01,H001,MedTrack General Hospital,D006,Neurology,Medical,6,1,16.7,0,1,0,0.0,0,0.0,7.0,174.2,0,2,1,3.0,0.25,2.7,61.5
2024-08-02,H001,MedTrack General Hospital,D006,Neurology,Medical,6,0,0.0,0,0,0,0.0,0,0.0,5.5,120.2,0,1,1,0.0,0.71,,59.1
2025-02-19,H001,MedTrack General Hospital,D006,Neurology,Medical,6,1,16.7,1,0,0,0.0,0,0.0,6.0,149.1,0,1,1,2.0,0.74,5.0,64.5
2025-02-20,H001,MedTrack General Hospital,D006,Neurology,Medical,6,1,16.7,0,0,0,0.0,0,0.0,5.5,136.3,0,1,1,2.0,1.0,,66.0
2025-02-21,H001,MedTrack General Hospital,D006,Neurology,Medical,6,1,16.7,0,0,0,0.0,0,0.0,5.5,121.5,0,1,1,2.0,1.05,,66.0
2025-02-22,H001,MedTrack General Hospital,D006,Neurology,Medical,6,1,16.7,0,0,0,0.0,0,0.0,5.5,112.2,0,1,1,2.0,1.1,,65.9
2025-02-23,H001,MedTrack General Hospital,D006,Neurology,Medical,6,1,16.7,0,0,0,0.0,0,0.0,5.5,119.6,1,1,1,2.0,0.55,,66.6
2025-02-24,H001,MedTrack General Hospital,D006,Neurology,Medical,6,1,16.7,0,0,0,0.0,0,0.0,5.5,135.1,0,1,1,2.0,1.32,,65.6
2025-02-25,H001,MedTrack General Hospital,D006,Neurology,Medical,6,1,16.7,0,1,0,0.0,0,0.0,6.0,138.3,0,2,1,3.0,0.5,5.0,64.8
2025-07-03,H001,MedTrack General Hospital,D006,Neurology,Medical,6,1,16.7,1,0,0,0.0,0,0.0,1.0,24.2,0,1,1,2.0,0.38,4.0,66.8
2025-07-04,H001,MedTrack General Hospital,D006,Neurology,Medical,6,1,16.7,0,1,0,0.0,0,0.0,1.0,23.6,0,1,1,2.0,0.66,4.0,66.4
2025-08-06,H001,MedTrack General Hospital,D006,Neurology,Medical,6,1,16.7,1,0,1,100.0,0,0.0,6.0,139.3,0,1,1,2.0,0.65,2.5,44.6
2025-08-07,H001,MedTrack General Hospital,D006,Neurology,Medical,6,1,16.7,0,0,0,0.0,0,0.0,5.5,126.4,0,1,1,2.0,0.13,,67.1
2025-08-08,H001,MedTrack General Hospital,D006,Neurology,Medical,6,1,16.7,0,0,0,0.0,0,0.0,5.5,122.6,0,1,1,2.0,0.73,,66.3
2025-08-09,H001,MedTrack General Hospital,D006,Neurology,Medical,6,1,16.7,0,0,0,0.0,0,0.0,5.5,131.5,0,1,1,2.0,1.06,,65.9
2025-08-10,H001,MedTrack General Hospital,D006,Neurology,Medical,6,1,16.7,0,0,0,0.0,0,0.0,5.5,125.1,0,2,1,3.0,0.79,,66.3
2025-08-11,H001,MedTrack General Hospital,D006,Neurology,Medical,6,1,16.7,0,0,0,0.0,0,0.0,5.5,125.1,0,1,1,2.0,1.11,,65.9
2025-08-12,H001,MedTrack General Hospital,D006,Neurology,Medical,6,1,16.7,0,1,0,0.0,0,0.0,6.0,129.5,0,2,1,3.0,0.81,2.5,64.4
2021-11-03,H001,MedTrack General Hospital,D007,Oncology,Medical,6,1,16.7,1,0,0,0.0,0,0.0,14.0,331.2,0,1,1,2.0,1.63,2.2,47.9
2021-11-04,H001,MedTrack General Hospital,D007,Oncology,Medical,6,1,16.7,0,0,0,0.0,0,0.0,7.5,156.9,0,1,1,2.0,1.2,,65.8
2021-11-05,H001,MedTrack General Hospital,D007,Oncology,Medical,6,1,16.7,0,0,0,0.0,0,0.0,7.5,173.5,0,2,1,3.0,1.32,,65.6
2021-11-06,H001,MedTrack General Hospital,D007,Oncology,Medical,6,1,16.7,0,0,0,0.0,0,0.0,7.5,172.5,0,2,1,3.0,0.45,,66.7
2021-11-07,H001,MedTrack General Hospital,D007,Oncology,Medical,6,1,16.7,0,0,0,0.0,0,0.0,7.5,157.7,0,1,1,2.0,0.12,,67.1
2021-11-08,H001,MedTrack General Hospital,D007,Oncology,Medical,6,1,16.7,0,0,0,0.0,0,0.0,7.5,174.8,0,2,1,3.0,0.57,,66.5
2021-11-09,H001,MedTrack General Hospital,D007,Oncology,Medical,6,1,16.7,0,0,0,0.0,0,0.0,7.5,188.8,0,1,1,2.0,1.59,,65.3
2021-11-10,H001,MedTrack General Hospital,D007,Oncology,Medical,6,1,16.7,0,0,0,0.0,0,0.0,7.5,163.3,0,1,1,2.0,1.2,,65.8
2021-11-11,H001,MedTrack General Hospital,D007,Oncology,Medical,6,1,16.7,0,0,0,0.0,0,0.0,7.5,155.0,0,1,1,2.0,1.84,,65.0
2021-11-12,H001,MedTrack General Hospital,D007,Oncology,Medical,6,1,16.7,0,0,0,0.0,0,0.0,7.5,165.8,0,1,1,2.0,1.22,,65.8
2021-11-13,H001,MedTrack General Hospital,D007,Oncology,Medical,6,1,16.7,0,0,0,0.0,0,0.0,7.5,172.7,0,1,1,2.0,1.0,,66.0
2021-11-14,H001,MedTrack General Hospital,D007,Oncology,Medical,6,1,16.7,0,0,0,0.0,0,0.0,7.5,183.3,0,1,1,2.0,0.23,,66.9
2021-11-15,H001,MedTrack General Hospital,D007,Oncology,Medical,6,1,16.7,0,0,0,0.0,0,0.0,7.5,165.6,0,1,1,2.0,1.07,,65.9
2021-11-16,H001,MedTrack General Hospital,D007,Oncology,Medical,6,1,16.7,0,0,0,0.0,0,0.0,7.5,159.0,0,1,1,2.0,1.01,,66.0
2021-11-17,H001,MedTrack General Hospital,D007,Oncology,Medical,6,1,16.7,0,1,0,0.0,0,0.0,14.0,302.6,0,2,1,3.0,0.94,2.2,48.8
2022-07-15,H001,MedTrack General Hospital,D007,Oncology,Medical,6,1,16.7,1,0,0,0.0,0,0.0,11.0,259.4,0,1,1,2.0,1.3,3.6,56.3
2022-07-16,H001,MedTrack General Hospital,D007,Oncology,Medical,6,1,16.7,0,0,0,0.0,0,0.0,7.5,169.2,0,1,1,2.0,1.68,,65.2
2022-07-17,H001,MedTrack General Hospital,D007,Oncology,Medical,6,1,16.7,0,0,0,0.0,0,0.0,7.5,179.5,0,1,1,2.0,1.06,,65.9
2022-07-18,H001,MedTrack General Hospital,D007,Oncology,Medical,6,1,16.7,0,0,0,0.0,0,0.0,7.5,178.9,0,1,1,2.0,1.34,,65.6
2022-07-19,H001,MedTrack General Hospital,D007,Oncology,Medical,6,1,16.7,0,0,0,0.0,0,0.0,7.5,158.3,0,1,1,2.0,0.0,,67.2
2022-07-20,H001,MedTrack General Hospital,D007,Oncology,Medical,6,1,16.7,0,0,0,0.0,0,0.0,7.5,159.1,0,1,1,2.0,1.12,,65.9
2022-07-21,H001,MedTrack General Hospital,D007,Oncology,Medical,6,1,16.7,0,0,0,0.0,0,0.0,7.5,177.2,0,1,1,2.0,1.24,,65.7
2022-07-22,H001,MedTrack General Hospital,D007,Oncology,Medical,6,1,16.7,0,0,0,0.0,0,0.0,7.5,157.3,0,1,1,2.0,1.8,,65.1
2022-07-23,H001,MedTrack General Hospital,D007,Oncology,Medical,6,1,16.7,0,0,0,0.0,0,0.0,7.5,171.8,0,1,1,2.0,0.72,,66.4
2022-07-24,H001,MedTrack General Hospital,D007,Oncology,Medical,6,1,16.7,0,0,0,0.0,0,0.0,7.5,183.2,0,1,1,2.0,0.5,,66.6
2022-07-25,H001,MedTrack General Hospital,D007,Oncology,Medical,6,1,16.7,0,0,0,0.0,0,0.0,7.5,173.9,0,2,1,3.0,1.26,,65.7
2022-07-26,H001,MedTrack General Hospital,D007,Oncology,Medical,6,1,16.7,0,1,0,0.0,0,0.0,11.0,259.8,0,1,1,2.0,0.44,3.6,57.4
2022-08-06,H001,MedTrack General Hospital,D007,Oncology,Medical,6,1,16.7,1,0,0,0.0,0,0.0,5.0,109.5,0,1,1,2.0,0.68,3.6,66.4
2022-08-07,H001,MedTrack General Hospital,D007,Oncology,Medical,6,1,16.7,0,0,0,0.0,0,0.0,7.5,167.3,0,1,1,2.0,1.57,,65.3
2022-08-08,H001,MedTrack General Hospital,D007,Oncology,Medical,6,1,16.7,0,0,0,0.0,0,0.0,7.5,188.0,0,1,1,2.0,0.58,,66.5
2022-08-09,H001,MedTrack General Hospital,D007,Oncology,Medical,6,1,16.7,0,0,0,0.0,0,0.0,7.5,173.4,0,1,1,2.0,2.09,,64.7
2022-08-10,H001,MedTrack General Hospital,D007,Oncology,Medical,6,1,16.7,0,0,0,0.0,0,0.0,7.5,185.0,0,1,1,2.0,1.1,,65.9
2022-08-11,H001,MedTrack General Hospital,D007,Oncology,Medical,6,1,16.7,0,1,0,0.0,0,0.0,5.0,120.0,0,1,1,2.0,0.84,3.6,66.2
2022-08-12,H001,MedTrack General Hospital,D007,Oncology,Medical,6,0,0.0,0,0,0,0.0,0,0.0,7.5,164.8,0,1,1,0.0,1.06,,58.7
2022-08-14,H001,MedTrack General Hospital,D007,Oncology,Medical,6,1,16.7,1,0,0,0.0,0,0.0,8.0,164.1,0,1,1,2.0,0.18,3.9,65.7
2022-08-15,H001,MedTrack General Hospital,D007,Oncology,Medical,6,1,16.7,0,0,0,0.0,0,0.0,7.5,158.9,0,1,1,2.0,0.79,,66.3
2022-08-16,H001,MedTrack General Hospital,D007,Oncology,Medical,6,1,16.7,0,0,0,0.0,0,0.0,7.5,160.2,0,1,1,2.0,1.41,,65.5
2022-08-17,H001,MedTrack General Hospital,D007,Oncology,Medical,6,1,16.7,0,0,0,0.0,0,0.0,7.5,178.8,0,1,1,2.0,1.41,,65.5
2022-08-18,H001,MedTrack General Hospital,D007,Oncology,Medical,6,1,16.7,0,0,0,0.0,0,0.0,7.5,176.1,0,1,1,2.0,1.0,,66.0
2022-08-19,H001,MedTrack General Hospital,D007,Oncology,Medical,6,1,16.7,0,0,0,0.0,0,0.0,7.5,165.9,0,1,1,2.0,1.77,,65.1
2022-08-20,H001,MedTrack General Hospital,D007,Oncology,Medical,6,1,16.7,0,0,0,0.0,0,0.0,7.5,177.9,0,2,1,3.0,1.17,,65.8
2022-08-21,H001,MedTrack General Hospital,D007,Oncology,Medical,6,1,16.7,0,0,0,0.0,0,0.0,7.5,184.8,0,1,1,2.0,1.75,,65.1
2022-08-22,H001,MedTrack General Hospital,D007,Oncology,Medical,6,1,16.7,0,1,0,0.0,0,0.0,8.0,185.4,0,1,1,2.0,1.02,3.9,64.7
2023-03-10,H001,MedTrack General Hospital,D007,Oncology,Medical,6,1,16.7,1,0,0,0.0,0,0.0,3.0,70.1,0,1,1,2.0,1.36,3.3,65.6
2023-03-11,H001,MedTrack General Hospital,D007,Oncology,Medical,6,1,16.7,0,0,0,0.0,0,0.0,7.5,180.7,0,1,1,2.0,1.43,,65.5
2023-03-12,H001,MedTrack General Hospital,D007,Oncology,Medical,6,1,16.7,0,0,0,0.0,0,0.0,7.5,155.6,0,2,1,3.0,0.75,,66.3
2023-03-13,H001,MedTrack General Hospital,D007,Oncology,Medical,6,1,16.7,0,1,0,0.0,0,0.0,3.0,69.7,0,2,1,3.0,1.85,3.3,65.0
2023-11-13,H001,MedTrack General Hospital,D007,Oncology,Medical,6,0,0.0,0,0,0,0.0,0,0.0,7.5,165.4,0,1,1,0.0,0.61,,59.3
2023-11-14,H001,MedTrack General Hospital,D007,Oncology,Medical,6,1,16.7,1,0,0,0.0,0,0.0,2.0,48.0,0,1,1,2.0,1.77,5.0,65.1
2023-11-15,H001,MedTrack General Hospital,D007,Oncology,Medical,6,1,16.7,0,0,0,0.0,0,0.0,7.5,172.3,0,2,1,3.0,1.16,,65.8
2023-11-16,H001,MedTrack General Hospital,D007,Oncology,Medical,6,1,16.7,0,1,0,0.0,0,0.0,2.0,44.3,0,1,1,2.0,1.13,5.0,65.9
2024-02-07,H001,MedTrack General Hospital,D007,Oncology,Medical,6,1,16.7,1,0,0,0.0,0,0.0,10.0,230.6,0,2,1,3.0,0.98,4.5,59.4
2024-02-08,H001,MedTrack General Hospital,D007,Oncology,Medical,6,1,16.7,0,0,0,0.0,0,0.0,7.5,179.9,0,2,1,3.0,0.92,,66.1
2024-02-09,H001,MedTrack General Hospital,D007,Oncology,Medical,6,1,16.7,0,0,0,0.0,0,0.0,7.5,186.6,0,1,1,2.0,0.56,,66.5
2024-02-10,H001,MedTrack General Hospital,D007,Oncology,Medical,6,1,16.7,0,0,0,0.0,0,0.0,7.5,158.1,0,1,1,2.0,1.12,,65.9
2024-02-11,H001,MedTrack General Hospital,D007,Oncology,Medical,6,1,16.7,0,0,0,0.0,0,0.0,7.5,185.9,0,1,1,2.0,0.64,,66.4
2024-02-12,H001,MedTrack General Hospital,D007,Oncology,Medical,6,1,16.7,0,0,0,0.0,0,0.0,7.5,155.8,0,1,1,2.0,0.55,,66.6
2024-02-13,H001,MedTrack General Hospital,D007,Oncology,Medical,6,1,16.7,0,0,0,0.0,0,0.0,7.5,169.7,0,1,1,2.0,1.53,,65.4
2024-02-14,H001,MedTrack General Hospital,D007,Oncology,Medical,6,1,16.7,0,0,0,0.0,0,0.0,7.5,179.7,0,1,1,2.0,1.24,,65.7
2024-02-15,H001,MedTrack General Hospital,D007,Oncology,Medical,6,1,16.7,0,0,0,0.0,0,0.0,7.5,157.6,0,1,1,2.0,0.56,,66.5
2024-02-16,H001,MedTrack General Hospital,D007,Oncology,Medical,6,1,16.7,0,0,0,0.0,0,0.0,7.5,179.9,0,1,1,2.0,0.94,,66.1
2024-02-17,H001,MedTrack General Hospital,D007,Oncology,Medical,6,1,16.7,0,1,0,0.0,0,0.0,10.0,233.5,0,1,1,2.0,1.07,4.5,59.3
2024-06-15,H001,MedTrack General Hospital,D007,Oncology,Medical,6,1,16.7,1,0,0,0.0,0,0.0,5.0,119.1,0,1,1,2.0,0.59,,66.5
2024-06-16,H001,MedTrack General Hospital,D007,Oncology,Medical,6,1,16.7,0,0,0,0.0,0,0.0,7.5,156.7,0,1,1,2.0,0.27,,66.9
2024-06-17,H001,MedTrack General Hospital,D007,Oncology,Medical,6,1,16.7,0,0,0,0.0,0,0.0,7.5,178.5,0,1,1,2.0,1.54,,65.4
2024-06-18,H001,MedTrack General Hospital,D007,Oncology,Medical,6,1,16.7,0,0,0,0.0,0,0.0,7.5,185.3,0,1,1,2.0,0.71,,66.4
2024-06-19,H001,MedTrack General Hospital,D007,Oncology,Medical,6,1,16.7,0,0,0,0.0,0,0.0,7.5,154.1,0,2,1,3.0,0.99,,66.0
2024-06-20,H001,MedTrack General Hospital,D007,Oncology,Medical,6,1,16.7,0,1,0,0.0,1,100.0,5.0,110.2,0,2,1,3.0,1.34,,65.6
2024-08-30,H001,MedTrack General Hospital,D007,Oncology,Medical,6,1,16.7,1,0,0,0.0,0,0.0,6.0,139.1,0,1,1,2.0,1.95,4.3,64.9
2024-08-31,H001,MedTrack General Hospital,D007,Oncology,Medical,6,1,16.7,0,0,0,0.0,0,0.0,7.5,179.2,0,1,1,2.0,0.56,,66.5
2024-09-01,H001,MedTrack General Hospital,D007,Oncology,Medical,6,1,16.7,0,0,0,0.0,0,0.0,7.5,158.9,0,1,1,2.0,1.36,,65.6
2024-09-02,H001,MedTrack General Hospital,D007,Oncology,Medical,6,1,16.7,0,0,0,0.0,0,0.0,7.5,162.3,0,1,1,2.0,1.22,,65.8
2024-09-03,H001,MedTrack General Hospital,D007,Oncology,Medical,6,1,16.7,0,0,0,0.0,0,0.0,7.5,155.0,0,1,1,2.0,1.05,,66.0
2024-09-04,H001,MedTrack General Hospital,D007,Oncology,Medical,6,1,16.7,0,0,0,0.0,0,0.0,7.5,162.1,0,2,1,3.0,0.22,,67.0
2024-09-05,H001,MedTrack General Hospital,D007,Oncology,Medical,6,1,16.7,0,1,0,0.0,0,0.0,6.0,138.7,0,1,1,2.0,1.79,4.3,65.1
2024-10-23,H001,MedTrack General Hospital,D007,Oncology,Medical,6,1,16.7,1,0,0,0.0,0,0.0,9.0,203.1,0,2,1,3.0,0.69,4.0,62.4
2024-10-24,H001,MedTrack General Hospital,D007,Oncology,Medical,6,1,16.7,0,0,0,0.0,0,0.0,7.5,165.1,0,1,1,2.0,0.81,,66.2
2024-10-25,H001,MedTrack General Hospital,D007,Oncology,Medical,6,1,16.7,0,0,0,0.0,0,0.0,7.5,160.4,0,2,1,3.0,0.34,,66.8
2024-10-26,H001,MedTrack General Hospital,D007,Oncology,Medical,6,1,16.7,0,0,0,0.0,0,0.0,7.5,169.4,0,1,1,2.0,1.48,,65.4
2024-10-27,H001,MedTrack General Hospital,D007,Oncology,Medical,6,1,16.7,0,0,0,0.0,0,0.0,7.5,173.5,0,1,1,2.0,0.85,,66.2
2024-10-28,H001,MedTrack General Hospital,D007,Oncology,Medical,6,1,16.7,0,0,0,0.0,0,0.0,7.5,169.7,0,2,1,3.0,0.99,,66.0
2024-10-29,H001,MedTrack General Hospital,D007,Oncology,Medical,6,1,16.7,0,0,0,0.0,0,0.0,7.5,157.3,0,1,1,2.0,1.64,,65.2
2024-10-30,H001,MedTrack General Hospital,D007,Oncology,Medical,6,1,16.7,0,0,0,0.0,0,0.0,7.5,178.1,0,2,1,3.0,0.0,,67.2
2024-10-31,H001,MedTrack General Hospital,D007,Oncology,Medical,6,1,16.7,0,0,0,0.0,0,0.0,7.5,167.8,0,1,1,2.0,0.93,,66.1
2024-11-01,H001,MedTrack General Hospital,D007,Oncology,Medical,6,1,16.7,0,1,0,0.0,0,0.0,9.0,192.1,0,1,1,2.0,0.72,4.0,62.4
2024-12-14,H001,MedTrack General Hospital,D007,Oncology,Medical,6,1,16.7,1,0,0,0.0,0,0.0,5.0,110.6,0,1,1,2.0,0.45,4.1,66.7
2024-12-15,H001,MedTrack General Hospital,D007,Oncology,Medical,6,1,16.7,0,0,0,0.0,0,0.0,7.5,154.2,0,2,1,3.0,2.15,,64.6
2024-12-16,H001,MedTrack General Hospital,D007,Oncology,Medical,6,1,16.7,0,0,0,0.0,0,0.0,7.5,176.5,0,1,1,2.0,1.93,,64.9
2024-12-17,H001,MedTrack General Hospital,D007,Oncology,Medical,6,1,16.7,0,0,0,0.0,0,0.0,7.5,154.6,0,1,1,2.0,1.49,,65.4
2024-12-18,H001,MedTrack General Hospital,D007,Oncology,Medical,6,1,16.7,0,0,0,0.0,0,0.0,7.5,156.8,0,2,1,3.0,1.06,,65.9
2024-12-19,H001,MedTrack General Hospital,D007,Oncology,Medical,6,1,16.7,0,1,0,0.0,0,0.0,5.0,111.5,0,1,1,2.0,1.01,4.1,66.0
2025-03-03,H001,MedTrack General Hospital,D007,Oncology,Medical,6,1,16.7,1,0,0,0.0,0,0.0,8.0,194.0,0,1,1,2.0,0.4,3.9,65.4
2025-03-04,H001,MedTrack General Hospital,D007,Oncology,Medical,6,1,16.7,0,0,0,0.0,0,0.0,7.5,183.6,0,1,1,2.0,1.26,,65.7
2025-03-05,H001,MedTrack General Hospital,D007,Oncology,Medical,6,1,16.7,0,0,0,0.0,0,0.0,7.5,173.8,0,1,1,2.0,0.84,,66.2
2025-03-06,H001,MedTrack General Hospital,D007,Oncology,Medical,6,1,16.7,0,0,0,0.0,0,0.0,7.5,181.9,0,1,1,2.0,1.15,,65.8
2025-03-07,H001,MedTrack General Hospital,D007,Oncology,Medical,6,1,16.7,0,0,0,0.0,0,0.0,7.5,167.2,0,1,1,2.0,0.82,,66.2
2025-03-08,H001,MedTrack General Hospital,D007,Oncology,Medical,6,1,16.7,0,0,0,0.0,0,0.0,7.5,167.9,0,1,1,2.0,0.62,,66.5
2025-03-09,H001,MedTrack General Hospital,D007,Oncology,Medical,6,1,16.7,0,0,0,0.0,0,0.0,7.5,157.1,0,1,1,2.0,1.18,,65.8
2025-03-10,H001,MedTrack General Hospital,D007,Oncology,Medical,6,1,16.7,0,0,0,0.0,0,0.0,7.5,178.6,0,1,1,2.0,0.7,,66.4
2025-03-11,H001,MedTrack General Hospital,D007,Oncology,Medical,6,1,16.7,0,1,0,0.0,0,0.0,8.0,194.8,0,1,1,2.0,1.25,3.9,64.4
2020-09-01,H001,MedTrack General Hospital,D008,Gen. Surgery,Surgical,7,1,14.3,1,0,0,0.0,0,0.0,4.0,87.8,0,1,1,2.0,1.08,4.4,64.8
2020-09-02,H001,MedTrack General Hospital,D008,General Surgery,Surgical,7,1,14.3,0,0,0,0.0,0,0.0,4.8,100.4,0,1,1,2.0,1.22,,64.6
2020-09-03,H001,MedTrack General Hospital,D008,General Surgery,Surgical,7,1,14.3,0,0,0,0.0,0,0.0,4.8,115.6,1,1,1,2.0,1.02,,64.8
2020-09-04,H001,MedTrack General Hospital,D008,General Surgery,Surgical,7,1,14.3,0,0,0,0.0,0,0.0,4.8,112.8,0,1,1,2.0,1.44,,64.3
2020-09-05,H001,MedTrack General Hospital,D008,General Surgery,Surgical,7,1,14.3,0,1,0,0.0,0,0.0,4.0,82.3,0,1,1,2.0,0.12,4.4,65.9
2021-04-15,H001,MedTrack General Hospital,D008,General Surgery,Surgical,7,1,14.3,1,0,0,0.0,0,0.0,6.0,138.1,0,1,1,2.0,0.65,4.2,60.3
2021-04-16,H001,MedTrack General Hospital,D008,General Surgery,Surgical,7,1,14.3,0,0,0,0.0,0,0.0,4.8,116.2,0,1,1,2.0,0.0,,66.1
2021-04-17,H001,MedTrack General Hospital,D008,General Surgery,Surgical,7,1,14.3,0,0,0,0.0,0,0.0,4.8,100.4,0,1,1,2.0,1.82,,63.9
2021-04-18,H001,MedTrack General Hospital,D008,General Surgery,Surgical,7,1,14.3,0,0,0,0.0,0,0.0,4.8,117.0,0,1,1,2.0,0.63,,65.3
2021-04-19,H001,MedTrack General Hospital,D008,General Surgery,Surgical,7,1,14.3,0,0,0,0.0,0,0.0,4.8,103.9,1,1,1,2.0,0.72,,65.2
2021-04-20,H001,MedTrack General Hospital,D008,General Surgery,Surgical,7,1,14.3,0,0,0,0.0,0,0.0,4.8,112.0,0,2,1,3.0,1.05,,64.8
2021-04-21,H001,MedTrack General Hospital,D008,General Surgery,Surgical,7,1,14.3,0,1,0,0.0,0,0.0,6.0,130.3,0,1,1,2.0,0.66,4.2,60.3
2021-06-02,H001,MedTrack General Hospital,D008,General Surgery,Surgical,7,1,14.3,1,0,0,0.0,0,0.0,1.0,25.2,0,1,1,2.0,1.39,4.0,64.4
2021-06-03,H001,MedTrack General Hospital,D008,General Surgery,Surgical,7,1,14.3,0,1,0,0.0,0,0.0,1.0,24.4,0,2,1,3.0,1.32,4.0,64.5
2022-07-09,H001,MedTrack General Hospital,D008,General Surgery,Surgical,7,1,14.3,1,0,0,0.0,0,0.0,4.0,82.9,0,2,1,3.0,0.5,3.9,65.5
2022-07-10,H001,MedTrack General Hospital,D008,General Surgery,Surgical,7,1,14.3,0,0,0,0.0,0,0.0,4.8,112.9,0,2,1,3.0,1.06,,64.8
2022-07-11,H001,MedTrack General Hospital,D008,General Surgery,Surgical,7,1,14.3,0,0,0,0.0,0,0.0,4.8,108.0,0,1,1,2.0,1.14,,64.7
2022-07-12,H001,MedTrack General Hospital,D008,General Surgery,Surgical,7,1,14.3,0,0,0,0.0,0,0.0,4.8,108.5,0,1,1,2.0,1.29,,64.5
2022-07-13,H001,MedTrack General Hospital,D008,General Surgery,Surgical,7,1,14.3,0,1,0,0.0,0,0.0,4.0,90.6,0,2,1,3.0,1.02,3.9,64.8
2023-06-08,H001,MedTrack General Hospital,D008,General Surgery,Surgical,7,1,14.3,1,0,1,100.0,0,0.0,4.0,82.9,0,2,1,3.0,0.02,4.4,46.0
2023-06-09,H001,MedTrack General Hospital,D008,General Surgery,Surgical,7,1,14.3,0,0,0,0.0,0,0.0,4.8,108.9,0,1,1,2.0,1.46,,64.3
2023-06-10,H001,MedTrack General Hospital,D008,General Surgery,Surgical,7,1,14.3,0,0,0,0.0,0,0.0,4.8,104.1,0,1,1,2.0,1.33,,64.5
2023-06-11,H001,MedTrack General Hospital,D008,General Surgery,Surgical,7,1,14.3,0,0,0,0.0,0,0.0,4.8,113.0,0,1,1,2.0,0.1,,65.9
2023-06-12,H001,MedTrack General Hospital,D008,General Surgery,Surgical,7,1,14.3,0,1,0,0.0,0,0.0,4.0,83.1,0,1,1,2.0,0.0,4.4,66.1
2023-12-19,H001,MedTrack General Hospital,D008,General Surgery,Surgical,7,1,14.3,1,0,0,0.0,0,0.0,2.0,43.1,0,1,1,2.0,0.75,,65.2
2023-12-20,H001,MedTrack General Hospital,D008,General Surgery,Surgical,7,1,14.3,0,0,0,0.0,0,0.0,4.8,110.6,0,1,1,2.0,1.13,,64.7
2023-12-21,H001,MedTrack General Hospital,D008,General Surgery,Surgical,7,1,14.3,0,1,0,0.0,0,0.0,2.0,49.5,0,2,1,3.0,0.03,4.3,66.0
2024-08-21,H001,MedTrack General Hospital,D008,General Surgery,Surgical,7,1,14.3,1,0,0,0.0,0,0.0,5.0,115.1,0,1,1,2.0,0.56,4.7,64.6
2024-08-22,H001,MedTrack General Hospital,D008,General Surgery,Surgical,7,1,14.3,0,0,0,0.0,0,0.0,4.8,111.3,0,1,1,2.0,1.42,,64.4
2024-08-23,H001,MedTrack General Hospital,D008,General Surgery,Surgical,7,1,14.3,0,0,0,0.0,0,0.0,4.8,98.3,0,1,1,2.0,1.03,,64.8
2024-08-24,H001,MedTrack General Hospital,D008,General Surgery,Surgical,7,1,14.3,0,0,0,0.0,0,0.0,4.8,116.8,0,1,1,2.0,0.2,,65.8
2024-08-25,H001,MedTrack General Hospital,D008,General Surgery,Surgical,7,1,14.3,0,0,0,0.0,0,0.0,4.8,98.5,0,1,1,2.0,1.2,,64.6
2024-08-26,H001,MedTrack General Hospital,D008,General Surgery,Surgical,7,1,14.3,0,1,0,0.0,0,0.0,5.0,115.9,0,1,1,2.0,0.64,4.7,64.5
2024-09-15,H001,MedTrack General Hospital,D008,General Surgery,Surgical,7,1,14.3,1,0,0,0.0,0,0.0,6.0,126.0,0,1,1,2.0,0.38,4.1,60.6
2024-09-16,H001,MedTrack General Hospital,D008,General Surgery,Surgical,7,1,14.3,0,0,0,0.0,0,0.0,4.8,117.7,0,2,1,3.0,1.05,,64.8
2024-09-17,H001,MedTrack General Hospital,D008,General Surgery,Surgical,7,1,14.3,0,0,0,0.0,0,0.0,4.8,112.2,0,1,1,2.0,1.48,,64.3
2024-09-18,H001,MedTrack General Hospital,D008,General Surgery,Surgical,7,1,14.3,0,0,0,0.0,0,0.0,4.8,117.1,0,1,1,2.0,0.69,,65.2
2024-09-19,H001,MedTrack General Hospital,D008,General Surgery,Surgical,7,1,14.3,0,0,0,0.0,0,0.0,4.8,112.7,0,1,1,2.0,1.24,,64.6
2024-09-20,H001,MedTrack General Hospital,D008,General Surgery,Surgical,7,1,14.3,0,0,0,0.0,0,0.0,4.8,98.7,0,1,1,2.0,0.52,,65.4
2024-09-21,H001,MedTrack General Hospital,D008,General Surgery,Surgical,7,1,14.3,0,1,0,0.0,0,0.0,6.0,129.2,0,1,1,2.0,1.15,4.1,59.7
2024-11-12,H001,MedTrack General Hospital,D008,General Surgery,Surgical,7,1,14.3,1,0,0,0.0,0,0.0,6.0,128.5,0,1,1,2.0,1.3,3.7,59.5
2024-11-13,H001,MedTrack General Hospital,D008,General Surgery,Surgical,7,1,14.3,0,0,0,0.0,0,0.0,4.8,101.3,0,1,1,2.0,0.9,,65.0
2024-11-14,H001,MedTrack General Hospital,D008,General Surgery,Surgical,7,1,14.3,0,0,0,0.0,0,0.0,4.8,101.5,0,1,1,2.0,0.54,,65.4
2024-11-15,H001,MedTrack General Hospital,D008,General Surgery,Surgical,7,1,14.3,0,0,0,0.0,0,0.0,4.8,108.2,0,1,1,2.0,1.38,,64.4
2024-11-16,H001,MedTrack General Hospital,D008,General Surgery,Surgical,7,1,14.3,0,0,0,0.0,0,0.0,4.8,104.7,0,1,1,2.0,0.19,,65.8
2024-11-17,H001,MedTrack General Hospital,D008,General Surgery,Surgical,7,1,14.3,0,0,0,0.0,0,0.0,4.8,119.0,0,1,1,2.0,1.09,,64.8
2024-11-18,H001,MedTrack General Hospital,D008,General Surgery,Surgical,7,1,14.3,0,1,0,0.0,0,0.0,6.0,125.4,0,1,1,2.0,1.2,3.7,59.6
2025-03-23,H001,MedTrack General Hospital,D008,General Surgery,Surgical,7,1,14.3,1,0,0,0.0,0,0.0,3.0,70.9,0,1,1,2.0,0.87,4.1,65.0
2025-03-24,H001,MedTrack General Hospital,D008,General Surgery,Surgical,7,1,14.3,0,0,0,0.0,0,0.0,4.8,104.9,0,1,1,2.0,0.82,,65.1
2025-03-25,H001,MedTrack General Hospital,D008,General Surgery,Surgical,7,1,14.3,0,0,0,0.0,0,0.0,4.8,116.3,1,1,1,2.0,0.49,,65.5
2025-03-26,H001,MedTrack General Hospital,D008,General Surgery,Surgical,7,1,14.3,0,1,0,0.0,0,0.0,3.0,70.5,0,1,1,2.0,0.68,4.1,65.2
2025-04-06,H001,MedTrack General Hospital,D008,General Surgery,Surgical,7,1,14.3,1,0,0,0.0,0,0.0,4.0,94.2,0,1,1,2.0,1.38,4.3,64.4
2025-04-07,H001,MedTrack General Hospital,D008,General Surgery,Surgical,7,2,28.6,1,0,0,0.0,0,0.0,6.0,142.1,0,2,1,1.5,0.88,4.6,66.9
2025-04-08,H001,MedTrack General Hospital,D008,General Surgery,Surgical,7,2,28.6,0,0,0,0.0,0,0.0,4.8,118.4,0,1,1,1.0,0.65,,72.1
2025-04-09,H001,MedTrack General Hospital,D008,General Surgery,Surgical,7,2,28.6,0,0,0,0.0,0,0.0,4.8,120.8,0,1,1,1.0,1.23,,71.5
2025-04-10,H001,MedTrack General Hospital,D008,General Surgery,Surgical,7,2,28.6,0,1,0,0.0,0,0.0,4.0,83.7,0,2,1,1.5,0.61,4.3,72.2
2025-04-11,H001,MedTrack General Hospital,D008,General Surgery,Surgical,7,1,14.3,0,0,0,0.0,0,0.0,4.8,106.7,0,1,1,2.0,0.08,,66.0
2025-04-12,H001,MedTrack General Hospital,D008,General Surgery,Surgical,7,1,14.3,0,0,0,0.0,0,0.0,4.8,115.5,0,2,1,3.0,0.63,,65.3
2025-04-13,H001,MedTrack General Hospital,D008,General Surgery,Surgical,7,1,14.3,0,1,0,0.0,0,0.0,6.0,127.4,0,2,1,3.0,0.85,4.6,60.0
2025-05-29,H001,MedTrack General Hospital,D008,General Surgery,Surgical,7,1,14.3,1,0,0,0.0,0,0.0,3.0,65.1,0,2,1,3.0,0.87,4.1,65.0
2025-05-30,H001,MedTrack General Hospital,D008,General Surgery,Surgical,7,1,14.3,0,0,0,0.0,0,0.0,4.8,114.5,1,1,1,2.0,0.86,,65.0
2025-05-31,H001,MedTrack General Hospital,D008,General Surgery,Surgical,7,1,14.3,0,0,0,0.0,0,0.0,4.8,112.4,0,1,1,2.0,0.76,,65.2
2025-06-01,H001,MedTrack General Hospital,D008,General Surgery,Surgical,7,1,14.3,0,1,0,0.0,0,0.0,3.0,64.6,0,1,1,2.0,0.5,4.1,65.5
2025-06-02,H001,MedTrack General Hospital,D008,General Surgery,Surgical,7,0,0.0,0,0,0,0.0,0,0.0,4.8,98.3,0,1,1,0.0,1.0,,58.8
2025-08-09,H001,MedTrack General Hospital,D008,General Surgery,Surgical,7,1,14.3,1,0,0,0.0,0,0.0,4.0,97.3,0,2,1,3.0,1.28,,64.5
2025-08-10,H001,MedTrack General Hospital,D008,General Surgery,Surgical,7,1,14.3,0,0,0,0.0,0,0.0,4.8,120.2,0,2,1,3.0,0.35,,65.6
2025-08-11,H001,MedTrack General Hospital,D008,General Surgery,Surgical,7,1,14.3,0,0,0,0.0,0,0.0,4.8,116.2,0,1,1,2.0,0.63,,65.3
2025-08-12,H001,MedTrack General Hospital,D008,General Surgery,Surgical,7,1,14.3,0,0,0,0.0,0,0.0,4.8,104.2,0,2,1,3.0,0.77,,65.1
2025-08-13,H001,MedTrack General Hospital,D008,General Surgery,Surgical,7,1,14.3,0,1,0,0.0,1,100.0,4.0,83.3,0,1,1,2.0,0.37,,65.6
2025-12-16,H001,MedTrack General Hospital,D008,General Surgery,Surgical,7,1,14.3,1,0,0,0.0,0,0.0,4.0,84.8,0,2,1,3.0,1.72,3.1,64.0
2025-12-17,H001,MedTrack General Hospital,D008,General Surgery,Surgical,7,1,14.3,0,0,0,0.0,0,0.0,4.8,104.4,0,1,1,2.0,0.99,,64.9
2025-12-18,H001,MedTrack General Hospital,D008,General Surgery,Surgical,7,1,14.3,0,0,0,0.0,0,0.0,4.8,119.3,1,1,1,2.0,0.46,,65.5
2025-12-19,H001,MedTrack General Hospital,D008,General Surgery,Surgical,7,1,14.3,0,0,0,0.0,0,0.0,4.8,108.2,0,1,1,2.0,0.69,,65.2
2025-12-20,H001,MedTrack General Hospital,D008,General Surgery,Surgical,7,1,14.3,0,1,0,0.0,0,0.0,4.0,93.8,0,1,1,2.0,0.41,3.1,65.6
2020-07-22,H001,MedTrack General Hospital,D009,ICU,Critical Care,4,1,25.0,1,0,0,0.0,0,0.0,5.0,108.4,0,2,1,3.0,0.47,3.8,70.6
2020-07-23,H001,MedTrack General Hospital,D009,ICU,Critical Care,4,1,25.0,0,0,0,0.0,0,0.0,6.5,147.6,0,2,1,3.0,2.05,,68.7
2020-07-24,H001,MedTrack General Hospital,D009,ICU,Critical Care,4,1,25.0,0,0,0,0.0,0,0.0,6.5,138.8,0,2,1,3.0,0.92,,70.1
2020-07-25,H001,MedTrack General Hospital,D009,ICU,Critical Care,4,1,25.0,0,0,0,0.0,0,0.0,6.5,143.7,0,1,1,2.0,2.31,,68.4
2020-07-26,H001,MedTrack General Hospital,D009,ICU,Critical Care,4,1,25.0,0,0,0,0.0,0,0.0,6.5,149.6,1,1,1,2.0,1.29,,69.7
2020-07-27,H001,MedTrack General Hospital,D009,ICU,Critical Care,4,1,25.0,0,1,0,0.0,0,0.0,5.0,106.1,0,1,1,2.0,0.57,3.8,70.5
2020-12-14,H001,MedTrack General Hospital,D009,ICU,Critical Care,4,1,25.0,1,0,1,100.0,0,0.0,8.0,186.4,0,2,1,3.0,1.46,3.9,44.8
2020-12-15,H001,MedTrack General Hospital,D009,ICU,Critical Care,4,1,25.0,0,0,0,0.0,0,0.0,6.5,156.6,1,1,1,2.0,1.77,,69.1
2020-12-16,H001,MedTrack General Hospital,D009,ICU,Critical Care,4,1,25.0,0,0,0,0.0,0,0.0,6.5,158.2,0,2,1,3.0,0.69,,70.4
2020-12-17,H001,MedTrack General Hospital,D009,ICU,Critical Care,4,1,25.0,0,0,0,0.0,0,0.0,6.5,141.1,0,2,1,3.0,0.65,,70.4
2020-12-18,H001,MedTrack General Hospital,D009,ICU,Critical Care,4,1,25.0,0,0,0,0.0,0,0.0,6.5,135.0,0,1,1,2.0,1.75,,69.1
2020-12-19,H001,MedTrack General Hospital,D009,ICU,Critical Care,4,1,25.0,0,0,0,0.0,0,0.0,6.5,150.2,0,1,1,2.0,0.89,,70.1
2020-12-20,H001,MedTrack General Hospital,D009,ICU,Critical Care,4,1,25.0,0,0,0,0.0,0,0.0,6.5,145.3,0,1,1,2.0,1.99,,68.8
2020-12-21,H001,MedTrack General Hospital,D009,ICU,Critical Care,4,1,25.0,0,0,0,0.0,0,0.0,6.5,155.3,0,1,1,2.0,1.93,,68.9
2020-12-22,H001,MedTrack General Hospital,D009,ICU,Critical Care,4,1,25.0,0,1,0,0.0,0,0.0,8.0,194.5,0,2,1,3.0,1.77,3.9,64.5
2020-12-23,H001,MedTrack General Hospital,D009,ICU,Critical Care,4,0,0.0,0,0,0,0.0,0,0.0,6.5,162.1,0,1,1,0.0,2.48,,57.0
2021-02-10,H001,MedTrack General Hospital,D009,ICU,Critical Care,4,1,25.0,1,0,0,0.0,0,0.0,2.0,45.4,0,2,1,3.0,2.59,3.6,68.1
2021-02-11,H001,MedTrack General Hospital,D009,ICU,Critical Care,4,1,25.0,0,0,0,0.0,0,0.0,6.5,157.3,0,2,1,3.0,1.31,,69.6
2021-02-12,H001,MedTrack General Hospital,D009,ICU,Critical Care,4,1,25.0,0,1,0,0.0,0,0.0,2.0,49.8,0,1,1,2.0,1.87,3.6,69.0
2021-02-24,H001,MedTrack General Hospital,D009,ICU,Critical Care,4,1,25.0,1,0,0,0.0,0,0.0,12.0,293.6,0,1,1,2.0,1.35,4.3,52.7
2021-02-25,H001,MedTrack General Hospital,D009,ICU,Critical Care,4,1,25.0,0,0,0,0.0,0,0.0,6.5,151.0,0,1,1,2.0,1.89,,68.9
2021-02-26,H001,MedTrack General Hospital,D009,ICU,Critical Care,4,1,25.0,0,0,0,0.0,0,0.0,6.5,144.6,0,2,1,3.0,1.15,,69.8
2021-02-27,H001,MedTrack General Hospital,D009,ICU,Critical Care,4,1,25.0,0,0,0,0.0,0,0.0,6.5,136.4,0,2,1,3.0,0.8,,70.2
2021-02-28,H001,MedTrack General Hospital,D009,ICU,Critical Care,4,1,25.0,0,0,0,0.0,0,0.0,6.5,133.2,0,1,1,2.0,2.19,,68.6
2021-03-01,H001,MedTrack General Hospital,D009,ICU,Critical Care,4,1,25.0,0,0,0,0.0,0,0.0,6.5,154.1,0,1,1,2.0,2.0,,68.8
2021-03-02,H001,MedTrack General Hospital,D009,ICU,Critical Care,4,1,25.0,0,0,0,0.0,0,0.0,6.5,148.0,1,2,1,3.0,1.98,,68.8
2021-03-03,H001,MedTrack General Hospital,D009,ICU,Critical Care,4,1,25.0,0,0,0,0.0,0,0.0,6.5,146.6,0,1,1,2.0,1.38,,69.5
2021-03-04,H001,MedTrack General Hospital,D009,ICU,Critical Care,4,1,25.0,0,0,0,0.0,0,0.0,6.5,140.4,0,1,1,2.0,1.03,,70.0
2021-03-05,H001,MedTrack General Hospital,D009,ICU,Critical Care,4,1,25.0,0,0,0,0.0,0,0.0,6.5,142.8,0,1,1,2.0,1.0,,70.0
2021-03-06,H001,MedTrack General Hospital,D009,ICU,Critical Care,4,1,25.0,0,0,0,0.0,0,0.0,6.5,146.8,0,1,1,2.0,1.52,,69.4
2021-03-07,H001,MedTrack General Hospital,D009,ICU,Critical Care,4,1,25.0,0,0,0,0.0,0,0.0,6.5,152.4,0,2,1,3.0,0.62,,70.5
2021-03-08,H001,MedTrack General Hospital,D009,ICU,Critical Care,4,1,25.0,0,1,0,0.0,0,0.0,12.0,253.2,0,1,1,2.0,0.67,4.3,53.5
2021-10-05,H001,MedTrack General Hospital,D009,ICU,Critical Care,4,1,25.0,1,0,0,0.0,0,0.0,10.0,229.1,1,2,1,3.0,0.7,3.5,59.6
2021-10-06,H001,MedTrack General Hospital,D009,ICU,Critical Care,4,1,25.0,0,0,0,0.0,0,0.0,6.5,141.7,0,1,1,2.0,2.11,,68.7
2021-10-07,H001,MedTrack General Hospital,D009,ICU,Critical Care,4,1,25.0,0,0,0,0.0,0,0.0,6.5,135.1,0,1,1,2.0,1.0,,70.0
2021-10-08,H001,MedTrack General Hospital,D009,ICU,Critical Care,4,1,25.0,0,0,0,0.0,0,0.0,6.5,159.0,0,2,1,3.0,1.46,,69.4
2021-10-09,H001,MedTrack General Hospital,D009,ICU,Critical Care,4,1,25.0,0,0,0,0.0,0,0.0,6.5,158.2,0,1,1,2.0,3.21,,67.3
2021-10-10,H001,MedTrack General Hospital,D009,ICU,Critical Care,4,1,25.0,0,0,0,0.0,0,0.0,6.5,149.4,0,1,1,2.0,1.77,,69.1
2021-10-11,H001,MedTrack General Hospital,D009,ICU,Critical Care,4,1,25.0,0,0,0,0.0,0,0.0,6.5,160.8,0,2,1,3.0,1.28,,69.7
2021-10-12,H001,MedTrack General Hospital,D009,ICU,Critical Care,4,1,25.0,0,0,0,0.0,0,0.0,6.5,159.0,0,1,1,2.0,0.17,,71.0
2021-10-13,H001,MedTrack General Hospital,D009,ICU,Critical Care,4,1,25.0,0,0,0,0.0,0,0.0,6.5,136.9,0,1,1,2.0,1.01,,70.0
2021-10-14,H001,MedTrack General Hospital,D009,ICU,Critical Care,4,1,25.0,0,0,0,0.0,0,0.0,6.5,140.9,0,1,1,2.0,0.64,,70.4
2021-10-15,H001,MedTrack General Hospital,D009,ICU,Critical Care,4,1,25.0,0,1,0,0.0,0,0.0,10.0,221.7,0,1,1,2.0,0.97,3.5,59.3
2021-11-10,H001,MedTrack General Hospital,D009,ICU,Critical Care,4,1,25.0,1,0,0,0.0,0,0.0,10.0,235.1,0,2,1,3.0,2.07,3.8,57.9
2021-11-11,H001,MedTrack General Hospital,D009,ICU,Critical Care,4,1,25.0,0,0,0,0.0,0,0.0,6.5,160.2,0,2,1,3.0,0.81,,70.2
2021-11-12,H001,MedTrack General Hospital,D009,ICU,Critical Care,4,1,25.0,0,0,0,0.0,0,0.0,6.5,143.1,0,2,1,3.0,1.73,,69.1
2021-11-13,H001,MedTrack General Hospital,D009,ICU,Critical Care,4,1,25.0,0,0,0,0.0,0,0.0,6.5,156.5,0,1,1,2.0,0.46,,70.6
2021-11-14,H001,MedTrack General Hospital,D009,ICU,Critical Care,4,1,25.0,0,0,0,0.0,0,0.0,6.5,152.3,0,2,1,3.0,0.97,,70.0
2021-11-15,H001,MedTrack General Hospital,D009,ICU,Critical Care,4,1,25.0,0,0,0,0.0,0,0.0,6.5,147.0,1,2,1,3.0,1.6,,69.3
2021-11-16,H001,MedTrack General Hospital,D009,ICU,Critical Care,4,1,25.0,0,0,0,0.0,0,0.0,6.5,134.4,0,2,1,3.0,1.7,,69.2
2021-11-17,H001,MedTrack General Hospital,D009,ICU,Critical Care,4,1,25.0,0,0,0,0.0,0,0.0,6.5,159.6,0,2,1,3.0,1.1,,69.9
2021-11-18,H001,MedTrack General Hospital,D009,ICU,Critical Care,4,1,25.0,0,0,0,0.0,0,0.0,6.5,159.9,0,1,1,2.0,0.78,,70.3
2021-11-19,H001,MedTrack General Hospital,D009,ICU,Critical Care,4,1,25.0,0,0,0,0.0,0,0.0,6.5,157.2,0,2,1,3.0,1.59,,69.3
2021-11-20,H001,MedTrack General Hospital,D009,ICU,Critical Care,4,1,25.0,0,1,0,0.0,0,0.0,10.0,229.0,0,2,1,3.0,1.84,3.8,58.2
2022-12-29,H001,MedTrack General Hospital,D009,ICU,Critical Care,4,0,0.0,0,0,0,0.0,0,0.0,6.5,138.7,0,1,1,0.0,2.2,,57.4
2022-12-30,H001,MedTrack General Hospital,D009,ICU,Critical Care,4,1,25.0,1,0,0,0.0,0,0.0,7.0,169.4,0,2,1,3.0,1.39,3.2,68.0
2022-12-31,H001,MedTrack General Hospital,D009,ICU,Critical Care,4,1,25.0,0,0,0,0.0,0,0.0,6.5,138.6,0,1,1,2.0,1.23,,69.7
2023-01-01,H001,MedTrack General Hospital,D009,ICU,Critical Care,4,1,25.0,0,0,0,0.0,0,0.0,6.5,154.3,0,1,1,2.0,1.18,,69.8
2023-01-02,H001,MedTrack General Hospital,D009,ICU,Critical Care,4,1,25.0,0,0,0,0.0,0,0.0,6.5,141.9,0,1,1,2.0,0.08,,71.1
2023-01-03,H001,MedTrack General Hospital,D009,ICU,Critical Care,4,1,25.0,0,0,0,0.0,0,0.0,6.5,149.3,0,2,1,3.0,2.07,,68.7
2023-01-04,H001,MedTrack General Hospital,D009,ICU,Critical Care,4,1,25.0,0,0,0,0.0,0,0.0,6.5,140.9,0,1,1,2.0,1.81,,69.0
2023-01-05,H001,MedTrack General Hospital,D009,ICU,Critical Care,4,1,25.0,0,0,0,0.0,0,0.0,6.5,144.4,1,1,1,2.0,0.71,,70.3
2023-01-06,H001,MedTrack General Hospital,D009,ICU,Critical Care,4,1,25.0,0,1,0,0.0,0,0.0,7.0,158.3,0,1,1,2.0,0.56,3.2,69.0
2023-01-24,H001,MedTrack General Hospital,D009,ICU,Critical Care,4,1,25.0,1,0,0,0.0,0,0.0,3.0,69.3,0,1,1,2.0,1.97,3.9,68.8
2023-01-25,H001,MedTrack General Hospital,D009,ICU,Critical Care,4,1,25.0,0,0,0,0.0,0,0.0,6.5,145.3,0,1,1,2.0,1.33,,69.6
2023-01-26,H001,MedTrack General Hospital,D009,ICU,Critical Care,4,1,25.0,0,0,0,0.0,0,0.0,6.5,137.5,0,2,1,3.0,0.38,,70.7
2023-01-27,H001,MedTrack General Hospital,D009,ICU,Critical Care,4,1,25.0,0,1,0,0.0,0,0.0,3.0,62.8,1,1,1,2.0,0.32,3.9,70.8
2023-11-29,H001,MedTrack General Hospital,D009,ICU,Critical Care,4,1,25.0,1,0,0,0.0,0,0.0,6.0,137.6,0,1,1,2.0,1.71,4.9,69.1
2023-11-30,H001,MedTrack General Hospital,D009,ICU,Critical Care,4,1,25.0,0,0,0,0.0,0,0.0,6.5,149.7,0,2,1,3.0,1.8,,69.0
2023-12-01,H001,MedTrack General Hospital,D009,ICU,Critical Care,4,1,25.0,0,0,0,0.0,0,0.0,6.5,146.1,0,2,1,3.0,0.99,,70.0
2023-12-02,H001,MedTrack General Hospital,D009,ICU,Critical Care,4,1,25.0,0,0,0,0.0,0,0.0,6.5,138.5,1,2,1,3.0,0.61,,70.5
2023-12-03,H001,MedTrack General Hospital,D009,ICU,Critical Care,4,1,25.0,0,0,0,0.0,0,0.0,6.5,155.2,0,1,1,2.0,0.62,,70.5
2023-12-04,H001,MedTrack General Hospital,D009,ICU,Critical Care,4,1,25.0,0,0,0,0.0,0,0.0,6.5,154.9,0,1,1,2.0,0.9,,70.1
2023-12-05,H001,MedTrack General Hospital,D009,ICU,Critical Care,4,1,25.0,0,1,0,0.0,0,0.0,6.0,136.1,0,1,1,2.0,0.42,4.9,70.7
2023-12-06,H001,MedTrack General Hospital,D009,ICU,Critical Care,4,0,0.0,0,0,0,0.0,0,0.0,6.5,154.9,0,1,1,0.0,2.67,,56.8
2023-12-11,H001,MedTrack General Hospital,D009,ICU,Critical Care,4,1,25.0,1,0,0,0.0,0,0.0,5.0,105.5,0,1,1,2.0,0.74,4.1,70.3
2023-12-12,H001,MedTrack General Hospital,D009,ICU,Critical Care,4,1,25.0,0,0,0,0.0,0,0.0,6.5,140.6,0,1,1,2.0,0.5,,70.6
2023-12-13,H001,MedTrack General Hospital,D009,ICU,Critical Care,4,1,25.0,0,0,0,0.0,0,0.0,6.5,153.9,0,1,1,2.0,2.13,,68.6
2023-12-14,H001,MedTrack General Hospital,D009,ICU,Critical Care,4,1,25.0,0,0,0,0.0,0,0.0,6.5,147.8,0,2,1,3.0,0.0,,71.2
2023-12-15,H001,MedTrack General Hospital,D009,ICU,Critical Care,4,1,25.0,0,0,0,0.0,0,0.0,6.5,147.1,0,2,1,3.0,1.43,,69.5
2023-12-16,H001,MedTrack General Hospital,D009,ICU,Critical Care,4,1,25.0,0,1,0,0.0,0,0.0,5.0,107.0,0,2,1,3.0,0.94,4.1,70.1
2024-07-15,H001,MedTrack General Hospital,D009,ICU,Critical Care,4,1,25.0,1,0,0,0.0,0,0.0,10.0,209.4,0,1,1,2.0,1.1,3.2,59.1
2024-07-16,H001,MedTrack General Hospital,D009,ICU,Critical Care,4,1,25.0,0,0,0,0.0,0,0.0,6.5,157.7,0,2,1,3.0,1.13,,69.8
2024-07-17,H001,MedTrack General Hospital,D009,ICU,Critical Care,4,1,25.0,0,0,0,0.0,0,0.0,6.5,148.2,0,1,1,2.0,0.8,,70.2
2024-07-18,H001,MedTrack General Hospital,D009,ICU,Critical Care,4,1,25.0,0,0,0,0.0,0,0.0,6.5,138.2,0,2,1,3.0,0.0,,71.2
2024-07-19,H001,MedTrack General Hospital,D009,ICU,Critical Care,4,1,25.0,0,0,0,0.0,0,0.0,6.5,162.4,0,1,1,2.0,1.18,,69.8
2024-07-20,H001,MedTrack General Hospital,D009,ICU,Critical Care,4,1,25.0,0,0,0,0.0,0,0.0,6.5,155.6,0,1,1,2.0,0.87,,70.2
2024-07-21,H001,MedTrack General Hospital,D009,ICU,Critical Care,4,1,25.0,0,0,0,0.0,0,0.0,6.5,135.4,0,2,1,3.0,0.0,,71.2
2024-07-22,H001,MedTrack General Hospital,D009,ICU,Critical Care,4,1,25.0,0,0,0,0.0,0,0.0,6.5,137.6,0,1,1,2.0,1.44,,69.5
2024-07-23,H001,MedTrack General Hospital,D009,ICU,Critical Care,4,1,25.0,0,0,0,0.0,0,0.0,6.5,152.1,0,1,1,2.0,1.0,,70.0
2024-07-24,H001,MedTrack General Hospital,D009,ICU,Critical Care,4,1,25.0,0,0,0,0.0,0,0.0,6.5,155.1,0,1,1,2.0,1.94,,68.9
2024-07-25,H001,MedTrack General Hospital,D009,ICU,Critical Care,4,1,25.0,0,1,0,0.0,0,0.0,10.0,249.1,0,2,1,3.0,0.27,3.2,60.1
2024-08-26,H001,MedTrack General Hospital,D009,ICU,Critical Care,4,1,25.0,1,0,0,0.0,0,0.0,4.0,90.4,0,2,1,3.0,1.96,3.5,68.8
2024-08-27,H001,MedTrack General Hospital,D009,ICU,Critical Care,4,1,25.0,0,0,0,0.0,0,0.0,6.5,145.7,0,1,1,2.0,1.04,,70.0
2024-08-28,H001,MedTrack General Hospital,D009,ICU,Critical Care,4,1,25.0,0,0,0,0.0,0,0.0,6.5,156.8,0,1,1,2.0,0.96,,70.0
2024-08-29,H001,MedTrack General Hospital,D009,ICU,Critical Care,4,1,25.0,0,0,0,0.0,0,0.0,6.5,143.5,0,1,1,2.0,0.6,,70.5
2024-08-30,H001,MedTrack General Hospital,D009,ICU,Critical Care,4,1,25.0,0,1,0,0.0,0,0.0,4.0,83.7,1,1,1,2.0,1.7,3.5,69.2
2024-08-31,H001,MedTrack General Hospital,D009,ICU,Critical Care,4,1,25.0,1,1,0,0.0,0,0.0,0.5,10.5,1,2,1,3.0,1.27,3.3,69.7
2024-10-26,H001,MedTrack General Hospital,D009,ICU,Critical Care,4,1,25.0,1,0,0,0.0,0,0.0,8.0,187.7,0,2,1,3.0,1.31,3.2,65.0
2024-10-27,H001,MedTrack General Hospital,D009,ICU,Critical Care,4,1,25.0,0,0,0,0.0,0,0.0,6.5,154.3,0,2,1,3.0,0.66,,70.4
2024-10-28,H001,MedTrack General Hospital,D009,ICU,Critical Care,4,1,25.0,0,0,0,0.0,0,0.0,6.5,134.9,1,2,1,3.0,0.31,,70.8
2024-10-29,H001,MedTrack General Hospital,D009,ICU,Critical Care,4,1,25.0,0,0,0,0.0,0,0.0,6.5,152.0,0,2,1,3.0,0.55,,70.5
2024-10-30,H001,MedTrack General Hospital,D009,ICU,Critical Care,4,1,25.0,0,0,0,0.0,0,0.0,6.5,158.3,0,1,1,2.0,0.3,,70.8
2024-10-31,H001,MedTrack General Hospital,D009,ICU,Critical Care,4,1,25.0,0,0,0,0.0,0,0.0,6.5,155.0,0,2,1,3.0,0.57,,70.5
2024-11-01,H001,MedTrack General Hospital,D009,ICU,Critical Care,4,1,25.0,0,0,0,0.0,0,0.0,6.5,139.5,0,1,1,2.0,1.07,,69.9
2024-11-02,H001,MedTrack General Hospital,D009,ICU,Critical Care,4,1,25.0,0,0,0,0.0,0,0.0,6.5,143.7,0,2,1,3.0,0.5,,70.6
2024-11-03,H001,MedTrack General Hospital,D009,ICU,Critical Care,4,1,25.0,0,1,0,0.0,0,0.0,8.0,168.1,1,2,1,3.0,0.82,3.2,65.6
2024-12-21,H001,MedTrack General Hospital,D009,ICU,Critical Care,4,1,25.0,1,0,0,0.0,0,0.0,11.0,250.7,0,1,1,2.0,0.39,3.3,56.9
2024-12-22,H001,MedTrack General Hospital,D009,ICU,Critical Care,4,1,25.0,0,0,0,0.0,0,0.0,6.5,145.0,0,1,1,2.0,2.07,,68.7
2024-12-23,H001,MedTrack General Hospital,D009,ICU,Critical Care,4,1,25.0,0,0,0,0.0,0,0.0,6.5,158.0,0,1,1,2.0,1.73,,69.1
2024-12-24,H001,MedTrack General Hospital,D009,ICU,Critical Care,4,2,50.0,1,0,1,100.0,0,0.0,6.0,143.6,0,3,1,2.0,1.56,3.1,61.3
2024-12-25,H001,MedTrack General Hospital,D009,ICU,Critical Care,4,2,50.0,0,0,0,0.0,0,0.0,6.5,155.1,0,2,1,1.5,1.41,,81.5
2024-12-26,H001,MedTrack General Hospital,D009,ICU,Critical Care,4,2,50.0,0,0,0,0.0,0,0.0,6.5,134.8,0,2,1,1.5,0.28,,82.9
2024-12-27,H001,MedTrack General Hospital,D009,ICU,Critical Care,4,2,50.0,0,0,0,0.0,0,0.0,6.5,151.2,0,3,1,2.0,0.62,,82.5
2024-12-28,H001,MedTrack General Hospital,D009,ICU,Critical Care,4,2,50.0,0,0,0,0.0,0,0.0,6.5,144.6,0,2,1,1.5,1.5,,81.4
2024-12-29,H001,MedTrack General Hospital,D009,ICU,Critical Care,4,2,50.0,0,0,0,0.0,0,0.0,6.5,141.5,0,2,1,1.5,0.82,,82.2
2024-12-30,H001,MedTrack General Hospital,D009,ICU,Critical Care,4,2,50.0,0,1,0,0.0,0,0.0,6.0,122.9,0,2,1,1.5,1.45,3.1,81.5
2024-12-31,H001,MedTrack General Hospital,D009,ICU,Critical Care,4,1,25.0,0,0,0,0.0,0,0.0,6.5,142.6,0,1,1,2.0,0.0,,71.2
2025-01-01,H001,MedTrack General Hospital,D009,ICU,Critical Care,4,1,25.0,0,1,0,0.0,0,0.0,11.0,259.9,0,2,1,3.0,0.45,3.3,56.8
2025-01-03,H001,MedTrack General Hospital,D009,ICU,Critical Care,4,1,25.0,1,0,1,100.0,0,0.0,6.0,130.7,0,1,1,2.0,1.56,,49.3
2025-01-04,H001,MedTrack General Hospital,D009,ICU,Critical Care,4,1,25.0,0,0,0,0.0,0,0.0,6.5,139.6,0,1,1,2.0,2.02,,68.8
2025-01-05,H001,MedTrack General Hospital,D009,ICU,Critical Care,4,1,25.0,0,0,0,0.0,0,0.0,6.5,150.1,0,1,1,2.0,1.62,,69.3
2025-01-06,H001,MedTrack General Hospital,D009,ICU,Critical Care,4,1,25.0,0,0,0,0.0,0,0.0,6.5,133.8,0,1,1,2.0,1.93,,68.9
2025-01-07,H001,MedTrack General Hospital,D009,ICU,Critical Care,4,1,25.0,0,0,0,0.0,0,0.0,6.5,146.8,1,2,1,3.0,1.76,,69.1
2025-01-08,H001,MedTrack General Hospital,D009,ICU,Critical Care,4,1,25.0,0,0,0,0.0,0,0.0,6.5,137.6,0,1,1,2.0,0.0,,71.2
2025-01-09,H001,MedTrack General Hospital,D009,ICU,Critical Care,4,1,25.0,0,1,0,0.0,1,100.0,6.0,137.0,0,1,1,2.0,1.36,,69.6
2025-01-10,H001,MedTrack General Hospital,D009,ICU,Critical Care,4,0,0.0,0,0,0,0.0,0,0.0,6.5,158.2,0,1,1,0.0,0.65,,59.2
2025-05-04,H001,MedTrack General Hospital,D009,ICU,Critical Care,4,1,25.0,1,0,0,0.0,0,0.0,1.0,22.2,0,2,1,3.0,0.61,,70.5
2025-05-05,H001,MedTrack General Hospital,D009,ICU,Critical Care,4,1,25.0,0,1,0,0.0,1,100.0,1.0,22.5,1,1,1,2.0,2.29,,68.5
2025-07-07,H001,MedTrack General Hospital,D009,ICU,Critical Care,4,1,25.0,1,0,0,0.0,0,0.0,6.0,129.1,0,2,1,3.0,0.0,4.6,71.2
2025-07-08,H001,MedTrack General Hospital,D009,ICU,Critical Care,4,1,25.0,0,0,0,0.0,0,0.0,6.5,157.8,0,2,1,3.0,1.88,,68.9
2025-07-09,H001,MedTrack General Hospital,D009,ICU,Critical Care,4,1,25.0,0,0,0,0.0,0,0.0,6.5,143.4,0,1,1,2.0,1.72,,69.1
2025-07-10,H001,MedTrack General Hospital,D009,ICU,Critical Care,4,1,25.0,0,0,0,0.0,0,0.0,6.5,146.7,0,1,1,2.0,1.52,,69.4
2025-07-11,H001,MedTrack General Hospital,D009,ICU,Critical Care,4,1,25.0,0,0,0,0.0,0,0.0,6.5,140.6,0,1,1,2.0,1.11,,69.9
2025-07-12,H001,MedTrack General Hospital,D009,ICU,Critical Care,4,1,25.0,0,0,0,0.0,0,0.0,6.5,148.2,1,1,1,2.0,1.65,,69.2
2025-07-13,H001,MedTrack General Hospital,D009,ICU,Critical Care,4,1,25.0,0,1,0,0.0,0,0.0,6.0,144.6,0,1,1,2.0,0.78,4.6,70.3
2025-07-15,H001,MedTrack General Hospital,D009,ICU,Critical Care,4,1,25.0,1,0,0,0.0,0,0.0,9.0,215.4,0,1,1,2.0,0.98,4.2,62.3
2025-07-16,H001,MedTrack General Hospital,D009,ICU,Critical Care,4,1,25.0,0,0,0,0.0,0,0.0,6.5,138.4,0,1,1,2.0,1.65,,69.2
2025-07-17,H001,MedTrack General Hospital,D009,ICU,Critical Care,4,1,25.0,0,0,0,0.0,0,0.0,6.5,155.9,0,1,1,2.0,1.7,,69.2
2025-07-18,H001,MedTrack General Hospital,D009,ICU,Critical Care,4,1,25.0,0,0,0,0.0,0,0.0,6.5,154.0,1,1,1,2.0,2.25,,68.5
2025-07-19,H001,MedTrack General Hospital,D009,ICU,Critical Care,4,1,25.0,0,0,0,0.0,0,0.0,6.5,152.5,0,1,1,2.0,1.59,,69.3
2025-07-20,H001,MedTrack General Hospital,D009,ICU,Critical Care,4,1,25.0,0,0,0,0.0,0,0.0,6.5,140.9,0,2,1,3.0,1.85,,69.0
2025-07-21,H001,MedTrack General Hospital,D009,ICU,Critical Care,4,2,50.0,1,0,0,0.0,0,0.0,7.0,153.1,0,1,1,1.0,0.8,4.7,80.7
2025-07-22,H001,MedTrack General Hospital,D009,ICU,Critical Care,4,2,50.0,0,0,0,0.0,0,0.0,6.5,147.9,0,3,1,2.0,1.11,,81.9
2025-07-23,H001,MedTrack General Hospital,D009,ICU,Critical Care,4,2,50.0,0,0,0,0.0,0,0.0,6.5,141.0,0,2,1,1.5,1.52,,81.4
2025-07-24,H001,MedTrack General Hospital,D009,ICU,Critical Care,4,2,50.0,0,1,0,0.0,0,0.0,9.0,223.6,1,1,1,1.0,0.43,4.2,75.0
2025-07-25,H001,MedTrack General Hospital,D009,ICU,Critical Care,4,1,25.0,0,0,0,0.0,0,0.0,6.5,162.2,0,2,1,3.0,2.14,,68.6
2025-07-26,H001,MedTrack General Hospital,D009,ICU,Critical Care,4,1,25.0,0,0,0,0.0,0,0.0,6.5,163.4,0,1,1,2.0,1.73,,69.1
2025-07-27,H001,MedTrack General Hospital,D009,ICU,Critical Care,4,1,25.0,0,0,0,0.0,0,0.0,6.5,143.2,0,1,1,2.0,1.19,,69.8
2025-07-28,H001,MedTrack General Hospital,D009,ICU,Critical Care,4,1,25.0,0,1,0,0.0,0,0.0,7.0,160.9,0,2,1,3.0,2.23,4.7,67.0
2025-10-20,H001,MedTrack General Hospital,D009,ICU,Critical Care,4,1,25.0,1,0,1,100.0,0,0.0,7.0,163.5,0,1,1,2.0,1.54,3.9,47.8
2025-10-21,H001,MedTrack General Hospital,D009,ICU,Critical Care,4,1,25.0,0,0,0,0.0,0,0.0,6.5,149.5,0,2,1,3.0,1.41,,69.5
2025-10-22,H001,MedTrack General Hospital,D009,ICU,Critical Care,4,1,25.0,0,0,0,0.0,0,0.0,6.5,139.2,0,1,1,2.0,1.38,,69.5
2025-10-23,H001,MedTrack General Hospital,D009,ICU,Critical Care,4,1,25.0,0,0,0,0.0,0,0.0,6.5,133.1,0,1,1,2.0,0.21,,70.9
2025-10-24,H001,MedTrack General Hospital,D009,ICU,Critical Care,4,1,25.0,0,0,0,0.0,0,0.0,6.5,150.5,0,2,1,3.0,1.76,,69.1
2025-10-25,H001,MedTrack General Hospital,D009,ICU,Critical Care,4,1,25.0,0,0,0,0.0,0,0.0,6.5,157.1,0,1,1,2.0,1.21,,69.7
2025-10-26,H001,MedTrack General Hospital,D009,ICU,Critical Care,4,1,25.0,0,0,0,0.0,0,0.0,6.5,153.7,0,1,1,2.0,1.77,,69.1
2025-10-27,H001,MedTrack General Hospital,D009,ICU,Critical Care,4,1,25.0,0,1,0,0.0,0,0.0,7.0,175.9,0,1,1,2.0,2.2,3.9,67.0
2025-10-28,H001,MedTrack General Hospital,D009,ICU,Critical Care,4,0,0.0,0,0,0,0.0,0,0.0,6.5,158.4,0,1,1,0.0,1.34,,58.4
2020-02-20,H002,CityCare Medical Center,D001,Emergency Department,Emergency,8,1,12.5,1,1,0,0.0,0,0.0,0.4,9.3,0,1,1,2.0,0.7,5.0,64.4
2020-03-01,H002,CityCare Medical Center,D001,Emergency Department,Emergency,8,1,12.5,1,1,0,0.0,0,0.0,0.4,8.6,0,1,1,2.0,0.3,4.3,64.8
2020-03-03,H002,CityCare Medical Center,D001,Emergency Department,Emergency,8,1,12.5,1,0,0,0.0,0,0.0,2.0,43.5,0,2,1,3.0,0.48,4.1,40.2
2020-03-04,H002,CityCare Medical Center,D001,Emergency Department,Emergency,8,1,12.5,0,0,0,0.0,0,0.0,0.9,18.8,0,1,1,2.0,0.66,,64.4
2020-03-05,H002,CityCare Medical Center,D001,Emergency Department,Emergency,8,1,12.5,0,1,0,0.0,0,0.0,2.0,50.2,0,1,1,2.0,1.02,4.1,39.5
2020-04-28,H002,CityCare Medical Center,D001,Emergency Department,Emergency,8,1,12.5,1,1,0,0.0,0,0.0,0.5,10.5,0,1,1,2.0,0.19,4.3,65.0
2020-05-07,H002,CityCare Medical Center,D001,Emergency Department,Emergency,8,1,12.5,1,0,0,0.0,0,0.0,2.0,49.3,0,1,1,2.0,0.44,4.0,40.2
2020-05-08,H002,CityCare Medical Center,D001,Emergency Department,Emergency,8,1,12.5,0,0,0,0.0,0,0.0,0.9,21.8,0,1,1,2.0,0.86,,64.2
2020-05-09,H002,CityCare Medical Center,D001,Emergency Department,Emergency,8,1,12.5,0,1,0,0.0,0,0.0,2.0,45.9,0,1,1,2.0,0.63,4.0,40.0
2020-05-31,H002,CityCare Medical Center,D001,Emergency Department,Emergency,8,1,12.5,1,1,0,0.0,0,0.0,0.4,9.0,0,2,1,3.0,0.5,3.9,64.6
2020-09-05,H002,CityCare Medical Center,D001,Emergency Department,Emergency,8,1,12.5,1,0,0,0.0,0,0.0,1.0,23.0,0,1,1,2.0,0.81,2.8,62.0
2020-09-06,H002,CityCare Medical Center,D001,Emergency Department,Emergency,8,1,12.5,0,1,0,0.0,0,0.0,1.0,21.3,0,1,1,2.0,0.35,2.8,62.6
2020-10-30,H002,CityCare Medical Center,D001,Emergency Department,Emergency,8,1,12.5,1,1,0,0.0,0,0.0,0.3,7.4,0,2,1,3.0,0.23,4.3,64.9
2021-04-10,H002,CityCare Medical Center,D001,Emergency Department,Emergency,8,1,12.5,1,1,0,0.0,0,0.0,0.8,16.5,0,1,1,2.0,0.39,4.2,64.7
2021-12-15,H002,CityCare Medical Center,D001,Emergency Department,Emergency,8,1,12.5,1,0,0,0.0,0,0.0,1.0,23.0,0,2,1,3.0,0.57,3.0,62.3
2021-12-16,H002,CityCare Medical Center,D001,Emergency Department,Emergency,8,1,12.5,0,1,0,0.0,0,0.0,1.0,22.9,0,1,1,2.0,1.18,3.0,61.6
2022-01-08,H002,CityCare Medical Center,D001,Emergency Department,Emergency,8,1,12.5,1,0,0,0.0,0,0.0,1.0,22.7,0,1,1,2.0,0.51,3.6,62.4
2022-01-09,H002,CityCare Medical Center,D001,Emergency Department,Emergency,8,1,12.5,0,1,0,0.0,0,0.0,1.0,22.8,0,1,1,2.0,0.57,3.6,62.3
2022-01-24,H002,CityCare Medical Center,D001,Emergency Department,Emergency,8,0,0.0,0,0,0,0.0,0,0.0,0.9,21.6,0,1,1,0.0,0.69,,59.2
2022-01-25,H002,CityCare Medical Center,D001,Emergency Department,Emergency,8,1,12.5,1,1,0,0.0,0,0.0,0.8,19.0,0,1,1,2.0,0.53,4.1,64.6
2022-04-12,H002,CityCare Medical Center,D001,Emergency Department,Emergency,8,1,12.5,1,1,0,0.0,0,0.0,0.3,7.3,0,1,1,2.0,1.41,4.6,63.5
2023-01-24,H002,CityCare Medical Center,D001,Emergency Department,Emergency,8,1,12.5,1,0,0,0.0,0,0.0,1.0,21.3,0,2,1,3.0,0.53,3.5,62.3
2023-01-25,H002,CityCare Medical Center,D001,Emergency Department,Emergency,8,1,12.5,0,1,0,0.0,0,0.0,1.0,23.4,0,1,1,2.0,0.0,3.5,63.0
2023-02-01,H002,CityCare Medical Center,D001,Emergency Department,Emergency,8,1,12.5,1,1,0,0.0,0,0.0,0.8,18.6,0,1,1,2.0,0.81,3.8,64.2
2023-04-07,H002,CityCare Medical Center,D001,Emergency Department,Emergency,8,1,12.5,1,0,0,0.0,0,0.0,1.0,21.2,0,2,1,3.0,0.27,3.8,62.7
2023-04-08,H002,CityCare Medical Center,D001,Emergency Department,Emergency,8,1,12.5,0,1,0,0.0,0,0.0,1.0,20.9,0,2,1,3.0,0.96,3.8,61.8
2023-10-28,H002,CityCare Medical Center,D001,Emergency Department,Emergency,8,1,12.5,1,1,0,0.0,0,0.0,0.6,13.5,0,1,1,2.0,0.65,4.1,64.4
2023-10-29,H002,CityCare Medical Center,D001,Emergency Department,Emergency,8,0,0.0,0,0,0,0.0,0,0.0,0.9,19.6,0,1,1,0.0,1.01,,58.8
2023-11-07,H002,CityCare Medical Center,D001,Emergency Department,Emergency,8,1,12.5,1,1,0,0.0,0,0.0,0.4,9.9,0,1,1,2.0,0.66,4.1,64.4
2024-02-13,H002,CityCare Medical Center,D001,Emergency Department,Emergency,8,1,12.5,1,1,0,0.0,0,0.0,0.8,18.5,0,1,1,2.0,0.47,3.6,64.6
2024-03-20,H002,CityCare Medical Center,D001,Emergency Department,Emergency,8,1,12.5,1,0,0,0.0,0,0.0,1.0,21.4,0,1,1,2.0,0.71,4.3,62.1
2024-03-21,H002,CityCare Medical Center,D001,Emergency Department,Emergency,8,1,12.5,0,1,0,0.0,0,0.0,1.0,22.4,0,1,1,2.0,0.24,4.3,62.7
2024-04-09,H002,CityCare Medical Center,D001,Emergency Department,Emergency,8,1,12.5,1,1,0,0.0,0,0.0,0.6,14.6,0,1,1,2.0,0.32,3.6,64.8
2024-04-15,H002,CityCare Medical Center,D001,Emergency Department,Emergency,8,1,12.5,1,1,0,0.0,0,0.0,0.3,6.2,0,1,1,2.0,0.43,3.7,64.7
2024-09-28,H002,CityCare Medical Center,D001,Emergency Department,Emergency,8,1,12.5,1,0,0,0.0,0,0.0,1.0,23.7,0,1,1,2.0,0.0,5.0,63.0
2024-09-29,H002,CityCare Medical Center,D001,Emergency Department,Emergency,8,1,12.5,0,1,0,0.0,0,0.0,1.0,20.9,0,1,1,2.0,0.44,5.0,62.4
2024-10-28,H002,CityCare Medical Center,D001,Emergency Department,Emergency,8,1,12.5,1,0,0,0.0,0,0.0,1.0,23.6,0,1,1,2.0,0.43,5.0,62.5
2024-10-29,H002,CityCare Medical Center,D001,Emergency Department,Emergency,8,1,12.5,0,1,0,0.0,0,0.0,1.0,20.5,0,2,1,3.0,0.42,5.0,62.5
2024-12-15,H002,CityCare Medical Center,D001,Emergency Department,Emergency,8,1,12.5,1,0,0,0.0,0,0.0,1.0,21.5,0,1,1,2.0,0.41,4.3,62.5
2024-12-16,H002,CityCare Medical Center,D001,Emergency Department,Emergency,8,1,12.5,0,1,0,0.0,0,0.0,1.0,21.0,0,1,1,2.0,0.66,4.3,62.2
2025-01-03,H002,CityCare Medical Center,D001,Emergency Department,Emergency,8,1,12.5,1,1,0,0.0,0,0.0,0.6,14.3,0,1,1,2.0,0.35,4.9,64.8
2025-01-10,H002,CityCare Medical Center,D001,Emergency Department,Emergency,8,1,12.5,1,0,0,0.0,0,0.0,1.0,23.0,0,1,1,2.0,0.7,2.9,62.1
2025-01-11,H002,CityCare Medical Center,D001,Emergency Department,Emergency,8,1,12.5,0,1,0,0.0,0,0.0,1.0,23.3,0,2,1,3.0,0.16,2.9,62.8
2025-01-31,H002,CityCare Medical Center,D001,Emergency Department,Emergency,8,1,12.5,1,1,0,0.0,0,0.0,0.2,4.3,0,1,1,2.0,1.1,5.0,63.9
2025-03-07,H002,CityCare Medical Center,D001,Emergency Department,Emergency,8,1,12.5,1,1,0,0.0,0,0.0,0.6,13.3,0,2,1,3.0,0.18,4.4,65.0
2025-03-16,H002,CityCare Medical Center,D001,Emergency Department,Emergency,8,1,12.5,1,1,0,0.0,0,0.0,0.3,7.3,0,1,1,2.0,0.14,4.3,65.0
2025-06-02,H002,CityCare Medical Center,D001,Emergency Department,Emergency,8,1,12.5,1,1,0,0.0,0,0.0,0.5,11.0,0,2,1,3.0,0.61,4.0,64.5
2025-06-03,H002,CityCare Medical Center,D001,Emergency Department,Emergency,8,0,0.0,0,0,0,0.0,0,0.0,0.9,20.1,0,1,1,0.0,0.93,,58.9
2025-09-12,H002,CityCare Medical Center,D001,Emergency Department,Emergency,8,1,12.5,1,1,0,0.0,0,0.0,0.3,6.1,0,2,1,3.0,0.33,4.3,64.8
2025-12-16,H002,CityCare Medical Center,D001,Emergency Department,Emergency,8,2,25.0,2,2,1,50.0,0,0.0,0.3,6.8,0,1,1,1.0,0.48,3.75,50.6
2020-01-19,H002,CityCare Medical Center,D002,General Medicine,Medical,10,1,10.0,1,0,1,100.0,0,0.0,2.0,46.5,0,1,1,2.0,0.32,4.1,43.6
2020-01-20,H002,CityCare Medical Center,D002,General Medicine,Medical,10,1,10.0,0,0,0,0.0,0,0.0,4.2,92.8,0,1,1,2.0,0.15,,63.8
2020-01-21,H002,CityCare Medical Center,D002,General Medicine,Medical,10,1,10.0,0,1,0,0.0,0,0.0,2.0,45.5,0,1,1,2.0,0.39,4.1,63.5
2020-04-17,H002,CityCare Medical Center,D002,General Medicine,Medical,10,1,10.0,1,0,0,0.0,0,0.0,4.0,91.9,0,1,1,2.0,0.43,4.4,63.5
2020-04-18,H002,CityCare Medical Center,D002,General Medicine,Medical,10,1,10.0,0,0,0,0.0,0,0.0,4.2,89.0,0,2,1,3.0,0.27,,63.7
2020-04-19,H002,CityCare Medical Center,D002,General Medicine,Medical,10,1,10.0,0,0,0,0.0,0,0.0,4.2,86.0,0,2,1,3.0,0.42,,63.5
2020-04-20,H002,CityCare Medical Center,D002,General Medicine,Medical,10,1,10.0,0,0,0,0.0,0,0.0,4.2,103.0,1,2,1,3.0,0.39,,63.5
2020-04-21,H002,CityCare Medical Center,D002,General Medicine,Medical,10,1,10.0,0,1,0,0.0,0,0.0,4.0,95.2,0,1,1,2.0,0.24,4.4,63.7
2020-05-05,H002,CityCare Medical Center,D002,General Medicine,Medical,10,1,10.0,1,0,0,0.0,0,0.0,3.0,69.7,0,1,1,2.0,0.45,3.6,63.5
2020-05-06,H002,CityCare Medical Center,D002,General Medicine,Medical,10,1,10.0,0,0,0,0.0,0,0.0,4.2,105.3,0,1,1,2.0,0.29,,63.7
2020-05-07,H002,CityCare Medical Center,D002,General Medicine,Medical,10,1,10.0,0,0,0,0.0,0,0.0,4.2,87.3,0,1,1,2.0,0.47,,63.4
2020-05-08,H002,CityCare Medical Center,D002,General Medicine,Medical,10,1,10.0,0,1,0,0.0,0,0.0,3.0,63.4,1,2,1,3.0,0.1,3.6,63.9
2020-09-06,H002,CityCare Medical Center,D002,General Medicine,Medical,10,1,10.0,1,0,0,0.0,0,0.0,8.0,198.2,0,1,1,2.0,0.25,3.8,45.6
2020-09-07,H002,CityCare Medical Center,D002,General Medicine,Medical,10,1,10.0,0,0,0,0.0,0,0.0,4.2,96.1,0,1,1,2.0,0.18,,63.8
2020-09-08,H002,CityCare Medical Center,D002,General Medicine,Medical,10,1,10.0,0,0,0,0.0,0,0.0,4.2,86.9,0,1,1,2.0,0.33,,63.6
2020-09-09,H002,CityCare Medical Center,D002,General Medicine,Medical,10,1,10.0,0,0,0,0.0,0,0.0,4.2,96.9,1,1,1,2.0,0.39,,63.5
2020-09-10,H002,CityCare Medical Center,D002,General Medicine,Medical,10,1,10.0,0,0,0,0.0,0,0.0,4.2,86.8,0,1,1,2.0,0.27,,63.7
2020-09-11,H002,CityCare Medical Center,D002,General Medicine,Medical,10,1,10.0,0,0,0,0.0,0,0.0,4.2,101.9,0,1,1,2.0,0.23,,63.7
2020-09-12,H002,CityCare Medical Center,D002,General Medicine,Medical,10,1,10.0,0,0,0,0.0,0,0.0,4.2,102.0,0,1,1,2.0,0.34,,63.6
2020-09-13,H002,CityCare Medical Center,D002,General Medicine,Medical,10,1,10.0,0,0,0,0.0,0,0.0,4.2,87.7,0,1,1,2.0,0.29,,63.7
2020-09-14,H002,CityCare Medical Center,D002,General Medicine,Medical,10,1,10.0,0,1,0,0.0,0,0.0,8.0,168.9,0,1,1,2.0,0.27,3.8,45.6
2020-12-13,H002,CityCare Medical Center,D002,General Medicine,Medical,10,1,10.0,1,0,0,0.0,0,0.0,8.0,178.2,0,2,1,3.0,0.4,3.2,45.4
2020-12-14,H002,CityCare Medical Center,D002,General Medicine,Medical,10,1,10.0,0,0,0,0.0,0,0.0,4.2,87.6,0,1,1,2.0,0.26,,63.7
2020-12-15,H002,CityCare Medical Center,D002,General Medicine,Medical,10,1,10.0,0,0,0,0.0,0,0.0,4.2,104.6,0,1,1,2.0,0.29,,63.7
2020-12-16,H002,CityCare Medical Center,D002,General Medicine,Medical,10,1,10.0,0,0,0,0.0,0,0.0,4.2,91.3,0,2,1,3.0,0.23,,63.7
2020-12-17,H002,CityCare Medical Center,D002,General Medicine,Medical,10,1,10.0,0,0,0,0.0,0,0.0,4.2,98.1,0,1,1,2.0,0.2,,63.8
2020-12-18,H002,CityCare Medical Center,D002,General Medicine,Medical,10,1,10.0,0,0,0,0.0,0,0.0,4.2,95.2,1,1,1,2.0,0.25,,63.7
2020-12-19,H002,CityCare Medical Center,D002,General Medicine,Medical,10,1,10.0,0,0,0,0.0,0,0.0,4.2,100.8,0,2,1,3.0,0.15,,63.8
2020-12-20,H002,CityCare Medical Center,D002,General Medicine,Medical,10,1,10.0,0,0,0,0.0,0,0.0,4.2,92.4,0,1,1,2.0,0.17,,63.8
2020-12-21,H002,CityCare Medical Center,D002,General Medicine,Medical,10,1,10.0,0,1,0,0.0,0,0.0,8.0,180.1,0,1,1,2.0,0.09,3.2,45.8
2020-12-22,H002,CityCare Medical Center,D002,General Medicine,Medical,10,0,0.0,0,0,0,0.0,0,0.0,4.2,89.0,0,1,1,0.0,0.2,,59.8
2021-01-15,H002,CityCare Medical Center,D002,General Medicine,Medical,10,0,0.0,0,0,0,0.0,0,0.0,4.2,100.9,0,1,1,0.0,0.53,,59.4
2021-01-16,H002,CityCare Medical Center,D002,General Medicine,Medical,10,1,10.0,1,0,0,0.0,0,0.0,1.0,22.7,1,1,1,2.0,0.59,4.2,63.3
2021-01-17,H002,CityCare Medical Center,D002,General Medicine,Medical,10,1,10.0,0,1,0,0.0,0,0.0,1.0,23.1,0,1,1,2.0,0.21,4.2,63.7
2021-02-10,H002,CityCare Medical Center,D002,General Medicine,Medical,10,2,20.0,2,1,0,0.0,0,0.0,0.8,16.6,2,2,1,1.5,0.36,4.0,68.4
2021-02-11,H002,CityCare Medical Center,D002,General Medicine,Medical,10,1,10.0,0,1,0,0.0,0,0.0,1.0,20.7,0,1,1,2.0,0.49,4.6,63.4
2021-02-28,H002,CityCare Medical Center,D002,General Medicine,Medical,10,1,10.0,1,0,0,0.0,0,0.0,7.0,174.7,0,1,1,2.0,0.29,3.8,50.3
2021-03-01,H002,CityCare Medical Center,D002,General Medicine,Medical,10,1,10.0,0,0,0,0.0,0,0.0,4.2,97.8,0,1,1,2.0,0.32,,63.6
2021-03-02,H002,CityCare Medical Center,D002,General Medicine,Medical,10,1,10.0,0,0,0,0.0,0,0.0,4.2,92.2,0,1,1,2.0,0.46,,63.4
2021-03-03,H002,CityCare Medical Center,D002,General Medicine,Medical,10,1,10.0,0,0,0,0.0,0,0.0,4.2,102.1,1,1,1,2.0,0.5,,63.4
2021-03-04,H002,CityCare Medical Center,D002,General Medicine,Medical,10,1,10.0,0,0,0,0.0,0,0.0,4.2,88.2,0,2,1,3.0,0.28,,63.7
2021-03-05,H002,CityCare Medical Center,D002,General Medicine,Medical,10,1,10.0,0,0,0,0.0,0,0.0,4.2,104.8,0,1,1,2.0,0.08,,63.9
2021-03-06,H002,CityCare Medical Center,D002,General Medicine,Medical,10,1,10.0,0,0,0,0.0,0,0.0,4.2,89.2,0,1,1,2.0,0.13,,63.8
2021-03-07,H002,CityCare Medical Center,D002,General Medicine,Medical,10,1,10.0,0,1,0,0.0,0,0.0,7.0,171.9,0,1,1,2.0,0.42,3.8,50.2
2021-04-08,H002,CityCare Medical Center,D002,General Medicine,Medical,10,0,0.0,0,0,0,0.0,0,0.0,4.2,103.5,0,1,1,0.0,0.42,,59.5
2021-04-09,H002,CityCare Medical Center,D002,General Medicine,Medical,10,1,10.0,1,0,0,0.0,0,0.0,4.0,88.0,0,1,1,2.0,0.26,4.9,63.7
2021-04-10,H002,CityCare Medical Center,D002,General Medicine,Medical,10,1,10.0,0,0,0,0.0,0,0.0,4.2,89.2,0,1,1,2.0,0.23,,63.7
2021-04-11,H002,CityCare Medical Center,D002,General Medicine,Medical,10,1,10.0,0,0,0,0.0,0,0.0,4.2,85.8,0,1,1,2.0,0.5,,63.4
2021-04-12,H002,CityCare Medical Center,D002,General Medicine,Medical,10,1,10.0,0,0,0,0.0,0,0.0,4.2,85.8,0,2,1,3.0,0.48,,63.4
2021-04-13,H002,CityCare Medical Center,D002,General Medicine,Medical,10,1,10.0,0,1,0,0.0,0,0.0,4.0,98.8,0,1,1,2.0,0.25,4.9,63.7
2021-06-16,H002,CityCare Medical Center,D002,General Medicine,Medical,10,1,10.0,1,0,0,0.0,0,0.0,1.0,23.1,1,1,1,2.0,0.39,4.6,63.5
2021-06-17,H002,CityCare Medical Center,D002,General Medicine,Medical,10,1,10.0,0,1,0,0.0,0,0.0,1.0,21.1,0,1,1,2.0,0.39,4.6,63.5
2021-06-25,H002,CityCare Medical Center,D002,General Medicine,Medical,10,1,10.0,1,0,0,0.0,0,0.0,1.0,21.5,0,1,1,2.0,0.5,4.2,63.4
2021-06-26,H002,CityCare Medical Center,D002,General Medicine,Medical,10,1,10.0,0,1,0,0.0,0,0.0,1.0,25.1,0,1,1,2.0,0.27,4.2,63.7
2021-08-29,H002,CityCare Medical Center,D002,General Medicine,Medical,10,0,0.0,0,0,0,0.0,0,0.0,4.2,96.3,0,1,1,0.0,0.43,,59.5
2021-08-30,H002,CityCare Medical Center,D002,General Medicine,Medical,10,1,10.0,1,0,0,0.0,0,0.0,2.0,48.2,0,1,1,2.0,0.08,4.9,63.9
2021-08-31,H002,CityCare Medical Center,D002,General Medicine,Medical,10,1,10.0,0,0,0,0.0,0,0.0,4.2,88.7,0,1,1,2.0,0.37,,63.6
2021-09-01,H002,CityCare Medical Center,D002,General Medicine,Medical,10,1,10.0,0,1,0,0.0,0,0.0,2.0,48.0,0,1,1,2.0,0.09,4.9,63.9
2021-09-24,H002,CityCare Medical Center,D002,General Medicine,Medical,10,1,10.0,1,0,0,0.0,0,0.0,1.0,25.1,0,1,1,2.0,0.45,3.3,63.5
2021-09-25,H002,CityCare Medical Center,D002,General Medicine,Medical,10,1,10.0,0,1,0,0.0,0,0.0,1.0,22.5,0,1,1,2.0,0.5,3.3,63.4
2021-10-25,H002,CityCare Medical Center,D002,General Medicine,Medical,10,1,10.0,1,0,1,100.0,0,0.0,4.0,94.2,0,1,1,2.0,0.61,4.7,43.3
2021-10-26,H002,CityCare Medical Center,D002,General Medicine,Medical,10,1,10.0,0,0,0,0.0,0,0.0,4.2,98.0,0,1,1,2.0,0.18,,63.8
2021-10-27,H002,CityCare Medical Center,D002,General Medicine,Medical,10,1,10.0,0,0,0,0.0,0,0.0,4.2,90.1,0,1,1,2.0,0.41,,63.5
2021-10-28,H002,CityCare Medical Center,D002,General Medicine,Medical,10,1,10.0,0,0,0,0.0,0,0.0,4.2,102.8,0,2,1,3.0,0.54,,63.4
2021-10-29,H002,CityCare Medical Center,D002,General Medicine,Medical,10,1,10.0,0,1,0,0.0,0,0.0,4.0,86.2,0,1,1,2.0,0.4,4.7,63.5
2021-12-20,H002,CityCare Medical Center,D002,General Medicine,Medical,10,1,10.0,1,0,0,0.0,0,0.0,4.0,93.5,0,2,1,3.0,0.15,3.1,63.8
2021-12-21,H002,CityCare Medical Center,D002,General Medicine,Medical,10,1,10.0,0,0,0,0.0,0,0.0,4.2,90.9,0,1,1,2.0,0.41,,63.5
2021-12-22,H002,CityCare Medical Center,D002,General Medicine,Medical,10,1,10.0,0,0,0,0.0,0,0.0,4.2,89.1,0,1,1,2.0,0.29,,63.7
2021-12-23,H002,CityCare Medical Center,D002,General Medicine,Medical,10,1,10.0,0,0,0,0.0,0,0.0,4.2,87.6,0,1,1,2.0,0.58,,63.3
2021-12-24,H002,CityCare Medical Center,D002,General Medicine,Medical,10,1,10.0,0,1,0,0.0,0,0.0,4.0,93.4,0,1,1,2.0,0.35,3.1,63.6
2022-11-06,H002,CityCare Medical Center,D002,General Medicine,Medical,10,1,10.0,1,0,0,0.0,0,0.0,4.0,83.0,0,1,1,2.0,0.39,3.2,63.5
2022-11-07,H002,CityCare Medical Center,D002,General Medicine,Medical,10,1,10.0,0,0,0,0.0,0,0.0,4.2,102.8,0,1,1,2.0,0.19,,63.8
2022-11-08,H002,CityCare Medical Center,D002,General Medicine,Medical,10,1,10.0,0,0,0,0.0,0,0.0,4.2,86.5,0,1,1,2.0,0.63,,63.2
2022-11-09,H002,CityCare Medical Center,D002,General Medicine,Medical,10,1,10.0,0,0,0,0.0,0,0.0,4.2,98.8,0,1,1,2.0,0.3,,63.6
2022-11-10,H002,CityCare Medical Center,D002,General Medicine,Medical,10,1,10.0,0,1,0,0.0,0,0.0,4.0,99.4,0,1,1,2.0,0.22,,63.7
2023-01-08,H002,CityCare Medical Center,D002,General Medicine,Medical,10,1,10.0,1,0,0,0.0,0,0.0,3.0,72.4,0,1,1,2.0,0.25,3.0,63.7
2023-01-09,H002,CityCare Medical Center,D002,General Medicine,Medical,10,1,10.0,0,0,0,0.0,0,0.0,4.2,103.6,0,1,1,2.0,0.45,,63.5
2023-01-10,H002,CityCare Medical Center,D002,General Medicine,Medical,10,1,10.0,0,0,0,0.0,0,0.0,4.2,86.8,0,1,1,2.0,0.19,,63.8
2023-01-11,H002,CityCare Medical Center,D002,General Medicine,Medical,10,1,10.0,0,1,0,0.0,0,0.0,3.0,74.2,0,2,1,3.0,0.19,3.0,63.8
2023-03-18,H002,CityCare Medical Center,D002,General Medicine,Medical,10,1,10.0,1,1,0,0.0,0,0.0,0.4,9.3,0,1,1,2.0,0.03,5.0,64.0
2023-05-02,H002,CityCare Medical Center,D002,General Medicine,Medical,10,1,10.0,1,0,0,0.0,0,0.0,2.0,45.6,0,1,1,2.0,0.16,4.2,63.8
2023-05-03,H002,CityCare Medical Center,D002,General Medicine,Medical,10,1,10.0,0,0,0,0.0,0,0.0,4.2,88.5,1,1,1,2.0,0.24,,63.7
2023-05-04,H002,CityCare Medical Center,D002,General Medicine,Medical,10,1,10.0,0,1,0,0.0,0,0.0,2.0,46.8,0,1,1,2.0,0.53,,63.4
2023-05-20,H002,CityCare Medical Center,D002,General Medicine,Medical,10,1,10.0,1,0,0,0.0,0,0.0,8.0,181.3,0,1,1,2.0,0.29,4.1,45.6
2023-05-21,H002,CityCare Medical Center,D002,General Medicine,Medical,10,1,10.0,0,0,0,0.0,0,0.0,4.2,102.8,0,2,1,3.0,0.64,,63.2
2023-05-22,H002,CityCare Medical Center,D002,General Medicine,Medical,10,1,10.0,0,0,0,0.0,0,0.0,4.2,88.4,0,1,1,2.0,0.44,,63.5
2023-05-23,H002,CityCare Medical Center,D002,General Medicine,Medical,10,1,10.0,0,0,0,0.0,0,0.0,4.2,89.7,0,1,1,2.0,0.42,,63.5
2023-05-24,H002,CityCare Medical Center,D002,General Medicine,Medical,10,1,10.0,0,0,0,0.0,0,0.0,4.2,89.1,0,1,1,2.0,0.24,,63.7
2023-05-25,H002,CityCare Medical Center,D002,General Medicine,Medical,10,1,10.0,0,0,0,0.0,0,0.0,4.2,101.6,0,1,1,2.0,0.23,,63.7
2023-05-26,H002,CityCare Medical Center,D002,General Medicine,Medical,10,1,10.0,0,0,0,0.0,0,0.0,4.2,98.4,0,2,1,3.0,0.33,,63.6
2023-05-27,H002,CityCare Medical Center,D002,General Medicine,Medical,10,1,10.0,0,0,0,0.0,0,0.0,4.2,104.0,0,1,1,2.0,0.15,,63.8
2023-05-28,H002,CityCare Medical Center,D002,General Medicine,Medical,10,1,10.0,0,1,0,0.0,0,0.0,8.0,175.3,0,1,1,2.0,0.47,,45.3
2023-06-23,H002,CityCare Medical Center,D002,General Medicine,Medical,10,1,10.0,1,1,0,0.0,0,0.0,0.3,7.5,0,1,1,2.0,0.44,3.6,63.5
2023-09-21,H002,CityCare Medical Center,D002,General Medicine,Medical,10,1,10.0,1,0,0,0.0,0,0.0,3.0,69.1,0,1,1,2.0,0.21,4.6,63.7
2023-09-22,H002,CityCare Medical Center,D002,General Medicine,Medical,10,1,10.0,0,0,0,0.0,0,0.0,4.2,96.0,0,1,1,2.0,0.18,,63.8
2023-09-23,H002,CityCare Medical Center,D002,General Medicine,Medical,10,1,10.0,0,0,0,0.0,0,0.0,4.2,95.2,1,1,1,2.0,0.2,,63.8
2023-09-24,H002,CityCare Medical Center,D002,General Medicine,Medical,10,1,10.0,0,1,0,0.0,0,0.0,3.0,73.2,0,1,1,2.0,0.47,4.6,63.4
2024-03-01,H002,CityCare Medical Center,D002,General Medicine,Medical,10,1,10.0,1,0,0,0.0,0,0.0,7.0,150.0,0,1,1,2.0,0.37,4.6,50.2
2024-03-02,H002,CityCare Medical Center,D002,General Medicine,Medical,10,1,10.0,0,0,0,0.0,0,0.0,4.2,105.5,0,1,1,2.0,0.22,,63.7
2024-03-03,H002,CityCare Medical Center,D002,General Medicine,Medical,10,1,10.0,0,0,0,0.0,0,0.0,4.2,90.8,0,1,1,2.0,0.31,,63.6
2024-03-04,H002,CityCare Medical Center,D002,General Medicine,Medical,10,1,10.0,0,0,0,0.0,0,0.0,4.2,103.3,0,1,1,2.0,0.7,,63.2
2024-03-05,H002,CityCare Medical Center,D002,General Medicine,Medical,10,1,10.0,0,0,0,0.0,0,0.0,4.2,99.4,0,1,1,2.0,0.0,,64.0
2024-03-06,H002,CityCare Medical Center,D002,General Medicine,Medical,10,1,10.0,0,0,0,0.0,0,0.0,4.2,91.9,0,1,1,2.0,0.2,,63.8
2024-03-07,H002,CityCare Medical Center,D002,General Medicine,Medical,10,1,10.0,0,0,0,0.0,0,0.0,4.2,94.4,0,2,1,3.0,0.29,,63.7
2024-03-08,H002,CityCare Medical Center,D002,General Medicine,Medical,10,1,10.0,0,1,0,0.0,0,0.0,7.0,163.8,0,2,1,3.0,0.42,4.6,50.2
2024-03-13,H002,CityCare Medical Center,D002,General Medicine,Medical,10,1,10.0,1,0,0,0.0,0,0.0,1.0,22.5,0,1,1,2.0,0.17,4.2,63.8
2024-03-14,H002,CityCare Medical Center,D002,General Medicine,Medical,10,1,10.0,0,1,0,0.0,0,0.0,1.0,23.4,0,1,1,2.0,0.28,4.2,63.7
2024-06-28,H002,CityCare Medical Center,D002,General Medicine,Medical,10,0,0.0,0,0,0,0.0,0,0.0,4.2,85.8,0,1,1,0.0,0.36,,59.6
2024-06-29,H002,CityCare Medical Center,D002,General Medicine,Medical,10,1,10.0,1,0,0,0.0,0,0.0,1.0,24.6,1,1,1,2.0,0.3,3.1,63.6
2024-06-30,H002,CityCare Medical Center,D002,General Medicine,Medical,10,1,10.0,0,1,0,0.0,0,0.0,1.0,24.5,0,2,1,3.0,0.43,3.1,63.5
2024-08-06,H002,CityCare Medical Center,D002,General Medicine,Medical,10,1,10.0,1,0,0,0.0,0,0.0,3.0,74.3,0,1,1,2.0,0.16,3.5,63.8
2024-08-07,H002,CityCare Medical Center,D002,General Medicine,Medical,10,1,10.0,0,0,0,0.0,0,0.0,4.2,91.9,1,2,1,3.0,0.34,,63.6
2024-08-08,H002,CityCare Medical Center,D002,General Medicine,Medical,10,1,10.0,0,0,0,0.0,0,0.0,4.2,95.3,0,1,1,2.0,0.57,,63.3
2024-08-09,H002,CityCare Medical Center,D002,General Medicine,Medical,10,1,10.0,0,1,0,0.0,0,0.0,3.0,63.9,0,1,1,2.0,0.21,3.5,63.7
2024-10-07,H002,CityCare Medical Center,D002,General Medicine,Medical,10,1,10.0,1,0,0,0.0,0,0.0,3.0,67.2,0,1,1,2.0,0.19,4.3,63.8
2024-10-08,H002,CityCare Medical Center,D002,General Medicine,Medical,10,1,10.0,0,0,0,0.0,0,0.0,4.2,103.3,0,1,1,2.0,0.34,,63.6
2024-10-09,H002,CityCare Medical Center,D002,General Medicine,Medical,10,1,10.0,0,0,0,0.0,0,0.0,4.2,89.0,1,1,1,2.0,0.22,,63.7
2024-10-10,H002,CityCare Medical Center,D002,General Medicine,Medical,10,1,10.0,0,1,0,0.0,0,0.0,3.0,67.2,0,1,1,2.0,0.33,4.3,63.6
2025-02-01,H002,CityCare Medical Center,D002,General Medicine,Medical,10,1,10.0,1,0,0,0.0,0,0.0,4.0,84.3,0,1,1,2.0,0.14,,63.8
2025-02-02,H002,CityCare Medical Center,D002,General Medicine,Medical,10,1,10.0,0,0,0,0.0,0,0.0,4.2,94.4,0,1,1,2.0,0.03,,64.0
2025-02-03,H002,CityCare Medical Center,D002,General Medicine,Medical,10,1,10.0,0,0,0,0.0,0,0.0,4.2,97.3,0,1,1,2.0,0.75,,63.1
2025-02-04,H002,CityCare Medical Center,D002,General Medicine,Medical,10,1,10.0,0,0,0,0.0,0,0.0,4.2,102.2,1,1,1,2.0,0.22,,63.7
2025-02-05,H002,CityCare Medical Center,D002,General Medicine,Medical,10,1,10.0,0,1,0,0.0,0,0.0,4.0,83.5,0,1,1,2.0,0.49,3.2,63.4
2025-04-08,H002,CityCare Medical Center,D002,General Medicine,Medical,10,1,10.0,1,0,0,0.0,0,0.0,1.0,24.7,0,2,1,3.0,0.23,4.0,63.7
2025-04-09,H002,CityCare Medical Center,D002,General Medicine,Medical,10,1,10.0,0,1,0,0.0,0,0.0,1.0,23.3,0,1,1,2.0,0.47,4.0,63.4
2025-05-27,H002,CityCare Medical Center,D002,General Medicine,Medical,10,1,10.0,1,0,0,0.0,0,0.0,6.0,148.4,0,1,1,2.0,0.3,4.8,55.1
2025-05-28,H002,CityCare Medical Center,D002,General Medicine,Medical,10,1,10.0,0,0,0,0.0,0,0.0,4.2,89.3,1,1,1,2.0,0.32,,63.6
2025-05-29,H002,CityCare Medical Center,D002,General Medicine,Medical,10,1,10.0,0,0,0,0.0,0,0.0,4.2,101.3,0,1,1,2.0,0.39,,63.5
2025-05-30,H002,CityCare Medical Center,D002,General Medicine,Medical,10,1,10.0,0,0,0,0.0,0,0.0,4.2,103.7,0,1,1,2.0,0.24,,63.7
2025-05-31,H002,CityCare Medical Center,D002,General Medicine,Medical,10,1,10.0,0,0,0,0.0,0,0.0,4.2,105.3,0,2,1,3.0,0.32,,63.6
2025-06-01,H002,CityCare Medical Center,D002,General Medicine,Medical,10,1,10.0,0,0,0,0.0,0,0.0,4.2,98.7,0,1,1,2.0,0.45,,63.5
2025-06-02,H002,CityCare Medical Center,D002,General Medicine,Medical,10,1,10.0,0,1,0,0.0,0,0.0,6.0,143.9,0,1,1,2.0,0.0,4.8,55.4
2025-06-12,H002,CityCare Medical Center,D002,General Medicine,Medical,10,1,10.0,1,0,0,0.0,0,0.0,5.0,106.1,0,1,1,2.0,0.49,,59.6
2025-06-13,H002,CityCare Medical Center,D002,General Medicine,Medical,10,1,10.0,0,0,0,0.0,0,0.0,4.2,89.6,0,2,1,3.0,0.39,,63.5
2025-06-14,H002,CityCare Medical Center,D002,General Medicine,Medical,10,1,10.0,0,0,0,0.0,0,0.0,4.2,98.0,0,1,1,2.0,0.07,,63.9
2025-06-15,H002,CityCare Medical Center,D002,General Medicine,Medical,10,1,10.0,0,0,0,0.0,0,0.0,4.2,101.5,0,1,1,2.0,0.22,,63.7
2025-06-16,H002,CityCare Medical Center,D002,General Medicine,Medical,10,1,10.0,0,0,0,0.0,0,0.0,4.2,94.1,1,1,1,2.0,0.34,,63.6
2025-06-17,H002,CityCare Medical Center,D002,General Medicine,Medical,10,1,10.0,0,1,0,0.0,0,0.0,5.0,112.8,0,1,1,2.0,0.38,3.2,59.7
2025-07-22,H002,CityCare Medical Center,D002,General Medicine,Medical,10,1,10.0,1,0,0,0.0,0,0.0,1.0,22.0,0,2,1,3.0,0.37,4.7,63.6
2025-07-23,H002,CityCare Medical Center,D002,General Medicine,Medical,10,1,10.0,0,1,0,0.0,0,0.0,1.0,24.4,1,1,1,2.0,0.24,4.7,63.7
2025-08-17,H002,CityCare Medical Center,D002,General Medicine,Medical,10,1,10.0,1,0,0,0.0,0,0.0,3.0,74.3,1,1,1,2.0,0.63,3.6,63.2
2025-08-18,H002,CityCare Medical Center,D002,General Medicine,Medical,10,1,10.0,0,0,0,0.0,0,0.0,4.2,95.8,0,1,1,2.0,0.46,,63.4
2025-08-19,H002,CityCare Medical Center,D002,General Medicine,Medical,10,1,10.0,0,0,0,0.0,0,0.0,4.2,102.9,0,2,1,3.0,0.42,,63.5
2025-08-20,H002,CityCare Medical Center,D002,General Medicine,Medical,10,1,10.0,0,1,0,0.0,0,0.0,3.0,71.5,0,1,1,2.0,0.33,3.6,63.6
2025-09-01,H002,CityCare Medical Center,D002,General Medicine,Medical,10,1,10.0,1,0,0,0.0,0,0.0,3.0,71.7,0,2,1,3.0,0.3,4.7,63.6
2025-09-02,H002,CityCare Medical Center,D002,General Medicine,Medical,10,1,10.0,0,0,0,0.0,0,0.0,4.2,103.9,0,1,1,2.0,0.19,,63.8
2025-09-03,H002,CityCare Medical Center,D002,General Medicine,Medical,10,1,10.0,0,0,0,0.0,0,0.0,4.2,86.1,1,1,1,2.0,0.1,,63.9
2025-09-04,H002,CityCare Medical Center,D002,General Medicine,Medical,10,1,10.0,0,1,0,0.0,0,0.0,3.0,68.8,0,2,1,3.0,0.24,4.7,63.7
2025-11-02,H002,CityCare Medical Center,D002,General Medicine,Medical,10,1,10.0,1,0,0,0.0,0,0.0,3.0,67.3,0,1,1,2.0,0.14,4.8,63.8
2025-11-03,H002,CityCare Medical Center,D002,General Medicine,Medical,10,1,10.0,0,0,0,0.0,0,0.0,4.2,96.2,0,1,1,2.0,0.25,,63.7
2025-11-04,H002,CityCare Medical Center,D002,General Medicine,Medical,10,1,10.0,0,0,0,0.0,0,0.0,4.2,100.1,0,1,1,2.0,0.34,,63.6
2025-11-05,H002,CityCare Medical Center,D002,General Medicine,Medical,10,1,10.0,0,1,0,0.0,0,0.0,3.0,61.9,0,1,1,2.0,0.43,4.8,63.5
2020-05-30,H002,CityCare Medical Center,D003,Cardiology,Medical,6,1,16.7,1,0,0,0.0,0,0.0,4.0,96.0,0,1,1,2.0,0.74,2.9,66.3
2020-05-31,H002,CityCare Medical Center,D003,Cardiology,Medical,6,1,16.7,0,0,0,0.0,0,0.0,5.0,123.5,0,1,1,2.0,1.01,,66.0
2020-06-01,H002,CityCare Medical Center,D003,Cardiology,Medical,6,1,16.7,0,0,0,0.0,0,0.0,5.0,111.2,0,2,1,3.0,1.42,,65.5
2020-06-02,H002,CityCare Medical Center,D003,Cardiology,Medical,6,1,16.7,0,0,0,0.0,0,0.0,5.0,114.9,0,1,1,2.0,0.62,,66.5
2020-06-03,H002,CityCare Medical Center,D003,Cardiology,Medical,6,1,16.7,0,1,0,0.0,0,0.0,4.0,98.5,1,1,1,2.0,0.88,2.9,66.2
2020-06-04,H002,CityCare Medical Center,D003,Cardiology,Medical,6,0,0.0,0,0,0,0.0,0,0.0,5.0,105.3,0,1,1,0.0,0.64,,59.2
2020-07-19,H002,CityCare Medical Center,D003,Cardiology,Medical,6,1,16.7,1,0,0,0.0,0,0.0,7.0,173.3,0,1,1,2.0,1.03,3.0,58.0
2020-07-20,H002,CityCare Medical Center,D003,Cardiology,Medical,6,1,16.7,0,0,0,0.0,0,0.0,5.0,106.4,0,1,1,2.0,1.03,,66.0
2020-07-21,H002,CityCare Medical Center,D003,Cardiology,Medical,6,1,16.7,0,0,0,0.0,0,0.0,5.0,106.5,0,1,1,2.0,1.32,,65.6
2020-07-22,H002,CityCare Medical Center,D003,Cardiology,Medical,6,1,16.7,0,0,0,0.0,0,0.0,5.0,124.9,0,1,1,2.0,0.1,,67.1
2020-07-23,H002,CityCare Medical Center,D003,Cardiology,Medical,6,1,16.7,0,0,0,0.0,0,0.0,5.0,112.9,1,1,1,2.0,0.66,,66.4
2020-07-24,H002,CityCare Medical Center,D003,Cardiology,Medical,6,1,16.7,0,0,0,0.0,0,0.0,5.0,107.8,0,1,1,2.0,0.97,,66.1
2020-07-25,H002,CityCare Medical Center,D003,Cardiology,Medical,6,1,16.7,0,0,0,0.0,0,0.0,5.0,125.2,0,1,1,2.0,0.99,,66.0
2020-07-26,H002,CityCare Medical Center,D003,Cardiology,Medical,6,1,16.7,0,1,0,0.0,0,0.0,7.0,155.3,0,1,1,2.0,0.98,3.0,58.0
2020-11-04,H002,CityCare Medical Center,D003,Cardiology,Medical,6,1,16.7,1,0,0,0.0,0,0.0,5.0,117.0,0,1,1,2.0,0.52,3.9,66.6
2020-11-05,H002,CityCare Medical Center,D003,Cardiology,Medical,6,1,16.7,0,0,0,0.0,0,0.0,5.0,104.8,0,1,1,2.0,0.5,,66.6
2020-11-06,H002,CityCare Medical Center,D003,Cardiology,Medical,6,1,16.7,0,0,0,0.0,0,0.0,5.0,102.3,0,1,1,2.0,0.62,,66.5
2020-11-07,H002,CityCare Medical Center,D003,Cardiology,Medical,6,1,16.7,0,0,0,0.0,0,0.0,5.0,107.5,0,1,1,2.0,0.51,,66.6
2020-11-08,H002,CityCare Medical Center,D003,Cardiology,Medical,6,1,16.7,0,0,0,0.0,0,0.0,5.0,110.9,0,1,1,2.0,1.62,,65.3
2020-11-09,H002,CityCare Medical Center,D003,Cardiology,Medical,6,1,16.7,0,1,0,0.0,0,0.0,5.0,117.2,0,1,1,2.0,1.17,3.9,65.8
2021-06-26,H002,CityCare Medical Center,D003,Cardiology,Medical,6,0,0.0,0,0,0,0.0,0,0.0,5.0,110.7,0,1,1,0.0,1.53,,58.2
2021-06-27,H002,CityCare Medical Center,D003,Cardiology,Medical,6,1,16.7,1,0,0,0.0,0,0.0,4.0,90.9,1,1,1,2.0,1.12,3.5,65.9
2021-06-28,H002,CityCare Medical Center,D003,Cardiology,Medical,6,1,16.7,0,0,0,0.0,0,0.0,5.0,107.5,0,1,1,2.0,0.64,,66.4
2021-06-29,H002,CityCare Medical Center,D003,Cardiology,Medical,6,1,16.7,0,0,0,0.0,0,0.0,5.0,115.9,0,2,1,3.0,0.76,,66.3
2021-06-30,H002,CityCare Medical Center,D003,Cardiology,Medical,6,1,16.7,0,0,0,0.0,0,0.0,5.0,112.2,0,1,1,2.0,0.89,,66.1
2021-07-01,H002,CityCare Medical Center,D003,Cardiology,Medical,6,1,16.7,0,1,0,0.0,0,0.0,4.0,94.1,0,1,1,2.0,1.16,3.5,65.8
2021-09-04,H002,CityCare Medical Center,D003,Cardiology,Medical,6,1,16.7,1,0,1,100.0,0,0.0,7.0,154.2,0,1,1,2.0,0.57,,38.5
2021-09-05,H002,CityCare Medical Center,D003,Cardiology,Medical,6,1,16.7,0,0,0,0.0,0,0.0,5.0,111.8,0,1,1,2.0,1.14,,65.8
2021-09-06,H002,CityCare Medical Center,D003,Cardiology,Medical,6,1,16.7,0,0,0,0.0,0,0.0,5.0,116.1,0,1,1,2.0,1.44,,65.5
2021-09-07,H002,CityCare Medical Center,D003,Cardiology,Medical,6,1,16.7,0,0,0,0.0,0,0.0,5.0,116.3,0,1,1,2.0,0.28,,66.9
2021-09-08,H002,CityCare Medical Center,D003,Cardiology,Medical,6,1,16.7,0,0,0,0.0,0,0.0,5.0,107.1,0,1,1,2.0,0.76,,66.3
2021-09-09,H002,CityCare Medical Center,D003,Cardiology,Medical,6,1,16.7,0,0,0,0.0,0,0.0,5.0,120.0,0,1,1,2.0,0.9,,66.1
2021-09-10,H002,CityCare Medical Center,D003,Cardiology,Medical,6,1,16.7,0,0,0,0.0,0,0.0,5.0,124.0,0,1,1,2.0,1.16,,65.8
2021-09-11,H002,CityCare Medical Center,D003,Cardiology,Medical,6,1,16.7,0,1,0,0.0,0,0.0,7.0,145.7,0,1,1,2.0,0.48,3.2,58.6
2021-09-29,H002,CityCare Medical Center,D003,Cardiology,Medical,6,1,16.7,1,0,0,0.0,0,0.0,6.0,145.1,0,1,1,2.0,1.48,4.0,61.4
2021-09-30,H002,CityCare Medical Center,D003,Cardiology,Medical,6,1,16.7,0,0,0,0.0,0,0.0,5.0,105.1,1,1,1,2.0,0.11,,67.1
2021-10-01,H002,CityCare Medical Center,D003,Cardiology,Medical,6,1,16.7,0,0,0,0.0,0,0.0,5.0,120.3,0,1,1,2.0,0.43,,66.7
2021-10-02,H002,CityCare Medical Center,D003,Cardiology,Medical,6,1,16.7,0,0,0,0.0,0,0.0,5.0,122.1,0,1,1,2.0,0.5,,66.6
2021-10-03,H002,CityCare Medical Center,D003,Cardiology,Medical,6,1,16.7,0,0,0,0.0,0,0.0,5.0,120.6,0,1,1,2.0,0.25,,66.9
2021-10-04,H002,CityCare Medical Center,D003,Cardiology,Medical,6,1,16.7,0,0,0,0.0,0,0.0,5.0,120.2,0,1,1,2.0,1.19,,65.8
2021-10-05,H002,CityCare Medical Center,D003,Cardiology,Medical,6,1,16.7,0,1,0,0.0,0,0.0,6.0,148.0,0,1,1,2.0,1.66,4.0,61.2
2021-12-10,H002,CityCare Medical Center,D003,Cardiology,Medical,6,1,16.7,1,0,0,0.0,0,0.0,6.0,134.8,0,1,1,2.0,0.93,4.3,62.1
2021-12-11,H002,CityCare Medical Center,D003,Cardiology,Medical,6,1,16.7,0,0,0,0.0,0,0.0,5.0,102.6,0,2,1,3.0,1.77,,65.1
2021-12-12,H002,CityCare Medical Center,D003,Cardiology,Medical,6,1,16.7,0,0,0,0.0,0,0.0,5.0,114.6,1,1,1,2.0,0.3,,66.9
2021-12-13,H002,CityCare Medical Center,D003,Cardiology,Medical,6,1,16.7,0,0,0,0.0,0,0.0,5.0,114.2,0,2,1,3.0,0.57,,66.5
2021-12-14,H002,CityCare Medical Center,D003,Cardiology,Medical,6,1,16.7,0,0,0,0.0,0,0.0,5.0,123.4,0,1,1,2.0,0.86,,66.2
2021-12-15,H002,CityCare Medical Center,D003,Cardiology,Medical,6,1,16.7,0,0,0,0.0,0,0.0,5.0,122.8,0,1,1,2.0,1.42,,65.5
2021-12-16,H002,CityCare Medical Center,D003,Cardiology,Medical,6,1,16.7,0,1,0,0.0,0,0.0,6.0,147.0,0,1,1,2.0,0.0,4.3,63.2
2021-12-17,H002,CityCare Medical Center,D003,Cardiology,Medical,6,0,0.0,0,0,0,0.0,0,0.0,5.0,117.0,0,1,1,0.0,0.91,,58.9
2022-03-26,H002,CityCare Medical Center,D003,Cardiology,Medical,6,1,16.7,1,0,0,0.0,0,0.0,9.0,207.7,0,1,1,2.0,1.08,4.1,49.9
2022-03-27,H002,CityCare Medical Center,D003,Cardiology,Medical,6,1,16.7,0,0,0,0.0,0,0.0,5.0,124.8,0,1,1,2.0,1.45,,65.5
2022-03-28,H002,CityCare Medical Center,D003,Cardiology,Medical,6,1,16.7,0,0,0,0.0,0,0.0,5.0,114.2,0,1,1,2.0,0.0,,67.2
2022-03-29,H002,CityCare Medical Center,D003,Cardiology,Medical,6,1,16.7,0,0,0,0.0,0,0.0,5.0,103.6,0,1,1,2.0,1.09,,65.9
2022-03-30,H002,CityCare Medical Center,D003,Cardiology,Medical,6,1,16.7,0,0,0,0.0,0,0.0,5.0,108.7,0,2,1,3.0,1.74,,65.1
2022-03-31,H002,CityCare Medical Center,D003,Cardiology,Medical,6,1,16.7,0,0,0,0.0,0,0.0,5.0,104.4,0,2,1,3.0,0.0,,67.2
2022-04-01,H002,CityCare Medical Center,D003,Cardiology,Medical,6,1,16.7,0,0,0,0.0,0,0.0,5.0,103.9,0,1,1,2.0,1.77,,65.1
2022-04-02,H002,CityCare Medical Center,D003,Cardiology,Medical,6,1,16.7,0,0,0,0.0,0,0.0,5.0,103.3,0,1,1,2.0,0.96,,66.1
2022-04-03,H002,CityCare Medical Center,D003,Cardiology,Medical,6,1,16.7,0,0,0,0.0,0,0.0,5.0,103.9,0,2,1,3.0,0.7,,66.4
2022-04-04,H002,CityCare Medical Center,D003,Cardiology,Medical,6,1,16.7,0,1,0,0.0,0,0.0,9.0,210.0,0,1,1,2.0,1.37,4.1,49.6
2022-08-14,H002,CityCare Medical Center,D003,Cardiology,Medical,6,1,16.7,1,0,0,0.0,0,0.0,7.0,150.1,0,1,1,2.0,2.06,3.8,56.7
2022-08-15,H002,CityCare Medical Center,D003,Cardiology,Medical,6,2,33.3,1,0,0,0.0,0,0.0,6.0,145.1,0,2,1,1.5,1.09,4.0,69.9
2022-08-16,H002,CityCare Medical Center,D003,Cardiology,Medical,6,2,33.3,0,0,0,0.0,0,0.0,5.0,111.9,0,1,1,1.0,0.69,,74.4
2022-08-17,H002,CityCare Medical Center,D003,Cardiology,Medical,6,2,33.3,0,0,0,0.0,0,0.0,5.0,102.1,0,2,1,1.5,1.16,,73.8
2022-08-18,H002,CityCare Medical Center,D003,Cardiology,Medical,6,2,33.3,0,0,0,0.0,0,0.0,5.0,123.4,0,2,1,1.5,0.89,,74.1
2022-08-19,H002,CityCare Medical Center,D003,Cardiology,Medical,6,2,33.3,0,0,0,0.0,0,0.0,5.0,116.6,0,1,1,1.0,0.46,,74.6
2022-08-20,H002,CityCare Medical Center,D003,Cardiology,Medical,6,2,33.3,0,0,0,0.0,0,0.0,5.0,116.3,1,1,1,1.0,0.54,,74.5
2022-08-21,H002,CityCare Medical Center,D003,Cardiology,Medical,6,2,33.3,0,2,0,0.0,0,0.0,6.5,158.6,0,1,1,1.0,1.21,3.9,67.7
2022-10-23,H002,CityCare Medical Center,D003,Cardiology,Medical,6,1,16.7,1,0,0,0.0,0,0.0,5.0,123.0,0,2,1,3.0,1.19,4.4,65.8
2022-10-24,H002,CityCare Medical Center,D003,Cardiology,Medical,6,1,16.7,0,0,0,0.0,0,0.0,5.0,112.4,0,1,1,2.0,0.59,,66.5
2022-10-25,H002,CityCare Medical Center,D003,Cardiology,Medical,6,1,16.7,0,0,0,0.0,0,0.0,5.0,106.8,0,1,1,2.0,1.58,,65.3
2022-10-26,H002,CityCare Medical Center,D003,Cardiology,Medical,6,1,16.7,0,0,0,0.0,0,0.0,5.0,109.5,0,1,1,2.0,1.42,,65.5
2022-10-27,H002,CityCare Medical Center,D003,Cardiology,Medical,6,1,16.7,0,0,0,0.0,0,0.0,5.0,118.3,0,1,1,2.0,1.13,,65.9
2022-10-28,H002,CityCare Medical Center,D003,Cardiology,Medical,6,1,16.7,0,1,0,0.0,0,0.0,5.0,107.4,0,1,1,2.0,0.62,4.4,66.5
2022-10-29,H002,CityCare Medical Center,D003,Cardiology,Medical,6,0,0.0,0,0,0,0.0,0,0.0,5.0,122.6,0,1,1,0.0,1.41,,58.3
2023-02-05,H002,CityCare Medical Center,D003,Cardiology,Medical,6,1,16.7,1,0,0,0.0,0,0.0,3.0,65.7,0,1,1,2.0,0.98,4.4,66.0
2023-02-06,H002,CityCare Medical Center,D003,Cardiology,Medical,6,1,16.7,0,0,0,0.0,0,0.0,5.0,110.5,0,2,1,3.0,1.01,,66.0
2023-02-07,H002,CityCare Medical Center,D003,Cardiology,Medical,6,1,16.7,0,0,0,0.0,0,0.0,5.0,117.8,1,1,1,2.0,0.39,,66.7
2023-02-08,H002,CityCare Medical Center,D003,Cardiology,Medical,6,1,16.7,0,1,0,0.0,0,0.0,3.0,74.8,0,1,1,2.0,0.74,4.4,66.3
2023-02-09,H002,CityCare Medical Center,D003,Cardiology,Medical,6,0,0.0,0,0,0,0.0,0,0.0,5.0,124.5,0,1,1,0.0,1.64,,58.0
2023-05-06,H002,CityCare Medical Center,D003,Cardiology,Medical,6,0,0.0,0,0,0,0.0,0,0.0,5.0,115.7,0,1,1,0.0,0.75,,59.1
2023-05-07,H002,CityCare Medical Center,D003,Cardiology,Medical,6,1,16.7,1,0,0,0.0,0,0.0,5.0,109.2,0,1,1,2.0,1.29,4.3,65.7
2023-05-08,H002,CityCare Medical Center,D003,Cardiology,Medical,6,1,16.7,0,0,0,0.0,0,0.0,5.0,103.0,0,2,1,3.0,1.4,,65.5
2023-05-09,H002,CityCare Medical Center,D003,Cardiology,Medical,6,1,16.7,0,0,0,0.0,0,0.0,5.0,122.4,0,1,1,2.0,1.61,,65.3
2023-05-10,H002,CityCare Medical Center,D003,Cardiology,Medical,6,1,16.7,0,0,0,0.0,0,0.0,5.0,110.6,0,2,1,3.0,1.09,,65.9
2023-05-11,H002,CityCare Medical Center,D003,Cardiology,Medical,6,1,16.7,0,0,0,0.0,0,0.0,5.0,114.8,0,1,1,2.0,0.18,,67.0
2023-05-12,H002,CityCare Medical Center,D003,Cardiology,Medical,6,1,16.7,0,1,0,0.0,0,0.0,5.0,109.6,0,1,1,2.0,1.29,4.3,65.7
2023-07-04,H002,CityCare Medical Center,D003,Cardiology,Medical,6,1,16.7,1,0,0,0.0,0,0.0,3.0,70.9,0,1,1,2.0,1.05,3.4,66.0
2023-07-05,H002,CityCare Medical Center,D003,Cardiology,Medical,6,1,16.7,0,0,0,0.0,0,0.0,5.0,118.2,0,2,1,3.0,1.13,,65.9
2023-07-06,H002,CityCare Medical Center,D003,Cardiology,Medical,6,1,16.7,0,0,0,0.0,0,0.0,5.0,111.5,0,2,1,3.0,0.99,,66.0
2023-07-07,H002,CityCare Medical Center,D003,Cardiology,Medical,6,1,16.7,0,1,0,0.0,0,0.0,3.0,61.8,0,2,1,3.0,1.96,3.4,64.9
2023-08-11,H002,CityCare Medical Center,D003,Cardiology,Medical,6,1,16.7,1,0,0,0.0,0,0.0,3.0,63.4,0,1,1,2.0,0.27,3.4,66.9
2023-08-12,H002,CityCare Medical Center,D003,Cardiology,Medical,6,1,16.7,0,0,0,0.0,0,0.0,5.0,102.4,0,1,1,2.0,1.62,,65.3
2023-08-13,H002,CityCare Medical Center,D003,Cardiology,Medical,6,1,16.7,0,0,0,0.0,0,0.0,5.0,121.2,0,2,1,3.0,0.64,,66.4
2023-08-14,H002,CityCare Medical Center,D003,Cardiology,Medical,6,1,16.7,0,1,0,0.0,0,0.0,3.0,64.9,0,2,1,3.0,1.68,3.4,65.2
2023-08-24,H002,CityCare Medical Center,D003,Cardiology,Medical,6,1,16.7,1,0,0,0.0,0,0.0,8.0,198.7,1,1,1,2.0,1.2,3.3,53.8
2023-08-25,H002,CityCare Medical Center,D003,Cardiology,Medical,6,1,16.7,0,0,0,0.0,0,0.0,5.0,119.1,0,1,1,2.0,0.37,,66.8
2023-08-26,H002,CityCare Medical Center,D003,Cardiology,Medical,6,1,16.7,0,0,0,0.0,0,0.0,5.0,102.6,0,1,1,2.0,0.75,,66.3
2023-08-27,H002,CityCare Medical Center,D003,Cardiology,Medical,6,1,16.7,0,0,0,0.0,0,0.0,5.0,121.3,0,2,1,3.0,1.19,,65.8
2023-08-28,H002,CityCare Medical Center,D003,Cardiology,Medical,6,1,16.7,0,0,0,0.0,0,0.0,5.0,106.0,0,1,1,2.0,0.97,,66.1
2023-08-29,H002,CityCare Medical Center,D003,Cardiology,Medical,6,1,16.7,0,0,0,0.0,0,0.0,5.0,104.1,0,2,1,3.0,0.84,,66.2
2023-08-30,H002,CityCare Medical Center,D003,Cardiology,Medical,6,1,16.7,0,0,0,0.0,0,0.0,5.0,114.2,0,1,1,2.0,0.73,,66.3
2023-08-31,H002,CityCare Medical Center,D003,Cardiology,Medical,6,1,16.7,0,0,0,0.0,0,0.0,5.0,123.9,0,1,1,2.0,1.03,,66.0
2023-09-01,H002,CityCare Medical Center,D003,Cardiology,Medical,6,1,16.7,0,1,0,0.0,0,0.0,8.0,178.9,0,1,1,2.0,0.05,3.3,55.2
2023-10-20,H002,CityCare Medical Center,D003,Cardiology,Medical,6,1,16.7,1,0,0,0.0,0,0.0,6.0,146.0,0,2,1,3.0,1.57,3.2,61.3
2023-10-21,H002,CityCare Medical Center,D003,Cardiology,Medical,6,1,16.7,0,0,0,0.0,0,0.0,5.0,119.2,0,1,1,2.0,0.23,,66.9
2023-10-22,H002,CityCare Medical Center,D003,Cardiology,Medical,6,1,16.7,0,0,0,0.0,0,0.0,5.0,115.4,0,1,1,2.0,0.86,,66.2
2023-10-23,H002,CityCare Medical Center,D003,Cardiology,Medical,6,2,33.3,1,0,0,0.0,0,0.0,3.0,68.0,1,1,1,1.0,0.78,3.8,74.2
2023-10-24,H002,CityCare Medical Center,D003,Cardiology,Medical,6,2,33.3,0,0,0,0.0,0,0.0,5.0,121.8,0,2,1,1.5,1.18,,73.8
2023-10-25,H002,CityCare Medical Center,D003,Cardiology,Medical,6,2,33.3,0,0,0,0.0,0,0.0,5.0,120.4,0,1,1,1.0,0.73,,74.3
2023-10-26,H002,CityCare Medical Center,D003,Cardiology,Medical,6,2,33.3,0,2,0,0.0,0,0.0,4.5,94.0,0,2,1,1.5,1.34,3.5,73.6
2024-06-09,H002,CityCare Medical Center,D003,Cardiology,Medical,6,1,16.7,1,0,0,0.0,0,0.0,6.0,140.9,0,1,1,2.0,0.32,3.7,62.8
2024-06-10,H002,CityCare Medical Center,D003,Cardiology,Medical,6,1,16.7,0,0,0,0.0,0,0.0,5.0,112.4,0,1,1,2.0,0.92,,66.1
2024-06-11,H002,CityCare Medical Center,D003,Cardiology,Medical,6,1,16.7,0,0,0,0.0,0,0.0,5.0,120.1,0,1,1,2.0,1.25,,65.7
2024-06-12,H002,CityCare Medical Center,D003,Cardiology,Medical,6,1,16.7,0,0,0,0.0,0,0.0,5.0,106.9,0,1,1,2.0,0.75,,66.3
2024-06-13,H002,CityCare Medical Center,D003,Cardiology,Medical,6,1,16.7,0,0,0,0.0,0,0.0,5.0,112.8,0,2,1,3.0,1.41,,65.5
2024-06-14,H002,CityCare Medical Center,D003,Cardiology,Medical,6,1,16.7,0,0,0,0.0,0,0.0,5.0,108.9,0,1,1,2.0,0.36,,66.8
2024-06-15,H002,CityCare Medical Center,D003,Cardiology,Medical,6,1,16.7,0,1,0,0.0,0,0.0,6.0,131.3,0,2,1,3.0,1.0,3.7,62.0
2024-07-31,H002,CityCare Medical Center,D003,Cardiology,Medical,6,1,16.7,1,0,0,0.0,0,0.0,9.0,226.2,0,1,1,2.0,1.21,2.7,49.8
2024-08-01,H002,CityCare Medical Center,D003,Cardiology,Medical,6,1,16.7,0,0,0,0.0,0,0.0,5.0,102.5,0,1,1,2.0,0.58,,66.5
2024-08-02,H002,CityCare Medical Center,D003,Cardiology,Medical,6,1,16.7,0,0,0,0.0,0,0.0,5.0,110.3,0,2,1,3.0,0.93,,66.1
2024-08-03,H002,CityCare Medical Center,D003,Cardiology,Medical,6,1,16.7,0,0,0,0.0,0,0.0,5.0,110.8,0,1,1,2.0,0.78,,66.3
2024-08-04,H002,CityCare Medical Center,D003,Cardiology,Medical,6,1,16.7,0,0,0,0.0,0,0.0,5.0,109.4,0,2,1,3.0,1.47,,65.5
2024-08-05,H002,CityCare Medical Center,D003,Cardiology,Medical,6,1,16.7,0,0,0,0.0,0,0.0,5.0,108.1,0,1,1,2.0,1.43,,65.5
2024-08-06,H002,CityCare Medical Center,D003,Cardiology,Medical,6,1,16.7,0,0,0,0.0,0,0.0,5.0,120.3,0,1,1,2.0,0.51,,66.6
2024-08-07,H002,CityCare Medical Center,D003,Cardiology,Medical,6,1,16.7,0,0,0,0.0,0,0.0,5.0,122.2,0,1,1,2.0,0.89,,66.1
2024-08-08,H002,CityCare Medical Center,D003,Cardiology,Medical,6,2,33.3,1,0,0,0.0,0,0.0,6.0,142.4,0,2,1,1.5,1.04,3.3,69.9
2024-08-09,H002,CityCare Medical Center,D003,Cardiology,Medical,6,2,33.3,0,1,0,0.0,0,0.0,9.0,211.3,0,1,1,1.0,0.93,2.7,58.1
2024-08-10,H002,CityCare Medical Center,D003,Cardiology,Medical,6,1,16.7,0,0,0,0.0,0,0.0,5.0,123.7,0,1,1,2.0,1.02,,66.0
2024-08-11,H002,CityCare Medical Center,D003,Cardiology,Medical,6,1,16.7,0,0,0,0.0,0,0.0,5.0,108.8,0,1,1,2.0,0.61,,66.5
2024-08-12,H002,CityCare Medical Center,D003,Cardiology,Medical,6,1,16.7,0,0,0,0.0,0,0.0,5.0,105.7,0,1,1,2.0,0.73,,66.3
2024-08-13,H002,CityCare Medical Center,D003,Cardiology,Medical,6,1,16.7,0,0,0,0.0,0,0.0,5.0,122.0,0,1,1,2.0,0.63,,66.5
2024-08-14,H002,CityCare Medical Center,D003,Cardiology,Medical,6,1,16.7,0,1,0,0.0,0,0.0,6.0,149.5,0,1,1,2.0,1.54,3.3,61.4
2024-08-22,H002,CityCare Medical Center,D003,Cardiology,Medical,6,1,16.7,1,0,0,0.0,0,0.0,9.0,222.6,0,2,1,3.0,1.17,4.2,49.8
2024-08-23,H002,CityCare Medical Center,D003,Cardiology,Medical,6,1,16.7,0,0,0,0.0,0,0.0,5.0,107.5,0,1,1,2.0,1.1,,65.9
2024-08-24,H002,CityCare Medical Center,D003,Cardiology,Medical,6,1,16.7,0,0,0,0.0,0,0.0,5.0,117.9,0,1,1,2.0,0.57,,66.5
2024-08-25,H002,CityCare Medical Center,D003,Cardiology,Medical,6,1,16.7,0,0,0,0.0,0,0.0,5.0,108.0,0,1,1,2.0,0.15,,67.0
2024-08-26,H002,CityCare Medical Center,D003,Cardiology,Medical,6,1,16.7,0,0,0,0.0,0,0.0,5.0,103.6,0,1,1,2.0,0.0,,67.2
2024-08-27,H002,CityCare Medical Center,D003,Cardiology,Medical,6,1,16.7,0,0,0,0.0,0,0.0,5.0,124.0,1,1,1,2.0,1.03,,66.0
2024-08-28,H002,CityCare Medical Center,D003,Cardiology,Medical,6,2,33.3,1,0,0,0.0,0,0.0,4.0,86.7,0,1,1,1.0,0.96,3.5,74.0
2024-08-29,H002,CityCare Medical Center,D003,Cardiology,Medical,6,2,33.3,0,0,0,0.0,0,0.0,5.0,116.6,1,1,1,1.0,0.92,,74.1
2024-08-30,H002,CityCare Medical Center,D003,Cardiology,Medical,6,2,33.3,0,0,0,0.0,0,0.0,5.0,114.7,0,2,1,1.5,0.29,,74.8
2024-08-31,H002,CityCare Medical Center,D003,Cardiology,Medical,6,2,33.3,0,1,0,0.0,0,0.0,9.0,195.7,0,1,1,1.0,0.78,4.2,58.2
2024-09-01,H002,CityCare Medical Center,D003,Cardiology,Medical,6,1,16.7,0,1,0,0.0,0,0.0,4.0,85.2,0,1,1,2.0,0.35,3.5,66.8
2024-11-20,H002,CityCare Medical Center,D003,Cardiology,Medical,6,1,16.7,1,0,0,0.0,0,0.0,6.0,132.5,0,1,1,2.0,1.68,4.0,61.2
2024-11-21,H002,CityCare Medical Center,D003,Cardiology,Medical,6,1,16.7,0,0,0,0.0,0,0.0,5.0,123.5,0,2,1,3.0,1.09,,65.9
2024-11-22,H002,CityCare Medical Center,D003,Cardiology,Medical,6,1,16.7,0,0,0,0.0,0,0.0,5.0,124.9,0,1,1,2.0,0.76,,66.3
2024-11-23,H002,CityCare Medical Center,D003,Cardiology,Medical,6,1,16.7,0,0,0,0.0,0,0.0,5.0,108.6,0,1,1,2.0,1.14,,65.8
2024-11-24,H002,CityCare Medical Center,D003,Cardiology,Medical,6,1,16.7,0,0,0,0.0,0,0.0,5.0,112.5,0,1,1,2.0,0.42,,66.7
2024-11-25,H002,CityCare Medical Center,D003,Cardiology,Medical,6,1,16.7,0,0,0,0.0,0,0.0,5.0,124.4,0,1,1,2.0,1.18,,65.8
2024-11-26,H002,CityCare Medical Center,D003,Cardiology,Medical,6,1,16.7,0,1,0,0.0,0,0.0,6.0,125.0,0,1,1,2.0,0.71,4.0,62.4
2025-06-21,H002,CityCare Medical Center,D003,Cardiology,Medical,6,1,16.7,1,0,0,0.0,0,0.0,3.0,65.3,0,1,1,2.0,0.56,5.0,66.5
2025-06-22,H002,CityCare Medical Center,D003,Cardiology,Medical,6,1,16.7,0,0,0,0.0,0,0.0,5.0,120.3,1,1,1,2.0,0.8,,66.3
2025-06-23,H002,CityCare Medical Center,D003,Cardiology,Medical,6,1,16.7,0,0,0,0.0,0,0.0,5.0,124.7,0,1,1,2.0,1.03,,66.0
2025-06-24,H002,CityCare Medical Center,D003,Cardiology,Medical,6,1,16.7,0,1,0,0.0,0,0.0,3.0,71.4,0,1,1,2.0,1.66,5.0,65.2
2020-04-15,H002,CityCare Medical Center,D004,Orthopedics,Surgical,5,1,20.0,1,0,0,0.0,0,0.0,8.0,166.0,0,1,1,2.0,1.07,2.9,52.0
2020-04-16,H002,CityCare Medical Center,D004,Orthopedics,Surgical,5,1,20.0,0,0,0,0.0,0,0.0,4.5,110.2,0,2,1,3.0,0.33,,68.4
2020-04-17,H002,CityCare Medical Center,D004,Orthopedics,Surgical,5,1,20.0,0,0,0,0.0,0,0.0,4.5,91.9,0,1,1,2.0,0.52,,68.2
2020-04-18,H002,CityCare Medical Center,D004,Orthopedics,Surgical,5,1,20.0,0,0,0,0.0,0,0.0,4.5,109.6,0,1,1,2.0,1.07,,67.5
2020-04-19,H002,CityCare Medical Center,D004,Orthopedics,Surgical,5,1,20.0,0,0,0,0.0,0,0.0,4.5,95.0,0,2,1,3.0,0.84,,67.8
2020-04-20,H002,CityCare Medical Center,D004,Orthopedics,Surgical,5,1,20.0,0,0,0,0.0,0,0.0,4.5,95.5,0,1,1,2.0,0.69,,68.0
2020-04-21,H002,CityCare Medical Center,D004,Orthopedics,Surgical,5,1,20.0,0,0,0,0.0,0,0.0,4.5,98.6,0,1,1,2.0,0.52,,68.2
2020-04-22,H002,CityCare Medical Center,D004,Orthopedics,Surgical,5,1,20.0,0,0,0,0.0,0,0.0,4.5,99.6,0,1,1,2.0,0.79,,67.9
2020-04-23,H002,CityCare Medical Center,D004,Orthopedics,Surgical,5,1,20.0,0,1,0,0.0,0,0.0,8.0,180.0,0,1,1,2.0,0.76,2.9,52.3
2020-05-09,H002,CityCare Medical Center,D004,Orthopedics,Surgical,5,1,20.0,1,0,1,100.0,0,0.0,5.0,119.2,0,1,1,2.0,0.67,,45.8
2020-05-10,H002,CityCare Medical Center,D004,Orthopedics,Surgical,5,1,20.0,0,0,0,0.0,0,0.0,4.5,109.7,1,1,1,2.0,0.5,,68.2
2020-05-11,H002,CityCare Medical Center,D004,Orthopedics,Surgical,5,1,20.0,0,0,0,0.0,0,0.0,4.5,111.9,0,1,1,2.0,0.58,,68.1
2020-05-12,H002,CityCare Medical Center,D004,Orthopedics,Surgical,5,1,20.0,0,0,0,0.0,0,0.0,4.5,95.0,0,1,1,2.0,0.62,,68.1
2020-05-13,H002,CityCare Medical Center,D004,Orthopedics,Surgical,5,1,20.0,0,0,0,0.0,0,0.0,4.5,106.4,0,1,1,2.0,0.51,,68.2
2020-05-14,H002,CityCare Medical Center,D004,Orthopedics,Surgical,5,1,20.0,0,1,0,0.0,1,100.0,5.0,119.5,0,1,1,2.0,1.62,,64.6
2020-07-04,H002,CityCare Medical Center,D004,Orthopedics,Surgical,5,1,20.0,1,0,0,0.0,0,0.0,5.0,109.0,0,1,1,2.0,0.61,3.7,65.8
2020-07-05,H002,CityCare Medical Center,D004,Orthopedics,Surgical,5,1,20.0,0,0,0,0.0,0,0.0,4.5,92.6,0,1,1,2.0,0.45,,68.3
2020-07-06,H002,CityCare Medical Center,D004,Orthopedics,Surgical,5,1,20.0,0,0,0,0.0,0,0.0,4.5,98.8,0,1,1,2.0,0.88,,67.7
2020-07-07,H002,CityCare Medical Center,D004,Orthopedics,Surgical,5,1,20.0,0,0,0,0.0,0,0.0,4.5,92.3,0,1,1,2.0,0.73,,67.9
2020-07-08,H002,CityCare Medical Center,D004,Orthopedics,Surgical,5,1,20.0,0,0,0,0.0,0,0.0,4.5,110.4,1,1,1,2.0,0.83,,67.8
2020-07-09,H002,CityCare Medical Center,D004,Orthopedics,Surgical,5,1,20.0,0,1,0,0.0,0,0.0,5.0,119.1,0,1,1,2.0,0.29,3.7,66.2
2021-02-15,H002,CityCare Medical Center,D004,Orthopedics,Surgical,5,1,20.0,1,0,0,0.0,0,0.0,4.0,94.9,0,1,1,2.0,0.23,4.7,68.5
2021-02-16,H002,CityCare Medical Center,D004,Orthopedics,Surgical,5,1,20.0,0,0,0,0.0,0,0.0,4.5,103.8,0,2,1,3.0,0.91,,67.7
2021-02-17,H002,CityCare Medical Center,D004,Orthopedics,Surgical,5,1,20.0,0,0,0,0.0,0,0.0,4.5,100.5,0,1,1,2.0,0.35,,68.4
2021-02-18,H002,CityCare Medical Center,D004,Orthopedics,Surgical,5,1,20.0,0,0,0,0.0,0,0.0,4.5,103.7,0,1,1,2.0,0.73,,67.9
2021-02-19,H002,CityCare Medical Center,D004,Orthopedics,Surgical,5,1,20.0,0,1,0,0.0,0,0.0,4.0,85.8,0,2,1,3.0,0.45,4.7,68.3
2022-04-02,H002,CityCare Medical Center,D004,Orthopedics,Surgical,5,1,20.0,1,0,0,0.0,0,0.0,8.0,183.0,0,1,1,2.0,0.61,4.4,52.5
2022-04-03,H002,CityCare Medical Center,D004,Orthopedics,Surgical,5,1,20.0,0,0,0,0.0,0,0.0,4.5,109.8,0,1,1,2.0,0.97,,67.6
2022-04-04,H002,CityCare Medical Center,D004,Orthopedics,Surgical,5,1,20.0,0,0,0,0.0,0,0.0,4.5,111.9,1,1,1,2.0,0.73,,67.9
2022-04-05,H002,CityCare Medical Center,D004,Orthopedics,Surgical,5,1,20.0,0,0,0,0.0,0,0.0,4.5,101.7,0,1,1,2.0,0.36,,68.4
2022-04-06,H002,CityCare Medical Center,D004,Orthopedics,Surgical,5,1,20.0,0,0,0,0.0,0,0.0,4.5,96.1,0,1,1,2.0,0.7,,68.0
2022-04-07,H002,CityCare Medical Center,D004,Orthopedics,Surgical,5,1,20.0,0,0,0,0.0,0,0.0,4.5,104.0,0,1,1,2.0,0.15,,68.6
2022-04-08,H002,CityCare Medical Center,D004,Orthopedics,Surgical,5,1,20.0,0,0,0,0.0,0,0.0,4.5,106.0,0,1,1,2.0,1.44,,67.1
2022-04-09,H002,CityCare Medical Center,D004,Orthopedics,Surgical,5,1,20.0,0,0,0,0.0,0,0.0,4.5,98.2,0,1,1,2.0,0.5,,68.2
2022-04-10,H002,CityCare Medical Center,D004,Orthopedics,Surgical,5,1,20.0,0,1,0,0.0,0,0.0,8.0,182.8,0,2,1,3.0,0.37,4.4,52.8
2022-04-20,H002,CityCare Medical Center,D004,Orthopedics,Surgical,5,1,20.0,1,0,1,100.0,0,0.0,5.0,119.9,1,2,1,3.0,0.13,3.6,46.4
2022-04-21,H002,CityCare Medical Center,D004,Orthopedics,Surgical,5,1,20.0,0,0,0,0.0,0,0.0,4.5,109.8,0,1,1,2.0,0.28,,68.5
2022-04-22,H002,CityCare Medical Center,D004,Orthopedics,Surgical,5,1,20.0,0,0,0,0.0,0,0.0,4.5,106.5,0,1,1,2.0,0.21,,68.5
2022-04-23,H002,CityCare Medical Center,D004,Orthopedics,Surgical,5,1,20.0,0,0,0,0.0,0,0.0,4.5,101.1,0,1,1,2.0,0.76,,67.9
2022-04-24,H002,CityCare Medical Center,D004,Orthopedics,Surgical,5,1,20.0,0,0,0,0.0,0,0.0,4.5,97.4,0,2,1,3.0,0.56,,68.1
2022-04-25,H002,CityCare Medical Center,D004,Orthopedics,Surgical,5,1,20.0,0,1,0,0.0,0,0.0,5.0,108.2,0,1,1,2.0,0.95,3.6,65.4
2022-11-10,H002,CityCare Medical Center,D004,Orthopedics,Surgical,5,1,20.0,1,0,0,0.0,0,0.0,5.0,110.9,0,1,1,2.0,0.8,5.0,65.6
2022-11-11,H002,CityCare Medical Center,D004,Orthopedics,Surgical,5,1,20.0,0,0,0,0.0,0,0.0,4.5,109.3,0,1,1,2.0,0.61,,68.1
2022-11-12,H002,CityCare Medical Center,D004,Orthopedics,Surgical,5,1,20.0,0,0,0,0.0,0,0.0,4.5,97.1,0,1,1,2.0,1.5,,67.0
2022-11-13,H002,CityCare Medical Center,D004,Orthopedics,Surgical,5,1,20.0,0,0,0,0.0,0,0.0,4.5,111.2,0,2,1,3.0,0.2,,68.6
2022-11-14,H002,CityCare Medical Center,D004,Orthopedics,Surgical,5,1,20.0,0,0,0,0.0,0,0.0,4.5,108.3,0,1,1,2.0,0.53,,68.2
2022-11-15,H002,CityCare Medical Center,D004,Orthopedics,Surgical,5,1,20.0,0,1,0,0.0,0,0.0,5.0,112.7,0,1,1,2.0,1.27,5.0,65.1
2023-05-08,H002,CityCare Medical Center,D004,Orthopedics,Surgical,5,1,20.0,1,0,0,0.0,0,0.0,6.0,127.7,0,1,1,2.0,0.63,4.7,61.4
2023-05-09,H002,CityCare Medical Center,D004,Orthopedics,Surgical,5,1,20.0,0,0,0,0.0,0,0.0,4.5,96.8,0,2,1,3.0,0.53,,68.2
2023-05-10,H002,CityCare Medical Center,D004,Orthopedics,Surgical,5,1,20.0,0,0,0,0.0,0,0.0,4.5,95.6,0,1,1,2.0,0.53,,68.2
2023-05-11,H002,CityCare Medical Center,D004,Orthopedics,Surgical,5,1,20.0,0,0,0,0.0,0,0.0,4.5,97.6,0,1,1,2.0,0.0,,68.8
2023-05-12,H002,CityCare Medical Center,D004,Orthopedics,Surgical,5,1,20.0,0,0,0,0.0,0,0.0,4.5,110.9,0,1,1,2.0,0.6,,68.1
2023-05-13,H002,CityCare Medical Center,D004,Orthopedics,Surgical,5,1,20.0,0,0,0,0.0,0,0.0,4.5,92.6,0,1,1,2.0,0.57,,68.1
2023-05-14,H002,CityCare Medical Center,D004,Orthopedics,Surgical,5,1,20.0,0,1,0,0.0,0,0.0,6.0,135.6,0,1,1,2.0,0.82,4.7,61.1
2023-07-03,H002,CityCare Medical Center,D004,Orthopedics,Surgical,5,1,20.0,1,0,0,0.0,0,0.0,6.0,149.3,0,1,1,2.0,0.88,3.1,61.1
2023-07-04,H002,CityCare Medical Center,D004,Orthopedics,Surgical,5,1,20.0,0,0,0,0.0,0,0.0,4.5,106.7,0,2,1,3.0,1.12,,67.5
2023-07-05,H002,CityCare Medical Center,D004,Orthopedics,Surgical,5,1,20.0,0,0,0,0.0,0,0.0,4.5,97.5,0,1,1,2.0,0.47,,68.2
2023-07-06,H002,CityCare Medical Center,D004,Orthopedics,Surgical,5,1,20.0,0,0,0,0.0,0,0.0,4.5,112.0,0,1,1,2.0,0.86,,67.8
2023-07-07,H002,CityCare Medical Center,D004,Orthopedics,Surgical,5,1,20.0,0,0,0,0.0,0,0.0,4.5,99.0,0,1,1,2.0,0.66,,68.0
2023-07-08,H002,CityCare Medical Center,D004,Orthopedics,Surgical,5,1,20.0,0,0,0,0.0,0,0.0,4.5,101.2,0,1,1,2.0,0.76,,67.9
2023-07-09,H002,CityCare Medical Center,D004,Orthopedics,Surgical,5,1,20.0,0,1,0,0.0,0,0.0,6.0,128.9,0,2,1,3.0,0.8,3.1,61.2
2024-04-24,H002,CityCare Medical Center,D004,Orthopedics,Surgical,5,1,20.0,1,0,0,0.0,0,0.0,5.0,115.8,0,2,1,3.0,0.86,2.9,65.5
2024-04-25,H002,CityCare Medical Center,D004,Orthopedics,Surgical,5,1,20.0,0,0,0,0.0,0,0.0,4.5,111.1,1,1,1,2.0,1.17,,67.4
2024-04-26,H002,CityCare Medical Center,D004,Orthopedics,Surgical,5,1,20.0,0,0,0,0.0,0,0.0,4.5,109.8,0,1,1,2.0,1.15,,67.4
2024-04-27,H002,CityCare Medical Center,D004,Orthopedics,Surgical,5,1,20.0,0,0,0,0.0,0,0.0,4.5,106.0,0,1,1,2.0,0.45,,68.3
2024-04-28,H002,CityCare Medical Center,D004,Orthopedics,Surgical,5,1,20.0,0,0,0,0.0,0,0.0,4.5,110.0,0,1,1,2.0,0.81,,67.8
2024-04-29,H002,CityCare Medical Center,D004,Orthopedics,Surgical,5,1,20.0,0,1,0,0.0,0,0.0,5.0,108.0,0,1,1,2.0,0.31,2.9,66.2
2025-07-12,H002,CityCare Medical Center,D004,Orthopedics,Surgical,5,1,20.0,1,0,0,0.0,0,0.0,3.0,61.6,0,1,1,2.0,1.07,5.0,67.5
2025-07-13,H002,CityCare Medical Center,D004,Orthopedics,Surgical,5,1,20.0,0,0,0,0.0,0,0.0,4.5,106.8,0,1,1,2.0,0.63,,68.0
2025-07-14,H002,CityCare Medical Center,D004,Orthopedics,Surgical,5,1,20.0,0,0,0,0.0,0,0.0,4.5,93.8,1,1,1,2.0,1.39,,67.1
2025-07-15,H002,CityCare Medical Center,D004,Orthopedics,Surgical,5,1,20.0,0,1,0,0.0,0,0.0,3.0,64.6,0,1,1,2.0,0.82,5.0,67.8
2020-03-25,H002,CityCare Medical Center,D005,Pediatrics,Medical,5,1,20.0,1,0,0,0.0,0,0.0,1.0,23.7,0,1,1,2.0,0.4,4.3,68.3
2020-03-26,H002,CityCare Medical Center,D005,Pediatrics,Medical,5,1,20.0,0,1,0,0.0,0,0.0,1.0,23.3,1,1,1,2.0,0.25,4.3,68.5
2021-02-11,H002,CityCare Medical Center,D005,Pediatrics,Medical,5,1,20.0,1,0,0,0.0,0,0.0,3.0,66.5,0,1,1,2.0,0.24,4.7,65.4
2021-02-12,H002,CityCare Medical Center,D005,Pediatrics,Medical,5,1,20.0,0,0,0,0.0,0,0.0,2.6,54.0,1,1,1,2.0,0.59,,68.1
2021-02-13,H002,CityCare Medical Center,D005,Pediatrics,Medical,5,1,20.0,0,0,0,0.0,0,0.0,2.6,60.0,0,1,1,2.0,0.45,,68.3
2021-02-14,H002,CityCare Medical Center,D005,Pediatrics,Medical,5,1,20.0,0,1,0,0.0,0,0.0,3.0,72.2,0,1,1,2.0,0.48,4.7,65.1
2021-02-24,H002,CityCare Medical Center,D005,Pediatrics,Medical,5,1,20.0,1,0,0,0.0,0,0.0,3.0,65.7,0,1,1,2.0,0.53,4.0,65.1
2021-02-25,H002,CityCare Medical Center,D005,Pediatrics,Medical,5,1,20.0,0,0,0,0.0,0,0.0,2.6,64.6,1,1,1,2.0,0.47,,68.2
2021-02-26,H002,CityCare Medical Center,D005,Pediatrics,Medical,5,1,20.0,0,0,0,0.0,0,0.0,2.6,63.5,0,1,1,2.0,0.04,,68.8
2021-02-27,H002,CityCare Medical Center,D005,Pediatrics,Medical,5,1,20.0,0,1,0,0.0,0,0.0,3.0,74.0,0,1,1,2.0,0.32,4.0,65.3
2021-04-30,H002,CityCare Medical Center,D005,Pediatrics,Medical,5,1,20.0,1,0,0,0.0,0,0.0,3.0,65.0,0,1,1,2.0,0.37,4.7,65.3
2021-05-01,H002,CityCare Medical Center,D005,Pediatrics,Medical,5,1,20.0,0,0,0,0.0,0,0.0,2.6,56.1,0,2,1,3.0,0.36,,68.4
2021-05-02,H002,CityCare Medical Center,D005,Pediatrics,Medical,5,1,20.0,0,0,0,0.0,0,0.0,2.6,58.1,0,1,1,2.0,0.33,,68.4
2021-05-03,H002,CityCare Medical Center,D005,Pediatrics,Medical,5,1,20.0,0,1,0,0.0,0,0.0,3.0,74.3,0,2,1,3.0,0.4,4.7,65.2
2021-08-09,H002,CityCare Medical Center,D005,Pediatrics,Medical,5,1,20.0,1,1,0,0.0,0,0.0,0.8,19.8,1,1,1,2.0,0.56,3.9,68.1
2021-08-31,H002,CityCare Medical Center,D005,Pediatrics,Medical,5,1,20.0,1,0,0,0.0,0,0.0,3.0,73.9,0,1,1,2.0,0.27,4.4,65.4
2021-09-01,H002,CityCare Medical Center,D005,Pediatrics,Medical,5,1,20.0,0,0,0,0.0,0,0.0,2.6,57.1,0,2,1,3.0,0.25,,68.5
2021-09-02,H002,CityCare Medical Center,D005,Pediatrics,Medical,5,1,20.0,0,0,0,0.0,0,0.0,2.6,58.8,0,1,1,2.0,0.56,,68.1
2021-09-03,H002,CityCare Medical Center,D005,Pediatrics,Medical,5,1,20.0,0,1,0,0.0,0,0.0,3.0,73.7,0,1,1,2.0,0.29,4.4,65.4
2021-09-04,H002,CityCare Medical Center,D005,Pediatrics,Medical,5,0,0.0,0,0,0,0.0,0,0.0,2.6,54.6,0,1,1,0.0,0.19,,59.8
2021-09-05,H002,CityCare Medical Center,D005,Pediatrics,Medical,5,1,20.0,1,0,0,0.0,0,0.0,1.0,24.9,0,1,1,2.0,0.43,4.9,68.3
2021-09-06,H002,CityCare Medical Center,D005,Pediatrics,Medical,5,1,20.0,0,1,0,0.0,0,0.0,1.0,21.5,0,1,1,2.0,0.25,4.9,68.5
2021-09-07,H002,CityCare Medical Center,D005,Pediatrics,Medical,5,0,0.0,0,0,0,0.0,0,0.0,2.6,65.1,0,1,1,0.0,0.33,,59.6
2021-09-22,H002,CityCare Medical Center,D005,Pediatrics,Medical,5,1,20.0,1,0,0,0.0,0,0.0,3.0,73.0,0,1,1,2.0,0.41,4.0,65.2
2021-09-23,H002,CityCare Medical Center,D005,Pediatrics,Medical,5,1,20.0,0,0,0,0.0,0,0.0,2.6,62.1,1,1,1,2.0,0.04,,68.8
2021-09-24,H002,CityCare Medical Center,D005,Pediatrics,Medical,5,1,20.0,0,0,0,0.0,0,0.0,2.6,61.8,0,1,1,2.0,0.28,,68.5
2021-09-25,H002,CityCare Medical Center,D005,Pediatrics,Medical,5,1,20.0,0,1,0,0.0,0,0.0,3.0,65.0,0,1,1,2.0,0.47,4.0,65.2
2024-02-27,H002,CityCare Medical Center,D005,Pediatrics,Medical,5,0,0.0,0,0,0,0.0,0,0.0,2.6,64.1,0,1,1,0.0,0.29,,59.7
2024-02-28,H002,CityCare Medical Center,D005,Pediatrics,Medical,5,1,20.0,1,0,0,0.0,0,0.0,3.0,75.5,0,1,1,2.0,0.16,4.9,65.5
2024-02-29,H002,CityCare Medical Center,D005,Pediatrics,Medical,5,1,20.0,0,0,0,0.0,0,0.0,2.6,59.3,0,1,1,2.0,0.4,,68.3
2024-03-01,H002,CityCare Medical Center,D005,Pediatrics,Medical,5,1,20.0,0,0,0,0.0,0,0.0,2.6,55.9,0,2,1,3.0,0.41,,68.3
2024-03-02,H002,CityCare Medical Center,D005,Pediatrics,Medical,5,1,20.0,0,1,0,0.0,0,0.0,3.0,66.7,0,1,1,2.0,0.2,4.9,65.5
2024-03-25,H002,CityCare Medical Center,D005,Pediatrics,Medical,5,1,20.0,1,0,0,0.0,0,0.0,2.0,45.6,0,1,1,2.0,0.72,3.7,67.9
2024-03-26,H002,CityCare Medical Center,D005,Pediatrics,Medical,5,1,20.0,0,0,0,0.0,0,0.0,2.6,59.8,0,1,1,2.0,0.16,,68.6
2024-03-27,H002,CityCare Medical Center,D005,Pediatrics,Medical,5,1,20.0,0,1,0,0.0,0,0.0,2.0,45.8,0,1,1,2.0,0.25,3.7,68.5
2024-09-20,H002,CityCare Medical Center,D005,Pediatrics,Medical,5,1,20.0,1,0,0,0.0,0,0.0,1.0,21.3,0,1,1,2.0,0.49,2.8,68.2
2024-09-21,H002,CityCare Medical Center,D005,Pediatrics,Medical,5,1,20.0,0,1,0,0.0,0,0.0,1.0,22.6,1,1,1,2.0,0.23,,68.5
2024-10-26,H002,CityCare Medical Center,D005,Pediatrics,Medical,5,0,0.0,0,0,0,0.0,0,0.0,2.6,59.4,0,1,1,0.0,0.56,,59.3
2024-10-27,H002,CityCare Medical Center,D005,Pediatrics,Medical,5,1,20.0,1,0,0,0.0,0,0.0,3.0,74.7,0,2,1,3.0,0.38,4.5,65.3
2024-10-28,H002,CityCare Medical Center,D005,Pediatrics,Medical,5,1,20.0,0,0,0,0.0,0,0.0,2.6,56.1,0,1,1,2.0,0.28,,68.5
2024-10-29,H002,CityCare Medical Center,D005,Pediatrics,Medical,5,1,20.0,0,0,0,0.0,0,0.0,2.6,53.2,0,1,1,2.0,0.39,,68.3
2024-10-30,H002,CityCare Medical Center,D005,Pediatrics,Medical,5,1,20.0,0,1,0,0.0,0,0.0,3.0,69.0,0,1,1,2.0,0.45,4.5,65.2
2024-12-03,H002,CityCare Medical Center,D005,Pediatrics,Medical,5,1,20.0,1,0,0,0.0,0,0.0,4.0,94.3,0,1,1,2.0,0.34,4.0,57.6
2024-12-04,H002,CityCare Medical Center,D005,Pediatrics,Medical,5,1,20.0,0,0,0,0.0,0,0.0,2.6,64.3,0,1,1,2.0,0.43,,68.3
2024-12-05,H002,CityCare Medical Center,D005,Pediatrics,Medical,5,1,20.0,0,0,0,0.0,0,0.0,2.6,55.1,1,2,1,3.0,0.36,,68.4
2024-12-06,H002,CityCare Medical Center,D005,Pediatrics,Medical,5,1,20.0,0,0,0,0.0,0,0.0,2.6,64.5,0,1,1,2.0,0.38,,68.3
2024-12-07,H002,CityCare Medical Center,D005,Pediatrics,Medical,5,1,20.0,0,1,0,0.0,0,0.0,4.0,82.6,0,1,1,2.0,0.01,4.0,58.0
2024-12-21,H002,CityCare Medical Center,D005,Pediatrics,Medical,5,1,20.0,1,0,0,0.0,0,0.0,3.0,67.6,0,1,1,2.0,0.23,4.4,65.4
2024-12-22,H002,CityCare Medical Center,D005,Pediatrics,Medical,5,1,20.0,0,0,0,0.0,0,0.0,2.6,59.1,0,1,1,2.0,0.12,,68.7
2024-12-23,H002,CityCare Medical Center,D005,Pediatrics,Medical,5,1,20.0,0,0,0,0.0,0,0.0,2.6,65.1,1,1,1,2.0,0.45,,68.3
2024-12-24,H002,CityCare Medical Center,D005,Pediatrics,Medical,5,1,20.0,0,1,0,0.0,0,0.0,3.0,65.5,0,1,1,2.0,0.27,4.4,65.4
2020-06-11,H002,CityCare Medical Center,D006,Neurology,Medical,5,0,0.0,0,0,0,0.0,0,0.0,5.5,116.9,0,1,1,0.0,0.77,,59.1
2020-06-12,H002,CityCare Medical Center,D006,Neurology,Medical,5,1,20.0,1,0,0,0.0,0,0.0,5.0,124.2,0,1,1,2.0,0.9,,67.7
2020-06-13,H002,CityCare Medical Center,D006,Neurology,Medical,5,1,20.0,0,0,0,0.0,0,0.0,5.5,130.7,0,1,1,2.0,1.15,,67.4
2020-06-14,H002,CityCare Medical Center,D006,Neurology,Medical,5,1,20.0,0,0,0,0.0,0,0.0,5.5,113.6,0,1,1,2.0,0.33,,68.4
2020-06-15,H002,CityCare Medical Center,D006,Neurology,Medical,5,1,20.0,0,0,0,0.0,0,0.0,5.5,138.6,0,2,1,3.0,0.04,,68.8
2020-06-16,H002,CityCare Medical Center,D006,Neurology,Medical,5,1,20.0,0,0,0,0.0,0,0.0,5.5,116.2,0,1,1,2.0,0.84,,67.8
2020-06-17,H002,CityCare Medical Center,D006,Neurology,Medical,5,1,20.0,0,1,0,0.0,1,100.0,5.0,120.2,0,1,1,2.0,1.07,,67.5
2020-09-03,H002,CityCare Medical Center,D006,Neurology,Medical,5,1,20.0,1,0,0,0.0,0,0.0,4.0,93.8,0,2,1,3.0,0.74,4.3,67.9
2020-09-04,H002,CityCare Medical Center,D006,Neurology,Medical,5,1,20.0,0,0,0,0.0,0,0.0,5.5,121.7,0,1,1,2.0,0.58,,68.1
2020-09-05,H002,CityCare Medical Center,D006,Neurology,Medical,5,1,20.0,0,0,0,0.0,0,0.0,5.5,125.7,0,1,1,2.0,0.99,,67.6
2020-09-06,H002,CityCare Medical Center,D006,Neurology,Medical,5,1,20.0,0,0,0,0.0,0,0.0,5.5,137.2,1,1,1,2.0,1.15,,67.4
2020-09-07,H002,CityCare Medical Center,D006,Neurology,Medical,5,1,20.0,0,1,0,0.0,0,0.0,4.0,84.2,0,2,1,3.0,1.18,4.3,67.4
2020-10-07,H002,CityCare Medical Center,D006,Neurology,Medical,5,1,20.0,1,0,0,0.0,0,0.0,9.0,196.6,0,1,1,2.0,0.77,2.4,55.1
2020-10-08,H002,CityCare Medical Center,D006,Neurology,Medical,5,1,20.0,0,0,0,0.0,0,0.0,5.5,123.0,0,2,1,3.0,0.13,,68.6
2020-10-09,H002,CityCare Medical Center,D006,Neurology,Medical,5,1,20.0,0,0,0,0.0,0,0.0,5.5,116.0,0,1,1,2.0,2.03,,66.4
2020-10-10,H002,CityCare Medical Center,D006,Neurology,Medical,5,1,20.0,0,0,0,0.0,0,0.0,5.5,127.0,0,1,1,2.0,1.34,,67.2
2020-10-11,H002,CityCare Medical Center,D006,Neurology,Medical,5,1,20.0,0,0,0,0.0,0,0.0,5.5,120.6,0,1,1,2.0,0.53,,68.2
2020-10-12,H002,CityCare Medical Center,D006,Neurology,Medical,5,1,20.0,0,0,0,0.0,0,0.0,5.5,115.8,0,1,1,2.0,1.19,,67.4
2020-10-13,H002,CityCare Medical Center,D006,Neurology,Medical,5,1,20.0,0,0,0,0.0,0,0.0,5.5,129.2,0,1,1,2.0,0.46,,68.2
2020-10-14,H002,CityCare Medical Center,D006,Neurology,Medical,5,1,20.0,0,0,0,0.0,0,0.0,5.5,118.6,0,2,1,3.0,0.99,,67.6
2020-10-15,H002,CityCare Medical Center,D006,Neurology,Medical,5,1,20.0,0,0,0,0.0,0,0.0,5.5,114.1,0,1,1,2.0,0.89,,67.7
2020-10-16,H002,CityCare Medical Center,D006,Neurology,Medical,5,1,20.0,0,1,0,0.0,0,0.0,9.0,187.5,0,2,1,3.0,1.05,2.4,54.8
2020-10-28,H002,CityCare Medical Center,D006,Neurology,Medical,5,1,20.0,1,1,0,0.0,0,0.0,0.7,15.4,1,1,1,2.0,0.37,4.4,68.4
2021-08-19,H002,CityCare Medical Center,D006,Neurology,Medical,5,1,20.0,1,1,0,0.0,0,0.0,0.4,8.9,1,1,1,2.0,0.8,4.0,67.8
2022-09-07,H002,CityCare Medical Center,D006,Neurology,Medical,5,1,20.0,1,0,0,0.0,0,0.0,3.0,72.8,0,1,1,2.0,0.39,4.2,68.3
2022-09-08,H002,CityCare Medical Center,D006,Neurology,Medical,5,1,20.0,0,0,0,0.0,0,0.0,5.5,133.3,0,1,1,2.0,0.65,,68.0
2022-09-09,H002,CityCare Medical Center,D006,Neurology,Medical,5,1,20.0,0,0,0,0.0,0,0.0,5.5,121.9,0,1,1,2.0,0.59,,68.1
2022-09-10,H002,CityCare Medical Center,D006,Neurology,Medical,5,1,20.0,0,1,0,0.0,0,0.0,3.0,69.5,0,2,1,3.0,1.33,4.2,67.2
2023-04-11,H002,CityCare Medical Center,D006,Neurology,Medical,5,1,20.0,1,0,0,0.0,0,0.0,2.0,42.5,0,1,1,2.0,1.34,5.0,67.2
2023-04-12,H002,CityCare Medical Center,D006,Neurology,Medical,5,1,20.0,0,0,0,0.0,0,0.0,5.5,135.1,0,2,1,3.0,1.32,,67.2
2023-04-13,H002,CityCare Medical Center,D006,Neurology,Medical,5,1,20.0,0,1,0,0.0,0,0.0,2.0,41.7,0,1,1,2.0,1.03,5.0,67.6
2023-05-30,H002,CityCare Medical Center,D006,Neurology,Medical,5,1,20.0,1,0,0,0.0,0,0.0,2.0,42.4,0,1,1,2.0,1.37,4.1,67.2
2023-05-31,H002,CityCare Medical Center,D006,Neurology,Medical,5,1,20.0,0,0,0,0.0,0,0.0,5.5,114.5,1,1,1,2.0,1.24,,67.3
2023-06-01,H002,CityCare Medical Center,D006,Neurology,Medical,5,1,20.0,0,1,0,0.0,0,0.0,2.0,46.7,0,1,1,2.0,0.0,4.1,68.8
2023-08-31,H002,CityCare Medical Center,D006,Neurology,Medical,5,1,20.0,1,0,0,0.0,0,0.0,4.0,85.7,0,1,1,2.0,0.8,3.2,67.8
2023-09-01,H002,CityCare Medical Center,D006,Neurology,Medical,5,1,20.0,0,0,0,0.0,0,0.0,5.5,138.1,0,1,1,2.0,1.29,,67.3
2023-09-02,H002,CityCare Medical Center,D006,Neurology,Medical,5,1,20.0,0,0,0,0.0,0,0.0,5.5,129.0,0,1,1,2.0,0.83,,67.8
2023-09-03,H002,CityCare Medical Center,D006,Neurology,Medical,5,1,20.0,0,0,0,0.0,0,0.0,5.5,127.8,0,1,1,2.0,0.51,,68.2
2023-09-04,H002,CityCare Medical Center,D006,Neurology,Medical,5,1,20.0,0,1,0,0.0,0,0.0,4.0,88.6,0,2,1,3.0,0.9,3.2,67.7
2024-05-04,H002,CityCare Medical Center,D006,Neurology,Medical,5,1,20.0,1,0,0,0.0,0,0.0,8.0,192.5,0,1,1,2.0,1.3,4.4,58.1
2024-05-05,H002,CityCare Medical Center,D006,Neurology,Medical,5,1,20.0,0,0,0,0.0,0,0.0,5.5,127.2,0,2,1,3.0,0.78,,67.9
2024-05-06,H002,CityCare Medical Center,D006,Neurology,Medical,5,1,20.0,0,0,0,0.0,0,0.0,5.5,116.0,0,1,1,2.0,1.0,,67.6
2024-05-07,H002,CityCare Medical Center,D006,Neurology,Medical,5,1,20.0,0,0,0,0.0,0,0.0,5.5,120.6,0,2,1,3.0,0.54,,68.2
2024-05-08,H002,CityCare Medical Center,D006,Neurology,Medical,5,1,20.0,0,0,0,0.0,0,0.0,5.5,131.3,0,1,1,2.0,0.71,,67.9
2024-05-09,H002,CityCare Medical Center,D006,Neurology,Medical,5,1,20.0,0,0,0,0.0,0,0.0,5.5,123.9,0,1,1,2.0,0.4,,68.3
2024-05-10,H002,CityCare Medical Center,D006,Neurology,Medical,5,1,20.0,0,0,0,0.0,0,0.0,5.5,122.1,0,1,1,2.0,0.0,,68.8
2024-05-11,H002,CityCare Medical Center,D006,Neurology,Medical,5,1,20.0,0,0,0,0.0,0,0.0,5.5,133.6,0,1,1,2.0,0.32,,68.4
2024-05-12,H002,CityCare Medical Center,D006,Neurology,Medical,5,1,20.0,0,1,0,0.0,0,0.0,8.0,173.9,0,2,1,3.0,1.15,4.4,58.3
2024-08-09,H002,CityCare Medical Center,D006,Neurology,Medical,5,1,20.0,1,0,0,0.0,0,0.0,3.0,69.5,0,1,1,2.0,0.88,5.0,67.7
2024-08-10,H002,CityCare Medical Center,D006,Neurology,Medical,5,1,20.0,0,0,0,0.0,0,0.0,5.5,126.6,0,1,1,2.0,1.76,,66.7
2024-08-11,H002,CityCare Medical Center,D006,Neurology,Medical,5,1,20.0,0,0,0,0.0,0,0.0,5.5,117.3,0,2,1,3.0,0.54,,68.2
2024-08-12,H002,CityCare Medical Center,D006,Neurology,Medical,5,1,20.0,0,1,0,0.0,0,0.0,3.0,61.7,1,1,1,2.0,0.78,5.0,67.9
2024-08-13,H002,CityCare Medical Center,D006,Neurology,Medical,5,0,0.0,0,0,0,0.0,0,0.0,5.5,125.6,0,1,1,0.0,0.63,,59.2
2024-12-20,H002,CityCare Medical Center,D006,Neurology,Medical,5,1,20.0,1,0,0,0.0,0,0.0,3.0,67.8,0,1,1,2.0,0.62,4.9,68.1
2024-12-21,H002,CityCare Medical Center,D006,Neurology,Medical,5,1,20.0,0,0,0,0.0,0,0.0,5.5,129.2,1,1,1,2.0,0.51,,68.2
2024-12-22,H002,CityCare Medical Center,D006,Neurology,Medical,5,1,20.0,0,0,0,0.0,0,0.0,5.5,119.4,0,2,1,3.0,0.74,,67.9
2024-12-23,H002,CityCare Medical Center,D006,Neurology,Medical,5,1,20.0,0,1,0,0.0,0,0.0,3.0,71.4,0,1,1,2.0,0.83,4.9,67.8
2025-02-05,H002,CityCare Medical Center,D006,Neurology,Medical,5,1,20.0,1,0,0,0.0,0,0.0,6.0,148.9,0,2,1,3.0,0.6,3.8,66.3
2025-02-06,H002,CityCare Medical Center,D006,Neurology,Medical,5,1,20.0,0,0,0,0.0,0,0.0,5.5,124.3,0,2,1,3.0,0.78,,67.9
2025-02-07,H002,CityCare Medical Center,D006,Neurology,Medical,5,1,20.0,0,0,0,0.0,0,0.0,5.5,118.5,0,1,1,2.0,0.51,,68.2
2025-02-08,H002,CityCare Medical Center,D006,Neurology,Medical,5,2,40.0,1,0,0,0.0,0,0.0,10.0,231.9,0,1,1,1.0,1.32,3.9,60.5
2025-02-09,H002,CityCare Medical Center,D006,Neurology,Medical,5,2,40.0,0,0,0,0.0,0,0.0,5.5,129.7,0,1,1,1.0,0.81,,77.4
2025-02-10,H002,CityCare Medical Center,D006,Neurology,Medical,5,2,40.0,0,0,0,0.0,0,0.0,5.5,136.3,0,1,1,1.0,1.09,,77.1
2025-02-11,H002,CityCare Medical Center,D006,Neurology,Medical,5,2,40.0,0,1,0,0.0,0,0.0,6.0,150.3,0,2,1,1.5,1.02,3.8,75.4
2025-02-12,H002,CityCare Medical Center,D006,Neurology,Medical,5,1,20.0,0,0,0,0.0,0,0.0,5.5,126.2,0,1,1,2.0,1.67,,66.8
2025-02-13,H002,CityCare Medical Center,D006,Neurology,Medical,5,1,20.0,0,0,0,0.0,0,0.0,5.5,126.9,1,1,1,2.0,0.53,,68.2
2025-02-14,H002,CityCare Medical Center,D006,Neurology,Medical,5,1,20.0,0,0,0,0.0,0,0.0,5.5,127.1,0,1,1,2.0,1.13,,67.4
2025-02-15,H002,CityCare Medical Center,D006,Neurology,Medical,5,1,20.0,0,0,0,0.0,0,0.0,5.5,138.4,0,1,1,2.0,1.23,,67.3
2025-02-16,H002,CityCare Medical Center,D006,Neurology,Medical,5,1,20.0,0,0,0,0.0,0,0.0,5.5,120.9,0,1,1,2.0,1.09,,67.5
2025-02-17,H002,CityCare Medical Center,D006,Neurology,Medical,5,1,20.0,0,0,0,0.0,0,0.0,5.5,117.6,0,2,1,3.0,0.94,,67.7
2025-02-18,H002,CityCare Medical Center,D006,Neurology,Medical,5,1,20.0,0,1,0,0.0,0,0.0,10.0,246.7,0,1,1,2.0,1.08,3.9,51.1
2020-04-28,H002,CityCare Medical Center,D007,Oncology,Medical,5,1,20.0,1,0,0,0.0,0,0.0,9.0,224.9,0,2,1,3.0,0.44,3.4,64.3
2020-04-29,H002,CityCare Medical Center,D007,Oncology,Medical,5,1,20.0,0,0,0,0.0,0,0.0,7.5,159.7,0,2,1,3.0,0.81,,67.8
2020-04-30,H002,CityCare Medical Center,D007,Oncology,Medical,5,1,20.0,0,0,0,0.0,0,0.0,7.5,176.6,0,1,1,2.0,0.9,,67.7
2020-05-01,H002,CityCare Medical Center,D007,Oncology,Medical,5,1,20.0,0,0,0,0.0,0,0.0,7.5,164.5,0,2,1,3.0,0.57,,68.1
2020-05-02,H002,CityCare Medical Center,D007,Oncology,Medical,5,1,20.0,0,0,0,0.0,0,0.0,7.5,155.8,0,1,1,2.0,1.35,,67.2
2020-05-03,H002,CityCare Medical Center,D007,Oncology,Medical,5,1,20.0,0,0,0,0.0,0,0.0,7.5,161.4,0,1,1,2.0,1.5,,67.0
2020-05-04,H002,CityCare Medical Center,D007,Oncology,Medical,5,1,20.0,0,0,0,0.0,0,0.0,7.5,159.6,0,1,1,2.0,0.73,,67.9
2020-05-05,H002,CityCare Medical Center,D007,Oncology,Medical,5,1,20.0,0,0,0,0.0,0,0.0,7.5,170.3,0,1,1,2.0,0.97,,67.6
2020-05-06,H002,CityCare Medical Center,D007,Oncology,Medical,5,1,20.0,0,0,0,0.0,0,0.0,7.5,156.1,0,1,1,2.0,1.74,,66.7
2020-05-07,H002,CityCare Medical Center,D007,Oncology,Medical,5,1,20.0,0,1,0,0.0,0,0.0,9.0,191.8,0,1,1,2.0,1.34,3.4,63.2
2020-10-29,H002,CityCare Medical Center,D007,Oncology,Medical,5,1,20.0,1,0,0,0.0,0,0.0,8.0,197.0,0,2,1,3.0,1.3,3.7,65.9
2020-10-30,H002,CityCare Medical Center,D007,Oncology,Medical,5,1,20.0,0,0,0,0.0,0,0.0,7.5,173.5,0,2,1,3.0,0.33,,68.4
2020-10-31,H002,CityCare Medical Center,D007,Oncology,Medical,5,1,20.0,0,0,0,0.0,0,0.0,7.5,162.4,0,1,1,2.0,0.56,,68.1
2020-11-01,H002,CityCare Medical Center,D007,Oncology,Medical,5,1,20.0,0,0,0,0.0,0,0.0,7.5,156.1,0,1,1,2.0,0.58,,68.1
2020-11-02,H002,CityCare Medical Center,D007,Oncology,Medical,5,1,20.0,0,0,0,0.0,0,0.0,7.5,175.6,0,1,1,2.0,0.58,,68.1
2020-11-03,H002,CityCare Medical Center,D007,Oncology,Medical,5,1,20.0,0,0,0,0.0,0,0.0,7.5,183.7,0,2,1,3.0,0.99,,67.6
2020-11-04,H002,CityCare Medical Center,D007,Oncology,Medical,5,1,20.0,0,0,0,0.0,0,0.0,7.5,181.7,0,1,1,2.0,1.26,,67.3
2020-11-05,H002,CityCare Medical Center,D007,Oncology,Medical,5,1,20.0,0,0,0,0.0,0,0.0,7.5,162.8,0,1,1,2.0,0.54,,68.2
2020-11-06,H002,CityCare Medical Center,D007,Oncology,Medical,5,1,20.0,0,1,0,0.0,0,0.0,8.0,185.8,0,1,1,2.0,0.73,3.7,66.6
2020-11-26,H002,CityCare Medical Center,D007,Oncology,Medical,5,1,20.0,1,0,0,0.0,0,0.0,7.0,159.2,0,1,1,2.0,0.73,5.0,67.9
2020-11-27,H002,CityCare Medical Center,D007,Oncology,Medical,5,1,20.0,0,0,0,0.0,0,0.0,7.5,188.1,0,1,1,2.0,0.65,,68.0
2020-11-28,H002,CityCare Medical Center,D007,Oncology,Medical,5,1,20.0,0,0,0,0.0,0,0.0,7.5,161.7,0,1,1,2.0,0.98,,67.6
2020-11-29,H002,CityCare Medical Center,D007,Oncology,Medical,5,1,20.0,0,0,0,0.0,0,0.0,7.5,167.4,0,1,1,2.0,0.74,,67.9
2020-11-30,H002,CityCare Medical Center,D007,Oncology,Medical,5,1,20.0,0,0,0,0.0,0,0.0,7.5,188.7,0,1,1,2.0,1.85,,66.6
2020-12-01,H002,CityCare Medical Center,D007,Oncology,Medical,5,1,20.0,0,0,0,0.0,0,0.0,7.5,157.6,0,1,1,2.0,0.87,,67.8
2020-12-02,H002,CityCare Medical Center,D007,Oncology,Medical,5,1,20.0,0,0,0,0.0,0,0.0,7.5,158.8,0,1,1,2.0,0.8,,67.8
2020-12-03,H002,CityCare Medical Center,D007,Oncology,Medical,5,1,20.0,0,1,0,0.0,0,0.0,7.0,160.6,0,1,1,2.0,1.93,5.0,66.5
2021-02-12,H002,CityCare Medical Center,D007,Oncology,Medical,5,1,20.0,1,0,0,0.0,0,0.0,7.0,162.4,0,2,1,3.0,1.34,3.6,67.2
2021-02-13,H002,CityCare Medical Center,D007,Oncology,Medical,5,1,20.0,0,0,0,0.0,0,0.0,7.5,155.6,0,2,1,3.0,0.8,,67.8
2021-02-14,H002,CityCare Medical Center,D007,Oncology,Medical,5,1,20.0,0,0,0,0.0,0,0.0,7.5,167.7,0,1,1,2.0,1.34,,67.2
2021-02-15,H002,CityCare Medical Center,D007,Oncology,Medical,5,1,20.0,0,0,0,0.0,0,0.0,7.5,179.1,0,1,1,2.0,0.83,,67.8
2021-02-16,H002,CityCare Medical Center,D007,Oncology,Medical,5,1,20.0,0,0,0,0.0,0,0.0,7.5,162.3,0,1,1,2.0,0.65,,68.0
2021-02-17,H002,CityCare Medical Center,D007,Oncology,Medical,5,1,20.0,0,0,0,0.0,0,0.0,7.5,176.2,0,2,1,3.0,1.51,,67.0
2021-02-18,H002,CityCare Medical Center,D007,Oncology,Medical,5,1,20.0,0,0,0,0.0,0,0.0,7.5,155.4,0,1,1,2.0,1.17,,67.4
2021-02-19,H002,CityCare Medical Center,D007,Oncology,Medical,5,1,20.0,0,1,0,0.0,0,0.0,7.0,159.1,0,1,1,2.0,1.07,3.6,67.5
2021-02-20,H002,CityCare Medical Center,D007,Oncology,Medical,5,0,0.0,0,0,0,0.0,0,0.0,7.5,156.7,0,1,1,0.0,1.32,,58.4
2022-02-11,H002,CityCare Medical Center,D007,Oncology,Medical,5,1,20.0,1,0,0,0.0,0,0.0,14.0,337.0,0,2,1,3.0,0.49,2.5,50.9
2022-02-12,H002,CityCare Medical Center,D007,Oncology,Medical,5,1,20.0,0,0,0,0.0,0,0.0,7.5,186.5,0,1,1,2.0,0.52,,68.2
2022-02-13,H002,CityCare Medical Center,D007,Oncology,Medical,5,1,20.0,0,0,0,0.0,0,0.0,7.5,187.7,0,1,1,2.0,1.12,,67.5
2022-02-14,H002,CityCare Medical Center,D007,Oncology,Medical,5,1,20.0,0,0,0,0.0,0,0.0,7.5,182.3,0,1,1,2.0,0.0,,68.8
2022-02-15,H002,CityCare Medical Center,D007,Oncology,Medical,5,1,20.0,0,0,0,0.0,0,0.0,7.5,186.2,0,1,1,2.0,1.15,,67.4
2022-02-16,H002,CityCare Medical Center,D007,Oncology,Medical,5,1,20.0,0,0,0,0.0,0,0.0,7.5,161.3,0,2,1,3.0,1.47,,67.0
2022-02-17,H002,CityCare Medical Center,D007,Oncology,Medical,5,1,20.0,0,0,0,0.0,0,0.0,7.5,170.0,0,1,1,2.0,1.1,,67.5
2022-02-18,H002,CityCare Medical Center,D007,Oncology,Medical,5,1,20.0,0,0,0,0.0,0,0.0,7.5,179.5,0,2,1,3.0,0.7,,68.0
2022-02-19,H002,CityCare Medical Center,D007,Oncology,Medical,5,1,20.0,0,0,0,0.0,0,0.0,7.5,173.1,0,1,1,2.0,0.79,,67.9
2022-02-20,H002,CityCare Medical Center,D007,Oncology,Medical,5,1,20.0,0,0,0,0.0,0,0.0,7.5,154.3,0,2,1,3.0,1.4,,67.1
2022-02-21,H002,CityCare Medical Center,D007,Oncology,Medical,5,1,20.0,0,0,0,0.0,0,0.0,7.5,155.5,0,2,1,3.0,0.86,,67.8
2022-02-22,H002,CityCare Medical Center,D007,Oncology,Medical,5,1,20.0,0,0,0,0.0,0,0.0,7.5,159.6,0,1,1,2.0,1.54,,67.0
2022-02-23,H002,CityCare Medical Center,D007,Oncology,Medical,5,1,20.0,0,0,0,0.0,0,0.0,7.5,158.4,0,1,1,2.0,0.89,,67.7
2022-02-24,H002,CityCare Medical Center,D007,Oncology,Medical,5,1,20.0,0,0,0,0.0,0,0.0,7.5,160.6,0,1,1,2.0,0.93,,67.7
2022-02-25,H002,CityCare Medical Center,D007,Oncology,Medical,5,1,20.0,0,1,0,0.0,0,0.0,14.0,321.4,0,2,1,3.0,0.61,,50.7
2022-08-12,H002,CityCare Medical Center,D007,Oncology,Medical,5,1,20.0,1,0,0,0.0,0,0.0,9.0,216.1,0,2,1,3.0,0.91,4.2,63.7
2022-08-13,H002,CityCare Medical Center,D007,Oncology,Medical,5,1,20.0,0,0,0,0.0,0,0.0,7.5,176.3,0,1,1,2.0,0.63,,68.0
2022-08-14,H002,CityCare Medical Center,D007,Oncology,Medical,5,1,20.0,0,0,0,0.0,0,0.0,7.5,173.8,0,2,1,3.0,1.38,,67.1
2022-08-15,H002,CityCare Medical Center,D007,Oncology,Medical,5,1,20.0,0,0,0,0.0,0,0.0,7.5,187.7,0,2,1,3.0,1.46,,67.0
2022-08-16,H002,CityCare Medical Center,D007,Oncology,Medical,5,1,20.0,0,0,0,0.0,0,0.0,7.5,171.7,0,1,1,2.0,1.18,,67.4
2022-08-17,H002,CityCare Medical Center,D007,Oncology,Medical,5,1,20.0,0,0,0,0.0,0,0.0,7.5,181.4,0,1,1,2.0,1.12,,67.5
2022-08-18,H002,CityCare Medical Center,D007,Oncology,Medical,5,1,20.0,0,0,0,0.0,0,0.0,7.5,165.0,0,1,1,2.0,0.56,,68.1
2022-08-19,H002,CityCare Medical Center,D007,Oncology,Medical,5,2,40.0,1,0,0,0.0,0,0.0,15.0,375.1,0,1,1,1.0,0.51,3.3,57.8
2022-08-20,H002,CityCare Medical Center,D007,Oncology,Medical,5,2,40.0,0,0,0,0.0,0,0.0,7.5,163.2,0,1,1,1.0,1.08,,77.1
2022-08-21,H002,CityCare Medical Center,D007,Oncology,Medical,5,2,40.0,0,1,0,0.0,0,0.0,9.0,191.8,0,1,1,1.0,0.63,4.2,73.6
2022-08-22,H002,CityCare Medical Center,D007,Oncology,Medical,5,1,20.0,0,0,0,0.0,0,0.0,7.5,168.3,0,2,1,3.0,1.73,,66.7
2022-08-23,H002,CityCare Medical Center,D007,Oncology,Medical,5,1,20.0,0,0,0,0.0,0,0.0,7.5,155.6,0,1,1,2.0,0.71,,67.9
2022-08-24,H002,CityCare Medical Center,D007,Oncology,Medical,5,1,20.0,0,0,0,0.0,0,0.0,7.5,170.5,0,2,1,3.0,1.72,,66.7
2022-08-25,H002,CityCare Medical Center,D007,Oncology,Medical,5,1,20.0,0,0,0,0.0,0,0.0,7.5,171.0,0,2,1,3.0,0.16,,68.6
2022-08-26,H002,CityCare Medical Center,D007,Oncology,Medical,5,1,20.0,0,0,0,0.0,0,0.0,7.5,185.8,0,1,1,2.0,0.58,,68.1
2022-08-27,H002,CityCare Medical Center,D007,Oncology,Medical,5,1,20.0,0,0,0,0.0,0,0.0,7.5,187.0,0,1,1,2.0,0.66,,68.0
2022-08-28,H002,CityCare Medical Center,D007,Oncology,Medical,5,1,20.0,0,0,0,0.0,0,0.0,7.5,158.4,0,2,1,3.0,0.41,,68.3
2022-08-29,H002,CityCare Medical Center,D007,Oncology,Medical,5,1,20.0,0,0,0,0.0,0,0.0,7.5,174.1,0,1,1,2.0,0.69,,68.0
2022-08-30,H002,CityCare Medical Center,D007,Oncology,Medical,5,1,20.0,0,0,0,0.0,0,0.0,7.5,153.6,0,1,1,2.0,1.64,,66.8
2022-08-31,H002,CityCare Medical Center,D007,Oncology,Medical,5,1,20.0,0,0,0,0.0,0,0.0,7.5,185.0,0,1,1,2.0,0.84,,67.8
2022-09-01,H002,CityCare Medical Center,D007,Oncology,Medical,5,1,20.0,0,0,0,0.0,0,0.0,7.5,180.7,0,1,1,2.0,0.44,,68.3
2022-09-02,H002,CityCare Medical Center,D007,Oncology,Medical,5,1,20.0,0,0,0,0.0,0,0.0,7.5,153.9,0,1,1,2.0,1.04,,67.6
2022-09-03,H002,CityCare Medical Center,D007,Oncology,Medical,5,1,20.0,0,1,0,0.0,0,0.0,15.0,311.3,0,1,1,2.0,0.41,3.3,48.3
2022-12-31,H002,CityCare Medical Center,D007,Oncology,Medical,5,1,20.0,1,0,0,0.0,0,0.0,6.0,141.8,0,1,1,2.0,1.78,4.5,66.7
2023-01-01,H002,CityCare Medical Center,D007,Oncology,Medical,5,1,20.0,0,0,0,0.0,0,0.0,7.5,183.5,0,1,1,2.0,1.11,,67.5
2023-01-02,H002,CityCare Medical Center,D007,Oncology,Medical,5,1,20.0,0,0,0,0.0,0,0.0,7.5,180.7,0,2,1,3.0,0.98,,67.6
2023-01-03,H002,CityCare Medical Center,D007,Oncology,Medical,5,1,20.0,0,0,0,0.0,0,0.0,7.5,170.1,0,1,1,2.0,0.97,,67.6
2023-01-04,H002,CityCare Medical Center,D007,Oncology,Medical,5,1,20.0,0,0,0,0.0,0,0.0,7.5,181.8,0,1,1,2.0,1.08,,67.5
2023-01-05,H002,CityCare Medical Center,D007,Oncology,Medical,5,1,20.0,0,0,0,0.0,0,0.0,7.5,159.5,0,1,1,2.0,1.19,,67.4
2023-01-06,H002,CityCare Medical Center,D007,Oncology,Medical,5,1,20.0,0,1,0,0.0,0,0.0,6.0,139.5,0,1,1,2.0,0.5,4.5,68.2
2023-09-27,H002,CityCare Medical Center,D007,Oncology,Medical,5,0,0.0,0,0,0,0.0,0,0.0,7.5,173.3,0,1,1,0.0,0.9,,58.9
2023-09-28,H002,CityCare Medical Center,D007,Oncology,Medical,5,1,20.0,1,0,0,0.0,0,0.0,10.0,239.9,0,1,1,2.0,0.33,4.6,61.7
2023-09-29,H002,CityCare Medical Center,D007,Oncology,Medical,5,1,20.0,0,0,0,0.0,0,0.0,7.5,172.5,0,2,1,3.0,1.22,,67.3
2023-09-30,H002,CityCare Medical Center,D007,Oncology,Medical,5,1,20.0,0,0,0,0.0,0,0.0,7.5,178.0,0,1,1,2.0,0.96,,67.6
2023-10-01,H002,CityCare Medical Center,D007,Oncology,Medical,5,1,20.0,0,0,0,0.0,0,0.0,7.5,188.1,0,1,1,2.0,1.53,,67.0
2023-10-02,H002,CityCare Medical Center,D007,Oncology,Medical,5,1,20.0,0,0,0,0.0,0,0.0,7.5,163.5,0,1,1,2.0,1.45,,67.1
2023-10-03,H002,CityCare Medical Center,D007,Oncology,Medical,5,1,20.0,0,0,0,0.0,0,0.0,7.5,163.7,0,1,1,2.0,1.18,,67.4
2023-10-04,H002,CityCare Medical Center,D007,Oncology,Medical,5,1,20.0,0,0,0,0.0,0,0.0,7.5,159.7,0,1,1,2.0,1.58,,66.9
2023-10-05,H002,CityCare Medical Center,D007,Oncology,Medical,5,1,20.0,0,0,0,0.0,0,0.0,7.5,164.6,0,1,1,2.0,0.42,,68.3
2023-10-06,H002,CityCare Medical Center,D007,Oncology,Medical,5,1,20.0,0,0,0,0.0,0,0.0,7.5,176.3,0,1,1,2.0,1.74,,66.7
2023-10-07,H002,CityCare Medical Center,D007,Oncology,Medical,5,1,20.0,0,0,0,0.0,0,0.0,7.5,179.3,0,1,1,2.0,0.36,,68.4
2023-10-08,H002,CityCare Medical Center,D007,Oncology,Medical,5,1,20.0,0,1,0,0.0,0,0.0,10.0,205.4,0,1,1,2.0,1.46,4.6,60.4
2023-11-16,H002,CityCare Medical Center,D007,Oncology,Medical,5,1,20.0,1,0,0,0.0,0,0.0,7.0,158.5,0,1,1,2.0,0.8,3.7,67.8
2023-11-17,H002,CityCare Medical Center,D007,Oncology,Medical,5,1,20.0,0,0,0,0.0,0,0.0,7.5,177.7,0,1,1,2.0,0.92,,67.7
2023-11-18,H002,CityCare Medical Center,D007,Oncology,Medical,5,1,20.0,0,0,0,0.0,0,0.0,7.5,178.4,0,1,1,2.0,2.13,,66.2
2023-11-19,H002,CityCare Medical Center,D007,Oncology,Medical,5,1,20.0,0,0,0,0.0,0,0.0,7.5,176.8,0,1,1,2.0,1.09,,67.5
2023-11-20,H002,CityCare Medical Center,D007,Oncology,Medical,5,1,20.0,0,0,0,0.0,0,0.0,7.5,158.6,0,1,1,2.0,0.41,,68.3
2023-11-21,H002,CityCare Medical Center,D007,Oncology,Medical,5,1,20.0,0,0,0,0.0,0,0.0,7.5,180.2,0,2,1,3.0,0.84,,67.8
2023-11-22,H002,CityCare Medical Center,D007,Oncology,Medical,5,1,20.0,0,0,0,0.0,0,0.0,7.5,174.8,0,2,1,3.0,0.82,,67.8
2023-11-23,H002,CityCare Medical Center,D007,Oncology,Medical,5,1,20.0,0,1,0,0.0,0,0.0,7.0,159.5,0,1,1,2.0,1.09,3.7,67.5
2024-02-26,H002,CityCare Medical Center,D007,Oncology,Medical,5,1,20.0,1,0,0,0.0,0,0.0,11.0,270.4,0,1,1,2.0,1.5,3.5,57.7
2024-02-27,H002,CityCare Medical Center,D007,Oncology,Medical,5,1,20.0,0,0,0,0.0,0,0.0,7.5,186.6,0,2,1,3.0,1.27,,67.3
2024-02-28,H002,CityCare Medical Center,D007,Oncology,Medical,5,1,20.0,0,0,0,0.0,0,0.0,7.5,174.1,0,1,1,2.0,0.86,,67.8
2024-02-29,H002,CityCare Medical Center,D007,Oncology,Medical,5,1,20.0,0,0,0,0.0,0,0.0,7.5,184.5,0,1,1,2.0,0.69,,68.0
2024-03-01,H002,CityCare Medical Center,D007,Oncology,Medical,5,1,20.0,0,0,0,0.0,0,0.0,7.5,168.6,0,1,1,2.0,1.45,,67.1
2024-03-02,H002,CityCare Medical Center,D007,Oncology,Medical,5,1,20.0,0,0,0,0.0,0,0.0,7.5,168.1,0,1,1,2.0,0.27,,68.5
2024-03-03,H002,CityCare Medical Center,D007,Oncology,Medical,5,1,20.0,0,0,0,0.0,0,0.0,7.5,182.3,0,1,1,2.0,1.23,,67.3
2024-03-04,H002,CityCare Medical Center,D007,Oncology,Medical,5,1,20.0,0,0,0,0.0,0,0.0,7.5,179.1,0,1,1,2.0,0.71,,67.9
2024-03-05,H002,CityCare Medical Center,D007,Oncology,Medical,5,1,20.0,0,0,0,0.0,0,0.0,7.5,185.0,0,1,1,2.0,1.25,,67.3
2024-03-06,H002,CityCare Medical Center,D007,Oncology,Medical,5,1,20.0,0,0,0,0.0,0,0.0,7.5,169.5,0,2,1,3.0,1.56,,66.9
2024-03-07,H002,CityCare Medical Center,D007,Oncology,Medical,5,1,20.0,0,0,0,0.0,0,0.0,7.5,153.9,0,1,1,2.0,1.32,,67.2
2024-03-08,H002,CityCare Medical Center,D007,Oncology,Medical,5,1,20.0,0,1,0,0.0,0,0.0,11.0,244.9,0,1,1,2.0,0.81,3.5,58.5
2024-06-18,H002,CityCare Medical Center,D007,Oncology,Medical,5,1,20.0,1,0,0,0.0,0,0.0,6.0,126.9,0,1,1,2.0,1.43,,67.1
2024-06-19,H002,CityCare Medical Center,D007,Oncology,Medical,5,1,20.0,0,0,0,0.0,0,0.0,7.5,171.8,0,1,1,2.0,0.0,,68.8
2024-06-20,H002,CityCare Medical Center,D007,Oncology,Medical,5,1,20.0,0,0,0,0.0,0,0.0,7.5,153.3,0,1,1,2.0,1.15,,67.4
2024-06-21,H002,CityCare Medical Center,D007,Oncology,Medical,5,1,20.0,0,0,0,0.0,0,0.0,7.5,160.4,0,2,1,3.0,0.71,,67.9
2024-06-22,H002,CityCare Medical Center,D007,Oncology,Medical,5,1,20.0,0,0,0,0.0,0,0.0,7.5,188.1,0,2,1,3.0,0.34,,68.4
2024-06-23,H002,CityCare Medical Center,D007,Oncology,Medical,5,1,20.0,0,0,0,0.0,0,0.0,7.5,182.0,0,2,1,3.0,1.02,,67.6
2024-06-24,H002,CityCare Medical Center,D007,Oncology,Medical,5,1,20.0,0,1,0,0.0,1,100.0,6.0,134.9,0,1,1,2.0,1.65,,66.8
2024-07-13,H002,CityCare Medical Center,D007,Oncology,Medical,5,1,20.0,1,0,0,0.0,0,0.0,6.0,145.9,0,2,1,3.0,0.96,2.9,67.6
2024-07-14,H002,CityCare Medical Center,D007,Oncology,Medical,5,1,20.0,0,0,0,0.0,0,0.0,7.5,187.2,0,1,1,2.0,1.62,,66.9
2024-07-15,H002,CityCare Medical Center,D007,Oncology,Medical,5,1,20.0,0,0,0,0.0,0,0.0,7.5,170.0,0,2,1,3.0,0.87,,67.8
2024-07-16,H002,CityCare Medical Center,D007,Oncology,Medical,5,1,20.0,0,0,0,0.0,0,0.0,7.5,160.5,0,2,1,3.0,0.85,,67.8
2024-07-17,H002,CityCare Medical Center,D007,Oncology,Medical,5,1,20.0,0,0,0,0.0,0,0.0,7.5,171.0,0,1,1,2.0,1.31,,67.2
2024-07-18,H002,CityCare Medical Center,D007,Oncology,Medical,5,1,20.0,0,0,0,0.0,0,0.0,7.5,165.9,0,1,1,2.0,0.98,,67.6
2024-07-19,H002,CityCare Medical Center,D007,Oncology,Medical,5,1,20.0,0,1,0,0.0,0,0.0,6.0,145.4,0,1,1,2.0,0.32,2.9,68.4
2024-09-12,H002,CityCare Medical Center,D007,Oncology,Medical,5,1,20.0,1,0,0,0.0,0,0.0,9.0,211.1,0,1,1,2.0,1.94,4.3,62.5
2024-09-13,H002,CityCare Medical Center,D007,Oncology,Medical,5,1,20.0,0,0,0,0.0,0,0.0,7.5,155.5,0,2,1,3.0,0.75,,67.9
2024-09-14,H002,CityCare Medical Center,D007,Oncology,Medical,5,1,20.0,0,0,0,0.0,0,0.0,7.5,161.8,0,1,1,2.0,1.35,,67.2
2024-09-15,H002,CityCare Medical Center,D007,Oncology,Medical,5,1,20.0,0,0,0,0.0,0,0.0,7.5,182.3,0,1,1,2.0,1.39,,67.1
2024-09-16,H002,CityCare Medical Center,D007,Oncology,Medical,5,1,20.0,0,0,0,0.0,0,0.0,7.5,178.4,0,1,1,2.0,2.07,,66.3
2024-09-17,H002,CityCare Medical Center,D007,Oncology,Medical,5,1,20.0,0,0,0,0.0,0,0.0,7.5,158.3,0,1,1,2.0,0.83,,67.8
2024-09-18,H002,CityCare Medical Center,D007,Oncology,Medical,5,1,20.0,0,0,0,0.0,0,0.0,7.5,161.6,0,1,1,2.0,0.61,,68.1
2024-09-19,H002,CityCare Medical Center,D007,Oncology,Medical,5,1,20.0,0,0,0,0.0,0,0.0,7.5,180.9,0,1,1,2.0,1.97,,66.4
2024-09-20,H002,CityCare Medical Center,D007,Oncology,Medical,5,1,20.0,0,0,0,0.0,0,0.0,7.5,154.8,0,2,1,3.0,1.59,,66.9
2024-09-21,H002,CityCare Medical Center,D007,Oncology,Medical,5,1,20.0,0,1,0,0.0,0,0.0,9.0,226.2,0,2,1,3.0,1.92,4.3,62.5
2024-12-28,H002,CityCare Medical Center,D007,Oncology,Medical,5,1,20.0,1,0,1,100.0,0,0.0,10.0,221.8,0,1,1,2.0,0.85,4.0,41.1
2024-12-29,H002,CityCare Medical Center,D007,Oncology,Medical,5,1,20.0,0,0,0,0.0,0,0.0,7.5,164.0,0,2,1,3.0,0.78,,67.9
2024-12-30,H002,CityCare Medical Center,D007,Oncology,Medical,5,1,20.0,0,0,0,0.0,0,0.0,7.5,188.6,0,1,1,2.0,0.5,,68.2
2024-12-31,H002,CityCare Medical Center,D007,Oncology,Medical,5,1,20.0,0,0,0,0.0,0,0.0,7.5,158.2,0,2,1,3.0,0.73,,67.9
2025-01-01,H002,CityCare Medical Center,D007,Oncology,Medical,5,1,20.0,0,0,0,0.0,0,0.0,7.5,154.6,0,1,1,2.0,0.75,,67.9
2025-01-02,H002,CityCare Medical Center,D007,Oncology,Medical,5,1,20.0,0,0,0,0.0,0,0.0,7.5,157.6,0,1,1,2.0,0.43,,68.3
2025-01-03,H002,CityCare Medical Center,D007,Oncology,Medical,5,1,20.0,0,0,0,0.0,0,0.0,7.5,165.7,0,1,1,2.0,1.45,,67.1
2025-01-04,H002,CityCare Medical Center,D007,Oncology,Medical,5,1,20.0,0,0,0,0.0,0,0.0,7.5,155.7,0,1,1,2.0,1.2,,67.4
2025-01-05,H002,CityCare Medical Center,D007,Oncology,Medical,5,1,20.0,0,0,0,0.0,0,0.0,7.5,180.7,0,2,1,3.0,1.19,,67.4
2025-01-06,H002,CityCare Medical Center,D007,Oncology,Medical,5,1,20.0,0,0,0,0.0,0,0.0,7.5,180.4,0,1,1,2.0,1.35,,67.2
2025-01-07,H002,CityCare Medical Center,D007,Oncology,Medical,5,1,20.0,0,1,0,0.0,0,0.0,10.0,243.6,0,2,1,3.0,1.07,4.0,60.8
2025-04-26,H002,CityCare Medical Center,D007,Oncology,Medical,5,1,20.0,1,0,0,0.0,0,0.0,8.0,174.6,0,1,1,2.0,1.34,4.0,65.9
2025-04-27,H002,CityCare Medical Center,D007,Oncology,Medical,5,1,20.0,0,0,0,0.0,0,0.0,7.5,183.1,0,2,1,3.0,0.29,,68.5
2025-04-28,H002,CityCare Medical Center,D007,Oncology,Medical,5,1,20.0,0,0,0,0.0,0,0.0,7.5,153.3,0,2,1,3.0,0.51,,68.2
2025-04-29,H002,CityCare Medical Center,D007,Oncology,Medical,5,1,20.0,0,0,0,0.0,0,0.0,7.5,175.7,0,1,1,2.0,0.96,,67.6
2025-04-30,H002,CityCare Medical Center,D007,Oncology,Medical,5,1,20.0,0,0,0,0.0,0,0.0,7.5,155.3,0,2,1,3.0,0.74,,67.9
2025-05-01,H002,CityCare Medical Center,D007,Oncology,Medical,5,1,20.0,0,0,0,0.0,0,0.0,7.5,154.0,0,1,1,2.0,0.86,,67.8
2025-05-02,H002,CityCare Medical Center,D007,Oncology,Medical,5,1,20.0,0,0,0,0.0,0,0.0,7.5,173.0,0,2,1,3.0,1.67,,66.8
2025-05-03,H002,CityCare Medical Center,D007,Oncology,Medical,5,1,20.0,0,0,0,0.0,0,0.0,7.5,161.1,0,1,1,2.0,1.37,,67.2
2025-05-04,H002,CityCare Medical Center,D007,Oncology,Medical,5,1,20.0,0,1,0,0.0,0,0.0,8.0,200.4,0,1,1,2.0,1.71,4.0,65.4
2020-02-07,H002,CityCare Medical Center,D008,General Surgery,Surgical,6,0,0.0,0,0,0,0.0,0,0.0,4.8,101.8,0,1,1,0.0,0.52,,59.4
2020-02-08,H002,CityCare Medical Center,D008,General Surgery,Surgical,6,1,16.7,1,0,0,0.0,0,0.0,4.0,99.4,0,1,1,2.0,1.55,4.7,65.4
2020-02-09,H002,CityCare Medical Center,D008,General Surgery,Surgical,6,1,16.7,0,0,0,0.0,0,0.0,4.8,114.3,0,1,1,2.0,1.53,,65.4
2020-02-10,H002,CityCare Medical Center,D008,General Surgery,Surgical,6,1,16.7,0,0,0,0.0,0,0.0,4.8,105.6,1,1,1,2.0,1.01,,66.0
2020-02-11,H002,CityCare Medical Center,D008,General Surgery,Surgical,6,1,16.7,0,0,0,0.0,0,0.0,4.8,119.7,0,1,1,2.0,0.93,,66.1
2020-02-12,H002,CityCare Medical Center,D008,General Surgery,Surgical,6,1,16.7,0,1,0,0.0,0,0.0,4.0,90.6,0,2,1,3.0,0.63,4.7,66.5
2020-08-03,H002,CityCare Medical Center,D008,General Surgery,Surgical,6,1,16.7,1,0,0,0.0,0,0.0,5.0,108.5,0,1,1,2.0,1.4,3.8,64.7
2020-08-04,H002,CityCare Medical Center,D008,General Surgery,Surgical,6,1,16.7,0,0,0,0.0,0,0.0,4.8,117.1,1,1,1,2.0,0.98,,66.0
2020-08-05,H002,CityCare Medical Center,D008,General Surgery,Surgical,6,1,16.7,0,0,0,0.0,0,0.0,4.8,99.8,0,2,1,3.0,0.19,,67.0
2020-08-06,H002,CityCare Medical Center,D008,General Surgery,Surgical,6,1,16.7,0,0,0,0.0,0,0.0,4.8,108.5,0,1,1,2.0,0.52,,66.6
2020-08-07,H002,CityCare Medical Center,D008,General Surgery,Surgical,6,1,16.7,0,0,0,0.0,0,0.0,4.8,116.4,0,2,1,3.0,1.38,,65.6
2020-08-08,H002,CityCare Medical Center,D008,General Surgery,Surgical,6,1,16.7,0,1,0,0.0,0,0.0,5.0,103.3,0,2,1,3.0,0.86,3.8,65.4
2020-11-19,H002,CityCare Medical Center,D008,General Surgery,Surgical,6,1,16.7,1,0,0,0.0,0,0.0,4.0,94.6,0,1,1,2.0,1.13,4.3,65.9
2020-11-20,H002,CityCare Medical Center,D008,General Surgery,Surgical,6,1,16.7,0,0,0,0.0,0,0.0,4.8,116.6,0,1,1,2.0,0.0,,67.2
2020-11-21,H002,CityCare Medical Center,D008,General Surgery,Surgical,6,1,16.7,0,0,0,0.0,0,0.0,4.8,107.1,1,1,1,2.0,0.91,,66.1
2020-11-22,H002,CityCare Medical Center,D008,General Surgery,Surgical,6,1,16.7,0,0,0,0.0,0,0.0,4.8,99.4,0,1,1,2.0,0.5,,66.6
2020-11-23,H002,CityCare Medical Center,D008,General Surgery,Surgical,6,1,16.7,0,1,0,0.0,0,0.0,4.0,92.3,0,1,1,2.0,0.79,4.3,66.3
2021-05-30,H002,CityCare Medical Center,D008,General Surgery,Surgical,6,1,16.7,1,0,0,0.0,0,0.0,3.0,74.9,0,2,1,3.0,0.22,3.9,67.0
2021-05-31,H002,CityCare Medical Center,D008,General Surgery,Surgical,6,1,16.7,0,0,0,0.0,0,0.0,4.8,98.6,1,2,1,3.0,1.57,,65.3
2021-06-01,H002,CityCare Medical Center,D008,General Surgery,Surgical,6,1,16.7,0,0,0,0.0,0,0.0,4.8,105.2,0,1,1,2.0,0.99,,66.0
2021-06-02,H002,CityCare Medical Center,D008,General Surgery,Surgical,6,1,16.7,0,1,0,0.0,0,0.0,3.0,70.9,0,1,1,2.0,1.19,3.9,65.8
2023-03-02,H002,CityCare Medical Center,D008,General Surgery,Surgical,6,1,16.7,1,0,0,0.0,0,0.0,8.0,174.5,0,1,1,2.0,0.58,4.3,53.2
2023-03-03,H002,CityCare Medical Center,D008,General Surgery,Surgical,6,1,16.7,0,0,0,0.0,0,0.0,4.8,101.8,0,1,1,2.0,0.7,,66.4
2023-03-04,H002,CityCare Medical Center,D008,Gen. Surgery,Surgical,6,1,16.7,0,0,0,0.0,0,0.0,4.8,119.1,0,2,1,3.0,0.23,,66.9
2023-03-05,H002,CityCare Medical Center,D008,General Surgery,Surgical,6,1,16.7,0,0,0,0.0,0,0.0,4.8,107.4,0,1,1,2.0,0.67,,66.4
2023-03-06,H002,CityCare Medical Center,D008,General Surgery,Surgical,6,1,16.7,0,0,0,0.0,0,0.0,4.8,108.8,0,1,1,2.0,0.66,,66.4
2023-03-07,H002,CityCare Medical Center,D008,General Surgery,Surgical,6,1,16.7,0,0,0,0.0,0,0.0,4.8,101.3,0,1,1,2.0,0.71,,66.4
2023-03-08,H002,CityCare Medical Center,D008,General Surgery,Surgical,6,1,16.7,0,0,0,0.0,0,0.0,4.8,110.8,0,2,1,3.0,0.25,,66.9
2023-03-09,H002,CityCare Medical Center,D008,General Surgery,Surgical,6,1,16.7,0,0,0,0.0,0,0.0,4.8,101.0,0,1,1,2.0,0.82,,66.2
2023-03-10,H002,CityCare Medical Center,D008,General Surgery,Surgical,6,1,16.7,0,1,0,0.0,0,0.0,8.0,163.9,0,1,1,2.0,0.48,4.3,53.3
2023-03-24,H002,CityCare Medical Center,D008,General Surgery,Surgical,6,1,16.7,1,0,0,0.0,0,0.0,11.0,240.1,0,2,1,3.0,0.0,4.3,42.2
2023-03-25,H002,CityCare Medical Center,D008,General Surgery,Surgical,6,1,16.7,0,0,0,0.0,0,0.0,4.8,109.4,0,1,1,2.0,0.39,,66.7
2023-03-26,H002,CityCare Medical Center,D008,General Surgery,Surgical,6,1,16.7,0,0,0,0.0,0,0.0,4.8,120.9,0,1,1,2.0,1.08,,65.9
2023-03-27,H002,CityCare Medical Center,D008,General Surgery,Surgical,6,1,16.7,0,0,0,0.0,0,0.0,4.8,113.2,0,2,1,3.0,0.49,,66.6
2023-03-28,H002,CityCare Medical Center,D008,Gen. Surgery,Surgical,6,1,16.7,0,0,0,0.0,0,0.0,4.8,108.3,1,1,1,2.0,0.0,,67.2
2023-03-29,H002,CityCare Medical Center,D008,General Surgery,Surgical,6,1,16.7,0,0,0,0.0,0,0.0,4.8,112.8,0,1,1,2.0,1.61,,65.3
2023-03-30,H002,CityCare Medical Center,D008,General Surgery,Surgical,6,1,16.7,0,0,0,0.0,0,0.0,4.8,112.0,0,1,1,2.0,1.8,,65.1
2023-03-31,H002,CityCare Medical Center,D008,General Surgery,Surgical,6,1,16.7,0,0,0,0.0,0,0.0,4.8,108.3,0,1,1,2.0,1.0,,66.0
2023-04-01,H002,CityCare Medical Center,D008,General Surgery,Surgical,6,1,16.7,0,0,0,0.0,0,0.0,4.8,110.8,0,1,1,2.0,0.34,,66.8
2023-04-02,H002,CityCare Medical Center,D008,General Surgery,Surgical,6,1,16.7,0,0,0,0.0,0,0.0,4.8,102.6,0,1,1,2.0,0.17,,67.0
2023-04-03,H002,CityCare Medical Center,D008,General Surgery,Surgical,6,1,16.7,0,0,0,0.0,0,0.0,4.8,103.7,0,1,1,2.0,1.38,,65.6
2023-04-04,H002,CityCare Medical Center,D008,General Surgery,Surgical,6,1,16.7,0,1,0,0.0,0,0.0,11.0,247.8,0,1,1,2.0,0.86,4.3,41.2
2023-09-12,H002,CityCare Medical Center,D008,General Surgery,Surgical,6,1,16.7,1,0,0,0.0,0,0.0,1.0,24.5,0,1,1,2.0,0.78,,66.3
2023-09-13,H002,CityCare Medical Center,D008,General Surgery,Surgical,6,1,16.7,0,1,0,0.0,0,0.0,1.0,25.1,0,1,1,2.0,0.68,4.9,66.4
2024-06-30,H002,CityCare Medical Center,D008,General Surgery,Surgical,6,1,16.7,1,0,1,100.0,0,0.0,4.0,98.7,0,1,1,2.0,0.92,4.0,46.1
2024-07-01,H002,CityCare Medical Center,D008,General Surgery,Surgical,6,1,16.7,0,0,0,0.0,0,0.0,4.8,116.1,0,1,1,2.0,1.45,,65.5
2024-07-02,H002,CityCare Medical Center,D008,General Surgery,Surgical,6,1,16.7,0,0,0,0.0,0,0.0,4.8,120.6,0,1,1,2.0,0.64,,66.4
2024-07-03,H002,CityCare Medical Center,D008,General Surgery,Surgical,6,1,16.7,0,0,0,0.0,0,0.0,4.8,115.5,1,1,1,2.0,0.89,,66.1
2024-07-04,H002,CityCare Medical Center,D008,General Surgery,Surgical,6,1,16.7,0,1,0,0.0,0,0.0,4.0,83.2,0,2,1,3.0,0.69,4.0,66.4
2024-12-26,H002,CityCare Medical Center,D008,General Surgery,Surgical,6,1,16.7,1,0,0,0.0,0,0.0,7.0,174.6,0,1,1,2.0,0.75,3.7,57.1
2024-12-27,H002,CityCare Medical Center,D008,General Surgery,Surgical,6,1,16.7,0,0,0,0.0,0,0.0,4.8,109.4,0,1,1,2.0,0.19,,67.0
2024-12-28,H002,CityCare Medical Center,D008,General Surgery,Surgical,6,1,16.7,0,0,0,0.0,0,0.0,4.8,120.4,0,1,1,2.0,1.07,,65.9
2024-12-29,H002,CityCare Medical Center,D008,General Surgery,Surgical,6,1,16.7,0,0,0,0.0,0,0.0,4.8,101.4,1,1,1,2.0,0.65,,66.4
2024-12-30,H002,CityCare Medical Center,D008,General Surgery,Surgical,6,1,16.7,0,0,0,0.0,0,0.0,4.8,110.8,0,1,1,2.0,0.63,,66.5
2024-12-31,H002,CityCare Medical Center,D008,General Surgery,Surgical,6,1,16.7,0,0,0,0.0,0,0.0,4.8,99.9,0,1,1,2.0,0.59,,66.5
2025-01-01,H002,CityCare Medical Center,D008,General Surgery,Surgical,6,1,16.7,0,0,0,0.0,0,0.0,4.8,119.7,0,2,1,3.0,0.59,,66.5
2025-01-02,H002,CityCare Medical Center,D008,General Surgery,Surgical,6,1,16.7,0,1,0,0.0,0,0.0,7.0,169.9,0,1,1,2.0,0.32,3.7,57.7
2021-07-17,H002,CityCare Medical Center,D009,ICU,Critical Care,4,1,25.0,1,0,0,0.0,0,0.0,1.0,21.7,0,1,1,2.0,1.56,4.1,69.3
2021-07-18,H002,CityCare Medical Center,D009,ICU,Critical Care,4,1,25.0,0,1,0,0.0,0,0.0,1.0,24.0,0,2,1,3.0,1.13,4.1,69.8
2021-07-19,H002,CityCare Medical Center,D009,ICU,Critical Care,4,0,0.0,0,0,0,0.0,0,0.0,6.5,136.5,0,1,1,0.0,2.16,,57.4
2021-08-09,H002,CityCare Medical Center,D009,ICU,Critical Care,4,1,25.0,1,0,0,0.0,0,0.0,6.0,145.2,0,2,1,3.0,1.22,4.8,69.7
2021-08-10,H002,CityCare Medical Center,D009,ICU,Critical Care,4,1,25.0,0,0,0,0.0,0,0.0,6.5,142.9,0,2,1,3.0,1.77,,69.1
2021-08-11,H002,CityCare Medical Center,D009,ICU,Critical Care,4,1,25.0,0,0,0,0.0,0,0.0,6.5,142.7,0,1,1,2.0,1.94,,68.9
2021-08-12,H002,CityCare Medical Center,D009,ICU,Critical Care,4,1,25.0,0,0,0,0.0,0,0.0,6.5,138.5,0,1,1,2.0,1.14,,69.8
2021-08-13,H002,CityCare Medical Center,D009,ICU,Critical Care,4,1,25.0,0,0,0,0.0,0,0.0,6.5,156.4,0,2,1,3.0,1.17,,69.8
2021-08-14,H002,CityCare Medical Center,D009,ICU,Critical Care,4,1,25.0,0,0,0,0.0,0,0.0,6.5,152.2,0,1,1,2.0,1.04,,70.0
2021-08-15,H002,CityCare Medical Center,D009,ICU,Critical Care,4,1,25.0,0,1,0,0.0,0,0.0,6.0,138.2,0,1,1,2.0,0.53,4.8,70.6
2021-11-22,H002,CityCare Medical Center,D009,ICU,Critical Care,4,0,0.0,0,0,0,0.0,0,0.0,6.5,138.1,0,1,1,0.0,1.59,,58.1
2021-11-23,H002,CityCare Medical Center,D009,ICU,Critical Care,4,1,25.0,1,0,1,100.0,0,0.0,10.0,235.7,0,1,1,2.0,1.83,3.6,38.2
2021-11-24,H002,CityCare Medical Center,D009,ICU,Critical Care,4,1,25.0,0,0,0,0.0,0,0.0,6.5,156.3,0,1,1,2.0,1.0,,70.0
2021-11-25,H002,CityCare Medical Center,D009,ICU,Critical Care,4,1,25.0,0,0,0,0.0,0,0.0,6.5,138.4,0,1,1,2.0,1.81,,69.0
2021-11-26,H002,CityCare Medical Center,D009,ICU,Critical Care,4,1,25.0,0,0,0,0.0,0,0.0,6.5,163.7,0,1,1,2.0,0.93,,70.1
2021-11-27,H002,CityCare Medical Center,D009,ICU,Critical Care,4,1,25.0,0,0,0,0.0,0,0.0,6.5,157.6,0,2,1,3.0,0.89,,70.1
2021-11-28,H002,CityCare Medical Center,D009,ICU,Critical Care,4,1,25.0,0,0,0,0.0,0,0.0,6.5,151.2,0,2,1,3.0,0.0,,71.2
2021-11-29,H002,CityCare Medical Center,D009,ICU,Critical Care,4,1,25.0,0,0,0,0.0,0,0.0,6.5,161.4,0,1,1,2.0,1.02,,70.0
2021-11-30,H002,CityCare Medical Center,D009,ICU,Critical Care,4,1,25.0,0,0,0,0.0,0,0.0,6.5,151.7,0,1,1,2.0,2.61,,68.1
2021-12-01,H002,CityCare Medical Center,D009,ICU,Critical Care,4,1,25.0,0,0,0,0.0,0,0.0,6.5,136.1,0,1,1,2.0,1.67,,69.2
2021-12-02,H002,CityCare Medical Center,D009,ICU,Critical Care,4,1,25.0,0,0,0,0.0,0,0.0,6.5,135.8,0,2,1,3.0,2.2,,68.6
2021-12-03,H002,CityCare Medical Center,D009,ICU,Critical Care,4,1,25.0,0,1,0,0.0,0,0.0,10.0,250.1,0,2,1,3.0,2.7,3.6,57.2
2022-03-21,H002,CityCare Medical Center,D009,ICU,Critical Care,4,1,25.0,1,0,0,0.0,0,0.0,7.0,143.7,0,1,1,2.0,1.05,3.7,68.4
2022-03-22,H002,CityCare Medical Center,D009,ICU,Critical Care,4,1,25.0,0,0,0,0.0,0,0.0,6.5,140.5,0,1,1,2.0,1.56,,69.3
2022-03-23,H002,CityCare Medical Center,D009,ICU,Critical Care,4,1,25.0,0,0,0,0.0,0,0.0,6.5,151.2,0,1,1,2.0,0.75,,70.3
2022-03-24,H002,CityCare Medical Center,D009,ICU,Critical Care,4,1,25.0,0,0,0,0.0,0,0.0,6.5,135.0,0,1,1,2.0,2.25,,68.5
2022-03-25,H002,CityCare Medical Center,D009,ICU,Critical Care,4,1,25.0,0,0,0,0.0,0,0.0,6.5,149.7,0,1,1,2.0,0.38,,70.7
2022-03-26,H002,CityCare Medical Center,D009,ICU,Critical Care,4,1,25.0,0,0,0,0.0,0,0.0,6.5,151.8,0,2,1,3.0,0.0,,71.2
2022-03-27,H002,CityCare Medical Center,D009,ICU,Critical Care,4,1,25.0,0,0,0,0.0,0,0.0,6.5,144.0,1,2,1,3.0,1.82,,69.0
2022-03-28,H002,CityCare Medical Center,D009,ICU,Critical Care,4,1,25.0,0,1,0,0.0,0,0.0,7.0,176.0,0,2,1,3.0,1.37,3.7,68.0
2022-05-31,H002,CityCare Medical Center,D009,ICU,Critical Care,4,1,25.0,1,0,0,0.0,0,0.0,9.0,204.5,0,1,1,2.0,1.01,3.8,62.3
2022-06-01,H002,CityCare Medical Center,D009,ICU,Critical Care,4,1,25.0,0,0,0,0.0,0,0.0,6.5,160.4,0,1,1,2.0,1.42,,69.5
2022-06-02,H002,CityCare Medical Center,D009,ICU,Critical Care,4,1,25.0,0,0,0,0.0,0,0.0,6.5,154.5,0,2,1,3.0,1.05,,69.9
2022-06-03,H002,CityCare Medical Center,D009,ICU,Critical Care,4,1,25.0,0,0,0,0.0,0,0.0,6.5,146.1,0,2,1,3.0,1.38,,69.5
2022-06-04,H002,CityCare Medical Center,D009,ICU,Critical Care,4,1,25.0,0,0,0,0.0,0,0.0,6.5,142.3,0,1,1,2.0,1.71,,69.1
2022-06-05,H002,CityCare Medical Center,D009,ICU,Critical Care,4,1,25.0,0,0,0,0.0,0,0.0,6.5,137.6,0,1,1,2.0,1.97,,68.8
2022-06-06,H002,CityCare Medical Center,D009,ICU,Critical Care,4,1,25.0,0,0,0,0.0,0,0.0,6.5,136.7,0,2,1,3.0,0.88,,70.1
2022-06-07,H002,CityCare Medical Center,D009,ICU,Critical Care,4,1,25.0,0,0,0,0.0,0,0.0,6.5,133.0,0,2,1,3.0,0.5,,70.6
2022-06-08,H002,CityCare Medical Center,D009,ICU,Critical Care,4,1,25.0,0,0,0,0.0,0,0.0,6.5,151.8,0,1,1,2.0,0.86,,70.2
2022-06-09,H002,CityCare Medical Center,D009,ICU,Critical Care,4,1,25.0,0,1,0,0.0,0,0.0,9.0,226.1,0,2,1,3.0,2.6,3.8,60.4
2022-06-10,H002,CityCare Medical Center,D009,ICU,Critical Care,4,0,0.0,0,0,0,0.0,0,0.0,6.5,135.8,0,1,1,0.0,1.24,,58.5
2022-12-09,H002,CityCare Medical Center,D009,ICU,Critical Care,4,1,25.0,1,0,0,0.0,0,0.0,6.0,124.5,0,1,1,2.0,1.25,4.8,69.7
2022-12-10,H002,CityCare Medical Center,D009,ICU,Critical Care,4,1,25.0,0,0,0,0.0,0,0.0,6.5,143.1,0,1,1,2.0,2.27,,68.5
2022-12-11,H002,CityCare Medical Center,D009,ICU,Critical Care,4,1,25.0,0,0,0,0.0,0,0.0,6.5,141.1,1,2,1,3.0,1.16,,69.8
2022-12-12,H002,CityCare Medical Center,D009,ICU,Critical Care,4,1,25.0,0,0,0,0.0,0,0.0,6.5,147.4,0,2,1,3.0,1.11,,69.9
2022-12-13,H002,CityCare Medical Center,D009,ICU,Critical Care,4,1,25.0,0,0,0,0.0,0,0.0,6.5,160.6,0,1,1,2.0,2.03,,68.8
2022-12-14,H002,CityCare Medical Center,D009,ICU,Critical Care,4,1,25.0,0,0,0,0.0,0,0.0,6.5,156.8,0,1,1,2.0,1.74,,69.1
2022-12-15,H002,CityCare Medical Center,D009,ICU,Critical Care,4,1,25.0,0,1,0,0.0,0,0.0,6.0,139.6,0,1,1,2.0,2.15,4.8,68.6
2023-08-08,H002,CityCare Medical Center,D009,ICU,Critical Care,4,1,25.0,1,0,0,0.0,0,0.0,1.0,25.1,1,1,1,2.0,1.39,5.0,69.5
2023-08-09,H002,CityCare Medical Center,D009,ICU,Critical Care,4,1,25.0,0,1,0,0.0,0,0.0,1.0,20.9,0,2,1,3.0,1.23,5.0,69.7
2023-12-14,H002,CityCare Medical Center,D009,ICU,Critical Care,4,1,25.0,1,0,0,0.0,0,0.0,8.0,186.6,0,1,1,2.0,1.05,2.6,65.3
2023-12-15,H002,CityCare Medical Center,D009,ICU,Critical Care,4,1,25.0,0,0,0,0.0,0,0.0,6.5,135.0,1,2,1,3.0,0.63,,70.4
2023-12-16,H002,CityCare Medical Center,D009,ICU,Critical Care,4,1,25.0,0,0,0,0.0,0,0.0,6.5,155.7,0,2,1,3.0,0.26,,70.9
2023-12-17,H002,CityCare Medical Center,D009,ICU,Critical Care,4,1,25.0,0,0,0,0.0,0,0.0,6.5,144.7,0,1,1,2.0,1.04,,70.0
2023-12-18,H002,CityCare Medical Center,D009,ICU,Critical Care,4,1,25.0,0,0,0,0.0,0,0.0,6.5,141.7,0,2,1,3.0,0.4,,70.7
2023-12-19,H002,CityCare Medical Center,D009,ICU,Critical Care,4,1,25.0,0,0,0,0.0,0,0.0,6.5,141.7,0,1,1,2.0,0.08,,71.1
2023-12-20,H002,CityCare Medical Center,D009,ICU,Critical Care,4,1,25.0,0,0,0,0.0,0,0.0,6.5,163.4,0,1,1,2.0,0.31,,70.8
2023-12-21,H002,CityCare Medical Center,D009,ICU,Critical Care,4,1,25.0,0,0,0,0.0,0,0.0,6.5,160.4,0,1,1,2.0,1.15,,69.8
2023-12-22,H002,CityCare Medical Center,D009,ICU,Critical Care,4,1,25.0,0,1,0,0.0,0,0.0,8.0,199.5,0,2,1,3.0,0.78,2.6,65.6
2024-02-07,H002,CityCare Medical Center,D009,ICU,Critical Care,4,1,25.0,1,0,0,0.0,0,0.0,3.0,70.2,0,2,1,3.0,1.68,,69.2
2024-02-08,H002,CityCare Medical Center,D009,ICU,Critical Care,4,1,25.0,0,0,0,0.0,0,0.0,6.5,138.0,0,2,1,3.0,1.3,,69.6
2024-02-09,H002,CityCare Medical Center,D009,ICU,Critical Care,4,1,25.0,0,0,0,0.0,0,0.0,6.5,153.8,0,1,1,2.0,0.62,,70.5
2024-02-10,H002,CityCare Medical Center,D009,ICU,Critical Care,4,1,25.0,0,1,0,0.0,0,0.0,3.0,67.2,0,1,1,2.0,1.74,3.7,69.1
2024-02-17,H002,CityCare Medical Center,D009,ICU,Critical Care,4,0,0.0,0,0,0,0.0,0,0.0,6.5,162.9,0,1,1,0.0,1.47,,58.2
2024-02-18,H002,CityCare Medical Center,D009,ICU,Critical Care,4,1,25.0,1,0,0,0.0,0,0.0,5.0,106.8,0,2,1,3.0,0.61,3.4,70.5
2024-02-19,H002,CityCare Medical Center,D009,ICU,Critical Care,4,1,25.0,0,0,0,0.0,0,0.0,6.5,136.1,0,2,1,3.0,1.37,,69.6
2024-02-20,H002,CityCare Medical Center,D009,ICU,Critical Care,4,1,25.0,0,0,0,0.0,0,0.0,6.5,160.1,0,2,1,3.0,1.32,,69.6
2024-02-21,H002,CityCare Medical Center,D009,ICU,Critical Care,4,1,25.0,0,0,0,0.0,0,0.0,6.5,135.9,0,1,1,2.0,1.0,,70.0
2024-02-22,H002,CityCare Medical Center,D009,ICU,Critical Care,4,1,25.0,0,0,0,0.0,0,0.0,6.5,153.2,0,1,1,2.0,1.55,,69.3
2024-02-23,H002,CityCare Medical Center,D009,ICU,Critical Care,4,1,25.0,0,1,0,0.0,0,0.0,5.0,117.9,0,1,1,2.0,1.57,3.4,69.3
2024-02-24,H002,CityCare Medical Center,D009,ICU,Critical Care,4,1,25.0,1,0,0,0.0,0,0.0,3.0,62.1,0,1,1,2.0,0.98,4.5,70.0
2024-02-25,H002,CityCare Medical Center,D009,ICU,Critical Care,4,1,25.0,0,0,0,0.0,0,0.0,6.5,159.3,1,1,1,2.0,0.35,,70.8
2024-02-26,H002,CityCare Medical Center,D009,ICU,Critical Care,4,1,25.0,0,0,0,0.0,0,0.0,6.5,157.9,0,2,1,3.0,1.42,,69.5
2024-02-27,H002,CityCare Medical Center,D009,ICU,Critical Care,4,1,25.0,0,1,0,0.0,0,0.0,3.0,67.9,0,2,1,3.0,0.98,4.5,70.0
2024-08-28,H002,CityCare Medical Center,D009,ICU,Critical Care,4,1,25.0,1,0,0,0.0,0,0.0,1.0,23.3,0,1,1,2.0,1.39,4.6,69.5
2024-08-29,H002,CityCare Medical Center,D009,ICU,Critical Care,4,1,25.0,0,1,0,0.0,0,0.0,1.0,22.1,2,1,1,2.0,1.22,4.6,69.7
2025-02-01,H002,CityCare Medical Center,D009,ICU,Critical Care,4,1,25.0,1,0,0,0.0,0,0.0,6.0,133.1,0,1,1,2.0,0.94,3.3,70.1
2025-02-02,H002,CityCare Medical Center,D009,ICU,Critical Care,4,1,25.0,0,0,0,0.0,0,0.0,6.5,156.0,1,1,1,2.0,1.91,,68.9
2025-02-03,H002,CityCare Medical Center,D009,ICU,Critical Care,4,1,25.0,0,0,0,0.0,0,0.0,6.5,142.4,0,1,1,2.0,1.34,,69.6
2025-02-04,H002,CityCare Medical Center,D009,ICU,Critical Care,4,1,25.0,0,0,0,0.0,0,0.0,6.5,147.9,0,1,1,2.0,1.1,,69.9
2025-02-05,H002,CityCare Medical Center,D009,ICU,Critical Care,4,1,25.0,0,0,0,0.0,0,0.0,6.5,162.5,0,1,1,2.0,2.33,,68.4
2025-02-06,H002,CityCare Medical Center,D009,ICU,Critical Care,4,1,25.0,0,0,0,0.0,0,0.0,6.5,162.0,0,2,1,3.0,1.0,,70.0
2025-02-07,H002,CityCare Medical Center,D009,ICU,Critical Care,4,1,25.0,0,1,0,0.0,0,0.0,6.0,139.7,0,1,1,2.0,2.0,3.3,68.8
2025-08-03,H002,CityCare Medical Center,D009,ICU,Critical Care,4,1,25.0,1,0,0,0.0,0,0.0,4.0,86.0,0,2,1,3.0,0.28,,70.9
2025-08-04,H002,CityCare Medical Center,D009,ICU,Critical Care,4,1,25.0,0,0,0,0.0,0,0.0,6.5,163.8,0,1,1,2.0,0.91,,70.1
2025-08-05,H002,CityCare Medical Center,D009,ICU,Critical Care,4,1,25.0,0,0,0,0.0,0,0.0,6.5,139.4,0,2,1,3.0,1.83,,69.0
2025-08-06,H002,CityCare Medical Center,D009,ICU,Critical Care,4,1,25.0,0,0,0,0.0,0,0.0,6.5,139.3,0,2,1,3.0,1.52,,69.4
2025-08-07,H002,CityCare Medical Center,D009,ICU,Critical Care,4,1,25.0,0,1,0,0.0,1,100.0,4.0,83.5,0,1,1,2.0,0.92,,70.1
2025-11-24,H002,CityCare Medical Center,D009,ICU,Critical Care,4,1,25.0,1,0,0,0.0,0,0.0,5.0,125.5,0,1,1,2.0,2.11,,68.7
2025-11-25,H002,CityCare Medical Center,D009,ICU,Critical Care,4,1,25.0,0,0,0,0.0,0,0.0,6.5,147.1,1,2,1,3.0,2.8,,67.8
2025-11-26,H002,CityCare Medical Center,D009,ICU,Critical Care,4,1,25.0,0,0,0,0.0,0,0.0,6.5,140.9,0,2,1,3.0,0.64,,70.4
2025-11-27,H002,CityCare Medical Center,D009,ICU,Critical Care,4,1,25.0,0,0,0,0.0,0,0.0,6.5,134.1,0,2,1,3.0,0.0,,71.2
2025-11-28,H002,CityCare Medical Center,D009,ICU,Critical Care,4,1,25.0,0,0,0,0.0,0,0.0,6.5,138.3,0,1,1,2.0,1.17,,69.8
2025-11-29,H002,CityCare Medical Center,D009,ICU,Critical Care,4,1,25.0,0,1,0,0.0,0,0.0,5.0,116.7,0,2,1,3.0,1.37,3.8,69.6
2020-11-24,H003,Apex Multispecialty Hospital,D001,Emergency Department,Emergency,6,1,16.7,1,0,0,0.0,0,0.0,1.0,22.0,0,1,1,2.0,1.39,4.6,63.3
2020-11-25,H003,Apex Multispecialty Hospital,D001,Emergency Department,Emergency,6,1,16.7,0,1,0,0.0,0,0.0,1.0,22.1,0,1,1,2.0,0.69,4.6,64.2
2021-03-18,H003,Apex Multispecialty Hospital,D001,Emergency Department,Emergency,6,1,16.7,1,1,0,0.0,0,0.0,0.6,14.1,0,2,1,3.0,0.3,4.6,66.9
2021-07-30,H003,Apex Multispecialty Hospital,D001,Emergency Department,Emergency,6,1,16.7,1,1,0,0.0,0,0.0,0.7,16.4,0,1,1,2.0,0.5,4.0,66.6
2021-11-16,H003,Apex Multispecialty Hospital,D001,Emergency Department,Emergency,6,1,16.7,1,0,0,0.0,0,0.0,1.0,21.7,0,2,1,3.0,0.42,3.5,64.5
2021-11-17,H003,Apex Multispecialty Hospital,D001,Emergency Department,Emergency,6,1,16.7,0,1,0,0.0,0,0.0,1.0,24.7,0,1,1,2.0,0.64,3.5,64.2
2022-04-13,H003,Apex Multispecialty Hospital,D001,Emergency Department,Emergency,6,1,16.7,1,1,0,0.0,0,0.0,0.7,17.1,0,1,1,2.0,0.49,3.8,66.6
2022-06-07,H003,Apex Multispecialty Hospital,D001,Emergency Department,Emergency,6,0,0.0,0,0,0,0.0,0,0.0,0.9,18.9,0,1,1,0.0,0.82,,59.0
2022-06-08,H003,Apex Multispecialty Hospital,D001,Emergency Department,Emergency,6,1,16.7,1,0,0,0.0,0,0.0,1.0,20.5,0,1,1,2.0,0.87,4.9,63.9
2022-06-09,H003,Apex Multispecialty Hospital,D001,Emergency Department,Emergency,6,1,16.7,0,1,0,0.0,0,0.0,1.0,25.1,0,1,1,2.0,0.54,4.9,64.3
2023-10-19,H003,Apex Multispecialty Hospital,D001,Emergency Department,Emergency,6,1,16.7,1,1,0,0.0,0,0.0,0.6,14.8,0,1,1,2.0,0.63,4.6,66.5
2023-12-05,H003,Apex Multispecialty Hospital,D001,Emergency Department,Emergency,6,1,16.7,1,1,0,0.0,0,0.0,0.7,16.7,0,1,1,2.0,0.66,3.5,66.4
2023-12-06,H003,Apex Multispecialty Hospital,D001,Emergency Department,Emergency,6,0,0.0,0,0,0,0.0,0,0.0,0.9,19.3,0,1,1,0.0,1.03,,58.8
2023-12-08,H003,Apex Multispecialty Hospital,D001,Emergency Department,Emergency,6,1,16.7,1,1,0,0.0,0,0.0,0.4,9.7,0,1,1,2.0,0.51,4.6,66.6
2024-01-07,H003,Apex Multispecialty Hospital,D001,Emergency Department,Emergency,6,1,16.7,1,1,0,0.0,0,0.0,0.7,17.1,0,1,1,2.0,0.32,4.4,66.8
2024-01-10,H003,Apex Multispecialty Hospital,D001,Emergency Department,Emergency,6,1,16.7,1,0,0,0.0,0,0.0,1.0,21.0,0,1,1,2.0,0.26,4.0,64.7
2024-01-11,H003,Apex Multispecialty Hospital,D001,Emergency Department,Emergency,6,1,16.7,0,1,0,0.0,0,0.0,1.0,22.6,0,2,1,3.0,0.89,4.0,63.9
2024-01-22,H003,Apex Multispecialty Hospital,D001,Emergency Department,Emergency,6,1,16.7,1,1,0,0.0,0,0.0,0.7,14.6,0,2,1,3.0,0.94,3.8,66.1
2024-01-25,H003,Apex Multispecialty Hospital,D001,Emergency Department,Emergency,6,1,16.7,1,0,0,0.0,0,0.0,1.0,22.1,0,1,1,2.0,0.58,3.8,64.3
2024-01-26,H003,Apex Multispecialty Hospital,D001,Emergency Department,Emergency,6,1,16.7,0,1,0,0.0,0,0.0,1.0,24.4,0,1,1,2.0,0.61,3.8,64.3
2024-04-17,H003,Apex Multispecialty Hospital,D001,Emergency Department,Emergency,6,1,16.7,1,1,0,0.0,0,0.0,0.5,10.7,0,1,1,2.0,1.3,4.1,65.7
2024-06-29,H003,Apex Multispecialty Hospital,D001,Emergency Department,Emergency,6,1,16.7,1,1,0,0.0,0,0.0,0.8,18.1,0,2,1,3.0,0.44,5.0,66.7
2024-10-14,H003,Apex Multispecialty Hospital,D001,Emergency Department,Emergency,6,1,16.7,1,1,0,0.0,0,0.0,0.8,19.6,0,2,1,3.0,0.45,4.4,66.7
2024-11-28,H003,Apex Multispecialty Hospital,D001,Emergency Department,Emergency,6,1,16.7,1,0,0,0.0,0,0.0,1.0,24.4,0,1,1,2.0,0.18,3.9,64.8
2024-11-29,H003,Apex Multispecialty Hospital,D001,Emergency Department,Emergency,6,1,16.7,0,1,0,0.0,0,0.0,1.0,24.3,0,1,1,2.0,0.47,3.9,64.4
2025-02-12,H003,Apex Multispecialty Hospital,D001,Emergency Department,Emergency,6,0,0.0,0,0,0,0.0,0,0.0,0.9,21.8,0,1,1,0.0,0.51,,59.4
2025-02-13,H003,Apex Multispecialty Hospital,D001,Emergency Department,Emergency,6,1,16.7,1,1,0,0.0,0,0.0,0.3,7.4,0,1,1,2.0,0.32,4.9,66.8
2025-03-20,H003,Apex Multispecialty Hospital,D001,Emergency Department,Emergency,6,1,16.7,1,1,0,0.0,0,0.0,0.3,7.1,0,1,1,2.0,0.57,4.3,66.5
2025-06-28,H003,Apex Multispecialty Hospital,D001,Emergency Department,Emergency,6,1,16.7,1,1,0,0.0,0,0.0,0.6,12.6,0,1,1,2.0,0.61,4.5,66.5
2025-07-01,H003,Apex Multispecialty Hospital,D001,Emergency Department,Emergency,6,1,16.7,1,1,0,0.0,0,0.0,0.4,9.7,0,1,1,2.0,0.62,3.6,66.5
2025-07-20,H003,Apex Multispecialty Hospital,D001,Emergency Department,Emergency,6,1,16.7,1,1,1,100.0,0,0.0,0.4,8.6,0,1,1,2.0,0.19,4.7,47.0
2025-12-16,H003,Apex Multispecialty Hospital,D001,Emergency Department,Emergency,6,1,16.7,1,1,0,0.0,0,0.0,0.7,17.5,0,1,1,2.0,0.82,4.0,66.2
2020-05-13,H003,Apex Multispecialty Hospital,D002,General Medicine,Medical,8,1,12.5,1,0,0,0.0,0,0.0,3.0,61.8,1,1,1,2.0,0.36,3.4,64.8
2020-05-14,H003,Apex Multispecialty Hospital,D002,General Medicine,Medical,8,2,25.0,1,0,0,0.0,0,0.0,2.0,42.1,0,2,1,1.5,0.1,3.5,71.1
2020-05-15,H003,Apex Multispecialty Hospital,D002,General Medicine,Medical,8,2,25.0,0,0,0,0.0,0,0.0,4.2,96.7,0,1,1,1.0,0.25,,70.9
2020-05-16,H003,Apex Multispecialty Hospital,D002,General Medicine,Medical,8,2,25.0,0,2,0,0.0,0,0.0,2.5,51.6,0,2,1,1.5,0.25,3.45,70.9
2021-01-09,H003,Apex Multispecialty Hospital,D002,General Medicine,Medical,8,0,0.0,0,0,0,0.0,0,0.0,4.2,87.9,0,1,1,0.0,0.33,,59.6
2021-01-10,H003,Apex Multispecialty Hospital,D002,General Medicine,Medical,8,1,12.5,1,0,0,0.0,0,0.0,2.0,49.9,0,2,1,3.0,0.15,,65.0
2021-01-11,H003,Apex Multispecialty Hospital,D002,General Medicine,Medical,8,1,12.5,0,0,0,0.0,0,0.0,4.2,92.9,0,2,1,3.0,0.64,,64.4
2021-01-12,H003,Apex Multispecialty Hospital,D002,General Medicine,Medical,8,1,12.5,0,1,0,0.0,0,0.0,2.0,46.4,0,1,1,2.0,0.28,5.0,64.9
2021-04-13,H003,Apex Multispecialty Hospital,D002,General Medicine,Medical,8,1,12.5,1,0,0,0.0,0,0.0,5.0,112.6,0,1,1,2.0,0.35,3.9,61.0
2021-04-14,H003,Apex Multispecialty Hospital,D002,General Medicine,Medical,8,1,12.5,0,0,0,0.0,0,0.0,4.2,86.2,0,2,1,3.0,0.35,,64.8
2021-04-15,H003,Apex Multispecialty Hospital,D002,General Medicine,Medical,8,1,12.5,0,0,0,0.0,0,0.0,4.2,89.0,0,1,1,2.0,0.38,,64.7
2021-04-16,H003,Apex Multispecialty Hospital,D002,General Medicine,Medical,8,1,12.5,0,0,0,0.0,0,0.0,4.2,89.3,0,2,1,3.0,0.13,,65.0
2021-04-17,H003,Apex Multispecialty Hospital,D002,General Medicine,Medical,8,1,12.5,0,0,0,0.0,0,0.0,4.2,93.4,1,2,1,3.0,0.25,,64.9
2021-04-18,H003,Apex Multispecialty Hospital,D002,General Medicine,Medical,8,1,12.5,0,1,0,0.0,0,0.0,5.0,124.8,0,2,1,3.0,0.34,3.9,61.0
2021-06-23,H003,Apex Multispecialty Hospital,D002,General Medicine,Medical,8,1,12.5,1,1,0,0.0,0,0.0,0.7,15.6,0,1,1,2.0,0.27,2.9,64.9
2022-05-21,H003,Apex Multispecialty Hospital,D002,General Medicine,Medical,8,1,12.5,1,0,0,0.0,0,0.0,3.0,69.8,0,1,1,2.0,0.38,3.6,64.7
2022-05-22,H003,Apex Multispecialty Hospital,D002,General Medicine,Medical,8,1,12.5,0,0,0,0.0,0,0.0,4.2,101.2,0,1,1,2.0,0.52,,64.6
2022-05-23,H003,Apex Multispecialty Hospital,D002,General Medicine,Medical,8,1,12.5,0,0,0,0.0,0,0.0,4.2,93.2,1,1,1,2.0,0.35,,64.8
2022-05-24,H003,Apex Multispecialty Hospital,D002,General Medicine,Medical,8,1,12.5,0,1,0,0.0,0,0.0,3.0,66.2,0,2,1,3.0,0.29,3.6,64.9
2022-06-25,H003,Apex Multispecialty Hospital,D002,General Medicine,Medical,8,1,12.5,1,0,0,0.0,0,0.0,4.0,86.2,0,1,1,2.0,0.29,3.2,64.9
2022-06-26,H003,Apex Multispecialty Hospital,D002,General Medicine,Medical,8,1,12.5,0,0,0,0.0,0,0.0,4.2,100.7,0,1,1,2.0,0.42,,64.7
2022-06-27,H003,Apex Multispecialty Hospital,D002,General Medicine,Medical,8,1,12.5,0,0,0,0.0,0,0.0,4.2,89.7,0,1,1,2.0,0.54,,64.6
2022-06-28,H003,Apex Multispecialty Hospital,D002,General Medicine,Medical,8,1,12.5,0,0,0,0.0,0,0.0,4.2,91.4,1,1,1,2.0,0.43,,64.7
2022-06-29,H003,Apex Multispecialty Hospital,D002,General Medicine,Medical,8,1,12.5,0,1,0,0.0,0,0.0,4.0,97.3,0,2,1,3.0,0.48,,64.6
2022-12-31,H003,Apex Multispecialty Hospital,D002,General Medicine,Medical,8,1,12.5,1,1,0,0.0,0,0.0,0.8,19.3,0,1,1,2.0,0.54,3.8,64.6
2023-03-06,H003,Apex Multispecialty Hospital,D002,General Medicine,Medical,8,1,12.5,1,0,1,100.0,0,0.0,4.0,94.8,0,1,1,2.0,0.28,4.9,44.9
2023-03-07,H003,Apex Multispecialty Hospital,D002,General Medicine,Medical,8,1,12.5,0,0,0,0.0,0,0.0,4.2,103.4,0,1,1,2.0,0.13,,65.0
2023-03-08,H003,Apex Multispecialty Hospital,D002,General Medicine,Medical,8,1,12.5,0,0,0,0.0,0,0.0,4.2,97.6,0,1,1,2.0,0.0,,65.2
2023-03-09,H003,Apex Multispecialty Hospital,D002,General Medicine,Medical,8,1,12.5,0,0,0,0.0,0,0.0,4.2,88.1,0,1,1,2.0,0.32,,64.8
2023-03-10,H003,Apex Multispecialty Hospital,D002,General Medicine,Medical,8,1,12.5,0,1,0,0.0,0,0.0,4.0,83.5,0,1,1,2.0,0.27,4.9,64.9
2023-03-23,H003,Apex Multispecialty Hospital,D002,General Medicine,Medical,8,1,12.5,1,0,0,0.0,0,0.0,2.0,48.1,0,1,1,2.0,0.4,3.7,64.7
2023-03-24,H003,Apex Multispecialty Hospital,D002,General Medicine,Medical,8,1,12.5,0,0,0,0.0,0,0.0,4.2,90.9,0,2,1,3.0,0.23,,64.9
2023-03-25,H003,Apex Multispecialty Hospital,D002,General Medicine,Medical,8,1,12.5,0,1,0,0.0,0,0.0,2.0,41.8,0,1,1,2.0,0.46,3.7,64.6
2023-04-26,H003,Apex Multispecialty Hospital,D002,General Medicine,Medical,8,1,12.5,1,0,0,0.0,0,0.0,4.0,90.7,0,1,1,2.0,0.3,4.0,64.8
2023-04-27,H003,Apex Multispecialty Hospital,D002,General Medicine,Medical,8,1,12.5,0,0,0,0.0,0,0.0,4.2,102.2,0,1,1,2.0,0.36,,64.8
2023-04-28,H003,Apex Multispecialty Hospital,D002,General Medicine,Medical,8,1,12.5,0,0,0,0.0,0,0.0,4.2,104.4,1,2,1,3.0,0.36,,64.8
2023-04-29,H003,Apex Multispecialty Hospital,D002,General Medicine,Medical,8,1,12.5,0,0,0,0.0,0,0.0,4.2,90.2,0,1,1,2.0,0.03,,65.2
2023-04-30,H003,Apex Multispecialty Hospital,D002,General Medicine,Medical,8,1,12.5,0,1,0,0.0,0,0.0,4.0,97.6,0,2,1,3.0,0.36,4.0,64.8
2024-05-10,H003,Apex Multispecialty Hospital,D002,General Medicine,Medical,8,1,12.5,1,0,0,0.0,0,0.0,6.0,123.1,0,1,1,2.0,0.13,3.8,56.5
2024-05-11,H003,Apex Multispecialty Hospital,D002,General Medicine,Medical,8,1,12.5,0,0,0,0.0,0,0.0,4.2,87.7,0,1,1,2.0,0.27,,64.9
2024-05-12,H003,Apex Multispecialty Hospital,D002,General Medicine,Medical,8,1,12.5,0,0,0,0.0,0,0.0,4.2,98.3,0,1,1,2.0,0.28,,64.9
2024-05-13,H003,Apex Multispecialty Hospital,D002,General Medicine,Medical,8,1,12.5,0,0,0,0.0,0,0.0,4.2,86.3,0,1,1,2.0,0.37,,64.8
2024-05-14,H003,Apex Multispecialty Hospital,D002,General Medicine,Medical,8,1,12.5,0,0,0,0.0,0,0.0,4.2,86.9,0,1,1,2.0,0.24,,64.9
2024-05-15,H003,Apex Multispecialty Hospital,D002,General Medicine,Medical,8,1,12.5,0,0,0,0.0,0,0.0,4.2,94.4,0,1,1,2.0,0.52,,64.6
2024-05-16,H003,Apex Multispecialty Hospital,D002,General Medicine,Medical,8,1,12.5,0,1,0,0.0,0,0.0,6.0,131.5,0,2,1,3.0,0.41,3.8,56.1
2024-06-16,H003,Apex Multispecialty Hospital,D002,General Medicine,Medical,8,1,12.5,1,0,0,0.0,0,0.0,5.0,111.3,0,1,1,2.0,0.25,4.6,61.1
2024-06-17,H003,Apex Multispecialty Hospital,D002,General Medicine,Medical,8,1,12.5,0,0,0,0.0,0,0.0,4.2,92.6,0,1,1,2.0,0.13,,65.0
2024-06-18,H003,Apex Multispecialty Hospital,D002,General Medicine,Medical,8,1,12.5,0,0,0,0.0,0,0.0,4.2,95.4,0,2,1,3.0,0.51,,64.6
2024-06-19,H003,Apex Multispecialty Hospital,D002,General Medicine,Medical,8,1,12.5,0,0,0,0.0,0,0.0,4.2,96.7,1,1,1,2.0,0.24,,64.9
2024-06-20,H003,Apex Multispecialty Hospital,D002,General Medicine,Medical,8,1,12.5,0,0,0,0.0,0,0.0,4.2,93.7,0,1,1,2.0,0.4,,64.7
2024-06-21,H003,Apex Multispecialty Hospital,D002,General Medicine,Medical,8,1,12.5,0,1,0,0.0,0,0.0,5.0,118.2,0,1,1,2.0,0.25,4.6,61.1
2024-06-22,H003,Apex Multispecialty Hospital,D002,General Medicine,Medical,8,0,0.0,0,0,0,0.0,0,0.0,4.2,102.6,0,1,1,0.0,0.11,,59.9
2024-12-16,H003,Apex Multispecialty Hospital,D002,General Medicine,Medical,8,1,12.5,1,0,0,0.0,0,0.0,1.0,20.6,0,1,1,2.0,0.12,2.9,65.1
2024-12-17,H003,Apex Multispecialty Hospital,D002,General Medicine,Medical,8,1,12.5,0,1,0,0.0,0,0.0,1.0,22.2,0,1,1,2.0,0.15,2.9,65.0
2025-02-02,H003,Apex Multispecialty Hospital,D002,General Medicine,Medical,8,1,12.5,1,0,0,0.0,0,0.0,3.0,71.4,0,2,1,3.0,0.25,4.3,64.9
2025-02-03,H003,Apex Multispecialty Hospital,D002,General Medicine,Medical,8,1,12.5,0,0,0,0.0,0,0.0,4.2,86.0,0,1,1,2.0,0.53,,64.6
2025-02-04,H003,Apex Multispecialty Hospital,D002,General Medicine,Medical,8,1,12.5,0,0,0,0.0,0,0.0,4.2,87.9,0,2,1,3.0,0.36,,64.8
2025-02-05,H003,Apex Multispecialty Hospital,D002,General Medicine,Medical,8,1,12.5,0,1,0,0.0,0,0.0,3.0,71.1,0,2,1,3.0,0.46,4.3,64.6
2025-04-05,H003,Apex Multispecialty Hospital,D002,General Medicine,Medical,8,1,12.5,1,0,0,0.0,0,0.0,3.0,74.3,0,1,1,2.0,0.25,3.5,64.9
2025-04-06,H003,Apex Multispecialty Hospital,D002,General Medicine,Medical,8,1,12.5,0,0,0,0.0,0,0.0,4.2,100.0,1,2,1,3.0,0.29,,64.9
2025-04-07,H003,Apex Multispecialty Hospital,D002,General Medicine,Medical,8,1,12.5,0,0,0,0.0,0,0.0,4.2,94.8,0,1,1,2.0,0.51,,64.6
2025-04-08,H003,Apex Multispecialty Hospital,D002,General Medicine,Medical,8,1,12.5,0,1,0,0.0,0,0.0,3.0,74.8,0,1,1,2.0,0.39,3.5,64.7
2025-07-10,H003,Apex Multispecialty Hospital,D002,General Medicine,Medical,8,1,12.5,1,0,0,0.0,0,0.0,1.0,24.3,1,1,1,2.0,0.18,3.5,65.0
2025-07-11,H003,Apex Multispecialty Hospital,D002,General Medicine,Medical,8,1,12.5,0,1,0,0.0,0,0.0,1.0,23.1,0,2,1,3.0,0.07,3.5,65.1
2025-09-09,H003,Apex Multispecialty Hospital,D002,General Medicine,Medical,8,1,12.5,1,0,0,0.0,0,0.0,3.0,73.7,0,1,1,2.0,0.22,4.1,64.9
2025-09-10,H003,Apex Multispecialty Hospital,D002,General Medicine,Medical,8,1,12.5,0,0,0,0.0,0,0.0,4.2,91.0,0,1,1,2.0,0.34,,64.8
2025-09-11,H003,Apex Multispecialty Hospital,D002,General Medicine,Medical,8,1,12.5,0,0,0,0.0,0,0.0,4.2,91.2,0,1,1,2.0,0.24,,64.9
2025-09-12,H003,Apex Multispecialty Hospital,D002,General Medicine,Medical,8,1,12.5,0,1,0,0.0,0,0.0,3.0,65.3,0,1,1,2.0,0.4,4.1,64.7
2020-10-19,H003,Apex Multispecialty Hospital,D003,Cardiology,Medical,5,1,20.0,1,0,0,0.0,0,0.0,4.0,94.9,0,1,1,2.0,0.9,4.3,67.7
2020-10-20,H003,Apex Multispecialty Hospital,D003,Cardiology,Medical,5,1,20.0,0,0,0,0.0,0,0.0,5.0,120.8,1,1,1,2.0,0.54,,68.2
2020-10-21,H003,Apex Multispecialty Hospital,D003,Cardiology,Medical,5,1,20.0,0,0,0,0.0,0,0.0,5.0,107.4,0,1,1,2.0,0.69,,68.0
2020-10-22,H003,Apex Multispecialty Hospital,D003,Cardiology,Medical,5,1,20.0,0,0,0,0.0,0,0.0,5.0,108.9,0,1,1,2.0,0.44,,68.3
2020-10-23,H003,Apex Multispecialty Hospital,D003,Cardiology,Medical,5,1,20.0,0,1,0,0.0,0,0.0,4.0,85.8,0,1,1,2.0,0.53,4.3,68.2
2021-09-02,H003,Apex Multispecialty Hospital,D003,Cardiology,Medical,5,1,20.0,1,0,0,0.0,0,0.0,1.0,23.3,0,1,1,2.0,0.45,3.4,68.3
2021-09-03,H003,Apex Multispecialty Hospital,D003,Cardiology,Medical,5,1,20.0,0,1,0,0.0,0,0.0,1.0,23.7,0,1,1,2.0,0.35,3.4,68.4
2021-12-18,H003,Apex Multispecialty Hospital,D003,Cardiology,Medical,5,1,20.0,1,0,0,0.0,0,0.0,2.0,44.4,0,1,1,2.0,1.02,4.5,67.6
2021-12-19,H003,Apex Multispecialty Hospital,D003,Cardiology,Medical,5,1,20.0,0,0,0,0.0,0,0.0,5.0,107.3,0,1,1,2.0,1.01,,67.6
2021-12-20,H003,Apex Multispecialty Hospital,D003,Cardiology,Medical,5,1,20.0,0,1,0,0.0,0,0.0,2.0,42.8,0,1,1,2.0,1.21,4.5,67.3
2023-02-04,H003,Apex Multispecialty Hospital,D003,Cardiology,Medical,5,1,20.0,1,0,0,0.0,0,0.0,4.0,97.0,1,1,1,2.0,0.61,3.8,68.1
2023-02-05,H003,Apex Multispecialty Hospital,D003,Cardiology,Medical,5,1,20.0,0,0,0,0.0,0,0.0,5.0,105.2,0,1,1,2.0,1.15,,67.4
2023-02-06,H003,Apex Multispecialty Hospital,D003,Cardiology,Medical,5,1,20.0,0,0,0,0.0,0,0.0,5.0,120.4,0,2,1,3.0,1.82,,66.6
2023-02-07,H003,Apex Multispecialty Hospital,D003,Cardiology,Medical,5,1,20.0,0,0,0,0.0,0,0.0,5.0,102.4,0,1,1,2.0,0.95,,67.7
2023-02-08,H003,Apex Multispecialty Hospital,D003,Cardiology,Medical,5,1,20.0,0,1,0,0.0,0,0.0,4.0,94.4,0,2,1,3.0,0.89,3.8,67.7
2023-02-13,H003,Apex Multispecialty Hospital,D003,Cardiology,Medical,5,1,20.0,1,0,0,0.0,0,0.0,5.0,122.7,0,1,1,2.0,0.93,3.8,67.7
2023-02-14,H003,Apex Multispecialty Hospital,D003,Cardiology,Medical,5,1,20.0,0,0,0,0.0,0,0.0,5.0,121.0,0,1,1,2.0,0.35,,68.4
2023-02-15,H003,Apex Multispecialty Hospital,D003,Cardiology,Medical,5,1,20.0,0,0,0,0.0,0,0.0,5.0,125.7,0,1,1,2.0,0.4,,68.3
2023-02-16,H003,Apex Multispecialty Hospital,D003,Cardiology,Medical,5,1,20.0,0,0,0,0.0,0,0.0,5.0,102.4,0,1,1,2.0,1.67,,66.8
2023-02-17,H003,Apex Multispecialty Hospital,D003,Cardiology,Medical,5,1,20.0,0,0,0,0.0,0,0.0,5.0,102.0,0,1,1,2.0,1.15,,67.4
2023-02-18,H003,Apex Multispecialty Hospital,D003,Cardiology,Medical,5,1,20.0,0,1,0,0.0,0,0.0,5.0,103.3,0,1,1,2.0,0.41,3.8,68.3
2023-04-22,H003,Apex Multispecialty Hospital,D003,Cardiology,Medical,5,1,20.0,1,0,0,0.0,0,0.0,4.0,92.7,0,1,1,2.0,0.74,4.1,67.9
2023-04-23,H003,Apex Multispecialty Hospital,D003,Cardiology,Medical,5,1,20.0,0,0,0,0.0,0,0.0,5.0,103.9,0,1,1,2.0,0.8,,67.8
2023-04-24,H003,Apex Multispecialty Hospital,D003,Cardiology,Medical,5,1,20.0,0,0,0,0.0,0,0.0,5.0,107.2,1,1,1,2.0,1.63,,66.8
2023-04-25,H003,Apex Multispecialty Hospital,D003,Cardiology,Medical,5,1,20.0,0,0,0,0.0,0,0.0,5.0,117.4,0,2,1,3.0,1.33,,67.2
2023-04-26,H003,Apex Multispecialty Hospital,D003,Cardiology,Medical,5,1,20.0,0,1,0,0.0,0,0.0,4.0,84.2,0,1,1,2.0,1.19,4.1,67.4
2023-08-21,H003,Apex Multispecialty Hospital,D003,Cardiology,Medical,5,2,40.0,2,0,0,0.0,0,0.0,5.0,118.4,0,2,1,1.5,1.95,4.05,76.1
2023-08-22,H003,Apex Multispecialty Hospital,D003,Cardiology,Medical,5,2,40.0,0,0,0,0.0,0,0.0,5.0,116.1,0,2,1,1.5,1.19,,77.0
2023-08-23,H003,Apex Multispecialty Hospital,D003,Cardiology,Medical,5,2,40.0,0,0,0,0.0,0,0.0,5.0,111.3,1,2,1,1.5,1.03,,77.2
2023-08-24,H003,Apex Multispecialty Hospital,D003,Cardiology,Medical,5,2,40.0,0,0,0,0.0,0,0.0,5.0,103.4,0,1,1,1.0,0.13,,78.2
2023-08-25,H003,Apex Multispecialty Hospital,D003,Cardiology,Medical,5,2,40.0,0,1,0,0.0,0,0.0,4.0,82.3,0,1,1,1.0,1.37,,76.8
2023-08-26,H003,Apex Multispecialty Hospital,D003,Cardiology,Medical,5,1,20.0,0,0,0,0.0,0,0.0,5.0,104.4,0,2,1,3.0,1.21,,67.3
2023-08-27,H003,Apex Multispecialty Hospital,D003,Cardiology,Medical,5,1,20.0,0,1,0,0.0,0,0.0,6.0,128.6,0,1,1,2.0,1.15,4.7,63.4
2024-02-18,H003,Apex Multispecialty Hospital,D003,Cardiology,Medical,5,1,20.0,1,0,0,0.0,0,0.0,4.0,96.3,0,2,1,3.0,1.04,3.5,67.6
2024-02-19,H003,Apex Multispecialty Hospital,D003,Cardiology,Medical,5,1,20.0,0,0,0,0.0,0,0.0,5.0,111.3,0,1,1,2.0,1.29,,67.3
2024-02-20,H003,Apex Multispecialty Hospital,D003,Cardiology,Medical,5,1,20.0,0,0,0,0.0,0,0.0,5.0,102.8,1,1,1,2.0,1.81,,66.6
2024-02-21,H003,Apex Multispecialty Hospital,D003,Cardiology,Medical,5,1,20.0,0,0,0,0.0,0,0.0,5.0,108.7,0,1,1,2.0,1.72,,66.7
2024-02-22,H003,Apex Multispecialty Hospital,D003,Cardiology,Medical,5,1,20.0,0,1,0,0.0,0,0.0,4.0,89.1,0,2,1,3.0,1.29,3.5,67.3
2024-05-06,H003,Apex Multispecialty Hospital,D003,Cardiology,Medical,5,1,20.0,1,0,0,0.0,0,0.0,7.0,171.9,0,2,1,3.0,1.0,4.1,59.6
2024-05-07,H003,Apex Multispecialty Hospital,D003,Cardiology,Medical,5,1,20.0,0,0,0,0.0,0,0.0,5.0,102.8,0,1,1,2.0,1.01,,67.6
2024-05-08,H003,Apex Multispecialty Hospital,D003,Cardiology,Medical,5,1,20.0,0,0,0,0.0,0,0.0,5.0,104.0,0,1,1,2.0,1.21,,67.3
2024-05-09,H003,Apex Multispecialty Hospital,D003,Cardiology,Medical,5,1,20.0,0,0,0,0.0,0,0.0,5.0,117.1,0,1,1,2.0,0.42,,68.3
2024-05-10,H003,Apex Multispecialty Hospital,D003,Cardiology,Medical,5,1,20.0,0,0,0,0.0,0,0.0,5.0,110.6,0,2,1,3.0,0.55,,68.1
2024-05-11,H003,Apex Multispecialty Hospital,D003,Cardiology,Medical,5,1,20.0,0,0,0,0.0,0,0.0,5.0,119.7,0,1,1,2.0,0.93,,67.7
2024-05-12,H003,Apex Multispecialty Hospital,D003,Cardiology,Medical,5,1,20.0,0,0,0,0.0,0,0.0,5.0,119.3,0,1,1,2.0,0.57,,68.1
2024-05-13,H003,Apex Multispecialty Hospital,D003,Cardiology,Medical,5,1,20.0,0,1,0,0.0,0,0.0,7.0,170.0,0,1,1,2.0,1.65,4.1,58.8
2025-09-17,H003,Apex Multispecialty Hospital,D003,Cardiology,Medical,5,1,20.0,1,0,0,0.0,0,0.0,4.0,96.3,0,2,1,3.0,0.49,3.5,68.2
2025-09-18,H003,Apex Multispecialty Hospital,D003,Cardiology,Medical,5,1,20.0,0,0,0,0.0,0,0.0,5.0,111.9,0,1,1,2.0,1.14,,67.4
2025-09-19,H003,Apex Multispecialty Hospital,D003,Cardiology,Medical,5,1,20.0,0,0,0,0.0,0,0.0,5.0,111.5,1,1,1,2.0,1.01,,67.6
2025-09-20,H003,Apex Multispecialty Hospital,D003,Cardiology,Medical,5,1,20.0,0,0,0,0.0,0,0.0,5.0,112.9,0,1,1,2.0,1.55,,66.9
2025-09-21,H003,Apex Multispecialty Hospital,D003,Cardiology,Medical,5,1,20.0,0,1,0,0.0,0,0.0,4.0,86.7,0,1,1,2.0,0.99,3.5,67.6
2021-04-26,H003,Apex Multispecialty Hospital,D004,Orthopedics,Surgical,4,1,25.0,1,0,0,0.0,0,0.0,4.0,91.9,1,1,1,2.0,1.17,3.3,69.8
2021-04-27,H003,Apex Multispecialty Hospital,D004,Orthopedics,Surgical,4,1,25.0,0,0,0,0.0,0,0.0,4.5,107.1,0,1,1,2.0,0.49,,70.6
2021-04-28,H003,Apex Multispecialty Hospital,D004,Orthopedics,Surgical,4,1,25.0,0,0,0,0.0,0,0.0,4.5,93.7,0,2,1,3.0,0.62,,70.5
2021-04-29,H003,Apex Multispecialty Hospital,D004,Orthopedics,Surgical,4,1,25.0,0,0,0,0.0,0,0.0,4.5,107.3,0,1,1,2.0,0.93,,70.1
2021-04-30,H003,Apex Multispecialty Hospital,D004,Orthopedics,Surgical,4,1,25.0,0,1,0,0.0,0,0.0,4.0,88.1,0,1,1,2.0,0.78,3.3,70.3
2025-02-01,H003,Apex Multispecialty Hospital,D004,Orthopedics,Surgical,4,1,25.0,1,0,0,0.0,0,0.0,7.0,154.5,0,1,1,2.0,0.61,3.8,59.4
2025-02-02,H003,Apex Multispecialty Hospital,D004,Orthopedics,Surgical,4,1,25.0,0,0,0,0.0,0,0.0,4.5,102.5,0,1,1,2.0,0.87,,70.2
2025-02-03,H003,Apex Multispecialty Hospital,D004,Orthopedics,Surgical,4,1,25.0,0,0,0,0.0,0,0.0,4.5,99.8,0,1,1,2.0,0.69,,70.4
2025-02-04,H003,Apex Multispecialty Hospital,D004,Orthopedics,Surgical,4,1,25.0,0,0,0,0.0,0,0.0,4.5,94.3,1,1,1,2.0,0.91,,70.1
2025-02-05,H003,Apex Multispecialty Hospital,D004,Orthopedics,Surgical,4,1,25.0,0,0,0,0.0,0,0.0,4.5,104.4,0,1,1,2.0,0.6,,70.5
2025-02-06,H003,Apex Multispecialty Hospital,D004,Orthopedics,Surgical,4,1,25.0,0,0,0,0.0,0,0.0,4.5,113.3,0,1,1,2.0,0.88,,70.1
2025-02-07,H003,Apex Multispecialty Hospital,D004,Orthopedics,Surgical,4,1,25.0,0,0,0,0.0,0,0.0,4.5,111.6,0,2,1,3.0,0.0,,71.2
2025-02-08,H003,Apex Multispecialty Hospital,D004,Orthopedics,Surgical,4,2,50.0,1,1,0,0.0,0,0.0,6.5,139.2,0,1,1,1.0,0.69,3.7,73.5
2025-02-09,H003,Apex Multispecialty Hospital,D004,Orthopedics,Surgical,4,1,25.0,0,0,0,0.0,0,0.0,4.5,93.4,1,1,1,2.0,0.63,,70.4
2025-02-10,H003,Apex Multispecialty Hospital,D004,Orthopedics,Surgical,4,1,25.0,0,0,0,0.0,0,0.0,4.5,109.8,0,1,1,2.0,0.83,,70.2
2025-02-11,H003,Apex Multispecialty Hospital,D004,Orthopedics,Surgical,4,1,25.0,0,0,0,0.0,0,0.0,4.5,96.5,0,1,1,2.0,0.9,,70.1
2025-02-12,H003,Apex Multispecialty Hospital,D004,Orthopedics,Surgical,4,1,25.0,0,0,0,0.0,0,0.0,4.5,100.2,0,1,1,2.0,0.48,,70.6
2025-02-13,H003,Apex Multispecialty Hospital,D004,Orthopedics,Surgical,4,1,25.0,0,0,0,0.0,0,0.0,4.5,108.0,0,2,1,3.0,0.0,,71.2
2025-02-14,H003,Apex Multispecialty Hospital,D004,Orthopedics,Surgical,4,1,25.0,0,1,0,0.0,0,0.0,6.0,137.5,0,1,1,2.0,0.59,3.6,63.8
2020-03-09,H003,Apex Multispecialty Hospital,D005,Pediatrics,Medical,4,1,25.0,1,0,0,0.0,0,0.0,4.0,83.9,0,1,1,2.0,0.4,3.1,60.0
2020-03-10,H003,Apex Multispecialty Hospital,D005,Pediatrics,Medical,4,1,25.0,0,0,0,0.0,0,0.0,2.6,64.4,0,1,1,2.0,0.41,,70.7
2020-03-11,H003,Apex Multispecialty Hospital,D005,Pediatrics,Medical,4,1,25.0,0,0,0,0.0,0,0.0,2.6,64.8,1,1,1,2.0,0.51,,70.6
2020-03-12,H003,Apex Multispecialty Hospital,D005,Pediatrics,Medical,4,1,25.0,0,0,0,0.0,0,0.0,2.6,65.4,0,1,1,2.0,0.51,,70.6
2020-03-13,H003,Apex Multispecialty Hospital,D005,Pediatrics,Medical,4,1,25.0,0,1,0,0.0,0,0.0,4.0,93.6,0,2,1,3.0,0.25,3.1,60.1
2020-04-28,H003,Apex Multispecialty Hospital,D005,Pediatrics,Medical,4,1,25.0,1,0,0,0.0,0,0.0,3.0,70.3,0,2,1,3.0,0.5,3.3,67.5
2020-04-29,H003,Apex Multispecialty Hospital,D005,Pediatrics,Medical,4,1,25.0,0,0,0,0.0,0,0.0,2.6,55.7,0,1,1,2.0,0.21,,70.9
2020-04-30,H003,Apex Multispecialty Hospital,D005,Pediatrics,Medical,4,1,25.0,0,0,0,0.0,0,0.0,2.6,56.1,0,1,1,2.0,0.35,,70.8
2020-05-01,H003,Apex Multispecialty Hospital,D005,Pediatrics,Medical,4,1,25.0,0,1,0,0.0,0,0.0,3.0,66.9,0,1,1,2.0,0.3,3.3,67.8
2020-11-02,H003,Apex Multispecialty Hospital,D005,Pediatrics,Medical,4,1,25.0,1,0,0,0.0,0,0.0,4.0,88.1,0,1,1,2.0,0.14,4.1,60.3
2020-11-03,H003,Apex Multispecialty Hospital,D005,Pediatrics,Medical,4,1,25.0,0,0,0,0.0,0,0.0,2.6,64.2,0,1,1,2.0,0.18,,71.0
2020-11-04,H003,Apex Multispecialty Hospital,D005,Pediatrics,Medical,4,1,25.0,0,0,0,0.0,0,0.0,2.6,61.8,0,1,1,2.0,0.56,,70.5
2020-11-05,H003,Apex Multispecialty Hospital,D005,Pediatrics,Medical,4,1,25.0,0,0,0,0.0,0,0.0,2.6,59.0,0,1,1,2.0,0.33,,70.8
2020-11-06,H003,Apex Multispecialty Hospital,D005,Pediatrics,Medical,4,1,25.0,0,1,0,0.0,0,0.0,4.0,85.5,0,2,1,3.0,0.41,4.1,59.9
2021-02-01,H003,Apex Multispecialty Hospital,D005,Pediatrics,Medical,4,1,25.0,1,0,0,0.0,0,0.0,4.0,100.6,0,2,1,3.0,0.4,4.2,60.0
2021-02-02,H003,Apex Multispecialty Hospital,D005,Pediatrics,Medical,4,1,25.0,0,0,0,0.0,0,0.0,2.6,63.3,0,1,1,2.0,0.23,,70.9
2021-02-03,H003,Apex Multispecialty Hospital,D005,Pediatrics,Medical,4,1,25.0,0,0,0,0.0,0,0.0,2.6,65.3,0,1,1,2.0,0.06,,71.1
2021-02-04,H003,Apex Multispecialty Hospital,D005,Pediatrics,Medical,4,1,25.0,0,0,0,0.0,0,0.0,2.6,61.6,0,1,1,2.0,0.27,,70.9
2021-02-05,H003,Apex Multispecialty Hospital,D005,Pediatrics,Medical,4,1,25.0,0,1,0,0.0,0,0.0,4.0,84.7,1,1,1,2.0,0.24,4.2,60.1
2022-08-24,H003,Apex Multispecialty Hospital,D005,Pediatrics,Medical,4,0,0.0,0,0,0,0.0,0,0.0,2.6,54.2,0,1,1,0.0,0.5,,59.4
2022-08-25,H003,Apex Multispecialty Hospital,D005,Pediatrics,Medical,4,1,25.0,1,0,0,0.0,0,0.0,3.0,63.1,0,1,1,2.0,0.12,3.6,68.0
2022-08-26,H003,Apex Multispecialty Hospital,D005,Pediatrics,Medical,4,1,25.0,0,0,0,0.0,0,0.0,2.6,59.9,0,1,1,2.0,0.17,,71.0
2022-08-27,H003,Apex Multispecialty Hospital,D005,Pediatrics,Medical,4,1,25.0,0,0,0,0.0,0,0.0,2.6,54.7,0,1,1,2.0,0.34,,70.8
2022-08-28,H003,Apex Multispecialty Hospital,D005,Pediatrics,Medical,4,1,25.0,0,1,0,0.0,0,0.0,3.0,71.0,0,2,1,3.0,0.34,3.6,67.7
2022-11-11,H003,Apex Multispecialty Hospital,D005,Pediatrics,Medical,4,1,25.0,1,0,0,0.0,0,0.0,3.0,74.4,0,2,1,3.0,0.15,4.9,67.9
2022-11-12,H003,Apex Multispecialty Hospital,D005,Pediatrics,Medical,4,1,25.0,0,0,0,0.0,0,0.0,2.6,59.9,0,1,1,2.0,0.21,,70.9
2022-11-13,H003,Apex Multispecialty Hospital,D005,Pediatrics,Medical,4,1,25.0,0,0,0,0.0,0,0.0,2.6,54.3,1,1,1,2.0,0.26,,70.9
2022-11-14,H003,Apex Multispecialty Hospital,D005,Pediatrics,Medical,4,1,25.0,0,1,0,0.0,0,0.0,3.0,66.8,0,1,1,2.0,0.2,4.9,67.9
2022-12-19,H003,Apex Multispecialty Hospital,D005,Pediatrics,Medical,4,1,25.0,1,0,0,0.0,0,0.0,3.0,73.6,0,1,1,2.0,0.04,4.0,68.1
2022-12-20,H003,Apex Multispecialty Hospital,D005,Pediatrics,Medical,4,1,25.0,0,0,0,0.0,0,0.0,2.6,54.8,0,1,1,2.0,0.26,,70.9
2022-12-21,H003,Apex Multispecialty Hospital,D005,Pediatrics,Medical,4,1,25.0,0,0,0,0.0,0,0.0,2.6,54.4,0,1,1,2.0,0.18,,71.0
2022-12-22,H003,Apex Multispecialty Hospital,D005,Pediatrics,Medical,4,1,25.0,0,1,0,0.0,0,0.0,3.0,72.4,1,2,1,3.0,0.22,4.0,67.9
2023-07-20,H003,Apex Multispecialty Hospital,D005,Pediatrics,Medical,4,0,0.0,0,0,0,0.0,0,0.0,2.6,55.0,0,1,1,0.0,0.24,,59.7
2023-07-21,H003,Apex Multispecialty Hospital,D005,Pediatrics,Medical,4,1,25.0,1,0,0,0.0,0,0.0,2.0,49.8,0,1,1,2.0,0.41,4.4,70.7
2023-07-22,H003,Apex Multispecialty Hospital,D005,Pediatrics,Medical,4,1,25.0,0,0,0,0.0,0,0.0,2.6,54.0,0,1,1,2.0,0.42,,70.7
2023-07-23,H003,Apex Multispecialty Hospital,D005,Pediatrics,Medical,4,1,25.0,0,1,0,0.0,0,0.0,2.0,44.9,0,2,1,3.0,0.31,4.4,70.8
2023-09-23,H003,Apex Multispecialty Hospital,D005,Pediatrics,Medical,4,1,25.0,1,0,0,0.0,0,0.0,2.0,50.2,0,2,1,3.0,0.38,3.8,70.7
2023-09-24,H003,Apex Multispecialty Hospital,D005,Pediatrics,Medical,4,1,25.0,0,0,0,0.0,0,0.0,2.6,53.9,0,2,1,3.0,0.11,,71.1
2023-09-25,H003,Apex Multispecialty Hospital,D005,Pediatrics,Medical,4,1,25.0,0,1,0,0.0,0,0.0,2.0,41.5,0,1,1,2.0,0.2,3.8,71.0
2024-04-30,H003,Apex Multispecialty Hospital,D005,Pediatrics,Medical,4,1,25.0,1,0,0,0.0,0,0.0,1.0,24.0,1,1,1,2.0,0.29,3.5,70.9
2024-05-01,H003,Apex Multispecialty Hospital,D005,Pediatrics,Medical,4,1,25.0,0,1,0,0.0,0,0.0,1.0,21.9,0,1,1,2.0,0.34,3.5,70.8
2024-07-29,H003,Apex Multispecialty Hospital,D005,Pediatrics,Medical,4,1,25.0,1,0,0,0.0,0,0.0,3.0,73.8,0,1,1,2.0,0.54,4.5,67.5
2024-07-30,H003,Apex Multispecialty Hospital,D005,Pediatrics,Medical,4,1,25.0,0,0,0,0.0,0,0.0,2.6,63.7,0,1,1,2.0,0.08,,71.1
2024-07-31,H003,Apex Multispecialty Hospital,D005,Pediatrics,Medical,4,1,25.0,0,0,0,0.0,0,0.0,2.6,63.6,1,1,1,2.0,0.49,,70.6
2024-08-01,H003,Apex Multispecialty Hospital,D005,Pediatrics,Medical,4,1,25.0,0,1,0,0.0,0,0.0,3.0,62.6,0,1,1,2.0,0.24,4.5,67.8
2020-01-26,H003,Apex Multispecialty Hospital,D006,Neurology,Medical,4,1,25.0,1,1,0,0.0,0,0.0,0.5,11.8,1,2,1,3.0,0.89,4.3,70.1
2020-03-30,H003,Apex Multispecialty Hospital,D006,Neurology,Medical,4,1,25.0,1,0,0,0.0,0,0.0,3.0,64.8,0,2,1,3.0,1.36,4.0,69.6
2020-03-31,H003,Apex Multispecialty Hospital,D006,Neurology,Medical,4,1,25.0,0,0,0,0.0,0,0.0,5.5,123.1,0,1,1,2.0,1.28,,69.7
2020-04-01,H003,Apex Multispecialty Hospital,D006,Neurology,Medical,4,1,25.0,0,0,0,0.0,0,0.0,5.5,130.1,0,1,1,2.0,0.3,,70.8
2020-04-02,H003,Apex Multispecialty Hospital,D006,Neurology,Medical,4,1,25.0,0,1,0,0.0,0,0.0,3.0,73.8,0,1,1,2.0,0.4,4.0,70.7
2020-09-15,H003,Apex Multispecialty Hospital,D006,Neurology,Medical,4,1,25.0,1,0,0,0.0,0,0.0,5.0,105.1,0,1,1,2.0,1.24,4.9,69.7
2020-09-16,H003,Apex Multispecialty Hospital,D006,Neurology,Medical,4,1,25.0,0,0,0,0.0,0,0.0,5.5,137.3,1,2,1,3.0,0.65,,70.4
2020-09-17,H003,Apex Multispecialty Hospital,D006,Neurology,Medical,4,1,25.0,0,0,0,0.0,0,0.0,5.5,133.0,0,1,1,2.0,0.76,,70.3
2020-09-18,H003,Apex Multispecialty Hospital,D006,Neurology,Medical,4,1,25.0,0,0,0,0.0,0,0.0,5.5,136.1,0,1,1,2.0,0.64,,70.4
2020-09-19,H003,Apex Multispecialty Hospital,D006,Neurology,Medical,4,1,25.0,0,0,0,0.0,0,0.0,5.5,137.8,0,1,1,2.0,0.73,,70.3
2020-09-20,H003,Apex Multispecialty Hospital,D006,Neurology,Medical,4,1,25.0,0,1,0,0.0,0,0.0,5.0,124.0,0,1,1,2.0,0.77,4.9,70.3
2020-09-21,H003,Apex Multispecialty Hospital,D006,Neurology,Medical,4,0,0.0,0,0,0,0.0,0,0.0,5.5,119.4,0,1,1,0.0,0.76,,59.1
2020-10-12,H003,Apex Multispecialty Hospital,D006,Neurology,Medical,4,1,25.0,1,0,0,0.0,0,0.0,4.0,88.2,0,1,1,2.0,1.44,4.6,69.5
2020-10-13,H003,Apex Multispecialty Hospital,D006,Neurology,Medical,4,1,25.0,0,0,0,0.0,0,0.0,5.5,136.2,1,1,1,2.0,0.4,,70.7
2020-10-14,H003,Apex Multispecialty Hospital,D006,Neurology,Medical,4,1,25.0,0,0,0,0.0,0,0.0,5.5,128.4,0,1,1,2.0,0.19,,71.0
2020-10-15,H003,Apex Multispecialty Hospital,D006,Neurology,Medical,4,1,25.0,0,0,0,0.0,0,0.0,5.5,122.8,0,2,1,3.0,1.47,,69.4
2020-10-16,H003,Apex Multispecialty Hospital,D006,Neurology,Medical,4,1,25.0,0,1,0,0.0,0,0.0,4.0,86.8,0,1,1,2.0,0.61,4.6,70.5
2020-10-18,H003,Apex Multispecialty Hospital,D006,Neurology,Medical,4,1,25.0,1,0,0,0.0,0,0.0,6.0,134.0,0,1,1,2.0,1.22,3.8,67.9
2020-10-19,H003,Apex Multispecialty Hospital,D006,Neurology,Medical,4,1,25.0,0,0,0,0.0,0,0.0,5.5,114.2,0,1,1,2.0,0.06,,71.1
2020-10-20,H003,Apex Multispecialty Hospital,D006,Neurology,Medical,4,1,25.0,0,0,0,0.0,0,0.0,5.5,128.3,0,2,1,3.0,0.22,,70.9
2020-10-21,H003,Apex Multispecialty Hospital,D006,Neurology,Medical,4,1,25.0,0,0,0,0.0,0,0.0,5.5,134.9,0,2,1,3.0,0.43,,70.7
2020-10-22,H003,Apex Multispecialty Hospital,D006,Neurology,Medical,4,1,25.0,0,0,0,0.0,0,0.0,5.5,133.2,0,1,1,2.0,1.28,,69.7
2020-10-23,H003,Apex Multispecialty Hospital,D006,Neurology,Medical,4,1,25.0,0,0,0,0.0,0,0.0,5.5,130.4,0,1,1,2.0,0.91,,70.1
2020-10-24,H003,Apex Multispecialty Hospital,D006,Neurology,Medical,4,1,25.0,0,1,0,0.0,0,0.0,6.0,126.6,0,1,1,2.0,1.18,3.8,68.0
2021-08-13,H003,Apex Multispecialty Hospital,D006,Neurology,Medical,4,1,25.0,1,0,0,0.0,0,0.0,6.0,137.8,0,1,1,2.0,0.19,3.8,69.2
2021-08-14,H003,Apex Multispecialty Hospital,D006,Neurology,Medical,4,1,25.0,0,0,0,0.0,0,0.0,5.5,118.5,0,1,1,2.0,0.78,,70.3
2021-08-15,H003,Apex Multispecialty Hospital,D006,Neurology,Medical,4,1,25.0,0,0,0,0.0,0,0.0,5.5,113.8,0,1,1,2.0,1.06,,69.9
2021-08-16,H003,Apex Multispecialty Hospital,D006,Neurology,Medical,4,1,25.0,0,0,0,0.0,0,0.0,5.5,129.5,0,1,1,2.0,0.46,,70.6
2021-08-17,H003,Apex Multispecialty Hospital,D006,Neurology,Medical,4,1,25.0,0,0,0,0.0,0,0.0,5.5,124.5,0,2,1,3.0,0.31,,70.8
2021-08-18,H003,Apex Multispecialty Hospital,D006,Neurology,Medical,4,1,25.0,0,0,0,0.0,0,0.0,5.5,114.6,0,1,1,2.0,0.68,,70.4
2021-08-19,H003,Apex Multispecialty Hospital,D006,Neurology,Medical,4,1,25.0,0,1,0,0.0,0,0.0,6.0,126.7,0,1,1,2.0,0.49,3.8,68.8
2021-08-20,H003,Apex Multispecialty Hospital,D006,Neurology,Medical,4,0,0.0,0,0,0,0.0,0,0.0,5.5,138.5,0,1,1,0.0,0.48,,59.4
2021-09-15,H003,Apex Multispecialty Hospital,D006,Neurology,Medical,4,1,25.0,1,0,0,0.0,0,0.0,5.0,106.9,0,1,1,2.0,1.47,4.0,69.4
2021-09-16,H003,Apex Multispecialty Hospital,D006,Neurology,Medical,4,1,25.0,0,0,0,0.0,0,0.0,5.5,130.6,0,1,1,2.0,1.91,,68.9
2021-09-17,H003,Apex Multispecialty Hospital,D006,Neurology,Medical,4,1,25.0,0,0,0,0.0,0,0.0,5.5,127.2,0,1,1,2.0,0.7,,70.4
2021-09-18,H003,Apex Multispecialty Hospital,D006,Neurology,Medical,4,1,25.0,0,0,0,0.0,0,0.0,5.5,131.9,0,1,1,2.0,0.43,,70.7
2021-09-19,H003,Apex Multispecialty Hospital,D006,Neurology,Medical,4,1,25.0,0,0,0,0.0,0,0.0,5.5,120.3,0,1,1,2.0,1.07,,69.9
2021-09-20,H003,Apex Multispecialty Hospital,D006,Neurology,Medical,4,1,25.0,0,1,0,0.0,0,0.0,5.0,119.0,0,1,1,2.0,0.4,4.0,70.7
2022-10-21,H003,Apex Multispecialty Hospital,D006,Neurology,Medical,4,1,25.0,1,0,0,0.0,0,0.0,1.0,21.9,0,1,1,2.0,1.21,4.0,69.7
2022-10-22,H003,Apex Multispecialty Hospital,D006,Neurology,Medical,4,1,25.0,0,1,0,0.0,0,0.0,1.0,25.1,0,2,1,3.0,0.61,4.0,70.5
2023-04-23,H003,Apex Multispecialty Hospital,D006,Neurology,Medical,4,1,25.0,1,0,0,0.0,0,0.0,5.0,114.8,0,2,1,3.0,0.68,4.6,70.4
2023-04-24,H003,Apex Multispecialty Hospital,D006,Neurology,Medical,4,1,25.0,0,0,0,0.0,0,0.0,5.5,117.9,0,1,1,2.0,0.97,,70.0
2023-04-25,H003,Apex Multispecialty Hospital,D006,Neurology,Medical,4,1,25.0,0,0,0,0.0,0,0.0,5.5,136.2,0,1,1,2.0,0.96,,70.0
2023-04-26,H003,Apex Multispecialty Hospital,D006,Neurology,Medical,4,1,25.0,0,0,0,0.0,0,0.0,5.5,115.2,0,1,1,2.0,1.58,,69.3
2023-04-27,H003,Apex Multispecialty Hospital,D006,Neurology,Medical,4,1,25.0,0,0,0,0.0,0,0.0,5.5,119.0,0,1,1,2.0,0.4,,70.7
2023-04-28,H003,Apex Multispecialty Hospital,D006,Neurology,Medical,4,1,25.0,0,1,0,0.0,0,0.0,5.0,102.5,0,1,1,2.0,0.5,4.6,70.6
2023-09-12,H003,Apex Multispecialty Hospital,D006,Neurology,Medical,4,1,25.0,1,0,0,0.0,0,0.0,3.0,75.4,0,1,1,2.0,0.52,5.0,70.6
2023-09-13,H003,Apex Multispecialty Hospital,D006,Neurology,Medical,4,1,25.0,0,0,0,0.0,0,0.0,5.5,126.6,0,2,1,3.0,1.01,,70.0
2023-09-14,H003,Apex Multispecialty Hospital,D006,Neurology,Medical,4,1,25.0,0,0,0,0.0,0,0.0,5.5,131.1,0,1,1,2.0,0.09,,71.1
2023-09-15,H003,Apex Multispecialty Hospital,D006,Neurology,Medical,4,1,25.0,0,1,0,0.0,0,0.0,3.0,73.7,1,2,1,3.0,1.57,5.0,69.3
2023-09-16,H003,Apex Multispecialty Hospital,D006,Neurology,Medical,4,0,0.0,0,0,0,0.0,0,0.0,5.5,133.8,0,1,1,0.0,0.42,,59.5
2024-07-29,H003,Apex Multispecialty Hospital,D006,Neurology,Medical,4,1,25.0,1,0,0,0.0,0,0.0,5.0,106.4,0,1,1,2.0,0.75,3.2,70.3
2024-07-30,H003,Apex Multispecialty Hospital,D006,Neurology,Medical,4,1,25.0,0,0,0,0.0,0,0.0,5.5,115.7,0,1,1,2.0,0.19,,71.0
2024-07-31,H003,Apex Multispecialty Hospital,D006,Neurology,Medical,4,1,25.0,0,0,0,0.0,0,0.0,5.5,121.8,0,1,1,2.0,0.62,,70.5
2024-08-01,H003,Apex Multispecialty Hospital,D006,Neurology,Medical,4,1,25.0,0,0,0,0.0,0,0.0,5.5,118.6,0,1,1,2.0,0.64,,70.4
2024-08-02,H003,Apex Multispecialty Hospital,D006,Neurology,Medical,4,1,25.0,0,0,0,0.0,0,0.0,5.5,118.1,0,1,1,2.0,0.89,,70.1
2024-08-03,H003,Apex Multispecialty Hospital,D006,Neurology,Medical,4,1,25.0,0,1,0,0.0,0,0.0,5.0,112.5,0,1,1,2.0,1.04,3.2,70.0
2025-01-24,H003,Apex Multispecialty Hospital,D006,Neurology,Medical,4,0,0.0,0,0,0,0.0,0,0.0,5.5,119.9,0,1,1,0.0,1.36,,58.4
2025-01-25,H003,Apex Multispecialty Hospital,D006,Neurology,Medical,4,1,25.0,1,0,0,0.0,0,0.0,4.0,96.4,0,2,1,3.0,0.72,,70.3
2025-01-26,H003,Apex Multispecialty Hospital,D006,Neurology,Medical,4,1,25.0,0,0,0,0.0,0,0.0,5.5,114.8,0,1,1,2.0,0.81,,70.2
2025-01-27,H003,Apex Multispecialty Hospital,D006,Neurology,Medical,4,1,25.0,0,0,0,0.0,0,0.0,5.5,135.6,0,1,1,2.0,0.74,,70.3
2025-01-28,H003,Apex Multispecialty Hospital,D006,Neurology,Medical,4,1,25.0,0,0,0,0.0,0,0.0,5.5,113.9,0,2,1,3.0,1.04,,70.0
2025-01-29,H003,Apex Multispecialty Hospital,D006,Neurology,Medical,4,1,25.0,0,1,0,0.0,1,100.0,4.0,98.5,0,1,1,2.0,0.67,,70.4
2021-01-06,H003,Apex Multispecialty Hospital,D007,Oncology,Medical,4,1,25.0,1,0,0,0.0,0,0.0,8.0,190.7,0,1,1,2.0,1.01,3.8,68.7
2021-01-07,H003,Apex Multispecialty Hospital,D007,Oncology,Medical,4,1,25.0,0,0,0,0.0,0,0.0,7.5,159.1,0,1,1,2.0,0.93,,70.1
2021-01-08,H003,Apex Multispecialty Hospital,D007,Oncology,Medical,4,1,25.0,0,0,0,0.0,0,0.0,7.5,182.9,0,1,1,2.0,1.23,,69.7
2021-01-09,H003,Apex Multispecialty Hospital,D007,Oncology,Medical,4,1,25.0,0,0,0,0.0,0,0.0,7.5,176.7,0,1,1,2.0,0.85,,70.2
2021-01-10,H003,Apex Multispecialty Hospital,D007,Oncology,Medical,4,1,25.0,0,0,0,0.0,0,0.0,7.5,160.3,0,1,1,2.0,0.52,,70.6
2021-01-11,H003,Apex Multispecialty Hospital,D007,Oncology,Medical,4,1,25.0,0,0,0,0.0,0,0.0,7.5,153.4,0,1,1,2.0,1.01,,70.0
2021-01-12,H003,Apex Multispecialty Hospital,D007,Oncology,Medical,4,1,25.0,0,0,0,0.0,0,0.0,7.5,172.6,0,1,1,2.0,1.43,,69.5
2021-01-13,H003,Apex Multispecialty Hospital,D007,Oncology,Medical,4,1,25.0,0,0,0,0.0,0,0.0,7.5,155.0,0,1,1,2.0,0.07,,71.1
2021-01-14,H003,Apex Multispecialty Hospital,D007,Oncology,Medical,4,1,25.0,0,1,0,0.0,0,0.0,8.0,183.7,0,1,1,2.0,1.24,3.8,68.4
2025-11-25,H003,Apex Multispecialty Hospital,D007,Oncology,Medical,4,0,0.0,0,0,0,0.0,0,0.0,7.5,185.2,0,1,1,0.0,0.6,,59.3
2025-11-26,H003,Apex Multispecialty Hospital,D007,Oncology,Medical,4,1,25.0,1,0,1,100.0,0,0.0,6.0,132.6,0,1,1,2.0,1.11,3.8,49.9
2025-11-27,H003,Apex Multispecialty Hospital,D007,Oncology,Medical,4,1,25.0,0,0,0,0.0,0,0.0,7.5,183.7,0,1,1,2.0,1.24,,69.7
2025-11-28,H003,Apex Multispecialty Hospital,D007,Oncology,Medical,4,1,25.0,0,0,0,0.0,0,0.0,7.5,172.5,0,1,1,2.0,0.54,,70.6
2025-11-29,H003,Apex Multispecialty Hospital,D007,Oncology,Medical,4,1,25.0,0,0,0,0.0,0,0.0,7.5,185.0,0,2,1,3.0,1.11,,69.9
2025-11-30,H003,Apex Multispecialty Hospital,D007,Oncology,Medical,4,1,25.0,0,0,0,0.0,0,0.0,7.5,182.0,0,1,1,2.0,1.45,,69.5
2025-12-01,H003,Apex Multispecialty Hospital,D007,Oncology,Medical,4,1,25.0,0,0,0,0.0,0,0.0,7.5,168.6,0,1,1,2.0,0.63,,70.4
2025-12-02,H003,Apex Multispecialty Hospital,D007,Oncology,Medical,4,1,25.0,0,1,0,0.0,0,0.0,6.0,137.6,0,1,1,2.0,0.69,3.8,70.4
2020-09-02,H003,Apex Multispecialty Hospital,D008,General Surgery,Surgical,5,1,20.0,1,0,0,0.0,0,0.0,3.0,74.6,0,1,1,2.0,1.28,3.4,67.3
2020-09-03,H003,Apex Multispecialty Hospital,D008,General Surgery,Surgical,5,1,20.0,0,0,0,0.0,0,0.0,4.8,115.4,1,1,1,2.0,0.38,,68.3
2020-09-04,H003,Apex Multispecialty Hospital,D008,General Surgery,Surgical,5,1,20.0,0,0,0,0.0,0,0.0,4.8,109.3,0,1,1,2.0,0.73,,67.9
2020-09-05,H003,Apex Multispecialty Hospital,D008,General Surgery,Surgical,5,1,20.0,0,1,0,0.0,0,0.0,3.0,67.4,0,1,1,2.0,0.78,3.4,67.9
2020-12-25,H003,Apex Multispecialty Hospital,D008,General Surgery,Surgical,5,1,20.0,1,0,0,0.0,0,0.0,3.0,68.3,0,1,1,2.0,1.06,4.9,67.5
2020-12-26,H003,Apex Multispecialty Hospital,D008,General Surgery,Surgical,5,1,20.0,0,0,0,0.0,0,0.0,4.8,106.2,0,2,1,3.0,1.07,,67.5
2020-12-27,H003,Apex Multispecialty Hospital,D008,General Surgery,Surgical,5,1,20.0,0,0,0,0.0,0,0.0,4.8,99.3,0,1,1,2.0,0.91,,67.7
2020-12-28,H003,Apex Multispecialty Hospital,D008,General Surgery,Surgical,5,1,20.0,0,1,0,0.0,0,0.0,3.0,63.4,0,1,1,2.0,0.73,4.9,67.9
2020-12-29,H003,Apex Multispecialty Hospital,D008,General Surgery,Surgical,5,0,0.0,0,0,0,0.0,0,0.0,4.8,105.5,0,1,1,0.0,1.27,,58.5
2021-05-15,H003,Apex Multispecialty Hospital,D008,General Surgery,Surgical,5,1,20.0,1,0,0,0.0,0,0.0,7.0,152.4,0,1,1,2.0,2.0,4.1,57.2
2021-05-16,H003,Apex Multispecialty Hospital,D008,General Surgery,Surgical,5,1,20.0,0,0,0,0.0,0,0.0,4.8,111.0,0,1,1,2.0,1.17,,67.4
2021-05-17,H003,Apex Multispecialty Hospital,D008,General Surgery,Surgical,5,1,20.0,0,0,0,0.0,0,0.0,4.8,100.8,0,1,1,2.0,0.64,,68.0
2021-05-18,H003,Apex Multispecialty Hospital,D008,General Surgery,Surgical,5,1,20.0,0,0,0,0.0,0,0.0,4.8,109.4,0,1,1,2.0,0.22,,68.5
2021-05-19,H003,Apex Multispecialty Hospital,D008,General Surgery,Surgical,5,1,20.0,0,0,0,0.0,0,0.0,4.8,98.9,0,1,1,2.0,1.48,,67.0
2021-05-20,H003,Apex Multispecialty Hospital,D008,General Surgery,Surgical,5,1,20.0,0,0,0,0.0,0,0.0,4.8,108.3,0,1,1,2.0,0.84,,67.8
2021-05-21,H003,Apex Multispecialty Hospital,D008,General Surgery,Surgical,5,1,20.0,0,0,0,0.0,0,0.0,4.8,118.4,0,1,1,2.0,1.43,,67.1
2021-05-22,H003,Apex Multispecialty Hospital,D008,General Surgery,Surgical,5,1,20.0,0,1,0,0.0,0,0.0,7.0,154.3,0,1,1,2.0,0.95,4.1,58.5
2021-06-16,H003,Apex Multispecialty Hospital,D008,General Surgery,Surgical,5,1,20.0,1,0,0,0.0,0,0.0,8.0,183.2,0,1,1,2.0,0.63,3.8,54.7
2021-06-17,H003,Apex Multispecialty Hospital,D008,General Surgery,Surgical,5,1,20.0,0,0,0,0.0,0,0.0,4.8,108.6,0,1,1,2.0,0.89,,67.7
2021-06-18,H003,Apex Multispecialty Hospital,D008,General Surgery,Surgical,5,1,20.0,0,0,0,0.0,0,0.0,4.8,106.1,0,2,1,3.0,0.53,,68.2
2021-06-19,H003,Apex Multispecialty Hospital,D008,General Surgery,Surgical,5,1,20.0,0,0,0,0.0,0,0.0,4.8,114.8,0,2,1,3.0,0.98,,67.6
2021-06-20,H003,Apex Multispecialty Hospital,D008,General Surgery,Surgical,5,1,20.0,0,0,0,0.0,0,0.0,4.8,110.7,0,1,1,2.0,0.69,,68.0
2021-06-21,H003,Apex Multispecialty Hospital,D008,General Surgery,Surgical,5,1,20.0,0,0,0,0.0,0,0.0,4.8,100.0,0,1,1,2.0,0.6,,68.1
2021-06-22,H003,Apex Multispecialty Hospital,D008,General Surgery,Surgical,5,1,20.0,0,0,0,0.0,0,0.0,4.8,117.6,0,1,1,2.0,1.74,,66.7
2021-06-23,H003,Apex Multispecialty Hospital,D008,General Surgery,Surgical,5,1,20.0,0,0,0,0.0,0,0.0,4.8,106.9,0,2,1,3.0,0.96,,67.6
2021-06-24,H003,Apex Multispecialty Hospital,D008,General Surgery,Surgical,5,1,20.0,0,1,0,0.0,0,0.0,8.0,190.0,0,1,1,2.0,0.6,3.8,54.7
2021-09-09,H003,Apex Multispecialty Hospital,D008,General Surgery,Surgical,5,0,0.0,0,0,0,0.0,0,0.0,4.8,115.8,0,1,1,0.0,0.27,,59.7
2021-09-10,H003,Apex Multispecialty Hospital,D008,General Surgery,Surgical,5,1,20.0,1,0,1,100.0,0,0.0,7.0,154.4,0,1,1,2.0,1.49,2.9,37.8
2021-09-11,H003,Apex Multispecialty Hospital,D008,General Surgery,Surgical,5,1,20.0,0,0,0,0.0,0,0.0,4.8,105.6,1,1,1,2.0,0.0,,68.8
2021-09-12,H003,Apex Multispecialty Hospital,D008,General Surgery,Surgical,5,1,20.0,0,0,0,0.0,0,0.0,4.8,100.7,0,2,1,3.0,1.17,,67.4
2021-09-13,H003,Apex Multispecialty Hospital,D008,General Surgery,Surgical,5,1,20.0,0,0,0,0.0,0,0.0,4.8,111.8,0,1,1,2.0,0.47,,68.2
2021-09-14,H003,Apex Multispecialty Hospital,D008,General Surgery,Surgical,5,1,20.0,0,0,0,0.0,0,0.0,4.8,107.3,0,1,1,2.0,1.6,,66.9
2021-09-15,H003,Apex Multispecialty Hospital,D008,General Surgery,Surgical,5,1,20.0,0,0,0,0.0,0,0.0,4.8,115.4,0,1,1,2.0,0.98,,67.6
2021-09-16,H003,Apex Multispecialty Hospital,D008,General Surgery,Surgical,5,1,20.0,0,0,0,0.0,0,0.0,4.8,105.6,0,2,1,3.0,0.98,,67.6
2021-09-17,H003,Apex Multispecialty Hospital,D008,General Surgery,Surgical,5,1,20.0,0,1,0,0.0,0,0.0,7.0,150.1,0,1,1,2.0,1.48,2.9,57.9
2021-10-06,H003,Apex Multispecialty Hospital,D008,General Surgery,Surgical,5,1,20.0,1,0,0,0.0,0,0.0,3.0,71.2,1,1,1,2.0,1.43,3.8,67.1
2021-10-07,H003,Apex Multispecialty Hospital,D008,General Surgery,Surgical,5,1,20.0,0,0,0,0.0,0,0.0,4.8,102.9,0,2,1,3.0,1.41,,67.1
2021-10-08,H003,Apex Multispecialty Hospital,D008,General Surgery,Surgical,5,1,20.0,0,0,0,0.0,0,0.0,4.8,116.1,0,1,1,2.0,0.95,,67.7
2021-10-09,H003,Apex Multispecialty Hospital,D008,General Surgery,Surgical,5,1,20.0,0,1,0,0.0,0,0.0,3.0,63.3,0,1,1,2.0,0.4,3.8,68.3
2022-12-21,H003,Apex Multispecialty Hospital,D008,General Surgery,Surgical,5,1,20.0,1,0,0,0.0,0,0.0,2.0,44.5,0,1,1,2.0,0.98,4.0,67.6
2022-12-22,H003,Apex Multispecialty Hospital,D008,General Surgery,Surgical,5,1,20.0,0,0,0,0.0,0,0.0,4.8,101.9,0,1,1,2.0,0.79,,67.9
2022-12-23,H003,Apex Multispecialty Hospital,D008,General Surgery,Surgical,5,1,20.0,0,1,0,0.0,0,0.0,2.0,48.1,0,1,1,2.0,0.71,4.0,67.9
2020-01-11,H003,Apex Multispecialty Hospital,D009,ICU,Critical Care,4,1,25.0,1,0,0,0.0,0,0.0,6.0,137.8,0,2,1,3.0,1.12,3.7,69.9
2020-01-12,H003,Apex Multispecialty Hospital,D009,ICU,Critical Care,4,1,25.0,0,0,0,0.0,0,0.0,6.5,157.4,0,2,1,3.0,2.14,,68.6
2020-01-13,H003,Apex Multispecialty Hospital,D009,ICU,Critical Care,4,1,25.0,0,0,0,0.0,0,0.0,6.5,145.4,0,2,1,3.0,0.59,,70.5
2020-01-14,H003,Apex Multispecialty Hospital,D009,ICU,Critical Care,4,1,25.0,0,0,0,0.0,0,0.0,6.5,135.5,1,1,1,2.0,1.14,,69.8
2020-01-15,H003,Apex Multispecialty Hospital,D009,ICU,Critical Care,4,1,25.0,0,0,0,0.0,0,0.0,6.5,140.0,0,1,1,2.0,1.34,,69.6
2020-01-16,H003,Apex Multispecialty Hospital,D009,ICU,Critical Care,4,1,25.0,0,0,0,0.0,0,0.0,6.5,137.7,0,2,1,3.0,0.0,,71.2
2020-01-17,H003,Apex Multispecialty Hospital,D009,ICU,Critical Care,4,1,25.0,0,1,0,0.0,0,0.0,6.0,147.3,0,1,1,2.0,1.34,3.7,69.6
2020-03-05,H003,Apex Multispecialty Hospital,D009,ICU,Critical Care,4,1,25.0,1,0,0,0.0,0,0.0,5.0,112.9,0,1,1,2.0,1.1,,69.9
2020-03-06,H003,Apex Multispecialty Hospital,D009,ICU,Critical Care,4,1,25.0,0,0,0,0.0,0,0.0,6.5,145.8,0,2,1,3.0,0.72,,70.3
2020-03-07,H003,Apex Multispecialty Hospital,D009,ICU,Critical Care,4,1,25.0,0,0,0,0.0,0,0.0,6.5,158.0,0,2,1,3.0,1.8,,69.0
2020-03-08,H003,Apex Multispecialty Hospital,D009,ICU,Critical Care,4,1,25.0,0,0,0,0.0,0,0.0,6.5,140.0,0,2,1,3.0,0.3,,70.8
2020-03-09,H003,Apex Multispecialty Hospital,D009,ICU,Critical Care,4,1,25.0,0,0,0,0.0,0,0.0,6.5,159.7,0,2,1,3.0,0.95,,70.1
2020-03-10,H003,Apex Multispecialty Hospital,D009,ICU,Critical Care,4,1,25.0,0,1,0,0.0,1,100.0,5.0,113.7,0,1,1,2.0,0.0,,71.2
2021-06-22,H003,Apex Multispecialty Hospital,D009,ICU,Critical Care,4,1,25.0,1,0,0,0.0,0,0.0,4.0,92.5,0,2,1,3.0,0.0,4.3,71.2
2021-06-23,H003,Apex Multispecialty Hospital,D009,ICU,Critical Care,4,1,25.0,0,0,0,0.0,0,0.0,6.5,146.7,1,2,1,3.0,0.39,,70.7
2021-06-24,H003,Apex Multispecialty Hospital,D009,ICU,Critical Care,4,1,25.0,0,0,0,0.0,0,0.0,6.5,147.1,0,1,1,2.0,1.28,,69.7
2021-06-25,H003,Apex Multispecialty Hospital,D009,ICU,Critical Care,4,1,25.0,0,0,0,0.0,0,0.0,6.5,143.1,0,2,1,3.0,1.76,,69.1
2021-06-26,H003,Apex Multispecialty Hospital,D009,ICU,Critical Care,4,1,25.0,0,1,0,0.0,0,0.0,4.0,84.1,0,1,1,2.0,2.7,4.3,68.0
2022-05-30,H003,Apex Multispecialty Hospital,D009,ICU,Critical Care,4,1,25.0,1,0,0,0.0,0,0.0,13.0,304.1,0,1,1,2.0,0.93,,50.1
2022-05-31,H003,Apex Multispecialty Hospital,D009,ICU,Critical Care,4,1,25.0,0,0,0,0.0,0,0.0,6.5,145.3,0,2,1,3.0,0.99,,70.0
2022-06-01,H003,Apex Multispecialty Hospital,D009,ICU,Critical Care,4,1,25.0,0,0,0,0.0,0,0.0,6.5,145.7,0,1,1,2.0,1.72,,69.1
2022-06-02,H003,Apex Multispecialty Hospital,D009,ICU,Critical Care,4,1,25.0,0,0,0,0.0,0,0.0,6.5,136.0,0,2,1,3.0,0.24,,70.9
2022-06-03,H003,Apex Multispecialty Hospital,D009,ICU,Critical Care,4,1,25.0,0,0,0,0.0,0,0.0,6.5,152.8,0,1,1,2.0,1.75,,69.1
2022-06-04,H003,Apex Multispecialty Hospital,D009,ICU,Critical Care,4,1,25.0,0,0,0,0.0,0,0.0,6.5,151.8,0,2,1,3.0,2.02,,68.8
2022-06-05,H003,Apex Multispecialty Hospital,D009,ICU,Critical Care,4,1,25.0,0,0,0,0.0,0,0.0,6.5,142.9,0,1,1,2.0,2.26,,68.5
2022-06-06,H003,Apex Multispecialty Hospital,D009,ICU,Critical Care,4,1,25.0,0,0,0,0.0,0,0.0,6.5,154.0,0,1,1,2.0,0.85,,70.2
2022-06-07,H003,Apex Multispecialty Hospital,D009,ICU,Critical Care,4,1,25.0,0,0,0,0.0,0,0.0,6.5,141.4,0,1,1,2.0,1.25,,69.7
2022-06-08,H003,Apex Multispecialty Hospital,D009,ICU,Critical Care,4,1,25.0,0,0,0,0.0,0,0.0,6.5,143.2,0,1,1,2.0,1.46,,69.4
2022-06-09,H003,Apex Multispecialty Hospital,D009,ICU,Critical Care,4,1,25.0,0,0,0,0.0,0,0.0,6.5,158.4,0,1,1,2.0,1.63,,69.2
2022-06-10,H003,Apex Multispecialty Hospital,D009,ICU,Critical Care,4,1,25.0,0,0,0,0.0,0,0.0,6.5,134.0,0,2,1,3.0,2.13,,68.6
2022-06-11,H003,Apex Multispecialty Hospital,D009,ICU,Critical Care,4,1,25.0,0,0,0,0.0,0,0.0,6.5,144.1,0,2,1,3.0,1.68,,69.2
2022-06-12,H003,Apex Multispecialty Hospital,D009,ICU,Critical Care,4,1,25.0,0,1,0,0.0,1,100.0,13.0,290.6,0,2,1,3.0,1.22,,49.7
2022-10-11,H003,Apex Multispecialty Hospital,D009,ICU,Critical Care,4,1,25.0,1,0,0,0.0,0,0.0,10.0,247.1,0,2,1,3.0,0.9,3.2,59.4
2022-10-12,H003,Apex Multispecialty Hospital,D009,ICU,Critical Care,4,1,25.0,0,0,0,0.0,0,0.0,6.5,157.7,0,2,1,3.0,1.69,,69.2
2022-10-13,H003,Apex Multispecialty Hospital,D009,ICU,Critical Care,4,1,25.0,0,0,0,0.0,0,0.0,6.5,162.3,1,1,1,2.0,2.85,,67.8
2022-10-14,H003,Apex Multispecialty Hospital,D009,ICU,Critical Care,4,1,25.0,0,0,0,0.0,0,0.0,6.5,152.7,0,1,1,2.0,2.07,,68.7
2022-10-15,H003,Apex Multispecialty Hospital,D009,ICU,Critical Care,4,1,25.0,0,0,0,0.0,0,0.0,6.5,134.0,0,1,1,2.0,1.77,,69.1
2022-10-16,H003,Apex Multispecialty Hospital,D009,ICU,Critical Care,4,1,25.0,0,0,0,0.0,0,0.0,6.5,153.4,0,2,1,3.0,1.37,,69.6
2022-10-17,H003,Apex Multispecialty Hospital,D009,ICU,Critical Care,4,1,25.0,0,0,0,0.0,0,0.0,6.5,149.5,0,1,1,2.0,1.44,,69.5
2022-10-18,H003,Apex Multispecialty Hospital,D009,ICU,Critical Care,4,1,25.0,0,0,0,0.0,0,0.0,6.5,148.3,0,2,1,3.0,0.98,,70.0
2022-10-19,H003,Apex Multispecialty Hospital,D009,ICU,Critical Care,4,1,25.0,0,0,0,0.0,0,0.0,6.5,137.3,0,2,1,3.0,1.49,,69.4
2022-10-20,H003,Apex Multispecialty Hospital,D009,ICU,Critical Care,4,1,25.0,0,0,0,0.0,0,0.0,6.5,137.5,0,2,1,3.0,1.92,,68.9
2022-10-21,H003,Apex Multispecialty Hospital,D009,ICU,Critical Care,4,1,25.0,0,1,0,0.0,0,0.0,10.0,207.5,0,2,1,3.0,1.64,3.2,58.5
2023-01-28,H003,Apex Multispecialty Hospital,D009,ICU,Critical Care,4,1,25.0,1,0,0,0.0,0,0.0,6.0,150.6,0,1,1,2.0,1.62,4.2,69.3
2023-01-29,H003,Apex Multispecialty Hospital,D009,ICU,Critical Care,4,1,25.0,0,0,0,0.0,0,0.0,6.5,156.1,1,1,1,2.0,0.74,,70.3
2023-01-30,H003,Apex Multispecialty Hospital,D009,ICU,Critical Care,4,1,25.0,0,0,0,0.0,0,0.0,6.5,145.6,0,2,1,3.0,1.36,,69.6
2023-01-31,H003,Apex Multispecialty Hospital,D009,ICU,Critical Care,4,1,25.0,0,0,0,0.0,0,0.0,6.5,135.7,0,1,1,2.0,0.95,,70.1
2023-02-01,H003,Apex Multispecialty Hospital,D009,ICU,Critical Care,4,1,25.0,0,0,0,0.0,0,0.0,6.5,152.0,0,1,1,2.0,1.49,,69.4
2023-02-02,H003,Apex Multispecialty Hospital,D009,ICU,Critical Care,4,1,25.0,0,0,0,0.0,0,0.0,6.5,139.9,0,2,1,3.0,1.74,,69.1
2023-02-03,H003,Apex Multispecialty Hospital,D009,ICU,Critical Care,4,1,25.0,0,1,0,0.0,0,0.0,6.0,126.1,0,2,1,3.0,1.55,4.2,69.3
2023-03-26,H003,Apex Multispecialty Hospital,D009,ICU,Critical Care,4,1,25.0,1,0,0,0.0,0,0.0,5.0,105.1,0,1,1,2.0,1.97,4.1,68.8
2023-03-27,H003,Apex Multispecialty Hospital,D009,ICU,Critical Care,4,1,25.0,0,0,0,0.0,0,0.0,6.5,135.9,0,1,1,2.0,1.82,,69.0
2023-03-28,H003,Apex Multispecialty Hospital,D009,ICU,Critical Care,4,1,25.0,0,0,0,0.0,0,0.0,6.5,161.8,0,1,1,2.0,0.0,,71.2
2023-03-29,H003,Apex Multispecialty Hospital,D009,ICU,Critical Care,4,1,25.0,0,0,0,0.0,0,0.0,6.5,159.1,0,1,1,2.0,1.81,,69.0
2023-03-30,H003,Apex Multispecialty Hospital,D009,ICU,Critical Care,4,1,25.0,0,0,0,0.0,0,0.0,6.5,147.9,0,2,1,3.0,0.2,,71.0
2023-03-31,H003,Apex Multispecialty Hospital,D009,ICU,Critical Care,4,1,25.0,0,1,0,0.0,0,0.0,5.0,113.8,0,1,1,2.0,0.66,4.1,70.4
2023-09-27,H003,Apex Multispecialty Hospital,D009,ICU,Critical Care,4,1,25.0,1,0,0,0.0,0,0.0,6.0,145.3,0,1,1,2.0,1.13,4.6,69.8
2023-09-28,H003,Apex Multispecialty Hospital,D009,ICU,Critical Care,4,1,25.0,0,0,0,0.0,0,0.0,6.5,162.2,0,1,1,2.0,1.04,,70.0
2023-09-29,H003,Apex Multispecialty Hospital,D009,ICU,Critical Care,4,1,25.0,0,0,0,0.0,0,0.0,6.5,147.0,0,1,1,2.0,1.62,,69.3
2023-09-30,H003,Apex Multispecialty Hospital,D009,ICU,Critical Care,4,1,25.0,0,0,0,0.0,0,0.0,6.5,149.8,0,1,1,2.0,0.03,,71.2
2023-10-01,H003,Apex Multispecialty Hospital,D009,ICU,Critical Care,4,1,25.0,0,0,0,0.0,0,0.0,6.5,162.7,0,1,1,2.0,1.13,,69.8
2023-10-02,H003,Apex Multispecialty Hospital,D009,ICU,Critical Care,4,1,25.0,0,0,0,0.0,0,0.0,6.5,156.3,0,1,1,2.0,0.26,,70.9
2023-10-03,H003,Apex Multispecialty Hospital,D009,ICU,Critical Care,4,1,25.0,0,1,0,0.0,0,0.0,6.0,123.0,1,1,1,2.0,1.79,4.6,69.1
2024-12-09,H003,Apex Multispecialty Hospital,D009,ICU,Critical Care,4,0,0.0,0,0,0,0.0,0,0.0,6.5,139.0,0,1,1,0.0,0.06,,59.9
2024-12-10,H003,Apex Multispecialty Hospital,D009,ICU,Critical Care,4,1,25.0,1,0,0,0.0,0,0.0,1.0,24.5,1,1,1,2.0,2.16,4.5,68.6
2024-12-11,H003,Apex Multispecialty Hospital,D009,ICU,Critical Care,4,1,25.0,0,1,0,0.0,0,0.0,1.0,21.9,0,2,1,3.0,0.73,4.5,70.3
