movement_id,admission_id,patient_id,hospital_id,movement_sequence,movement_type,from_department_id,current_department_id,from_department_name,current_department_name,bed_id,movement_datetime,movement_date,duration_in_department_hours,year,month,day_of_week,hour_of_day,shift,is_peak_hour
M000001,A00001,P00267,H001,1,Admission,,D008,,General Surgery,H001-D008-BED03,2021-06-02 11:30:00.000000,2021-06-02,24.0,2021,6,Wednesday,11,Day,Yes
M000002,A00001,P00267,H001,2,Discharge,D008,D008,General Surgery,General Surgery,,2021-06-03 11:30:00.000000,2021-06-03,0.0,2021,6,Thursday,11,Day,Yes
M000003,A00002,P00363,H003,1,Admission,,D003,,Cardiology,H003-D003-BED05,2023-01-28 12:45:00.000000,2023-01-28,24.88,2023,1,Saturday,12,Day,No
M000004,A00002,P00363,H003,2,ICU Transfer,D003,D009,Cardiology,ICU,H003-D009-BED02,2023-01-29 13:37:44.129819,2023-01-29,119.12,2023,1,Sunday,13,Day,No
M000005,A00002,P00363,H003,3,Discharge,D009,D009,ICU,ICU,,2023-02-03 12:45:00.000000,2023-02-03,0.0,2023,2,Friday,12,Day,No
M000006,A00003,P00344,H002,1,Admission,,D006,,Neurology,H002-D006-BED03,2023-04-11 15:00:00.000000,2023-04-11,48.0,2023,4,Tuesday,15,Evening,No
M000007,A00003,P00344,H002,2,Discharge,D006,D006,Neurology,Neurology,,2023-04-13 15:00:00.000000,2023-04-13,0.0,2023,4,Thursday,15,Evening,No
M000008,A00004,P00122,H001,1,Admission,,D001,,Emergency Department,H001-D001-BED01,2021-06-01 18:00:00.000000,2021-06-01,24.0,2021,6,Tuesday,18,Evening,Yes
M000009,A00004,P00122,H001,2,Discharge,D001,D001,Emergency Department,Emergency Department,,2021-06-02 18:00:00.000000,2021-06-02,0.0,2021,6,Wednesday,18,Evening,Yes
M000010,A00005,P00193,H001,1,Admission,,D006,,Neurology,H001-D006-BED06,2025-07-03 08:15:00.000000,2025-07-03,24.0,2025,7,Thursday,8,Day,Yes
M000011,A00005,P00193,H001,2,Discharge,D006,D006,Neurology,Neurology,,2025-07-04 08:15:00.000000,2025-07-04,0.0,2025,7,Friday,8,Day,Yes
M000012,A00006,P00163,H002,1,Admission,,D001,,Emergency Department,H002-D001-BED06,2021-02-24 01:45:00.000000,2021-02-24,45.26,2021,2,Wednesday,1,Night,No
M000013,A00006,P00163,H002,2,Department Change,D001,D005,Emergency Department,Pediatrics,H002-D005-BED05,2021-02-25 23:00:25.524419,2021-02-25,26.74,2021,2,Thursday,23,Night,No
M000014,A00006,P00163,H002,3,Discharge,D005,D005,Pediatrics,Pediatrics,,2021-02-27 01:45:00.000000,2021-02-27,0.0,2021,2,Saturday,1,Night,No
M000015,A00007,P00244,H002,1,Admission,,D001,,Emergency Department,H002-D001-BED01,2020-02-20 13:45:00.000000,2020-02-20,9.6,2020,2,Thursday,13,Day,No
M000016,A00007,P00244,H002,2,Discharge,D001,D001,Emergency Department,Emergency Department,,2020-02-20 23:21:00.000000,2020-02-20,0.0,2020,2,Thursday,23,Night,No
M000017,A00008,P00252,H001,1,Admission,,D007,,Oncology,H001-D007-BED01,2023-03-10 20:15:00.000000,2023-03-10,72.0,2023,3,Friday,20,Evening,Yes
M000018,A00008,P00252,H001,2,Discharge,D007,D007,Oncology,Oncology,,2023-03-13 20:15:00.000000,2023-03-13,0.0,2023,3,Monday,20,Evening,Yes
M000019,A00009,P00264,H001,1,Admission,,D008,,General Surgery,H001-D008-BED07,2025-04-06 02:30:00.000000,2025-04-06,96.0,2025,4,Sunday,2,Night,No
M000020,A00009,P00264,H001,2,Discharge,D008,D008,General Surgery,General Surgery,,2025-04-10 02:30:00.000000,2025-04-10,0.0,2025,4,Thursday,2,Night,No
M000021,A00010,P00316,H002,1,Admission,,D001,,Emergency Department,H002-D001-BED07,2022-01-25 16:15:00.000000,2022-01-25,7.73,2022,1,Tuesday,16,Evening,No
M000022,A00010,P00316,H002,2,Discharge,D001,D001,Emergency Department,Emergency Department,,2022-01-25 23:59:00.000000,2022-01-25,0.0,2022,1,Tuesday,23,Night,No
M000023,A00011,P00352,H001,1,Admission,,D001,,Emergency Department,H001-D001-BED07,2020-07-29 17:30:00.000000,2020-07-29,24.0,2020,7,Wednesday,17,Evening,Yes
M000024,A00011,P00352,H001,2,Discharge,D001,D001,Emergency Department,Emergency Department,,2020-07-30 17:30:00.000000,2020-07-30,0.0,2020,7,Thursday,17,Evening,Yes
M000025,A00012,P00059,H003,1,Admission,,D001,,Emergency Department,H003-D001-BED03,2024-06-29 18:00:00.000000,2024-06-29,5.98,2024,6,Saturday,18,Evening,Yes
M000026,A00012,P00059,H003,2,Discharge,D001,D001,Emergency Department,Emergency Department,,2024-06-29 23:59:00.000000,2024-06-29,0.0,2024,6,Saturday,23,Night,No
M000027,A00013,P00094,H001,1,Admission,,D002,,General Medicine,H001-D002-BED05,2025-07-07 13:15:00.000000,2025-07-07,155.34,2025,7,Monday,13,Day,No
M000028,A00013,P00094,H001,2,ICU Transfer,D002,D009,General Medicine,ICU,H001-D009-BED02,2025-07-14 00:35:14.865830,2025-07-14,12.66,2025,7,Monday,0,Night,No
M000029,A00013,P00094,H001,3,Discharge,D009,D009,ICU,ICU,,2025-07-14 13:15:00.000000,2025-07-14,0.0,2025,7,Monday,13,Day,No
M000030,A00014,P00129,H002,1,Admission,,D001,,Emergency Department,H002-D001-BED08,2020-10-30 03:45:00.000000,2020-10-30,7.2,2020,10,Friday,3,Night,No
M000031,A00014,P00129,H002,2,Discharge,D001,D001,Emergency Department,Emergency Department,,2020-10-30 10:57:00.000000,2020-10-30,0.0,2020,10,Friday,10,Day,Yes
M000032,A00015,P00278,H001,1,Admission,,D004,,Orthopedics,H001-D004-BED04,2023-05-29 09:15:00.000000,2023-05-29,24.0,2023,5,Monday,9,Day,Yes
M000033,A00015,P00278,H001,2,Discharge,D004,D004,Orthopedics,Orthopedics,,2023-05-30 09:15:00.000000,2023-05-30,0.0,2023,5,Tuesday,9,Day,Yes
M000034,A00016,P00035,H002,1,Admission,,D005,,Pediatrics,H002-D005-BED01,2021-04-30 00:15:00.000000,2021-04-30,72.0,2021,4,Friday,0,Night,No
M000035,A00016,P00035,H002,2,Discharge,D005,D005,Pediatrics,Pediatrics,,2021-05-03 00:15:00.000000,2021-05-03,0.0,2021,5,Monday,0,Night,No
M000036,A00017,P00360,H001,1,Admission,,D003,,Cardiology,H001-D003-BED03,2024-08-31 05:45:00.000000,2024-08-31,6.28,2024,8,Saturday,5,Night,No
M000037,A00017,P00360,H001,2,ICU Transfer,D003,D009,Cardiology,ICU,H001-D009-BED03,2024-08-31 12:01:33.831670,2024-08-31,5.72,2024,8,Saturday,12,Day,No
M000038,A00017,P00360,H001,3,Discharge,D009,D009,ICU,ICU,,2024-08-31 17:45:00.000000,2024-08-31,0.0,2024,8,Saturday,17,Evening,Yes
M000039,A00018,P00169,H001,1,Admission,,D001,,Emergency Department,H001-D001-BED05,2022-07-13 08:15:00.000000,2022-07-13,15.23,2022,7,Wednesday,8,Day,Yes
M000040,A00018,P00169,H001,2,Department Change,D001,D002,Emergency Department,General Medicine,H001-D002-BED06,2022-07-13 23:28:54.022432,2022-07-13,104.77,2022,7,Wednesday,23,Night,No
M000041,A00018,P00169,H001,3,Discharge,D002,D002,General Medicine,General Medicine,,2022-07-18 08:15:00.000000,2022-07-18,0.0,2022,7,Monday,8,Day,Yes
M000042,A00019,P00027,H002,1,Admission,,D001,,Emergency Department,H002-D001-BED04,2023-05-02 03:00:00.000000,2023-05-02,38.74,2023,5,Tuesday,3,Night,No
M000043,A00019,P00027,H002,2,Department Change,D001,D002,Emergency Department,General Medicine,H002-D002-BED05,2023-05-03 17:44:28.235902,2023-05-03,9.26,2023,5,Wednesday,17,Evening,Yes
M000044,A00019,P00027,H002,3,Discharge,D002,D002,General Medicine,General Medicine,,2023-05-04 03:00:00.000000,2023-05-04,0.0,2023,5,Thursday,3,Night,No
M000045,A00020,P00362,H002,1,Admission,,D001,,Emergency Department,H002-D001-BED07,2020-09-03 16:00:00.000000,2020-09-03,68.38,2020,9,Thursday,16,Evening,No
M000046,A00020,P00362,H002,2,Transfer,D001,D006,Emergency Department,Neurology,H002-D006-BED03,2020-09-06 12:22:58.914578,2020-09-06,27.62,2020,9,Sunday,12,Day,No
M000047,A00020,P00362,H002,3,Discharge,D006,D006,Neurology,Neurology,,2020-09-07 16:00:00.000000,2020-09-07,0.0,2020,9,Monday,16,Evening,No
M000048,A00021,P00157,H002,1,Admission,,D001,,Emergency Department,H002-D001-BED02,2021-02-10 15:45:00.000000,2021-02-10,1.33,2021,2,Wednesday,15,Evening,No
M000049,A00021,P00157,H002,2,Transfer,D001,D002,Emergency Department,General Medicine,H002-D002-BED01,2021-02-10 17:04:49.939177,2021-02-10,22.67,2021,2,Wednesday,17,Evening,Yes
M000050,A00021,P00157,H002,3,Discharge,D002,D002,General Medicine,General Medicine,,2021-02-11 15:45:00.000000,2021-02-11,0.0,2021,2,Thursday,15,Evening,No
M000051,A00022,P00216,H001,1,Admission,,D001,,Emergency Department,H001-D001-BED08,2020-11-28 11:15:00.000000,2020-11-28,92.8,2020,11,Saturday,11,Day,Yes
M000052,A00022,P00216,H001,2,Transfer,D001,D004,Emergency Department,Orthopedics,H001-D004-BED06,2020-12-02 08:02:58.107807,2020-12-02,27.2,2020,12,Wednesday,8,Day,Yes
M000053,A00022,P00216,H001,3,Discharge,D004,D004,Orthopedics,Orthopedics,,2020-12-03 11:15:00.000000,2020-12-03,0.0,2020,12,Thursday,11,Day,Yes
M000054,A00023,P00089,H001,1,Admission,,D001,,Emergency Department,H001-D001-BED02,2021-10-05 07:00:00.000000,2021-10-05,2.95,2021,10,Tuesday,7,Day,No
M000055,A00023,P00089,H001,2,ICU Transfer,D001,D009,Emergency Department,ICU,H001-D009-BED01,2021-10-05 09:56:56.895104,2021-10-05,237.05,2021,10,Tuesday,9,Day,Yes
M000056,A00023,P00089,H001,3,Discharge,D009,D009,ICU,ICU,,2021-10-15 07:00:00.000000,2021-10-15,0.0,2021,10,Friday,7,Day,No
M000057,A00024,P00233,H001,1,Admission,,D001,,Emergency Department,H001-D001-BED05,2020-11-03 01:45:00.000000,2020-11-03,36.77,2020,11,Tuesday,1,Night,No
M000058,A00024,P00233,H001,2,Transfer,D001,D006,Emergency Department,Neurology,H001-D006-BED06,2020-11-04 14:30:57.706341,2020-11-04,59.23,2020,11,Wednesday,14,Day,No
M000059,A00024,P00233,H001,3,Discharge,D006,D006,Neurology,Neurology,,2020-11-07 01:45:00.000000,2020-11-07,0.0,2020,11,Saturday,1,Night,No
M000060,A00025,P00110,H001,1,Admission,,D001,,Emergency Department,H001-D001-BED08,2021-10-03 05:00:00.000000,2021-10-03,16.17,2021,10,Sunday,5,Night,No
M000061,A00025,P00110,H001,2,Transfer,D001,D005,Emergency Department,Pediatrics,H001-D005-BED03,2021-10-03 21:09:54.369342,2021-10-03,55.83,2021,10,Sunday,21,Evening,No
M000062,A00025,P00110,H001,3,Discharge,D005,D005,Pediatrics,Pediatrics,,2021-10-06 05:00:00.000000,2021-10-06,0.0,2021,10,Wednesday,5,Night,No
M000063,A00026,P00170,H003,1,Admission,,D003,,Cardiology,H003-D003-BED05,2020-01-11 13:30:00.000000,2020-01-11,82.3,2020,1,Saturday,13,Day,No
M000064,A00026,P00170,H003,2,ICU Transfer,D003,D009,Cardiology,Intensive Care Unit,H003-D009-BED02,2020-01-14 23:48:04.243021,2020-01-14,61.7,2020,1,Tuesday,23,Night,No
M000065,A00026,P00170,H003,3,Discharge,D009,D009,ICU,ICU,,2020-01-17 13:30:00.000000,2020-01-17,0.0,2020,1,Friday,13,Day,No
M000066,A00027,P00319,H002,1,Admission,,D003,,Cardiology,H002-D003-BED02,2024-07-31 03:00:00.000000,2024-07-31,111.41,2024,7,Wednesday,3,Night,No
M000067,A00027,P00319,H002,2,ICU Transfer,D003,D009,Cardiology,ICU,H002-D009-BED01,2024-08-04 18:24:25.964019,2024-08-04,104.59,2024,8,Sunday,18,Evening,Yes
M000068,A00027,P00319,H002,3,Discharge,D009,D009,ICU,ICU,,2024-08-09 03:00:00.000000,2024-08-09,0.0,2024,8,Friday,3,Night,No
M000069,A00028,P00028,H002,1,Admission,,D002,,General Medicine,H002-D002-BED01,2025-04-08 01:45:00.000000,2025-04-08,24.0,2025,4,Tuesday,1,Night,No
M000070,A00028,P00028,H002,2,Discharge,D002,D002,General Medicine,General Medicine,,2025-04-09 01:45:00.000000,2025-04-09,0.0,2025,4,Wednesday,1,Night,No
M000071,A00029,P00044,H002,1,Admission,,D001,,Emergency Department,H002-D001-BED01,2023-04-07 14:30:00.000000,2023-04-07,24.0,2023,4,Friday,14,Day,No
M000072,A00029,P00044,H002,2,Discharge,D001,D001,Emergency Department,Emergency Department,,2023-04-08 14:30:00.000000,2023-04-08,0.0,2023,4,Saturday,14,Day,No
M000073,A00030,P00361,H003,1,Admission,,D001,,Emergency Department,H003-D001-BED03,2020-05-13 10:00:00.000000,2020-05-13,0.57,2020,5,Wednesday,10,Day,Yes
M000074,A00030,P00361,H003,2,Transfer,D001,D002,Emergency Department,General Medicine,H003-D002-BED04,2020-05-13 10:34:25.609786,2020-05-13,71.43,2020,5,Wednesday,10,Day,Yes
M000075,A00030,P00361,H003,3,Discharge,D002,D002,General Medicine,General Medicine,,2020-05-16 10:00:00.000000,2020-05-16,0.0,2020,5,Saturday,10,Day,Yes
M000076,A00031,P00040,H001,1,Admission,,D007,,Oncology,H001-D007-BED06,2022-08-06 09:30:00.000000,2022-08-06,120.0,2022,8,Saturday,9,Day,Yes
M000077,A00031,P00040,H001,2,Discharge,D007,D007,Oncology,Oncology,,2022-08-11 09:30:00.000000,2022-08-11,0.0,2022,8,Thursday,9,Day,Yes
M000078,A00032,P00080,H003,1,Admission,,D009,,ICU,H003-D009-BED04,2023-03-26 14:30:00.000000,2023-03-26,120.0,2023,3,Sunday,14,Day,No
M000079,A00032,P00080,H003,2,Discharge,D009,D009,ICU,ICU,,2023-03-31 14:30:00.000000,2023-03-31,0.0,2023,3,Friday,14,Day,No
M000080,A00033,P00083,H001,1,Admission,,D006,,Neurology,H001-D006-BED04,2023-03-04 06:15:00.000000,2023-03-04,72.0,2023,3,Saturday,6,Night,No
M000081,A00033,P00083,H001,2,Discharge,D006,D006,Neurology,Neurology,,2023-03-07 06:15:00.000000,2023-03-07,0.0,2023,3,Tuesday,6,Night,No
M000082,A00034,P00026,H003,1,Admission,,D002,,General Medicine,H003-D002-BED04,2025-02-02 00:45:00.000000,2025-02-02,72.0,2025,2,Sunday,0,Night,No
M000083,A00034,P00026,H003,2,Discharge,D002,D002,General Medicine,General Medicine,,2025-02-05 00:45:00.000000,2025-02-05,0.0,2025,2,Wednesday,0,Night,No
M000084,A00035,P00261,H003,1,Admission,,D006,,Neurology,H003-D006-BED02,2020-10-18 07:30:00.000000,2020-10-18,144.0,2020,10,Sunday,7,Day,No
M000085,A00035,P00261,H003,2,Discharge,D006,D006,Neurology,Neurology,,2020-10-24 07:30:00.000000,2020-10-24,0.0,2020,10,Saturday,7,Day,No
M000086,A00036,P00079,H001,1,Admission,,D007,,Oncology,H001-D007-BED04,2022-08-14 00:45:00.000000,2022-08-14,101.72,2022,8,Sunday,0,Night,No
M000087,A00036,P00079,H001,2,ICU Transfer,D007,D009,Oncology,ICU,H001-D009-BED01,2022-08-18 06:28:27.774838,2022-08-18,90.28,2022,8,Thursday,6,Night,No
M000088,A00036,P00079,H001,3,Discharge,D009,D009,ICU,ICU,,2022-08-22 00:45:00.000000,2022-08-22,0.0,2022,8,Monday,0,Night,No
M000089,A00037,P00329,H003,1,Admission,,D001,,Emergency Department,H003-D001-BED01,2022-12-19 07:45:00.000000,2022-12-19,69.21,2022,12,Monday,7,Day,No
M000090,A00037,P00329,H003,2,Transfer,D001,D005,Emergency Department,Pediatrics,H003-D005-BED04,2022-12-22 04:57:19.167782,2022-12-22,2.79,2022,12,Thursday,4,Night,No
M000091,A00037,P00329,H003,3,Discharge,D005,D005,Pediatrics,Pediatrics,,2022-12-22 07:45:00.000000,2022-12-22,0.0,2022,12,Thursday,7,Day,No
M000092,A00038,P00030,H002,1,Admission,,D001,,Emergency Department,H002-D001-BED06,2022-03-21 08:00:00.000000,2022-03-21,150.74,2022,3,Monday,8,Day,Yes
M000093,A00038,P00030,H002,2,ICU Transfer,D001,D009,Emergency Department,ICU,H002-D009-BED03,2022-03-27 14:44:39.463024,2022-03-27,17.26,2022,3,Sunday,14,Day,No
M000094,A00038,P00030,H002,3,Discharge,D009,D009,ICU,ICU,,2022-03-28 08:00:00.000000,2022-03-28,0.0,2022,3,Monday,8,Day,Yes
M000095,A00039,P00299,H002,1,Admission,,D001,,Emergency Department,H002-D001-BED01,2024-10-07 16:45:00.000000,2024-10-07,33.01,2024,10,Monday,16,Evening,No
M000096,A00039,P00299,H002,2,Transfer,D001,D002,Emergency Department,General Medicine,H002-D002-BED08,2024-10-09 01:45:32.320999,2024-10-09,38.99,2024,10,Wednesday,1,Night,No
M000097,A00039,P00299,H002,3,Discharge,D002,D002,General Medicine,General Medicine,,2024-10-10 16:45:00.000000,2024-10-10,0.0,2024,10,Thursday,16,Evening,No
M000098,A00040,P00279,H001,1,Admission,,D001,,Emergency Department,H001-D001-BED01,2021-04-15 18:00:00.000000,2021-04-15,5.98,2021,4,Thursday,18,Evening,Yes
M000099,A00040,P00279,H001,2,Discharge,D001,D001,Emergency Department,Emergency Department,,2021-04-15 23:59:00.000000,2021-04-15,0.0,2021,4,Thursday,23,Night,No
M000100,A00041,P00111,H003,1,Admission,,D003,,Cardiology,H003-D003-BED02,2021-09-02 20:45:00.000000,2021-09-02,24.0,2021,9,Thursday,20,Evening,Yes
M000101,A00041,P00111,H003,2,Discharge,D003,D003,Cardiology,Cardiology,,2021-09-03 20:45:00.000000,2021-09-03,0.0,2021,9,Friday,20,Evening,Yes
M000102,A00042,P00129,H003,1,Admission,,D001,,Emergency Department,H003-D001-BED02,2021-11-16 18:00:00.000000,2021-11-16,24.0,2021,11,Tuesday,18,Evening,Yes
M000103,A00042,P00129,H003,2,Discharge,D001,D001,Emergency Department,Emergency Department,,2021-11-17 18:00:00.000000,2021-11-17,0.0,2021,11,Wednesday,18,Evening,Yes
M000104,A00043,P00327,H003,1,Admission,,D001,,Emergency Department,H003-D001-BED04,2020-10-19 04:15:00.000000,2020-10-19,25.06,2020,10,Monday,4,Night,No
M000105,A00043,P00327,H003,2,Department Change,D001,D003,Emergency Department,Cardiology,H003-D003-BED02,2020-10-20 05:18:18.468492,2020-10-20,70.94,2020,10,Tuesday,5,Night,No
M000106,A00043,P00327,H003,3,Discharge,D003,D003,Cardiology,Cardiology,,2020-10-23 04:15:00.000000,2020-10-23,0.0,2020,10,Friday,4,Night,No
M000107,A00044,P00336,H001,1,Admission,,D001,,Emergency Department,H001-D001-BED01,2020-09-01 12:30:00.000000,2020-09-01,43.46,2020,9,Tuesday,12,Day,No
M000108,A00044,P00336,H001,2,Transfer,D001,D008,Emergency Department,General Surgery,H001-D008-BED05,2020-09-03 07:57:53.113760,2020-09-03,52.54,2020,9,Thursday,7,Day,No
M000109,A00044,P00336,H001,3,Discharge,D008,D008,General Surgery,General Surgery,,2020-09-05 12:30:00.000000,2020-09-05,0.0,2020,9,Saturday,12,Day,No
M000110,A00045,P00219,H001,1,Admission,,D002,,General Medicine,H001-D002-BED04,2021-11-10 02:15:00.000000,2021-11-10,140.33,2021,11,Wednesday,2,Night,No
M000111,A00045,P00219,H001,2,ICU Transfer,D002,D009,General Medicine,ICU,H001-D009-BED01,2021-11-15 22:34:47.742935,2021-11-15,99.67,2021,11,Monday,22,Evening,No
M000112,A00045,P00219,H001,3,Discharge,D009,D009,ICU,ICU,,2021-11-20 02:15:00.000000,2021-11-20,0.0,2021,11,Saturday,2,Night,No
M000113,A00046,P00156,H001,1,Admission,,D005,,Pediatrics,H001-D005-BED01,2023-03-28 04:00:00.000000,2023-03-28,16.8,2023,3,Tuesday,4,Night,No
M000114,A00046,P00156,H001,2,Discharge,D005,D005,Pediatrics,Pediatrics,,2023-03-28 20:48:00.000000,2023-03-28,0.0,2023,3,Tuesday,20,Evening,Yes
M000115,A00047,P00343,H002,1,Admission,,D001,,Emergency Department,H002-D001-BED05,2024-12-03 14:45:00.000000,2024-12-03,39.03,2024,12,Tuesday,14,Day,No
M000116,A00047,P00343,H002,2,Department Change,D001,D005,Emergency Department,Pediatrics,H002-D005-BED03,2024-12-05 05:46:30.737940,2024-12-05,56.97,2024,12,Thursday,5,Night,No
M000117,A00047,P00343,H002,3,Discharge,D005,D005,Pediatrics,Pediatrics,,2024-12-07 14:45:00.000000,2024-12-07,0.0,2024,12,Saturday,14,Day,No
M000118,A00048,P00092,H002,1,Admission,,D001,,Emergency Department,H002-D001-BED08,2023-05-30 06:45:00.000000,2023-05-30,22.24,2023,5,Tuesday,6,Night,No
M000119,A00048,P00092,H002,2,Transfer,D001,D006,Emergency Department,Neurology,H002-D006-BED01,2023-05-31 04:59:26.291626,2023-05-31,25.76,2023,5,Wednesday,4,Night,No
M000120,A00048,P00092,H002,3,Discharge,D006,D006,Neurology,Neurology,,2023-06-01 06:45:00.000000,2023-06-01,0.0,2023,6,Thursday,6,Night,No
M000121,A00049,P00295,H001,1,Admission,,D001,,Emergency Department,H001-D001-BED06,2025-08-11 02:15:00.000000,2025-08-11,99.17,2025,8,Monday,2,Night,No
M000122,A00049,P00295,H001,2,Transfer,D001,D003,Emergency Department,Cardiology,H001-D003-BED05,2025-08-15 05:24:59.049190,2025-08-15,20.83,2025,8,Friday,5,Night,No
M000123,A00049,P00295,H001,3,Discharge,D003,D003,Cardiology,Cardiology,,2025-08-16 02:15:00.000000,2025-08-16,0.0,2025,8,Saturday,2,Night,No
M000124,A00050,P00101,H001,1,Admission,,D002,,General Medicine,H001-D002-BED06,2025-07-15 06:30:00.000000,2025-07-15,85.59,2025,7,Tuesday,6,Night,No
M000125,A00050,P00101,H001,2,ICU Transfer,D002,D009,General Medicine,ICU,H001-D009-BED03,2025-07-18 20:05:19.694180,2025-07-18,123.59,2025,7,Friday,20,Evening,Yes
M000126,A00050,P00101,H001,3,Transfer,D009,D002,ICU,General Medicine,H001-D002-BED08,2025-07-23 23:40:27.843248,2025-07-23,6.83,2025,7,Wednesday,23,Night,No
M000127,A00050,P00101,H001,4,Discharge,D002,D002,General Medicine,General Medicine,,2025-07-24 06:30:00.000000,2025-07-24,0.0,2025,7,Thursday,6,Night,No
M000128,A00051,P00194,H003,1,Admission,,D001,,Emergency Department,H003-D001-BED04,2024-11-28 09:30:00.000000,2024-11-28,24.0,2024,11,Thursday,9,Day,Yes
M000129,A00051,P00194,H003,2,Discharge,D001,D001,Emergency Department,Emergency Department,,2024-11-29 09:30:00.000000,2024-11-29,0.0,2024,11,Friday,9,Day,Yes
M000130,A00052,P00303,H001,1,Admission,,D001,,Emergency Department,H001-D001-BED06,2020-11-25 00:45:00.000000,2020-11-25,53.37,2020,11,Wednesday,0,Night,No
M000131,A00052,P00303,H001,2,Transfer,D001,D002,Emergency Department,General Medicine,H001-D002-BED01,2020-11-27 06:07:17.619991,2020-11-27,42.63,2020,11,Friday,6,Night,No
M000132,A00052,P00303,H001,3,Discharge,D002,D002,General Medicine,General Medicine,,2020-11-29 00:45:00.000000,2020-11-29,0.0,2020,11,Sunday,0,Night,No
M000133,A00053,P00108,H002,1,Admission,,D006,,Neurology,H002-D006-BED05,2020-06-12 03:45:00.000000,2020-06-12,120.0,2020,6,Friday,3,Night,No
M000134,A00053,P00108,H002,2,Discharge,D006,D006,Neurology,Neurology,,2020-06-17 03:45:00.000000,2020-06-17,0.0,2020,6,Wednesday,3,Night,No
M000135,A00054,P00024,H001,1,Admission,,D003,,Cardiology,H001-D003-BED04,2022-10-22 04:00:00.000000,2022-10-22,112.46,2022,10,Saturday,4,Night,No
M000136,A00054,P00024,H001,2,ICU Transfer,D003,D009,Cardiology,ICU,H001-D009-BED02,2022-10-26 20:27:29.660615,2022-10-26,31.54,2022,10,Wednesday,20,Evening,Yes
M000137,A00054,P00024,H001,3,Discharge,D009,D009,ICU,ICU,,2022-10-28 04:00:00.000000,2022-10-28,0.0,2022,10,Friday,4,Night,No
M000138,A00055,P00302,H002,1,Admission,,D004,,Orthopedics,H002-D004-BED05,2020-04-15 07:15:00.000000,2020-04-15,192.0,2020,4,Wednesday,7,Day,No
M000139,A00055,P00302,H002,2,Discharge,D004,D004,Orthopedics,Orthopedics,,2020-04-23 07:15:00.000000,2020-04-23,0.0,2020,4,Thursday,7,Day,No
M000140,A00056,P00257,H002,1,Admission,,D001,,Emergency Department,H002-D001-BED06,2020-03-25 11:00:00.000000,2020-03-25,22.02,2020,3,Wednesday,11,Day,Yes
M000141,A00056,P00257,H002,2,Transfer,D001,D005,Emergency Department,Pediatrics,H002-D005-BED03,2020-03-26 09:01:05.829443,2020-03-26,1.98,2020,3,Thursday,9,Day,Yes
M000142,A00056,P00257,H002,3,Discharge,D005,D005,Pediatrics,Pediatrics,,2020-03-26 11:00:00.000000,2020-03-26,0.0,2020,3,Thursday,11,Day,Yes
M000143,A00057,P00032,H002,1,Admission,,D002,,General Medicine,H002-D002-BED05,2023-01-08 00:00:00.000000,2023-01-08,72.0,2023,1,Sunday,0,Night,No
M000144,A00057,P00032,H002,2,Discharge,D002,D002,General Medicine,General Medicine,,2023-01-11 00:00:00.000000,2023-01-11,0.0,2023,1,Wednesday,0,Night,No
M000145,A00058,P00113,H003,1,Admission,,D002,,General Medicine,H003-D002-BED03,2024-12-16 20:45:00.000000,2024-12-16,24.0,2024,12,Monday,20,Evening,Yes
M000146,A00058,P00113,H003,2,Discharge,D002,D002,General Medicine,General Medicine,,2024-12-17 20:45:00.000000,2024-12-17,0.0,2024,12,Tuesday,20,Evening,Yes
M000147,A00059,P00139,H003,1,Admission,,D003,,Cardiology,H003-D003-BED04,2023-02-13 02:30:00.000000,2023-02-13,120.0,2023,2,Monday,2,Night,No
M000148,A00059,P00139,H003,2,Discharge,D003,D003,Cardiology,Cardiology,,2023-02-18 02:30:00.000000,2023-02-18,0.0,2023,2,Saturday,2,Night,No
M000149,A00060,P00228,H002,1,Admission,,D003,,Cardiology,H002-D003-BED01,2024-11-20 01:45:00.000000,2024-11-20,82.64,2024,11,Wednesday,1,Night,No
M000150,A00060,P00228,H002,2,ICU Transfer,D003,D009,Cardiology,ICU,H002-D009-BED04,2024-11-23 12:23:21.569180,2024-11-23,61.36,2024,11,Saturday,12,Day,No
M000151,A00060,P00228,H002,3,Discharge,D009,D009,ICU,ICU,,2024-11-26 01:45:00.000000,2024-11-26,0.0,2024,11,Tuesday,1,Night,No
M000152,A00061,P00027,H003,1,Admission,,D001,,Emergency Department,H003-D001-BED04,2024-01-07 12:45:00.000000,2024-01-07,11.23,2024,1,Sunday,12,Day,No
M000153,A00061,P00027,H003,2,Discharge,D001,D001,Emergency Department,Emergency Department,,2024-01-07 23:59:00.000000,2024-01-07,0.0,2024,1,Sunday,23,Night,No
M000154,A00062,P00286,H001,1,Admission,,D002,,General Medicine,H001-D002-BED12,2025-07-07 12:45:00.000000,2025-07-07,130.8,2025,7,Monday,12,Day,No
M000155,A00062,P00286,H001,2,ICU Transfer,D002,D009,General Medicine,ICU,H001-D009-BED01,2025-07-12 23:32:44.905508,2025-07-12,13.2,2025,7,Saturday,23,Night,No
M000156,A00062,P00286,H001,3,Discharge,D009,D009,ICU,ICU,,2025-07-13 12:45:00.000000,2025-07-13,0.0,2025,7,Sunday,12,Day,No
M000157,A00063,P00123,H001,1,Admission,,D001,,Emergency Department,H001-D001-BED06,2021-01-08 08:30:00.000000,2021-01-08,42.4,2021,1,Friday,8,Day,Yes
M000158,A00063,P00123,H001,2,Transfer,D001,D006,Emergency Department,Neurology,H001-D006-BED04,2021-01-10 02:54:15.632449,2021-01-10,5.6,2021,1,Sunday,2,Night,No
M000159,A00063,P00123,H001,3,Discharge,D006,D006,Neurology,Neurology,,2021-01-10 08:30:00.000000,2021-01-10,0.0,2021,1,Sunday,8,Day,Yes
M000160,A00064,P00012,H003,1,Admission,,D003,,Cardiology,H003-D003-BED02,2023-09-27 19:15:00.000000,2023-09-27,127.12,2023,9,Wednesday,19,Evening,Yes
M000161,A00064,P00012,H003,2,ICU Transfer,D003,D009,Cardiology,ICU,H003-D009-BED03,2023-10-03 02:22:12.412844,2023-10-03,16.88,2023,10,Tuesday,2,Night,No
M000162,A00064,P00012,H003,3,Discharge,D009,D009,ICU,ICU,,2023-10-03 19:15:00.000000,2023-10-03,0.0,2023,10,Tuesday,19,Evening,Yes
M000163,A00065,P00246,H001,1,Admission,,D005,,Pediatrics,H001-D005-BED03,2023-08-08 15:00:00.000000,2023-08-08,96.0,2023,8,Tuesday,15,Evening,No
M000164,A00065,P00246,H001,2,Discharge,D005,D005,Pediatrics,Pediatrics,,2023-08-12 15:00:00.000000,2023-08-12,0.0,2023,8,Saturday,15,Evening,No
M000165,A00066,P00036,H002,1,Admission,,D008,,General Surgery,H002-D008-BED05,2023-09-12 08:45:00.000000,2023-09-12,,2023,9,Tuesday,8,Day,Yes
M000166,A00066,P00036,H002,2,Discharge,D008,D008,General Surgery,General Surgery,,2023-09-13 08:45:00.000000,2023-09-13,0.0,2023,9,Wednesday,8,Day,Yes
M000167,A00067,P00283,H001,1,Admission,,D004,,Orthopedics,H001-D004-BED01,2024-08-13 13:15:00.000000,2024-08-13,96.0,2024,8,Tuesday,13,Day,No
M000168,A00067,P00283,H001,2,Discharge,D004,D004,Orthopedics,Orthopedics,,2024-08-17 13:15:00.000000,2024-08-17,0.0,2024,8,Saturday,13,Day,No
M000169,A00068,P00338,H002,1,Admission,,D001,,Emergency Department,H002-D001-BED03,2025-07-22 20:00:00.000000,2025-07-22,18.77,2025,7,Tuesday,20,Evening,Yes
M000170,A00068,P00338,H002,2,Department Change,D001,D002,Emergency Department,General Medicine,H002-D002-BED02,2025-07-23 14:45:57.522255,2025-07-23,5.23,2025,7,Wednesday,14,Day,No
M000171,A00068,P00338,H002,3,Discharge,D002,D002,General Medicine,General Medicine,,2025-07-23 20:00:00.000000,2025-07-23,0.0,2025,7,Wednesday,20,Evening,Yes
M000172,A00069,P00187,H002,1,Admission,,D001,,Emergency Department,H002-D001-BED06,2020-05-30 15:45:00.000000,2020-05-30,87.62,2020,5,Saturday,15,Evening,No
M000173,A00069,P00187,H002,2,Department Change,D001,D003,Emergency Department,Cardiology,H002-D003-BED01,2020-06-03 07:22:01.176936,2020-06-03,8.38,2020,6,Wednesday,7,Day,No
M000174,A00069,P00187,H002,3,Discharge,D003,D003,Cardiology,Cardiology,,2020-06-03 15:45:00.000000,2020-06-03,0.0,2020,6,Wednesday,15,Evening,No
M000175,A00070,P00116,H002,1,Admission,,D007,,Oncology,H002-D007-BED02,2024-07-13 12:30:00.000000,2024-07-13,85.98,2024,7,Saturday,12,Day,No
M000176,A00070,P00116,H002,2,ICU Transfer,D007,D009,Oncology,ICU,H002-D009-BED02,2024-07-17 02:29:05.117270,2024-07-17,58.02,2024,7,Wednesday,2,Night,No
M000177,A00070,P00116,H002,3,Discharge,D009,D009,ICU,ICU,,2024-07-19 12:30:00.000000,2024-07-19,0.0,2024,7,Friday,12,Day,No
M000178,A00071,P00168,H001,1,Admission,,D002,,General Medicine,H001-D002-BED12,2025-10-08 00:30:00.000000,2025-10-08,96.0,2025,10,Wednesday,0,Night,No
M000179,A00071,P00168,H001,2,Discharge,D002,D002,General Medicine,General Medicine,,2025-10-12 00:30:00.000000,2025-10-12,0.0,2025,10,Sunday,0,Night,No
M000180,A00072,P00208,H001,1,Admission,,D001,,Emergency Department,H001-D001-BED02,2020-01-05 15:30:00.000000,2020-01-05,4.8,2020,1,Sunday,15,Evening,No
M000181,A00072,P00208,H001,2,Discharge,D001,D001,Emergency Department,Emergency Department,,2020-01-05 20:18:00.000000,2020-01-05,0.0,2020,1,Sunday,20,Evening,Yes
M000182,A00073,P00172,H002,1,Admission,,D001,,Emergency Department,H002-D001-BED08,2025-03-07 05:00:00.000000,2025-03-07,14.4,2025,3,Friday,5,Night,No
M000183,A00073,P00172,H002,2,Discharge,D001,D001,Emergency Department,Emergency Department,,2025-03-07 19:24:00.000000,2025-03-07,0.0,2025,3,Friday,19,Evening,Yes
M000184,A00074,P00349,H001,1,Admission,,D005,,Pediatrics,H001-D005-BED06,2025-08-03 07:30:00.000000,2025-08-03,96.0,2025,8,Sunday,7,Day,No
M000185,A00074,P00349,H001,2,Discharge,D005,D005,Pediatrics,Pediatrics,,2025-08-07 07:30:00.000000,2025-08-07,0.0,2025,8,Thursday,7,Day,No
M000186,A00075,P00069,H002,1,Admission,,D001,,Emergency Department,H002-D001-BED04,2024-12-15 07:45:00.000000,2024-12-15,24.0,2024,12,Sunday,7,Day,No
M000187,A00075,P00069,H002,2,Discharge,D001,D001,Emergency Department,Emergency Department,,2024-12-16 07:45:00.000000,2024-12-16,0.0,2024,12,Monday,7,Day,No
M000188,A00076,P00199,H001,1,Admission,,D001,,Emergency Department,H001-D001-BED01,2020-07-30 05:15:00.000000,2020-07-30,16.8,2020,7,Thursday,5,Night,No
M000189,A00076,P00199,H001,2,Discharge,D001,D001,Emergency Department,Emergency Department,,2020-07-30 22:03:00.000000,2020-07-30,0.0,2020,7,Thursday,22,Evening,No
M000190,A00077,P00052,H003,1,Admission,,D001,,Emergency Department,H003-D001-BED06,2022-04-13 18:30:00.000000,2022-04-13,5.48,2022,4,Wednesday,18,Evening,Yes
M000191,A00077,P00052,H003,2,Discharge,D001,D001,Emergency Department,Emergency Department,,2022-04-13 23:59:00.000000,2022-04-13,0.0,2022,4,Wednesday,23,Night,No
M000192,A00078,P00136,H001,1,Admission,,D001,,Emergency Department,H001-D001-BED05,2025-06-08 18:00:00.000000,2025-06-08,5.98,2025,6,Sunday,18,Evening,Yes
M000193,A00078,P00136,H001,2,Discharge,D001,D001,Emergency Department,Emergency Department,,2025-06-08 23:59:00.000000,2025-06-08,0.0,2025,6,Sunday,23,Night,No
M000194,A00079,P00335,H001,1,Admission,,D002,,General Medicine,H001-D002-BED04,2021-05-12 18:15:00.000000,2021-05-12,,2021,5,Wednesday,18,Evening,Yes
M000195,A00079,P00335,H001,2,Discharge,D002,D002,General Medicine,General Medicine,,2021-05-14 18:15:00.000000,2021-05-14,0.0,2021,5,Friday,18,Evening,Yes
M000196,A00080,P00337,H003,1,Admission,,D005,,Pediatrics,H003-D005-BED02,2020-04-28 15:30:00.000000,2020-04-28,72.0,2020,4,Tuesday,15,Evening,No
M000197,A00080,P00337,H003,2,Discharge,D005,D005,Pediatrics,Pediatrics,,2020-05-01 15:30:00.000000,2020-05-01,0.0,2020,5,Friday,15,Evening,No
M000198,A00081,P00224,H002,1,Admission,,D006,,Neurology,H002-D006-BED05,2022-09-07 15:00:00.000000,2022-09-07,72.0,2022,9,Wednesday,15,Evening,No
M000199,A00081,P00224,H002,2,Discharge,D006,D006,Neurology,Neurology,,2022-09-10 15:00:00.000000,2022-09-10,0.0,2022,9,Saturday,15,Evening,No
M000200,A00082,P00048,H001,1,Admission,,D003,,Cardiology,H001-D003-BED06,2021-10-10 01:15:00.000000,2021-10-10,24.0,2021,10,Sunday,1,Night,No
M000201,A00082,P00048,H001,2,Discharge,D003,D003,Cardiology,Cardiology,,2021-10-11 01:15:00.000000,2021-10-11,0.0,2021,10,Monday,1,Night,No
M000202,A00083,P00276,H001,1,Admission,,D001,,Emergency Department,H001-D001-BED06,2023-06-26 00:45:00.000000,2023-06-26,7.2,2023,6,Monday,0,Night,No
M000203,A00083,P00276,H001,2,Discharge,D001,D001,Emergency Department,Emergency Department,,2023-06-26 07:57:00.000000,2023-06-26,0.0,2023,6,Monday,7,Day,No
M000204,A00084,P00365,H003,1,Admission,,D006,,Neurology,H003-D006-BED02,2024-07-29 10:15:00.000000,2024-07-29,120.0,2024,7,Monday,10,Day,Yes
M000205,A00084,P00365,H003,2,Discharge,D006,D006,Neurology,Neurology,,2024-08-03 10:15:00.000000,2024-08-03,0.0,2024,8,Saturday,10,Day,Yes
M000206,A00085,P00072,H002,1,Admission,,D001,,Emergency Department,H002-D001-BED08,2021-01-16 10:15:00.000000,2021-01-16,1.43,2021,1,Saturday,10,Day,Yes
M000207,A00085,P00072,H002,2,Transfer,D001,D002,Emergency Department,General Medicine,H002-D002-BED09,2021-01-16 11:40:45.635190,2021-01-16,22.57,2021,1,Saturday,11,Day,Yes
M000208,A00085,P00072,H002,3,Discharge,D002,D002,General Medicine,General Medicine,,2021-01-17 10:15:00.000000,2021-01-17,0.0,2021,1,Sunday,10,Day,Yes
M000209,A00086,P00277,H001,1,Admission,,D008,,General Surgery,H001-D008-BED01,2022-07-09 18:15:00.000000,2022-07-09,96.0,2022,7,Saturday,18,Evening,Yes
M000210,A00086,P00277,H001,2,Discharge,D008,D008,General Surgery,General Surgery,,2022-07-13 18:15:00.000000,2022-07-13,0.0,2022,7,Wednesday,18,Evening,Yes
M000211,A00087,P00009,H002,1,Admission,,D002,,General Medicine,H002-D002-BED03,2021-04-09 16:30:00.000000,2021-04-09,96.0,2021,4,Friday,16,Evening,No
M000212,A00087,P00009,H002,2,Discharge,D002,D002,General Medicine,General Medicine,,2021-04-13 16:30:00.000000,2021-04-13,0.0,2021,4,Tuesday,16,Evening,No
M000213,A00088,P00250,H001,1,Admission,,D004,,Orthopedics,H001-D004-BED05,2025-03-05 11:45:00.000000,2025-03-05,120.0,2025,3,Wednesday,11,Day,Yes
M000214,A00088,P00250,H001,2,Discharge,D004,D004,Orthopedics,Orthopedics,,2025-03-10 11:45:00.000000,2025-03-10,0.0,2025,3,Monday,11,Day,Yes
M000215,A00089,P00209,H003,1,Admission,,D001,,Emergency Department,H003-D001-BED01,2021-04-26 10:30:00.000000,2021-04-26,13.1,2021,4,Monday,10,Day,Yes
M000216,A00089,P00209,H003,2,Transfer,D001,D004,Emergency Department,Orthopedics,H003-D004-BED02,2021-04-26 23:35:57.696757,2021-04-26,82.9,2021,4,Monday,23,Night,No
M000217,A00089,P00209,H003,3,Discharge,D004,D004,Orthopedics,Orthopedics,,2021-04-30 10:30:00.000000,2021-04-30,0.0,2021,4,Friday,10,Day,Yes
M000218,A00090,P00372,H002,1,Admission,,D001,,Emergency Department,H002-D001-BED04,2021-09-22 13:45:00.000000,2021-09-22,12.54,2021,9,Wednesday,13,Day,No
M000219,A00090,P00372,H002,2,Department Change,D001,D005,Emergency Department,Pediatrics,H002-D005-BED01,2021-09-23 02:17:33.332312,2021-09-23,59.46,2021,9,Thursday,2,Night,No
M000220,A00090,P00372,H002,3,Discharge,D005,D005,Pediatrics,Pediatrics,,2021-09-25 13:45:00.000000,2021-09-25,0.0,2021,9,Saturday,13,Day,No
M000221,A00091,P00222,H002,1,Admission,,D009,,ICU,H002-D009-BED03,2025-08-03 07:15:00.000000,2025-08-03,96.0,2025,8,Sunday,7,Day,No
M000222,A00091,P00222,H002,2,Discharge,D009,D009,ICU,ICU,,2025-08-07 07:15:00.000000,2025-08-07,0.0,2025,8,Thursday,7,Day,No
M000223,A00092,P00039,H001,1,Admission,,D004,,Orthopedics,H001-D004-BED03,2023-04-10 09:30:00.000000,2023-04-10,24.0,2023,4,Monday,9,Day,Yes
M000224,A00092,P00039,H001,2,Discharge,D004,D004,Orthopedics,Orthopedics,,2023-04-11 09:30:00.000000,2023-04-11,0.0,2023,4,Tuesday,9,Day,Yes
M000225,A00093,P00146,H001,1,Admission,,D001,,Emergency Department,H001-D001-BED02,2025-09-15 05:00:00.000000,2025-09-15,111.0,2025,9,Monday,5,Night,No
M000226,A00093,P00146,H001,2,Transfer,D001,D002,Emergency Department,General Medicine,H001-D002-BED12,2025-09-19 19:59:58.475512,2025-09-19,33.0,2025,9,Friday,19,Evening,Yes
M000227,A00093,P00146,H001,3,Discharge,D002,D002,General Medicine,General Medicine,,2025-09-21 05:00:00.000000,2025-09-21,0.0,2025,9,Sunday,5,Night,No
M000228,A00094,P00063,H002,1,Admission,,D001,,Emergency Department,H002-D001-BED06,2023-01-24 05:30:00.000000,2023-01-24,24.0,2023,1,Tuesday,5,Night,No
M000229,A00094,P00063,H002,2,Discharge,D001,D001,Emergency Department,Emergency Department,,2023-01-25 05:30:00.000000,2023-01-25,0.0,2023,1,Wednesday,5,Night,No
M000230,A00095,P00347,H002,1,Admission,,D001,,Emergency Department,H002-D001-BED08,2024-08-28 20:00:00.000000,2024-08-28,13.5,2024,8,Wednesday,20,Evening,Yes
M000231,A00095,P00347,H002,2,Transfer,D001,D003,Emergency Department,Cardiology,H002-D003-BED05,2024-08-29 09:30:06.348032,2024-08-29,82.5,2024,8,Thursday,9,Day,Yes
M000232,A00095,P00347,H002,3,Discharge,D003,D003,Cardiology,Cardiology,,2024-09-01 20:00:00.000000,2024-09-01,0.0,2024,9,Sunday,20,Evening,Yes
M000233,A00096,P00268,H001,1,Admission,,D001,,Emergency Department,H001-D001-BED01,2022-09-25 07:30:00.000000,2022-09-25,17.04,2022,9,Sunday,7,Day,No
M000234,A00096,P00268,H001,2,Department Change,D001,D003,Emergency Department,Cardiology,H001-D003-BED05,2022-09-26 00:32:07.419888,2022-09-26,152.95,2022,9,Monday,0,Night,No
M000235,A00096,P00268,H001,3,ICU Transfer,D003,D009,Cardiology,ICU,H001-D009-BED01,2022-10-02 09:28:53.359147,2022-10-02,22.02,2022,10,Sunday,9,Day,Yes
M000236,A00096,P00268,H001,4,Discharge,D009,D009,ICU,ICU,,2022-10-03 07:30:00.000000,2022-10-03,0.0,2022,10,Monday,7,Day,No
M000237,A00097,P00076,H003,1,Admission,,D001,,Emergency Department,H003-D001-BED05,2025-02-13 14:00:00.000000,2025-02-13,7.2,2025,2,Thursday,14,Day,No
M000238,A00097,P00076,H003,2,Discharge,D001,D001,Emergency Department,Emergency Department,,2025-02-13 21:12:00.000000,2025-02-13,0.0,2025,2,Thursday,21,Evening,No
M000239,A00098,P00188,H002,1,Admission,,D001,,Emergency Department,H002-D001-BED01,2025-09-12 06:15:00.000000,2025-09-12,7.2,2025,9,Friday,6,Night,No
M000240,A00098,P00188,H002,2,Discharge,D001,D001,Emergency Department,Emergency Department,,2025-09-12 13:27:00.000000,2025-09-12,0.0,2025,9,Friday,13,Day,No
M000241,A00099,P00291,H001,1,Admission,,D001,,Emergency Department,H001-D001-BED09,2021-07-13 11:30:00.000000,2021-07-13,7.2,2021,7,Tuesday,11,Day,Yes
M000242,A00099,P00291,H001,2,Discharge,D001,D001,Emergency Department,Emergency Department,,2021-07-13 18:42:00.000000,2021-07-13,0.0,2021,7,Tuesday,18,Evening,Yes
M000243,A00100,P00124,H003,1,Admission,,D001,,Emergency Department,H003-D001-BED05,2020-10-12 00:00:00.000000,2020-10-12,42.07,2020,10,Monday,0,Night,No
M000244,A00100,P00124,H003,2,Department Change,D001,D006,Emergency Department,Neurology,H003-D006-BED02,2020-10-13 18:04:08.880842,2020-10-13,53.93,2020,10,Tuesday,18,Evening,Yes
M000245,A00100,P00124,H003,3,Discharge,D006,D006,Neurology,Neurology,,2020-10-16 00:00:00.000000,2020-10-16,0.0,2020,10,Friday,0,Night,No
M000246,A00101,P00213,H002,1,Admission,,D001,,Emergency Department,H002-D001-BED08,2023-02-05 05:45:00.000000,2023-02-05,63.49,2023,2,Sunday,5,Night,No
M000247,A00101,P00213,H002,2,Department Change,D001,D003,Emergency Department,Cardiology,H002-D003-BED03,2023-02-07 21:14:14.954640,2023-02-07,8.51,2023,2,Tuesday,21,Evening,No
M000248,A00101,P00213,H002,3,Discharge,D003,D003,Cardiology,Cardiology,,2023-02-08 05:45:00.000000,2023-02-08,0.0,2023,2,Wednesday,5,Night,No
M000249,A00102,P00029,H001,1,Admission,,D001,,Emergency Department,H001-D001-BED08,2024-08-26 17:45:00.000000,2024-08-26,79.57,2024,8,Monday,17,Evening,Yes
M000250,A00102,P00029,H001,2,ICU Transfer,D001,D009,Emergency Department,ICU,H001-D009-BED04,2024-08-30 01:18:55.691447,2024-08-30,16.43,2024,8,Friday,1,Night,No
M000251,A00102,P00029,H001,3,Discharge,D009,D009,ICU,ICU,,2024-08-30 17:45:00.000000,2024-08-30,0.0,2024,8,Friday,17,Evening,Yes
M000252,A00103,P00071,H001,1,Admission,,D002,,General Medicine,H001-D002-BED02,2022-12-30 18:15:00.000000,2022-12-30,134.26,2022,12,Friday,18,Evening,Yes
M000253,A00103,P00071,H001,2,ICU Transfer,D002,D009,General Medicine,ICU,H001-D009-BED03,2023-01-05 08:30:52.873369,2023-01-05,33.74,2023,1,Thursday,8,Day,Yes
M000254,A00103,P00071,H001,3,Discharge,D009,D009,ICU,ICU,,2023-01-06 18:15:00.000000,2023-01-06,0.0,2023,1,Friday,18,Evening,Yes
M000255,A00104,P00076,H001,1,Admission,,D001,,Emergency Department,H001-D001-BED05,2025-09-28 01:30:00.000000,2025-09-28,24.0,2025,9,Sunday,1,Night,No
M000256,A00104,P00076,H001,2,Discharge,D001,D001,Emergency Department,Emergency Department,,2025-09-29 01:30:00.000000,2025-09-29,0.0,2025,9,Monday,1,Night,No
M000257,A00105,P00313,H002,1,Admission,,D003,,Cardiology,H002-D003-BED01,2023-05-07 10:30:00.000000,2023-05-07,120.0,2023,5,Sunday,10,Day,Yes
M000258,A00105,P00313,H002,2,Discharge,D003,D003,Cardiology,Cardiology,,2023-05-12 10:30:00.000000,2023-05-12,0.0,2023,5,Friday,10,Day,Yes
M000259,A00106,P00010,H003,1,Admission,,D001,,Emergency Department,H003-D001-BED03,2025-06-28 02:30:00.000000,2025-06-28,14.4,2025,6,Saturday,2,Night,No
M000260,A00106,P00010,H003,2,Discharge,D001,D001,Emergency Department,Emergency Department,,2025-06-28 16:54:00.000000,2025-06-28,0.0,2025,6,Saturday,16,Evening,No
M000261,A00107,P00289,H002,1,Admission,,D005,,Pediatrics,H002-D005-BED03,2021-08-31 12:15:00.000000,2021-08-31,72.0,2021,8,Tuesday,12,Day,No
M000262,A00107,P00289,H002,2,Discharge,D005,D005,Pediatrics,Pediatrics,,2021-09-03 12:15:00.000000,2021-09-03,0.0,2021,9,Friday,12,Day,No
M000263,A00108,P00114,H002,1,Admission,,D001,,Emergency Department,H002-D001-BED01,2025-01-03 17:00:00.000000,2025-01-03,6.98,2025,1,Friday,17,Evening,Yes
M000264,A00108,P00114,H002,2,Discharge,D001,D001,Emergency Department,Emergency Department,,2025-01-03 23:59:00.000000,2025-01-03,0.0,2025,1,Friday,23,Night,No
M000265,A00109,P00045,H001,1,Admission,,D004,,Orthopedics,H001-D004-BED03,2025-06-06 19:45:00.000000,2025-06-06,72.0,2025,6,Friday,19,Evening,Yes
M000266,A00109,P00045,H001,2,Discharge,D004,D004,Orthopedics,Orthopedics,,2025-06-09 19:45:00.000000,2025-06-09,0.0,2025,6,Monday,19,Evening,Yes
M000267,A00110,P00043,H001,1,Admission,,D007,,Oncology,H001-D007-BED05,2023-11-14 13:15:00.000000,2023-11-14,48.0,2023,11,Tuesday,13,Day,No
M000268,A00110,P00043,H001,2,Discharge,D007,D007,Oncology,Oncology,,2023-11-16 13:15:00.000000,2023-11-16,0.0,2023,11,Thursday,13,Day,No
M000269,A00111,P00317,H003,1,Admission,,D005,,Pediatrics,H003-D005-BED03,2023-09-23 05:00:00.000000,2023-09-23,48.0,2023,9,Saturday,5,Night,No
M000270,A00111,P00317,H003,2,Discharge,D005,D005,Pediatrics,Pediatrics,,2023-09-25 05:00:00.000000,2023-09-25,0.0,2023,9,Monday,5,Night,No
M000271,A00112,P00197,H002,1,Admission,,D005,,Pediatrics,H002-D005-BED03,2024-03-25 10:15:00.000000,2024-03-25,48.0,2024,3,Monday,10,Day,Yes
M000272,A00112,P00197,H002,2,Discharge,D005,D005,Pediatrics,Pediatrics,,2024-03-27 10:15:00.000000,2024-03-27,0.0,2024,3,Wednesday,10,Day,Yes
M000273,A00113,P00265,H003,1,Admission,,D001,,Emergency Department,H003-D001-BED05,2025-02-08 13:30:00.000000,2025-02-08,13.81,2025,2,Saturday,13,Day,No
M000274,A00113,P00265,H003,2,Department Change,D001,D004,Emergency Department,Orthopedics,H003-D004-BED04,2025-02-09 03:18:42.813655,2025-02-09,130.19,2025,2,Sunday,3,Night,No
M000275,A00113,P00265,H003,3,Discharge,D004,D004,Orthopedics,Orthopedics,,2025-02-14 13:30:00.000000,2025-02-14,0.0,2025,2,Friday,13,Day,No
M000276,A00114,P00004,H002,1,Admission,,D003,,Cardiology,H002-D003-BED02,2023-08-11 18:45:00.000000,2023-08-11,72.0,2023,8,Friday,18,Evening,Yes
M000277,A00114,P00004,H002,2,Discharge,D003,D003,Cardiology,Cardiology,,2023-08-14 18:45:00.000000,2023-08-14,0.0,2023,8,Monday,18,Evening,Yes
M000278,A00115,P00065,H002,1,Admission,,D007,,Oncology,H002-D007-BED05,2022-02-11 01:30:00.000000,2022-02-11,336.0,2022,2,Friday,1,Night,No
M000279,A00115,P00065,H002,2,Discharge,D007,D007,Oncology,Oncology,,2022-02-25 01:30:00.000000,2022-02-25,0.0,2022,2,Friday,1,Night,No
M000280,A00116,P00321,H001,1,Admission,,D002,,General Medicine,H001-D002-BED06,2022-09-05 09:45:00.000000,2022-09-05,72.0,2022,9,Monday,9,Day,Yes
M000281,A00116,P00321,H001,2,Discharge,D002,D002,General Medicine,General Medicine,,2022-09-08 09:45:00.000000,2022-09-08,0.0,2022,9,Thursday,9,Day,Yes
M000282,A00117,P00307,H003,1,Admission,,D001,,Emergency Department,H003-D001-BED02,2024-04-17 03:00:00.000000,2024-04-17,12.0,2024,4,Wednesday,3,Night,No
M000283,A00117,P00307,H003,2,Discharge,D001,D001,Emergency Department,Emergency Department,,2024-04-17 15:00:00.000000,2024-04-17,0.0,2024,4,Wednesday,15,Evening,No
M000284,A00118,P00128,H002,1,Admission,,D003,,Cardiology,H002-D003-BED04,2022-08-14 05:30:00.000000,2022-08-14,168.0,2022,8,Sunday,5,Night,No
M000285,A00118,P00128,H002,2,Discharge,D003,D003,Cardiology,Cardiology,,2022-08-21 05:30:00.000000,2022-08-21,0.0,2022,8,Sunday,5,Night,No
M000286,A00119,P00182,H001,1,Admission,,D001,,Emergency Department,H001-D001-BED09,2020-06-27 03:30:00.000000,2020-06-27,33.91,2020,6,Saturday,3,Night,No
M000287,A00119,P00182,H001,2,Department Change,D001,D002,Emergency Department,General Medicine,H001-D002-BED01,2020-06-28 13:24:28.802205,2020-06-28,38.09,2020,6,Sunday,13,Day,No
M000288,A00119,P00182,H001,3,Discharge,D002,D002,General Medicine,General Medicine,,2020-06-30 03:30:00.000000,2020-06-30,0.0,2020,6,Tuesday,3,Night,No
M000289,A00120,P00347,H001,1,Admission,,D004,,Orthopedics,H001-D004-BED03,2025-05-27 02:45:00.000000,2025-05-27,4.8,2025,5,Tuesday,2,Night,No
M000290,A00120,P00347,H001,2,Discharge,D004,D004,Orthopedics,Orthopedics,,2025-05-27 07:33:00.000000,2025-05-27,0.0,2025,5,Tuesday,7,Day,No
M000291,A00121,P00369,H001,1,Admission,,D001,,Emergency Department,H001-D001-BED05,2023-07-27 11:45:00.000000,2023-07-27,22.39,2023,7,Thursday,11,Day,Yes
M000292,A00121,P00369,H001,2,Transfer,D001,D003,Emergency Department,Cardiology,H001-D003-BED07,2023-07-28 10:08:23.830580,2023-07-28,97.61,2023,7,Friday,10,Day,Yes
M000293,A00121,P00369,H001,3,Discharge,D003,D003,Cardiology,Cardiology,,2023-08-01 11:45:00.000000,2023-08-01,0.0,2023,8,Tuesday,11,Day,Yes
M000294,A00122,P00309,H003,1,Admission,,D001,,Emergency Department,H003-D001-BED02,2024-04-30 08:45:00.000000,2024-04-30,6.32,2024,4,Tuesday,8,Day,Yes
M000295,A00122,P00309,H003,2,Department Change,D001,D005,Emergency Department,Pediatrics,H003-D005-BED01,2024-04-30 15:04:17.829955,2024-04-30,17.68,2024,4,Tuesday,15,Evening,No
M000296,A00122,P00309,H003,3,Discharge,D005,D005,Pediatrics,Pediatrics,,2024-05-01 08:45:00.000000,2024-05-01,0.0,2024,5,Wednesday,8,Day,Yes
M000297,A00123,P00082,H003,1,Admission,,D006,,Neurology,H003-D006-BED03,2021-09-15 18:00:00.000000,2021-09-15,120.0,2021,9,Wednesday,18,Evening,Yes
M000298,A00123,P00082,H003,2,Discharge,D006,D006,Neurology,Neurology,,2021-09-20 18:00:00.000000,2021-09-20,0.0,2021,9,Monday,18,Evening,Yes
M000299,A00124,P00106,H001,1,Admission,,D003,,Cardiology,H001-D003-BED07,2025-07-21 03:00:00.000000,2025-07-21,69.55,2025,7,Monday,3,Night,No
M000300,A00124,P00106,H001,2,ICU Transfer,D003,D009,Cardiology,ICU,H001-D009-BED02,2025-07-24 00:32:59.127657,2025-07-24,98.45,2025,7,Thursday,0,Night,No
M000301,A00124,P00106,H001,3,Discharge,D009,D009,ICU,ICU,,2025-07-28 03:00:00.000000,2025-07-28,0.0,2025,7,Monday,3,Night,No
M000302,A00125,P00243,H002,1,Admission,,D001,,Emergency Department,H002-D001-BED08,2020-05-31 18:15:00.000000,2020-05-31,5.73,2020,5,Sunday,18,Evening,Yes
M000303,A00125,P00243,H002,2,Discharge,D001,D001,Emergency Department,Emergency Department,,2020-05-31 23:59:00.000000,2020-05-31,0.0,2020,5,Sunday,23,Night,No
M000304,A00126,P00068,H002,1,Admission,,D001,,Emergency Department,H002-D001-BED02,2023-09-21 12:45:00.000000,2023-09-21,41.24,2023,9,Thursday,12,Day,No
M000305,A00126,P00068,H002,2,Transfer,D001,D002,Emergency Department,General Medicine,H002-D002-BED07,2023-09-23 05:59:07.544132,2023-09-23,30.76,2023,9,Saturday,5,Night,No
M000306,A00126,P00068,H002,3,Discharge,D002,D002,General Medicine,General Medicine,,2023-09-24 12:45:00.000000,2023-09-24,0.0,2023,9,Sunday,12,Day,No
M000307,A00127,P00140,H002,1,Admission,,D004,,Orthopedics,H002-D004-BED04,2021-02-15 15:30:00.000000,2021-02-15,96.0,2021,2,Monday,15,Evening,No
M000308,A00127,P00140,H002,2,Discharge,D004,D004,Orthopedics,Orthopedics,,2021-02-19 15:30:00.000000,2021-02-19,0.0,2021,2,Friday,15,Evening,No
M000309,A00128,P00081,H001,1,Admission,,D004,,Orthopedics,H001-D004-BED05,2024-12-08 12:00:00.000000,2024-12-08,109.04,2024,12,Sunday,12,Day,No
M000310,A00128,P00081,H001,2,ICU Transfer,D004,D009,Orthopedics,ICU,H001-D009-BED04,2024-12-13 01:02:06.650923,2024-12-13,34.96,2024,12,Friday,1,Night,No
M000311,A00128,P00081,H001,3,Discharge,D009,D009,ICU,ICU,,2024-12-14 12:00:00.000000,2024-12-14,0.0,2024,12,Saturday,12,Day,No
M000312,A00129,P00275,H002,1,Admission,,D007,,Oncology,H002-D007-BED04,2021-02-12 05:15:00.000000,2021-02-12,168.0,2021,2,Friday,5,Night,No
M000313,A00129,P00275,H002,2,Discharge,D007,D007,Oncology,Oncology,,2021-02-19 05:15:00.000000,2021-02-19,0.0,2021,2,Friday,5,Night,No
M000314,A00130,P00149,H002,1,Admission,,D001,,Emergency Department,H002-D001-BED04,2020-03-03 04:00:00.000000,2020-03-03,48.0,2020,3,Tuesday,4,Night,No
M000315,A00130,P00149,H002,2,Discharge,D001,D001,Emergency Department,Emergency Department,,2020-03-05 04:00:00.000000,2020-03-05,0.0,2020,3,Thursday,4,Night,No
M000316,A00131,P00305,H003,1,Admission,,D006,,Neurology,H003-D006-BED02,2021-08-13 02:45:00.000000,2021-08-13,144.0,2021,8,Friday,2,Night,No
M000317,A00131,P00305,H003,2,Discharge,D006,D006,Neurology,Neurology,,2021-08-19 02:45:00.000000,2021-08-19,0.0,2021,8,Thursday,2,Night,No
M000318,A00132,P00027,H002,1,Admission,,D001,,Emergency Department,H002-D001-BED08,2024-12-20 20:15:00.000000,2024-12-20,23.02,2024,12,Friday,20,Evening,Yes
M000319,A00132,P00027,H002,2,Transfer,D001,D006,Emergency Department,Neurology,H002-D006-BED01,2024-12-21 19:16:19.067487,2024-12-21,48.98,2024,12,Saturday,19,Evening,Yes
M000320,A00132,P00027,H002,3,Discharge,D006,D006,Neurology,Neurology,,2024-12-23 20:15:00.000000,2024-12-23,0.0,2024,12,Monday,20,Evening,Yes
M000321,A00133,P00214,H002,1,Admission,,D001,,Emergency Department,H002-D001-BED03,2024-08-06 02:45:00.000000,2024-08-06,39.75,2024,8,Tuesday,2,Night,No
M000322,A00133,P00214,H002,2,Department Change,D001,D002,Emergency Department,General Medicine,H002-D002-BED04,2024-08-07 18:29:52.446456,2024-08-07,32.25,2024,8,Wednesday,18,Evening,Yes
M000323,A00133,P00214,H002,3,Discharge,D002,D002,General Medicine,General Medicine,,2024-08-09 02:45:00.000000,2024-08-09,0.0,2024,8,Friday,2,Night,No
M000324,A00134,P00148,H001,1,Admission,,D001,,Emergency Department,H001-D001-BED02,2021-09-24 16:45:00.000000,2021-09-24,7.2,2021,9,Friday,16,Evening,No
M000325,A00134,P00148,H001,2,Discharge,D001,D001,Emergency Department,Emergency Department,,2021-09-24 23:57:00.000000,2021-09-24,0.0,2021,9,Friday,23,Night,No
M000326,A00135,P00201,H003,1,Admission,,D005,,Pediatrics,H003-D005-BED04,2020-11-02 19:45:00.000000,2020-11-02,96.0,2020,11,Monday,19,Evening,Yes
M000327,A00135,P00201,H003,2,Discharge,D005,D005,Pediatrics,Pediatrics,,2020-11-06 19:45:00.000000,2020-11-06,0.0,2020,11,Friday,19,Evening,Yes
M000328,A00136,P00186,H001,1,Admission,,D008,,General Surgery,H001-D008-BED01,2025-04-07 13:15:00.000000,2025-04-07,,2025,4,Monday,13,Day,No
M000329,A00136,P00186,H001,2,Discharge,D008,D008,General Surgery,General Surgery,,2025-04-13 13:15:00.000000,2025-04-13,0.0,2025,4,Sunday,13,Day,No
M000330,A00137,P00236,H003,1,Admission,,D008,,General Surgery,H003-D008-BED02,2022-12-21 18:00:00.000000,2022-12-21,48.0,2022,12,Wednesday,18,Evening,Yes
M000331,A00137,P00236,H003,2,Discharge,D008,D008,General Surgery,General Surgery,,2022-12-23 18:00:00.000000,2022-12-23,0.0,2022,12,Friday,18,Evening,Yes
M000332,A00138,P00046,H001,1,Admission,,D001,,Emergency Department,H001-D001-BED01,2023-10-18 18:00:00.000000,2023-10-18,147.86,2023,10,Wednesday,18,Evening,Yes
M000333,A00138,P00046,H001,2,Department Change,D001,D003,Emergency Department,Cardiology,H001-D003-BED06,2023-10-24 21:51:46.122541,2023-10-24,20.14,2023,10,Tuesday,21,Evening,No
M000334,A00138,P00046,H001,3,Discharge,D003,D003,Cardiology,Cardiology,,2023-10-25 18:00:00.000000,2023-10-25,0.0,2023,10,Wednesday,18,Evening,Yes
M000335,A00139,P00210,H003,1,Admission,,D001,,Emergency Department,H003-D001-BED01,2024-06-16 08:45:00.000000,2024-06-16,68.64,2024,6,Sunday,8,Day,Yes
M000336,A00139,P00210,H003,2,Department Change,D001,D002,Emergency Department,General Medicine,H003-D002-BED02,2024-06-19 05:23:34.039593,2024-06-19,51.36,2024,6,Wednesday,5,Night,No
M000337,A00139,P00210,H003,3,Discharge,D002,D002,General Medicine,General Medicine,,2024-06-21 08:45:00.000000,2024-06-21,0.0,2024,6,Friday,8,Day,Yes
M000338,A00140,P00326,H003,1,Admission,,D001,,Emergency Department,H003-D001-BED04,2020-11-24 01:15:00.000000,2020-11-24,24.0,2020,11,Tuesday,1,Night,No
M000339,A00140,P00326,H003,2,Discharge,D001,D001,Emergency Department,Emergency Department,,2020-11-25 01:15:00.000000,2020-11-25,0.0,2020,11,Wednesday,1,Night,No
M000340,A00141,P00011,H001,1,Admission,,D001,,Emergency Department,H001-D001-BED09,2023-09-07 12:15:00.000000,2023-09-07,0.46,2023,9,Thursday,12,Day,No
M000341,A00141,P00011,H001,2,Department Change,D001,D002,Emergency Department,General Medicine,H001-D002-BED07,2023-09-07 12:42:18.174172,2023-09-07,11.28,2023,9,Thursday,12,Day,No
M000342,A00141,P00011,H001,3,Discharge,D002,D002,General Medicine,General Medicine,,2023-09-07 23:59:00.000000,2023-09-07,0.0,2023,9,Thursday,23,Night,No
M000343,A00142,P00017,H001,1,Admission,,D001,,Emergency Department,H001-D001-BED03,2024-04-05 07:00:00.000000,2024-04-05,24.0,2024,4,Friday,7,Day,No
M000344,A00142,P00017,H001,2,Discharge,D001,D001,Emergency Department,Emergency Department,,2024-04-06 07:00:00.000000,2024-04-06,0.0,2024,4,Saturday,7,Day,No
M000345,A00143,P00367,H003,1,Admission,,D005,,Pediatrics,H003-D005-BED03,2023-07-21 08:30:00.000000,2023-07-21,48.0,2023,7,Friday,8,Day,Yes
M000346,A00143,P00367,H003,2,Discharge,D005,D005,Pediatrics,Pediatrics,,2023-07-23 08:30:00.000000,2023-07-23,0.0,2023,7,Sunday,8,Day,Yes
M000347,A00144,P00271,H002,1,Admission,,D001,,Emergency Department,H002-D001-BED05,2025-06-21 10:30:00.000000,2025-06-21,20.18,2025,6,Saturday,10,Day,Yes
M000348,A00144,P00271,H002,2,Department Change,D001,D003,Emergency Department,Cardiology,H002-D003-BED02,2025-06-22 06:41:05.852505,2025-06-22,51.82,2025,6,Sunday,6,Night,No
M000349,A00144,P00271,H002,3,Discharge,D003,D003,Cardiology,Cardiology,,2025-06-24 10:30:00.000000,2025-06-24,0.0,2025,6,Tuesday,10,Day,Yes
M000350,A00145,P00014,H002,1,Admission,,D006,,Neurology,H002-D006-BED02,2020-10-07 03:15:00.000000,2020-10-07,216.0,2020,10,Wednesday,3,Night,No
M000351,A00145,P00014,H002,2,Discharge,D006,D006,Neurology,Neurology,,2020-10-16 03:15:00.000000,2020-10-16,0.0,2020,10,Friday,3,Night,No
M000352,A00146,P00180,H002,1,Admission,,D007,,Oncology,H002-D007-BED04,2022-08-19 14:30:00.000000,2022-08-19,360.0,2022,8,Friday,14,Day,No
M000353,A00146,P00180,H002,2,Discharge,D007,D007,Oncology,Oncology,,2022-09-03 14:30:00.000000,2022-09-03,0.0,2022,9,Saturday,14,Day,No
M000354,A00147,P00368,H003,1,Admission,,D002,,General Medicine,H003-D002-BED04,2023-03-23 19:00:00.000000,2023-03-23,48.0,2023,3,Thursday,19,Evening,Yes
M000355,A00147,P00368,H003,2,Discharge,D002,D002,General Medicine,General Medicine,,2023-03-25 19:00:00.000000,2023-03-25,0.0,2023,3,Saturday,19,Evening,Yes
M000356,A00148,P00270,H001,1,Admission,,D001,,Emergency Department,H001-D001-BED07,2022-07-20 14:15:00.000000,2022-07-20,109.37,2022,7,Wednesday,14,Day,No
M000357,A00148,P00270,H001,2,Department Change,D001,D002,Emergency Department,General Medicine,H001-D002-BED11,2022-07-25 03:37:01.324245,2022-07-25,34.63,2022,7,Monday,3,Night,No
M000358,A00148,P00270,H001,3,Discharge,D002,D002,General Medicine,General Medicine,,2022-07-26 14:15:00.000000,2022-07-26,0.0,2022,7,Tuesday,14,Day,No
M000359,A00149,P00190,H001,1,Admission,,D002,,General Medicine,H001-D002-BED01,2021-01-05 01:15:00.000000,2021-01-05,48.0,2021,1,Tuesday,1,Night,No
M000360,A00149,P00190,H001,2,Discharge,D002,D002,General Medicine,General Medicine,,2021-01-07 01:15:00.000000,2021-01-07,0.0,2021,1,Thursday,1,Night,No
M000361,A00150,P00057,H001,1,Admission,,D008,,General Surgery,H001-D008-BED06,2024-11-12 09:45:00.000000,2024-11-12,144.0,2024,11,Tuesday,9,Day,Yes
M000362,A00150,P00057,H001,2,Discharge,D008,D008,General Surgery,General Surgery,,2024-11-18 09:45:00.000000,2024-11-18,0.0,2024,11,Monday,9,Day,Yes
M000363,A00151,P00345,H001,1,Admission,,D001,,Emergency Department,H001-D001-BED05,2021-02-07 16:00:00.000000,2021-02-07,24.0,2021,2,Sunday,16,Evening,No
M000364,A00151,P00345,H001,2,Discharge,D001,D001,Emergency Department,Emergency Department,,2021-02-08 16:00:00.000000,2021-02-08,0.0,2021,2,Monday,16,Evening,No
M000365,A00152,P00062,H001,1,Admission,,D003,,Cardiology,H001-D003-BED03,2021-02-15 06:15:00.000000,2021-02-15,96.0,2021,2,Monday,6,Night,No
M000366,A00152,P00062,H001,2,Discharge,D003,D003,Cardiology,Cardiology,,2021-02-19 06:15:00.000000,2021-02-19,0.0,2021,2,Friday,6,Night,No
M000367,A00153,P00248,H001,1,Admission,,D001,,Emergency Department,H001-D001-BED09,2024-12-22 07:00:00.000000,2024-12-22,0.85,2024,12,Sunday,7,Day,No
M000368,A00153,P00248,H001,2,Department Change,D001,D005,Emergency Department,Pediatrics,H001-D005-BED04,2024-12-22 07:50:57.825357,2024-12-22,15.95,2024,12,Sunday,7,Day,No
M000369,A00153,P00248,H001,3,Discharge,D005,D005,Pediatrics,Pediatrics,,2024-12-22 23:48:00.000000,2024-12-22,0.0,2024,12,Sunday,23,Night,No
M000370,A00154,P00237,H002,1,Admission,,D001,,Emergency Department,H002-D001-BED04,2020-04-28 06:30:00.000000,2020-04-28,12.0,2020,4,Tuesday,6,Night,No
M000371,A00154,P00237,H002,2,Discharge,D001,D001,Emergency Department,Emergency Department,,2020-04-28 18:30:00.000000,2020-04-28,0.0,2020,4,Tuesday,18,Evening,Yes
M000372,A00155,P00355,H001,1,Admission,,D006,,Neurology,H001-D006-BED02,2020-07-07 14:45:00.000000,2020-07-07,48.0,2020,7,Tuesday,14,Day,No
M000373,A00155,P00355,H001,2,Discharge,D006,D006,Neurology,Neurology,,2020-07-09 14:45:00.000000,2020-07-09,0.0,2020,7,Thursday,14,Day,No
M000374,A00156,P00324,H003,1,Admission,,D001,,Emergency Department,H003-D001-BED04,2023-08-21 00:15:00.000000,2023-08-21,64.24,2023,8,Monday,0,Night,No
M000375,A00156,P00324,H003,2,Department Change,D001,D003,Emergency Department,Cardiology,H003-D003-BED02,2023-08-23 16:29:20.019464,2023-08-23,79.76,2023,8,Wednesday,16,Evening,No
M000376,A00156,P00324,H003,3,Discharge,D003,D003,Cardiology,Cardiology,,2023-08-27 00:15:00.000000,2023-08-27,0.0,2023,8,Sunday,0,Night,No
M000377,A00157,P00185,H002,1,Admission,,D001,,Emergency Department,H002-D001-BED03,2021-08-19 18:30:00.000000,2021-08-19,0.9,2021,8,Thursday,18,Evening,Yes
M000378,A00157,P00185,H002,2,Department Change,D001,D006,Emergency Department,Neurology,H002-D006-BED05,2021-08-19 19:23:47.758751,2021-08-19,4.59,2021,8,Thursday,19,Evening,Yes
M000379,A00157,P00185,H002,3,Discharge,D006,D006,Neurology,Neurology,,2021-08-19 23:59:00.000000,2021-08-19,0.0,2021,8,Thursday,23,Night,No
M000380,A00158,P00342,H001,1,Admission,,D001,,Emergency Department,H001-D001-BED04,2021-11-27 02:30:00.000000,2021-11-27,24.0,2021,11,Saturday,2,Night,No
M000381,A00158,P00342,H001,2,Discharge,D001,D001,Emergency Department,Emergency Department,,2021-11-28 02:30:00.000000,2021-11-28,0.0,2021,11,Sunday,2,Night,No
M000382,A00159,P00169,H001,1,Admission,,D002,,General Medicine,H001-D002-BED12,2023-02-23 12:00:00.000000,2023-02-23,168.0,2023,2,Thursday,12,Day,No
M000383,A00159,P00169,H001,2,Discharge,D002,D002,General Medicine,General Medicine,,2023-03-02 12:00:00.000000,2023-03-02,0.0,2023,3,Thursday,12,Day,No
M000384,A00160,P00212,H003,1,Admission,,D003,,Cardiology,H003-D003-BED01,2021-12-18 06:15:00.000000,2021-12-18,48.0,2021,12,Saturday,6,Night,No
M000385,A00160,P00212,H003,2,Discharge,D003,D003,Cardiology,Cardiology,,2021-12-20 06:15:00.000000,2021-12-20,0.0,2021,12,Monday,6,Night,No
M000386,A00161,P00353,H002,1,Admission,,D001,,Emergency Department,H002-D001-BED04,2020-11-19 06:30:00.000000,2020-11-19,49.27,2020,11,Thursday,6,Night,No
M000387,A00161,P00353,H002,2,Transfer,D001,D008,Emergency Department,General Surgery,H002-D008-BED05,2020-11-21 07:46:29.994387,2020-11-21,46.73,2020,11,Saturday,7,Day,No
M000388,A00161,P00353,H002,3,Discharge,D008,D008,General Surgery,General Surgery,,2020-11-23 06:30:00.000000,2020-11-23,0.0,2020,11,Monday,6,Night,No
M000389,A00162,P00041,H002,1,Admission,,D001,,Emergency Department,H002-D001-BED07,2024-04-15 15:15:00.000000,2024-04-15,7.2,2024,4,Monday,15,Evening,No
M000390,A00162,P00041,H002,2,Discharge,D001,D001,Emergency Department,Emergency Department,,2024-04-15 22:27:00.000000,2024-04-15,0.0,2024,4,Monday,22,Evening,No
M000391,A00163,P00102,H001,1,Admission,,D002,,General Medicine,H001-D002-BED09,2022-09-13 19:00:00.000000,2022-09-13,48.0,2022,9,Tuesday,19,Evening,Yes
M000392,A00163,P00102,H001,2,Discharge,D002,D002,General Medicine,General Medicine,,2022-09-15 19:00:00.000000,2022-09-15,0.0,2022,9,Thursday,19,Evening,Yes
M000393,A00164,P00031,H002,1,Admission,,D001,,Emergency Department,H002-D001-BED03,2021-08-09 08:30:00.000000,2021-08-09,6.56,2021,8,Monday,8,Day,Yes
M000394,A00164,P00031,H002,2,Department Change,D001,D005,Emergency Department,Pediatrics,H002-D005-BED01,2021-08-09 15:03:42.991069,2021-08-09,8.92,2021,8,Monday,15,Evening,No
M000395,A00164,P00031,H002,3,Discharge,D005,D005,Pediatrics,Pediatrics,,2021-08-09 23:59:00.000000,2021-08-09,0.0,2021,8,Monday,23,Night,No
M000396,A00165,P00258,H001,1,Admission,,D001,,Emergency Department,H001-D001-BED02,2022-08-09 11:45:00.000000,2022-08-09,5.24,2022,8,Tuesday,11,Day,Yes
M000397,A00165,P00258,H001,2,Department Change,D001,D003,Emergency Department,Cardiology,H001-D003-BED07,2022-08-09 16:59:13.262272,2022-08-09,18.76,2022,8,Tuesday,16,Evening,No
M000398,A00165,P00258,H001,3,Discharge,D003,D003,Cardiology,Cardiology,,2022-08-10 11:45:00.000000,2022-08-10,0.0,2022,8,Wednesday,11,Day,Yes
M000399,A00166,P00262,H001,1,Admission,,D007,,Oncology,H001-D007-BED05,2025-03-03 16:45:00.000000,2025-03-03,191.89,2025,3,Monday,16,Evening,No
M000400,A00166,P00262,H001,2,ICU Transfer,D007,D009,Oncology,ICU,H001-D009-BED02,2025-03-11 16:38:25.587365,2025-03-11,0.25,2025,3,Tuesday,16,Evening,No
M000401,A00166,P00262,H001,3,Discharge,D009,D009,ICU,ICU,,2025-03-11 16:45:00.000000,2025-03-11,0.0,2025,3,Tuesday,16,Evening,No
M000402,A00167,P00356,H003,1,Admission,,D001,,Emergency Department,H003-D001-BED02,2022-11-11 11:30:00.000000,2022-11-11,49.28,2022,11,Friday,11,Day,Yes
M000403,A00167,P00356,H003,2,Department Change,D001,D005,Emergency Department,Pediatrics,H003-D005-BED01,2022-11-13 12:46:39.884814,2022-11-13,22.72,2022,11,Sunday,12,Day,No
M000404,A00167,P00356,H003,3,Discharge,D005,D005,Pediatrics,Pediatrics,,2022-11-14 11:30:00.000000,2022-11-14,0.0,2022,11,Monday,11,Day,Yes
M000405,A00168,P00318,H002,1,Admission,,D001,,Emergency Department,H002-D001-BED07,2020-02-08 02:30:00.000000,2020-02-08,61.5,2020,2,Saturday,2,Night,No
M000406,A00168,P00318,H002,2,Department Change,D001,D008,Emergency Department,General Surgery,H002-D008-BED06,2020-02-10 15:59:49.544084,2020-02-10,34.5,2020,2,Monday,15,Evening,No
M000407,A00168,P00318,H002,3,Discharge,D008,D008,General Surgery,General Surgery,,2020-02-12 02:30:00.000000,2020-02-12,0.0,2020,2,Wednesday,2,Night,No
M000408,A00169,P00125,H003,1,Admission,,D001,,Emergency Department,H003-D001-BED02,2025-03-20 08:30:00.000000,2025-03-20,7.2,2025,3,Thursday,8,Day,Yes
M000409,A00169,P00125,H003,2,Discharge,D001,D001,Emergency Department,Emergency Department,,2025-03-20 15:42:00.000000,2025-03-20,0.0,2025,3,Thursday,15,Evening,No
M000410,A00170,P00276,H002,1,Admission,,D006,,Neurology,H002-D006-BED02,2024-05-04 04:15:00.000000,2024-05-04,192.0,2024,5,Saturday,4,Night,No
M000411,A00170,P00276,H002,2,Discharge,D006,D006,Neurology,Neurology,,2024-05-12 04:15:00.000000,2024-05-12,0.0,2024,5,Sunday,4,Night,No
M000412,A00171,P00287,H001,1,Admission,,D001,,Emergency Department,H001-D001-BED09,2021-10-09 19:45:00.000000,2021-10-09,24.0,2021,10,Saturday,19,Evening,Yes
M000413,A00171,P00287,H001,2,Discharge,D001,D001,Emergency Department,Emergency Department,,2021-10-10 19:45:00.000000,2021-10-10,0.0,2021,10,Sunday,19,Evening,Yes
M000414,A00172,P00007,H002,1,Admission,,D007,,Oncology,H002-D007-BED01,2020-10-29 04:00:00.000000,2020-10-29,192.0,2020,10,Thursday,4,Night,No
M000415,A00172,P00007,H002,2,Discharge,D007,D007,Oncology,Oncology,,2020-11-06 04:00:00.000000,2020-11-06,0.0,2020,11,Friday,4,Night,No
M000416,A00173,P00333,H001,1,Admission,,D007,,Oncology,H001-D007-BED04,2024-12-14 08:45:00.000000,2024-12-14,120.0,2024,12,Saturday,8,Day,Yes
M000417,A00173,P00333,H001,2,Discharge,D007,D007,Oncology,Oncology,,2024-12-19 08:45:00.000000,2024-12-19,0.0,2024,12,Thursday,8,Day,Yes
M000418,A00174,P00135,H003,1,Admission,,D006,,Neurology,H003-D006-BED04,2022-10-21 12:00:00.000000,2022-10-21,24.0,2022,10,Friday,12,Day,No
M000419,A00174,P00135,H003,2,Discharge,D006,D006,Neurology,Neurology,,2022-10-22 12:00:00.000000,2022-10-22,0.0,2022,10,Saturday,12,Day,No
M000420,A00175,P00029,H002,1,Admission,,D001,,Emergency Department,H002-D001-BED06,2025-06-12 10:15:00.000000,2025-06-12,108.78,2025,6,Thursday,10,Day,Yes
M000421,A00175,P00029,H002,2,Department Change,D001,D002,Emergency Department,General Medicine,H002-D002-BED03,2025-06-16 23:01:59.450378,2025-06-16,11.22,2025,6,Monday,23,Night,No
M000422,A00175,P00029,H002,3,Discharge,D002,D002,General Medicine,General Medicine,,2025-06-17 10:15:00.000000,2025-06-17,0.0,2025,6,Tuesday,10,Day,Yes
M000423,A00176,P00179,H002,1,Admission,,D003,,Cardiology,H002-D003-BED05,2022-03-26 16:30:00.000000,2022-03-26,216.0,2022,3,Saturday,16,Evening,No
M000424,A00176,P00179,H002,2,Discharge,D003,D003,Cardiology,Cardiology,,2022-04-04 16:30:00.000000,2022-04-04,0.0,2022,4,Monday,16,Evening,No
M000425,A00177,P00037,H002,1,Admission,,D001,,Emergency Department,H002-D001-BED03,2024-04-24 17:15:00.000000,2024-04-24,11.71,2024,4,Wednesday,17,Evening,Yes
M000426,A00177,P00037,H002,2,Transfer,D001,D004,Emergency Department,Orthopedics,H002-D004-BED03,2024-04-25 04:57:44.523567,2024-04-25,108.29,2024,4,Thursday,4,Night,No
M000427,A00177,P00037,H002,3,Discharge,D004,D004,Orthopedics,Orthopedics,,2024-04-29 17:15:00.000000,2024-04-29,0.0,2024,4,Monday,17,Evening,Yes
M000428,A00178,P00088,H002,1,Admission,,D001,,Emergency Department,H002-D001-BED06,2025-06-02 08:15:00.000000,2025-06-02,12.0,2025,6,Monday,8,Day,Yes
M000429,A00178,P00088,H002,2,Discharge,D001,D001,Emergency Department,Emergency Department,,2025-06-02 20:15:00.000000,2025-06-02,0.0,2025,6,Monday,20,Evening,Yes
M000430,A00179,P00147,H003,1,Admission,,D001,,Emergency Department,H003-D001-BED06,2024-01-10 20:00:00.000000,2024-01-10,24.0,2024,1,Wednesday,20,Evening,Yes
M000431,A00179,P00147,H003,2,Discharge,D001,D001,Emergency Department,Emergency Department,,2024-01-11 20:00:00.000000,2024-01-11,0.0,2024,1,Thursday,20,Evening,Yes
M000432,A00180,P00251,H003,1,Admission,,D001,,Emergency Department,H003-D001-BED02,2023-04-26 11:15:00.000000,2023-04-26,40.37,2023,4,Wednesday,11,Day,Yes
M000433,A00180,P00251,H003,2,Department Change,D001,D002,Emergency Department,General Medicine,H003-D002-BED03,2023-04-28 03:36:55.319565,2023-04-28,55.63,2023,4,Friday,3,Night,No
M000434,A00180,P00251,H003,3,Discharge,D002,D002,General Medicine,General Medicine,,2023-04-30 11:15:00.000000,2023-04-30,0.0,2023,4,Sunday,11,Day,Yes
M000435,A00181,P00308,H001,1,Admission,,D001,,Emergency Department,H001-D001-BED05,2023-04-24 11:30:00.000000,2023-04-24,55.65,2023,4,Monday,11,Day,Yes
M000436,A00181,P00308,H001,2,Transfer,D001,D005,Emergency Department,Pediatrics,H001-D005-BED06,2023-04-26 19:09:04.591377,2023-04-26,64.35,2023,4,Wednesday,19,Evening,Yes
M000437,A00181,P00308,H001,3,Discharge,D005,D005,Pediatrics,Pediatrics,,2023-04-29 11:30:00.000000,2023-04-29,0.0,2023,4,Saturday,11,Day,Yes
M000438,A00182,P00171,H003,1,Admission,,D006,,Neurology,H003-D006-BED04,2020-03-30 15:00:00.000000,2020-03-30,72.0,2020,3,Monday,15,Evening,No
M000439,A00182,P00171,H003,2,Discharge,D006,D006,Neurology,Neurology,,2020-04-02 15:00:00.000000,2020-04-02,0.0,2020,4,Thursday,15,Evening,No
M000440,A00183,P00008,H002,1,Admission,,D003,,Cardiology,H002-D003-BED04,2024-06-09 15:15:00.000000,2024-06-09,144.0,2024,6,Sunday,15,Evening,No
M000441,A00183,P00008,H002,2,Discharge,D003,D003,Cardiology,Cardiology,,2024-06-15 15:15:00.000000,2024-06-15,0.0,2024,6,Saturday,15,Evening,No
M000442,A00184,P00157,H002,1,Admission,,D001,,Emergency Department,H002-D001-BED04,2021-06-27 12:30:00.000000,2021-06-27,5.19,2021,6,Sunday,12,Day,No
M000443,A00184,P00157,H002,2,Transfer,D001,D003,Emergency Department,Cardiology,H002-D003-BED01,2021-06-27 17:41:23.817054,2021-06-27,90.81,2021,6,Sunday,17,Evening,Yes
M000444,A00184,P00157,H002,3,Discharge,D003,D003,Cardiology,Cardiology,,2021-07-01 12:30:00.000000,2021-07-01,0.0,2021,7,Thursday,12,Day,No
M000445,A00185,P00095,H002,1,Admission,,D001,,Emergency Department,H002-D001-BED07,2020-07-19 04:15:00.000000,2020-07-19,95.66,2020,7,Sunday,4,Night,No
M000446,A00185,P00095,H002,2,Department Change,D001,D003,Emergency Department,Cardiology,H002-D003-BED04,2020-07-23 03:54:35.290006,2020-07-23,72.34,2020,7,Thursday,3,Night,No
M000447,A00185,P00095,H002,3,Discharge,D003,D003,Cardiology,Cardiology,,2020-07-26 04:15:00.000000,2020-07-26,0.0,2020,7,Sunday,4,Night,No
M000448,A00186,P00195,H002,1,Admission,,D002,,General Medicine,H002-D002-BED10,2023-03-18 04:30:00.000000,2023-03-18,9.6,2023,3,Saturday,4,Night,No
M000449,A00186,P00195,H002,2,Discharge,D002,D002,General Medicine,General Medicine,,2023-03-18 14:06:00.000000,2023-03-18,0.0,2023,3,Saturday,14,Day,No
M000450,A00187,P00206,H001,1,Admission,,D001,,Emergency Department,H001-D001-BED02,2022-07-31 02:45:00.000000,2022-07-31,29.71,2022,7,Sunday,2,Night,No
M000451,A00187,P00206,H001,2,Transfer,D001,D003,Emergency Department,Cardiology,H001-D003-BED05,2022-08-01 08:27:23.316418,2022-08-01,138.29,2022,8,Monday,8,Day,Yes
M000452,A00187,P00206,H001,3,Discharge,D003,D003,Cardiology,Cardiology,,2022-08-07 02:45:00.000000,2022-08-07,0.0,2022,8,Sunday,2,Night,No
M000453,A00188,P00203,H002,1,Admission,,D003,,Cardiology,H002-D003-BED05,2023-12-14 00:45:00.000000,2023-12-14,30.42,2023,12,Thursday,0,Night,No
M000454,A00188,P00203,H002,2,ICU Transfer,D003,D009,Cardiology,ICU,H002-D009-BED04,2023-12-15 07:10:10.353130,2023-12-15,80.23,2023,12,Friday,7,Day,No
M000455,A00188,P00203,H002,3,Transfer,D009,D002,ICU,General Medicine,H002-D002-BED07,2023-12-18 15:23:43.986557,2023-12-18,81.35,2023,12,Monday,15,Evening,No
M000456,A00188,P00203,H002,4,Discharge,D002,D002,General Medicine,General Medicine,,2023-12-22 00:45:00.000000,2023-12-22,0.0,2023,12,Friday,0,Night,No
M000457,A00189,P00050,H001,1,Admission,,D001,,Emergency Department,H001-D001-BED09,2022-06-16 04:45:00.000000,2022-06-16,24.0,2022,6,Thursday,4,Night,No
M000458,A00189,P00050,H001,2,Discharge,D001,D001,Emergency Department,Emergency Department,,2022-06-17 04:45:00.000000,2022-06-17,0.0,2022,6,Friday,4,Night,No
M000459,A00190,P00269,H001,1,Admission,,D001,,Emergency Department,H001-D001-BED02,2022-02-17 12:45:00.000000,2022-02-17,11.23,2022,2,Thursday,12,Day,No
M000460,A00190,P00269,H001,2,Discharge,D001,D001,Emergency Department,Emergency Department,,2022-02-17 23:59:00.000000,2022-02-17,0.0,2022,2,Thursday,23,Night,No
M000461,A00191,P00121,H001,1,Admission,,D002,,General Medicine,H001-D002-BED07,2021-07-14 12:00:00.000000,2021-07-14,96.0,2021,7,Wednesday,12,Day,No
M000462,A00191,P00121,H001,2,Discharge,D002,D002,General Medicine,General Medicine,,2021-07-18 12:00:00.000000,2021-07-18,0.0,2021,7,Sunday,12,Day,No
M000463,A00192,P00158,H003,1,Admission,,D001,,Emergency Department,H003-D001-BED03,2021-02-01 17:15:00.000000,2021-02-01,91.21,2021,2,Monday,17,Evening,Yes
M000464,A00192,P00158,H003,2,Department Change,D001,D005,Emergency Department,Pediatrics,H003-D005-BED02,2021-02-05 12:27:23.713511,2021-02-05,4.79,2021,2,Friday,12,Day,No
M000465,A00192,P00158,H003,3,Discharge,D005,D005,Pediatrics,Pediatrics,,2021-02-05 17:15:00.000000,2021-02-05,0.0,2021,2,Friday,17,Evening,Yes
M000466,A00193,P00161,H001,1,Admission,,D001,,Emergency Department,H001-D001-BED09,2020-06-10 16:15:00.000000,2020-06-10,24.0,2020,6,Wednesday,16,Evening,No
M000467,A00193,P00161,H001,2,Discharge,D001,D001,Emergency Department,Emergency Department,,2020-06-11 16:15:00.000000,2020-06-11,0.0,2020,6,Thursday,16,Evening,No
M000468,A00194,P00119,H001,1,Admission,,D004,,Orthopedics,H001-D004-BED02,2023-06-19 00:15:00.000000,2023-06-19,72.0,2023,6,Monday,0,Night,No
M000469,A00194,P00119,H001,2,Discharge,D004,D004,Orthopedics,Orthopedics,,2023-06-22 00:15:00.000000,2023-06-22,0.0,2023,6,Thursday,0,Night,No
M000470,A00195,P00278,H001,1,Admission,,D008,,General Surgery,H001-D008-BED03,2023-06-08 11:30:00.000000,2023-06-08,96.0,2023,6,Thursday,11,Day,Yes
M000471,A00195,P00278,H001,2,Discharge,D008,D008,General Surgery,General Surgery,,2023-06-12 11:30:00.000000,2023-06-12,0.0,2023,6,Monday,11,Day,Yes
M000472,A00196,P00346,H003,1,Admission,,D003,,Cardiology,H003-D003-BED04,2024-12-10 03:45:00.000000,2024-12-10,4.01,2024,12,Tuesday,3,Night,No
M000473,A00196,P00346,H003,2,ICU Transfer,D003,D009,Cardiology,ICU,H003-D009-BED03,2024-12-10 07:45:30.544180,2024-12-10,19.99,2024,12,Tuesday,7,Day,No
M000474,A00196,P00346,H003,3,Discharge,D009,D009,ICU,ICU,,2024-12-11 03:45:00.000000,2024-12-11,0.0,2024,12,Wednesday,3,Night,No
M000475,A00197,P00211,H003,1,Admission,,D003,,Cardiology,H003-D003-BED02,2021-06-22 01:30:00.000000,2021-06-22,43.77,2021,6,Tuesday,1,Night,No
M000476,A00197,P00211,H003,2,ICU Transfer,D003,D009,Cardiology,ICU,H003-D009-BED02,2021-06-23 21:16:08.133416,2021-06-23,52.23,2021,6,Wednesday,21,Evening,No
M000477,A00197,P00211,H003,3,Discharge,D009,D009,ICU,ICU,,2021-06-26 01:30:00.000000,2021-06-26,0.0,2021,6,Saturday,1,Night,No
M000478,A00198,P00364,H001,1,Admission,,D001,,Emergency Department,H001-D001-BED03,2021-01-04 16:30:00.000000,2021-01-04,,2021,1,Monday,16,Evening,No
M000479,A00198,P00364,H001,2,Transfer,D001,D005,Emergency Department,Pediatrics,H001-D005-BED01,2021-01-05 13:48:40.957388,2021-01-05,2.69,2021,1,Tuesday,13,Day,No
M000480,A00198,P00364,H001,3,Discharge,D005,D005,Pediatrics,Pediatrics,,2021-01-05 16:30:00.000000,2021-01-05,0.0,2021,1,Tuesday,16,Evening,No
M000481,A00199,P00229,H001,1,Admission,,D001,,Emergency Department,H001-D001-BED06,2023-04-23 10:45:00.000000,2023-04-23,36.01,2023,4,Sunday,10,Day,Yes
M000482,A00199,P00229,H001,2,Transfer,D001,D005,Emergency Department,Pediatrics,H001-D005-BED04,2023-04-24 22:45:19.972615,2023-04-24,11.99,2023,4,Monday,22,Evening,No
M000483,A00199,P00229,H001,3,Discharge,D005,D005,Pediatrics,Pediatrics,,2023-04-25 10:45:00.000000,2023-04-25,0.0,2023,4,Tuesday,10,Day,Yes
M000484,A00200,P00002,H002,1,Admission,,D006,,Neurology,H002-D006-BED01,2023-08-31 12:00:00.000000,2023-08-31,96.0,2023,8,Thursday,12,Day,No
M000485,A00200,P00002,H002,2,Discharge,D006,D006,Neurology,Neurology,,2023-09-04 12:00:00.000000,2023-09-04,0.0,2023,9,Monday,12,Day,No
M000486,A00201,P00105,H002,1,Admission,,D002,,General Medicine,H002-D002-BED08,2024-08-28 07:15:00.000000,2024-08-28,17.62,2024,8,Wednesday,7,Day,No
M000487,A00201,P00105,H002,2,ICU Transfer,D002,D009,General Medicine,ICU,H002-D009-BED01,2024-08-29 00:52:04.219909,2024-08-29,6.38,2024,8,Thursday,0,Night,No
M000488,A00201,P00105,H002,3,Discharge,D009,D009,ICU,ICU,,2024-08-29 07:15:00.000000,2024-08-29,0.0,2024,8,Thursday,7,Day,No
M000489,A00202,P00294,H002,1,Admission,,D002,,General Medicine,H002-D002-BED01,2021-12-20 18:15:00.000000,2021-12-20,96.0,2021,12,Monday,18,Evening,Yes
M000490,A00202,P00294,H002,2,Discharge,D002,D002,General Medicine,General Medicine,,2021-12-24 18:15:00.000000,2021-12-24,0.0,2021,12,Friday,18,Evening,Yes
M000491,A00203,P00127,H002,1,Admission,,D001,,Emergency Department,H002-D001-BED05,2022-04-02 11:00:00.000000,2022-04-02,49.11,2022,4,Saturday,11,Day,Yes
M000492,A00203,P00127,H002,2,Transfer,D001,D004,Emergency Department,Orthopedics,H002-D004-BED04,2022-04-04 12:06:41.477017,2022-04-04,142.89,2022,4,Monday,12,Day,No
M000493,A00203,P00127,H002,3,Discharge,D004,D004,Orthopedics,Orthopedics,,2022-04-10 11:00:00.000000,2022-04-10,0.0,2022,4,Sunday,11,Day,Yes
M000494,A00204,P00330,H002,1,Admission,,D002,,General Medicine,H002-D002-BED06,2021-06-25 19:00:00.000000,2021-06-25,24.0,2021,6,Friday,19,Evening,Yes
M000495,A00204,P00330,H002,2,Discharge,D002,D002,General Medicine,General Medicine,,2021-06-26 19:00:00.000000,2021-06-26,0.0,2021,6,Saturday,19,Evening,Yes
M000496,A00205,P00006,H001,1,Admission,,D007,,Oncology,H001-D007-BED06,2024-02-07 20:00:00.000000,2024-02-07,240.0,2024,2,Wednesday,20,Evening,Yes
M000497,A00205,P00006,H001,2,Discharge,D007,D007,Oncology,Oncology,,2024-02-17 20:00:00.000000,2024-02-17,0.0,2024,2,Saturday,20,Evening,Yes
M000498,A00206,P00152,H002,1,Admission,,D001,,Emergency Department,H002-D001-BED04,2025-08-17 13:45:00.000000,2025-08-17,8.9,2025,8,Sunday,13,Day,No
M000499,A00206,P00152,H002,2,Department Change,D001,D002,Emergency Department,General Medicine,H002-D002-BED01,2025-08-17 22:38:55.840328,2025-08-17,63.1,2025,8,Sunday,22,Evening,No
M000500,A00206,P00152,H002,3,Discharge,D002,D002,General Medicine,General Medicine,,2025-08-20 13:45:00.000000,2025-08-20,0.0,2025,8,Wednesday,13,Day,No
M000501,A00207,P00128,H001,1,Admission,,D002,,General Medicine,H001-D002-BED11,2023-04-12 15:15:00.000000,2023-04-12,24.0,2023,4,Wednesday,15,Evening,No
M000502,A00207,P00128,H001,2,Discharge,D002,D002,General Medicine,General Medicine,,2023-04-13 15:15:00.000000,2023-04-13,0.0,2023,4,Thursday,15,Evening,No
M000503,A00208,P00296,H002,1,Admission,,D001,,Emergency Department,H002-D001-BED01,2025-05-27 20:00:00.000000,2025-05-27,14.54,2025,5,Tuesday,20,Evening,Yes
M000504,A00208,P00296,H002,2,Department Change,D001,D002,Emergency Department,General Medicine,H002-D002-BED06,2025-05-28 10:32:27.952779,2025-05-28,129.46,2025,5,Wednesday,10,Day,Yes
M000505,A00208,P00296,H002,3,Discharge,D002,D002,General Medicine,General Medicine,,2025-06-02 20:00:00.000000,2025-06-02,0.0,2025,6,Monday,20,Evening,Yes
M000506,A00209,P00363,H002,1,Admission,,D001,,Emergency Department,H002-D001-BED04,2023-02-01 19:15:00.000000,2023-02-01,4.73,2023,2,Wednesday,19,Evening,Yes
M000507,A00209,P00363,H002,2,Discharge,D001,D001,Emergency Department,Emergency Department,,2023-02-01 23:59:00.000000,2023-02-01,0.0,2023,2,Wednesday,23,Night,No
M000508,A00210,P00264,H001,1,Admission,,D001,,Emergency Department,H001-D001-BED06,2025-10-28 03:00:00.000000,2025-10-28,2.19,2025,10,Tuesday,3,Night,No
M000509,A00210,P00264,H001,2,Transfer,D001,D002,Emergency Department,General Medicine,H001-D002-BED07,2025-10-28 05:11:20.547642,2025-10-28,17.01,2025,10,Tuesday,5,Night,No
M000510,A00210,P00264,H001,3,Discharge,D002,D002,General Medicine,General Medicine,,2025-10-28 22:12:00.000000,2025-10-28,0.0,2025,10,Tuesday,22,Evening,No
M000511,A00211,P00348,H003,1,Admission,,D006,,Neurology,H003-D006-BED01,2023-04-23 15:15:00.000000,2023-04-23,120.0,2023,4,Sunday,15,Evening,No
M000512,A00211,P00348,H003,2,Discharge,D006,D006,Neurology,Neurology,,2023-04-28 15:15:00.000000,2023-04-28,0.0,2023,4,Friday,15,Evening,No
M000513,A00212,P00016,H003,1,Admission,,D001,,Emergency Department,H003-D001-BED05,2023-10-19 08:15:00.000000,2023-10-19,14.4,2023,10,Thursday,8,Day,Yes
M000514,A00212,P00016,H003,2,Discharge,D001,D001,Emergency Department,Emergency Department,,2023-10-19 22:39:00.000000,2023-10-19,0.0,2023,10,Thursday,22,Evening,No
M000515,A00213,P00231,H002,1,Admission,,D003,,Cardiology,H002-D003-BED01,2020-11-04 13:30:00.000000,2020-11-04,120.0,2020,11,Wednesday,13,Day,No
M000516,A00213,P00231,H002,2,Discharge,D003,D003,Cardiology,Cardiology,,2020-11-09 13:30:00.000000,2020-11-09,0.0,2020,11,Monday,13,Day,No
M000517,A00214,P00102,H002,1,Admission,,D002,,General Medicine,H002-D002-BED09,2023-08-08 01:45:00.000000,2023-08-08,16.52,2023,8,Tuesday,1,Night,No
M000518,A00214,P00102,H002,2,ICU Transfer,D002,D009,General Medicine,ICU,H002-D009-BED04,2023-08-08 18:16:00.818295,2023-08-08,7.48,2023,8,Tuesday,18,Evening,Yes
M000519,A00214,P00102,H002,3,Discharge,D009,D009,ICU,ICU,,2023-08-09 01:45:00.000000,2023-08-09,0.0,2023,8,Wednesday,1,Night,No
M000520,A00215,P00192,H003,1,Admission,,D001,,Emergency Department,H003-D001-BED06,2021-07-30 15:30:00.000000,2021-07-30,8.48,2021,7,Friday,15,Evening,No
M000521,A00215,P00192,H003,2,Discharge,D001,D001,Emergency Department,Emergency Department,,2021-07-30 23:59:00.000000,2021-07-30,0.0,2021,7,Friday,23,Night,No
M000522,A00216,P00074,H001,1,Admission,,D002,,General Medicine,H001-D002-BED08,2022-07-13 00:00:00.000000,2022-07-13,120.0,2022,7,Wednesday,0,Night,No
M000523,A00216,P00074,H001,2,Discharge,D002,D002,General Medicine,General Medicine,,2022-07-18 00:00:00.000000,2022-07-18,0.0,2022,7,Monday,0,Night,No
M000524,A00217,P00089,H002,1,Admission,,D002,,General Medicine,H002-D002-BED06,2021-10-25 03:45:00.000000,2021-10-25,96.0,2021,10,Monday,3,Night,No
M000525,A00217,P00089,H002,2,Discharge,D002,D002,General Medicine,General Medicine,,2021-10-29 03:45:00.000000,2021-10-29,0.0,2021,10,Friday,3,Night,No
M000526,A00218,P00090,H001,1,Admission,,D007,,Oncology,H001-D007-BED06,2024-06-15 02:00:00.000000,2024-06-15,120.0,2024,6,Saturday,2,Night,No
M000527,A00218,P00090,H001,2,Discharge,D007,D007,Oncology,Oncology,,2024-06-20 02:00:00.000000,2024-06-20,0.0,2024,6,Thursday,2,Night,No
M000528,A00219,P00016,H001,1,Admission,,D009,,ICU,H001-D009-BED02,2024-07-15 08:15:00.000000,2024-07-15,240.0,2024,7,Monday,8,Day,Yes
M000529,A00219,P00016,H001,2,Discharge,D009,D009,ICU,ICU,,2024-07-25 08:15:00.000000,2024-07-25,0.0,2024,7,Thursday,8,Day,Yes
M000530,A00220,P00232,H002,1,Admission,,D009,,ICU,H002-D009-BED04,2024-02-07 09:30:00.000000,2024-02-07,72.0,2024,2,Wednesday,9,Day,Yes
M000531,A00220,P00232,H002,2,Discharge,D009,D009,ICU,ICU,,2024-02-10 09:30:00.000000,2024-02-10,0.0,2024,2,Saturday,9,Day,Yes
M000532,A00221,P00153,H001,1,Admission,,D003,,Cardiology,H001-D003-BED02,2021-01-04 01:00:00.000000,2021-01-04,48.0,2021,1,Monday,1,Night,No
M000533,A00221,P00153,H001,2,Discharge,D003,D003,Cardiology,Cardiology,,2021-01-06 01:00:00.000000,2021-01-06,0.0,2021,1,Wednesday,1,Night,No
M000534,A00222,P00034,H001,1,Admission,,D001,,Emergency Department,H001-D001-BED05,2022-12-19 01:30:00.000000,2022-12-19,24.0,2022,12,Monday,1,Night,No
M000535,A00222,P00034,H001,2,Discharge,D001,D001,Emergency Department,Emergency Department,,2022-12-20 01:30:00.000000,2022-12-20,0.0,2022,12,Tuesday,1,Night,No
M000536,A00223,P00151,H001,1,Admission,,D001,,Emergency Department,H001-D001-BED07,2021-05-21 10:45:00.000000,2021-05-21,4.8,2021,5,Friday,10,Day,Yes
M000537,A00223,P00151,H001,2,Discharge,D001,D001,Emergency Department,Emergency Department,,2021-05-21 15:33:00.000000,2021-05-21,0.0,2021,5,Friday,15,Evening,No
M000538,A00224,P00282,H002,1,Admission,,D006,,Neurology,H002-D006-BED05,2025-02-05 03:00:00.000000,2025-02-05,144.0,2025,2,Wednesday,3,Night,No
M000539,A00224,P00282,H002,2,Discharge,D006,D006,Neurology,Neurology,,2025-02-11 03:00:00.000000,2025-02-11,0.0,2025,2,Tuesday,3,Night,No
M000540,A00225,P00297,H003,1,Admission,,D001,,Emergency Department,H003-D001-BED02,2024-02-18 20:15:00.000000,2024-02-18,34.32,2024,2,Sunday,20,Evening,Yes
M000541,A00225,P00297,H003,2,Department Change,D001,D003,Emergency Department,Cardiology,H003-D003-BED03,2024-02-20 06:34:21.470905,2024-02-20,61.68,2024,2,Tuesday,6,Night,No
M000542,A00225,P00297,H003,3,Discharge,D003,D003,Cardiology,Cardiology,,2024-02-22 20:15:00.000000,2024-02-22,0.0,2024,2,Thursday,20,Evening,Yes
M000543,A00226,P00366,H002,1,Admission,,D001,,Emergency Department,H002-D001-BED01,2022-12-09 19:30:00.000000,2022-12-09,49.35,2022,12,Friday,19,Evening,Yes
M000544,A00226,P00366,H002,2,ICU Transfer,D001,D009,Emergency Department,ICU,H002-D009-BED02,2022-12-11 20:51:07.459479,2022-12-11,94.65,2022,12,Sunday,20,Evening,Yes
M000545,A00226,P00366,H002,3,Discharge,D009,D009,ICU,ICU,,2022-12-15 19:30:00.000000,2022-12-15,0.0,2022,12,Thursday,19,Evening,Yes
M000546,A00227,P00284,H002,1,Admission,,D001,,Emergency Department,H002-D001-BED04,2024-04-09 03:45:00.000000,2024-04-09,14.4,2024,4,Tuesday,3,Night,No
M000547,A00227,P00284,H002,2,Discharge,D001,D001,Emergency Department,Emergency Department,,2024-04-09 18:09:00.000000,2024-04-09,0.0,2024,4,Tuesday,18,Evening,Yes
M000548,A00228,P00352,H001,1,Admission,,D001,,Emergency Department,H001-D001-BED01,2020-08-28 14:30:00.000000,2020-08-28,33.12,2020,8,Friday,14,Day,No
M000549,A00228,P00352,H001,2,Department Change,D001,D003,Emergency Department,Cardiology,H001-D003-BED05,2020-08-29 23:36:55.140103,2020-08-29,14.88,2020,8,Saturday,23,Night,No
M000550,A00228,P00352,H001,3,Discharge,D003,D003,Cardiology,Cardiology,,2020-08-30 14:30:00.000000,2020-08-30,0.0,2020,8,Sunday,14,Day,No
M000551,A00229,P00120,H002,1,Admission,,D002,,General Medicine,H002-D002-BED03,2024-03-01 13:15:00.000000,2024-03-01,122.04,2024,3,Friday,13,Day,No
M000552,A00229,P00120,H002,2,ICU Transfer,D002,D009,General Medicine,ICU,H002-D009-BED02,2024-03-06 15:17:13.440592,2024-03-06,45.96,2024,3,Wednesday,15,Evening,No
M000553,A00229,P00120,H002,3,Discharge,D009,D009,ICU,ICU,,2024-03-08 13:15:00.000000,2024-03-08,0.0,2024,3,Friday,13,Day,No
M000554,A00230,P00218,H001,1,Admission,,D001,,Emergency Department,H001-D001-BED07,2021-03-19 05:00:00.000000,2021-03-19,104.26,2021,3,Friday,5,Night,No
M000555,A00230,P00218,H001,2,Department Change,D001,D002,Emergency Department,General Medicine,H001-D002-BED05,2021-03-23 13:15:27.963780,2021-03-23,111.74,2021,3,Tuesday,13,Day,No
M000556,A00230,P00218,H001,3,Discharge,D002,D002,General Medicine,General Medicine,,2021-03-28 05:00:00.000000,2021-03-28,0.0,2021,3,Sunday,5,Night,No
M000557,A00231,P00217,H002,1,Admission,,D001,,Emergency Department,H002-D001-BED07,2022-08-15 05:45:00.000000,2022-08-15,124.21,2022,8,Monday,5,Night,No
M000558,A00231,P00217,H002,2,Transfer,D001,D003,Emergency Department,Cardiology,H002-D003-BED02,2022-08-20 09:57:39.281513,2022-08-20,19.79,2022,8,Saturday,9,Day,Yes
M000559,A00231,P00217,H002,3,Discharge,D003,D003,Cardiology,Cardiology,,2022-08-21 05:45:00.000000,2022-08-21,0.0,2022,8,Sunday,5,Night,No
M000560,A00232,P00075,H001,1,Admission,,D004,,Orthopedics,H001-D004-BED04,2025-04-15 15:45:00.000000,2025-04-15,8.23,2025,4,Tuesday,15,Evening,No
M000561,A00232,P00075,H001,2,Discharge,D004,D004,Orthopedics,Orthopedics,,2025-04-15 23:59:00.000000,2025-04-15,0.0,2025,4,Tuesday,23,Night,No
M000562,A00233,P00060,H001,1,Admission,,D001,,Emergency Department,H001-D001-BED06,2020-04-12 13:45:00.000000,2020-04-12,24.0,2020,4,Sunday,13,Day,No
M000563,A00233,P00060,H001,2,Discharge,D001,D001,Emergency Department,Emergency Department,,2020-04-13 13:45:00.000000,2020-04-13,0.0,2020,4,Monday,13,Day,No
M000564,A00234,P00053,H001,1,Admission,,D001,,Emergency Department,H001-D001-BED08,2023-09-05 02:30:00.000000,2023-09-05,0.59,2023,9,Tuesday,2,Night,No
M000565,A00234,P00053,H001,2,Transfer,D001,D004,Emergency Department,Orthopedics,H001-D004-BED03,2023-09-05 03:05:35.844804,2023-09-05,47.41,2023,9,Tuesday,3,Night,No
M000566,A00234,P00053,H001,3,Discharge,D004,D004,Orthopedics,Orthopedics,,2023-09-07 02:30:00.000000,2023-09-07,0.0,2023,9,Thursday,2,Night,No
M000567,A00235,P00064,H003,1,Admission,,D001,,Emergency Department,H003-D001-BED05,2022-06-25 10:00:00.000000,2022-06-25,63.52,2022,6,Saturday,10,Day,Yes
M000568,A00235,P00064,H003,2,Transfer,D001,D002,Emergency Department,General Medicine,H003-D002-BED02,2022-06-28 01:31:28.103640,2022-06-28,32.48,2022,6,Tuesday,1,Night,No
M000569,A00235,P00064,H003,3,Discharge,D002,D002,General Medicine,General Medicine,,2022-06-29 10:00:00.000000,2022-06-29,0.0,2022,6,Wednesday,10,Day,Yes
M000570,A00236,P00154,H003,1,Admission,,D001,,Emergency Department,H003-D001-BED02,2020-09-15 15:30:00.000000,2020-09-15,17.84,2020,9,Tuesday,15,Evening,No
M000571,A00236,P00154,H003,2,Transfer,D001,D006,Emergency Department,Neurology,H003-D006-BED01,2020-09-16 09:20:18.723375,2020-09-16,102.16,2020,9,Wednesday,9,Day,Yes
M000572,A00236,P00154,H003,3,Discharge,D006,D006,Neurology,Neurology,,2020-09-20 15:30:00.000000,2020-09-20,0.0,2020,9,Sunday,15,Evening,No
M000573,A00237,P00306,H002,1,Admission,,D001,,Emergency Department,H002-D001-BED07,2025-03-16 00:15:00.000000,2025-03-16,7.2,2025,3,Sunday,0,Night,No
M000574,A00237,P00306,H002,2,Discharge,D001,D001,Emergency Department,Emergency Department,,2025-03-16 07:27:00.000000,2025-03-16,0.0,2025,3,Sunday,7,Day,No
M000575,A00238,P00230,H001,1,Admission,,D001,,Emergency Department,H001-D001-BED01,2024-07-30 15:15:00.000000,2024-07-30,24.0,2024,7,Tuesday,15,Evening,No
M000576,A00238,P00230,H001,2,Discharge,D001,D001,Emergency Department,Emergency Department,,2024-07-31 15:15:00.000000,2024-07-31,0.0,2024,7,Wednesday,15,Evening,No
M000577,A00239,P00207,H001,1,Admission,,D004,,Orthopedics,H001-D004-BED03,2021-04-22 15:30:00.000000,2021-04-22,24.0,2021,4,Thursday,15,Evening,No
M000578,A00239,P00207,H001,2,Discharge,D004,D004,Orthopedics,Orthopedics,,2021-04-23 15:30:00.000000,2021-04-23,0.0,2021,4,Friday,15,Evening,No
M000579,A00240,P00054,H001,1,Admission,,D003,,Cardiology,H001-D003-BED07,2021-07-26 10:30:00.000000,2021-07-26,240.0,2021,7,Monday,10,Day,Yes
M000580,A00240,P00054,H001,2,Discharge,D003,D003,Cardiology,Cardiology,,2021-08-05 10:30:00.000000,2021-08-05,0.0,2021,8,Thursday,10,Day,Yes
M000581,A00241,P00281,H002,1,Admission,,D001,,Emergency Department,H002-D001-BED07,2020-07-04 17:45:00.000000,2020-07-04,98.05,2020,7,Saturday,17,Evening,Yes
M000582,A00241,P00281,H002,2,Transfer,D001,D004,Emergency Department,Orthopedics,H002-D004-BED04,2020-07-08 19:48:08.628071,2020-07-08,21.95,2020,7,Wednesday,19,Evening,Yes
M000583,A00241,P00281,H002,3,Discharge,D004,D004,Orthopedics,Orthopedics,,2020-07-09 17:45:00.000000,2020-07-09,0.0,2020,7,Thursday,17,Evening,Yes
M000584,A00242,P00323,H003,1,Admission,,D001,,Emergency Department,H003-D001-BED04,2025-07-10 14:45:00.000000,2025-07-10,2.11,2025,7,Thursday,14,Day,No
M000585,A00242,P00323,H003,2,Department Change,D001,D002,Emergency Department,General Medicine,H003-D002-BED03,2025-07-10 16:51:44.916051,2025-07-10,21.89,2025,7,Thursday,16,Evening,No
M000586,A00242,P00323,H003,3,Discharge,D002,D002,General Medicine,General Medicine,,2025-07-11 14:45:00.000000,2025-07-11,0.0,2025,7,Friday,14,Day,No
M000587,A00243,P00332,H001,1,Admission,,D001,,Emergency Department,H001-D001-BED04,2021-07-09 14:30:00.000000,2021-07-09,24.0,2021,7,Friday,14,Day,No
M000588,A00243,P00332,H001,2,Discharge,D001,D001,Emergency Department,Emergency Department,,2021-07-10 14:30:00.000000,2021-07-10,0.0,2021,7,Saturday,14,Day,No
M000589,A00244,P00169,H002,1,Admission,,D001,,Emergency Department,H002-D001-BED07,2023-11-07 15:00:00.000000,2023-11-07,8.98,2023,11,Tuesday,15,Evening,No
M000590,A00244,P00169,H002,2,Discharge,D001,D001,Emergency Department,Emergency Department,,2023-11-07 23:59:00.000000,2023-11-07,0.0,2023,11,Tuesday,23,Night,No
M000591,A00245,P00238,H003,1,Admission,,D002,,General Medicine,H003-D002-BED01,2024-05-10 12:45:00.000000,2024-05-10,144.0,2024,5,Friday,12,Day,No
M000592,A00245,P00238,H003,2,Discharge,D002,D002,General Medicine,General Medicine,,2024-05-16 12:45:00.000000,2024-05-16,0.0,2024,5,Thursday,12,Day,No
M000593,A00246,P00061,H003,1,Admission,,D001,,Emergency Department,H003-D001-BED01,2025-02-01 00:00:00.000000,2025-02-01,94.47,2025,2,Saturday,0,Night,No
M000594,A00246,P00061,H003,2,Department Change,D001,D004,Emergency Department,Orthopedics,H003-D004-BED04,2025-02-04 22:28:18.739602,2025-02-04,73.53,2025,2,Tuesday,22,Evening,No
M000595,A00246,P00061,H003,3,Discharge,D004,D004,Orthopedics,Orthopedics,,2025-02-08 00:00:00.000000,2025-02-08,0.0,2025,2,Saturday,0,Night,No
M000596,A00247,P00138,H002,1,Admission,,D005,,Pediatrics,H002-D005-BED03,2024-02-28 10:30:00.000000,2024-02-28,72.0,2024,2,Wednesday,10,Day,Yes
M000597,A00247,P00138,H002,2,Discharge,D005,D005,Pediatrics,Pediatrics,,2024-03-02 10:30:00.000000,2024-03-02,0.0,2024,3,Saturday,10,Day,Yes
M000598,A00248,P00273,H002,1,Admission,,D007,,Oncology,H002-D007-BED05,2024-09-12 07:45:00.000000,2024-09-12,216.0,2024,9,Thursday,7,Day,No
M000599,A00248,P00273,H002,2,Discharge,D007,D007,Oncology,Oncology,,2024-09-21 07:45:00.000000,2024-09-21,0.0,2024,9,Saturday,7,Day,No
M000600,A00249,P00281,H003,1,Admission,,D007,,Oncology,H003-D007-BED02,2021-01-06 19:45:00.000000,2021-01-06,192.0,2021,1,Wednesday,19,Evening,Yes
M000601,A00249,P00281,H003,2,Discharge,D007,D007,Oncology,Oncology,,2021-01-14 19:45:00.000000,2021-01-14,0.0,2021,1,Thursday,19,Evening,Yes
M000602,A00250,P00162,H002,1,Admission,,D002,,General Medicine,H002-D002-BED04,2021-09-24 03:00:00.000000,2021-09-24,24.0,2021,9,Friday,3,Night,No
M000603,A00250,P00162,H002,2,Discharge,D002,D002,General Medicine,General Medicine,,2021-09-25 03:00:00.000000,2021-09-25,0.0,2021,9,Saturday,3,Night,No
M000604,A00251,P00058,H001,1,Admission,,D001,,Emergency Department,H001-D001-BED03,2024-08-26 00:30:00.000000,2024-08-26,7.2,2024,8,Monday,0,Night,No
M000605,A00251,P00058,H001,2,Discharge,D001,D001,Emergency Department,Emergency Department,,2024-08-26 07:42:00.000000,2024-08-26,0.0,2024,8,Monday,7,Day,No
M000606,A00252,P00247,H003,1,Admission,,D001,,Emergency Department,H003-D001-BED02,2024-07-29 20:30:00.000000,2024-07-29,50.55,2024,7,Monday,20,Evening,Yes
M000607,A00252,P00247,H003,2,Transfer,D001,D005,Emergency Department,Pediatrics,H003-D005-BED01,2024-07-31 23:03:03.297005,2024-07-31,21.45,2024,7,Wednesday,23,Night,No
M000608,A00252,P00247,H003,3,Discharge,D005,D005,Pediatrics,Pediatrics,,2024-08-01 20:30:00.000000,2024-08-01,0.0,2024,8,Thursday,20,Evening,Yes
M000609,A00253,P00343,H002,1,Admission,,D007,,Oncology,H002-D007-BED01,2024-12-28 05:45:00.000000,2024-12-28,240.0,2024,12,Saturday,5,Night,No
M000610,A00253,P00343,H002,2,Discharge,D007,D007,Oncology,Oncology,,2025-01-07 05:45:00.000000,2025-01-07,0.0,2025,1,Tuesday,5,Night,No
M000611,A00254,P00263,H001,1,Admission,,D001,,Emergency Department,H001-D001-BED01,2023-02-19 13:00:00.000000,2023-02-19,14.66,2023,2,Sunday,13,Day,No
M000612,A00254,P00263,H001,2,Transfer,D001,D006,Emergency Department,Neurology,H001-D006-BED02,2023-02-20 03:39:37.592594,2023-02-20,9.34,2023,2,Monday,3,Night,No
M000613,A00254,P00263,H001,3,Discharge,D006,D006,Neurology,Neurology,,2023-02-20 13:00:00.000000,2023-02-20,0.0,2023,2,Monday,13,Day,No
M000614,A00255,P00160,H003,1,Admission,,D002,,General Medicine,H003-D002-BED08,2020-05-14 03:45:00.000000,2020-05-14,48.0,2020,5,Thursday,3,Night,No
M000615,A00255,P00160,H003,2,Discharge,D002,D002,General Medicine,General Medicine,,2020-05-16 03:45:00.000000,2020-05-16,0.0,2020,5,Saturday,3,Night,No
M000616,A00256,P00333,H001,1,Admission,,D001,,Emergency Department,H001-D001-BED06,2025-11-10 14:15:00.000000,2025-11-10,7.76,2025,11,Monday,14,Day,No
M000617,A00256,P00333,H001,2,Department Change,D001,D002,Emergency Department,General Medicine,H001-D002-BED07,2025-11-10 22:00:32.881697,2025-11-10,64.24,2025,11,Monday,22,Evening,No
M000618,A00256,P00333,H001,3,Discharge,D002,D002,General Medicine,General Medicine,,2025-11-13 14:15:00.000000,2025-11-13,0.0,2025,11,Thursday,14,Day,No
M000619,A00257,P00191,H002,1,Admission,,D007,,Oncology,H002-D007-BED01,2024-02-26 01:00:00.000000,2024-02-26,264.0,2024,2,Monday,1,Night,No
M000620,A00257,P00191,H002,2,Discharge,D007,D007,Oncology,Oncology,,2024-03-08 01:00:00.000000,2024-03-08,0.0,2024,3,Friday,1,Night,No
M000621,A00258,P00369,H002,1,Admission,,D001,,Emergency Department,H002-D001-BED07,2024-08-22 18:15:00.000000,2024-08-22,119.5,2024,8,Thursday,18,Evening,Yes
M000622,A00258,P00369,H002,2,Department Change,D001,D003,Emergency Department,Cardiology,H002-D003-BED06,2024-08-27 17:44:48.793356,2024-08-27,39.53,2024,8,Tuesday,17,Evening,Yes
M000623,A00258,P00369,H002,3,ICU Transfer,D003,D009,Cardiology,ICU,H002-D009-BED01,2024-08-29 09:16:19.952211,2024-08-29,56.98,2024,8,Thursday,9,Day,Yes
M000624,A00258,P00369,H002,4,Discharge,D009,D009,ICU,ICU,,2024-08-31 18:15:00.000000,2024-08-31,0.0,2024,8,Saturday,18,Evening,Yes
M000625,A00259,P00219,H003,1,Admission,,D002,,General Medicine,H003-D002-BED03,2022-10-11 18:45:00.000000,2022-10-11,41.68,2022,10,Tuesday,18,Evening,Yes
M000626,A00259,P00219,H003,2,ICU Transfer,D002,D009,General Medicine,ICU,H003-D009-BED04,2022-10-13 12:25:33.833438,2022-10-13,198.32,2022,10,Thursday,12,Day,No
M000627,A00259,P00219,H003,3,Discharge,D009,D009,ICU,ICU,,2022-10-21 18:45:00.000000,2022-10-21,0.0,2022,10,Friday,18,Evening,Yes
M000628,A00260,P00259,H003,1,Admission,,D001,,Emergency Department,H003-D001-BED06,2022-06-08 04:00:00.000000,2022-06-08,24.0,2022,6,Wednesday,4,Night,No
M000629,A00260,P00259,H003,2,Discharge,D001,D001,Emergency Department,Emergency Department,,2022-06-09 04:00:00.000000,2022-06-09,0.0,2022,6,Thursday,4,Night,No
M000630,A00261,P00137,H002,1,Admission,,D001,,Emergency Department,H002-D001-BED08,2024-12-21 19:30:00.000000,2024-12-21,30.14,2024,12,Saturday,19,Evening,Yes
M000631,A00261,P00137,H002,2,Transfer,D001,D005,Emergency Department,Pediatrics,H002-D005-BED03,2024-12-23 01:38:37.902120,2024-12-23,41.86,2024,12,Monday,1,Night,No
M000632,A00261,P00137,H002,3,Discharge,D005,D005,Pediatrics,Pediatrics,,2024-12-24 19:30:00.000000,2024-12-24,0.0,2024,12,Tuesday,19,Evening,Yes
M000633,A00262,P00227,H002,1,Admission,,D001,,Emergency Department,H002-D001-BED03,2024-12-26 08:45:00.000000,2024-12-26,76.08,2024,12,Thursday,8,Day,Yes
M000634,A00262,P00227,H002,2,Transfer,D001,D008,Emergency Department,General Surgery,H002-D008-BED06,2024-12-29 12:49:41.083038,2024-12-29,91.92,2024,12,Sunday,12,Day,No
M000635,A00262,P00227,H002,3,Discharge,D008,D008,General Surgery,General Surgery,,2025-01-02 08:45:00.000000,2025-01-02,0.0,2025,1,Thursday,8,Day,Yes
M000636,A00263,P00060,H001,1,Admission,,D003,,Cardiology,H001-D003-BED01,2021-02-24 04:45:00.000000,2021-02-24,157.77,2021,2,Wednesday,4,Night,No
M000637,A00263,P00060,H001,2,ICU Transfer,D003,D009,Cardiology,ICU,H001-D009-BED03,2021-03-02 18:31:05.231106,2021-03-02,130.23,2021,3,Tuesday,18,Evening,Yes
M000638,A00263,P00060,H001,3,Discharge,D009,D009,ICU,ICU,,2021-03-08 04:45:00.000000,2021-03-08,0.0,2021,3,Monday,4,Night,No
M000639,A00264,P00241,H003,1,Admission,,D005,,Pediatrics,H003-D005-BED01,2022-08-25 10:15:00.000000,2022-08-25,72.0,2022,8,Thursday,10,Day,Yes
M000640,A00264,P00241,H003,2,Discharge,D005,D005,Pediatrics,Pediatrics,,2022-08-28 10:15:00.000000,2022-08-28,0.0,2022,8,Sunday,10,Day,Yes
M000641,A00265,P00055,H003,1,Admission,,D001,,Emergency Department,H003-D001-BED01,2024-01-25 06:30:00.000000,2024-01-25,24.0,2024,1,Thursday,6,Night,No
M000642,A00265,P00055,H003,2,Discharge,D001,D001,Emergency Department,Emergency Department,,2024-01-26 06:30:00.000000,2024-01-26,0.0,2024,1,Friday,6,Night,No
M000643,A00266,P00333,H003,1,Admission,,D007,,Oncology,H003-D007-BED01,2025-11-26 04:15:00.000000,2025-11-26,144.0,2025,11,Wednesday,4,Night,No
M000644,A00266,P00333,H003,2,Discharge,D007,D007,Oncology,Oncology,,2025-12-02 04:15:00.000000,2025-12-02,0.0,2025,12,Tuesday,4,Night,No
M000645,A00267,P00025,H002,1,Admission,,D001,,Emergency Department,H002-D001-BED07,2021-02-10 11:45:00.000000,2021-02-10,8.25,2021,2,Wednesday,11,Day,Yes
M000646,A00267,P00025,H002,2,Department Change,D001,D002,Emergency Department,General Medicine,H002-D002-BED08,2021-02-10 19:59:53.683103,2021-02-10,3.99,2021,2,Wednesday,19,Evening,Yes
M000647,A00267,P00025,H002,3,Discharge,D002,D002,General Medicine,General Medicine,,2021-02-10 23:59:00.000000,2021-02-10,0.0,2021,2,Wednesday,23,Night,No
M000648,A00268,P00200,H002,1,Admission,,D001,,Emergency Department,H002-D001-BED02,2024-02-13 13:00:00.000000,2024-02-13,10.98,2024,2,Tuesday,13,Day,No
M000649,A00268,P00200,H002,2,Discharge,D001,D001,Emergency Department,Emergency Department,,2024-02-13 23:59:00.000000,2024-02-13,0.0,2024,2,Tuesday,23,Night,No
M000650,A00269,P00225,H001,1,Admission,,D004,,Orthopedics,H001-D004-BED04,2024-01-09 00:45:00.000000,2024-01-09,120.0,2024,1,Tuesday,0,Night,No
M000651,A00269,P00225,H001,2,Discharge,D004,D004,Orthopedics,Orthopedics,,2024-01-14 00:45:00.000000,2024-01-14,0.0,2024,1,Sunday,0,Night,No
M000652,A00270,P00341,H002,1,Admission,,D001,,Emergency Department,H002-D001-BED06,2020-09-05 01:00:00.000000,2020-09-05,24.0,2020,9,Saturday,1,Night,No
M000653,A00270,P00341,H002,2,Discharge,D001,D001,Emergency Department,Emergency Department,,2020-09-06 01:00:00.000000,2020-09-06,0.0,2020,9,Sunday,1,Night,No
M000654,A00271,P00096,H002,1,Admission,,D007,,Oncology,H002-D007-BED01,2024-06-18 08:15:00.000000,2024-06-18,144.0,2024,6,Tuesday,8,Day,Yes
M000655,A00271,P00096,H002,2,Discharge,D007,D007,Oncology,Oncology,,2024-06-24 08:15:00.000000,2024-06-24,0.0,2024,6,Monday,8,Day,Yes
M000656,A00272,P00183,H003,1,Admission,,D001,,Emergency Department,H003-D001-BED04,2023-02-04 04:00:00.000000,2023-02-04,,2023,2,Saturday,4,Night,No
M000657,A00272,P00183,H003,2,Transfer,D001,D003,Emergency Department,Cardiology,H003-D003-BED04,2023-02-04 23:35:02.712187,2023-02-04,76.42,2023,2,Saturday,23,Night,No
M000658,A00272,P00183,H003,3,Discharge,D003,D003,Cardiology,Cardiology,,2023-02-08 04:00:00.000000,2023-02-08,0.0,2023,2,Wednesday,4,Night,No
M000659,A00273,P00049,H001,1,Admission,,D003,,Cardiology,H001-D003-BED03,2022-02-16 11:45:00.000000,2022-02-16,168.0,2022,2,Wednesday,11,Day,Yes
M000660,A00273,P00049,H001,2,Discharge,D003,D003,Cardiology,Cardiology,,2022-02-23 11:45:00.000000,2022-02-23,0.0,2022,2,Wednesday,11,Day,Yes
M000661,A00274,P00003,H001,1,Admission,,D001,,Emergency Department,H001-D001-BED06,2021-01-10 17:15:00.000000,2021-01-10,131.76,2021,1,Sunday,17,Evening,Yes
M000662,A00274,P00003,H001,2,Department Change,D001,D004,Emergency Department,Orthopedics,H001-D004-BED04,2021-01-16 05:00:48.978152,2021-01-16,2.44,2021,1,Saturday,5,Night,No
M000663,A00274,P00003,H001,3,ICU Transfer,D004,D009,Orthopedics,ICU,H001-D009-BED01,2021-01-16 07:27:07.395906,2021-01-16,33.8,2021,1,Saturday,7,Day,No
M000664,A00274,P00003,H001,4,Discharge,D009,D009,ICU,ICU,,2021-01-17 17:15:00.000000,2021-01-17,0.0,2021,1,Sunday,17,Evening,Yes
M000665,A00275,P00369,H003,1,Admission,,D001,,Emergency Department,H003-D001-BED01,2025-04-05 01:45:00.000000,2025-04-05,29.99,2025,4,Saturday,1,Night,No
M000666,A00275,P00369,H003,2,Department Change,D001,D002,Emergency Department,General Medicine,H003-D002-BED04,2025-04-06 07:44:33.968756,2025-04-06,42.01,2025,4,Sunday,7,Day,No
M000667,A00275,P00369,H003,3,Discharge,D002,D002,General Medicine,General Medicine,,2025-04-08 01:45:00.000000,2025-04-08,0.0,2025,4,Tuesday,1,Night,No
M000668,A00276,P00107,H001,1,Admission,,D004,,Orthopedics,H001-D004-BED04,2022-05-18 17:00:00.000000,2022-05-18,120.0,2022,5,Wednesday,17,Evening,Yes
M000669,A00276,P00107,H001,2,Discharge,D004,D004,Orthopedics,Orthopedics,,2022-05-23 17:00:00.000000,2022-05-23,0.0,2022,5,Monday,17,Evening,Yes
M000670,A00277,P00315,H001,1,Admission,,D001,,Emergency Department,H001-D001-BED06,2020-03-28 08:15:00.000000,2020-03-28,14.4,2020,3,Saturday,8,Day,Yes
M000671,A00277,P00315,H001,2,Discharge,D001,D001,Emergency Department,Emergency Department,,2020-03-28 22:39:00.000000,2020-03-28,0.0,2020,3,Saturday,22,Evening,No
M000672,A00278,P00215,H001,1,Admission,,D001,,Emergency Department,H001-D001-BED08,2020-07-26 07:30:00.000000,2020-07-26,24.0,2020,7,Sunday,7,Day,No
M000673,A00278,P00215,H001,2,Discharge,D001,D001,Emergency Department,Emergency Department,,2020-07-27 07:30:00.000000,2020-07-27,0.0,2020,7,Monday,7,Day,No
M000674,A00279,P00166,H002,1,Admission,,D007,,Oncology,H002-D007-BED01,2023-09-28 06:30:00.000000,2023-09-28,163.84,2023,9,Thursday,6,Night,No
M000675,A00279,P00166,H002,2,ICU Transfer,D007,D009,Oncology,Intensive Care Unit,H002-D009-BED01,2023-10-05 02:20:17.247870,2023-10-05,76.16,2023,10,Thursday,2,Night,No
M000676,A00279,P00166,H002,3,Discharge,D009,D009,ICU,ICU,,2023-10-08 06:30:00.000000,2023-10-08,0.0,2023,10,Sunday,6,Night,No
M000677,A00280,P00086,H001,1,Admission,,D002,,General Medicine,H001-D002-BED07,2022-09-24 05:15:00.000000,2022-09-24,96.0,2022,9,Saturday,5,Night,No
M000678,A00280,P00086,H001,2,Discharge,D002,D002,General Medicine,General Medicine,,2022-09-28 05:15:00.000000,2022-09-28,0.0,2022,9,Wednesday,5,Night,No
M000679,A00281,P00178,H002,1,Admission,,D001,,Emergency Department,H002-D001-BED01,2021-05-30 12:00:00.000000,2021-05-30,20.1,2021,5,Sunday,12,Day,No
M000680,A00281,P00178,H002,2,Department Change,D001,D008,Emergency Department,General Surgery,H002-D008-BED04,2021-05-31 08:05:45.894243,2021-05-31,51.9,2021,5,Monday,8,Day,Yes
M000681,A00281,P00178,H002,3,Discharge,D008,D008,General Surgery,General Surgery,,2021-06-02 12:00:00.000000,2021-06-02,0.0,2021,6,Wednesday,12,Day,No
M000682,A00282,P00196,H001,1,Admission,,D001,,Emergency Department,H001-D001-BED09,2022-04-20 04:15:00.000000,2022-04-20,0.25,2022,4,Wednesday,4,Night,No
M000683,A00282,P00196,H001,2,Department Change,D001,D005,Emergency Department,Pediatrics,H001-D005-BED01,2022-04-20 04:23:07.739752,2022-04-20,23.86,2022,4,Wednesday,4,Night,No
M000684,A00282,P00196,H001,3,Discharge,D005,D005,Pediatrics,Pediatrics,,2022-04-21 04:15:00.000000,2022-04-21,0.0,2022,4,Thursday,4,Night,No
M000685,A00283,P00032,H002,1,Admission,,D004,,Orthopedics,H002-D004-BED02,2023-05-08 04:00:00.000000,2023-05-08,144.0,2023,5,Monday,4,Night,No
M000686,A00283,P00032,H002,2,Discharge,D004,D004,Orthopedics,Orthopedics,,2023-05-14 04:00:00.000000,2023-05-14,0.0,2023,5,Sunday,4,Night,No
M000687,A00284,P00205,H001,1,Admission,,D001,,Emergency Department,H001-D001-BED05,2020-10-08 19:00:00.000000,2020-10-08,4.98,2020,10,Thursday,19,Evening,Yes
M000688,A00284,P00205,H001,2,Discharge,D001,D001,Emergency Department,Emergency Department,,2020-10-08 23:59:00.000000,2020-10-08,0.0,2020,10,Thursday,23,Night,No
M000689,A00285,P00108,H003,1,Admission,,D008,,General Surgery,H003-D008-BED01,2020-12-25 15:30:00.000000,2020-12-25,72.0,2020,12,Friday,15,Evening,No
M000690,A00285,P00108,H003,2,Discharge,D008,D008,General Surgery,General Surgery,,2020-12-28 15:30:00.000000,2020-12-28,0.0,2020,12,Monday,15,Evening,No
M000691,A00286,P00023,H001,1,Admission,,D001,,Emergency Department,H001-D001-BED09,2022-04-28 10:15:00.000000,2022-04-28,9.6,2022,4,Thursday,10,Day,Yes
M000692,A00286,P00023,H001,2,Discharge,D001,D001,Emergency Department,Emergency Department,,2022-04-28 19:51:00.000000,2022-04-28,0.0,2022,4,Thursday,19,Evening,Yes
M000693,A00287,P00334,H001,1,Admission,,D001,,Emergency Department,H001-D001-BED02,2022-06-03 16:00:00.000000,2022-06-03,7.98,2022,6,Friday,16,Evening,No
M000694,A00287,P00334,H001,2,Discharge,D001,D001,Emergency Department,Emergency Department,,2022-06-03 23:59:00.000000,2022-06-03,0.0,2022,6,Friday,23,Night,No
M000695,A00288,P00359,H002,1,Admission,,D007,,Oncology,H002-D007-BED02,2022-08-12 13:45:00.000000,2022-08-12,216.0,2022,8,Friday,13,Day,No
M000696,A00288,P00359,H002,2,Discharge,D007,D007,Oncology,Oncology,,2022-08-21 13:45:00.000000,2022-08-21,0.0,2022,8,Sunday,13,Day,No
M000697,A00289,P00087,H001,1,Admission,,D001,,Emergency Department,H001-D001-BED06,2023-09-07 06:30:00.000000,2023-09-07,17.32,2023,9,Thursday,6,Night,No
M000698,A00289,P00087,H001,2,Transfer,D001,D003,Emergency Department,Cardiology,H001-D003-BED07,2023-09-07 23:49:05.864102,2023-09-07,30.68,2023,9,Thursday,23,Night,No
M000699,A00289,P00087,H001,3,Discharge,D003,D003,Cardiology,Cardiology,,2023-09-09 06:30:00.000000,2023-09-09,0.0,2023,9,Saturday,6,Night,No
M000700,A00290,P00099,H001,1,Admission,,D002,,General Medicine,H001-D002-BED06,2020-01-12 19:45:00.000000,2020-01-12,49.83,2020,1,Sunday,19,Evening,Yes
M000701,A00290,P00099,H001,2,ICU Transfer,D002,D009,General Medicine,ICU,H001-D009-BED03,2020-01-14 21:34:30.179563,2020-01-14,94.17,2020,1,Tuesday,21,Evening,No
M000702,A00290,P00099,H001,3,Discharge,D009,D009,ICU,ICU,,2020-01-18 19:45:00.000000,2020-01-18,0.0,2020,1,Saturday,19,Evening,Yes
M000703,A00291,P00279,H002,1,Admission,,D001,,Emergency Department,H002-D001-BED01,2022-04-12 07:15:00.000000,2022-04-12,7.2,2022,4,Tuesday,7,Day,No
M000704,A00291,P00279,H002,2,Discharge,D001,D001,Emergency Department,Emergency Department,,2022-04-12 14:27:00.000000,2022-04-12,0.0,2022,4,Tuesday,14,Day,No
M000705,A00292,P00103,H003,1,Admission,,D008,,General Surgery,H003-D008-BED02,2021-06-16 10:45:00.000000,2021-06-16,192.0,2021,6,Wednesday,10,Day,Yes
M000706,A00292,P00103,H003,2,Discharge,D008,D008,General Surgery,General Surgery,,2021-06-24 10:45:00.000000,2021-06-24,0.0,2021,6,Thursday,10,Day,Yes
M000707,A00293,P00042,H002,1,Admission,,D003,,Cardiology,H002-D003-BED01,2022-10-23 17:30:00.000000,2022-10-23,120.0,2022,10,Sunday,17,Evening,Yes
M000708,A00293,P00042,H002,2,Discharge,D003,D003,Cardiology,Cardiology,,2022-10-28 17:30:00.000000,2022-10-28,0.0,2022,10,Friday,17,Evening,Yes
M000709,A00294,P00145,H002,1,Admission,,D001,,Emergency Department,H002-D001-BED07,2021-12-15 16:30:00.000000,2021-12-15,24.0,2021,12,Wednesday,16,Evening,No
M000710,A00294,P00145,H002,2,Discharge,D001,D001,Emergency Department,Emergency Department,,2021-12-16 16:30:00.000000,2021-12-16,0.0,2021,12,Thursday,16,Evening,No
M000711,A00295,P00223,H001,1,Admission,,D001,,Emergency Department,H001-D001-BED02,2020-04-15 15:00:00.000000,2020-04-15,7.2,2020,4,Wednesday,15,Evening,No
M000712,A00295,P00223,H001,2,Discharge,D001,D001,Emergency Department,Emergency Department,,2020-04-15 22:12:00.000000,2020-04-15,0.0,2020,4,Wednesday,22,Evening,No
M000713,A00296,P00125,H001,1,Admission,,D001,,Emergency Department,H001-D001-BED04,2025-12-16 20:15:00.000000,2025-12-16,49.33,2025,12,Tuesday,20,Evening,Yes
M000714,A00296,P00125,H001,2,Transfer,D001,D008,Emergency Department,General Surgery,H001-D008-BED02,2025-12-18 21:35:02.008364,2025-12-18,46.67,2025,12,Thursday,21,Evening,No
M000715,A00296,P00125,H001,3,Discharge,D008,D008,General Surgery,General Surgery,,2025-12-20 20:15:00.000000,2025-12-20,0.0,2025,12,Saturday,20,Evening,Yes
M000716,A00297,P00038,H003,1,Admission,,D002,,General Medicine,H003-D002-BED06,2021-06-23 05:00:00.000000,2021-06-23,16.8,2021,6,Wednesday,5,Night,No
M000717,A00297,P00038,H003,2,Discharge,D002,D002,General Medicine,General Medicine,,2021-06-23 21:48:00.000000,2021-06-23,0.0,2021,6,Wednesday,21,Evening,No
M000718,A00298,P00076,H001,1,Admission,,D009,,ICU,H001-D009-BED04,2025-10-20 06:15:00.000000,2025-10-20,168.0,2025,10,Monday,6,Night,No
M000719,A00298,P00076,H001,2,Discharge,D009,D009,ICU,ICU,,2025-10-27 06:15:00.000000,2025-10-27,0.0,2025,10,Monday,6,Night,No
M000720,A00299,P00204,H002,1,Admission,,D001,,Emergency Department,H002-D001-BED02,2020-03-01 06:45:00.000000,2020-03-01,9.6,2020,3,Sunday,6,Night,No
M000721,A00299,P00204,H002,2,Discharge,D001,D001,Emergency Department,Emergency Department,,2020-03-01 16:21:00.000000,2020-03-01,0.0,2020,3,Sunday,16,Evening,No
M000722,A00300,P00314,H001,1,Admission,,D001,,Emergency Department,H001-D001-BED04,2024-01-07 04:00:00.000000,2024-01-07,5.46,2024,1,Sunday,4,Night,No
M000723,A00300,P00314,H001,2,Transfer,D001,D004,Emergency Department,Orthopedics,H001-D004-BED05,2024-01-07 09:27:20.265564,2024-01-07,138.54,2024,1,Sunday,9,Day,Yes
M000724,A00300,P00314,H001,3,Discharge,D004,D004,Orthopedics,Orthopedics,,2024-01-13 04:00:00.000000,2024-01-13,0.0,2024,1,Saturday,4,Night,No
M000725,A00301,P00093,H001,1,Admission,,D001,,Emergency Department,H001-D001-BED07,2022-09-01 01:15:00.000000,2022-09-01,40.18,2022,9,Thursday,1,Night,No
M000726,A00301,P00093,H001,2,Transfer,D001,D006,Emergency Department,Neurology,H001-D006-BED02,2022-09-02 17:25:55.426018,2022-09-02,31.82,2022,9,Friday,17,Evening,Yes
M000727,A00301,P00093,H001,3,Discharge,D006,D006,Neurology,Neurology,,2022-09-04 01:15:00.000000,2022-09-04,0.0,2022,9,Sunday,1,Night,No
M000728,A00302,P00260,H001,1,Admission,,D001,,Emergency Department,H001-D001-BED01,2023-08-19 08:45:00.000000,2023-08-19,12.0,2023,8,Saturday,8,Day,Yes
M000729,A00302,P00260,H001,2,Discharge,D001,D001,Emergency Department,Emergency Department,,2023-08-19 20:45:00.000000,2023-08-19,0.0,2023,8,Saturday,20,Evening,Yes
M000730,A00303,P00371,H003,1,Admission,,D009,,ICU,H003-D009-BED04,2020-03-05 14:45:00.000000,2020-03-05,120.0,2020,3,Thursday,14,Day,No
M000731,A00303,P00371,H003,2,Discharge,D009,D009,ICU,ICU,,2020-03-10 14:45:00.000000,2020-03-10,0.0,2020,3,Tuesday,14,Day,No
M000732,A00304,P00200,H002,1,Admission,,D001,,Emergency Department,H002-D001-BED06,2025-02-08 10:00:00.000000,2025-02-08,128.36,2025,2,Saturday,10,Day,Yes
M000733,A00304,P00200,H002,2,Transfer,D001,D006,Emergency Department,Neurology,H002-D006-BED05,2025-02-13 18:21:36.895733,2025-02-13,111.64,2025,2,Thursday,18,Evening,Yes
M000734,A00304,P00200,H002,3,Discharge,D006,D006,Neurology,Neurology,,2025-02-18 10:00:00.000000,2025-02-18,0.0,2025,2,Tuesday,10,Day,Yes
M000735,A00305,P00139,H003,1,Admission,,D002,,General Medicine,H003-D002-BED01,2023-03-06 18:00:00.000000,2023-03-06,96.0,2023,3,Monday,18,Evening,Yes
M000736,A00305,P00139,H003,2,Discharge,D002,D002,General Medicine,General Medicine,,2023-03-10 18:00:00.000000,2023-03-10,0.0,2023,3,Friday,18,Evening,Yes
M000737,A00306,P00254,H001,1,Admission,,D001,,Emergency Department,H001-D001-BED01,2021-06-03 11:00:00.000000,2021-06-03,56.66,2021,6,Thursday,11,Day,Yes
M000738,A00306,P00254,H001,2,Department Change,D001,D006,Emergency Department,Neurology,H001-D006-BED02,2021-06-05 19:39:22.379874,2021-06-05,15.34,2021,6,Saturday,19,Evening,Yes
M000739,A00306,P00254,H001,3,Discharge,D006,D006,Neurology,Neurology,,2021-06-06 11:00:00.000000,2021-06-06,0.0,2021,6,Sunday,11,Day,Yes
M000740,A00307,P00285,H002,1,Admission,,D001,,Emergency Department,H002-D001-BED06,2024-09-20 19:00:00.000000,2024-09-20,18.37,2024,9,Friday,19,Evening,Yes
M000741,A00307,P00285,H002,2,Department Change,D001,D005,Emergency Department,Pediatrics,H002-D005-BED03,2024-09-21 13:21:59.694424,2024-09-21,5.63,2024,9,Saturday,13,Day,No
M000742,A00307,P00285,H002,3,Discharge,D005,D005,Pediatrics,Pediatrics,,2024-09-21 19:00:00.000000,2024-09-21,0.0,2024,9,Saturday,19,Evening,Yes
M000743,A00308,P00352,H001,1,Admission,,D001,,Emergency Department,H001-D001-BED07,2020-10-31 12:45:00.000000,2020-10-31,24.0,2020,10,Saturday,12,Day,No
M000744,A00308,P00352,H001,2,Discharge,D001,D001,Emergency Department,Emergency Department,,2020-11-01 12:45:00.000000,2020-11-01,0.0,2020,11,Sunday,12,Day,No
M000745,A00309,P00126,H002,1,Admission,,D001,,Emergency Department,H002-D001-BED03,2021-04-10 15:15:00.000000,2021-04-10,8.73,2021,4,Saturday,15,Evening,No
M000746,A00309,P00126,H002,2,Discharge,D001,D001,Emergency Department,Emergency Department,,2021-04-10 23:59:00.000000,2021-04-10,0.0,2021,4,Saturday,23,Night,No
M000747,A00310,P00132,H001,1,Admission,,D001,,Emergency Department,H001-D001-BED02,2020-09-17 04:45:00.000000,2020-09-17,9.6,2020,9,Thursday,4,Night,No
M000748,A00310,P00132,H001,2,Discharge,D001,D001,Emergency Department,Emergency Department,,2020-09-17 14:21:00.000000,2020-09-17,0.0,2020,9,Thursday,14,Day,No
M000749,A00311,P00290,H001,1,Admission,,D003,,Cardiology,H001-D003-BED02,2025-05-04 20:15:00.000000,2025-05-04,16.25,2025,5,Sunday,20,Evening,Yes
M000750,A00311,P00290,H001,2,ICU Transfer,D003,D009,Cardiology,ICU,H001-D009-BED04,2025-05-05 12:30:17.773532,2025-05-05,7.75,2025,5,Monday,12,Day,No
M000751,A00311,P00290,H001,3,Discharge,D009,D009,ICU,ICU,,2025-05-05 20:15:00.000000,2025-05-05,0.0,2025,5,Monday,20,Evening,Yes
M000752,A00312,P00240,H002,1,Admission,,D001,,Emergency Department,H002-D001-BED02,2025-01-10 20:30:00.000000,2025-01-10,24.0,2025,1,Friday,20,Evening,Yes
M000753,A00312,P00240,H002,2,Discharge,D001,D001,Emergency Department,Emergency Department,,2025-01-11 20:30:00.000000,2025-01-11,0.0,2025,1,Saturday,20,Evening,Yes
M000754,A00313,P00173,H003,1,Admission,,D001,,Emergency Department,H003-D001-BED06,2024-01-22 17:15:00.000000,2024-01-22,6.73,2024,1,Monday,17,Evening,Yes
M000755,A00313,P00173,H003,2,Discharge,D001,D001,Emergency Department,Emergency Department,,2024-01-22 23:59:00.000000,2024-01-22,0.0,2024,1,Monday,23,Night,No
M000756,A00314,P00131,H001,1,Admission,,D001,,Emergency Department,H001-D001-BED02,2025-10-03 01:00:00.000000,2025-10-03,64.46,2025,10,Friday,1,Night,No
M000757,A00314,P00131,H001,2,Transfer,D001,D004,Emergency Department,Orthopedics,H001-D004-BED03,2025-10-05 17:27:29.684976,2025-10-05,55.54,2025,10,Sunday,17,Evening,Yes
M000758,A00314,P00131,H001,3,Discharge,D004,D004,Orthopedics,Orthopedics,,2025-10-08 01:00:00.000000,2025-10-08,0.0,2025,10,Wednesday,1,Night,No
M000759,A00315,P00249,H001,1,Admission,,D001,,Emergency Department,H001-D001-BED05,2021-03-22 09:15:00.000000,2021-03-22,5.08,2021,3,Monday,9,Day,Yes
M000760,A00315,P00249,H001,2,Transfer,D001,D006,Emergency Department,Neurology,H001-D006-BED06,2021-03-22 14:19:54.071868,2021-03-22,18.92,2021,3,Monday,14,Day,No
M000761,A00315,P00249,H001,3,Discharge,D006,D006,Neurology,Neurology,,2021-03-23 09:15:00.000000,2021-03-23,0.0,2021,3,Tuesday,9,Day,Yes
M000762,A00316,P00271,H001,1,Admission,,D008,,General Surgery,H001-D008-BED01,2025-08-09 05:15:00.000000,2025-08-09,96.0,2025,8,Saturday,5,Night,No
M000763,A00316,P00271,H001,2,Discharge,D008,D008,General Surgery,General Surgery,,2025-08-13 05:15:00.000000,2025-08-13,0.0,2025,8,Wednesday,5,Night,No
M000764,A00317,P00077,H003,1,Admission,,D006,,Neurology,H003-D006-BED02,2025-01-25 19:30:00.000000,2025-01-25,96.0,2025,1,Saturday,19,Evening,Yes
M000765,A00317,P00077,H003,2,Discharge,D006,D006,Neurology,Neurology,,2025-01-29 19:30:00.000000,2025-01-29,0.0,2025,1,Wednesday,19,Evening,Yes
M000766,A00318,P00164,H001,1,Admission,,D001,,Emergency Department,H001-D001-BED03,2020-06-26 03:15:00.000000,2020-06-26,24.0,2020,6,Friday,3,Night,No
M000767,A00318,P00164,H001,2,Discharge,D001,D001,Emergency Department,Emergency Department,,2020-06-27 03:15:00.000000,2020-06-27,0.0,2020,6,Saturday,3,Night,No
M000768,A00319,P00181,H002,1,Admission,,D002,,General Medicine,H002-D002-BED10,2023-05-20 17:45:00.000000,2023-05-20,192.0,2023,5,Saturday,17,Evening,Yes
M000769,A00319,P00181,H002,2,Discharge,D002,D002,General Medicine,General Medicine,,2023-05-28 17:45:00.000000,2023-05-28,0.0,2023,5,Sunday,17,Evening,Yes
M000770,A00320,P00323,H003,1,Admission,,D001,,Emergency Department,H003-D001-BED04,2025-07-20 02:30:00.000000,2025-07-20,9.6,2025,7,Sunday,2,Night,No
M000771,A00320,P00323,H003,2,Discharge,D001,D001,Emergency Department,Emergency Department,,2025-07-20 12:06:00.000000,2025-07-20,0.0,2025,7,Sunday,12,Day,No
M000772,A00321,P00357,H001,1,Admission,,D001,,Emergency Department,H001-D001-BED09,2025-02-19 06:45:00.000000,2025-02-19,96.67,2025,2,Wednesday,6,Night,No
M000773,A00321,P00357,H001,2,Transfer,D001,D006,Emergency Department,Neurology,H001-D006-BED01,2025-02-23 07:24:59.621300,2025-02-23,47.33,2025,2,Sunday,7,Day,No
M000774,A00321,P00357,H001,3,Discharge,D006,D006,Neurology,Neurology,,2025-02-25 06:45:00.000000,2025-02-25,0.0,2025,2,Tuesday,6,Night,No
M000775,A00322,P00243,H001,1,Admission,,D006,,Neurology,H001-D006-BED03,2020-06-21 03:30:00.000000,2020-06-21,168.0,2020,6,Sunday,3,Night,No
M000776,A00322,P00243,H001,2,Discharge,D006,D006,Neurology,Neurology,,2020-06-28 03:30:00.000000,2020-06-28,0.0,2020,6,Sunday,3,Night,No
M000777,A00323,P00129,H002,1,Admission,,D009,,ICU,H002-D009-BED03,2021-11-23 10:45:00.000000,2021-11-23,240.0,2021,11,Tuesday,10,Day,Yes
M000778,A00323,P00129,H002,2,Discharge,D009,D009,ICU,ICU,,2021-12-03 10:45:00.000000,2021-12-03,0.0,2021,12,Friday,10,Day,Yes
M000779,A00324,P00172,H002,1,Admission,,D001,,Emergency Department,H002-D001-BED05,2025-07-12 09:15:00.000000,2025-07-12,58.15,2025,7,Saturday,9,Day,Yes
M000780,A00324,P00172,H002,2,Department Change,D001,D004,Emergency Department,Orthopedics,H002-D004-BED02,2025-07-14 19:24:15.778995,2025-07-14,13.85,2025,7,Monday,19,Evening,Yes
M000781,A00324,P00172,H002,3,Discharge,D004,D004,Orthopedics,Orthopedics,,2025-07-15 09:15:00.000000,2025-07-15,0.0,2025,7,Tuesday,9,Day,Yes
M000782,A00325,P00141,H002,1,Admission,,D001,,Emergency Department,H002-D001-BED08,2020-05-07 05:00:00.000000,2020-05-07,48.0,2020,5,Thursday,5,Night,No
M000783,A00325,P00141,H002,2,Discharge,D001,D001,Emergency Department,Emergency Department,,2020-05-09 05:00:00.000000,2020-05-09,0.0,2020,5,Saturday,5,Night,No
M000784,A00326,P00175,H002,1,Admission,,D001,,Emergency Department,H002-D001-BED02,2020-09-06 07:15:00.000000,2020-09-06,69.02,2020,9,Sunday,7,Day,No
M000785,A00326,P00175,H002,2,Department Change,D001,D002,Emergency Department,General Medicine,H002-D002-BED07,2020-09-09 04:16:16.723027,2020-09-09,122.98,2020,9,Wednesday,4,Night,No
M000786,A00326,P00175,H002,3,Discharge,D002,D002,General Medicine,General Medicine,,2020-09-14 07:15:00.000000,2020-09-14,0.0,2020,9,Monday,7,Day,No
M000787,A00327,P00134,H001,1,Admission,,D001,,Emergency Department,H001-D001-BED06,2025-05-15 15:45:00.000000,2025-05-15,34.44,2025,5,Thursday,15,Evening,No
M000788,A00327,P00134,H001,2,Department Change,D001,D002,Emergency Department,General Medicine,H001-D002-BED10,2025-05-17 02:11:21.097690,2025-05-17,61.56,2025,5,Saturday,2,Night,No
M000789,A00327,P00134,H001,3,Discharge,D002,D002,General Medicine,General Medicine,,2025-05-19 15:45:00.000000,2025-05-19,0.0,2025,5,Monday,15,Evening,No
M000790,A00328,P00219,H001,1,Admission,,D006,,Neurology,H001-D006-BED06,2023-08-29 15:00:00.000000,2023-08-29,120.0,2023,8,Tuesday,15,Evening,No
M000791,A00328,P00219,H001,2,Discharge,D006,D006,Neurology,Neurology,,2023-09-03 15:00:00.000000,2023-09-03,0.0,2023,9,Sunday,15,Evening,No
M000792,A00329,P00130,H003,1,Admission,,D001,,Emergency Department,H003-D001-BED02,2021-03-18 20:00:00.000000,2021-03-18,3.98,2021,3,Thursday,20,Evening,Yes
M000793,A00329,P00130,H003,2,Discharge,D001,D001,Emergency Department,Emergency Department,,2021-03-18 23:59:00.000000,2021-03-18,0.0,2021,3,Thursday,23,Night,No
M000794,A00330,P00056,H001,1,Admission,,D001,,Emergency Department,H001-D001-BED04,2025-07-01 04:15:00.000000,2025-07-01,150.39,2025,7,Tuesday,4,Night,No
M000795,A00330,P00056,H001,2,Transfer,D001,D004,Emergency Department,Orthopedics,H001-D004-BED05,2025-07-07 10:38:18.716704,2025-07-07,89.61,2025,7,Monday,10,Day,Yes
M000796,A00330,P00056,H001,3,Discharge,D004,D004,Orthopedics,Orthopedics,,2025-07-11 04:15:00.000000,2025-07-11,0.0,2025,7,Friday,4,Night,No
M000797,A00331,P00301,H001,1,Admission,,D009,,Intensive Care Unit,H001-D009-BED03,2024-12-21 00:00:00.000000,2024-12-21,264.0,2024,12,Saturday,0,Night,No
M000798,A00331,P00301,H001,2,Discharge,D009,D009,ICU,ICU,,2025-01-01 00:00:00.000000,2025-01-01,0.0,2025,1,Wednesday,0,Night,No
M000799,A00332,P00274,H002,1,Admission,,D001,,Emergency Department,H002-D001-BED01,2020-10-28 06:00:00.000000,2020-10-28,9.13,2020,10,Wednesday,6,Night,No
M000800,A00332,P00274,H002,2,Department Change,D001,D006,Emergency Department,Neurology,H002-D006-BED02,2020-10-28 15:07:49.024711,2020-10-28,7.67,2020,10,Wednesday,15,Evening,No
M000801,A00332,P00274,H002,3,Discharge,D006,D006,Neurology,Neurology,,2020-10-28 22:48:00.000000,2020-10-28,0.0,2020,10,Wednesday,22,Evening,No
M000802,A00333,P00312,H002,1,Admission,,D007,,Oncology,H002-D007-BED04,2020-11-26 20:15:00.000000,2020-11-26,168.0,2020,11,Thursday,20,Evening,Yes
M000803,A00333,P00312,H002,2,Discharge,D007,D007,Oncology,Oncology,,2020-12-03 20:15:00.000000,2020-12-03,0.0,2020,12,Thursday,20,Evening,Yes
M000804,A00334,P00319,H003,1,Admission,,D001,,Emergency Department,H003-D001-BED02,2025-07-01 18:30:00.000000,2025-07-01,5.48,2025,7,Tuesday,18,Evening,Yes
M000805,A00334,P00319,H003,2,Discharge,D001,D001,Emergency Department,Emergency Department,,2025-07-01 23:59:00.000000,2025-07-01,0.0,2025,7,Tuesday,23,Night,No
M000806,A00335,P00358,H001,1,Admission,,D001,,Emergency Department,H001-D001-BED07,2023-08-12 14:00:00.000000,2023-08-12,24.0,2023,8,Saturday,14,Day,No
M000807,A00335,P00358,H001,2,Discharge,D001,D001,Emergency Department,Emergency Department,,2023-08-13 14:00:00.000000,2023-08-13,0.0,2023,8,Sunday,14,Day,No
M000808,A00336,P00354,H002,1,Admission,,D002,,General Medicine,H002-D002-BED10,2021-08-30 11:00:00.000000,2021-08-30,48.0,2021,8,Monday,11,Day,Yes
M000809,A00336,P00354,H002,2,Discharge,D002,D002,General Medicine,General Medicine,,2021-09-01 11:00:00.000000,2021-09-01,0.0,2021,9,Wednesday,11,Day,Yes
M000810,A00337,P00087,H002,1,Admission,,D003,,Cardiology,H002-D003-BED02,2024-08-08 19:15:00.000000,2024-08-08,144.0,2024,8,Thursday,19,Evening,Yes
M000811,A00337,P00087,H002,2,Discharge,D003,D003,Cardiology,Cardiology,,2024-08-14 19:15:00.000000,2024-08-14,0.0,2024,8,Wednesday,19,Evening,Yes
M000812,A00338,P00235,H002,1,Admission,,D001,,Emergency Department,H002-D001-BED06,2023-08-24 05:15:00.000000,2023-08-24,7.76,2023,8,Thursday,5,Night,No
M000813,A00338,P00235,H002,2,Department Change,D001,D003,Emergency Department,Cardiology,H002-D003-BED05,2023-08-24 13:00:38.183767,2023-08-24,184.24,2023,8,Thursday,13,Day,No
M000814,A00338,P00235,H002,3,Discharge,D003,D003,Cardiology,Cardiology,,2023-09-01 05:15:00.000000,2023-09-01,0.0,2023,9,Friday,5,Night,No
M000815,A00339,P00226,H001,1,Admission,,D001,,Emergency Department,H001-D001-BED07,2024-04-09 07:00:00.000000,2024-04-09,8.87,2024,4,Tuesday,7,Day,No
M000816,A00339,P00226,H001,2,Transfer,D001,D002,Emergency Department,General Medicine,H001-D002-BED02,2024-04-09 15:51:59.200023,2024-04-09,15.13,2024,4,Tuesday,15,Evening,No
M000817,A00339,P00226,H001,3,Discharge,D002,D002,General Medicine,General Medicine,,2024-04-10 07:00:00.000000,2024-04-10,0.0,2024,4,Wednesday,7,Day,No
M000818,A00340,P00001,H003,1,Admission,,D001,,Emergency Department,H003-D001-BED04,2023-04-22 06:30:00.000000,2023-04-22,45.09,2023,4,Saturday,6,Night,No
M000819,A00340,P00001,H003,2,Department Change,D001,D003,Emergency Department,Cardiology,H003-D003-BED01,2023-04-24 03:35:19.413546,2023-04-24,50.91,2023,4,Monday,3,Night,No
M000820,A00340,P00001,H003,3,Discharge,D003,D003,Cardiology,Cardiology,,2023-04-26 06:30:00.000000,2023-04-26,0.0,2023,4,Wednesday,6,Night,No
M000821,A00341,P00351,H002,1,Admission,,D003,,Cardiology,H002-D003-BED01,2025-02-01 01:00:00.000000,2025-02-01,39.38,2025,2,Saturday,1,Night,No
M000822,A00341,P00351,H002,2,ICU Transfer,D003,D009,Cardiology,ICU,H002-D009-BED04,2025-02-02 16:22:59.971439,2025-02-02,51.85,2025,2,Sunday,16,Evening,No
M000823,A00341,P00351,H002,3,Department Change,D009,D006,ICU,Neurology,H002-D006-BED05,2025-02-04 20:14:01.123352,2025-02-04,52.77,2025,2,Tuesday,20,Evening,Yes
M000824,A00341,P00351,H002,4,Discharge,D006,D006,Neurology,Neurology,,2025-02-07 01:00:00.000000,2025-02-07,0.0,2025,2,Friday,1,Night,No
M000825,A00342,P00022,H002,1,Admission,,D001,,Emergency Department,H002-D001-BED03,2025-09-01 18:15:00.000000,2025-09-01,47.06,2025,9,Monday,18,Evening,Yes
M000826,A00342,P00022,H002,2,Department Change,D001,D002,Emergency Department,General Medicine,H002-D002-BED08,2025-09-03 17:18:52.641164,2025-09-03,24.94,2025,9,Wednesday,17,Evening,Yes
M000827,A00342,P00022,H002,3,Discharge,D002,D002,General Medicine,General Medicine,,2025-09-04 18:15:00.000000,2025-09-04,0.0,2025,9,Thursday,18,Evening,Yes
M000828,A00343,P00112,H002,1,Admission,,D001,,Emergency Department,H002-D001-BED06,2024-10-28 18:00:00.000000,2024-10-28,,2024,10,Monday,18,Evening,Yes
M000829,A00343,P00112,H002,2,Discharge,D001,D001,Emergency Department,Emergency Department,,2024-10-29 18:00:00.000000,2024-10-29,0.0,2024,10,Tuesday,18,Evening,Yes
M000830,A00344,P00084,H001,1,Admission,,D009,,ICU,H001-D009-BED04,2021-02-10 12:15:00.000000,2021-02-10,48.0,2021,2,Wednesday,12,Day,No
M000831,A00344,P00084,H001,2,Discharge,D009,D009,ICU,ICU,,2021-02-12 12:15:00.000000,2021-02-12,0.0,2021,2,Friday,12,Day,No
M000832,A00345,P00253,H003,1,Admission,,D001,,Emergency Department,H003-D001-BED06,2021-04-13 11:30:00.000000,2021-04-13,95.12,2021,4,Tuesday,11,Day,Yes
M000833,A00345,P00253,H003,2,Transfer,D001,D002,Emergency Department,General Medicine,H003-D002-BED03,2021-04-17 10:37:08.019883,2021-04-17,24.88,2021,4,Saturday,10,Day,Yes
M000834,A00345,P00253,H003,3,Discharge,D002,D002,General Medicine,General Medicine,,2021-04-18 11:30:00.000000,2021-04-18,0.0,2021,4,Sunday,11,Day,Yes
M000835,A00346,P00167,H003,1,Admission,,D009,,ICU,H003-D009-BED01,2022-05-30 16:15:00.000000,2022-05-30,160.54,2022,5,Monday,16,Evening,No
M000836,A00346,P00167,H003,2,Department Change,D009,D002,ICU,General Medicine,H003-D002-BED06,2022-06-06 08:47:12.757994,2022-06-06,151.46,2022,6,Monday,8,Day,Yes
M000837,A00346,P00167,H003,3,Discharge,D002,D002,General Medicine,General Medicine,,2022-06-12 16:15:00.000000,2022-06-12,0.0,2022,6,Sunday,16,Evening,No
M000838,A00347,P00311,H002,1,Admission,,D005,,Pediatrics,H002-D005-BED05,2024-10-27 06:15:00.000000,2024-10-27,72.0,2024,10,Sunday,6,Night,No
M000839,A00347,P00311,H002,2,Discharge,D005,D005,Pediatrics,Pediatrics,,2024-10-30 06:15:00.000000,2024-10-30,0.0,2024,10,Wednesday,6,Night,No
M000840,A00348,P00221,H001,1,Admission,,D008,,General Surgery,H001-D008-BED02,2024-08-21 05:30:00.000000,2024-08-21,120.0,2024,8,Wednesday,5,Night,No
M000841,A00348,P00221,H001,2,Discharge,D008,D008,General Surgery,General Surgery,,2024-08-26 05:30:00.000000,2024-08-26,0.0,2024,8,Monday,5,Night,No
M000842,A00349,P00266,H002,1,Admission,,D001,,Emergency Department,H002-D001-BED04,2023-10-20 07:45:00.000000,2023-10-20,69.34,2023,10,Friday,7,Day,No
M000843,A00349,P00266,H002,2,Department Change,D001,D003,Emergency Department,Cardiology,H002-D003-BED05,2023-10-23 05:05:18.231044,2023-10-23,74.66,2023,10,Monday,5,Night,No
M000844,A00349,P00266,H002,3,Discharge,D003,D003,Cardiology,Cardiology,,2023-10-26 07:45:00.000000,2023-10-26,0.0,2023,10,Thursday,7,Day,No
M000845,A00350,P00187,H001,1,Admission,,D005,,Pediatrics,H001-D005-BED01,2020-12-08 15:15:00.000000,2020-12-08,48.0,2020,12,Tuesday,15,Evening,No
M000846,A00350,P00187,H001,2,Discharge,D005,D005,Pediatrics,Pediatrics,,2020-12-10 15:15:00.000000,2020-12-10,0.0,2020,12,Thursday,15,Evening,No
M000847,A00351,P00135,H001,1,Admission,,D001,,Emergency Department,H001-D001-BED03,2023-04-24 20:45:00.000000,2023-04-24,3.23,2023,4,Monday,20,Evening,Yes
M000848,A00351,P00135,H001,2,Discharge,D001,D001,Emergency Department,Emergency Department,,2023-04-24 23:59:00.000000,2023-04-24,0.0,2023,4,Monday,23,Night,No
M000849,A00352,P00150,H002,1,Admission,,D001,,Emergency Department,H002-D001-BED03,2025-01-31 07:00:00.000000,2025-01-31,4.8,2025,1,Friday,7,Day,No
M000850,A00352,P00150,H002,2,Discharge,D001,D001,Emergency Department,Emergency Department,,2025-01-31 11:48:00.000000,2025-01-31,0.0,2025,1,Friday,11,Day,Yes
M000851,A00353,P00187,H001,1,Admission,,D002,,General Medicine,H001-D002-BED01,2020-12-14 18:15:00.000000,2020-12-14,7.52,2020,12,Monday,18,Evening,Yes
M000852,A00353,P00187,H001,2,ICU Transfer,D002,D009,General Medicine,ICU,H001-D009-BED02,2020-12-15 01:46:28.726054,2020-12-15,184.48,2020,12,Tuesday,1,Night,No
M000853,A00353,P00187,H001,3,Discharge,D009,D009,ICU,ICU,,2020-12-22 18:15:00.000000,2020-12-22,0.0,2020,12,Tuesday,18,Evening,Yes
M000854,A00354,P00262,H002,1,Admission,,D001,,Emergency Department,H002-D001-BED08,2025-11-24 18:15:00.000000,2025-11-24,19.96,2025,11,Monday,18,Evening,Yes
M000855,A00354,P00262,H002,2,ICU Transfer,D001,D009,Emergency Department,ICU,H002-D009-BED01,2025-11-25 14:12:39.470245,2025-11-25,100.04,2025,11,Tuesday,14,Day,No
M000856,A00354,P00262,H002,3,Discharge,D009,D009,ICU,ICU,,2025-11-29 18:15:00.000000,2025-11-29,0.0,2025,11,Saturday,18,Evening,Yes
M000857,A00355,P00331,H001,1,Admission,,D001,,Emergency Department,H001-D001-BED04,2024-06-21 05:45:00.000000,2024-06-21,18.23,2024,6,Friday,5,Night,No
M000858,A00355,P00331,H001,2,Discharge,D001,D001,Emergency Department,Emergency Department,,2024-06-21 23:59:00.000000,2024-06-21,0.0,2024,6,Friday,23,Night,No
M000859,A00356,P00329,H001,1,Admission,,D001,,Emergency Department,H001-D001-BED06,2023-12-05 09:00:00.000000,2023-12-05,24.0,2023,12,Tuesday,9,Day,Yes
M000860,A00356,P00329,H001,2,Discharge,D001,D001,Emergency Department,Emergency Department,,2023-12-06 09:00:00.000000,2023-12-06,0.0,2023,12,Wednesday,9,Day,Yes
M000861,A00357,P00117,H001,1,Admission,,D007,,Oncology,H001-D007-BED05,2024-08-30 14:45:00.000000,2024-08-30,119.57,2024,8,Friday,14,Day,No
M000862,A00357,P00117,H001,2,ICU Transfer,D007,D009,Oncology,ICU,H001-D009-BED04,2024-09-04 14:19:20.477127,2024-09-04,24.43,2024,9,Wednesday,14,Day,No
M000863,A00357,P00117,H001,3,Discharge,D009,D009,ICU,ICU,,2024-09-05 14:45:00.000000,2024-09-05,0.0,2024,9,Thursday,14,Day,No
M000864,A00358,P00255,H003,1,Admission,,D001,,Emergency Department,H003-D001-BED02,2024-10-14 19:15:00.000000,2024-10-14,4.73,2024,10,Monday,19,Evening,Yes
M000865,A00358,P00255,H003,2,Discharge,D001,D001,Emergency Department,Emergency Department,,2024-10-14 23:59:00.000000,2024-10-14,0.0,2024,10,Monday,23,Night,No
M000866,A00359,P00338,H001,1,Admission,,D006,,Neurology,H001-D006-BED04,2025-08-06 19:30:00.000000,2025-08-06,144.0,2025,8,Wednesday,19,Evening,Yes
M000867,A00359,P00338,H001,2,Discharge,D006,D006,Neurology,Neurology,,2025-08-12 19:30:00.000000,2025-08-12,0.0,2025,8,Tuesday,19,Evening,Yes
M000868,A00360,P00115,H002,1,Admission,,D003,,Cardiology,H002-D003-BED06,2023-07-04 10:45:00.000000,2023-07-04,72.0,2023,7,Tuesday,10,Day,Yes
M000869,A00360,P00115,H002,2,Discharge,D003,D003,Cardiology,Cardiology,,2023-07-07 10:45:00.000000,2023-07-07,0.0,2023,7,Friday,10,Day,Yes
M000870,A00361,P00052,H002,1,Admission,,D001,,Emergency Department,H002-D001-BED08,2022-04-20 07:45:00.000000,2022-04-20,15.87,2022,4,Wednesday,7,Day,No
M000871,A00361,P00052,H002,2,Transfer,D001,D004,Emergency Department,Orthopedics,H002-D004-BED03,2022-04-20 23:36:56.101734,2022-04-20,104.13,2022,4,Wednesday,23,Night,No
M000872,A00361,P00052,H002,3,Discharge,D004,D004,Orthopedics,Orthopedics,,2022-04-25 07:45:00.000000,2022-04-25,0.0,2022,4,Monday,7,Day,No
M000873,A00362,P00015,H002,1,Admission,,D004,,Orthopedics,H002-D004-BED05,2022-11-10 06:45:00.000000,2022-11-10,120.0,2022,11,Thursday,6,Night,No
M000874,A00362,P00015,H002,2,Discharge,D004,D004,Orthopedics,Orthopedics,,2022-11-15 06:45:00.000000,2022-11-15,0.0,2022,11,Tuesday,6,Night,No
M000875,A00363,P00143,H002,1,Admission,,D002,,General Medicine,H002-D002-BED07,2024-03-13 19:00:00.000000,2024-03-13,24.0,2024,3,Wednesday,19,Evening,Yes
M000876,A00363,P00143,H002,2,Discharge,D002,D002,General Medicine,General Medicine,,2024-03-14 19:00:00.000000,2024-03-14,0.0,2024,3,Thursday,19,Evening,Yes
M000877,A00364,P00234,H001,1,Admission,,D005,,Pediatrics,H001-D005-BED03,2021-09-17 15:00:00.000000,2021-09-17,7.2,2021,9,Friday,15,Evening,No
M000878,A00364,P00234,H001,2,Discharge,D005,D005,Pediatrics,Pediatrics,,2021-09-17 22:12:00.000000,2021-09-17,0.0,2021,9,Friday,22,Evening,No
M000879,A00365,P00298,H002,1,Admission,,D007,,Oncology,H002-D007-BED01,2025-04-26 02:45:00.000000,2025-04-26,192.0,2025,4,Saturday,2,Night,No
M000880,A00365,P00298,H002,2,Discharge,D007,D007,Oncology,Oncology,,2025-05-04 02:45:00.000000,2025-05-04,0.0,2025,5,Sunday,2,Night,No
M000881,A00366,P00322,H001,1,Admission,,D001,,Emergency Department,H001-D001-BED01,2020-10-01 17:00:00.000000,2020-10-01,71.11,2020,10,Thursday,17,Evening,Yes
M000882,A00366,P00322,H001,2,Transfer,D001,D002,Emergency Department,General Medicine,H001-D002-BED08,2020-10-04 16:06:44.893612,2020-10-04,120.89,2020,10,Sunday,16,Evening,No
M000883,A00366,P00322,H001,3,Discharge,D002,D002,General Medicine,General Medicine,,2020-10-09 17:00:00.000000,2020-10-09,0.0,2020,10,Friday,17,Evening,Yes
M000884,A00367,P00220,H001,1,Admission,,D003,,Cardiology,H001-D003-BED04,2021-01-08 16:45:00.000000,2021-01-08,120.0,2021,1,Friday,16,Evening,No
M000885,A00367,P00220,H001,2,Discharge,D003,D003,Cardiology,Cardiology,,2021-01-13 16:45:00.000000,2021-01-13,0.0,2021,1,Wednesday,16,Evening,No
M000886,A00368,P00280,H001,1,Admission,,D001,,Emergency Department,H001-D001-BED06,2020-12-15 15:45:00.000000,2020-12-15,8.23,2020,12,Tuesday,15,Evening,No
M000887,A00368,P00280,H001,2,Discharge,D001,D001,Emergency Department,Emergency Department,,2020-12-15 23:59:00.000000,2020-12-15,0.0,2020,12,Tuesday,23,Night,No
M000888,A00369,P00325,H001,1,Admission,,D001,,Emergency Department,H001-D001-BED08,2021-01-16 18:00:00.000000,2021-01-16,9.64,2021,1,Saturday,18,Evening,Yes
M000889,A00369,P00325,H001,2,Department Change,D001,D002,Emergency Department,General Medicine,H001-D002-BED03,2021-01-17 03:38:22.500978,2021-01-17,62.36,2021,1,Sunday,3,Night,No
M000890,A00369,P00325,H001,3,Discharge,D002,D002,General Medicine,General Medicine,,2021-01-19 18:00:00.000000,2021-01-19,0.0,2021,1,Tuesday,18,Evening,Yes
M000891,A00370,P00320,H002,1,Admission,,D001,,Emergency Department,H002-D001-BED05,2021-06-16 07:00:00.000000,2021-06-16,14.36,2021,6,Wednesday,7,Day,No
M000892,A00370,P00320,H002,2,Department Change,D001,D002,Emergency Department,General Medicine,H002-D002-BED04,2021-06-16 21:21:32.459027,2021-06-16,9.64,2021,6,Wednesday,21,Evening,No
M000893,A00370,P00320,H002,3,Discharge,D002,D002,General Medicine,General Medicine,,2021-06-17 07:00:00.000000,2021-06-17,0.0,2021,6,Thursday,7,Day,No
M000894,A00371,P00032,H003,1,Admission,,D003,,Cardiology,H003-D003-BED01,2024-05-06 08:15:00.000000,2024-05-06,168.0,2024,5,Monday,8,Day,Yes
M000895,A00371,P00032,H003,2,Discharge,D003,D003,Cardiology,Cardiology,,2024-05-13 08:15:00.000000,2024-05-13,0.0,2024,5,Monday,8,Day,Yes
M000896,A00372,P00123,H002,1,Admission,,D005,,Pediatrics,H002-D005-BED03,2021-09-05 00:00:00.000000,2021-09-05,24.0,2021,9,Sunday,0,Night,No
M000897,A00372,P00123,H002,2,Discharge,D005,D005,Pediatrics,Pediatrics,,2021-09-06 00:00:00.000000,2021-09-06,0.0,2021,9,Monday,0,Night,No
M000898,A00373,P00142,H003,1,Admission,,D001,,Emergency Department,H003-D001-BED06,2020-09-02 12:15:00.000000,2020-09-02,29.44,2020,9,Wednesday,12,Day,No
M000899,A00373,P00142,H003,2,Transfer,D001,D008,Emergency Department,General Surgery,H003-D008-BED01,2020-09-03 17:41:12.644003,2020-09-03,42.56,2020,9,Thursday,17,Evening,Yes
M000900,A00373,P00142,H003,3,Discharge,D008,D008,General Surgery,General Surgery,,2020-09-05 12:15:00.000000,2020-09-05,0.0,2020,9,Saturday,12,Day,No
M000901,A00374,P00172,H001,1,Admission,,D001,,Emergency Department,H001-D001-BED03,2025-12-16 04:45:00.000000,2025-12-16,77.2,2025,12,Tuesday,4,Night,No
M000902,A00374,P00172,H001,2,Department Change,D001,D002,Emergency Department,General Medicine,H001-D002-BED04,2025-12-19 09:56:56.775432,2025-12-19,66.8,2025,12,Friday,9,Day,Yes
M000903,A00374,P00172,H001,3,Discharge,D002,D002,General Medicine,General Medicine,,2025-12-22 04:45:00.000000,2025-12-22,0.0,2025,12,Monday,4,Night,No
M000904,A00375,P00085,H003,1,Admission,,D001,,Emergency Department,H003-D001-BED06,2023-09-12 19:30:00.000000,2023-09-12,54.36,2023,9,Tuesday,19,Evening,Yes
M000905,A00375,P00085,H003,2,Department Change,D001,D006,Emergency Department,Neurology,H003-D006-BED03,2023-09-15 01:51:28.716638,2023-09-15,17.64,2023,9,Friday,1,Night,No
M000906,A00375,P00085,H003,3,Discharge,D006,D006,Neurology,Neurology,,2023-09-15 19:30:00.000000,2023-09-15,0.0,2023,9,Friday,19,Evening,Yes
M000907,A00376,P00288,H003,1,Admission,,D008,,General Surgery,H003-D008-BED04,2021-05-15 17:45:00.000000,2021-05-15,168.0,2021,5,Saturday,17,Evening,Yes
M000908,A00376,P00288,H003,2,Discharge,D008,D008,General Surgery,General Surgery,,2021-05-22 17:45:00.000000,2021-05-22,0.0,2021,5,Saturday,17,Evening,Yes
M000909,A00377,P00339,H002,1,Admission,,D001,,Emergency Department,H002-D001-BED07,2024-08-09 17:45:00.000000,2024-08-09,71.17,2024,8,Friday,17,Evening,Yes
M000910,A00377,P00339,H002,2,Department Change,D001,D006,Emergency Department,Neurology,H002-D006-BED02,2024-08-12 16:55:21.342035,2024-08-12,0.83,2024,8,Monday,16,Evening,No
M000911,A00377,P00339,H002,3,Discharge,D006,D006,Neurology,Neurology,,2024-08-12 17:45:00.000000,2024-08-12,0.0,2024,8,Monday,17,Evening,Yes
M000912,A00378,P00098,H001,1,Admission,,D008,,General Surgery,H001-D008-BED04,2023-12-19 12:15:00.000000,2023-12-19,48.0,2023,12,Tuesday,12,Day,No
M000913,A00378,P00098,H001,2,Discharge,D008,D008,General Surgery,General Surgery,,2023-12-21 12:15:00.000000,2023-12-21,0.0,2023,12,Thursday,12,Day,No
M000914,A00379,P00100,H002,1,Admission,,D001,,Emergency Department,H002-D001-BED04,2024-09-28 07:45:00.000000,2024-09-28,24.0,2024,9,Saturday,7,Day,No
M000915,A00379,P00100,H002,2,Discharge,D001,D001,Emergency Department,Emergency Department,,2024-09-29 07:45:00.000000,2024-09-29,0.0,2024,9,Sunday,7,Day,No
M000916,A00380,P00133,H001,1,Admission,,D001,,Emergency Department,H001-D001-BED09,2020-07-29 03:15:00.000000,2020-07-29,94.33,2020,7,Wednesday,3,Night,No
M000917,A00380,P00133,H001,2,Transfer,D001,D003,Emergency Department,Cardiology,H001-D003-BED02,2020-08-02 01:34:47.045090,2020-08-02,25.67,2020,8,Sunday,1,Night,No
M000918,A00380,P00133,H001,3,Discharge,D003,D003,Cardiology,Cardiology,,2020-08-03 03:15:00.000000,2020-08-03,0.0,2020,8,Monday,3,Night,No
M000919,A00381,P00152,H001,1,Admission,,D001,,Emergency Department,H001-D001-BED03,2025-12-10 05:45:00.000000,2025-12-10,,2025,12,Wednesday,5,Night,No
M000920,A00381,P00152,H001,2,Discharge,D001,D001,Emergency Department,Emergency Department,,2025-12-11 05:45:00.000000,2025-12-11,0.0,2025,12,Thursday,5,Night,No
M000921,A00382,P00198,H002,1,Admission,,D001,,Emergency Department,H002-D001-BED03,2023-03-24 02:15:00.000000,2023-03-24,114.94,2023,3,Friday,2,Night,No
M000922,A00382,P00198,H002,2,Transfer,D001,D008,Emergency Department,General Surgery,H002-D008-BED06,2023-03-28 21:11:22.713799,2023-03-28,149.06,2023,3,Tuesday,21,Evening,No
M000923,A00382,P00198,H002,3,Discharge,D008,D008,General Surgery,General Surgery,,2023-04-04 02:15:00.000000,2023-04-04,0.0,2023,4,Tuesday,2,Night,No
M000924,A00383,P00088,H001,1,Admission,,D001,,Emergency Department,H001-D001-BED08,2025-06-17 08:15:00.000000,2025-06-17,8.16,2025,6,Tuesday,8,Day,Yes
M000925,A00383,P00088,H001,2,Department Change,D001,D003,Emergency Department,Cardiology,H001-D003-BED03,2025-06-17 16:24:18.551050,2025-06-17,74.86,2025,6,Tuesday,16,Evening,No
M000926,A00383,P00088,H001,3,ICU Transfer,D003,D009,Cardiology,ICU,H001-D009-BED04,2025-06-20 19:15:51.905707,2025-06-20,132.99,2025,6,Friday,19,Evening,Yes
M000927,A00383,P00088,H001,4,Discharge,D009,D009,ICU,ICU,,2025-06-26 08:15:00.000000,2025-06-26,0.0,2025,6,Thursday,8,Day,Yes
M000928,A00384,P00097,H002,1,Admission,,D004,,Orthopedics,H002-D004-BED05,2023-07-03 19:30:00.000000,2023-07-03,144.0,2023,7,Monday,19,Evening,Yes
M000929,A00384,P00097,H002,2,Discharge,D004,D004,Orthopedics,Orthopedics,,2023-07-09 19:30:00.000000,2023-07-09,0.0,2023,7,Sunday,19,Evening,Yes
M000930,A00385,P00202,H001,1,Admission,,D009,,ICU,H001-D009-BED04,2023-12-11 05:45:00.000000,2023-12-11,120.0,2023,12,Monday,5,Night,No
M000931,A00385,P00202,H001,2,Discharge,D009,D009,ICU,ICU,,2023-12-16 05:45:00.000000,2023-12-16,0.0,2023,12,Saturday,5,Night,No
M000932,A00386,P00019,H002,1,Admission,,D001,,Emergency Department,H002-D001-BED06,2021-02-28 00:15:00.000000,2021-02-28,85.77,2021,2,Sunday,0,Night,No
M000933,A00386,P00019,H002,2,Transfer,D001,D002,Emergency Department,General Medicine,H002-D002-BED05,2021-03-03 14:01:19.339921,2021-03-03,45.93,2021,3,Wednesday,14,Day,No
M000934,A00386,P00019,H002,3,ICU Transfer,D002,D009,General Medicine,ICU,H002-D009-BED04,2021-03-05 11:57:18.672550,2021-03-05,36.29,2021,3,Friday,11,Day,Yes
M000935,A00386,P00019,H002,4,Discharge,D009,D009,ICU,ICU,,2021-03-07 00:15:00.000000,2021-03-07,0.0,2021,3,Sunday,0,Night,No
M000936,A00387,P00165,H003,1,Admission,,D002,,General Medicine,H003-D002-BED02,2025-09-09 19:15:00.000000,2025-09-09,72.0,2025,9,Tuesday,19,Evening,Yes
M000937,A00387,P00165,H003,2,Discharge,D002,D002,General Medicine,General Medicine,,2025-09-12 19:15:00.000000,2025-09-12,0.0,2025,9,Friday,19,Evening,Yes
M000938,A00388,P00049,H002,1,Admission,,D002,,General Medicine,H002-D002-BED10,2022-11-06 11:15:00.000000,2022-11-06,96.0,2022,11,Sunday,11,Day,Yes
M000939,A00388,P00049,H002,2,Discharge,D002,D002,General Medicine,General Medicine,,2022-11-10 11:15:00.000000,2022-11-10,0.0,2022,11,Thursday,11,Day,Yes
M000940,A00389,P00310,H003,1,Admission,,D001,,Emergency Department,H003-D001-BED06,2022-05-21 05:00:00.000000,2022-05-21,56.14,2022,5,Saturday,5,Night,No
M000941,A00389,P00310,H003,2,Department Change,D001,D002,Emergency Department,General Medicine,H003-D002-BED07,2022-05-23 13:08:11.210231,2022-05-23,15.86,2022,5,Monday,13,Day,No
M000942,A00389,P00310,H003,3,Discharge,D002,D002,General Medicine,General Medicine,,2022-05-24 05:00:00.000000,2022-05-24,0.0,2022,5,Tuesday,5,Night,No
M000943,A00390,P00071,H002,1,Admission,,D002,,General Medicine,H002-D002-BED05,2023-06-23 12:45:00.000000,2023-06-23,7.2,2023,6,Friday,12,Day,No
M000944,A00390,P00071,H002,2,Discharge,D002,D002,General Medicine,General Medicine,,2023-06-23 19:57:00.000000,2023-06-23,0.0,2023,6,Friday,19,Evening,Yes
M000945,A00391,P00118,H001,1,Admission,,D001,,Emergency Department,H001-D001-BED02,2021-09-25 16:00:00.000000,2021-09-25,7.98,2021,9,Saturday,16,Evening,No
M000946,A00391,P00118,H001,2,Discharge,D001,D001,Emergency Department,Emergency Department,,2021-09-25 23:59:00.000000,2021-09-25,0.0,2021,9,Saturday,23,Night,No
M000947,A00392,P00350,H001,1,Admission,,D001,,Emergency Department,H001-D001-BED04,2025-05-29 02:30:00.000000,2025-05-29,25.02,2025,5,Thursday,2,Night,No
M000948,A00392,P00350,H001,2,Department Change,D001,D008,Emergency Department,General Surgery,H001-D008-BED05,2025-05-30 03:31:05.543032,2025-05-30,46.98,2025,5,Friday,3,Night,No
M000949,A00392,P00350,H001,3,Discharge,D008,D008,General Surgery,General Surgery,,2025-06-01 02:30:00.000000,2025-06-01,0.0,2025,6,Sunday,2,Night,No
M000950,A00393,P00324,H002,1,Admission,,D009,,ICU,H002-D009-BED04,2024-02-18 07:15:00.000000,2024-02-18,120.0,2024,2,Sunday,7,Day,No
M000951,A00393,P00324,H002,2,Discharge,D009,D009,ICU,ICU,,2024-02-23 07:15:00.000000,2024-02-23,0.0,2024,2,Friday,7,Day,No
M000952,A00394,P00293,H001,1,Admission,,D001,,Emergency Department,H001-D001-BED09,2022-07-07 12:00:00.000000,2022-07-07,21.0,2022,7,Thursday,12,Day,No
M000953,A00394,P00293,H001,2,Transfer,D001,D004,Emergency Department,Orthopedics,H001-D004-BED01,2022-07-08 09:00:15.027904,2022-07-08,99.0,2022,7,Friday,9,Day,Yes
M000954,A00394,P00293,H001,3,Discharge,D004,D004,Orthopedics,Orthopedics,,2022-07-12 12:00:00.000000,2022-07-12,0.0,2022,7,Tuesday,12,Day,No
M000955,A00395,P00176,H001,1,Admission,,D001,,Emergency Department,H001-D001-BED03,2021-03-19 17:00:00.000000,2021-03-19,19.66,2021,3,Friday,17,Evening,Yes
M000956,A00395,P00176,H001,2,Department Change,D001,D004,Emergency Department,Orthopedics,H001-D004-BED04,2021-03-20 12:39:27.041701,2021-03-20,148.34,2021,3,Saturday,12,Day,No
M000957,A00395,P00176,H001,3,Discharge,D004,D004,Orthopedics,Orthopedics,,2021-03-26 17:00:00.000000,2021-03-26,0.0,2021,3,Friday,17,Evening,Yes
M000958,A00396,P00144,H003,1,Admission,,D001,,Emergency Department,H003-D001-BED06,2023-12-05 17:30:00.000000,2023-12-05,,2023,12,Tuesday,17,Evening,Yes
M000959,A00396,P00144,H003,2,Discharge,D001,D001,Emergency Department,Emergency Department,,2023-12-05 23:59:00.000000,2023-12-05,0.0,2023,12,Tuesday,23,Night,No
M000960,A00397,P00324,H001,1,Admission,,D002,,General Medicine,H001-D002-BED02,2024-10-26 12:45:00.000000,2024-10-26,184.56,2024,10,Saturday,12,Day,No
M000961,A00397,P00324,H001,2,ICU Transfer,D002,D009,General Medicine,ICU,H001-D009-BED03,2024-11-03 05:18:28.206928,2024-11-03,7.44,2024,11,Sunday,5,Night,No
M000962,A00397,P00324,H001,3,Discharge,D009,D009,ICU,ICU,,2024-11-03 12:45:00.000000,2024-11-03,0.0,2024,11,Sunday,12,Day,No
M000963,A00398,P00078,H001,1,Admission,,D005,,Pediatrics,H001-D005-BED05,2024-02-14 14:45:00.000000,2024-02-14,48.0,2024,2,Wednesday,14,Day,No
M000964,A00398,P00078,H001,2,Discharge,D005,D005,Pediatrics,Pediatrics,,2024-02-16 14:45:00.000000,2024-02-16,0.0,2024,2,Friday,14,Day,No
M000965,A00399,P00013,H001,1,Admission,,D001,,Emergency Department,H001-D001-BED04,2021-04-15 15:00:00.000000,2021-04-15,91.25,2021,4,Thursday,15,Evening,No
M000966,A00399,P00013,H001,2,Transfer,D001,D008,Emergency Department,General Surgery,H001-D008-BED02,2021-04-19 10:14:50.275854,2021-04-19,51.92,2021,4,Monday,10,Day,Yes
M000967,A00399,P00013,H001,3,ICU Transfer,D008,D009,General Surgery,ICU,H001-D009-BED01,2021-04-21 14:09:52.260497,2021-04-21,0.84,2021,4,Wednesday,14,Day,No
M000968,A00399,P00013,H001,4,Discharge,D009,D009,ICU,ICU,,2021-04-21 15:00:00.000000,2021-04-21,0.0,2021,4,Wednesday,15,Evening,No
M000969,A00400,P00177,H001,1,Admission,,D001,,Emergency Department,H001-D001-BED08,2023-02-15 10:45:00.000000,2023-02-15,49.58,2023,2,Wednesday,10,Day,Yes
M000970,A00400,P00177,H001,2,Transfer,D001,D006,Emergency Department,Neurology,H001-D006-BED06,2023-02-17 12:20:03.857466,2023-02-17,46.42,2023,2,Friday,12,Day,No
M000971,A00400,P00177,H001,3,Discharge,D006,D006,Neurology,Neurology,,2023-02-19 10:45:00.000000,2023-02-19,0.0,2023,2,Sunday,10,Day,Yes
M000972,A00401,P00077,H003,1,Admission,,D001,,Emergency Department,H003-D001-BED02,2025-12-16 08:15:00.000000,2025-12-16,15.73,2025,12,Tuesday,8,Day,Yes
M000973,A00401,P00077,H003,2,Discharge,D001,D001,Emergency Department,Emergency Department,,2025-12-16 23:59:00.000000,2025-12-16,0.0,2025,12,Tuesday,23,Night,No
M000974,A00402,P00073,H001,1,Admission,,D007,,Oncology,H001-D007-BED04,2022-07-15 02:45:00.000000,2022-07-15,245.89,2022,7,Friday,2,Night,No
M000975,A00402,P00073,H001,2,ICU Transfer,D007,D009,Oncology,ICU,H001-D009-BED01,2022-07-25 08:38:18.986340,2022-07-25,18.11,2022,7,Monday,8,Day,Yes
M000976,A00402,P00073,H001,3,Discharge,D009,D009,ICU,ICU,,2022-07-26 02:45:00.000000,2022-07-26,0.0,2022,7,Tuesday,2,Night,No
M000977,A00403,P00104,H001,1,Admission,,D007,,Oncology,H001-D007-BED01,2024-10-23 15:30:00.000000,2024-10-23,123.92,2024,10,Wednesday,15,Evening,No
M000978,A00403,P00104,H001,2,ICU Transfer,D007,D009,Oncology,ICU,H001-D009-BED04,2024-10-28 19:25:18.932662,2024-10-28,92.08,2024,10,Monday,19,Evening,Yes
M000979,A00403,P00104,H001,3,Discharge,D009,D009,ICU,ICU,,2024-11-01 15:30:00.000000,2024-11-01,0.0,2024,11,Friday,15,Evening,No
M000980,A00404,P00070,H002,1,Admission,,D001,,Emergency Department,H002-D001-BED06,2020-04-17 05:15:00.000000,2020-04-17,70.76,2020,4,Friday,5,Night,No
M000981,A00404,P00070,H002,2,Transfer,D001,D002,Emergency Department,General Medicine,H002-D002-BED03,2020-04-20 04:00:45.992889,2020-04-20,25.24,2020,4,Monday,4,Night,No
M000982,A00404,P00070,H002,3,Discharge,D002,D002,General Medicine,General Medicine,,2020-04-21 05:15:00.000000,2020-04-21,0.0,2020,4,Tuesday,5,Night,No
M000983,A00405,P00328,H002,1,Admission,,D007,,Oncology,H002-D007-BED05,2022-12-31 07:30:00.000000,2022-12-31,120.23,2022,12,Saturday,7,Day,No
M000984,A00405,P00328,H002,2,ICU Transfer,D007,D009,Oncology,ICU,H002-D009-BED02,2023-01-05 07:43:53.144866,2023-01-05,23.77,2023,1,Thursday,7,Day,No
M000985,A00405,P00328,H002,3,Discharge,D009,D009,ICU,ICU,,2023-01-06 07:30:00.000000,2023-01-06,0.0,2023,1,Friday,7,Day,No
M000986,A00406,P00272,H002,1,Admission,,D007,,Oncology,H002-D007-BED03,2020-04-28 19:30:00.000000,2020-04-28,216.0,2020,4,Tuesday,19,Evening,Yes
M000987,A00406,P00272,H002,2,Discharge,D007,D007,Oncology,Oncology,,2020-05-07 19:30:00.000000,2020-05-07,0.0,2020,5,Thursday,19,Evening,Yes
M000988,A00407,P00174,H002,1,Admission,,D001,,Emergency Department,H002-D001-BED06,2022-01-08 03:00:00.000000,2022-01-08,24.0,2022,1,Saturday,3,Night,No
M000989,A00407,P00174,H002,2,Discharge,D001,D001,Emergency Department,Emergency Department,,2022-01-09 03:00:00.000000,2022-01-09,0.0,2022,1,Sunday,3,Night,No
M000990,A00408,P00245,H001,1,Admission,,D001,,Emergency Department,H001-D001-BED02,2023-01-24 19:00:00.000000,2023-01-24,61.06,2023,1,Tuesday,19,Evening,Yes
M000991,A00408,P00245,H001,2,ICU Transfer,D001,D009,Emergency Department,ICU,H001-D009-BED01,2023-01-27 08:03:24.346420,2023-01-27,10.94,2023,1,Friday,8,Day,Yes
M000992,A00408,P00245,H001,3,Discharge,D009,D009,ICU,ICU,,2023-01-27 19:00:00.000000,2023-01-27,0.0,2023,1,Friday,19,Evening,Yes
M000993,A00409,P00340,H001,1,Admission,,D001,,Emergency Department,H001-D001-BED05,2023-06-19 11:30:00.000000,2023-06-19,12.48,2023,6,Monday,11,Day,Yes
M000994,A00409,P00340,H001,2,Discharge,D001,D001,Emergency Department,Emergency Department,,2023-06-19 23:59:00.000000,2023-06-19,0.0,2023,6,Monday,23,Night,No
M000995,A00410,P00153,H002,1,Admission,,D001,,Emergency Department,H002-D001-BED05,2021-02-11 18:30:00.000000,2021-02-11,13.17,2021,2,Thursday,18,Evening,Yes
M000996,A00410,P00153,H002,2,Department Change,D001,D005,Emergency Department,Pediatrics,H002-D005-BED03,2021-02-12 07:40:00.386923,2021-02-12,58.83,2021,2,Friday,7,Day,No
M000997,A00410,P00153,H002,3,Discharge,D005,D005,Pediatrics,Pediatrics,,2021-02-14 18:30:00.000000,2021-02-14,0.0,2021,2,Sunday,18,Evening,Yes
M000998,A00411,P00047,H002,1,Admission,,D003,,Cardiology,H002-D003-BED04,2023-10-23 12:15:00.000000,2023-10-23,72.0,2023,10,Monday,12,Day,No
M000999,A00411,P00047,H002,2,Discharge,D003,D003,Cardiology,Cardiology,,2023-10-26 12:15:00.000000,2023-10-26,0.0,2023,10,Thursday,12,Day,No
M001000,A00412,P00292,H003,1,Admission,,D001,,Emergency Department,H003-D001-BED06,2023-12-08 01:45:00.000000,2023-12-08,9.6,2023,12,Friday,1,Night,No
M001001,A00412,P00292,H003,2,Discharge,D001,D001,Emergency Department,Emergency Department,,2023-12-08 11:21:00.000000,2023-12-08,0.0,2023,12,Friday,11,Day,Yes
M001002,A00413,P00109,H003,1,Admission,,D001,,Emergency Department,H003-D001-BED02,2020-01-26 17:00:00.000000,2020-01-26,2.75,2020,1,Sunday,17,Evening,Yes
M001003,A00413,P00109,H003,2,Transfer,D001,D006,Emergency Department,Neurology,H003-D006-BED01,2020-01-26 19:44:58.043441,2020-01-26,4.23,2020,1,Sunday,19,Evening,Yes
M001004,A00413,P00109,H003,3,Discharge,D006,D006,Neurology,Neurology,,2020-01-26 23:59:00.000000,2020-01-26,0.0,2020,1,Sunday,23,Night,No
M001005,A00414,P00300,H001,1,Admission,,D001,,Emergency Department,H001-D001-BED08,2022-01-13 14:00:00.000000,2022-01-13,30.3,2022,1,Thursday,14,Day,No
M001006,A00414,P00300,H001,2,Transfer,D001,D006,Emergency Department,Neurology,H001-D006-BED06,2022-01-14 20:18:09.077340,2022-01-14,65.7,2022,1,Friday,20,Evening,Yes
M001007,A00414,P00300,H001,3,Discharge,D006,D006,Neurology,Neurology,,2022-01-17 14:00:00.000000,2022-01-17,0.0,2022,1,Monday,14,Day,No
M001008,A00415,P00091,H002,1,Admission,,D009,,ICU,H002-D009-BED02,2021-08-09 00:15:00.000000,2021-08-09,144.0,2021,8,Monday,0,Night,No
M001009,A00415,P00091,H002,2,Discharge,D009,D009,ICU,ICU,,2021-08-15 00:15:00.000000,2021-08-15,0.0,2021,8,Sunday,0,Night,No
M001010,A00416,P00155,H002,1,Admission,,D001,,Emergency Department,H002-D001-BED04,2024-06-29 10:30:00.000000,2024-06-29,4.49,2024,6,Saturday,10,Day,Yes
M001011,A00416,P00155,H002,2,Department Change,D001,D002,Emergency Department,General Medicine,H002-D002-BED03,2024-06-29 14:59:29.970985,2024-06-29,19.51,2024,6,Saturday,14,Day,No
M001012,A00416,P00155,H002,3,Discharge,D002,D002,General Medicine,General Medicine,,2024-06-30 10:30:00.000000,2024-06-30,0.0,2024,6,Sunday,10,Day,Yes
M001013,A00417,P00020,H002,1,Admission,,D001,,Emergency Department,H002-D001-BED07,2020-05-05 07:30:00.000000,2020-05-05,69.01,2020,5,Tuesday,7,Day,No
M001014,A00417,P00020,H002,2,Department Change,D001,D002,Emergency Department,General Medicine,H002-D002-BED06,2020-05-08 04:30:50.150982,2020-05-08,2.99,2020,5,Friday,4,Night,No
M001015,A00417,P00020,H002,3,Discharge,D002,D002,General Medicine,General Medicine,,2020-05-08 07:30:00.000000,2020-05-08,0.0,2020,5,Friday,7,Day,No
M001016,A00418,P00346,H001,1,Admission,,D009,,ICU,H001-D009-BED02,2024-12-24 11:15:00.000000,2024-12-24,144.0,2024,12,Tuesday,11,Day,Yes
M001017,A00418,P00346,H001,2,Discharge,D009,D009,ICU,ICU,,2024-12-30 11:15:00.000000,2024-12-30,0.0,2024,12,Monday,11,Day,Yes
M001018,A00419,P00157,H002,1,Admission,,D001,,Emergency Department,H002-D001-BED04,2021-12-10 13:30:00.000000,2021-12-10,40.27,2021,12,Friday,13,Day,No
M001019,A00419,P00157,H002,2,Transfer,D001,D003,Emergency Department,Cardiology,H002-D003-BED01,2021-12-12 05:45:59.949327,2021-12-12,103.73,2021,12,Sunday,5,Night,No
M001020,A00419,P00157,H002,3,Discharge,D003,D003,Cardiology,Cardiology,,2021-12-16 13:30:00.000000,2021-12-16,0.0,2021,12,Thursday,13,Day,No
M001021,A00420,P00134,H002,1,Admission,,D001,,Emergency Department,H002-D001-BED07,2025-12-16 18:15:00.000000,2025-12-16,5.73,2025,12,Tuesday,18,Evening,Yes
M001022,A00420,P00134,H002,2,Discharge,D001,D001,Emergency Department,Emergency Department,,2025-12-16 23:59:00.000000,2025-12-16,0.0,2025,12,Tuesday,23,Night,No
M001023,A00421,P00021,H003,1,Admission,,D002,,General Medicine,H003-D002-BED01,2021-01-10 03:30:00.000000,2021-01-10,,2021,1,Sunday,3,Night,No
M001024,A00421,P00021,H003,2,Discharge,D002,D002,General Medicine,General Medicine,,2021-01-12 03:30:00.000000,2021-01-12,0.0,2021,1,Tuesday,3,Night,No
M001025,A00422,P00058,H001,1,Admission,,D001,,Emergency Department,H001-D001-BED01,2025-06-03 17:45:00.000000,2025-06-03,18.82,2025,6,Tuesday,17,Evening,Yes
M001026,A00422,P00058,H001,2,Transfer,D001,D002,Emergency Department,General Medicine,H001-D002-BED08,2025-06-04 12:34:19.446806,2025-06-04,77.18,2025,6,Wednesday,12,Day,No
M001027,A00422,P00058,H001,3,Discharge,D002,D002,General Medicine,General Medicine,,2025-06-07 17:45:00.000000,2025-06-07,0.0,2025,6,Saturday,17,Evening,Yes
M001028,A00423,P00185,H002,1,Admission,,D003,,Cardiology,H002-D003-BED04,2021-09-04 15:00:00.000000,2021-09-04,168.0,2021,9,Saturday,15,Evening,No
M001029,A00423,P00185,H002,2,Discharge,D003,D003,Cardiology,Cardiology,,2021-09-11 15:00:00.000000,2021-09-11,0.0,2021,9,Saturday,15,Evening,No
M001030,A00424,P00066,H002,1,Admission,,D009,,ICU,H002-D009-BED04,2022-05-31 04:30:00.000000,2022-05-31,216.0,2022,5,Tuesday,4,Night,No
M001031,A00424,P00066,H002,2,Discharge,D009,D009,ICU,ICU,,2022-06-09 04:30:00.000000,2022-06-09,0.0,2022,6,Thursday,4,Night,No
M001032,A00425,P00370,H002,1,Admission,,D001,,Emergency Department,H002-D001-BED02,2024-03-20 17:00:00.000000,2024-03-20,24.0,2024,3,Wednesday,17,Evening,Yes
M001033,A00425,P00370,H002,2,Discharge,D001,D001,Emergency Department,Emergency Department,,2024-03-21 17:00:00.000000,2024-03-21,0.0,2024,3,Thursday,17,Evening,Yes
M001034,A00426,P00256,H001,1,Admission,,D008,,General Surgery,H001-D008-BED07,2024-09-15 03:15:00.000000,2024-09-15,36.62,2024,9,Sunday,3,Night,No
M001035,A00426,P00256,H001,2,ICU Transfer,D008,D009,General Surgery,ICU,H001-D009-BED01,2024-09-16 15:52:03.771553,2024-09-16,107.38,2024,9,Monday,15,Evening,No
M001036,A00426,P00256,H001,3,Discharge,D009,D009,ICU,ICU,,2024-09-21 03:15:00.000000,2024-09-21,0.0,2024,9,Saturday,3,Night,No
M001037,A00427,P00159,H002,1,Admission,,D001,,Emergency Department,H002-D001-BED07,2025-02-01 20:00:00.000000,2025-02-01,71.48,2025,2,Saturday,20,Evening,Yes
M001038,A00427,P00159,H002,2,Department Change,D001,D002,Emergency Department,General Medicine,H002-D002-BED10,2025-02-04 19:28:51.416992,2025-02-04,24.52,2025,2,Tuesday,19,Evening,Yes
M001039,A00427,P00159,H002,3,Discharge,D002,D002,General Medicine,General Medicine,,2025-02-05 20:00:00.000000,2025-02-05,0.0,2025,2,Wednesday,20,Evening,Yes
M001040,A00428,P00018,H002,1,Admission,,D001,,Emergency Department,H002-D001-BED02,2023-10-28 11:30:00.000000,2023-10-28,12.48,2023,10,Saturday,11,Day,Yes
M001041,A00428,P00018,H002,2,Discharge,D001,D001,Emergency Department,Emergency Department,,2023-10-28 23:59:00.000000,2023-10-28,0.0,2023,10,Saturday,23,Night,No
M001042,A00429,P00239,H003,1,Admission,,D001,,Emergency Department,H003-D001-BED06,2021-10-06 11:00:00.000000,2021-10-06,8.73,2021,10,Wednesday,11,Day,Yes
M001043,A00429,P00239,H003,2,Transfer,D001,D008,Emergency Department,General Surgery,H003-D008-BED05,2021-10-06 19:43:44.757205,2021-10-06,63.27,2021,10,Wednesday,19,Evening,Yes
M001044,A00429,P00239,H003,3,Discharge,D008,D008,General Surgery,General Surgery,,2021-10-09 11:00:00.000000,2021-10-09,0.0,2021,10,Saturday,11,Day,Yes
M001045,A00430,P00067,H002,1,Admission,,D003,,Cardiology,H002-D003-BED03,2024-02-24 18:15:00.000000,2024-02-24,25.57,2024,2,Saturday,18,Evening,Yes
M001046,A00430,P00067,H002,2,ICU Transfer,D003,D009,Cardiology,ICU,H002-D009-BED04,2024-02-25 19:49:04.262751,2024-02-25,46.43,2024,2,Sunday,19,Evening,Yes
M001047,A00430,P00067,H002,3,Discharge,D009,D009,ICU,ICU,,2024-02-27 18:15:00.000000,2024-02-27,0.0,2024,2,Tuesday,18,Evening,Yes
M001048,A00431,P00304,H001,1,Admission,,D001,,Emergency Department,H001-D001-BED06,2023-06-30 16:45:00.000000,2023-06-30,64.02,2023,6,Friday,16,Evening,No
M001049,A00431,P00304,H001,2,Department Change,D001,D003,Emergency Department,Cardiology,H001-D003-BED01,2023-07-03 08:46:11.739840,2023-07-03,103.98,2023,7,Monday,8,Day,Yes
M001050,A00431,P00304,H001,3,Discharge,D003,D003,Cardiology,Cardiology,,2023-07-07 16:45:00.000000,2023-07-07,0.0,2023,7,Friday,16,Evening,No
M001051,A00432,P00033,H003,1,Admission,,D003,,Cardiology,H003-D003-BED03,2023-08-21 14:15:00.000000,2023-08-21,96.0,2023,8,Monday,14,Day,No
M001052,A00432,P00033,H003,2,Discharge,D003,D003,Cardiology,Cardiology,,2023-08-25 14:15:00.000000,2023-08-25,0.0,2023,8,Friday,14,Day,No
M001053,A00433,P00051,H002,1,Admission,,D001,,Emergency Department,H002-D001-BED07,2020-12-13 20:30:00.000000,2020-12-13,109.75,2020,12,Sunday,20,Evening,Yes
M001054,A00433,P00051,H002,2,Transfer,D001,D002,Emergency Department,General Medicine,H002-D002-BED06,2020-12-18 10:15:15.891062,2020-12-18,82.25,2020,12,Friday,10,Day,Yes
M001055,A00433,P00051,H002,3,Discharge,D002,D002,General Medicine,General Medicine,,2020-12-21 20:30:00.000000,2020-12-21,0.0,2020,12,Monday,20,Evening,Yes
M001056,A00434,P00005,H002,1,Admission,,D001,,Emergency Department,H002-D001-BED02,2020-08-03 02:15:00.000000,2020-08-03,27.39,2020,8,Monday,2,Night,No
M001057,A00434,P00005,H002,2,Department Change,D001,D008,Emergency Department,General Surgery,H002-D008-BED03,2020-08-04 05:38:10.149816,2020-08-04,92.61,2020,8,Tuesday,5,Night,No
M001058,A00434,P00005,H002,3,Discharge,D008,D008,General Surgery,General Surgery,,2020-08-08 02:15:00.000000,2020-08-08,0.0,2020,8,Saturday,2,Night,No
M001059,A00435,P00246,H001,1,Admission,,D003,,Cardiology,H001-D003-BED04,2023-11-29 20:30:00.000000,2023-11-29,56.95,2023,11,Wednesday,20,Evening,Yes
M001060,A00435,P00246,H001,2,ICU Transfer,D003,D009,Cardiology,ICU,H001-D009-BED02,2023-12-02 05:26:44.040574,2023-12-02,87.05,2023,12,Saturday,5,Night,No
M001061,A00435,P00246,H001,3,Discharge,D009,D009,ICU,ICU,,2023-12-05 20:30:00.000000,2023-12-05,0.0,2023,12,Tuesday,20,Evening,Yes
M001062,A00436,P00184,H002,1,Admission,,D001,,Emergency Department,H002-D001-BED08,2021-09-29 14:30:00.000000,2021-09-29,26.48,2021,9,Wednesday,14,Day,No
M001063,A00436,P00184,H002,2,Transfer,D001,D003,Emergency Department,Cardiology,H002-D003-BED03,2021-09-30 16:58:46.605615,2021-09-30,117.52,2021,9,Thursday,16,Evening,No
M001064,A00436,P00184,H002,3,Discharge,D003,D003,Cardiology,Cardiology,,2021-10-05 14:30:00.000000,2021-10-05,0.0,2021,10,Tuesday,14,Day,No
M001065,A00437,P00311,H001,1,Admission,,D001,,Emergency Department,H001-D001-BED05,2025-03-23 04:15:00.000000,2025-03-23,67.71,2025,3,Sunday,4,Night,No
M001066,A00437,P00311,H001,2,Transfer,D001,D008,Emergency Department,General Surgery,H001-D008-BED04,2025-03-25 23:57:41.357838,2025-03-25,4.29,2025,3,Tuesday,23,Night,No
M001067,A00437,P00311,H001,3,Discharge,D008,D008,General Surgery,General Surgery,,2025-03-26 04:15:00.000000,2025-03-26,0.0,2025,3,Wednesday,4,Night,No
M001068,A00438,P00242,H001,1,Admission,,D001,,Emergency Department,H001-D001-BED08,2021-10-06 06:15:00.000000,2021-10-06,4.8,2021,10,Wednesday,6,Night,No
M001069,A00438,P00242,H001,2,Discharge,D001,D001,Emergency Department,Emergency Department,,2021-10-06 11:03:00.000000,2021-10-06,0.0,2021,10,Wednesday,11,Day,Yes
M001070,A00439,P00189,H001,1,Admission,,D001,,Emergency Department,H001-D001-BED01,2020-07-22 03:00:00.000000,2020-07-22,112.42,2020,7,Wednesday,3,Night,No
M001071,A00439,P00189,H001,2,ICU Transfer,D001,D009,Emergency Department,ICU,H001-D009-BED01,2020-07-26 19:24:54.861856,2020-07-26,7.58,2020,7,Sunday,19,Evening,Yes
M001072,A00439,P00189,H001,3,Discharge,D009,D009,ICU,ICU,,2020-07-27 03:00:00.000000,2020-07-27,0.0,2020,7,Monday,3,Night,No
M001073,A00440,P00325,H001,1,Admission,,D006,,Neurology,H001-D006-BED01,2021-08-25 15:00:00.000000,2021-08-25,72.0,2021,8,Wednesday,15,Evening,No
M001074,A00440,P00325,H001,2,Discharge,D006,D006,Neurology,Neurology,,2021-08-28 15:00:00.000000,2021-08-28,0.0,2021,8,Saturday,15,Evening,No
M001075,A00441,P00275,H001,1,Admission,,D007,,Oncology,H001-D007-BED03,2021-11-03 12:00:00.000000,2021-11-03,336.0,2021,11,Wednesday,12,Day,No
M001076,A00441,P00275,H001,2,Discharge,D007,D007,Oncology,Oncology,,2021-11-17 12:00:00.000000,2021-11-17,0.0,2021,11,Wednesday,12,Day,No
M001077,A00442,P00354,H003,1,Admission,,D001,,Emergency Department,H003-D001-BED05,2021-09-10 04:00:00.000000,2021-09-10,41.56,2021,9,Friday,4,Night,No
M001078,A00442,P00354,H003,2,Department Change,D001,D008,Emergency Department,General Surgery,H003-D008-BED05,2021-09-11 21:33:45.414882,2021-09-11,126.44,2021,9,Saturday,21,Evening,No
M001079,A00442,P00354,H003,3,Discharge,D008,D008,General Surgery,General Surgery,,2021-09-17 04:00:00.000000,2021-09-17,0.0,2021,9,Friday,4,Night,No
M001080,A00443,P00095,H001,1,Admission,,D003,,Cardiology,H001-D003-BED04,2021-04-30 14:15:00.000000,2021-04-30,144.0,2021,4,Friday,14,Day,No
M001081,A00443,P00095,H001,2,Discharge,D003,D003,Cardiology,Cardiology,,2021-05-06 14:15:00.000000,2021-05-06,0.0,2021,5,Thursday,14,Day,No
M001082,A00444,P00099,H002,1,Admission,,D002,,General Medicine,H002-D002-BED04,2020-01-19 05:00:00.000000,2020-01-19,48.0,2020,1,Sunday,5,Night,No
M001083,A00444,P00099,H002,2,Discharge,D002,D002,General Medicine,General Medicine,,2020-01-21 05:00:00.000000,2020-01-21,0.0,2020,1,Tuesday,5,Night,No
M001084,A00445,P00111,H001,1,Admission,,D001,,Emergency Department,H001-D001-BED06,2021-12-14 11:30:00.000000,2021-12-14,56.06,2021,12,Tuesday,11,Day,Yes
M001085,A00445,P00111,H001,2,Department Change,D001,D002,Emergency Department,General Medicine,H001-D002-BED07,2021-12-16 19:33:47.581921,2021-12-16,63.94,2021,12,Thursday,19,Evening,Yes
M001086,A00445,P00111,H001,3,Discharge,D002,D002,General Medicine,General Medicine,,2021-12-19 11:30:00.000000,2021-12-19,0.0,2021,12,Sunday,11,Day,Yes
M001087,A00446,P00248,H001,1,Admission,,D002,,General Medicine,H001-D002-BED09,2025-01-03 17:45:00.000000,2025-01-03,100.46,2025,1,Friday,17,Evening,Yes
M001088,A00446,P00248,H001,2,ICU Transfer,D002,D009,General Medicine,ICU,H001-D009-BED02,2025-01-07 22:12:27.699389,2025-01-07,43.54,2025,1,Tuesday,22,Evening,No
M001089,A00446,P00248,H001,3,Discharge,D009,D009,ICU,ICU,,2025-01-09 17:45:00.000000,2025-01-09,0.0,2025,1,Thursday,17,Evening,Yes
M001090,A00447,P00142,H002,1,Admission,,D009,,ICU,H002-D009-BED04,2021-07-17 05:45:00.000000,2021-07-17,24.0,2021,7,Saturday,5,Night,No
M001091,A00447,P00142,H002,2,Discharge,D009,D009,ICU,ICU,,2021-07-18 05:45:00.000000,2021-07-18,0.0,2021,7,Sunday,5,Night,No
M001092,A00448,P00371,H003,1,Admission,,D001,,Emergency Department,H003-D001-BED02,2020-03-09 16:30:00.000000,2020-03-09,46.24,2020,3,Monday,16,Evening,No
M001093,A00448,P00371,H003,2,Transfer,D001,D005,Emergency Department,Pediatrics,H003-D005-BED03,2020-03-11 14:44:18.821542,2020-03-11,49.76,2020,3,Wednesday,14,Day,No
M001094,A00448,P00371,H003,3,Discharge,D005,D005,Pediatrics,Pediatrics,,2020-03-13 16:30:00.000000,2020-03-13,0.0,2020,3,Friday,16,Evening,No
M001095,A00449,P00302,H002,1,Admission,,D001,,Emergency Department,H002-D001-BED01,2020-05-09 02:45:00.000000,2020-05-09,43.89,2020,5,Saturday,2,Night,No
M001096,A00449,P00302,H002,2,Department Change,D001,D004,Emergency Department,Orthopedics,H002-D004-BED03,2020-05-10 22:38:38.395082,2020-05-10,76.11,2020,5,Sunday,22,Evening,No
M001097,A00449,P00302,H002,3,Discharge,D004,D004,Orthopedics,Orthopedics,,2020-05-14 02:45:00.000000,2020-05-14,0.0,2020,5,Thursday,2,Night,No
M001098,A00450,P00269,H002,1,Admission,,D008,,General Surgery,H002-D008-BED02,2023-03-02 04:30:00.000000,2023-03-02,156.55,2023,3,Thursday,4,Night,No
M001099,A00450,P00269,H002,2,ICU Transfer,D008,D009,General Surgery,ICU,H002-D009-BED01,2023-03-08 17:03:10.510268,2023-03-08,35.45,2023,3,Wednesday,17,Evening,Yes
M001100,A00450,P00269,H002,3,Discharge,D009,D009,ICU,ICU,,2023-03-10 04:30:00.000000,2023-03-10,0.0,2023,3,Friday,4,Night,No
M001101,A00451,P00306,H003,1,Admission,,D001,,Emergency Department,H003-D001-BED05,2025-09-17 04:30:00.000000,2025-09-17,45.04,2025,9,Wednesday,4,Night,No
M001102,A00451,P00306,H003,2,Transfer,D001,D003,Emergency Department,Cardiology,H003-D003-BED04,2025-09-19 01:32:34.813332,2025-09-19,50.96,2025,9,Friday,1,Night,No
M001103,A00451,P00306,H003,3,Discharge,D003,D003,Cardiology,Cardiology,,2025-09-21 04:30:00.000000,2025-09-21,0.0,2025,9,Sunday,4,Night,No
M001104,A00452,P00145,H001,1,Admission,,D001,,Emergency Department,H001-D001-BED08,2022-01-14 15:45:00.000000,2022-01-14,0.88,2022,1,Friday,15,Evening,No
M001105,A00452,P00145,H001,2,Department Change,D001,D002,Emergency Department,General Medicine,H001-D002-BED03,2022-01-14 16:37:36.226414,2022-01-14,95.12,2022,1,Friday,16,Evening,No
M001106,A00452,P00145,H001,3,Discharge,D002,D002,General Medicine,General Medicine,,2022-01-18 15:45:00.000000,2022-01-18,0.0,2022,1,Tuesday,15,Evening,No
M001107,A00453,P00052,H003,1,Admission,,D002,,General Medicine,H003-D002-BED05,2022-12-31 09:15:00.000000,2022-12-31,14.73,2022,12,Saturday,9,Day,Yes
M001108,A00453,P00052,H003,2,Discharge,D002,D002,General Medicine,General Medicine,,2022-12-31 23:59:00.000000,2022-12-31,0.0,2022,12,Saturday,23,Night,No
M001109,A00454,P00100,H002,1,Admission,,D002,,General Medicine,H002-D002-BED01,2025-11-02 17:30:00.000000,2025-11-02,72.0,2025,11,Sunday,17,Evening,Yes
M001110,A00454,P00100,H002,2,Discharge,D002,D002,General Medicine,General Medicine,,2025-11-05 17:30:00.000000,2025-11-05,0.0,2025,11,Wednesday,17,Evening,Yes
M001111,A00455,P00152,H002,1,Admission,,D001,,Emergency Department,H002-D001-BED01,2025-12-16 13:45:00.000000,2025-12-16,4.8,2025,12,Tuesday,13,Day,No
M001112,A00455,P00152,H002,2,Discharge,D001,D001,Emergency Department,Emergency Department,,2025-12-16 18:33:00.000000,2025-12-16,0.0,2025,12,Tuesday,18,Evening,Yes
M001113,A00456,P00117,H001,1,Admission,,D001,,Emergency Department,H001-D001-BED08,2025-03-09 07:15:00.000000,2025-03-09,59.65,2025,3,Sunday,7,Day,No
M001114,A00456,P00117,H001,2,Transfer,D001,D003,Emergency Department,Cardiology,H001-D003-BED03,2025-03-11 18:53:48.240982,2025-03-11,12.35,2025,3,Tuesday,18,Evening,Yes
M001115,A00456,P00117,H001,3,Discharge,D003,D003,Cardiology,Cardiology,,2025-03-12 07:15:00.000000,2025-03-12,0.0,2025,3,Wednesday,7,Day,No
M001116,A00457,P00185,H001,1,Admission,,D001,,Emergency Department,H001-D001-BED02,2022-01-05 08:00:00.000000,2022-01-05,75.04,2022,1,Wednesday,8,Day,Yes
M001117,A00457,P00185,H001,2,Department Change,D001,D006,Emergency Department,Neurology,H001-D006-BED03,2022-01-08 11:02:19.542159,2022-01-08,44.96,2022,1,Saturday,11,Day,Yes
M001118,A00457,P00185,H001,3,Discharge,D006,D006,Neurology,Neurology,,2022-01-10 08:00:00.000000,2022-01-10,0.0,2022,1,Monday,8,Day,Yes
M001119,A00458,P00092,H002,1,Admission,,D007,,Oncology,H002-D007-BED01,2023-11-16 09:30:00.000000,2023-11-16,11.5,2023,11,Thursday,9,Day,Yes
M001120,A00458,P00092,H002,2,ICU Transfer,D007,D009,Oncology,ICU,H002-D009-BED02,2023-11-16 21:00:06.998598,2023-11-16,156.5,2023,11,Thursday,21,Evening,No
M001121,A00458,P00092,H002,3,Discharge,D009,D009,ICU,ICU,,2023-11-23 09:30:00.000000,2023-11-23,0.0,2023,11,Thursday,9,Day,Yes
M001122,A00459,P00155,H001,1,Admission,,D006,,Neurology,H001-D006-BED02,2024-07-25 04:30:00.000000,2024-07-25,168.0,2024,7,Thursday,4,Night,No
M001123,A00459,P00155,H001,2,Discharge,D006,D006,Neurology,Neurology,,2024-08-01 04:30:00.000000,2024-08-01,0.0,2024,8,Thursday,4,Night,No
M001124,A00460,P00008,H002,1,Admission,,D001,,Emergency Department,H002-D001-BED06,2024-06-30 19:45:00.000000,2024-06-30,67.25,2024,6,Sunday,19,Evening,Yes
M001125,A00460,P00008,H002,2,Department Change,D001,D008,Emergency Department,General Surgery,H002-D008-BED05,2024-07-03 14:59:43.329851,2024-07-03,,2024,7,Wednesday,14,Day,No
M001126,A00460,P00008,H002,3,Discharge,D008,D008,General Surgery,General Surgery,,2024-07-04 19:45:00.000000,2024-07-04,0.0,2024,7,Thursday,19,Evening,Yes
